Invoice,InvoiceDate,StockCode,Description,Quantity,Price,Customer ID,Country
489667,2009-12-01 18:35:00,21133,PAINTED BIRD ASSORTED CHRISTMAS,12,1.69,16563,United Kingdom
489667,2009-12-01 18:35:00,84879,ASSORTED COLOUR BIRD ORNAMENT,24,1.69,16563,United Kingdom
489667,2009-12-01 18:35:00,16156S,WRAP PINK FAIRY CAKES ,25,0.42,16563,United Kingdom
489667,2009-12-01 18:35:00,20765,CHRYSANTHEMUM SKETCHBOOK ,32,2.95,16563,United Kingdom
489667,2009-12-01 18:35:00,82001S,VINYL RECORD FRAME SILVER,24,3.39,16563,United Kingdom
489667,2009-12-01 18:35:00,21137,BLACK RECORD COVER FRAME,24,3.39,16563,United Kingdom
489667,2009-12-01 18:35:00,22246,"GARLAND, MAGIC GARDEN 1.8M",12,1.95,16563,United Kingdom
489667,2009-12-01 18:35:00,22187,GREEN CHRISTMAS TREE CARD HOLDER,24,3.75,16563,United Kingdom
489667,2009-12-01 18:35:00,85123A,WHITE HANGING HEART T-LIGHT HOLDER,32,2.55,16563,United Kingdom
489667,2009-12-01 18:35:00,84946,ANTIQUE SILVER TEA GLASS ETCHED,12,1.25,16563,United Kingdom
490023,2009-12-03 12:38:00,21769,VINTAGE POST OFFICE CABINET,1,79.95,16168,United Kingdom
490023,2009-12-03 12:38:00,22163,HEART STRING MEMO HOLDER HANGING,6,2.95,16168,United Kingdom
490023,2009-12-03 12:38:00,21671,RED SPOT CERAMIC DRAWER KNOB,12,1.25,16168,United Kingdom
490023,2009-12-03 12:38:00,84347,ROTATING SILVER ANGELS T-LIGHT HLDR,30,2.55,16168,United Kingdom
490118,2009-12-03 17:46:00,20861,GOLD COSMETIC BAG PINK STAR,5,2.1,17851,United Kingdom
490118,2009-12-03 17:46:00,22125,UNION JACK HOT WATER BOTTLE ,2,5.95,17851,United Kingdom
490118,2009-12-03 17:46:00,21837,CROSS STITCH ALPHABET CUSHION COVER,4,5.95,17851,United Kingdom
490118,2009-12-03 17:46:00,46000M,POLYESTER FILLER PAD 45x45cm,4,1.55,17851,United Kingdom
490118,2009-12-03 17:46:00,22114,HOT WATER BOTTLE TEA AND SYMPATHY,2,3.95,17851,United Kingdom
490118,2009-12-03 17:46:00,22112,CHOCOLATE HOT WATER BOTTLE,3,4.95,17851,United Kingdom
490118,2009-12-03 17:46:00,21479,WHITE SKULL HOT WATER BOTTLE ,2,3.75,17851,United Kingdom
490118,2009-12-03 17:46:00,21989,PACK OF 20 SKULL PAPER NAPKINS,3,0.85,17851,United Kingdom
490118,2009-12-03 17:46:00,21080,SET/20 RED SPOTTY PAPER NAPKINS ,2,0.85,17851,United Kingdom
490118,2009-12-03 17:46:00,22122,SET OF 2 FANCY FONT TEA TOWELS,3,2.95,17851,United Kingdom
490118,2009-12-03 17:46:00,22149,FELTCRAFT 6 FLOWER FRIENDS,4,2.1,17851,United Kingdom
490118,2009-12-03 17:46:00,22296,HEART IVORY TRELLIS LARGE,3,1.65,17851,United Kingdom
490118,2009-12-03 17:46:00,22319,HAIRCLIPS FORTIES FABRIC ASSORTED,12,0.65,17851,United Kingdom
490118,2009-12-03 17:46:00,22113,GREY HEART HOT WATER BOTTLE,2,3.45,17851,United Kingdom
490118,2009-12-03 17:46:00,84680,CLASSICAL ROSE URN,2,7.95,17851,United Kingdom
490118,2009-12-03 17:46:00,22142,CHRISTMAS CRAFT WHITE FAIRY ,3,1.45,17851,United Kingdom
490118,2009-12-03 17:46:00,85167A,WHITE GRAND BAROQUE PHOTO FRAME,2,4.25,17851,United Kingdom
490118,2009-12-03 17:46:00,51012L,"FEATHER DUSTER, LIGHT PINK",2,1.25,17851,United Kingdom
490118,2009-12-03 17:46:00,20783,HEART EAR MUFF HEADPHONES,3,5.49,17851,United Kingdom
490118,2009-12-03 17:46:00,84406B,CREAM CUPID HEARTS COAT HANGER,2,3.25,17851,United Kingdom
490118,2009-12-03 17:46:00,22173,METAL 4 HOOK HANGER FRENCH CHATEAU,2,2.95,17851,United Kingdom
490118,2009-12-03 17:46:00,21656,RIDGED GLASS POSY VASE ,3,1.45,17851,United Kingdom
490118,2009-12-03 17:46:00,21491,SET OF THREE VINTAGE GIFT WRAPS,2,1.95,17851,United Kingdom
490118,2009-12-03 17:46:00,21790,VINTAGE SNAP CARDS,6,0.85,17851,United Kingdom
490118,2009-12-03 17:46:00,21791,VINTAGE HEADS AND TAILS CARD GAME ,4,1.25,17851,United Kingdom
490118,2009-12-03 17:46:00,10138,ASSORTED COLOUR JUMBO PEN,11,0.42,17851,United Kingdom
490118,2009-12-03 17:46:00,20975,12 PENCILS SMALL TUBE RED SPOTTY,3,0.65,17851,United Kingdom
490118,2009-12-03 17:46:00,21541,DINOSAURS WATER TRANSFER TATTOOS ,4,0.85,17851,United Kingdom
490118,2009-12-03 17:46:00,21542,WOODLAND WATER TRANSFER TATTOOS ,4,0.85,17851,United Kingdom
490118,2009-12-03 17:46:00,21544,SKULLS  WATER TRANSFER TATTOOS ,4,0.85,17851,United Kingdom
490118,2009-12-03 17:46:00,21543,BUTTERFLY WATER TRANSFER TATTOOS ,5,0.85,17851,United Kingdom
490118,2009-12-03 17:46:00,21490,SET OF THREE 50'S GIFT WRAPS ,2,1.95,17851,United Kingdom
490118,2009-12-03 17:46:00,20974,12 PENCILS SMALL TUBE SKULL,3,0.65,17851,United Kingdom
490118,2009-12-03 17:46:00,22335,HEART DECORATION PAINTED ZINC ,5,0.65,17851,United Kingdom
490118,2009-12-03 17:46:00,21818,GLITTER CHRISTMAS HEART ,2,0.85,17851,United Kingdom
490118,2009-12-03 17:46:00,22296,HEART IVORY TRELLIS LARGE,1,1.65,17851,United Kingdom
490118,2009-12-03 17:46:00,21224,SET/4 SKULL BADGES,4,1.25,17851,United Kingdom
490118,2009-12-03 17:46:00,21821,GLITTER STAR GARLAND WITH BELLS ,2,3.75,17851,United Kingdom
490118,2009-12-03 17:46:00,20972,PINK CREAM FELT CRAFT TRINKET BOX ,3,1.25,17851,United Kingdom
490118,2009-12-03 17:46:00,82494L,WOODEN FRAME ANTIQUE WHITE ,2,2.95,17851,United Kingdom
490118,2009-12-03 17:46:00,82482,WOODEN PICTURE FRAME WHITE FINISH,2,2.55,17851,United Kingdom
490118,2009-12-03 17:46:00,21333,CLASSIC WHITE FRAME,1,2.95,17851,United Kingdom
490118,2009-12-03 17:46:00,84507B,STRIPES DESIGN MONKEY DOLL,1,2.55,17851,United Kingdom
490118,2009-12-03 17:46:00,79160,HEART SHAPE WIRELESS DOORBELL,1,2.1,17851,United Kingdom
490118,2009-12-03 17:46:00,84946,ANTIQUE SILVER TEA GLASS ETCHED,3,1.25,17851,United Kingdom
490118,2009-12-03 17:46:00,21353,SILVER SLEIGHBELL  WREATH,5,7.95,17851,United Kingdom
490118,2009-12-03 17:46:00,22158,3 HEARTS HANGING DECORATION RUSTIC,1,2.95,17851,United Kingdom
490137,2009-12-03 19:22:00,22086,PAPER CHAIN KIT 50'S CHRISTMAS ,12,2.95,14713,United Kingdom
490137,2009-12-03 19:22:00,20724,RED SPOTTY CHARLOTTE BAG,6,0.85,14713,United Kingdom
490137,2009-12-03 19:22:00,20725,LUNCH BAG RED SPOTTY,6,1.65,14713,United Kingdom
490137,2009-12-03 19:22:00,20728,LUNCH BAG CARS BLUE,6,1.65,14713,United Kingdom
490137,2009-12-03 19:22:00,21745,GAOLERS KEYS DECORATIVE GARDEN ,2,3.75,14713,United Kingdom
490137,2009-12-03 19:22:00,22356,"CHARLOTTE BAG , PINK/WHITE SPOTS",12,0.85,14713,United Kingdom
490137,2009-12-03 19:22:00,21876,POTTERING MUG,3,1.25,14713,United Kingdom
490137,2009-12-03 19:22:00,21870,I CAN ONLY PLEASE ONE PERSON MUG,3,1.25,14713,United Kingdom
490137,2009-12-03 19:22:00,20726,LUNCH BAG WOODLAND,3,1.65,14713,United Kingdom
490137,2009-12-03 19:22:00,84347,ROTATING SILVER ANGELS T-LIGHT HLDR,2,2.55,14713,United Kingdom
490137,2009-12-03 19:22:00,21481,FAWN BLUE HOT WATER BOTTLE,2,2.95,14713,United Kingdom
490137,2009-12-03 19:22:00,21175,GIN + TONIC DIET METAL SIGN,2,2.1,14713,United Kingdom
490137,2009-12-03 19:22:00,21166,COOK WITH WINE METAL SIGN ,4,1.95,14713,United Kingdom
490137,2009-12-03 19:22:00,21174,POTTERING IN THE SHED METAL SIGN,2,1.95,14713,United Kingdom
490137,2009-12-03 19:22:00,21181,PLEASE ONE PERSON  METAL SIGN,3,2.1,14713,United Kingdom
490137,2009-12-03 19:22:00,21504,SKULLS GREETING CARD,12,0.42,14713,United Kingdom
490137,2009-12-03 19:22:00,84032A,CHARLIE+LOLA PINK HOT WATER BOTTLE,2,2.95,14713,United Kingdom
490137,2009-12-03 19:22:00,85226A,WHITE/BLUE PULL BACK RACING CAR,6,0.55,14713,United Kingdom
490137,2009-12-03 19:22:00,21826,EIGHT PIECE DINOSAUR SET,12,1.25,14713,United Kingdom
490137,2009-12-03 19:22:00,21931,JUMBO STORAGE BAG SUKI,2,1.95,14713,United Kingdom
490137,2009-12-03 19:22:00,20713,JUMBO BAG OWLS,2,1.95,14713,United Kingdom
490154,2009-12-04 10:18:00,20676,RED SPOTTY BOWL,2,1.25,16335,United Kingdom
490154,2009-12-04 10:18:00,85112,S/3 TEAR DROP CUT GLASS DECORATION,3,1.25,16335,United Kingdom
490154,2009-12-04 10:18:00,21243,PINK  SPOTTY PLATE ,1,1.69,16335,United Kingdom
490154,2009-12-04 10:18:00,20725,LUNCH BAG RED SPOTTY,2,1.65,16335,United Kingdom
490154,2009-12-04 10:18:00,21231,SWEETHEART CERAMIC TRINKET BOX,2,1.25,16335,United Kingdom
490154,2009-12-04 10:18:00,21166,COOK WITH WINE METAL SIGN ,2,1.95,16335,United Kingdom
490154,2009-12-04 10:18:00,85152,HAND OVER THE CHOCOLATE   SIGN ,1,2.1,16335,United Kingdom
490154,2009-12-04 10:18:00,21232,STRAWBERRY CERAMIC TRINKET BOX,2,1.25,16335,United Kingdom
490154,2009-12-04 10:18:00,21232,STRAWBERRY CERAMIC TRINKET BOX,1,1.25,16335,United Kingdom
490154,2009-12-04 10:18:00,20727,LUNCH BAG  BLACK SKULL.,1,1.65,16335,United Kingdom
490154,2009-12-04 10:18:00,21231,SWEETHEART CERAMIC TRINKET BOX,1,1.25,16335,United Kingdom
490154,2009-12-04 10:18:00,47591C,BLUE FAIRY CAKE CHILD'S APRON,3,1.95,16335,United Kingdom
490154,2009-12-04 10:18:00,72487,ROSES WHITE ROUND CANDLE,4,1.49,16335,United Kingdom
490154,2009-12-04 10:18:00,72484,ROSES IN WHITE HEART CANDLE ,4,1.25,16335,United Kingdom
490154,2009-12-04 10:18:00,47591D,PINK FAIRY CAKE CHILD'S APRON,6,1.95,16335,United Kingdom
490154,2009-12-04 10:18:00,21754,HOME BUILDING BLOCK WORD,4,5.95,16335,United Kingdom
490154,2009-12-04 10:18:00,21955,UNION JACK GUNS & ROSES  DOORMAT,1,6.75,16335,United Kingdom
490154,2009-12-04 10:18:00,20685,RED SPOTTY COIR DOORMAT,1,6.75,16335,United Kingdom
490154,2009-12-04 10:18:00,48184,DOOR MAT ENGLISH ROSE ,1,6.75,16335,United Kingdom
490154,2009-12-04 10:18:00,22275,WEEKEND BAG VINTAGE ROSE PAISLEY,2,8.5,16335,United Kingdom
490154,2009-12-04 10:18:00,21874,GIN AND TONIC MUG,6,1.25,16335,United Kingdom
490154,2009-12-04 10:18:00,21034,REX CASH+CARRY JUMBO SHOPPER,2,0.95,16335,United Kingdom
490154,2009-12-04 10:18:00,22131,FOOD CONTAINER SET 3 LOVE HEART ,4,1.95,16335,United Kingdom
490154,2009-12-04 10:18:00,22111,SCOTTIE DOG HOT WATER BOTTLE,1,4.95,16335,United Kingdom
490154,2009-12-04 10:18:00,21485,RED SPOT HEART HOT WATER BOTTLE,1,4.95,16335,United Kingdom
490154,2009-12-04 10:18:00,85014A,BLACK/BLUE DOTS RUFFLED UMBRELLA,1,5.95,16335,United Kingdom
490154,2009-12-04 10:18:00,21257,VICTORIAN SEWING BOX MEDIUM,1,7.95,16335,United Kingdom
490154,2009-12-04 10:18:00,72741,GRAND CHOCOLATECANDLE,9,1.45,16335,United Kingdom
490154,2009-12-04 10:18:00,21756,BATH BUILDING BLOCK WORD,1,5.95,16335,United Kingdom
490154,2009-12-04 10:18:00,72756,FAIRY CAKE CANDLES,9,1.49,16335,United Kingdom
490154,2009-12-04 10:18:00,85048,15CM CHRISTMAS GLASS BALL 20 LIGHTS,1,7.95,16335,United Kingdom
490154,2009-12-04 10:18:00,82486,WOOD S/3 CABINET ANT WHITE FINISH,1,7.95,16335,United Kingdom
490154,2009-12-04 10:18:00,21259,VICTORIAN SEWING BOX SMALL ,2,5.95,16335,United Kingdom
490154,2009-12-04 10:18:00,21243,PINK  SPOTTY PLATE ,1,1.69,16335,United Kingdom
490154,2009-12-04 10:18:00,21242,RED SPOTTY PLATE ,2,1.69,16335,United Kingdom
490154,2009-12-04 10:18:00,84997B,RED 3 PIECE MINI DOTS CUTLERY SET,3,3.75,16335,United Kingdom
490154,2009-12-04 10:18:00,84997C,BLUE 3 PIECE MINI DOTS CUTLERY SET,1,3.75,16335,United Kingdom
490154,2009-12-04 10:18:00,21559,STRAWBERRY LUNCHBOX WITH CUTLERY,1,2.55,16335,United Kingdom
490154,2009-12-04 10:18:00,84997D,PINK 3 PIECE MINI DOTS CUTLERY SET,4,3.75,16335,United Kingdom
490154,2009-12-04 10:18:00,85123A,WHITE HANGING HEART T-LIGHT HOLDER,3,2.95,16335,United Kingdom
490154,2009-12-04 10:18:00,21558,SKULL LUNCHBOX WITH CUTLERY ,1,2.55,16335,United Kingdom
490154,2009-12-04 10:18:00,22353,LUNCHBOX WITH CUTLERY FAIRY CAKES ,1,2.55,16335,United Kingdom
490154,2009-12-04 10:18:00,22352,LUNCHBOX WITH CUTLERY RETROSPOT ,2,2.55,16335,United Kingdom
490154,2009-12-04 10:18:00,85049H,URBAN BLACK RIBBONS ,1,1.25,16335,United Kingdom
490154,2009-12-04 10:18:00,22077,6 RIBBONS RUSTIC CHARM,1,1.65,16335,United Kingdom
490154,2009-12-04 10:18:00,85049A,TRADITIONAL CHRISTMAS RIBBONS,2,1.25,16335,United Kingdom
490154,2009-12-04 10:18:00,85049C,ROMANTIC PINKS RIBBONS ,1,1.25,16335,United Kingdom
490154,2009-12-04 10:18:00,85049E,SCANDINAVIAN REDS RIBBONS,2,1.25,16335,United Kingdom
490154,2009-12-04 10:18:00,84997A,GREEN 3 PIECE MINI DOTS CUTLERY SET,2,3.75,16335,United Kingdom
490728,2009-12-07 16:40:00,85227,SET/6 3D KIT CARDS FOR KIDS,2,0.85,16702,United Kingdom
490728,2009-12-07 16:40:00,20931,BLUE POT PLANT CANDLE ,1,3.75,16702,United Kingdom
490728,2009-12-07 16:40:00,85226C,BLUE PULL BACK RACING CAR,1,0.55,16702,United Kingdom
490728,2009-12-07 16:40:00,85226A,WHITE/BLUE PULL BACK RACING CAR,1,0.55,16702,United Kingdom
490728,2009-12-07 16:40:00,10002,INFLATABLE POLITICAL GLOBE ,2,0.85,16702,United Kingdom
490728,2009-12-07 16:40:00,21481,FAWN BLUE HOT WATER BOTTLE,1,2.95,16702,United Kingdom
490728,2009-12-07 16:40:00,21187,WHITE BELL HONEYCOMB PAPER GARLAND ,2,1.65,16702,United Kingdom
490728,2009-12-07 16:40:00,22179,SET 10 LIGHTS NIGHT OWL,1,6.75,16702,United Kingdom
490728,2009-12-07 16:40:00,21830,ASSORTED CREEPY CRAWLIES,24,0.42,16702,United Kingdom
490728,2009-12-07 16:40:00,22111,SCOTTIE DOG HOT WATER BOTTLE,1,4.95,16702,United Kingdom
490728,2009-12-07 16:40:00,21261,GREEN GOOSE FEATHER CHRISTMAS TREE ,1,16.95,16702,United Kingdom
490728,2009-12-07 16:40:00,22042,CHRISTMAS CARD SINGING ANGEL,12,0.42,16702,United Kingdom
490728,2009-12-07 16:40:00,21554,CERAMIC BIRDHOUSE RED ROOF LARGE,1,5.95,16702,United Kingdom
490728,2009-12-07 16:40:00,84944,SET OF 6 KASHMIR FOLKART BAUBLES,1,4.25,16702,United Kingdom
490728,2009-12-07 16:40:00,22349,"DOG BOWL , CHASING BALL DESIGN",6,3.75,16702,United Kingdom
490728,2009-12-07 16:40:00,21829,DINOSAUR KEYRINGS ASSORTED,36,0.21,16702,United Kingdom
490728,2009-12-07 16:40:00,21221,SET/4 BADGES CUTE CREATURES,10,1.25,16702,United Kingdom
490728,2009-12-07 16:40:00,21219,SET/4 BADGES BALLOON GIRL,10,1.25,16702,United Kingdom
490728,2009-12-07 16:40:00,21224,SET/4 SKULL BADGES,10,1.25,16702,United Kingdom
490728,2009-12-07 16:40:00,37501,TEA TIME TEA SET IN GIFT BOX,2,6.95,16702,United Kingdom
490728,2009-12-07 16:40:00,21975,PACK OF 60 DINOSAUR CAKE CASES,24,0.55,16702,United Kingdom
490728,2009-12-07 16:40:00,85232D,SET/3 DECOUPAGE STACKING TINS,1,4.95,16702,United Kingdom
490728,2009-12-07 16:40:00,85184C,S/4 VALENTINE DECOUPAGE HEART BOX,2,2.95,16702,United Kingdom
490728,2009-12-07 16:40:00,84569B,PACK 3 FIRE ENGINE/CAR PATCHES,12,1.25,16702,United Kingdom
490728,2009-12-07 16:40:00,84569C,PACK 4 FLOWER/BUTTERFLY PATCHES,12,1.25,16702,United Kingdom
490728,2009-12-07 16:40:00,21220,SET/4 BADGES DOGS,10,1.25,16702,United Kingdom
490728,2009-12-07 16:40:00,84670,JAPANESE CROCHETED ANIMAL,12,0.42,16702,United Kingdom
490958,2009-12-08 15:12:00,82001S,VINYL RECORD FRAME SILVER,24,3.39,13576,United Kingdom
490958,2009-12-08 15:12:00,21137,BLACK RECORD COVER FRAME,48,3.39,13576,United Kingdom
490958,2009-12-08 15:12:00,22109,FULL ENGLISH BREAKFAST PLATE,4,3.75,13576,United Kingdom
490958,2009-12-08 15:12:00,72741,GRAND CHOCOLATECANDLE,18,1.45,13576,United Kingdom
490958,2009-12-08 15:12:00,72756,FAIRY CAKE CANDLES,18,1.49,13576,United Kingdom
490958,2009-12-08 15:12:00,21314,SMALL GLASS HEART TRINKET POT,8,2.1,13576,United Kingdom
491138,2009-12-09 16:26:00,21494,ROTATING LEAVES T-LIGHT HOLDER,60,0.85,16168,United Kingdom
491138,2009-12-09 16:26:00,21735,TWO DOOR CURIO CABINET,2,12.75,16168,United Kingdom
491138,2009-12-09 16:26:00,21174,POTTERING IN THE SHED METAL SIGN,12,1.95,16168,United Kingdom
491138,2009-12-09 16:26:00,21769,VINTAGE POST OFFICE CABINET,1,79.95,16168,United Kingdom
491508,2009-12-11 12:24:00,85123A,WHITE HANGING HEART T-LIGHT HOLDER,32,2.55,16191,United Kingdom
491508,2009-12-11 12:24:00,71477,COLOUR GLASS. STAR T-LIGHT HOLDER,48,2.75,16191,United Kingdom
491508,2009-12-11 12:24:00,21670,BLUE SPOT CERAMIC DRAWER KNOB,18,1.25,16191,United Kingdom
491508,2009-12-11 12:24:00,21668,RED STRIPE CERAMIC DRAWER KNOB,18,1.25,16191,United Kingdom
491508,2009-12-11 12:24:00,21669,BLUE STRIPE CERAMIC DRAWER KNOB,18,1.25,16191,United Kingdom
491508,2009-12-11 12:24:00,21671,RED SPOT CERAMIC DRAWER KNOB,18,1.25,16191,United Kingdom
491508,2009-12-11 12:24:00,21672,WHITE SPOT RED CERAMIC DRAWER KNOB,18,1.25,16191,United Kingdom
491508,2009-12-11 12:24:00,21673,WHITE SPOT BLUE CERAMIC DRAWER KNOB,18,1.25,16191,United Kingdom
491584,2009-12-11 12:55:00,21252,SET OF MEADOW  FLOWER STICKERS,1,2.95,12854,United Kingdom
491584,2009-12-11 12:55:00,22273,FELTCRAFT DOLL MOLLY,1,2.95,12854,United Kingdom
491584,2009-12-11 12:55:00,22084,PAPER CHAIN KIT EMPIRE,6,2.95,12854,United Kingdom
491584,2009-12-11 12:55:00,22115,METAL SIGN EMPIRE TEA,4,2.95,12854,United Kingdom
491584,2009-12-11 12:55:00,21175,GIN + TONIC DIET METAL SIGN,4,2.1,12854,United Kingdom
491584,2009-12-11 12:55:00,21908,CHOCOLATE THIS WAY METAL SIGN,6,2.1,12854,United Kingdom
491584,2009-12-11 12:55:00,85049A,TRADITIONAL CHRISTMAS RIBBONS,12,1.25,12854,United Kingdom
491584,2009-12-11 12:55:00,22078,RIBBON REEL LACE DESIGN ,5,2.1,12854,United Kingdom
491584,2009-12-11 12:55:00,20972,PINK CREAM FELT CRAFT TRINKET BOX ,4,1.25,12854,United Kingdom
491584,2009-12-11 12:55:00,20971,PINK BLUE FELT CRAFT TRINKET BOX,4,1.25,12854,United Kingdom
491584,2009-12-11 12:55:00,21681,GIANT MEDINA STAMPED METAL BOWL ,1,9.95,12854,United Kingdom
491584,2009-12-11 12:55:00,21682,LARGE MEDINA STAMPED METAL BOWL ,2,4.95,12854,United Kingdom
491584,2009-12-11 12:55:00,21621,VINTAGE UNION JACK BUNTING,2,8.5,12854,United Kingdom
491584,2009-12-11 12:55:00,22147,FELTCRAFT BUTTERFLY HEARTS,2,1.45,12854,United Kingdom
491584,2009-12-11 12:55:00,22149,FELTCRAFT 6 FLOWER FRIENDS,4,2.1,12854,United Kingdom
491584,2009-12-11 12:55:00,22147,FELTCRAFT BUTTERFLY HEARTS,2,1.45,12854,United Kingdom
491584,2009-12-11 12:55:00,21622,VINTAGE UNION JACK CUSHION COVER,2,4.95,12854,United Kingdom
491584,2009-12-11 12:55:00,20782,CAMOUFLAGE EAR MUFF HEADPHONES,1,5.49,12854,United Kingdom
491584,2009-12-11 12:55:00,21064,BOOM BOX SPEAKER BOYS,1,5.95,12854,United Kingdom
491584,2009-12-11 12:55:00,22075,6 RIBBONS ELEGANT CHRISTMAS ,12,1.65,12854,United Kingdom
491584,2009-12-11 12:55:00,85104,SILVER GLASS T-LIGHT SET,4,2.95,12854,United Kingdom
491584,2009-12-11 12:55:00,21911,GARDEN METAL SIGN ,5,1.65,12854,United Kingdom
491584,2009-12-11 12:55:00,85107,CUT GLASS T-LIGHT HOLDER OCTAGON,12,2.55,12854,United Kingdom
491584,2009-12-11 12:55:00,22164,STRING OF STARS CARD HOLDER,24,2.95,12854,United Kingdom
491584,2009-12-11 12:55:00,85103, SILVER T-LIGHT SETTING,2,6.75,12854,United Kingdom
491584,2009-12-11 12:55:00,47590A,BLUE HAPPY BIRTHDAY BUNTING,4,5.45,12854,United Kingdom
491584,2009-12-11 12:55:00,47566B,TEA TIME PARTY BUNTING,6,4.65,12854,United Kingdom
491584,2009-12-11 12:55:00,21034,REX CASH+CARRY JUMBO SHOPPER,2,0.95,12854,United Kingdom
491584,2009-12-11 12:55:00,22218,CAKE STAND LACE WHITE,2,4.25,12854,United Kingdom
491584,2009-12-11 12:55:00,21499,BLUE SPOTS  WRAP,25,0.42,12854,United Kingdom
491584,2009-12-11 12:55:00,21500,PINK SPOTS  WRAP ,25,0.42,12854,United Kingdom
491584,2009-12-11 12:55:00,16169D,WRAP WINTER FOREST,25,0.42,12854,United Kingdom
491584,2009-12-11 12:55:00,16169C,WRAP BLUE REINDEER,25,0.42,12854,United Kingdom
491584,2009-12-11 12:55:00,21902,"KEY FOB , FRONT  DOOR ",6,0.65,12854,United Kingdom
491584,2009-12-11 12:55:00,16169F,WRAP BLIZZARD,25,0.42,12854,United Kingdom
491584,2009-12-11 12:55:00,21899,"KEY FOB , GARAGE DESIGN",6,0.65,12854,United Kingdom
491584,2009-12-11 12:55:00,21900,"KEY FOB , SHED",6,0.65,12854,United Kingdom
491584,2009-12-11 12:55:00,21407,BROWN CHECK CAT DOORSTOP ,2,4.25,12854,United Kingdom
491584,2009-12-11 12:55:00,21624,VINTAGE UNION JACK DOORSTOP,4,5.95,12854,United Kingdom
491584,2009-12-11 12:55:00,22173,METAL 4 HOOK HANGER FRENCH CHATEAU,2,2.95,12854,United Kingdom
491584,2009-12-11 12:55:00,21115,ROSE CARAVAN DOORSTOP,2,6.75,12854,United Kingdom
491584,2009-12-11 12:55:00,22245,"HOOK, 1 HANGER ,MAGIC GARDEN",6,0.85,12854,United Kingdom
491584,2009-12-11 12:55:00,22244,"HOOK, 3 HANGER ,MAGIC GARDEN",4,1.95,12854,United Kingdom
491584,2009-12-11 12:55:00,21364,PEACE SMALL WOOD LETTERS,2,6.75,12854,United Kingdom
491584,2009-12-11 12:55:00,21901,"KEY FOB , BACK DOOR ",6,0.65,12854,United Kingdom
491630,2009-12-11 14:39:00,84559A,3D SHEET OF DOG STICKERS,5,0.85,17851,United Kingdom
491630,2009-12-11 14:39:00,21839,MUMMY MOUSE RED GINGHAM RIBBON,2,5.45,17851,United Kingdom
491630,2009-12-11 14:39:00,21841,BABY MOUSE RED GINGHAM DRESS,2,4.25,17851,United Kingdom
491630,2009-12-11 14:39:00,84526,GIANT BLACK SUNGLASSES,2,1.95,17851,United Kingdom
491630,2009-12-11 14:39:00,84559B,3D SHEET OF CAT STICKERS,5,0.85,17851,United Kingdom
491630,2009-12-11 14:39:00,84712B,PINK JEWELLED PHOTO FRAME,2,7.95,17851,United Kingdom
491630,2009-12-11 14:39:00,22155,STAR DECORATION RUSTIC,4,0.42,17851,United Kingdom
491630,2009-12-11 14:39:00,22166,"WALL MIRROR , RECT DIAMANTE, PINK/",2,7.95,17851,United Kingdom
491630,2009-12-11 14:39:00,20972,PINK CREAM FELT CRAFT TRINKET BOX ,3,1.25,17851,United Kingdom
491630,2009-12-11 14:39:00,20971,PINK BLUE FELT CRAFT TRINKET BOX,3,1.25,17851,United Kingdom
491630,2009-12-11 14:39:00,21819,GLITTER CHRISTMAS STAR ,5,0.85,17851,United Kingdom
491630,2009-12-11 14:39:00,21360,JOY LARGE WOOD LETTERS,1,9.95,17851,United Kingdom
491630,2009-12-11 14:39:00,22122,SET OF 2 FANCY FONT TEA TOWELS,4,2.95,17851,United Kingdom
491630,2009-12-11 14:39:00,21818,GLITTER CHRISTMAS HEART ,5,0.85,17851,United Kingdom
491630,2009-12-11 14:39:00,21330,WOODLAND ANIMAL  WRITING SET ,4,1.65,17851,United Kingdom
491630,2009-12-11 14:39:00,22138,BAKING SET 9 PIECE RETROSPOT ,3,4.95,17851,United Kingdom
491630,2009-12-11 14:39:00,21624,VINTAGE UNION JACK DOORSTOP,1,5.95,17851,United Kingdom
491630,2009-12-11 14:39:00,21842,PINK HEART CANDY BUTTON CALCULATOR,3,2.55,17851,United Kingdom
491630,2009-12-11 14:39:00,21462,"NURSERY A,B,C PAINTED LETTERS",1,6.75,17851,United Kingdom
491630,2009-12-11 14:39:00,22212,FOUR HOOK  WHITE LOVEBIRDS,5,2.1,17851,United Kingdom
491630,2009-12-11 14:39:00,21833,CAMOUFLAGE LED TORCH,6,1.69,17851,United Kingdom
491630,2009-12-11 14:39:00,21756,BATH BUILDING BLOCK WORD,1,5.95,17851,United Kingdom
491630,2009-12-11 14:39:00,21791,VINTAGE HEADS AND TAILS CARD GAME ,5,1.25,17851,United Kingdom
491630,2009-12-11 14:39:00,22149,FELTCRAFT 6 FLOWER FRIENDS,6,2.1,17851,United Kingdom
491630,2009-12-11 14:39:00,21790,VINTAGE SNAP CARDS,5,0.85,17851,United Kingdom
491630,2009-12-11 14:39:00,84378,SET OF 3 HEART COOKIE CUTTERS,3,1.25,17851,United Kingdom
491630,2009-12-11 14:39:00,21327,SKULLS WRITING SET ,4,1.65,17851,United Kingdom
491630,2009-12-11 14:39:00,22177,5 HOOK BLACKBOARD ORGANISER ,1,9.95,17851,United Kingdom
491630,2009-12-11 14:39:00,21821,GLITTER STAR GARLAND WITH BELLS ,2,3.75,17851,United Kingdom
491630,2009-12-11 14:39:00,22273,FELTCRAFT DOLL MOLLY,2,2.95,17851,United Kingdom
491630,2009-12-11 14:39:00,51012L,"FEATHER DUSTER, LIGHT PINK",2,1.25,17851,United Kingdom
491630,2009-12-11 14:39:00,35793,S/3 PUPPIES CHRISTMAS DECORATIONS,24,0.85,17851,United Kingdom
491630,2009-12-11 14:39:00,22274,FELTCRAFT DOLL EMILY,1,2.95,17851,United Kingdom
491630,2009-12-11 14:39:00,22272,FELTCRAFT DOLL MARIA,2,2.95,17851,United Kingdom
491630,2009-12-11 14:39:00,22271,FELTCRAFT DOLL ROSIE,3,2.95,17851,United Kingdom
491630,2009-12-11 14:39:00,22274,FELTCRAFT DOLL EMILY,1,2.95,17851,United Kingdom
491630,2009-12-11 14:39:00,35793,S/3 PUPPIES CHRISTMAS DECORATIONS,3,0.85,17851,United Kingdom
491630,2009-12-11 14:39:00,21544,SKULLS  WATER TRANSFER TATTOOS ,6,0.85,17851,United Kingdom
491630,2009-12-11 14:39:00,21542,WOODLAND WATER TRANSFER TATTOOS ,5,0.85,17851,United Kingdom
491630,2009-12-11 14:39:00,21541,DINOSAURS WATER TRANSFER TATTOOS ,6,0.85,17851,United Kingdom
491630,2009-12-11 14:39:00,35838B,S/6 SILVER ORNAMENETAL CANDLE,3,0.85,17851,United Kingdom
491630,2009-12-11 14:39:00,85112,S/3 TEAR DROP CUT GLASS DECORATION,5,1.25,17851,United Kingdom
491630,2009-12-11 14:39:00,21832,CHOCOLATE CALCULATOR,5,1.65,17851,United Kingdom
491630,2009-12-11 14:39:00,84558A,3D DOG PICTURE PLAYING CARDS,7,2.95,17851,United Kingdom
491630,2009-12-11 14:39:00,21491,SET OF THREE VINTAGE GIFT WRAPS,9,1.95,17851,United Kingdom
491630,2009-12-11 14:39:00,22112,CHOCOLATE HOT WATER BOTTLE,3,4.95,17851,United Kingdom
491630,2009-12-11 14:39:00,22125,UNION JACK HOT WATER BOTTLE ,2,5.95,17851,United Kingdom
491630,2009-12-11 14:39:00,21731,RED TOADSTOOL LED NIGHT LIGHT,4,1.65,17851,United Kingdom
491630,2009-12-11 14:39:00,22086,PAPER CHAIN KIT 50'S CHRISTMAS ,3,2.95,17851,United Kingdom
491630,2009-12-11 14:39:00,21889,WOODEN BOX OF DOMINOES,4,1.25,17851,United Kingdom
491630,2009-12-11 14:39:00,21364,PEACE SMALL WOOD LETTERS,1,6.75,17851,United Kingdom
491630,2009-12-11 14:39:00,51012C,"FEATHER DUSTER, COAL BLACK",2,1.25,17851,United Kingdom
491630,2009-12-11 14:39:00,84952B,BLACK LOVE BIRD T-LIGHT HOLDER,1,3.75,17851,United Kingdom
491630,2009-12-11 14:39:00,84952A,CLEAR LOVE BIRD T-LIGHT HOLDER,2,3.75,17851,United Kingdom
491630,2009-12-11 14:39:00,21115,ROSE CARAVAN DOORSTOP,1,6.75,17851,United Kingdom
491630,2009-12-11 14:39:00,21411,GINGHAM HEART  DOORSTOP RED,1,4.25,17851,United Kingdom
491630,2009-12-11 14:39:00,21407,BROWN CHECK CAT DOORSTOP ,1,4.25,17851,United Kingdom
491630,2009-12-11 14:39:00,84952C,MIRROR LOVE BIRD T-LIGHT HOLDER,3,3.75,17851,United Kingdom
491652,2009-12-13 10:48:00,21733,RED HANGING HEART T-LIGHT HOLDER,3,2.95,16335,United Kingdom
491652,2009-12-13 10:48:00,22131,FOOD CONTAINER SET 3 LOVE HEART ,6,1.95,16335,United Kingdom
491652,2009-12-13 10:48:00,72484,ROSES IN WHITE HEART CANDLE ,12,1.25,16335,United Kingdom
491652,2009-12-13 10:48:00,21870,I CAN ONLY PLEASE ONE PERSON MUG,6,1.25,16335,United Kingdom
491652,2009-12-13 10:48:00,85049E,SCANDINAVIAN REDS RIBBONS,2,1.25,16335,United Kingdom
491652,2009-12-13 10:48:00,85049D,BRIGHT BLUES RIBBONS ,2,1.25,16335,United Kingdom
491652,2009-12-13 10:48:00,85049B,LUSH GREENS RIBBONS,2,1.25,16335,United Kingdom
491652,2009-12-13 10:48:00,37502,TEA TIME MUG IN GIFT BOX,3,2.95,16335,United Kingdom
491652,2009-12-13 10:48:00,82494L,WOODEN FRAME ANTIQUE WHITE ,4,2.95,16335,United Kingdom
491652,2009-12-13 10:48:00,85049F,BABY BOOM RIBBONS ,2,1.25,16335,United Kingdom
491652,2009-12-13 10:48:00,84839,SWEETHEART KEY CABINET,1,6.75,16335,United Kingdom
491652,2009-12-13 10:48:00,79323W, WHITE CHERRY LIGHTS,3,6.75,16335,United Kingdom
491652,2009-12-13 10:48:00,84032B,CHARLIE + LOLA RED HOT WATER BOTTLE,1,2.95,16335,United Kingdom
491652,2009-12-13 10:48:00,84032A,CHARLIE+LOLA PINK HOT WATER BOTTLE,1,2.95,16335,United Kingdom
491652,2009-12-13 10:48:00,21034,REX CASH+CARRY JUMBO SHOPPER,2,0.95,16335,United Kingdom
491652,2009-12-13 10:48:00,22170,PICTURE FRAME WOOD TRIPLE PORTRAIT,2,6.75,16335,United Kingdom
491652,2009-12-13 10:48:00,79341,WILLOW BRANCH LIGHTS.,2,6.75,16335,United Kingdom
491652,2009-12-13 10:48:00,90000C,OPAL WHITE/SILVER FLOWER NECKLACE,1,5.95,16335,United Kingdom
491652,2009-12-13 10:48:00,90065A,WHITE VINTAGE CRYSTAL BRACELET,2,6.75,16335,United Kingdom
491652,2009-12-13 10:48:00,90065B,BLACK VINT ART DEC CRYSTAL BRACELET,2,6.75,16335,United Kingdom
491652,2009-12-13 10:48:00,90024D,NEW BAROQUE B'FLY NECKLACE PINK,1,8.5,16335,United Kingdom
491652,2009-12-13 10:48:00,90124B,BLUE MURANO TWIST NECKLACE,3,9.95,16335,United Kingdom
491652,2009-12-13 10:48:00,37501,TEA TIME TEA SET IN GIFT BOX,2,6.95,16335,United Kingdom
491652,2009-12-13 10:48:00,82486,WOOD S/3 CABINET ANT WHITE FINISH,2,7.95,16335,United Kingdom
491652,2009-12-13 10:48:00,37503,TEA TIME CAKE STAND IN GIFT BOX,4,10.75,16335,United Kingdom
491652,2009-12-13 10:48:00,48184,DOOR MAT ENGLISH ROSE ,1,6.75,16335,United Kingdom
491652,2009-12-13 10:48:00,72756,FAIRY CAKE CANDLES,9,1.49,16335,United Kingdom
491652,2009-12-13 10:48:00,22275,WEEKEND BAG VINTAGE ROSE PAISLEY,2,8.5,16335,United Kingdom
491652,2009-12-13 10:48:00,20685,RED SPOTTY COIR DOORMAT,1,6.75,16335,United Kingdom
491652,2009-12-13 10:48:00,21473,SWEETHEART CREAM STEEL TABLE RECT,1,19.95,16335,United Kingdom
491652,2009-12-13 10:48:00,21730,GLASS STAR FROSTED T-LIGHT HOLDER,2,4.95,16335,United Kingdom
491652,2009-12-13 10:48:00,85048,15CM CHRISTMAS GLASS BALL 20 LIGHTS,4,7.95,16335,United Kingdom
491652,2009-12-13 10:48:00,47556B,TEA TIME TEA TOWELS ,3,2.95,16335,United Kingdom
491652,2009-12-13 10:48:00,21485,RED SPOT HEART HOT WATER BOTTLE,1,4.95,16335,United Kingdom
491652,2009-12-13 10:48:00,72801C,S/4 ROSE PINK DINNER CANDLES,1,1.25,16335,United Kingdom
491652,2009-12-13 10:48:00,22173,METAL 4 HOOK HANGER FRENCH CHATEAU,2,2.95,16335,United Kingdom
491652,2009-12-13 10:48:00,84978,HANGING HEART JAR T-LIGHT HOLDER,6,1.25,16335,United Kingdom
491652,2009-12-13 10:48:00,21175,GIN + TONIC DIET METAL SIGN,3,2.1,16335,United Kingdom
491652,2009-12-13 10:48:00,22155,STAR DECORATION RUSTIC,10,0.42,16335,United Kingdom
491652,2009-12-13 10:48:00,21903,MAN FLU METAL SIGN,2,2.1,16335,United Kingdom
491652,2009-12-13 10:48:00,82600,NO SINGING METAL SIGN,3,2.1,16335,United Kingdom
491652,2009-12-13 10:48:00,22189,CREAM HEART CARD HOLDER,3,3.95,16335,United Kingdom
491652,2009-12-13 10:48:00,82613D,METAL SIGN CUPCAKE SINGLE HOOK,2,1.25,16335,United Kingdom
491652,2009-12-13 10:48:00,82613B,"METAL SIGN,CUPCAKE SINGLE HOOK",2,1.25,16335,United Kingdom
491652,2009-12-13 10:48:00,84406B,CREAM CUPID HEARTS COAT HANGER,2,3.25,16335,United Kingdom
491652,2009-12-13 10:48:00,82613C,"METAL SIGN,CUPCAKE SINGLE HOOK",2,1.25,16335,United Kingdom
491652,2009-12-13 10:48:00,85066,CREAM SWEETHEART MINI CHEST,2,12.75,16335,United Kingdom
491652,2009-12-13 10:48:00,21390,FILIGRIS HEART WITH BUTTERFLY,10,1.25,16335,United Kingdom
491652,2009-12-13 10:48:00,21385,IVORY HANGING DECORATION  HEART,4,0.85,16335,United Kingdom
491652,2009-12-13 10:48:00,21384,IVORY HANGING DECORATION  BUTTERFLY,4,0.85,16335,United Kingdom
491652,2009-12-13 10:48:00,21559,STRAWBERRY LUNCHBOX WITH CUTLERY,2,2.55,16335,United Kingdom
491656,2009-12-13 10:59:00,84029E,RED WOOLLY HOTTIE WHITE HEART.,1,3.75,16719,United Kingdom
491656,2009-12-13 10:59:00,79321,CHILLI LIGHTS,3,4.95,16719,United Kingdom
491656,2009-12-13 10:59:00,22109,FULL ENGLISH BREAKFAST PLATE,4,3.75,16719,United Kingdom
491656,2009-12-13 10:59:00,20676,RED SPOTTY BOWL,4,1.25,16719,United Kingdom
491656,2009-12-13 10:59:00,20777,CHRYSANTHEMUM NOTEBOOK,2,1.65,16719,United Kingdom
491656,2009-12-13 10:59:00,85042,ANTIQUE LILY FAIRY LIGHTS,2,4.95,16719,United Kingdom
491656,2009-12-13 10:59:00,21735,TWO DOOR CURIO CABINET,2,12.75,16719,United Kingdom
491656,2009-12-13 10:59:00,72267,PREMIUM CHURCH CANDLE,3,2.1,16719,United Kingdom
491656,2009-12-13 10:59:00,84901,BLACK FACE LAMB WITH PANTS,2,3.75,16719,United Kingdom
491656,2009-12-13 10:59:00,84578,ELEPHANT TOY WITH BLUE T-SHIRT,2,3.75,16719,United Kingdom
491656,2009-12-13 10:59:00,84327A,PINK JUMPER LARRY THE LAMB,1,2.1,16719,United Kingdom
491656,2009-12-13 10:59:00,35833P,4 PINK FLOCK CHRISTMAS BALLS,2,1.25,16719,United Kingdom
491656,2009-12-13 10:59:00,85098B,BLUE FLYING SINGING CANARY,5,3.75,16719,United Kingdom
491656,2009-12-13 10:59:00,22179,SET 10 LIGHTS NIGHT OWL,2,6.75,16719,United Kingdom
491656,2009-12-13 10:59:00,20879,TREE OF NOAH FESTIVE SCENTED CANDLE,2,0.65,16719,United Kingdom
491656,2009-12-13 10:59:00,20776,ABSTRACT CIRCLES NOTEBOOK,2,1.65,16719,United Kingdom
491656,2009-12-13 10:59:00,84997B,RED 3 PIECE MINI DOTS CUTLERY SET,1,3.75,16719,United Kingdom
491656,2009-12-13 10:59:00,84997C,BLUE 3 PIECE MINI DOTS CUTLERY SET,1,3.75,16719,United Kingdom
491656,2009-12-13 10:59:00,72771B,BURG FLOCK GOLD CUP/CANDLE ,5,0.42,16719,United Kingdom
491656,2009-12-13 10:59:00,21527,RETRO SPOT TRADITIONAL TEAPOT ,1,7.95,16719,United Kingdom
491656,2009-12-13 10:59:00,16169D,WRAP WINTER FOREST,25,0.42,16719,United Kingdom
491656,2009-12-13 10:59:00,16169F,WRAP BLIZZARD,25,0.42,16719,United Kingdom
491656,2009-12-13 10:59:00,16161P,WRAP ENGLISH ROSE ,25,0.42,16719,United Kingdom
491656,2009-12-13 10:59:00,16169N,WRAP BLUE RUSSIAN FOLKART,25,0.42,16719,United Kingdom
491656,2009-12-13 10:59:00,79323P,PINK CHERRY LIGHTS,13,6.75,16719,United Kingdom
491656,2009-12-13 10:59:00,79323LP,LIGHT PINK CHERRY LIGHTS,2,6.75,16719,United Kingdom
491656,2009-12-13 10:59:00,79323W, WHITE CHERRY LIGHTS,6,6.75,16719,United Kingdom
491656,2009-12-13 10:59:00,20773,BLUE PAISLEY NOTEBOOK,2,1.65,16719,United Kingdom
492235,2009-12-15 19:06:00,21257,VICTORIAN SEWING BOX MEDIUM,2,7.95,14460,United Kingdom
492235,2009-12-15 19:06:00,84670,JAPANESE CROCHETED ANIMAL,144,0.36,14460,United Kingdom
492235,2009-12-15 19:06:00,17003,BROCADE RING PURSE ,50,0.21,14460,United Kingdom
492235,2009-12-15 19:06:00,20730,STRAWBERRY CANDY BAG,10,1.25,14460,United Kingdom
492235,2009-12-15 19:06:00,21259,VICTORIAN SEWING BOX SMALL ,4,5.95,14460,United Kingdom
492235,2009-12-15 19:06:00,20981,12 PENCILS TALL TUBE WOODLAND,24,0.85,14460,United Kingdom
492235,2009-12-15 19:06:00,21790,VINTAGE SNAP CARDS,24,0.85,14460,United Kingdom
492539,2009-12-17 13:35:00,21429,RED GINGHAM ROSE JEWELLERY BOX,4,1.65,16908,United Kingdom
492539,2009-12-17 13:35:00,21486,PINK HEART DOTS HOT WATER BOTTLE,2,3.75,16908,United Kingdom
492539,2009-12-17 13:35:00,22112,CHOCOLATE HOT WATER BOTTLE,22,4.95,16908,United Kingdom
492539,2009-12-17 13:35:00,84029G,KNITTED UNION FLAG HOT WATER BOTTLE,2,3.75,16908,United Kingdom
492539,2009-12-17 13:35:00,21991,BOHEMIAN COLLAGE STATIONERY SET,3,2.95,16908,United Kingdom
492539,2009-12-17 13:35:00,20692,FLORAL ELEPHANT SOFT TOY,3,4.25,16908,United Kingdom
492539,2009-12-17 13:35:00,84578,ELEPHANT TOY WITH BLUE T-SHIRT,2,3.75,16908,United Kingdom
492539,2009-12-17 13:35:00,21589,SWALLOW GIANT TUBE MATCHES,2,2.55,16908,United Kingdom
492539,2009-12-17 13:35:00,20761,BLUE PAISLEY SKETCHBOOK,3,3.75,16908,United Kingdom
492539,2009-12-17 13:35:00,85034C,3 ROSE MORRIS BOXED CANDLES,2,4.25,16908,United Kingdom
492539,2009-12-17 13:35:00,37492C,GREEN BLUE FLOWER PIGGY BANK,2,4.65,16908,United Kingdom
492539,2009-12-17 13:35:00,85036B,CHOCOLATE 1 WICK MORRIS BOX CANDLE,2,4.25,16908,United Kingdom
492539,2009-12-17 13:35:00,37492A,YELLOW RED FLOWER PIGGY BANK,1,4.65,16908,United Kingdom
492539,2009-12-17 13:35:00,37492B,BLUE YELLOW FLOWER PIGGY BANK,1,4.65,16908,United Kingdom
492539,2009-12-17 13:35:00,37492D,PURPLE GREEN FLOWER PIGGY BANK,2,4.65,16908,United Kingdom
492539,2009-12-17 13:35:00,85034A,3 GARDENIA MORRIS BOXED CANDLES,2,4.25,16908,United Kingdom
492539,2009-12-17 13:35:00,35001B,HAND OPEN SHAPE BLACK,1,3.49,16908,United Kingdom
492539,2009-12-17 13:35:00,85036A,GARDENIA 1 WICK MORRIS BOXED CANDLE,1,4.25,16908,United Kingdom
492539,2009-12-17 13:35:00,85036C,ROSE 1 WICK MORRIS BOXED CANDLE,1,4.25,16908,United Kingdom
492539,2009-12-17 13:35:00,21635,MADRAS NOTEBOOK LARGE ,3,3.75,16908,United Kingdom
492803,2009-12-20 12:06:00,21498,RED SPOTS  WRAP ,25,0.42,17851,United Kingdom
492803,2009-12-20 12:06:00,21506,"FANCY FONT BIRTHDAY CARD, ",12,0.42,17851,United Kingdom
492803,2009-12-20 12:06:00,85024C,PINK SMALL JEWELLED PHOTOFRAME,1,1.65,17851,United Kingdom
492803,2009-12-20 12:06:00,84678,CLASSICAL ROSE SMALL VASE,1,2.55,17851,United Kingdom
492803,2009-12-20 12:06:00,84680,CLASSICAL ROSE URN,1,7.95,17851,United Kingdom
492803,2009-12-20 12:06:00,84946,ANTIQUE SILVER TEA GLASS ETCHED,6,1.25,17851,United Kingdom
492803,2009-12-20 12:06:00,22119, PEACE WOODEN BLOCK LETTERS,1,6.95,17851,United Kingdom
492803,2009-12-20 12:06:00,21731,RED TOADSTOOL LED NIGHT LIGHT,3,1.65,17851,United Kingdom
492803,2009-12-20 12:06:00,22086,PAPER CHAIN KIT 50'S CHRISTMAS ,2,2.95,17851,United Kingdom
492803,2009-12-20 12:06:00,22195,LARGE HEART MEASURING SPOONS,5,1.65,17851,United Kingdom
492803,2009-12-20 12:06:00,84708B,PINK JEWELLED PHOTO FRAME ,3,4.95,17851,United Kingdom
492803,2009-12-20 12:06:00,84712B,PINK JEWELLED PHOTO FRAME,3,7.95,17851,United Kingdom
492803,2009-12-20 12:06:00,22149,FELTCRAFT 6 FLOWER FRIENDS,9,2.1,17851,United Kingdom
492803,2009-12-20 12:06:00,21581,SKULLS  DESIGN  COTTON TOTE BAG,4,2.25,17851,United Kingdom
492803,2009-12-20 12:06:00,22086,PAPER CHAIN KIT 50'S CHRISTMAS ,1,2.95,17851,United Kingdom
492803,2009-12-20 12:06:00,51012C,"FEATHER DUSTER, COAL BLACK",3,1.25,17851,United Kingdom
492803,2009-12-20 12:06:00,22196,SMALL HEART MEASURING SPOONS,5,0.85,17851,United Kingdom
492803,2009-12-20 12:06:00,85024C,PINK SMALL JEWELLED PHOTOFRAME,2,1.65,17851,United Kingdom
492803,2009-12-20 12:06:00,21479,WHITE SKULL HOT WATER BOTTLE ,5,3.75,17851,United Kingdom
492803,2009-12-20 12:06:00,22049,WRAP CHRISTMAS SCREEN PRINT,25,0.42,17851,United Kingdom
492803,2009-12-20 12:06:00,21497,FANCY FONTS BIRTHDAY WRAP,25,0.42,17851,United Kingdom
492803,2009-12-20 12:06:00,21374,MIRRORED WALL ART SKULLS,4,3.75,17851,United Kingdom
492803,2009-12-20 12:06:00,22076,6 RIBBONS EMPIRE  ,5,1.65,17851,United Kingdom
492803,2009-12-20 12:06:00,22122,SET OF 2 FANCY FONT TEA TOWELS,7,2.95,17851,United Kingdom
492803,2009-12-20 12:06:00,22082,RIBBON REEL STRIPES DESIGN ,15,1.65,17851,United Kingdom
492803,2009-12-20 12:06:00,20783,HEART EAR MUFF HEADPHONES,1,5.49,17851,United Kingdom
492803,2009-12-20 12:06:00,20781,GOLD EAR MUFF HEADPHONES,1,5.49,17851,United Kingdom
492803,2009-12-20 12:06:00,20818,GOLD TEDDY BEAR,1,3.75,17851,United Kingdom
492803,2009-12-20 12:06:00,84559A,3D SHEET OF DOG STICKERS,5,0.85,17851,United Kingdom
492803,2009-12-20 12:06:00,21491,SET OF THREE VINTAGE GIFT WRAPS,33,1.95,17851,United Kingdom
492803,2009-12-20 12:06:00,84682,CLASSICAL ROSE DISH,1,2.95,17851,United Kingdom
492803,2009-12-20 12:06:00,21754,HOME BUILDING BLOCK WORD,1,5.95,17851,United Kingdom
492803,2009-12-20 12:06:00,22193,RED DINER WALL CLOCK,1,8.5,17851,United Kingdom
492803,2009-12-20 12:06:00,21329,DINOSAURS  WRITING SET ,4,1.65,17851,United Kingdom
492803,2009-12-20 12:06:00,21330,WOODLAND ANIMAL  WRITING SET ,6,1.65,17851,United Kingdom
492803,2009-12-20 12:06:00,20781,GOLD EAR MUFF HEADPHONES,1,5.49,17851,United Kingdom
492803,2009-12-20 12:06:00,22110,BIRD HOUSE HOT WATER BOTTLE,2,3.45,17851,United Kingdom
492803,2009-12-20 12:06:00,20819,SILVER TEDDY BEAR,1,3.75,17851,United Kingdom
493308,2009-12-22 16:17:00,C2,CARRIAGE,1,50.0,15064,United Kingdom
493308,2009-12-22 16:17:00,22150, 3 STRIPEY MICE FELTCRAFT,6,1.95,15064,United Kingdom
493308,2009-12-22 16:17:00,22273,FELTCRAFT DOLL MOLLY,6,2.95,15064,United Kingdom
493308,2009-12-22 16:17:00,22147,FELTCRAFT BUTTERFLY HEARTS,12,1.45,15064,United Kingdom
493308,2009-12-22 16:17:00,22030,SWALLOWS GREETING CARD,12,0.42,15064,United Kingdom
493308,2009-12-22 16:17:00,20768,GREEN FERN JOURNAL ,6,2.55,15064,United Kingdom
493308,2009-12-22 16:17:00,22079,RIBBON REEL HEARTS DESIGN ,10,1.65,15064,United Kingdom
493308,2009-12-22 16:17:00,21843,RETRO SPOT CAKE STAND,1,10.95,15064,United Kingdom
493308,2009-12-22 16:17:00,20770,ABSTRACT CIRCLE JOURNAL ,6,2.55,15064,United Kingdom
493308,2009-12-22 16:17:00,22245,"HOOK, 1 HANGER ,MAGIC GARDEN",12,0.85,15064,United Kingdom
493308,2009-12-22 16:17:00,84782A,PINK 3 TIER GLASS PLATE STAND,1,12.75,15064,United Kingdom
493308,2009-12-22 16:17:00,90210A,GREY ACRYLIC FACETED BANGLE,6,2.95,15064,United Kingdom
493308,2009-12-22 16:17:00,90052,CRACKED GLAZE NECKLACE BROWN,3,6.95,15064,United Kingdom
493308,2009-12-22 16:17:00,90137,PINK COMBO MINI CRYSTALS NECKLACE,3,4.95,15064,United Kingdom
493308,2009-12-22 16:17:00,90014B,GOLD M PEARL  ORBIT NECKLACE,1,9.95,15064,United Kingdom
493308,2009-12-22 16:17:00,90014A,SILVER/MOP ORBIT NECKLACE,1,9.95,15064,United Kingdom
493308,2009-12-22 16:17:00,20665,RED SPOTTY PURSE ,6,2.95,15064,United Kingdom
493308,2009-12-22 16:17:00,21884,CAKES AND BOWS GIFT  TAPE,12,0.65,15064,United Kingdom
493308,2009-12-22 16:17:00,21883,STARS GIFT TAPE ,12,0.65,15064,United Kingdom
493308,2009-12-22 16:17:00,21837,CROSS STITCH ALPHABET CUSHION COVER,3,5.95,15064,United Kingdom
493308,2009-12-22 16:17:00,90210B,CLEAR ACRYLIC FACETED BANGLE,6,2.95,15064,United Kingdom
493571,2010-01-05 10:07:00,85065,CREAM SWEETHEART TRAYS,1,12.75,14198,United Kingdom
493571,2010-01-05 10:07:00,84839,SWEETHEART KEY CABINET,2,6.75,14198,United Kingdom
493571,2010-01-05 10:07:00,48111,DOOR MAT 3 SMILEY CATS,2,6.75,14198,United Kingdom
493571,2010-01-05 10:07:00,82483,WOOD 2 DRAWER CABINET WHITE FINISH,4,5.95,14198,United Kingdom
493571,2010-01-05 10:07:00,82486,WOOD S/3 CABINET ANT WHITE FINISH,2,7.95,14198,United Kingdom
493571,2010-01-05 10:07:00,48187,DOOR MAT NEW ENGLAND,2,6.75,14198,United Kingdom
493571,2010-01-05 10:07:00,48194,DOORMAT HEARTS,4,6.75,14198,United Kingdom
493571,2010-01-05 10:07:00,82482,WOODEN PICTURE FRAME WHITE FINISH,6,2.55,14198,United Kingdom
494327,2010-01-13 11:57:00,72741,GRAND CHOCOLATECANDLE,18,1.45,13576,United Kingdom
494327,2010-01-13 11:57:00,20829,GLITTER HANGING BUTTERFLY STRING,8,2.1,13576,United Kingdom
494327,2010-01-13 11:57:00,21137,BLACK RECORD COVER FRAME,48,3.39,13576,United Kingdom
494327,2010-01-13 11:57:00,22041,"RECORD FRAME 7"" SINGLE SIZE ",48,2.1,13576,United Kingdom
494327,2010-01-13 11:57:00,22236,CAKE STAND 3 TIER MAGIC GARDEN,1,12.75,13576,United Kingdom
494327,2010-01-13 11:57:00,21421,PORCELAIN ROSE LARGE ,12,1.25,13576,United Kingdom
494327,2010-01-13 11:57:00,20828,GLITTER BUTTERFLY CLIPS,6,2.55,13576,United Kingdom
494327,2010-01-13 11:57:00,82001S,VINYL RECORD FRAME SILVER,24,3.39,13576,United Kingdom
494625,2010-01-15 15:47:00,84854,GIRLY PINK TOOL SET,1,4.95,17851,United Kingdom
494625,2010-01-15 15:47:00,21765,HANGING METAL BIRD BATH,1,7.95,17851,United Kingdom
494625,2010-01-15 15:47:00,21731,RED TOADSTOOL LED NIGHT LIGHT,4,1.65,17851,United Kingdom
494625,2010-01-15 15:47:00,22177,5 HOOK BLACKBOARD ORGANISER ,1,9.95,17851,United Kingdom
494625,2010-01-15 15:47:00,22027,TEA PARTY BIRTHDAY CARD,12,0.42,17851,United Kingdom
494625,2010-01-15 15:47:00,21507,"ELEPHANT, BIRTHDAY CARD, ",12,0.42,17851,United Kingdom
494625,2010-01-15 15:47:00,21508,VINTAGE KID DOLLY CARD ,12,0.42,17851,United Kingdom
494625,2010-01-15 15:47:00,22025,RING OF ROSES BIRTHDAY CARD,12,0.42,17851,United Kingdom
494625,2010-01-15 15:47:00,22037,ROBOT BIRTHDAY CARD,12,0.42,17851,United Kingdom
494625,2010-01-15 15:47:00,22029,SPACEBOY BIRTHDAY CARD,12,0.42,17851,United Kingdom
494625,2010-01-15 15:47:00,22036,DINOSAUR BIRTHDAY CARD,12,0.42,17851,United Kingdom
494625,2010-01-15 15:47:00,22087,PAPER BUNTING WHITE LACE,1,2.95,17851,United Kingdom
494625,2010-01-15 15:47:00,84558A,3D DOG PICTURE PLAYING CARDS,2,2.95,17851,United Kingdom
494625,2010-01-15 15:47:00,21251,DINOSAUR HEIGHT CHART STICKER SET,1,2.95,17851,United Kingdom
494625,2010-01-15 15:47:00,90111,BLUE HIBISCUS  HAIR CLIP,1,1.05,17851,United Kingdom
494625,2010-01-15 15:47:00,22366,DOORMAT AIRMAIL ,1,6.75,17851,United Kingdom
494625,2010-01-15 15:47:00,48138,DOOR MAT UNION FLAG,1,6.75,17851,United Kingdom
494625,2010-01-15 15:47:00,21250,SET OF SKULL WALL STICKERS,1,2.95,17851,United Kingdom
494625,2010-01-15 15:47:00,21249,WOODLAND  HEIGHT CHART STICKERS ,1,2.95,17851,United Kingdom
494625,2010-01-15 15:47:00,47566,PARTY BUNTING,1,4.65,17851,United Kingdom
494625,2010-01-15 15:47:00,22030,SWALLOWS GREETING CARD,12,0.42,17851,United Kingdom
494625,2010-01-15 15:47:00,22138,BAKING SET 9 PIECE RETROSPOT ,2,4.95,17851,United Kingdom
494625,2010-01-15 15:47:00,21500,PINK SPOTS  WRAP ,25,0.42,17851,United Kingdom
494625,2010-01-15 15:47:00,22195,LARGE HEART MEASURING SPOONS,2,1.65,17851,United Kingdom
494625,2010-01-15 15:47:00,21544,SKULLS  WATER TRANSFER TATTOOS ,4,0.85,17851,United Kingdom
494625,2010-01-15 15:47:00,21542,WOODLAND WATER TRANSFER TATTOOS ,3,0.85,17851,United Kingdom
494625,2010-01-15 15:47:00,85096,HILDA CANDY SPOT RABBIT,2,3.75,17851,United Kingdom
494625,2010-01-15 15:47:00,90112,PINK DOLLY HAIR CLIPS,5,1.05,17851,United Kingdom
494625,2010-01-15 15:47:00,22134,LADLE LOVE HEART RED ,3,0.42,17851,United Kingdom
494625,2010-01-15 15:47:00,84406B,CREAM CUPID HEARTS COAT HANGER,2,3.25,17851,United Kingdom
494625,2010-01-15 15:47:00,84620,BLUE GINGHAM ROSE CUSHION COVER,2,5.95,17851,United Kingdom
494625,2010-01-15 15:47:00,21031,SPACE CADET BLACK,1,1.25,17851,United Kingdom
494625,2010-01-15 15:47:00,10123C,HEARTS WRAPPING TAPE ,1,0.65,17851,United Kingdom
494625,2010-01-15 15:47:00,85049F,BABY BOOM RIBBONS ,1,1.25,17851,United Kingdom
494625,2010-01-15 15:47:00,90108,BLUE BLOSSOM HAIR CLIP,3,1.05,17851,United Kingdom
494625,2010-01-15 15:47:00,84826,ASSTD DESIGN 3D PAPER STICKERS,1,0.85,17851,United Kingdom
494625,2010-01-15 15:47:00,84826,ASSTD DESIGN 3D PAPER STICKERS,1,0.85,17851,United Kingdom
494625,2010-01-15 15:47:00,22196,SMALL HEART MEASURING SPOONS,1,0.85,17851,United Kingdom
494625,2010-01-15 15:47:00,22236,CAKE STAND 3 TIER MAGIC GARDEN,1,12.75,17851,United Kingdom
494625,2010-01-15 15:47:00,22208,WOOD STAMP SET THANK YOU,1,1.65,17851,United Kingdom
494625,2010-01-15 15:47:00,84029E,RED WOOLLY HOTTIE WHITE HEART.,2,3.75,17851,United Kingdom
494625,2010-01-15 15:47:00,20974,12 PENCILS SMALL TUBE SKULL,2,0.65,17851,United Kingdom
494625,2010-01-15 15:47:00,22196,SMALL HEART MEASURING SPOONS,1,0.85,17851,United Kingdom
494625,2010-01-15 15:47:00,22133,PINK LOVE HEART SHAPE CUP,1,0.85,17851,United Kingdom
494625,2010-01-15 15:47:00,22132,RED LOVE HEART SHAPE CUP,2,0.85,17851,United Kingdom
494625,2010-01-15 15:47:00,20975,12 PENCILS SMALL TUBE RED SPOTTY,2,0.65,17851,United Kingdom
494636,2010-01-17 10:27:00,22353,LUNCHBOX WITH CUTLERY FAIRY CAKES ,3,2.55,16335,United Kingdom
494636,2010-01-17 10:27:00,21244,BLUE  SPOTTY PLATE ,3,1.69,16335,United Kingdom
494636,2010-01-17 10:27:00,21245,GREEN  SPOTTY PLATE ,3,1.69,16335,United Kingdom
494636,2010-01-17 10:27:00,20676,RED SPOTTY BOWL,2,1.25,16335,United Kingdom
494636,2010-01-17 10:27:00,20675,BLUE SPOTTY BOWL,3,1.25,16335,United Kingdom
494636,2010-01-17 10:27:00,21559,STRAWBERRY LUNCHBOX WITH CUTLERY,2,2.55,16335,United Kingdom
494636,2010-01-17 10:27:00,21240,BLUE  SPOTTY CUP,2,0.85,16335,United Kingdom
494636,2010-01-17 10:27:00,21561,DINOSAUR LUNCHBOX WITH CUTLERY,2,2.55,16335,United Kingdom
494636,2010-01-17 10:27:00,21239,PINK  SPOTTY CUP,4,0.85,16335,United Kingdom
494636,2010-01-17 10:27:00,20677,PINK SPOTTY BOWL,3,1.25,16335,United Kingdom
494636,2010-01-17 10:27:00,22352,LUNCHBOX WITH CUTLERY RETROSPOT ,2,2.55,16335,United Kingdom
494636,2010-01-17 10:27:00,72756,FAIRY CAKE CANDLES,4,1.49,16335,United Kingdom
494636,2010-01-17 10:27:00,84706B,FAIRY CAKES TABLE CLOCK,2,8.95,16335,United Kingdom
494636,2010-01-17 10:27:00,21034,REX CASH+CARRY JUMBO SHOPPER,2,0.95,16335,United Kingdom
494636,2010-01-17 10:27:00,21238,RED SPOTTY CUP,3,0.85,16335,United Kingdom
494636,2010-01-17 10:27:00,21243,PINK  SPOTTY PLATE ,3,1.69,16335,United Kingdom
494636,2010-01-17 10:27:00,21242,RED SPOTTY PLATE ,3,1.69,16335,United Kingdom
494636,2010-01-17 10:27:00,84997D,PINK 3 PIECE MINI DOTS CUTLERY SET,3,3.75,16335,United Kingdom
494636,2010-01-17 10:27:00,21241,GREEN SPOTTY CUP,3,0.85,16335,United Kingdom
494636,2010-01-17 10:27:00,21181,PLEASE ONE PERSON  METAL SIGN,2,2.1,16335,United Kingdom
494636,2010-01-17 10:27:00,48194,DOORMAT HEARTS,1,6.75,16335,United Kingdom
494636,2010-01-17 10:27:00,72484,ROSES IN WHITE HEART CANDLE ,12,1.25,16335,United Kingdom
494636,2010-01-17 10:27:00,37503,TEA TIME CAKE STAND IN GIFT BOX,3,10.75,16335,United Kingdom
494636,2010-01-17 10:27:00,47567B,TEA TIME KITCHEN APRON,3,5.95,16335,United Kingdom
494636,2010-01-17 10:27:00,47559B,TEA TIME OVEN GLOVE,4,1.25,16335,United Kingdom
494636,2010-01-17 10:27:00,20685,RED SPOTTY COIR DOORMAT,1,6.75,16335,United Kingdom
494636,2010-01-17 10:27:00,20674,GREEN SPOTTY BOWL,4,1.25,16335,United Kingdom
494636,2010-01-17 10:27:00,85049H,URBAN BLACK RIBBONS ,1,1.25,16335,United Kingdom
494636,2010-01-17 10:27:00,85049B,LUSH GREENS RIBBONS,2,1.25,16335,United Kingdom
494636,2010-01-17 10:27:00,85049C,ROMANTIC PINKS RIBBONS ,2,1.25,16335,United Kingdom
494636,2010-01-17 10:27:00,22367,CHILDS APRON SPACEBOY DESIGN,4,1.95,16335,United Kingdom
494636,2010-01-17 10:27:00,84520D,PACK OF 20 FAIRY CAKE PAPER NAPKINS,6,0.85,16335,United Kingdom
494636,2010-01-17 10:27:00,85152,HAND OVER THE CHOCOLATE   SIGN ,2,2.1,16335,United Kingdom
494636,2010-01-17 10:27:00,84997B,RED 3 PIECE MINI DOTS CUTLERY SET,2,3.75,16335,United Kingdom
494889,2010-01-19 13:09:00,22358,KINGS CHOICE TEA CADDY ,1,2.95,14472,United Kingdom
494889,2010-01-19 13:09:00,84824,DANISH ROSE UMBRELLA STAND,1,15.95,14472,United Kingdom
494889,2010-01-19 13:09:00,84804A,CREAM DELPHINIUM ARTIFICIAL FLOWER,1,2.95,14472,United Kingdom
494889,2010-01-19 13:09:00,84800L,LARGE WHITE/PINK ROSE ART FLOWER,3,2.12,14472,United Kingdom
494889,2010-01-19 13:09:00,82486,WOOD S/3 CABINET ANT WHITE FINISH,2,7.95,14472,United Kingdom
494889,2010-01-19 13:09:00,21728,METAL MEDINA LANTERN ,1,12.75,14472,United Kingdom
494889,2010-01-19 13:09:00,21324,HANGING MEDINA LANTERN SMALL,1,2.95,14472,United Kingdom
494889,2010-01-19 13:09:00,21755,LOVE BUILDING BLOCK WORD,2,5.95,14472,United Kingdom
494889,2010-01-19 13:09:00,21324,HANGING MEDINA LANTERN SMALL,1,2.95,14472,United Kingdom
494889,2010-01-19 13:09:00,85123A,WHITE HANGING HEART T-LIGHT HOLDER,2,2.95,14472,United Kingdom
494889,2010-01-19 13:09:00,82483,WOOD 2 DRAWER CABINET WHITE FINISH,2,5.95,14472,United Kingdom
494889,2010-01-19 13:09:00,22156,HEART DECORATION WITH PEARLS ,4,0.85,14472,United Kingdom
494889,2010-01-19 13:09:00,84459A,PINK METAL CHICKEN HEART ,1,1.49,14472,United Kingdom
494889,2010-01-19 13:09:00,22189,CREAM HEART CARD HOLDER,2,3.95,14472,United Kingdom
494889,2010-01-19 13:09:00,84884A,ANT WHITE WIRE HEART SPIRAL,2,3.95,14472,United Kingdom
494889,2010-01-19 13:09:00,21823,PAINTED METAL HEART WITH HOLLY BELL,4,1.45,14472,United Kingdom
494889,2010-01-19 13:09:00,85061W,WHITE JEWELLED HEART DECORATION,5,0.85,14472,United Kingdom
494889,2010-01-19 13:09:00,21174,POTTERING IN THE SHED METAL SIGN,3,1.95,14472,United Kingdom
494889,2010-01-19 13:09:00,35973,GERANIUM FOLKART HEART DECORATION,2,1.25,14472,United Kingdom
494889,2010-01-19 13:09:00,84836,ZINC METAL HEART DECORATION,2,1.25,14472,United Kingdom
494889,2010-01-19 13:09:00,21179,NO JUNK MAIL METAL SIGN,1,1.25,14472,United Kingdom
494889,2010-01-19 13:09:00,21911,GARDEN METAL SIGN ,2,1.65,14472,United Kingdom
494889,2010-01-19 13:09:00,35973,GERANIUM FOLKART HEART DECORATION,2,1.25,14472,United Kingdom
494889,2010-01-19 13:09:00,22120,WELCOME  WOODEN BLOCK LETTERS,1,9.95,14472,United Kingdom
494889,2010-01-19 13:09:00,21823,PAINTED METAL HEART WITH HOLLY BELL,1,1.45,14472,United Kingdom
494889,2010-01-19 13:09:00,21728,METAL MEDINA LANTERN ,1,12.75,14472,United Kingdom
494889,2010-01-19 13:09:00,35471A,SET OF 3 BIRD L.BLUE FEATHER,2,1.25,14472,United Kingdom
494889,2010-01-19 13:09:00,21730,GLASS STAR FROSTED T-LIGHT HOLDER,1,4.95,14472,United Kingdom
494889,2010-01-19 13:09:00,21391,FRENCH EMROIDR LAVENDER SCENT HEART,3,2.1,14472,United Kingdom
494889,2010-01-19 13:09:00,22290,STANDING METAL RABBIT WITH EGG,4,2.1,14472,United Kingdom
494889,2010-01-19 13:09:00,22291,"SPRING DEC , HANGING CHICK CREAM",1,1.45,14472,United Kingdom
494889,2010-01-19 13:09:00,22293,"SPRING DEC , HANGING CHICK  GREEN",3,1.45,14472,United Kingdom
494889,2010-01-19 13:09:00,35971,ROSE FOLKART HEART DECORATIONS,2,1.25,14472,United Kingdom
494889,2010-01-19 13:09:00,84459A,PINK METAL CHICKEN HEART ,1,1.49,14472,United Kingdom
494889,2010-01-19 13:09:00,35973,GERANIUM FOLKART HEART DECORATION,1,1.25,14472,United Kingdom
494889,2010-01-19 13:09:00,21812,GARLAND WITH HEARTS AND BELLS,1,4.95,14472,United Kingdom
494889,2010-01-19 13:09:00,21823,PAINTED METAL HEART WITH HOLLY BELL,1,1.45,14472,United Kingdom
494889,2010-01-19 13:09:00,22288,"DECORATION , HANGING METAL RABBIT",3,1.25,14472,United Kingdom
494889,2010-01-19 13:09:00,22292,"SPRING DEC , HANGING CHICK  YELLOW",3,1.45,14472,United Kingdom
494889,2010-01-19 13:09:00,84459A,PINK METAL CHICKEN HEART ,1,1.49,14472,United Kingdom
494889,2010-01-19 13:09:00,21823,PAINTED METAL HEART WITH HOLLY BELL,1,1.45,14472,United Kingdom
494889,2010-01-19 13:09:00,22291,"SPRING DEC , HANGING CHICK CREAM",2,1.45,14472,United Kingdom
494889,2010-01-19 13:09:00,71477,COLOUR GLASS. STAR T-LIGHT HOLDER,1,3.25,14472,United Kingdom
494889,2010-01-19 13:09:00,47469,ASSORTED SHAPES PHOTO CLIP SILVER ,24,0.65,14472,United Kingdom
494889,2010-01-19 13:09:00,21179,NO JUNK MAIL METAL SIGN,1,1.25,14472,United Kingdom
494889,2010-01-19 13:09:00,35471D,SET OF 3 BIRD LIGHT PINK FEATHER ,2,1.25,14472,United Kingdom
494889,2010-01-19 13:09:00,21385,IVORY HANGING DECORATION  HEART,8,0.85,14472,United Kingdom
494889,2010-01-19 13:09:00,21905,MORE BUTTER METAL SIGN ,1,2.1,14472,United Kingdom
494889,2010-01-19 13:09:00,21175,GIN + TONIC DIET METAL SIGN,2,2.1,14472,United Kingdom
494889,2010-01-19 13:09:00,85130D,BEADED CRYSTAL HEART PINK LARGE,5,1.65,14472,United Kingdom
494889,2010-01-19 13:09:00,85130C,BEADED CRYSTAL HEART BLUE  LARGE,6,1.65,14472,United Kingdom
494889,2010-01-19 13:09:00,21114,LAVENDER SCENTED FABRIC HEART,15,1.25,14472,United Kingdom
495177,2010-01-21 13:22:00,82597,BOMBS AWAY METAL SIGN,3,2.1,14064,United Kingdom
495177,2010-01-21 13:22:00,21165,BEWARE OF THE CAT METAL SIGN ,24,1.69,14064,United Kingdom
495177,2010-01-21 13:22:00,22117,METAL SIGN HER DINNER IS SERVED ,2,2.95,14064,United Kingdom
495177,2010-01-21 13:22:00,21175,GIN + TONIC DIET METAL SIGN,12,2.1,14064,United Kingdom
495177,2010-01-21 13:22:00,21174,POTTERING IN THE SHED METAL SIGN,12,1.95,14064,United Kingdom
495177,2010-01-21 13:22:00,85152,HAND OVER THE CHOCOLATE   SIGN ,12,2.1,14064,United Kingdom
495177,2010-01-21 13:22:00,22291,"SPRING DEC , HANGING CHICK CREAM",6,1.45,14064,United Kingdom
495177,2010-01-21 13:22:00,21034,REX CASH+CARRY JUMBO SHOPPER,1,0.95,14064,United Kingdom
495177,2010-01-21 13:22:00,22293,"SPRING DEC , HANGING CHICK  GREEN",6,1.45,14064,United Kingdom
495177,2010-01-21 13:22:00,22227,"DECORATION, HANGING HEART+MIRROR ",15,0.65,14064,United Kingdom
495177,2010-01-21 13:22:00,22148,EASTER CRAFT 4 CHICKS ,1,1.95,14064,United Kingdom
495177,2010-01-21 13:22:00,82615,PINK MARSHMALLOW SCARF KNITTING KIT,24,2.55,14064,United Kingdom
495177,2010-01-21 13:22:00,47480,HANGING PHOTO CLIP ROPE LADDER,2,1.65,14064,United Kingdom
495177,2010-01-21 13:22:00,21181,PLEASE ONE PERSON  METAL SIGN,12,2.1,14064,United Kingdom
495177,2010-01-21 13:22:00,22292,"SPRING DEC , HANGING CHICK  YELLOW",3,1.45,14064,United Kingdom
495177,2010-01-21 13:22:00,21911,GARDEN METAL SIGN ,5,1.65,14064,United Kingdom
495177,2010-01-21 13:22:00,20972,PINK CREAM FELT CRAFT TRINKET BOX ,24,1.25,14064,United Kingdom
495177,2010-01-21 13:22:00,82581,TOILET METAL SIGN,4,0.55,14064,United Kingdom
495177,2010-01-21 13:22:00,82578,KITCHEN METAL SIGN,4,0.55,14064,United Kingdom
495177,2010-01-21 13:22:00,84992,72 SWEETHEART FAIRY CAKE CASES,6,0.55,14064,United Kingdom
495177,2010-01-21 13:22:00,21212,PACK OF 72 RETRO SPOT CAKE CASES,6,0.55,14064,United Kingdom
495177,2010-01-21 13:22:00,21977,PACK OF 60 PINK PAISLEY CAKE CASES,12,0.55,14064,United Kingdom
495177,2010-01-21 13:22:00,21232,STRAWBERRY CERAMIC TRINKET BOX,13,1.25,14064,United Kingdom
495177,2010-01-21 13:22:00,22066,LOVE HEART TRINKET POT,6,1.45,14064,United Kingdom
495177,2010-01-21 13:22:00,22067,CHOC TRUFFLE GOLD TRINKET POT ,6,1.65,14064,United Kingdom
495177,2010-01-21 13:22:00,84991,60 TEATIME FAIRY CAKE CASES,24,0.55,14064,United Kingdom
495177,2010-01-21 13:22:00,22069, BROWN  PIRATE TREASURE CHEST ,4,1.65,14064,United Kingdom
495177,2010-01-21 13:22:00,22068, BLACK PIRATE TREASURE CHEST,2,1.65,14064,United Kingdom
495177,2010-01-21 13:22:00,85175,CACTI T-LIGHT CANDLES,32,0.42,14064,United Kingdom
495177,2010-01-21 13:22:00,20971,PINK BLUE FELT CRAFT TRINKET BOX,12,1.25,14064,United Kingdom
495177,2010-01-21 13:22:00,82580,BATHROOM METAL SIGN,5,0.55,14064,United Kingdom
495177,2010-01-21 13:22:00,22064,PINK DOUGHNUT TRINKET POT ,10,1.65,14064,United Kingdom
495227,2010-01-21 19:11:00,21561,DINOSAUR LUNCHBOX WITH CUTLERY,2,2.55,14713,United Kingdom
495227,2010-01-21 19:11:00,21181,PLEASE ONE PERSON  METAL SIGN,2,2.1,14713,United Kingdom
495227,2010-01-21 19:11:00,21165,BEWARE OF THE CAT METAL SIGN ,3,1.69,14713,United Kingdom
495227,2010-01-21 19:11:00,22083,PAPER CHAIN KIT RETRO SPOT,3,2.95,14713,United Kingdom
495227,2010-01-21 19:11:00,22085,PAPER CHAIN KIT SKULLS ,3,2.95,14713,United Kingdom
495227,2010-01-21 19:11:00,22084,PAPER CHAIN KIT EMPIRE,3,2.95,14713,United Kingdom
495227,2010-01-21 19:11:00,22353,LUNCHBOX WITH CUTLERY FAIRY CAKES ,2,2.55,14713,United Kingdom
495227,2010-01-21 19:11:00,22352,LUNCHBOX WITH CUTLERY RETROSPOT ,2,2.55,14713,United Kingdom
495227,2010-01-21 19:11:00,21870,I CAN ONLY PLEASE ONE PERSON MUG,3,1.25,14713,United Kingdom
495227,2010-01-21 19:11:00,10002,INFLATABLE POLITICAL GLOBE ,6,0.85,14713,United Kingdom
495227,2010-01-21 19:11:00,21917,SET 12 KIDS  WHITE CHALK STICKS,6,0.42,14713,United Kingdom
495227,2010-01-21 19:11:00,21876,POTTERING MUG,3,1.25,14713,United Kingdom
495227,2010-01-21 19:11:00,21872,GLAMOROUS  MUG,3,1.25,14713,United Kingdom
495227,2010-01-21 19:11:00,37343,SPOTS DESIGN MUG W PINK INSIDE,3,1.65,14713,United Kingdom
495227,2010-01-21 19:11:00,21874,GIN AND TONIC MUG,3,1.25,14713,United Kingdom
495227,2010-01-21 19:11:00,82494L,WOODEN FRAME ANTIQUE WHITE ,2,2.95,14713,United Kingdom
495227,2010-01-21 19:11:00,21559,STRAWBERRY LUNCHBOX WITH CUTLERY,2,2.55,14713,United Kingdom
495227,2010-01-21 19:11:00,21481,FAWN BLUE HOT WATER BOTTLE,2,2.95,14713,United Kingdom
495227,2010-01-21 19:11:00,21174,POTTERING IN THE SHED METAL SIGN,2,1.95,14713,United Kingdom
495227,2010-01-21 19:11:00,84032A,CHARLIE+LOLA PINK HOT WATER BOTTLE,3,2.95,14713,United Kingdom
495227,2010-01-21 19:11:00,22355,"CHARLOTTE BAG , SUKI DESIGN",6,0.85,14713,United Kingdom
495227,2010-01-21 19:11:00,20719,WOODLAND CHARLOTTE BAG,3,0.85,14713,United Kingdom
495227,2010-01-21 19:11:00,20724,RED SPOTTY CHARLOTTE BAG,3,0.85,14713,United Kingdom
495227,2010-01-21 19:11:00,22356,"CHARLOTTE BAG , PINK/WHITE SPOTS",3,0.85,14713,United Kingdom
495227,2010-01-21 19:11:00,21931,JUMBO STORAGE BAG SUKI,3,1.95,14713,United Kingdom
495227,2010-01-21 19:11:00,21930,JUMBO STORAGE BAG SKULLS,3,1.95,14713,United Kingdom
495227,2010-01-21 19:11:00,85099C,JUMBO  BAG BAROQUE BLACK WHITE,3,1.95,14713,United Kingdom
495227,2010-01-21 19:11:00,20713,JUMBO BAG OWLS,3,1.95,14713,United Kingdom
495227,2010-01-21 19:11:00,85099B,JUMBO BAG RED WHITE SPOTTY ,3,1.95,14713,United Kingdom
495227,2010-01-21 19:11:00,21826,EIGHT PIECE DINOSAUR SET,6,1.25,14713,United Kingdom
495227,2010-01-21 19:11:00,21745,GAOLERS KEYS DECORATIVE GARDEN ,2,3.75,14713,United Kingdom
495227,2010-01-21 19:11:00,85226C,BLUE PULL BACK RACING CAR,6,0.55,14713,United Kingdom
495227,2010-01-21 19:11:00,85226A,WHITE/BLUE PULL BACK RACING CAR,6,0.55,14713,United Kingdom
495227,2010-01-21 19:11:00,20727,LUNCH BAG  BLACK SKULL.,3,1.65,14713,United Kingdom
495227,2010-01-21 19:11:00,84032B,CHARLIE + LOLA RED HOT WATER BOTTLE,1,2.95,14713,United Kingdom
495227,2010-01-21 19:11:00,20725,LUNCH BAG RED SPOTTY,3,1.65,14713,United Kingdom
495227,2010-01-21 19:11:00,21826,EIGHT PIECE DINOSAUR SET,3,1.25,14713,United Kingdom
495584,2010-01-26 10:13:00,21335,LIBRARY LAMP,1,21.95,16719,United Kingdom
495584,2010-01-26 10:13:00,21735,TWO DOOR CURIO CABINET,2,12.75,16719,United Kingdom
495584,2010-01-26 10:13:00,79323LP,LIGHT PINK CHERRY LIGHTS,4,6.75,16719,United Kingdom
495584,2010-01-26 10:13:00,79323W, WHITE CHERRY LIGHTS,4,6.75,16719,United Kingdom
495584,2010-01-26 10:13:00,79323P,PINK CHERRY LIGHTS,8,6.75,16719,United Kingdom
495584,2010-01-26 10:13:00,79342B,BROWN FLOWER LIGHTS,1,6.75,16719,United Kingdom
495584,2010-01-26 10:13:00,79303A,WHITE ROHMBIC BLOCK TABLE LAMP,2,2.95,16719,United Kingdom
495584,2010-01-26 10:13:00,16156S,WRAP PINK FAIRY CAKES ,25,0.42,16719,United Kingdom
495584,2010-01-26 10:13:00,21870,I CAN ONLY PLEASE ONE PERSON MUG,3,1.25,16719,United Kingdom
495584,2010-01-26 10:13:00,21730,GLASS STAR FROSTED T-LIGHT HOLDER,2,4.95,16719,United Kingdom
495584,2010-01-26 10:13:00,37327,ASSTD MULTICOLOUR CIRCLES MUG,2,1.69,16719,United Kingdom
495584,2010-01-26 10:13:00,20769,DAISY JOURNAL ,2,2.55,16719,United Kingdom
495584,2010-01-26 10:13:00,22109,FULL ENGLISH BREAKFAST PLATE,2,3.75,16719,United Kingdom
495584,2010-01-26 10:13:00,72023F,RED ORGANIC CANDLE IN GLASS,6,1.25,16719,United Kingdom
495584,2010-01-26 10:13:00,17003,BROCADE RING PURSE ,66,0.21,16719,United Kingdom
495706,2010-01-26 13:04:00,22147,FELTCRAFT BUTTERFLY HEARTS,1,1.45,15003,United Kingdom
495706,2010-01-26 13:04:00,70006,LOVE HEART POCKET WARMER,1,1.65,15003,United Kingdom
495706,2010-01-26 13:04:00,22066,LOVE HEART TRINKET POT,2,1.45,15003,United Kingdom
495706,2010-01-26 13:04:00,22287,"DECORATION , WOBBLY CHICKEN, METAL ",1,1.65,15003,United Kingdom
495706,2010-01-26 13:04:00,22247,BUNNY DECORATION MAGIC GARDEN,1,0.85,15003,United Kingdom
495706,2010-01-26 13:04:00,90167,BEADED LOVE HEART JEWELLERY SET,12,0.85,15003,United Kingdom
495706,2010-01-26 13:04:00,22251,BIRDHOUSE DECORATION MAGIC GARDEN,1,1.25,15003,United Kingdom
495706,2010-01-26 13:04:00,22243,"HOOK, 5 HANGER ,MAGIC TOADSTOOL RED",1,1.65,15003,United Kingdom
495706,2010-01-26 13:04:00,22268,EASTER DECORATION SITTING BUNNY,1,0.85,15003,United Kingdom
495706,2010-01-26 13:04:00,22147,FELTCRAFT BUTTERFLY HEARTS,1,1.45,15003,United Kingdom
495706,2010-01-26 13:04:00,20976,12 PENCILS SMALL TUBE POSY,1,0.65,15003,United Kingdom
495706,2010-01-26 13:04:00,22176,BLUE OWL SOFT TOY,1,2.95,15003,United Kingdom
495706,2010-01-26 13:04:00,16239,BALLERINA HEART DECORATION.,1,2.95,15003,United Kingdom
495706,2010-01-26 13:04:00,21872,GLAMOROUS  MUG,1,1.25,15003,United Kingdom
495706,2010-01-26 13:04:00,37370,RETRO COFFEE MUGS ASSORTED,1,1.25,15003,United Kingdom
495706,2010-01-26 13:04:00,21876,POTTERING MUG,1,1.25,15003,United Kingdom
495706,2010-01-26 13:04:00,21877,HOME SWEET HOME MUG,1,1.25,15003,United Kingdom
495706,2010-01-26 13:04:00,20981,12 PENCILS TALL TUBE WOODLAND,1,0.85,15003,United Kingdom
495706,2010-01-26 13:04:00,20983,12 PENCILS TALL TUBE RED SPOTTY,1,0.85,15003,United Kingdom
495706,2010-01-26 13:04:00,20974,12 PENCILS SMALL TUBE SKULL,1,0.65,15003,United Kingdom
495706,2010-01-26 13:04:00,22251,BIRDHOUSE DECORATION MAGIC GARDEN,1,1.25,15003,United Kingdom
495706,2010-01-26 13:04:00,84884A,ANT WHITE WIRE HEART SPIRAL,1,3.95,15003,United Kingdom
495706,2010-01-26 13:04:00,22233,JIGSAW RABBIT AND BIRDHOUSE,2,1.65,15003,United Kingdom
495706,2010-01-26 13:04:00,35971,ROSE FOLKART HEART DECORATIONS,4,1.25,15003,United Kingdom
495706,2010-01-26 13:04:00,22267,EASTER DECORATION EGG BUNNY ,1,1.25,15003,United Kingdom
495706,2010-01-26 13:04:00,79067,CORONA MEXICAN TRAY,1,3.75,15003,United Kingdom
495706,2010-01-26 13:04:00,21557,SET OF 6 FUNKY BEAKERS,1,2.95,15003,United Kingdom
495706,2010-01-26 13:04:00,85184C,S/4 VALENTINE DECOUPAGE HEART BOX,2,2.95,15003,United Kingdom
495706,2010-01-26 13:04:00,70006,LOVE HEART POCKET WARMER,1,1.65,15003,United Kingdom
495706,2010-01-26 13:04:00,22245,"HOOK, 1 HANGER ,MAGIC GARDEN",1,0.85,15003,United Kingdom
495706,2010-01-26 13:04:00,84836,ZINC METAL HEART DECORATION,1,1.25,15003,United Kingdom
495706,2010-01-26 13:04:00,21390,FILIGRIS HEART WITH BUTTERFLY,2,1.25,15003,United Kingdom
495706,2010-01-26 13:04:00,21977,PACK OF 60 PINK PAISLEY CAKE CASES,2,0.55,15003,United Kingdom
495706,2010-01-26 13:04:00,22247,BUNNY DECORATION MAGIC GARDEN,1,0.85,15003,United Kingdom
495706,2010-01-26 13:04:00,22156,HEART DECORATION WITH PEARLS ,4,0.85,15003,United Kingdom
495706,2010-01-26 13:04:00,22230,JIGSAW TREE WITH WATERING CAN,2,0.85,15003,United Kingdom
495706,2010-01-26 13:04:00,22267,EASTER DECORATION EGG BUNNY ,1,1.25,15003,United Kingdom
495706,2010-01-26 13:04:00,22287,"DECORATION , WOBBLY CHICKEN, METAL ",1,1.65,15003,United Kingdom
495706,2010-01-26 13:04:00,22291,"SPRING DEC , HANGING CHICK CREAM",2,1.45,15003,United Kingdom
495706,2010-01-26 13:04:00,21811,CHRISTMAS HANGING HEART WITH BELL,1,1.25,15003,United Kingdom
495706,2010-01-26 13:04:00,84991,60 TEATIME FAIRY CAKE CASES,2,0.55,15003,United Kingdom
495706,2010-01-26 13:04:00,21125,SET 6 FOOTBALL CELEBRATION CANDLES,1,1.25,15003,United Kingdom
495706,2010-01-26 13:04:00,85032A,ROMANTIC IMAGES GIFT WRAP SET,1,2.1,15003,United Kingdom
495706,2010-01-26 13:04:00,21677,HEARTS  STICKERS,6,0.85,15003,United Kingdom
495706,2010-01-26 13:04:00,22241,GARLAND WOODEN HAPPY EASTER,1,1.25,15003,United Kingdom
495706,2010-01-26 13:04:00,22242,"HOOK, 5 HANGER , MAGIC TOADSTOOL",1,1.65,15003,United Kingdom
495706,2010-01-26 13:04:00,22268,EASTER DECORATION SITTING BUNNY,1,0.85,15003,United Kingdom
495706,2010-01-26 13:04:00,21811,CHRISTMAS HANGING HEART WITH BELL,1,1.25,15003,United Kingdom
495706,2010-01-26 13:04:00,90057,DIAMANTE RING ASSORTED IN BOX.,24,3.39,15003,United Kingdom
495706,2010-01-26 13:04:00,84270,ASSTD DESIGN BUBBLE GUM RING,30,0.21,15003,United Kingdom
495706,2010-01-26 13:04:00,21733,RED HANGING HEART T-LIGHT HOLDER,1,2.95,15003,United Kingdom
495706,2010-01-26 13:04:00,21579,LOLITA  DESIGN  COTTON TOTE BAG,1,2.25,15003,United Kingdom
495706,2010-01-26 13:04:00,72741,GRAND CHOCOLATECANDLE,9,1.45,15003,United Kingdom
495706,2010-01-26 13:04:00,84868B,BLUE BABY BOY'S MEMORY BOX,1,6.95,15003,United Kingdom
495706,2010-01-26 13:04:00,84868A,PINK BABY GIRL'S MEMORY BOX,1,6.95,15003,United Kingdom
495706,2010-01-26 13:04:00,84880,WHITE WIRE EGG HOLDER,1,5.95,15003,United Kingdom
495706,2010-01-26 13:04:00,84405A,S/3 PINK COL METAL BASKET W HANDLE,1,12.75,15003,United Kingdom
495706,2010-01-26 13:04:00,47559B,TEA TIME OVEN GLOVE,2,1.25,15003,United Kingdom
495706,2010-01-26 13:04:00,84997C,BLUE 3 PIECE MINI DOTS CUTLERY SET,1,3.75,15003,United Kingdom
495706,2010-01-26 13:04:00,47310M,"SMALL POP BOX,FUNKY MONKEY",1,1.25,15003,United Kingdom
495706,2010-01-26 13:04:00,22165,"DIAMANTE HEART SHAPED WALL MIRROR, ",1,12.75,15003,United Kingdom
495706,2010-01-26 13:04:00,72807A,SET/3 ROSE CANDLE IN JEWELLED BOX,1,4.25,15003,United Kingdom
495706,2010-01-26 13:04:00,85206B,PINK FELT EASTER EGG BASKET,1,1.65,15003,United Kingdom
495706,2010-01-26 13:04:00,85206A,CREAM FELT EASTER EGG BASKET,1,1.65,15003,United Kingdom
495706,2010-01-26 13:04:00,22021,BLUE FELT EASTER EGG BASKET,1,1.65,15003,United Kingdom
495706,2010-01-26 13:04:00,22384,LUNCHBAG PINK RETROSPOT,1,1.65,15003,United Kingdom
495706,2010-01-26 13:04:00,22382,LUNCHBAG SPACEBOY DESIGN ,1,1.65,15003,United Kingdom
495706,2010-01-26 13:04:00,21482,MUSHROOM BLUE HOT WATER BOTTLE,1,2.95,15003,United Kingdom
495706,2010-01-26 13:04:00,21481,FAWN BLUE HOT WATER BOTTLE,1,2.95,15003,United Kingdom
495706,2010-01-26 13:04:00,37448,CERAMIC CAKE DESIGN SPOTTED MUG,1,1.49,15003,United Kingdom
495706,2010-01-26 13:04:00,21561,DINOSAUR LUNCHBOX WITH CUTLERY,1,2.55,15003,United Kingdom
495706,2010-01-26 13:04:00,85130A,BEADED PEARL HEART WHITE LARGE,2,1.65,15003,United Kingdom
495706,2010-01-26 13:04:00,48188,DOOR MAT WELCOME PUPPIES,1,6.75,15003,United Kingdom
495706,2010-01-26 13:04:00,22415,WHITE TISSUE REAM,1,7.95,15003,United Kingdom
495706,2010-01-26 13:04:00,21438,TUB 24 HANGING EASTER EGGS SPOTTY,1,3.75,15003,United Kingdom
495706,2010-01-26 13:04:00,21126,SET OF 6 GIRLS CELEBRATION CANDLES,1,1.25,15003,United Kingdom
495706,2010-01-26 13:04:00,20675,BLUE SPOTTY BOWL,1,1.25,15003,United Kingdom
495706,2010-01-26 13:04:00,20672,PINK TEATIME PRINT BOWL,1,1.25,15003,United Kingdom
495706,2010-01-26 13:04:00,20677,PINK SPOTTY BOWL,1,1.25,15003,United Kingdom
495706,2010-01-26 13:04:00,20671,BLUE TEATIME PRINT BOWL ,1,1.25,15003,United Kingdom
495706,2010-01-26 13:04:00,37502,TEA TIME MUG IN GIFT BOX,2,2.95,15003,United Kingdom
495706,2010-01-26 13:04:00,72802B,OCEAN SCENT CANDLE IN JEWELLED BOX,1,4.25,15003,United Kingdom
495706,2010-01-26 13:04:00,21559,STRAWBERRY LUNCHBOX WITH CUTLERY,1,2.55,15003,United Kingdom
495706,2010-01-26 13:04:00,22111,SCOTTIE DOG HOT WATER BOTTLE,1,4.95,15003,United Kingdom
495706,2010-01-26 13:04:00,21478,SILVER SKULL HOT WATER BOTTLE ,1,3.75,15003,United Kingdom
495706,2010-01-26 13:04:00,85032B,BLOSSOM IMAGES GIFT WRAP SET,1,2.1,15003,United Kingdom
495706,2010-01-26 13:04:00,48185,DOOR MAT FAIRY CAKE,1,6.75,15003,United Kingdom
495706,2010-01-26 13:04:00,85189,HANGING BUTTERFLY  EGG,2,0.85,15003,United Kingdom
495706,2010-01-26 13:04:00,21823,PAINTED METAL HEART WITH HOLLY BELL,4,1.45,15003,United Kingdom
495706,2010-01-26 13:04:00,21384,IVORY HANGING DECORATION  BUTTERFLY,2,0.85,15003,United Kingdom
495706,2010-01-26 13:04:00,84459A,PINK METAL CHICKEN HEART ,4,1.49,15003,United Kingdom
495706,2010-01-26 13:04:00,21159,MOODY BOY  DOOR HANGER ,1,1.45,15003,United Kingdom
495706,2010-01-26 13:04:00,21723,ALPHABET HEARTS STICKER SHEET,2,0.85,15003,United Kingdom
495706,2010-01-26 13:04:00,21726,MULTI HEARTS  STICKERS,2,0.85,15003,United Kingdom
495706,2010-01-26 13:04:00,21158,MOODY GIRL DOOR HANGER ,1,1.45,15003,United Kingdom
495706,2010-01-26 13:04:00,84997D,PINK 3 PIECE MINI DOTS CUTLERY SET,1,3.75,15003,United Kingdom
495706,2010-01-26 13:04:00,85123A,WHITE HANGING HEART T-LIGHT HOLDER,1,2.95,15003,United Kingdom
495706,2010-01-26 13:04:00,85019A,ROMANTIC IMAGES NOTEBOOK SET,1,4.25,15003,United Kingdom
496345,2010-01-31 15:55:00,82551,LAUNDRY 15C METAL SIGN,12,1.25,15317,United Kingdom
496345,2010-01-31 15:55:00,22185,SLATE TILE NATURAL HANGING,12,1.65,15317,United Kingdom
496345,2010-01-31 15:55:00,82494L,WOODEN FRAME ANTIQUE WHITE ,6,2.95,15317,United Kingdom
496345,2010-01-31 15:55:00,84880,WHITE WIRE EGG HOLDER,12,4.95,15317,United Kingdom
496345,2010-01-31 15:55:00,21754,HOME BUILDING BLOCK WORD,3,5.95,15317,United Kingdom
496644,2010-02-03 11:58:00,84997B,RED 3 PIECE MINI DOTS CUTLERY SET,1,3.75,15003,United Kingdom
496644,2010-02-03 11:58:00,72023F,RED ORGANIC CANDLE IN GLASS,2,1.25,15003,United Kingdom
496644,2010-02-03 11:58:00,85231E,STRAWBERRY SCENTED SET/9 T-LIGHTS,1,0.85,15003,United Kingdom
496644,2010-02-03 11:58:00,85231B,CINAMMON SET OF 9 T-LIGHTS,1,0.85,15003,United Kingdom
496644,2010-02-03 11:58:00,21457,2 PICTURE BOOK EGGS EASTER DUCKS,1,1.25,15003,United Kingdom
496644,2010-02-03 11:58:00,21458,2 PICTURE BOOK EGGS EASTER BUNNY,1,1.25,15003,United Kingdom
496644,2010-02-03 11:58:00,84880,WHITE WIRE EGG HOLDER,1,5.95,15003,United Kingdom
496644,2010-02-03 11:58:00,22353,LUNCHBOX WITH CUTLERY FAIRY CAKES ,1,2.55,15003,United Kingdom
496644,2010-02-03 11:58:00,22352,LUNCHBOX WITH CUTLERY RETROSPOT ,1,2.55,15003,United Kingdom
496644,2010-02-03 11:58:00,21561,DINOSAUR LUNCHBOX WITH CUTLERY,1,2.55,15003,United Kingdom
496644,2010-02-03 11:58:00,20728,LUNCH BAG CARS BLUE,1,1.65,15003,United Kingdom
496644,2010-02-03 11:58:00,85232D,SET/3 DECOUPAGE STACKING TINS,1,4.95,15003,United Kingdom
496644,2010-02-03 11:58:00,85008,SET OF 3 CONEY ISLAND OVAL BOXES,1,4.95,15003,United Kingdom
496644,2010-02-03 11:58:00,84674,FLYING PIG WATERING CAN,1,2.95,15003,United Kingdom
496644,2010-02-03 11:58:00,84675,FROG KING WATERING CAN,1,2.95,15003,United Kingdom
496644,2010-02-03 11:58:00,84519B,CARROT CHARLIE+LOLA COASTER SET,1,2.95,15003,United Kingdom
496644,2010-02-03 11:58:00,84519A,TOMATO CHARLIE+LOLA COASTER SET,1,2.95,15003,United Kingdom
496644,2010-02-03 11:58:00,90214V,"LETTER ""V"" BLING KEY RING",1,1.25,15003,United Kingdom
496644,2010-02-03 11:58:00,20993,JAZZ HEARTS MEMO PAD,2,0.85,15003,United Kingdom
496644,2010-02-03 11:58:00,90214J,"LETTER ""J"" BLING KEY RING",1,1.25,15003,United Kingdom
496644,2010-02-03 11:58:00,84997C,BLUE 3 PIECE MINI DOTS CUTLERY SET,1,3.75,15003,United Kingdom
496644,2010-02-03 11:58:00,22383,LUNCH BAG SUKI  DESIGN ,1,1.65,15003,United Kingdom
496644,2010-02-03 11:58:00,84378,SET OF 3 HEART COOKIE CUTTERS,2,1.25,15003,United Kingdom
496644,2010-02-03 11:58:00,21733,RED HANGING HEART T-LIGHT HOLDER,2,2.95,15003,United Kingdom
496644,2010-02-03 11:58:00,35918B,BLUE FLORIBUNDA EGG WARMER,1,1.25,15003,United Kingdom
496644,2010-02-03 11:58:00,21106,CREAM SLICE FLANNEL CHOCOLATE SPOT ,1,2.95,15003,United Kingdom
496644,2010-02-03 11:58:00,21107,CREAM SLICE FLANNEL PINK SPOT ,1,2.95,15003,United Kingdom
496644,2010-02-03 11:58:00,85123A,WHITE HANGING HEART T-LIGHT HOLDER,3,2.95,15003,United Kingdom
496644,2010-02-03 11:58:00,21642,ASSORTED TUTTI FRUTTI PEN,3,0.85,15003,United Kingdom
496644,2010-02-03 11:58:00,35914,PINK CHICK EGG WARMER + EGG CUP,1,2.1,15003,United Kingdom
496644,2010-02-03 11:58:00,85049E,SCANDINAVIAN REDS RIBBONS,1,1.25,15003,United Kingdom
496644,2010-02-03 11:58:00,85049F,BABY BOOM RIBBONS ,1,1.25,15003,United Kingdom
496644,2010-02-03 11:58:00,21945,STRAWBERRIES  DESIGN FLANNEL ,1,0.85,15003,United Kingdom
496644,2010-02-03 11:58:00,21944,KITTENS DESIGN FLANNEL,1,0.85,15003,United Kingdom
496644,2010-02-03 11:58:00,21943,CAKES AND RABBITS DESIGN FLANNEL ,1,0.85,15003,United Kingdom
496644,2010-02-03 11:58:00,10125,MINI FUNKY DESIGN TAPES,2,0.85,15003,United Kingdom
496644,2010-02-03 11:58:00,21875,KINGS CHOICE MUG,1,1.25,15003,United Kingdom
496644,2010-02-03 11:58:00,37370,RETRO COFFEE MUGS ASSORTED,1,1.25,15003,United Kingdom
496644,2010-02-03 11:58:00,21869,POTTING SHED COFFEE MUG,1,1.25,15003,United Kingdom
496644,2010-02-03 11:58:00,21871,SAVE THE PLANET MUG,1,1.25,15003,United Kingdom
496644,2010-02-03 11:58:00,37370,RETRO COFFEE MUGS ASSORTED,1,1.25,15003,United Kingdom
496644,2010-02-03 11:58:00,21892,TRADITIONAL WOODEN CATCH CUP GAME ,4,1.25,15003,United Kingdom
496644,2010-02-03 11:58:00,84437A,S/6 PINK EASTER DECS IN BOX,2,0.85,15003,United Kingdom
496644,2010-02-03 11:58:00,21383,PACK OF 12 STICKY BUNNIES,2,0.65,15003,United Kingdom
496644,2010-02-03 11:58:00,84459B,YELLOW METAL CHICKEN HEART ,2,1.49,15003,United Kingdom
496644,2010-02-03 11:58:00,21942,SKULLS DESIGN FLANNEL,1,0.85,15003,United Kingdom
496677,2010-02-03 12:46:00,84987,SET OF 36 TEATIME PAPER DOILIES,2,1.45,16081,United Kingdom
496677,2010-02-03 12:46:00,84988,SET OF 72 PINK HEART PAPER DOILIES,2,1.45,16081,United Kingdom
496677,2010-02-03 12:46:00,47556B,TEA TIME TEA TOWELS ,3,2.95,16081,United Kingdom
496677,2010-02-03 12:46:00,37502,TEA TIME MUG IN GIFT BOX,1,2.95,16081,United Kingdom
496677,2010-02-03 12:46:00,21125,SET 6 FOOTBALL CELEBRATION CANDLES,1,1.25,16081,United Kingdom
496677,2010-02-03 12:46:00,84219,BOX/12 MOTHER & CHICK IN BASKET/BOW,1,2.55,16081,United Kingdom
496677,2010-02-03 12:46:00,22139,RETRO SPOT TEA SET CERAMIC 11 PC ,1,4.95,16081,United Kingdom
496677,2010-02-03 12:46:00,22059,CERAMIC STRWBERRY DESIGN MUG,1,1.49,16081,United Kingdom
496677,2010-02-03 12:46:00,22064,PINK DOUGHNUT TRINKET POT ,4,1.65,16081,United Kingdom
496677,2010-02-03 12:46:00,72741,GRAND CHOCOLATECANDLE,9,1.45,16081,United Kingdom
496677,2010-02-03 12:46:00,22063,CERAMIC BOWL WITH STRAWBERRY DESIGN,2,2.95,16081,United Kingdom
496677,2010-02-03 12:46:00,37495,FAIRY CAKE BIRTHDAY CANDLE SET,1,3.75,16081,United Kingdom
496677,2010-02-03 12:46:00,21232,STRAWBERRY CERAMIC TRINKET BOX,2,1.25,16081,United Kingdom
496677,2010-02-03 12:46:00,84997D,PINK 3 PIECE MINI DOTS CUTLERY SET,1,3.75,16081,United Kingdom
496677,2010-02-03 12:46:00,22054,MINI CAKE STAND HANGING HEARTS,1,1.65,16081,United Kingdom
496677,2010-02-03 12:46:00,37503,TEA TIME CAKE STAND IN GIFT BOX,1,10.75,16081,United Kingdom
496677,2010-02-03 12:46:00,20855,PINK PATCH PURSE BLUE HEART,2,1.65,16081,United Kingdom
496677,2010-02-03 12:46:00,20854,BLUE PATCH PURSE PINK HEART,1,1.65,16081,United Kingdom
496677,2010-02-03 12:46:00,84997C,BLUE 3 PIECE MINI DOTS CUTLERY SET,1,3.75,16081,United Kingdom
496677,2010-02-03 12:46:00,47598,NEW ENGLAND EGG WARMER,2,0.55,16081,United Kingdom
496677,2010-02-03 12:46:00,48185,DOOR MAT FAIRY CAKE,1,6.75,16081,United Kingdom
496677,2010-02-03 12:46:00,37502,TEA TIME MUG IN GIFT BOX,1,2.95,16081,United Kingdom
496677,2010-02-03 12:46:00,37447,CERAMIC CAKE DESIGN SPOTTED PLATE,3,1.49,16081,United Kingdom
496677,2010-02-03 12:46:00,22057,CERAMIC PLATE STRAWBERRY DESIGN,2,1.49,16081,United Kingdom
496677,2010-02-03 12:46:00,22059,CERAMIC STRWBERRY DESIGN MUG,1,1.49,16081,United Kingdom
496677,2010-02-03 12:46:00,22054,MINI CAKE STAND HANGING HEARTS,1,1.65,16081,United Kingdom
496705,2010-02-03 13:29:00,22098,BOUDOIR SQUARE TISSUE BOX,12,1.25,15448,United Kingdom
496705,2010-02-03 13:29:00,21257,VICTORIAN SEWING BOX MEDIUM,2,7.95,15448,United Kingdom
496705,2010-02-03 13:29:00,84050,PINK HEART SHAPE EGG FRYING PAN,6,1.65,15448,United Kingdom
496705,2010-02-03 13:29:00,22215,CAKE STAND WHITE TWO TIER LACE,2,8.5,15448,United Kingdom
496705,2010-02-03 13:29:00,22096,PINK PAISLEY SQUARE TISSUE BOX ,12,1.25,15448,United Kingdom
496705,2010-02-03 13:29:00,21985,PACK OF 12 HEARTS DESIGN TISSUES ,48,0.29,15448,United Kingdom
496705,2010-02-03 13:29:00,22133,PINK LOVE HEART SHAPE CUP,12,0.85,15448,United Kingdom
496705,2010-02-03 13:29:00,22196,SMALL HEART MEASURING SPOONS,12,0.85,15448,United Kingdom
496705,2010-02-03 13:29:00,22195,LARGE HEART MEASURING SPOONS,12,1.65,15448,United Kingdom
496705,2010-02-03 13:29:00,21498,RED SPOTS  WRAP ,25,0.42,15448,United Kingdom
496705,2010-02-03 13:29:00,22228,BUNNY WOODEN PAINTED WITH BIRD ,12,0.85,15448,United Kingdom
496705,2010-02-03 13:29:00,22231,JIGSAW TREE WITH BIRDHOUSE,12,1.45,15448,United Kingdom
496705,2010-02-03 13:29:00,21499,BLUE SPOTS  WRAP,25,0.42,15448,United Kingdom
496705,2010-02-03 13:29:00,22189,CREAM HEART CARD HOLDER,4,3.95,15448,United Kingdom
496705,2010-02-03 13:29:00,22358,KINGS CHOICE TEA CADDY ,6,2.95,15448,United Kingdom
496705,2010-02-03 13:29:00,22253,6 CROCHET STRAWBERRIES,12,1.25,15448,United Kingdom
496705,2010-02-03 13:29:00,84884A,ANT WHITE WIRE HEART SPIRAL,5,3.95,15448,United Kingdom
496705,2010-02-03 13:29:00,22382,LUNCHBAG SPACEBOY DESIGN ,10,1.65,15448,United Kingdom
496705,2010-02-03 13:29:00,22230,JIGSAW TREE WITH WATERING CAN,12,0.85,15448,United Kingdom
496705,2010-02-03 13:29:00,21383,PACK OF 12 STICKY BUNNIES,12,0.65,15448,United Kingdom
496705,2010-02-03 13:29:00,20750, RED/WHITE DOT MINI CASES,2,7.95,15448,United Kingdom
497056,2010-02-05 14:47:00,21106,CREAM SLICE FLANNEL CHOCOLATE SPOT ,6,2.95,14682,United Kingdom
497056,2010-02-05 14:47:00,72741,GRAND CHOCOLATECANDLE,18,1.45,14682,United Kingdom
497056,2010-02-05 14:47:00,22183,CAKE STAND VICTORIAN FILIGREE MED,3,6.75,14682,United Kingdom
497056,2010-02-05 14:47:00,20747,PICCADILLY TEA SET,2,14.95,14682,United Kingdom
497056,2010-02-05 14:47:00,20748,KENSINGTON COFFEE SET,1,12.75,14682,United Kingdom
497056,2010-02-05 14:47:00,84510A,SET OF 4 ENGLISH ROSE COASTERS,10,1.25,14682,United Kingdom
497056,2010-02-05 14:47:00,84509A,ENGLISH ROSE PLACEMATS,4,3.75,14682,United Kingdom
497056,2010-02-05 14:47:00,84520B,PACK 20 ENGLISH ROSE PAPER NAPKINS,12,0.85,14682,United Kingdom
497056,2010-02-05 14:47:00,47570,ENGLISH ROSE TABLE CLOTH,2,10.65,14682,United Kingdom
497056,2010-02-05 14:47:00,21107,CREAM SLICE FLANNEL PINK SPOT ,6,2.95,14682,United Kingdom
497056,2010-02-05 14:47:00,47568,ENGLISH ROSE DESIGN PEG BAG,6,2.1,14682,United Kingdom
497056,2010-02-05 14:47:00,21986,PACK OF 12 PINK SPOT TISSUES ,48,0.29,14682,United Kingdom
497056,2010-02-05 14:47:00,20886,BOX OF 9 PEBBLE CANDLES,6,1.95,14682,United Kingdom
497056,2010-02-05 14:47:00,72351A,SET/6 TURQUOISE BUTTERFLY T-LIGHTS,12,2.1,14682,United Kingdom
497056,2010-02-05 14:47:00,21256,"FRENCH BOTTLE, BRASSERIE DES ARTIST",6,1.65,14682,United Kingdom
497056,2010-02-05 14:47:00,21742,LARGE ROUND WICKER PLATTER ,2,5.95,14682,United Kingdom
497056,2010-02-05 14:47:00,85067,CREAM SWEETHEART WALL CABINET,1,18.95,14682,United Kingdom
497056,2010-02-05 14:47:00,21108,FAIRY CAKE FLANNEL ASSORTED COLOUR,9,2.55,14682,United Kingdom
497056,2010-02-05 14:47:00,82486,WOOD S/3 CABINET ANT WHITE FINISH,2,7.95,14682,United Kingdom
497056,2010-02-05 14:47:00,79323G,GOLD  CHERRY LIGHTS,4,6.75,14682,United Kingdom
497056,2010-02-05 14:47:00,20749,ASSORTED COLOUR MINI CASES,2,7.95,14682,United Kingdom
497056,2010-02-05 14:47:00,82494L,WOODEN FRAME ANTIQUE WHITE ,6,2.95,14682,United Kingdom
497073,2010-02-05 14:52:00,21765,HANGING METAL BIRD BATH,2,7.95,16168,United Kingdom
497073,2010-02-05 14:52:00,75049L,LARGE CIRCULAR MIRROR MOBILE,6,1.25,16168,United Kingdom
497073,2010-02-05 14:52:00,21186,WHITE DOVE HONEYCOMB PAPER GARLAND,12,1.65,16168,United Kingdom
497073,2010-02-05 14:52:00,22499,WOODEN UNION JACK BUNTING,3,5.95,16168,United Kingdom
497073,2010-02-05 14:52:00,72008,FROSTED BOX 9 WHITE T-LIGHT CANDLES,24,0.42,16168,United Kingdom
497073,2010-02-05 14:52:00,22498,WOODEN REGATTA BUNTING,3,5.95,16168,United Kingdom
497229,2010-02-08 09:16:00,21414,SCALLOP SHELL SOAP DISH,6,2.1,17342,United Kingdom
497229,2010-02-08 09:16:00,79323W, WHITE CHERRY LIGHTS,4,6.75,17342,United Kingdom
497229,2010-02-08 09:16:00,22179,SET 10 LIGHTS NIGHT OWL,4,6.75,17342,United Kingdom
497229,2010-02-08 09:16:00,85179B,WHITE BITTY LIGHT CHAIN ,3,4.65,17342,United Kingdom
497229,2010-02-08 09:16:00,21983,PACK OF 12 BLUE PAISLEY TISSUES ,48,0.29,17342,United Kingdom
497229,2010-02-08 09:16:00,21985,PACK OF 12 HEARTS DESIGN TISSUES ,48,0.29,17342,United Kingdom
497229,2010-02-08 09:16:00,21328,BALLOONS  WRITING SET ,12,1.65,17342,United Kingdom
497229,2010-02-08 09:16:00,22216,T-LIGHT HOLDER WHITE LACE,12,0.85,17342,United Kingdom
497229,2010-02-08 09:16:00,22276,WASH BAG VINTAGE ROSE PAISLEY,6,2.55,17342,United Kingdom
497229,2010-02-08 09:16:00,82615,PINK MARSHMALLOW SCARF KNITTING KIT,6,2.95,17342,United Kingdom
497229,2010-02-08 09:16:00,84032A,CHARLIE+LOLA PINK HOT WATER BOTTLE,6,2.95,17342,United Kingdom
497229,2010-02-08 09:16:00,17107D,"FLOWER FAIRY,5 SUMMER B'DRAW LINERS",12,2.55,17342,United Kingdom
497229,2010-02-08 09:16:00,21485,RED SPOT HEART HOT WATER BOTTLE,6,4.95,17342,United Kingdom
497229,2010-02-08 09:16:00,21666, RIDGED GLASS T-LIGHT HOLDER,36,0.65,17342,United Kingdom
497229,2010-02-08 09:16:00,85132A,CHARLIE + LOLA BISCUITS TINS,4,9.95,17342,United Kingdom
497388,2010-02-09 12:23:00,22210,WOOD STAMP SET BEST WISHES,1,1.65,15003,United Kingdom
497388,2010-02-09 12:23:00,22208,WOOD STAMP SET THANK YOU,1,1.65,15003,United Kingdom
497388,2010-02-09 12:23:00,47505,MINATURE COLOURED GARDENING SET,1,4.95,15003,United Kingdom
497388,2010-02-09 12:23:00,20727,LUNCH BAG  BLACK SKULL.,1,1.65,15003,United Kingdom
497388,2010-02-09 12:23:00,20726,LUNCH BAG WOODLAND,1,1.65,15003,United Kingdom
497388,2010-02-09 12:23:00,22383,LUNCH BAG SUKI  DESIGN ,2,1.65,15003,United Kingdom
497388,2010-02-09 12:23:00,20726,LUNCH BAG WOODLAND,1,1.65,15003,United Kingdom
497388,2010-02-09 12:23:00,22382,LUNCH BAG SPACEBOY DESIGN ,2,1.65,15003,United Kingdom
497388,2010-02-09 12:23:00,21846,PINK DIAMANTE PEN IN GIFT BOX,1,4.95,15003,United Kingdom
497388,2010-02-09 12:23:00,20988,TRELLIS FLOWER CHOPSTICKS SET/5,1,1.95,15003,United Kingdom
497388,2010-02-09 12:23:00,21355,TOAST ITS - I LOVE YOU ,1,1.25,15003,United Kingdom
497388,2010-02-09 12:23:00,21357,TOAST ITS - DINOSAUR,1,1.25,15003,United Kingdom
497388,2010-02-09 12:23:00,21356,TOAST ITS - FAIRY FLOWER,1,1.25,15003,United Kingdom
497388,2010-02-09 12:23:00,21358,TOAST ITS - HAPPY BIRTHDAY,1,1.25,15003,United Kingdom
497388,2010-02-09 12:23:00,21354,TOAST ITS - BEST MUM,1,1.25,15003,United Kingdom
497388,2010-02-09 12:23:00,84380,SET OF 3 BUTTERFLY COOKIE CUTTERS,1,1.25,15003,United Kingdom
497388,2010-02-09 12:23:00,20727,LUNCH BAG  BLACK SKULL.,2,1.65,15003,United Kingdom
497388,2010-02-09 12:23:00,84192,ASSORTED COLOUR METAL CAT ,1,1.25,15003,United Kingdom
497388,2010-02-09 12:23:00,21169,YOU'RE CONFUSING ME METAL SIGN ,1,1.69,15003,United Kingdom
497388,2010-02-09 12:23:00,84192,ASSORTED COLOUR METAL CAT ,1,1.25,15003,United Kingdom
497388,2010-02-09 12:23:00,21901,"KEY FOB , BACK DOOR ",2,0.65,15003,United Kingdom
497388,2010-02-09 12:23:00,21902,"KEY FOB , FRONT  DOOR ",1,0.65,15003,United Kingdom
497388,2010-02-09 12:23:00,21902,"KEY FOB , FRONT  DOOR ",2,0.65,15003,United Kingdom
497388,2010-02-09 12:23:00,21899,"KEY FOB , GARAGE DESIGN",2,0.65,15003,United Kingdom
497388,2010-02-09 12:23:00,21523,DOOR MAT FANCY FONT HOME SWEET HOME,1,7.49,15003,United Kingdom
497388,2010-02-09 12:23:00,22165,"DIAMANTE HEART SHAPED WALL MIRROR, ",2,12.75,15003,United Kingdom
497388,2010-02-09 12:23:00,22353,LUNCHBOX WITH CUTLERY FAIRY CAKES ,1,2.55,15003,United Kingdom
497388,2010-02-09 12:23:00,21900,"KEY FOB , SHED",3,0.65,15003,United Kingdom
497388,2010-02-09 12:23:00,20996,JAZZ HEARTS ADDRESS BOOK,2,0.42,15003,United Kingdom
497388,2010-02-09 12:23:00,21559,STRAWBERRY LUNCHBOX WITH CUTLERY,1,2.55,15003,United Kingdom
497388,2010-02-09 12:23:00,84519A,TOMATO CHARLIE+LOLA COASTER SET,1,2.95,15003,United Kingdom
497388,2010-02-09 12:23:00,84519B,CARROT CHARLIE+LOLA COASTER SET,1,2.95,15003,United Kingdom
497388,2010-02-09 12:23:00,84519A,TOMATO CHARLIE+LOLA COASTER SET,1,2.95,15003,United Kingdom
497388,2010-02-09 12:23:00,84192,ASSORTED COLOUR METAL CAT ,1,1.25,15003,United Kingdom
497388,2010-02-09 12:23:00,22209,WOOD STAMP SET HAPPY BIRTHDAY,1,1.65,15003,United Kingdom
497388,2010-02-09 12:23:00,20992,JAZZ HEARTS PURSE NOTEBOOK,2,0.85,15003,United Kingdom
497388,2010-02-09 12:23:00,84519B,CARROT CHARLIE+LOLA COASTER SET,1,2.95,15003,United Kingdom
497393,2010-02-09 13:08:00,22122,SET OF 2 FANCY FONT TEA TOWELS,12,2.95,13976,United Kingdom
497393,2010-02-09 13:08:00,90210C,RED   ACRYLIC FACETED BANGLE,6,2.95,13976,United Kingdom
497393,2010-02-09 13:08:00,90210D,PURPLE ACRYLIC FACETED BANGLE,6,2.95,13976,United Kingdom
497393,2010-02-09 13:08:00,90143,SILVER BRACELET W PASTEL FLOWER,2,7.5,13976,United Kingdom
497393,2010-02-09 13:08:00,90010E,AMBER GLASS/SILVER BRACELET,2,8.95,13976,United Kingdom
497393,2010-02-09 13:08:00,90010A,MIDNIGHT BLUE GLASS/SILVER BRACELET,2,8.95,13976,United Kingdom
497393,2010-02-09 13:08:00,21076,SET/20 COLLAGE PAPER NAPKIN ,12,0.85,13976,United Kingdom
497393,2010-02-09 13:08:00,21845,DAIRY MAID STRIPE MUG,6,2.95,13976,United Kingdom
497393,2010-02-09 13:08:00,21067,VINTAGE RED TEATIME MUG,12,1.25,13976,United Kingdom
497393,2010-02-09 13:08:00,22180,RETRO SPOT LAMP,2,9.95,13976,United Kingdom
497393,2010-02-09 13:08:00,21871,SAVE THE PLANET MUG,12,1.25,13976,United Kingdom
497393,2010-02-09 13:08:00,22304,COFFEE MUG BLUE PAISLEY DESIGN,6,2.55,13976,United Kingdom
497393,2010-02-09 13:08:00,48138,DOOR MAT UNION FLAG,2,7.49,13976,United Kingdom
497393,2010-02-09 13:08:00,22366,DOOR MAT AIRMAIL ,2,7.49,13976,United Kingdom
497393,2010-02-09 13:08:00,22415,WHITE TISSUE REAM,2,7.95,13976,United Kingdom
497393,2010-02-09 13:08:00,21534,DAIRY MAID LARGE MILK JUG,3,4.95,13976,United Kingdom
497485,2010-02-09 15:45:00,21703,BAG 125g SWIRLY MARBLES,96,0.36,14460,United Kingdom
497485,2010-02-09 15:45:00,17003,BROCADE RING PURSE ,150,0.21,14460,United Kingdom
497894,2010-02-14 12:36:00,84843,WHITE SOAP RACK WITH 2 BOTTLES,1,5.95,15425,United Kingdom
497894,2010-02-14 12:36:00,22241,GARLAND WOODEN HAPPY EASTER,4,1.25,15425,United Kingdom
497894,2010-02-14 12:36:00,21418,STARFISH SOAP DISH,3,2.55,15425,United Kingdom
497894,2010-02-14 12:36:00,21775,DECORATIVE FLORE BATHROOM BOTTLE,6,1.25,15425,United Kingdom
497894,2010-02-14 12:36:00,47591D,PINK FAIRY CAKE CHILD'S APRON,6,1.95,15425,United Kingdom
497894,2010-02-14 12:36:00,21272,SALLE DE BAIN HOOK,12,1.25,15425,United Kingdom
497894,2010-02-14 12:36:00,21380,WOODEN HAPPY BIRTHDAY GARLAND,12,2.95,15425,United Kingdom
497894,2010-02-14 12:36:00,47599B,BLUE PARTY BAGS ,3,2.1,15425,United Kingdom
497894,2010-02-14 12:36:00,47599A,PINK PARTY BAGS,3,2.1,15425,United Kingdom
497894,2010-02-14 12:36:00,21469,POLKA DOT RAFFIA FOOD COVER,2,3.75,15425,United Kingdom
497894,2010-02-14 12:36:00,21472,LADYBIRD + BEE RAFFIA FOOD COVER,2,3.75,15425,United Kingdom
497894,2010-02-14 12:36:00,21468,BUTTERFLY CROCHET FOOD COVER,2,3.75,15425,United Kingdom
497894,2010-02-14 12:36:00,84509B,FAIRY CAKE PLACEMATS,3,3.75,15425,United Kingdom
497894,2010-02-14 12:36:00,21109,"LARGE CAKE TOWEL, CHOCOLATE SPOTS",2,6.75,15425,United Kingdom
497894,2010-02-14 12:36:00,21110,LARGE CAKE TOWEL PINK SPOTS,4,6.75,15425,United Kingdom
497894,2010-02-14 12:36:00,47559B,TEA TIME OVEN GLOVE,6,1.25,15425,United Kingdom
497894,2010-02-14 12:36:00,82607C,GLASS BONBON JAR. SUPERFINES,1,1.25,15425,United Kingdom
497894,2010-02-14 12:36:00,82607E,GLASS BONBON JAR. D'AMANDES,1,1.25,15425,United Kingdom
497894,2010-02-14 12:36:00,21385,IVORY HANGING DECORATION  HEART,24,0.85,15425,United Kingdom
497894,2010-02-14 12:36:00,85165,CANDY PINK FRENCH BOUDOIR CLOCK,2,9.95,15425,United Kingdom
497894,2010-02-14 12:36:00,84978,HANGING HEART JAR T-LIGHT HOLDER,6,1.25,15425,United Kingdom
497894,2010-02-14 12:36:00,84836,ZINC METAL HEART DECORATION,12,1.25,15425,United Kingdom
497894,2010-02-14 12:36:00,21108,FAIRY CAKE FLANNEL ASSORTED COLOUR,9,2.55,15425,United Kingdom
497894,2010-02-14 12:36:00,21216,"SET 3 RED SPOT TIN TEA,COFFEE,SUGAR",2,4.95,15425,United Kingdom
497894,2010-02-14 12:36:00,82613A,"METAL SIGN,CUPCAKE SINGLE HOOK",20,1.25,15425,United Kingdom
497894,2010-02-14 12:36:00,21112,"SWISS ROLL TOWEL, PINK  SPOTS",12,2.95,15425,United Kingdom
497894,2010-02-14 12:36:00,21255,"FRENCH BOTTLE , LAVENDER",12,1.65,15425,United Kingdom
497894,2010-02-14 12:36:00,21754,HOME BUILDING BLOCK WORD,2,5.95,15425,United Kingdom
497894,2010-02-14 12:36:00,21756,BATH BUILDING BLOCK WORD,2,5.95,15425,United Kingdom
497894,2010-02-14 12:36:00,21419,CONCH SHELL,2,3.75,15425,United Kingdom
497894,2010-02-14 12:36:00,21413,PERIWINKLE T-LIGHT HOLDER,4,1.25,15425,United Kingdom
497894,2010-02-14 12:36:00,82607A,GLASS BONBON JAR PARFUME AUX FLEURE,1,1.25,15425,United Kingdom
497894,2010-02-14 12:36:00,21539,RETRO SPOTS BUTTER DISH,2,4.95,15425,United Kingdom
497894,2010-02-14 12:36:00,21867,PINK UNION JACK  LUGGAGE TAG,1,1.25,15425,United Kingdom
497894,2010-02-14 12:36:00,85168A,WHITE BAROQUE CARRIAGE CLOCK,2,9.95,15425,United Kingdom
497894,2010-02-14 12:36:00,47556B,TEA TIME TEA TOWELS ,6,2.95,15425,United Kingdom
497894,2010-02-14 12:36:00,22189,CREAM HEART CARD HOLDER,2,3.95,15425,United Kingdom
497894,2010-02-14 12:36:00,85123A,WHITE HANGING HEART T-LIGHT HOLDER,3,2.95,15425,United Kingdom
497894,2010-02-14 12:36:00,21622,VINTAGE UNION JACK CUSHION COVER,2,4.95,15425,United Kingdom
497894,2010-02-14 12:36:00,20707,CRAZY DAISY HEART DECORATION,2,1.25,15425,United Kingdom
497894,2010-02-14 12:36:00,20782,CAMOUFLAGE EAR MUFF HEADPHONES,1,5.49,15425,United Kingdom
497894,2010-02-14 12:36:00,20783,HEART EAR MUFF HEADPHONES,1,5.49,15425,United Kingdom
497894,2010-02-14 12:36:00,22292,"SPRING DEC , HANGING CHICK  YELLOW",24,1.45,15425,United Kingdom
497894,2010-02-14 12:36:00,22293,"SPRING DEC , HANGING CHICK  GREEN",24,1.45,15425,United Kingdom
497894,2010-02-14 12:36:00,85188A,GREEN METAL SWINGING BUNNY,24,0.85,15425,United Kingdom
497894,2010-02-14 12:36:00,37503,TEA TIME CAKE STAND IN GIFT BOX,2,10.75,15425,United Kingdom
497894,2010-02-14 12:36:00,22197,"POPCORN HOLDER , SMALL ",6,0.85,15425,United Kingdom
497894,2010-02-14 12:36:00,21865,PINK UNION JACK  PASSPORT COVER ,3,2.1,15425,United Kingdom
497894,2010-02-14 12:36:00,21867,PINK UNION JACK  LUGGAGE TAG,2,1.25,15425,United Kingdom
497894,2010-02-14 12:36:00,20618,QUEEN OF THE SKIES PASSPORT COVER ,3,2.1,15425,United Kingdom
497894,2010-02-14 12:36:00,20655,QUEEN OF SKIES LUGGAGE TAG,2,1.25,15425,United Kingdom
497894,2010-02-14 12:36:00,84509G,FAIRY CAKE PLACEMATS ,3,3.75,15425,United Kingdom
497894,2010-02-14 12:36:00,22220,CAKE STAND LOVEBIRD 2 TIER WHITE,2,9.95,15425,United Kingdom
497894,2010-02-14 12:36:00,22221,CAKE STAND LOVEBIRD 2 TIER PINK,2,9.95,15425,United Kingdom
497894,2010-02-14 12:36:00,21218,RED SPOTTY BISCUIT TIN,2,3.75,15425,United Kingdom
497894,2010-02-14 12:36:00,82578,KITCHEN METAL SIGN,4,0.55,15425,United Kingdom
497894,2010-02-14 12:36:00,82580,BATHROOM METAL SIGN,4,0.55,15425,United Kingdom
497894,2010-02-14 12:36:00,82581,TOILET METAL SIGN,4,0.55,15425,United Kingdom
497894,2010-02-14 12:36:00,22242,"HOOK, 5 HANGER , MAGIC TOADSTOOL",12,1.65,15425,United Kingdom
497894,2010-02-14 12:36:00,84596J,MIXED NUTS LIGHT GREEN BOWL,8,1.25,15425,United Kingdom
497894,2010-02-14 12:36:00,20671,BLUE TEATIME PRINT BOWL ,8,1.25,15425,United Kingdom
497894,2010-02-14 12:36:00,22057,CERAMIC PLATE STRAWBERRY DESIGN,4,1.49,15425,United Kingdom
497894,2010-02-14 12:36:00,21535,RETRO SPOT SMALL MILK JUG,3,2.55,15425,United Kingdom
497894,2010-02-14 12:36:00,21539,RETRO SPOTS BUTTER DISH,1,4.95,15425,United Kingdom
497894,2010-02-14 12:36:00,21531,RETRO SPOT SUGAR JAM BOWL,3,2.55,15425,United Kingdom
497894,2010-02-14 12:36:00,84596F,SMALL MARSHMALLOWS PINK BOWL,8,1.25,15425,United Kingdom
498131,2010-02-16 16:50:00,21764,VINTAGE WOODEN PLATE RACK,1,39.95,17342,United Kingdom
498131,2010-02-16 16:50:00,20666,ECONOMY HOLIDAY PURSE,12,2.95,17342,United Kingdom
498131,2010-02-16 16:50:00,85042,ANTIQUE LILY FAIRY LIGHTS,4,4.95,17342,United Kingdom
498131,2010-02-16 16:50:00,22179,SET 10 LIGHTS NIGHT OWL,24,5.95,17342,United Kingdom
498131,2010-02-16 16:50:00,21391,FRENCH EMROIDR LAVENDER SCENT HEART,36,2.1,17342,United Kingdom
498153,2010-02-17 11:05:00,46000M,POLYESTER FILLER PAD 45x45cm,6,1.55,14198,United Kingdom
498153,2010-02-17 11:05:00,21734,SMALL MARAKESH LANTERN ON STICK,4,3.75,14198,United Kingdom
498153,2010-02-17 11:05:00,84978,HANGING HEART JAR T-LIGHT HOLDER,12,1.25,14198,United Kingdom
498153,2010-02-17 11:05:00,82486,WOOD S/3 CABINET ANT WHITE FINISH,2,7.95,14198,United Kingdom
498153,2010-02-17 11:05:00,82483,WOOD 2 DRAWER CABINET WHITE FINISH,4,5.95,14198,United Kingdom
498153,2010-02-17 11:05:00,48138,DOOR MAT UNION FLAG,2,7.49,14198,United Kingdom
498153,2010-02-17 11:05:00,48187,DOOR MAT NEW ENGLAND,2,7.49,14198,United Kingdom
498153,2010-02-17 11:05:00,48188,DOOR MAT WELCOME PUPPIES,2,7.49,14198,United Kingdom
498153,2010-02-17 11:05:00,21443,OLIVE CHALET BIRDFEEDER,4,3.75,14198,United Kingdom
498153,2010-02-17 11:05:00,46000S,POLYESTER FILLER PAD 40x40cm,6,1.45,14198,United Kingdom
498222,2010-02-17 14:01:00,21034,REX CASH+CARRY JUMBO SHOPPER,2,0.95,14584,United Kingdom
498222,2010-02-17 14:01:00,85230E,STRAWBRY SCENTED VOTIVE CANDLE,24,0.29,14584,United Kingdom
498222,2010-02-17 14:01:00,82583,HOT BATHS METAL SIGN,2,2.1,14584,United Kingdom
498222,2010-02-17 14:01:00,21174,POTTERING IN THE SHED METAL SIGN,2,1.95,14584,United Kingdom
498222,2010-02-17 14:01:00,21165,BEWARE OF THE CAT METAL SIGN ,2,1.69,14584,United Kingdom
498222,2010-02-17 14:01:00,21905,MORE BUTTER METAL SIGN ,2,2.1,14584,United Kingdom
498222,2010-02-17 14:01:00,85230F,JASMINE VOTIVE CANDLE,24,0.29,14584,United Kingdom
498222,2010-02-17 14:01:00,21169,YOU'RE CONFUSING ME METAL SIGN ,2,1.69,14584,United Kingdom
498222,2010-02-17 14:01:00,85230G,ORANGE VOTIVE CANDLE,24,0.29,14584,United Kingdom
498222,2010-02-17 14:01:00,85036A,GARDENIA 1 WICK MORRIS BOXED CANDLE,1,4.25,14584,United Kingdom
498222,2010-02-17 14:01:00,85230B,CINNAMON SCENTED VOTIVE CANDLE,24,0.29,14584,United Kingdom
498222,2010-02-17 14:01:00,37491C,GREEN/BLUE CERAMIC CANDLE HOLDER,1,1.65,14584,United Kingdom
498222,2010-02-17 14:01:00,37491D,PURPLE/BLUE CERAMIC CANDLE HOLDER,1,1.65,14584,United Kingdom
498222,2010-02-17 14:01:00,37491A,YELLOW/PINK CERAMIC CANDLE HOLDER,1,1.65,14584,United Kingdom
498222,2010-02-17 14:01:00,85036B,CHOCOLATE 1 WICK MORRIS BOX CANDLE,1,4.25,14584,United Kingdom
498222,2010-02-17 14:01:00,82494L,WOODEN FRAME ANTIQUE WHITE ,2,2.95,14584,United Kingdom
498222,2010-02-17 14:01:00,21745,GAOLERS KEYS DECORATIVE GARDEN ,2,3.75,14584,United Kingdom
498222,2010-02-17 14:01:00,47552A,DOTS IRONING BOARD COVER,1,1.95,14584,United Kingdom
498222,2010-02-17 14:01:00,85230A,OPIUM SCENTED VOTIVE CANDLE,24,0.29,14584,United Kingdom
498222,2010-02-17 14:01:00,85152,HAND OVER THE CHOCOLATE   SIGN ,2,2.1,14584,United Kingdom
498222,2010-02-17 14:01:00,71215,METAL BASE FOR CANDLES,5,0.42,14584,United Kingdom
498222,2010-02-17 14:01:00,72606A,BROWN ANTIQUE CUBE CANDLE,2,0.42,14584,United Kingdom
498222,2010-02-17 14:01:00,21175,GIN + TONIC DIET METAL SIGN,2,2.1,14584,United Kingdom
498222,2010-02-17 14:01:00,22178,VICTORIAN GLASS HANGING T-LIGHT,2,1.25,14584,United Kingdom
498222,2010-02-17 14:01:00,72122,COFFEE SCENT PILLAR CANDLE,3,0.95,14584,United Kingdom
498222,2010-02-17 14:01:00,20956,PORCELAIN T-LIGHT HOLDERS ASSORTED,9,1.25,14584,United Kingdom
498222,2010-02-17 14:01:00,22185,SLATE TILE NATURAL HANGING,3,1.65,14584,United Kingdom
498222,2010-02-17 14:01:00,22178,VICTORIAN GLASS HANGING T-LIGHT,6,1.25,14584,United Kingdom
498222,2010-02-17 14:01:00,84839,SWEETHEART KEY CABINET,1,6.75,14584,United Kingdom
498222,2010-02-17 14:01:00,84837,WHITE SWEETHEARTS CABINET 4 DRAWERS,1,12.75,14584,United Kingdom
498222,2010-02-17 14:01:00,85103, SILVER T-LIGHT SETTING,1,6.75,14584,United Kingdom
498222,2010-02-17 14:01:00,72741,GRAND CHOCOLATECANDLE,9,1.45,14584,United Kingdom
498222,2010-02-17 14:01:00,85104,SILVER GLASS T-LIGHT SET,1,2.95,14584,United Kingdom
498222,2010-02-17 14:01:00,72811,SMALL ZINC/GLASS CANDLEHOLDER,2,1.49,14584,United Kingdom
498222,2010-02-17 14:01:00,79406,FROSTED WHITE BASE ,5,0.22,14584,United Kingdom
498222,2010-02-17 14:01:00,21754,HOME BUILDING BLOCK WORD,1,5.95,14584,United Kingdom
498222,2010-02-17 14:01:00,22069,BROWN  PIRATE TREASURE CHEST ,2,1.65,14584,United Kingdom
498222,2010-02-17 14:01:00,84977,WIRE FLOWER T-LIGHT HOLDER,6,1.25,14584,United Kingdom
498222,2010-02-17 14:01:00,82578,KITCHEN METAL SIGN,4,0.55,14584,United Kingdom
498222,2010-02-17 14:01:00,82580,BATHROOM METAL SIGN,4,0.55,14584,United Kingdom
498222,2010-02-17 14:01:00,82581,TOILET METAL SIGN,4,0.55,14584,United Kingdom
498346,2010-02-18 11:56:00,85123A,WHITE HANGING HEART T-LIGHT HOLDER,32,2.55,16563,United Kingdom
498346,2010-02-18 11:56:00,22189,CREAM HEART CARD HOLDER,4,3.95,16563,United Kingdom
498346,2010-02-18 11:56:00,84879,ASSORTED COLOUR BIRD ORNAMENT,16,1.69,16563,United Kingdom
498346,2010-02-18 11:56:00,21137,BLACK RECORD COVER FRAME,48,3.39,16563,United Kingdom
498346,2010-02-18 11:56:00,22041,"RECORD FRAME 7"" SINGLE SIZE ",6,2.55,16563,United Kingdom
498346,2010-02-18 11:56:00,16156S,WRAP PINK FAIRY CAKES ,25,0.42,16563,United Kingdom
498383,2010-02-18 14:37:00,21123,SET/10 IVORY SPOTTY PARTY CANDLES,30,1.25,15693,United Kingdom
498560,2010-02-21 11:29:00,47566B,TEA TIME PARTY BUNTING,3,4.65,16335,United Kingdom
498560,2010-02-21 11:29:00,22383,LUNCH BAG SUKI  DESIGN ,4,1.65,16335,United Kingdom
498560,2010-02-21 11:29:00,21989,PACK OF 20 SKULL PAPER NAPKINS,2,0.85,16335,United Kingdom
498560,2010-02-21 11:29:00,20677,PINK SPOTTY BOWL,1,1.25,16335,United Kingdom
498560,2010-02-21 11:29:00,20674,GREEN SPOTTY BOWL,4,1.25,16335,United Kingdom
498560,2010-02-21 11:29:00,20676,RED SPOTTY BOWL,4,1.25,16335,United Kingdom
498560,2010-02-21 11:29:00,20675,BLUE SPOTTY BOWL,4,1.25,16335,United Kingdom
498560,2010-02-21 11:29:00,21080,SET/20 RED SPOTTY PAPER NAPKINS ,2,0.85,16335,United Kingdom
498560,2010-02-21 11:29:00,22384,LUNCH BAG PINK RETROSPOT,4,1.65,16335,United Kingdom
498560,2010-02-21 11:29:00,85014A,BLACK/BLUE DOTS RUFFLED UMBRELLA,1,5.95,16335,United Kingdom
498560,2010-02-21 11:29:00,85014B,RED/WHITE DOTS RUFFLED UMBRELLA,1,5.95,16335,United Kingdom
498560,2010-02-21 11:29:00,47567B,TEA TIME KITCHEN APRON,3,5.95,16335,United Kingdom
498560,2010-02-21 11:29:00,47556B,TEA TIME TEA TOWELS ,4,2.95,16335,United Kingdom
498560,2010-02-21 11:29:00,47559B,TEA TIME OVEN GLOVE,6,1.25,16335,United Kingdom
498560,2010-02-21 11:29:00,21625,VINTAGE UNION JACK APRON,2,6.95,16335,United Kingdom
498560,2010-02-21 11:29:00,84997C,BLUE 3 PIECE MINI DOTS CUTLERY SET,3,3.75,16335,United Kingdom
498560,2010-02-21 11:29:00,84997B,RED 3 PIECE MINI DOTS CUTLERY SET,1,3.75,16335,United Kingdom
498560,2010-02-21 11:29:00,84997D,PINK 3 PIECE MINI DOTS CUTLERY SET,1,3.75,16335,United Kingdom
498560,2010-02-21 11:29:00,21559,STRAWBERRY LUNCHBOX WITH CUTLERY,2,2.55,16335,United Kingdom
498560,2010-02-21 11:29:00,22353,LUNCHBOX WITH CUTLERY FAIRY CAKES ,3,2.55,16335,United Kingdom
498560,2010-02-21 11:29:00,21034,REX CASH+CARRY JUMBO SHOPPER,2,0.95,16335,United Kingdom
498560,2010-02-21 11:29:00,21259,VICTORIAN SEWING BOX SMALL ,2,5.95,16335,United Kingdom
498560,2010-02-21 11:29:00,85014D,PINK/BROWN DOTS RUFFLED UMBRELLA,2,5.95,16335,United Kingdom
498560,2010-02-21 11:29:00,22382,LUNCH BAG SPACEBOY DESIGN ,3,1.65,16335,United Kingdom
498560,2010-02-21 11:29:00,21975,PACK OF 60 DINOSAUR CAKE CASES,3,0.55,16335,United Kingdom
498560,2010-02-21 11:29:00,21243,PINK  SPOTTY PLATE ,4,1.69,16335,United Kingdom
498560,2010-02-21 11:29:00,21977,PACK OF 60 PINK PAISLEY CAKE CASES,3,0.55,16335,United Kingdom
498560,2010-02-21 11:29:00,84992,72 SWEETHEART FAIRY CAKE CASES,3,0.55,16335,United Kingdom
498560,2010-02-21 11:29:00,21976,PACK OF 60 MUSHROOM CAKE CASES,3,0.55,16335,United Kingdom
498560,2010-02-21 11:29:00,22131,FOOD CONTAINER SET 3 LOVE HEART ,3,1.95,16335,United Kingdom
498560,2010-02-21 11:29:00,79323W, WHITE CHERRY LIGHTS,2,6.75,16335,United Kingdom
498560,2010-02-21 11:29:00,21232,STRAWBERRY CERAMIC TRINKET BOX,6,1.25,16335,United Kingdom
498560,2010-02-21 11:29:00,72741,GRAND CHOCOLATECANDLE,9,1.45,16335,United Kingdom
498560,2010-02-21 11:29:00,21181,PLEASE ONE PERSON METAL SIGN,5,2.1,16335,United Kingdom
498560,2010-02-21 11:29:00,85152,HAND OVER THE CHOCOLATE   SIGN ,3,2.1,16335,United Kingdom
498560,2010-02-21 11:29:00,21907,I'M ON HOLIDAY METAL SIGN,2,2.1,16335,United Kingdom
498560,2010-02-21 11:29:00,82486,WOOD S/3 CABINET ANT WHITE FINISH,2,7.95,16335,United Kingdom
498560,2010-02-21 11:29:00,37503,TEA TIME CAKE STAND IN GIFT BOX,3,10.75,16335,United Kingdom
498560,2010-02-21 11:29:00,85061W,WHITE JEWELLED HEART DECORATION,24,0.85,16335,United Kingdom
498560,2010-02-21 11:29:00,21240,BLUE  SPOTTY CUP,3,0.85,16335,United Kingdom
498560,2010-02-21 11:29:00,21240,BLUE  SPOTTY CUP,3,0.85,16335,United Kingdom
498560,2010-02-21 11:29:00,21238,RED SPOTTY CUP,2,0.85,16335,United Kingdom
498560,2010-02-21 11:29:00,21561,DINOSAUR LUNCHBOX WITH CUTLERY,2,2.55,16335,United Kingdom
498560,2010-02-21 11:29:00,21244,BLUE  SPOTTY PLATE ,3,1.69,16335,United Kingdom
498560,2010-02-21 11:29:00,48185,DOOR MAT FAIRY CAKE,1,7.49,16335,United Kingdom
498560,2010-02-21 11:29:00,48194,DOOR MAT HEARTS,1,7.49,16335,United Kingdom
498560,2010-02-21 11:29:00,20685,DOOR MAT RED SPOT,1,7.49,16335,United Kingdom
498560,2010-02-21 11:29:00,22079,RIBBON REEL HEARTS DESIGN ,4,1.65,16335,United Kingdom
498720,2010-02-22 14:28:00,71459,HANGING JAM JAR T-LIGHT HOLDER,36,0.85,15673,United Kingdom
498720,2010-02-22 14:28:00,21621,VINTAGE UNION JACK BUNTING,10,8.5,15673,United Kingdom
498720,2010-02-22 14:28:00,21843,RETRO SPOT CAKE STAND,10,10.95,15673,United Kingdom
498720,2010-02-22 14:28:00,22367,CHILDS APRON SPACEBOY DESIGN,8,1.95,15673,United Kingdom
498720,2010-02-22 14:28:00,20914,SET/5 RED SPOTTY LID GLASS BOWLS,12,2.95,15673,United Kingdom
498720,2010-02-22 14:28:00,22383,LUNCH BAG SUKI  DESIGN ,10,1.65,15673,United Kingdom
498720,2010-02-22 14:28:00,22382,LUNCH BAG SPACEBOY DESIGN ,10,1.65,15673,United Kingdom
498720,2010-02-22 14:28:00,21210,SET OF 72 RETRO SPOT PAPER  DOILIES,12,1.45,15673,United Kingdom
498720,2010-02-22 14:28:00,21974,SET OF 36 PAISLEY FLOWER DOILIES,12,1.45,15673,United Kingdom
498720,2010-02-22 14:28:00,22195,LARGE HEART MEASURING SPOONS,12,1.65,15673,United Kingdom
498720,2010-02-22 14:28:00,22327,ROUND SNACK BOXES SET OF 4 SKULLS,18,2.95,15673,United Kingdom
498720,2010-02-22 14:28:00,22385,JUMBO BAG SPACEBOY DESIGN,10,1.95,15673,United Kingdom
498720,2010-02-22 14:28:00,22149,FELTCRAFT 6 FLOWER FRIENDS,12,2.1,15673,United Kingdom
498720,2010-02-22 14:28:00,22147,FELTCRAFT BUTTERFLY HEARTS,12,1.45,15673,United Kingdom
498720,2010-02-22 14:28:00,21756,BATH BUILDING BLOCK WORD,6,5.95,15673,United Kingdom
498720,2010-02-22 14:28:00,21754,HOME BUILDING BLOCK WORD,6,5.95,15673,United Kingdom
498720,2010-02-22 14:28:00,21755,LOVE BUILDING BLOCK WORD,6,5.95,15673,United Kingdom
498720,2010-02-22 14:28:00,21918,SET 12 KIDS COLOUR  CHALK STICKS,24,0.42,15673,United Kingdom
498720,2010-02-22 14:28:00,22272,FELTCRAFT DOLL MARIA,12,2.95,15673,United Kingdom
498720,2010-02-22 14:28:00,21917,SET 12 KIDS  WHITE CHALK STICKS,24,0.42,15673,United Kingdom
498720,2010-02-22 14:28:00,22328,ROUND SNACK BOXES SET OF 4 FRUITS ,18,2.95,15673,United Kingdom
498720,2010-02-22 14:28:00,22417,PACK OF 60 SPACEBOY CAKE CASES,24,0.55,15673,United Kingdom
498720,2010-02-22 14:28:00,22138,BAKING SET 9 PIECE RETROSPOT ,6,4.95,15673,United Kingdom
498726,2010-02-22 15:13:00,20828,GLITTER BUTTERFLY CLIPS,6,2.55,13576,United Kingdom
498726,2010-02-22 15:13:00,22377,BOTTLE BAG RETROSPOT ,5,2.1,13576,United Kingdom
498726,2010-02-22 15:13:00,85099B,JUMBO BAG RED WHITE SPOTTY ,10,1.95,13576,United Kingdom
498726,2010-02-22 15:13:00,22041,"RECORD FRAME 7"" SINGLE SIZE ",48,2.1,13576,United Kingdom
498726,2010-02-22 15:13:00,21137,BLACK RECORD COVER FRAME,48,3.39,13576,United Kingdom
498726,2010-02-22 15:13:00,22379,RECYCLING BAG RETROSPOT ,5,2.1,13576,United Kingdom
498905,2010-02-23 14:40:00,47566B,TEA TIME PARTY BUNTING,2,4.65,12854,United Kingdom
498905,2010-02-23 14:40:00,47566,PARTY BUNTING,2,4.65,12854,United Kingdom
498905,2010-02-23 14:40:00,47021G,SET/6 BEAD COASTERS GAUZE BAG GOLD,6,1.25,12854,United Kingdom
498905,2010-02-23 14:40:00,22146,EASTER CRAFT IVY WREATH WITH CHICK,6,1.95,12854,United Kingdom
498905,2010-02-23 14:40:00,22149,FELTCRAFT 6 FLOWER FRIENDS,6,2.1,12854,United Kingdom
498905,2010-02-23 14:40:00,22250,DECORATION  BUTTERFLY  MAGIC GARDEN,6,0.85,12854,United Kingdom
498905,2010-02-23 14:40:00,21383,PACK OF 12 STICKY BUNNIES,12,0.65,12854,United Kingdom
498905,2010-02-23 14:40:00,21900,"KEY FOB , SHED",12,0.65,12854,United Kingdom
498905,2010-02-23 14:40:00,21911,GARDEN METAL SIGN ,4,1.65,12854,United Kingdom
498905,2010-02-23 14:40:00,22228,BUNNY WOODEN PAINTED WITH BIRD ,4,0.85,12854,United Kingdom
498905,2010-02-23 14:40:00,22229,BUNNY WOODEN PAINTED WITH FLOWER ,4,0.85,12854,United Kingdom
498905,2010-02-23 14:40:00,47591D,PINK FAIRY CAKE CHILD'S APRON,4,1.95,12854,United Kingdom
498905,2010-02-23 14:40:00,21385,IVORY HANGING DECORATION  HEART,6,0.85,12854,United Kingdom
498905,2010-02-23 14:40:00,47591C,BLUE FAIRY CAKE CHILD'S APRON,4,1.95,12854,United Kingdom
498905,2010-02-23 14:40:00,22266,EASTER DECORATION HANGING BUNNY,6,0.65,12854,United Kingdom
498905,2010-02-23 14:40:00,20972,PINK CREAM FELT CRAFT TRINKET BOX ,3,1.25,12854,United Kingdom
498905,2010-02-23 14:40:00,85113,POLKA DOT PISTACHIO PAIL,4,2.1,12854,United Kingdom
498905,2010-02-23 14:40:00,84971L,LARGE HEART FLOWERS HOOK   ,6,1.25,12854,United Kingdom
498905,2010-02-23 14:40:00,84971S,SMALL HEART FLOWERS HOOK ,6,0.85,12854,United Kingdom
498905,2010-02-23 14:40:00,21381,MINI WOODEN HAPPY BIRTHDAY GARLAND,6,1.69,12854,United Kingdom
498905,2010-02-23 14:40:00,21380,WOODEN HAPPY BIRTHDAY GARLAND,6,2.95,12854,United Kingdom
498905,2010-02-23 14:40:00,85123A,WHITE HANGING HEART T-LIGHT HOLDER,4,2.95,12854,United Kingdom
498905,2010-02-23 14:40:00,22293,"SPRING DEC , HANGING CHICK  GREEN",6,1.45,12854,United Kingdom
498905,2010-02-23 14:40:00,22291,"SPRING DEC , HANGING CHICK CREAM",6,1.45,12854,United Kingdom
498905,2010-02-23 14:40:00,22292,"SPRING DEC , HANGING CHICK  YELLOW",6,1.45,12854,United Kingdom
498905,2010-02-23 14:40:00,21384,IVORY HANGING DECORATION  BUTTERFLY,9,0.85,12854,United Kingdom
498905,2010-02-23 14:40:00,22249,DECORATION WHITE CHICK MAGIC GARDEN,6,0.85,12854,United Kingdom
498905,2010-02-23 14:40:00,22247,BUNNY DECORATION MAGIC GARDEN,6,0.85,12854,United Kingdom
498905,2010-02-23 14:40:00,22248,DECORATION  PINK CHICK MAGIC GARDEN,6,0.85,12854,United Kingdom
498905,2010-02-23 14:40:00,20971,PINK BLUE FELT CRAFT TRINKET BOX,3,1.25,12854,United Kingdom
498905,2010-02-23 14:40:00,47559B,TEA TIME OVEN GLOVE,2,1.25,12854,United Kingdom
498905,2010-02-23 14:40:00,21538,DAIRY MAID  PUDDING BOWL,2,3.75,12854,United Kingdom
498905,2010-02-23 14:40:00,47579,TEA TIME BREAKFAST BASKET,2,2.1,12854,United Kingdom
498905,2010-02-23 14:40:00,85065,CREAM SWEETHEART TRAYS,1,12.75,12854,United Kingdom
498905,2010-02-23 14:40:00,85066,CREAM SWEETHEART MINI CHEST,2,12.75,12854,United Kingdom
498905,2010-02-23 14:40:00,22245,"HOOK, 1 HANGER ,MAGIC GARDEN",24,0.85,12854,United Kingdom
498905,2010-02-23 14:40:00,22244,"HOOK, 3 HANGER ,MAGIC GARDEN",12,1.95,12854,United Kingdom
498905,2010-02-23 14:40:00,21754,HOME BUILDING BLOCK WORD,2,5.95,12854,United Kingdom
498905,2010-02-23 14:40:00,84975,HEART SHAPED MIRROR,6,1.69,12854,United Kingdom
498905,2010-02-23 14:40:00,22173,METAL 4 HOOK HANGER FRENCH CHATEAU,8,2.95,12854,United Kingdom
498905,2010-02-23 14:40:00,85208,SET/12 FUNKY FELT FLOWER PEG IN BAG,12,2.1,12854,United Kingdom
498905,2010-02-23 14:40:00,47556B,TEA TIME TEA TOWELS ,4,2.95,12854,United Kingdom
498905,2010-02-23 14:40:00,21532,DAIRY MAID SUGAR JAM BOWL,2,2.1,12854,United Kingdom
498905,2010-02-23 14:40:00,21534,DAIRY MAID LARGE MILK JUG,4,4.95,12854,United Kingdom
498905,2010-02-23 14:40:00,21181,PLEASE ONE PERSON METAL SIGN,4,2.1,12854,United Kingdom
498905,2010-02-23 14:40:00,22413,METAL SIGN TAKE IT OR LEAVE IT ,4,2.95,12854,United Kingdom
498905,2010-02-23 14:40:00,21172,PARTY METAL SIGN ,4,1.45,12854,United Kingdom
498905,2010-02-23 14:40:00,21536,DAIRY MAID  SMALL  MILK JUG,4,2.1,12854,United Kingdom
498905,2010-02-23 14:40:00,22412,METAL SIGN NEIGHBOURHOOD WITCH ,4,2.1,12854,United Kingdom
498905,2010-02-23 14:40:00,21169,YOU'RE CONFUSING ME METAL SIGN ,4,1.69,12854,United Kingdom
498905,2010-02-23 14:40:00,47570B,TEA TIME TABLE CLOTH,2,10.65,12854,United Kingdom
498905,2010-02-23 14:40:00,85119,WATERING CAN SINGLE HOOK PISTACHIO,8,1.69,12854,United Kingdom
498905,2010-02-23 14:40:00,84837,WHITE SWEETHEARTS CABINET 4 DRAWERS,1,12.75,12854,United Kingdom
498905,2010-02-23 14:40:00,84947,ANTIQUE SILVER TEA GLASS ENGRAVED,6,1.25,12854,United Kingdom
498905,2010-02-23 14:40:00,84950,ASSORTED COLOUR T-LIGHT HOLDER,12,0.85,12854,United Kingdom
498905,2010-02-23 14:40:00,47567B,TEA TIME KITCHEN APRON,2,5.95,12854,United Kingdom
498905,2010-02-23 14:40:00,22189,CREAM HEART CARD HOLDER,2,3.95,12854,United Kingdom
498905,2010-02-23 14:40:00,84839,SWEETHEART KEY CABINET,1,6.75,12854,United Kingdom
498905,2010-02-23 14:40:00,85063,CREAM SWEETHEART MAGAZINE RACK,1,16.95,12854,United Kingdom
498905,2010-02-23 14:40:00,21904,HOUSE WRECKING METAL SIGN ,2,2.1,12854,United Kingdom
498905,2010-02-23 14:40:00,21908,CHOCOLATE THIS WAY METAL SIGN,3,2.1,12854,United Kingdom
498905,2010-02-23 14:40:00,22188,BLACK HEART CARD HOLDER,2,3.95,12854,United Kingdom
498911,2010-02-23 15:27:00,37501,TEA TIME TEA SET IN GIFT BOX,2,6.95,16702,United Kingdom
498911,2010-02-23 15:27:00,21222,SET/4 BADGES BEETLES,10,1.25,16702,United Kingdom
498911,2010-02-23 15:27:00,21223,SET/4 BADGES WOODLAND ANIMAL,10,1.25,16702,United Kingdom
498911,2010-02-23 15:27:00,85206B,PINK FELT EASTER EGG BASKET,3,1.65,16702,United Kingdom
498911,2010-02-23 15:27:00,22021,BLUE FELT EASTER EGG BASKET,3,1.65,16702,United Kingdom
498911,2010-02-23 15:27:00,22292,"SPRING DEC , HANGING CHICK  YELLOW",2,1.45,16702,United Kingdom
498911,2010-02-23 15:27:00,22293,"SPRING DEC , HANGING CHICK  GREEN",2,1.45,16702,United Kingdom
498911,2010-02-23 15:27:00,21384,IVORY HANGING DECORATION  BUTTERFLY,3,0.85,16702,United Kingdom
498911,2010-02-23 15:27:00,21387,IVORY HANGING DECORATION  RABBIT,3,0.85,16702,United Kingdom
498911,2010-02-23 15:27:00,22268,EASTER DECORATION SITTING BUNNY,3,0.85,16702,United Kingdom
498911,2010-02-23 15:27:00,22265,EASTER DECORATION NATURAL CHICK,8,0.65,16702,United Kingdom
498911,2010-02-23 15:27:00,84218,BOX/12 CHICK & EGG IN BASKET,2,1.95,16702,United Kingdom
498911,2010-02-23 15:27:00,M,Manual,2,0.65,16702,United Kingdom
498911,2010-02-23 15:27:00,84219,BOX/12 MOTHER & CHICK IN BASKET/BOW,1,2.55,16702,United Kingdom
498911,2010-02-23 15:27:00,22286,"DECORATION , WOBBLY RABBIT , METAL ",2,1.65,16702,United Kingdom
498911,2010-02-23 15:27:00,22146,EASTER CRAFT IVY WREATH WITH CHICK,4,1.95,16702,United Kingdom
498911,2010-02-23 15:27:00,21437,24 HANGING EASTER EGGS FLORAL TUB,1,3.75,16702,United Kingdom
498911,2010-02-23 15:27:00,22270,HAPPY EASTER HANGING DECORATION,2,3.75,16702,United Kingdom
498911,2010-02-23 15:27:00,22241,GARLAND WOODEN HAPPY EASTER,1,1.25,16702,United Kingdom
498911,2010-02-23 15:27:00,84569C,PACK 4 FLOWER/BUTTERFLY PATCHES,12,1.25,16702,United Kingdom
498911,2010-02-23 15:27:00,84569B,PACK 3 FIRE ENGINE/CAR PATCHES,21,1.25,16702,United Kingdom
498911,2010-02-23 15:27:00,84569D,PACK 6 HEART/ICE-CREAM PATCHES,24,1.25,16702,United Kingdom
498911,2010-02-23 15:27:00,84458,S/3 RABBIT FLOWER/EGG/CARROT ROPE,2,0.85,16702,United Kingdom
498911,2010-02-23 15:27:00,16236,KITTY PENCIL ERASERS,28,0.21,16702,United Kingdom
498911,2010-02-23 15:27:00,16237,SLEEPING CAT ERASERS,30,0.21,16702,United Kingdom
498911,2010-02-23 15:27:00,16218,CARTOON  PENCIL SHARPENERS,20,0.16,16702,United Kingdom
498911,2010-02-23 15:27:00,37502,TEA TIME MUG IN GIFT BOX,2,2.95,16702,United Kingdom
498911,2010-02-23 15:27:00,85172,HYACINTH BULB T-LIGHT CANDLES,32,0.42,16702,United Kingdom
498911,2010-02-23 15:27:00,84670,JAPANESE CROCHETED ANIMAL,24,0.42,16702,United Kingdom
498911,2010-02-23 15:27:00,85200,BUNNY EGG BOX,24,1.25,16702,United Kingdom
499269,2010-02-25 16:11:00,10133,COLOURING PENCILS BROWN TUBE,10,0.85,16677,United Kingdom
499269,2010-02-25 16:11:00,21454,PAINTED PINK RABBIT ,12,0.85,16677,United Kingdom
499269,2010-02-25 16:11:00,21383,PACK OF 12 STICKY BUNNIES,12,0.65,16677,United Kingdom
499269,2010-02-25 16:11:00,84893,ANT WHITE IRON BASKET,3,5.95,16677,United Kingdom
499269,2010-02-25 16:11:00,21742,LARGE ROUND WICKER PLATTER ,2,5.95,16677,United Kingdom
499269,2010-02-25 16:11:00,85205B,PINK FELT EASTER RABBIT GARLAND,6,2.55,16677,United Kingdom
499269,2010-02-25 16:11:00,21456,2 PICTURE BOOK EGGS EASTER CHICKS,12,1.25,16677,United Kingdom
499269,2010-02-25 16:11:00,16161U,"WRAP,SUKI AND FRIENDS",25,0.42,16677,United Kingdom
499269,2010-02-25 16:11:00,22211,WOOD STAMP SET FLOWERS,12,1.65,16677,United Kingdom
499269,2010-02-25 16:11:00,22261,FELT EGG COSY WHITE RABBIT ,12,0.85,16677,United Kingdom
499269,2010-02-25 16:11:00,22082,RIBBON REEL STRIPES DESIGN ,10,1.65,16677,United Kingdom
499269,2010-02-25 16:11:00,21257,VICTORIAN SEWING BOX MEDIUM,2,7.95,16677,United Kingdom
499269,2010-02-25 16:11:00,20685,DOOR MAT RED SPOT,2,7.49,16677,United Kingdom
499269,2010-02-25 16:11:00,84839,SWEETHEART KEY CABINET,2,6.75,16677,United Kingdom
499269,2010-02-25 16:11:00,85206A,CREAM FELT EASTER EGG BASKET,6,1.65,16677,United Kingdom
499269,2010-02-25 16:11:00,84946,ANTIQUE SILVER TEA GLASS ETCHED,12,1.25,16677,United Kingdom
499269,2010-02-25 16:11:00,21754,HOME BUILDING BLOCK WORD,3,5.95,16677,United Kingdom
499269,2010-02-25 16:11:00,22500,SET OF 2 TINS JARDIN DE PROVENCE,4,4.95,16677,United Kingdom
499269,2010-02-25 16:11:00,21407,BROWN CHECK CAT DOORSTOP ,3,4.25,16677,United Kingdom
499285,2010-02-25 19:08:00,22021,BLUE FELT EASTER EGG BASKET,2,1.65,17207,United Kingdom
499285,2010-02-25 19:08:00,85206B,PINK FELT EASTER EGG BASKET,2,1.65,17207,United Kingdom
499285,2010-02-25 19:08:00,22241,GARLAND WOODEN HAPPY EASTER,6,1.25,17207,United Kingdom
499285,2010-02-25 19:08:00,22258,FELT FARM ANIMAL RABBIT,1,1.25,17207,United Kingdom
499285,2010-02-25 19:08:00,22256,FELT FARM ANIMAL CHICKEN,1,1.25,17207,United Kingdom
499285,2010-02-25 19:08:00,84437A,S/6 PINK EASTER DECS IN BOX,7,0.85,17207,United Kingdom
499285,2010-02-25 19:08:00,22241,GARLAND WOODEN HAPPY EASTER,2,1.25,17207,United Kingdom
499285,2010-02-25 19:08:00,22285,"DECORATION HEN ON NEST, HANGING",2,1.65,17207,United Kingdom
499285,2010-02-25 19:08:00,35921,EASTER BUNNY HANGING GARLAND,3,1.25,17207,United Kingdom
499285,2010-02-25 19:08:00,21438,TUB 24 HANGING EASTER EGGS SPOTTY,1,3.75,17207,United Kingdom
499285,2010-02-25 19:08:00,22138,BAKING SET 9 PIECE RETROSPOT ,1,4.95,17207,United Kingdom
499285,2010-02-25 19:08:00,22129,PARTY CONES CANDY TREE DECORATION,12,0.85,17207,United Kingdom
499285,2010-02-25 19:08:00,84457,SET/3 RABBITS FLOWER SKIPPPING ROPE,1,0.85,17207,United Kingdom
499285,2010-02-25 19:08:00,35951,FOLKART BAUBLE CHRISTMAS DECORATION,4,1.25,17207,United Kingdom
499285,2010-02-25 19:08:00,21437,24 HANGING EASTER EGGS FLORAL TUB,6,3.75,17207,United Kingdom
499285,2010-02-25 19:08:00,21655,HANGING RIDGE GLASS T-LIGHT HOLDER,6,1.69,17207,United Kingdom
499285,2010-02-25 19:08:00,22021,BLUE FELT EASTER EGG BASKET,1,1.65,17207,United Kingdom
499285,2010-02-25 19:08:00,22259,FELT FARM ANIMAL HEN,1,1.25,17207,United Kingdom
499285,2010-02-25 19:08:00,79000,MOROCCAN TEA GLASS,12,0.85,17207,United Kingdom
499285,2010-02-25 19:08:00,M,Manual,1,0.85,17207,United Kingdom
499285,2010-02-25 19:08:00,84447,6 RABBIT CHAIN EASTER,4,0.85,17207,United Kingdom
499285,2010-02-25 19:08:00,21458,2 PICTURE BOOK EGGS EASTER BUNNY,2,1.25,17207,United Kingdom
499285,2010-02-25 19:08:00,84457,SET/3 RABBITS FLOWER SKIPPPING ROPE,1,0.85,17207,United Kingdom
499285,2010-02-25 19:08:00,21034,REX CASH+CARRY JUMBO SHOPPER,2,0.95,17207,United Kingdom
499285,2010-02-25 19:08:00,84746,PINK EASTER HENS+FLOWER,2,3.75,17207,United Kingdom
499285,2010-02-25 19:08:00,22258,FELT FARM ANIMAL RABBIT,1,1.25,17207,United Kingdom
499285,2010-02-25 19:08:00,22292,"SPRING DEC , HANGING CHICK  YELLOW",1,1.45,17207,United Kingdom
499285,2010-02-25 19:08:00,21457,2 PICTURE BOOK EGGS EASTER DUCKS,1,1.25,17207,United Kingdom
499285,2010-02-25 19:08:00,21194,PINK  HONEYCOMB PAPER FAN,1,2.1,17207,United Kingdom
499285,2010-02-25 19:08:00,21199,PINK  HEART CONFETTI IN TUBE,2,1.65,17207,United Kingdom
499285,2010-02-25 19:08:00,22290,STANDING METAL RABBIT WITH EGG,3,2.1,17207,United Kingdom
499285,2010-02-25 19:08:00,22247,BUNNY DECORATION MAGIC GARDEN,1,0.85,17207,United Kingdom
499285,2010-02-25 19:08:00,84978,HANGING HEART JAR T-LIGHT HOLDER,6,1.25,17207,United Kingdom
499285,2010-02-25 19:08:00,85184B,SET 4 EASTER DECOUPAGE OVAL BOXES,2,2.95,17207,United Kingdom
499285,2010-02-25 19:08:00,84077,WORLD WAR 2 GLIDERS ASSTD DESIGNS,48,0.21,17207,United Kingdom
499285,2010-02-25 19:08:00,84950,ASSORTED COLOUR T-LIGHT HOLDER,12,0.85,17207,United Kingdom
499285,2010-02-25 19:08:00,85113,POLKA DOT PISTACHIO PAIL,1,2.1,17207,United Kingdom
499285,2010-02-25 19:08:00,85194S,HANGING SPRING FLOWER EGG SMALL,4,0.65,17207,United Kingdom
499285,2010-02-25 19:08:00,21445,12 PINK ROSE PEG PLACE SETTINGS,1,1.25,17207,United Kingdom
499285,2010-02-25 19:08:00,21447,12 IVORY ROSE PEG PLACE SETTINGS,1,1.25,17207,United Kingdom
499285,2010-02-25 19:08:00,85194L,HANGING SPRING FLOWER EGG LARGE,4,0.85,17207,United Kingdom
499285,2010-02-25 19:08:00,85188B,PINK METAL SWINGING BUNNY,4,0.85,17207,United Kingdom
499285,2010-02-25 19:08:00,85188A,GREEN METAL SWINGING BUNNY,4,0.85,17207,United Kingdom
499285,2010-02-25 19:08:00,22266,EASTER DECORATION HANGING BUNNY,1,0.65,17207,United Kingdom
499285,2010-02-25 19:08:00,22221,CAKE STAND LOVEBIRD 2 TIER PINK,1,9.95,17207,United Kingdom
499285,2010-02-25 19:08:00,20747,PICCADILLY TEA SET,1,14.95,17207,United Kingdom
499285,2010-02-25 19:08:00,21203,BUTTERFLIES  HONEYCOMB GARLAND,3,1.65,17207,United Kingdom
499285,2010-02-25 19:08:00,21208,PASTEL COLOUR HONEYCOMB FAN,1,1.65,17207,United Kingdom
499285,2010-02-25 19:08:00,20752,RETRO BLUE SPOTTY WASHING UP GLOVES,1,2.1,17207,United Kingdom
499285,2010-02-25 19:08:00,47566,PARTY BUNTING,1,4.65,17207,United Kingdom
499285,2010-02-25 19:08:00,21443,OLIVE CHALET BIRDFEEDER,3,3.75,17207,United Kingdom
499285,2010-02-25 19:08:00,22256,FELT FARM ANIMAL CHICKEN,1,1.25,17207,United Kingdom
499285,2010-02-25 19:08:00,22249,DECORATION WHITE CHICK MAGIC GARDEN,1,0.85,17207,United Kingdom
499285,2010-02-25 19:08:00,22293,"SPRING DEC , HANGING CHICK  GREEN",2,1.45,17207,United Kingdom
499285,2010-02-25 19:08:00,21534,DAIRY MAID LARGE MILK JUG,3,4.95,17207,United Kingdom
499285,2010-02-25 19:08:00,85113,POLKA DOT PISTACHIO PAIL,4,2.1,17207,United Kingdom
499285,2010-02-25 19:08:00,21534,DAIRY MAID LARGE MILK JUG,1,4.95,17207,United Kingdom
499285,2010-02-25 19:08:00,22257,FELT FARM ANIMAL SHEEP,1,1.25,17207,United Kingdom
499285,2010-02-25 19:08:00,22247,BUNNY DECORATION MAGIC GARDEN,2,0.85,17207,United Kingdom
499285,2010-02-25 19:08:00,22292,"SPRING DEC , HANGING CHICK  YELLOW",1,1.45,17207,United Kingdom
499285,2010-02-25 19:08:00,22257,FELT FARM ANIMAL SHEEP,1,1.25,17207,United Kingdom
499285,2010-02-25 19:08:00,85186C,BUNNY EGG GARLAND,5,0.42,17207,United Kingdom
499285,2010-02-25 19:08:00,71459,HANGING JAM JAR T-LIGHT HOLDER,12,0.85,17207,United Kingdom
499285,2010-02-25 19:08:00,21389,IVORY HANGING DECORATION  BIRD,8,0.85,17207,United Kingdom
499285,2010-02-25 19:08:00,21385,IVORY HANGING DECORATION  HEART,4,0.85,17207,United Kingdom
499285,2010-02-25 19:08:00,22285,"DECORATION HEN ON NEST, HANGING",2,1.65,17207,United Kingdom
499285,2010-02-25 19:08:00,22259,FELT FARM ANIMAL HEN,1,1.25,17207,United Kingdom
499386,2010-02-26 12:13:00,22266,EASTER DECORATION HANGING BUNNY,70,0.65,12854,United Kingdom
499386,2010-02-26 12:13:00,21534,DAIRY MAID LARGE MILK JUG,1,4.95,12854,United Kingdom
499386,2010-02-26 12:13:00,22297,HEART IVORY TRELLIS SMALL,6,1.25,12854,United Kingdom
499386,2010-02-26 12:13:00,22268,EASTER DECORATION SITTING BUNNY,10,0.85,12854,United Kingdom
499386,2010-02-26 12:13:00,21536,DAIRY MAID  SMALL  MILK JUG,2,2.1,12854,United Kingdom
499386,2010-02-26 12:13:00,22413,METAL SIGN TAKE IT OR LEAVE IT ,3,2.95,12854,United Kingdom
499386,2010-02-26 12:13:00,84459B,YELLOW METAL CHICKEN HEART ,6,1.49,12854,United Kingdom
499386,2010-02-26 12:13:00,85063,CREAM SWEETHEART MAGAZINE RACK,1,16.95,12854,United Kingdom
499386,2010-02-26 12:13:00,85202,HANGING WOOD AND FELT HEART,10,0.42,12854,United Kingdom
499491,2010-02-28 14:03:00,82494L,WOODEN FRAME ANTIQUE WHITE ,6,2.95,14064,United Kingdom
499491,2010-02-28 14:03:00,21508,VINTAGE KID DOLLY CARD ,12,0.42,14064,United Kingdom
499491,2010-02-28 14:03:00,22035,VINTAGE CARAVAN GREETING CARD ,12,0.42,14064,United Kingdom
499491,2010-02-28 14:03:00,22297,HEART IVORY TRELLIS SMALL,6,1.25,14064,United Kingdom
499491,2010-02-28 14:03:00,22219,LOVEBIRD HANGING DECORATION WHITE ,3,0.85,14064,United Kingdom
499491,2010-02-28 14:03:00,22497,SET OF 2 TINS VINTAGE BATHROOM ,2,4.25,14064,United Kingdom
499491,2010-02-28 14:03:00,21169,YOU'RE CONFUSING ME METAL SIGN ,4,1.69,14064,United Kingdom
499491,2010-02-28 14:03:00,21166,COOK WITH WINE METAL SIGN ,4,1.95,14064,United Kingdom
499491,2010-02-28 14:03:00,21165,BEWARE OF THE CAT METAL SIGN ,4,1.69,14064,United Kingdom
499491,2010-02-28 14:03:00,85197,SET OF 12 MINI BUNNIES IN A BUCKET,2,2.1,14064,United Kingdom
499491,2010-02-28 14:03:00,21114,LAVENDER SCENTED FABRIC HEART,30,1.25,14064,United Kingdom
499491,2010-02-28 14:03:00,85199S,SMALL HANGING IVORY/RED WOOD BIRD,10,0.42,14064,United Kingdom
499491,2010-02-28 14:03:00,21232,STRAWBERRY CERAMIC TRINKET BOX,30,1.25,14064,United Kingdom
499491,2010-02-28 14:03:00,22291,"SPRING DEC , HANGING CHICK CREAM",6,1.45,14064,United Kingdom
499491,2010-02-28 14:03:00,22293,"SPRING DEC , HANGING CHICK  GREEN",5,1.45,14064,United Kingdom
499491,2010-02-28 14:03:00,22417,PACK OF 60 SPACEBOY CAKE CASES,12,0.55,14064,United Kingdom
499491,2010-02-28 14:03:00,22068,BLACK PIRATE TREASURE CHEST,6,1.65,14064,United Kingdom
499491,2010-02-28 14:03:00,82597,BOMBS AWAY METAL SIGN,2,2.1,14064,United Kingdom
499491,2010-02-28 14:03:00,21907,I'M ON HOLIDAY METAL SIGN,4,2.1,14064,United Kingdom
499491,2010-02-28 14:03:00,22272,FELTCRAFT DOLL MARIA,1,2.95,14064,United Kingdom
499491,2010-02-28 14:03:00,22064,PINK DOUGHNUT TRINKET POT ,3,1.65,14064,United Kingdom
499491,2010-02-28 14:03:00,21166,COOK WITH WINE METAL SIGN ,12,1.95,14064,United Kingdom
499491,2010-02-28 14:03:00,21175,GIN + TONIC DIET METAL SIGN,12,2.1,14064,United Kingdom
499491,2010-02-28 14:03:00,21169,YOU'RE CONFUSING ME METAL SIGN ,24,1.69,14064,United Kingdom
499491,2010-02-28 14:03:00,22067,CHOC TRUFFLE GOLD TRINKET POT ,4,1.65,14064,United Kingdom
499758,2010-03-02 12:20:00,22352,LUNCHBOX WITH CUTLERY RETROSPOT ,1,2.55,15003,United Kingdom
499758,2010-03-02 12:20:00,85150,LADIES & GENTLEMEN METAL SIGN,1,2.55,15003,United Kingdom
499758,2010-03-02 12:20:00,85152,HAND OVER THE CHOCOLATE   SIGN ,1,2.1,15003,United Kingdom
499758,2010-03-02 12:20:00,20971,PINK BLUE FELT CRAFT TRINKET BOX,2,1.25,15003,United Kingdom
499758,2010-03-02 12:20:00,20727,LUNCH BAG  BLACK SKULL.,1,1.65,15003,United Kingdom
499758,2010-03-02 12:20:00,22384,LUNCH BAG PINK RETROSPOT,1,1.65,15003,United Kingdom
499758,2010-03-02 12:20:00,22383,LUNCH BAG SUKI  DESIGN ,2,1.65,15003,United Kingdom
499758,2010-03-02 12:20:00,21559,STRAWBERRY LUNCHBOX WITH CUTLERY,2,2.55,15003,United Kingdom
499758,2010-03-02 12:20:00,21561,DINOSAUR LUNCHBOX WITH CUTLERY,2,2.55,15003,United Kingdom
499758,2010-03-02 12:20:00,22353,LUNCHBOX WITH CUTLERY FAIRY CAKES ,1,2.55,15003,United Kingdom
499758,2010-03-02 12:20:00,84997B,RED 3 PIECE MINI DOTS CUTLERY SET,1,3.75,15003,United Kingdom
499758,2010-03-02 12:20:00,21929,JUMBO BAG PINK VINTAGE PAISLEY,2,1.95,15003,United Kingdom
499758,2010-03-02 12:20:00,22386,JUMBO BAG PINK WITH WHITE SPOTS,2,1.95,15003,United Kingdom
499758,2010-03-02 12:20:00,21931,JUMBO STORAGE BAG SUKI,1,1.95,15003,United Kingdom
499758,2010-03-02 12:20:00,22323,PINK POLKADOT KIDS BAG,1,1.95,15003,United Kingdom
499758,2010-03-02 12:20:00,21768,WALL MOUNTED VINTAGE ORGANISER,1,14.95,15003,United Kingdom
499758,2010-03-02 12:20:00,85136C,RED SHARK HELICOPTER,1,7.95,15003,United Kingdom
499758,2010-03-02 12:20:00,72023F,RED ORGANIC CANDLE IN GLASS,2,1.25,15003,United Kingdom
499758,2010-03-02 12:20:00,85183A,CHARLIE & LOLA WASTEPAPER BIN BLUE,1,3.75,15003,United Kingdom
499758,2010-03-02 12:20:00,71038,WHITE HANGING BEADS CANDLE HOLDER,2,5.45,15003,United Kingdom
499758,2010-03-02 12:20:00,21102,"CANDLE IN JAR COLLAGE , VANILLA",2,2.55,15003,United Kingdom
499758,2010-03-02 12:20:00,72796B,S/3 FRENCH VANILLA SQU CANDLE,1,1.65,15003,United Kingdom
499758,2010-03-02 12:20:00,20914,SET/5 RED SPOTTY LID GLASS BOWLS,1,2.95,15003,United Kingdom
499758,2010-03-02 12:20:00,17001,HEAVENS SCENT FRAGRANCE OILS ASSTD,2,0.29,15003,United Kingdom
499758,2010-03-02 12:20:00,84081,WHITE CERAMIC PARTY SET (5PCS),1,4.25,15003,United Kingdom
499758,2010-03-02 12:20:00,48185,DOOR MAT FAIRY CAKE,1,7.49,15003,United Kingdom
499758,2010-03-02 12:20:00,79144B,PAINTED LIGHTBULB STAR+ MOON,1,0.42,15003,United Kingdom
499758,2010-03-02 12:20:00,84874B,BLUE TRAVEL FIRST AID KIT,1,1.65,15003,United Kingdom
499758,2010-03-02 12:20:00,85066,CREAM SWEETHEART MINI CHEST,1,12.75,15003,United Kingdom
499758,2010-03-02 12:20:00,22167,"WALL MIRROR , DIAMANTE OVAL SHAPE",1,9.95,15003,United Kingdom
499758,2010-03-02 12:20:00,17109C,FLOWER FAIRY INCENSE ROSE,1,1.69,15003,United Kingdom
499758,2010-03-02 12:20:00,17109D,FLOWER FAIRY INCENSE BOUQUET,1,1.69,15003,United Kingdom
499758,2010-03-02 12:20:00,22188,BLACK HEART CARD HOLDER,1,3.95,15003,United Kingdom
499758,2010-03-02 12:20:00,90214R,"LETTER ""R"" BLING KEY RING",1,1.25,15003,United Kingdom
499758,2010-03-02 12:20:00,22433,WATERING CAN GREEN DINOSAUR,1,1.95,15003,United Kingdom
499758,2010-03-02 12:20:00,22431,WATERING CAN BLUE ELEPHANT,1,1.95,15003,United Kingdom
499758,2010-03-02 12:20:00,20993,JAZZ HEARTS MEMO PAD,1,0.85,15003,United Kingdom
499758,2010-03-02 12:20:00,20996,JAZZ HEARTS ADDRESS BOOK,2,0.42,15003,United Kingdom
499758,2010-03-02 12:20:00,21327,SKULLS WRITING SET ,1,1.65,15003,United Kingdom
499758,2010-03-02 12:20:00,21328,BALLOONS  WRITING SET ,1,1.65,15003,United Kingdom
499758,2010-03-02 12:20:00,21329,DINOSAURS  WRITING SET ,1,1.65,15003,United Kingdom
499758,2010-03-02 12:20:00,20990,SPRING FLOWER CHOPSTICKS SET/5,2,1.95,15003,United Kingdom
499758,2010-03-02 12:20:00,21949,SET OF 6 STRAWBERRY CHOPSTICKS,2,1.25,15003,United Kingdom
499758,2010-03-02 12:20:00,47559B,TEA TIME OVEN GLOVE,2,1.25,15003,United Kingdom
499758,2010-03-02 12:20:00,84509G,SET OF 4 FAIRY CAKE PLACEMATS ,1,3.75,15003,United Kingdom
499758,2010-03-02 12:20:00,84519A,TOMATO CHARLIE+LOLA COASTER SET,1,2.95,15003,United Kingdom
499758,2010-03-02 12:20:00,20992,JAZZ HEARTS PURSE NOTEBOOK,2,0.85,15003,United Kingdom
500167,2010-03-05 09:15:00,22348,TEA BAG PLATE RED SPOTTY ,12,0.85,12568,Germany
500167,2010-03-05 09:15:00,20676,RED SPOTTY BOWL,8,1.25,12568,Germany
500167,2010-03-05 09:15:00,POST,POSTAGE,1,18.0,12568,Germany
500167,2010-03-05 09:15:00,47570,ENGLISH ROSE TABLE CLOTH,2,10.65,12568,Germany
500167,2010-03-05 09:15:00,16161P,WRAP ENGLISH ROSE ,25,0.42,12568,Germany
500250,2010-03-05 12:56:00,82494L,WOODEN FRAME ANTIQUE WHITE ,6,2.95,15094,United Kingdom
500250,2010-03-05 12:56:00,85167B,BLACK GRAND BAROQUE PHOTO FRAME,4,4.25,15094,United Kingdom
500250,2010-03-05 12:56:00,85124A,PINK JUICY FRUIT PHOTO FRAME,6,2.55,15094,United Kingdom
500367,2010-03-08 08:09:00,POST,POSTAGE,1,40.0,12369,Austria
500367,2010-03-08 08:09:00,22264,FELT FARM ANIMAL WHITE BUNNY ,24,0.85,12369,Austria
500367,2010-03-08 08:09:00,22255,FELT TOADSTOOL  SMALL,24,0.85,12369,Austria
500367,2010-03-08 08:09:00,22253,6 CROCHET STRAWBERRIES,12,1.25,12369,Austria
500367,2010-03-08 08:09:00,22254,FELT TOADSTOOL LARGE,24,1.25,12369,Austria
500367,2010-03-08 08:09:00,22232,JIGSAW TOADSTOOLS 3 PIECE,8,1.65,12369,Austria
500367,2010-03-08 08:09:00,21717,EASTER TIN BUCKET,16,2.55,12369,Austria
500367,2010-03-08 08:09:00,84879,ASSORTED COLOUR BIRD ORNAMENT,88,1.69,12369,Austria
500367,2010-03-08 08:09:00,22243,"HOOK, 5 HANGER ,MAGIC TOADSTOOL RED",12,1.65,12369,Austria
500874,2010-03-10 13:43:00,21498,RED SPOTS  WRAP ,25,0.42,16719,United Kingdom
500874,2010-03-10 13:43:00,22371,AIRLINE BAG VINTAGE TOKYO 78,1,6.35,16719,United Kingdom
500874,2010-03-10 13:43:00,20768,GREEN FERN JOURNAL ,1,2.55,16719,United Kingdom
500874,2010-03-10 13:43:00,20771,CHRYSANTHEMUM  JOURNAL,2,2.55,16719,United Kingdom
500874,2010-03-10 13:43:00,22122,SET OF 2 FANCY FONT TEA TOWELS,1,2.95,16719,United Kingdom
500874,2010-03-10 13:43:00,M,Manual,50,0.1,16719,United Kingdom
500874,2010-03-10 13:43:00,20703,BLUE PADDED SOFT MOBILE,1,4.25,16719,United Kingdom
500874,2010-03-10 13:43:00,21034,REX CASH+CARRY JUMBO SHOPPER,1,0.95,16719,United Kingdom
500874,2010-03-10 13:43:00,84507B,STRIPES DESIGN MONKEY DOLL,1,2.55,16719,United Kingdom
500874,2010-03-10 13:43:00,84508B,STRIPES DESIGN TEDDY,1,2.55,16719,United Kingdom
500874,2010-03-10 13:43:00,20818,GOLD TEDDY BEAR,1,3.75,16719,United Kingdom
500874,2010-03-10 13:43:00,84508C,BLUE CIRCLES DESIGN TEDDY,1,2.55,16719,United Kingdom
500874,2010-03-10 13:43:00,22179,SET 10 LIGHTS NIGHT OWL,1,6.75,16719,United Kingdom
500874,2010-03-10 13:43:00,22374,AIRLINE BAG VINTAGE JET SET RED,1,6.35,16719,United Kingdom
500874,2010-03-10 13:43:00,20819,SILVER TEDDY BEAR,1,3.75,16719,United Kingdom
500874,2010-03-10 13:43:00,22139,RETRO SPOT TEA SET CERAMIC 11 PC ,1,4.95,16719,United Kingdom
500874,2010-03-10 13:43:00,20702,PINK PADDED MOBILE,1,4.25,16719,United Kingdom
500874,2010-03-10 13:43:00,22109,FULL ENGLISH BREAKFAST PLATE,2,3.75,16719,United Kingdom
500874,2010-03-10 13:43:00,21871,SAVE THE PLANET MUG,4,1.25,16719,United Kingdom
500874,2010-03-10 13:43:00,79323P,PINK CHERRY LIGHTS,11,6.75,16719,United Kingdom
500874,2010-03-10 13:43:00,79323W,WHITE CHERRY LIGHTS,7,6.75,16719,United Kingdom
500874,2010-03-10 13:43:00,79323LP,LIGHT PINK CHERRY LIGHTS,3,6.75,16719,United Kingdom
500874,2010-03-10 13:43:00,17091J,VANILLA INCENSE IN TIN,3,1.25,16719,United Kingdom
500874,2010-03-10 13:43:00,17091B,JASMINE TEA INCENSE IN TIN,3,1.25,16719,United Kingdom
500874,2010-03-10 13:43:00,17091A,LAVENDER INCENSE IN TIN,3,1.25,16719,United Kingdom
500874,2010-03-10 13:43:00,17091A,LAVENDER INCENSE IN TIN,3,1.25,16719,United Kingdom
500874,2010-03-10 13:43:00,84596B,SMALL DOLLY MIX DESIGN ORANGE BOWL,4,1.25,16719,United Kingdom
500874,2010-03-10 13:43:00,17090A,LAVENDER INCENSE 40 CONES IN TIN,2,1.25,16719,United Kingdom
500874,2010-03-10 13:43:00,79029,GLASS HONEYPOT WASP CATCHER,2,1.95,16719,United Kingdom
500874,2010-03-10 13:43:00,20828,GLITTER BUTTERFLY CLIPS,2,2.55,16719,United Kingdom
500874,2010-03-10 13:43:00,85098B,BLUE FLYING SINGING CANARY,5,3.75,16719,United Kingdom
500874,2010-03-10 13:43:00,21841,BABY MOUSE RED GINGHAM DRESS,1,4.25,16719,United Kingdom
500874,2010-03-10 13:43:00,20960,WATERMELON BATH SPONGE,2,1.25,16719,United Kingdom
501035,2010-03-11 19:24:00,84032B,CHARLIE + LOLA RED HOT WATER BOTTLE,1,2.95,14713,United Kingdom
501035,2010-03-11 19:24:00,21470,FLOWER VINE RAFFIA FOOD COVER,2,3.75,14713,United Kingdom
501035,2010-03-11 19:24:00,22382,LUNCH BAG SPACEBOY DESIGN ,4,1.65,14713,United Kingdom
501035,2010-03-11 19:24:00,37343,SPOTS DESIGN MUG W PINK INSIDE,3,1.65,14713,United Kingdom
501035,2010-03-11 19:24:00,22355,"CHARLOTTE BAG , SUKI DESIGN",6,0.85,14713,United Kingdom
501035,2010-03-11 19:24:00,22383,LUNCH BAG SUKI  DESIGN ,6,1.65,14713,United Kingdom
501035,2010-03-11 19:24:00,22386,JUMBO BAG PINK WITH WHITE SPOTS,3,1.95,14713,United Kingdom
501035,2010-03-11 19:24:00,22487,WHITE WOOD GARDEN PLANT LADDER,1,9.95,14713,United Kingdom
501035,2010-03-11 19:24:00,20712,JUMBO BAG WOODLAND ANIMALS,3,1.95,14713,United Kingdom
501035,2010-03-11 19:24:00,21471,STRAWBERRY RAFFIA FOOD COVER,2,3.75,14713,United Kingdom
501035,2010-03-11 19:24:00,21930,JUMBO STORAGE BAG SKULLS,3,1.95,14713,United Kingdom
501035,2010-03-11 19:24:00,21929,JUMBO BAG PINK VINTAGE PAISLEY,3,1.95,14713,United Kingdom
501035,2010-03-11 19:24:00,85206B,PINK FELT EASTER EGG BASKET,3,1.65,14713,United Kingdom
501035,2010-03-11 19:24:00,22021,BLUE FELT EASTER EGG BASKET,3,1.65,14713,United Kingdom
501035,2010-03-11 19:24:00,85206A,CREAM FELT EASTER EGG BASKET,6,1.65,14713,United Kingdom
501035,2010-03-11 19:24:00,21931,JUMBO STORAGE BAG SUKI,6,1.95,14713,United Kingdom
501035,2010-03-11 19:24:00,21559,STRAWBERRY LUNCHBOX WITH CUTLERY,2,2.55,14713,United Kingdom
501035,2010-03-11 19:24:00,22384,LUNCH BAG PINK RETROSPOT,6,1.65,14713,United Kingdom
501035,2010-03-11 19:24:00,10002,INFLATABLE POLITICAL GLOBE ,12,0.85,14713,United Kingdom
501035,2010-03-11 19:24:00,20725,LUNCH BAG RED SPOTTY,6,1.65,14713,United Kingdom
501035,2010-03-11 19:24:00,21500,PINK SPOTS  WRAP ,25,0.42,14713,United Kingdom
501035,2010-03-11 19:24:00,22583,PACK OF 6 HANDBAG GIFT BOXES,1,2.55,14713,United Kingdom
501035,2010-03-11 19:24:00,22036,DINOSAUR BIRTHDAY CARD,12,0.42,14713,United Kingdom
501035,2010-03-11 19:24:00,22385,JUMBO BAG SPACEBOY DESIGN,4,1.95,14713,United Kingdom
501035,2010-03-11 19:24:00,85226A,WHITE/BLUE PULL BACK RACING CAR,6,0.55,14713,United Kingdom
501035,2010-03-11 19:24:00,21917,SET 12 KIDS  WHITE CHALK STICKS,6,0.42,14713,United Kingdom
501035,2010-03-11 19:24:00,21790,VINTAGE SNAP CARDS,6,0.85,14713,United Kingdom
501035,2010-03-11 19:24:00,85226C,BLUE PULL BACK RACING CAR,6,0.55,14713,United Kingdom
501035,2010-03-11 19:24:00,22367,CHILDS APRON SPACEBOY DESIGN,2,1.95,14713,United Kingdom
501035,2010-03-11 19:24:00,47591D,PINK FAIRY CAKE CHILD'S APRON,2,1.95,14713,United Kingdom
501035,2010-03-11 19:24:00,20726,LUNCH BAG WOODLAND,4,1.65,14713,United Kingdom
501035,2010-03-11 19:24:00,20727,LUNCH BAG  BLACK SKULL.,4,1.65,14713,United Kingdom
501035,2010-03-11 19:24:00,22352,LUNCHBOX WITH CUTLERY RETROSPOT ,2,2.55,14713,United Kingdom
501035,2010-03-11 19:24:00,22356,"CHARLOTTE BAG , PINK/WHITE SPOTS",6,0.85,14713,United Kingdom
501035,2010-03-11 19:24:00,20724,RED SPOTTY CHARLOTTE BAG,6,0.85,14713,United Kingdom
501035,2010-03-11 19:24:00,22084,PAPER CHAIN KIT EMPIRE,3,2.95,14713,United Kingdom
501093,2010-03-12 12:34:00,17164B,ASS COL SMALL SAND GECKO P'WEIGHT,36,0.42,17588,United Kingdom
501093,2010-03-12 12:34:00,47021G,SET/6 BEAD COASTERS GAUZE BAG GOLD,12,1.25,17588,United Kingdom
501093,2010-03-12 12:34:00,72232,FENG SHUI PILLAR CANDLE,48,0.19,17588,United Kingdom
501093,2010-03-12 12:34:00,17164D,ASS COL SMALL SAND FROG P'WEIGHT,36,0.42,17588,United Kingdom
501093,2010-03-12 12:34:00,21437,24 HANGING EASTER EGGS FLORAL TUB,4,3.75,17588,United Kingdom
501093,2010-03-12 12:34:00,48187,DOOR MAT NEW ENGLAND,6,7.49,17588,United Kingdom
501093,2010-03-12 12:34:00,71477,COLOUR GLASS. STAR T-LIGHT HOLDER,72,2.75,17588,United Kingdom
501093,2010-03-12 12:34:00,48194,DOOR MAT HEARTS,4,7.49,17588,United Kingdom
501093,2010-03-12 12:34:00,48116,DOOR MAT MULTICOLOUR STRIPE,2,7.49,17588,United Kingdom
501093,2010-03-12 12:34:00,20685,DOOR MAT RED SPOT,4,7.49,17588,United Kingdom
501093,2010-03-12 12:34:00,84461,12 PINK HEN+CHICKS IN BASKET,6,2.55,17588,United Kingdom
501273,2010-03-15 13:39:00,21931,JUMBO STORAGE BAG SUKI,10,1.95,15117,United Kingdom
501273,2010-03-15 13:39:00,22274,FELTCRAFT DOLL EMILY,6,2.95,15117,United Kingdom
501273,2010-03-15 13:39:00,22617,BAKING SET SPACEBOY DESIGN,3,4.95,15117,United Kingdom
501273,2010-03-15 13:39:00,22273,FELTCRAFT DOLL MOLLY,6,2.95,15117,United Kingdom
501273,2010-03-15 13:39:00,22417,PACK OF 60 SPACEBOY CAKE CASES,24,0.55,15117,United Kingdom
501273,2010-03-15 13:39:00,22383,LUNCH BAG SUKI  DESIGN ,10,1.65,15117,United Kingdom
501273,2010-03-15 13:39:00,22382,LUNCH BAG SPACEBOY DESIGN ,10,1.65,15117,United Kingdom
501273,2010-03-15 13:39:00,22355,"CHARLOTTE BAG , SUKI DESIGN",10,0.85,15117,United Kingdom
501273,2010-03-15 13:39:00,85099C,JUMBO  BAG BAROQUE BLACK WHITE,10,1.95,15117,United Kingdom
501273,2010-03-15 13:39:00,21383,PACK OF 12 STICKY BUNNIES,12,0.65,15117,United Kingdom
501273,2010-03-15 13:39:00,21975,PACK OF 60 DINOSAUR CAKE CASES,24,0.55,15117,United Kingdom
501273,2010-03-15 13:39:00,22149,FELTCRAFT 6 FLOWER FRIENDS,6,2.1,15117,United Kingdom
501273,2010-03-15 13:39:00,85197,SET OF 12 MINI BUNNIES IN A BUCKET,6,2.1,15117,United Kingdom
501273,2010-03-15 13:39:00,21080,SET/20 RED SPOTTY PAPER NAPKINS ,12,0.85,15117,United Kingdom
501273,2010-03-15 13:39:00,22385,JUMBO BAG SPACEBOY DESIGN,10,1.95,15117,United Kingdom
501273,2010-03-15 13:39:00,21980,PACK OF 12 RED SPOTTY TISSUES ,48,0.29,15117,United Kingdom
501273,2010-03-15 13:39:00,21976,PACK OF 60 MUSHROOM CAKE CASES,24,0.55,15117,United Kingdom
501273,2010-03-15 13:39:00,21212,PACK OF 72 RETRO SPOT CAKE CASES,24,0.55,15117,United Kingdom
501273,2010-03-15 13:39:00,21982,PACK OF 12 SUKI TISSUES ,48,0.29,15117,United Kingdom
501274,2010-03-15 13:40:00,21975,PACK OF 60 DINOSAUR CAKE CASES,24,0.55,15117,United Kingdom
501274,2010-03-15 13:40:00,20724,RED SPOTTY CHARLOTTE BAG,10,0.85,15117,United Kingdom
501274,2010-03-15 13:40:00,22379,RECYCLING BAG RETROSPOT ,5,2.1,15117,United Kingdom
501274,2010-03-15 13:40:00,21212,PACK OF 72 RETRO SPOT CAKE CASES,24,0.55,15117,United Kingdom
501274,2010-03-15 13:40:00,22378,WALL TIDY RETROSPOT ,5,2.1,15117,United Kingdom
501274,2010-03-15 13:40:00,84992,72 SWEETHEART FAIRY CAKE CASES,24,0.55,15117,United Kingdom
501274,2010-03-15 13:40:00,21935,SUKI  SHOULDER BAG,10,1.65,15117,United Kingdom
501696,2010-03-18 18:47:00,71477,COLOUR GLASS. STAR T-LIGHT HOLDER,24,2.75,16199,United Kingdom
501767,2010-03-19 11:39:00,22223,CAKE PLATE LOVEBIRD PINK,2,4.95,16335,United Kingdom
501767,2010-03-19 11:39:00,22413,METAL SIGN TAKE IT OR LEAVE IT ,2,2.95,16335,United Kingdom
501767,2010-03-19 11:39:00,21175,GIN + TONIC DIET METAL SIGN,3,2.1,16335,United Kingdom
501767,2010-03-19 11:39:00,21165,BEWARE OF THE CAT METAL SIGN ,3,1.69,16335,United Kingdom
501767,2010-03-19 11:39:00,21181,PLEASE ONE PERSON METAL SIGN,1,2.1,16335,United Kingdom
501767,2010-03-19 11:39:00,21907,I'M ON HOLIDAY METAL SIGN,2,2.1,16335,United Kingdom
501767,2010-03-19 11:39:00,82552,WASHROOM METAL SIGN,2,1.25,16335,United Kingdom
501767,2010-03-19 11:39:00,22457,NATURAL SLATE HEART CHALKBOARD ,3,2.95,16335,United Kingdom
501767,2010-03-19 11:39:00,47567B,TEA TIME KITCHEN APRON,3,5.95,16335,United Kingdom
501767,2010-03-19 11:39:00,21231,SWEETHEART CERAMIC TRINKET BOX,3,1.25,16335,United Kingdom
501767,2010-03-19 11:39:00,47559B,TEA TIME OVEN GLOVE,4,1.25,16335,United Kingdom
501767,2010-03-19 11:39:00,47580,TEA TIME DES TEA COSY,3,2.55,16335,United Kingdom
501767,2010-03-19 11:39:00,22384,LUNCH BAG PINK RETROSPOT,10,1.65,16335,United Kingdom
501767,2010-03-19 11:39:00,47570B,TEA TIME TABLE CLOTH,2,10.65,16335,United Kingdom
501767,2010-03-19 11:39:00,85067,CREAM SWEETHEART WALL CABINET,1,18.95,16335,United Kingdom
501767,2010-03-19 11:39:00,37449,CERAMIC CAKE STAND + HANGING CAKES,1,9.95,16335,United Kingdom
501767,2010-03-19 11:39:00,22060,LARGE CAKE STAND HANGING HEARTS,1,9.95,16335,United Kingdom
501767,2010-03-19 11:39:00,21232,STRAWBERRY CERAMIC TRINKET BOX,2,1.25,16335,United Kingdom
501767,2010-03-19 11:39:00,84901,BLACK FACE LAMB WITH PANTS,2,3.75,16335,United Kingdom
501767,2010-03-19 11:39:00,90175B,PINK GLASS CHUNKY CHARM BRACELET,2,8.95,16335,United Kingdom
501767,2010-03-19 11:39:00,90026A,GLASS BEAD HOOP NECKLACE BLACK,1,8.5,16335,United Kingdom
501767,2010-03-19 11:39:00,72741,GRAND CHOCOLATECANDLE,9,1.45,16335,United Kingdom
501767,2010-03-19 11:39:00,47566B,TEA TIME PARTY BUNTING,3,4.65,16335,United Kingdom
501767,2010-03-19 11:39:00,47591B,SCOTTIES DES CHILD'S APRON,2,1.65,16335,United Kingdom
501767,2010-03-19 11:39:00,21156,RED SPOTTY CHILDS APRON,2,1.95,16335,United Kingdom
501767,2010-03-19 11:39:00,47591D,PINK FAIRY CAKE CHILD'S APRON,4,1.95,16335,United Kingdom
501767,2010-03-19 11:39:00,47591C,BLUE FAIRY CAKE CHILD'S APRON,3,1.95,16335,United Kingdom
501767,2010-03-19 11:39:00,22383,LUNCH BAG SUKI  DESIGN ,10,1.65,16335,United Kingdom
501767,2010-03-19 11:39:00,20727,LUNCH BAG  BLACK SKULL.,4,1.65,16335,United Kingdom
501767,2010-03-19 11:39:00,84580,MOUSE TOY WITH PINK T-SHIRT,2,3.75,16335,United Kingdom
501767,2010-03-19 11:39:00,22318,FIVE HEART HANGING DECORATION,2,2.95,16335,United Kingdom
501767,2010-03-19 11:39:00,20726,LUNCH BAG WOODLAND,3,1.65,16335,United Kingdom
501767,2010-03-19 11:39:00,85049G,CHOCOLATE BOX RIBBONS ,2,1.25,16335,United Kingdom
501767,2010-03-19 11:39:00,85049G,CHOCOLATE BOX RIBBONS ,1,1.25,16335,United Kingdom
501767,2010-03-19 11:39:00,90124A,PINK MURANO TWIST NECKLACE,2,9.95,16335,United Kingdom
501767,2010-03-19 11:39:00,90000B,MIDNIGHT BLUE COPPER FLOWER NECKLAC,1,5.95,16335,United Kingdom
501767,2010-03-19 11:39:00,90014A,SILVER/MOP ORBIT NECKLACE,2,9.95,16335,United Kingdom
501767,2010-03-19 11:39:00,90014C,SILVER/BLACK ORBIT NECKLACE,2,9.95,16335,United Kingdom
501767,2010-03-19 11:39:00,90178B,PURPLE CHUNKY GLASS+BEAD NECKLACE,1,11.95,16335,United Kingdom
501767,2010-03-19 11:39:00,22382,LUNCH BAG SPACEBOY DESIGN ,3,1.65,16335,United Kingdom
501767,2010-03-19 11:39:00,90148,LONG SILVER NECKLACE PASTEL FLOWER,2,12.75,16335,United Kingdom
501767,2010-03-19 11:39:00,48194,DOOR MAT HEARTS,1,7.49,16335,United Kingdom
501767,2010-03-19 11:39:00,20685,DOOR MAT RED SPOT,1,7.49,16335,United Kingdom
501767,2010-03-19 11:39:00,21590,KINGS CHOICE CIGAR BOX MATCHES ,3,1.25,16335,United Kingdom
501767,2010-03-19 11:39:00,21874,GIN AND TONIC MUG,6,1.25,16335,United Kingdom
501767,2010-03-19 11:39:00,22499,WOODEN UNION JACK BUNTING,2,5.95,16335,United Kingdom
501767,2010-03-19 11:39:00,21592,RETRO SPOT  CIGAR BOX MATCHES ,3,1.25,16335,United Kingdom
501767,2010-03-19 11:39:00,21181,PLEASE ONE PERSON METAL SIGN,3,2.1,16335,United Kingdom
501767,2010-03-19 11:39:00,79323W,WHITE CHERRY LIGHTS,4,6.75,16335,United Kingdom
501767,2010-03-19 11:39:00,21559,STRAWBERRY LUNCHBOX WITH CUTLERY,3,2.55,16335,United Kingdom
501767,2010-03-19 11:39:00,22353,LUNCHBOX WITH CUTLERY FAIRY CAKES ,3,2.55,16335,United Kingdom
501767,2010-03-19 11:39:00,22296,HEART IVORY TRELLIS LARGE,6,1.65,16335,United Kingdom
501767,2010-03-19 11:39:00,47556B,TEA TIME TEA TOWELS ,9,2.95,16335,United Kingdom
501767,2010-03-19 11:39:00,21977,PACK OF 60 PINK PAISLEY CAKE CASES,2,0.55,16335,United Kingdom
501767,2010-03-19 11:39:00,21213,PACK OF 72 SKULL CAKE CASES,3,0.55,16335,United Kingdom
501767,2010-03-19 11:39:00,84991,60 TEATIME FAIRY CAKE CASES,5,0.55,16335,United Kingdom
501767,2010-03-19 11:39:00,21212,PACK OF 72 RETRO SPOT CAKE CASES,3,0.55,16335,United Kingdom
501767,2010-03-19 11:39:00,21976,PACK OF 60 MUSHROOM CAKE CASES,2,0.55,16335,United Kingdom
501767,2010-03-19 11:39:00,22508,DOORSTOP RETROSPOT HEART,2,3.75,16335,United Kingdom
501767,2010-03-19 11:39:00,84520B,PACK 20 ENGLISH ROSE PAPER NAPKINS,2,0.85,16335,United Kingdom
501767,2010-03-19 11:39:00,84997B,RED 3 PIECE MINI DOTS CUTLERY SET,2,3.75,16335,United Kingdom
501767,2010-03-19 11:39:00,84997C,BLUE 3 PIECE MINI DOTS CUTLERY SET,2,3.75,16335,United Kingdom
501767,2010-03-19 11:39:00,82600,NO SINGING METAL SIGN,4,2.1,16335,United Kingdom
501767,2010-03-19 11:39:00,21843,RETRO SPOT CAKE STAND,2,10.95,16335,United Kingdom
501767,2010-03-19 11:39:00,48195,DOOR MAT GREEN PAISLEY ,1,7.49,16335,United Kingdom
501767,2010-03-19 11:39:00,22131,FOOD CONTAINER SET 3 LOVE HEART ,3,1.95,16335,United Kingdom
501767,2010-03-19 11:39:00,48184,DOOR MAT ENGLISH ROSE ,1,7.49,16335,United Kingdom
501767,2010-03-19 11:39:00,22077,6 RIBBONS RUSTIC CHARM,3,1.65,16335,United Kingdom
501767,2010-03-19 11:39:00,85049D,BRIGHT BLUES RIBBONS ,3,1.25,16335,United Kingdom
501767,2010-03-19 11:39:00,85049B,LUSH GREENS RIBBONS,3,1.25,16335,United Kingdom
501767,2010-03-19 11:39:00,85049C,ROMANTIC PINKS RIBBONS ,3,1.25,16335,United Kingdom
501767,2010-03-19 11:39:00,22139,RETRO SPOT TEA SET CERAMIC 11 PC ,4,4.95,16335,United Kingdom
501767,2010-03-19 11:39:00,22513,DOORSTOP FOOTBALL DESIGN,2,3.75,16335,United Kingdom
501767,2010-03-19 11:39:00,48188,DOOR MAT WELCOME PUPPIES,1,7.49,16335,United Kingdom
501767,2010-03-19 11:39:00,84837,WHITE SWEETHEARTS CABINET 4 DRAWERS,1,12.75,16335,United Kingdom
501767,2010-03-19 11:39:00,22465,HANGING METAL STAR LANTERN,6,1.65,16335,United Kingdom
501767,2010-03-19 11:39:00,22464,HANGING METAL HEART LANTERN,6,1.65,16335,United Kingdom
501767,2010-03-19 11:39:00,84978,HANGING HEART JAR T-LIGHT HOLDER,6,1.25,16335,United Kingdom
501767,2010-03-19 11:39:00,82613C,"METAL SIGN,CUPCAKE SINGLE HOOK",4,1.25,16335,United Kingdom
501767,2010-03-19 11:39:00,82613B,"METAL SIGN,CUPCAKE SINGLE HOOK",4,1.25,16335,United Kingdom
501767,2010-03-19 11:39:00,82613A,"METAL SIGN,CUPCAKE SINGLE HOOK",4,1.25,16335,United Kingdom
501767,2010-03-19 11:39:00,22090,PAPER BUNTING RETRO SPOTS,3,2.95,16335,United Kingdom
501767,2010-03-19 11:39:00,84406B,CREAM CUPID HEARTS COAT HANGER,3,3.25,16335,United Kingdom
501831,2010-03-19 16:24:00,21174,POTTERING IN THE SHED METAL SIGN,2,1.95,14584,United Kingdom
501831,2010-03-19 16:24:00,21908,CHOCOLATE THIS WAY METAL SIGN,1,2.1,14584,United Kingdom
501831,2010-03-19 16:24:00,21908,CHOCOLATE THIS WAY METAL SIGN,2,2.1,14584,United Kingdom
501831,2010-03-19 16:24:00,85230G,ORANGE VOTIVE CANDLE,24,0.29,14584,United Kingdom
501831,2010-03-19 16:24:00,22413,METAL SIGN TAKE IT OR LEAVE IT ,2,2.95,14584,United Kingdom
501831,2010-03-19 16:24:00,21169,YOU'RE CONFUSING ME METAL SIGN ,2,1.69,14584,United Kingdom
501831,2010-03-19 16:24:00,21158,MOODY GIRL DOOR HANGER ,2,1.45,14584,United Kingdom
501831,2010-03-19 16:24:00,72129,COLUMBIAN CANDLE ROUND ,6,0.65,14584,United Kingdom
501831,2010-03-19 16:24:00,72133,COLUMBIAN CANDLE RECTANGLE,4,1.25,14584,United Kingdom
501831,2010-03-19 16:24:00,22217,T-LIGHT HOLDER HANGING LACE,2,1.25,14584,United Kingdom
501831,2010-03-19 16:24:00,85230F,JASMINE VOTIVE CANDLE,24,0.29,14584,United Kingdom
501831,2010-03-19 16:24:00,85230A,OPIUM SCENTED VOTIVE CANDLE,24,0.29,14584,United Kingdom
501831,2010-03-19 16:24:00,85230B,CINNAMON SCENTED VOTIVE CANDLE,24,0.29,14584,United Kingdom
501831,2010-03-19 16:24:00,21166,COOK WITH WINE METAL SIGN ,3,1.95,14584,United Kingdom
501831,2010-03-19 16:24:00,72131,COLUMBIAN CANDLE RECTANGLE,3,1.95,14584,United Kingdom
501831,2010-03-19 16:24:00,21165,BEWARE OF THE CAT METAL SIGN ,5,1.69,14584,United Kingdom
501831,2010-03-19 16:24:00,21175,GIN + TONIC DIET METAL SIGN,2,2.1,14584,United Kingdom
501831,2010-03-19 16:24:00,21754,HOME BUILDING BLOCK WORD,2,5.95,14584,United Kingdom
501831,2010-03-19 16:24:00,22456,NATURAL SLATE CHALKBOARD LARGE ,4,4.95,14584,United Kingdom
501831,2010-03-19 16:24:00,21162,TOXIC AREA  DOOR HANGER ,2,1.45,14584,United Kingdom
501831,2010-03-19 16:24:00,21163,DO NOT TOUCH MY STUFF DOOR HANGER ,2,1.45,14584,United Kingdom
501831,2010-03-19 16:24:00,21161,KEEP OUT BOYS DOOR HANGER ,2,1.45,14584,United Kingdom
501831,2010-03-19 16:24:00,21179,NO JUNK MAIL METAL SIGN,5,1.25,14584,United Kingdom
501831,2010-03-19 16:24:00,85230E,STRAWBRY SCENTED VOTIVE CANDLE,24,0.29,14584,United Kingdom
501831,2010-03-19 16:24:00,22283,6 EGG HOUSE PAINTED WOOD,2,7.95,14584,United Kingdom
501831,2010-03-19 16:24:00,21159,MOODY BOY  DOOR HANGER ,2,1.45,14584,United Kingdom
501831,2010-03-19 16:24:00,82580,BATHROOM METAL SIGN,1,0.55,14584,United Kingdom
501831,2010-03-19 16:24:00,82581,TOILET METAL SIGN,2,0.55,14584,United Kingdom
501831,2010-03-19 16:24:00,82578,KITCHEN METAL SIGN,2,0.55,14584,United Kingdom
501831,2010-03-19 16:24:00,82580,BATHROOM METAL SIGN,1,0.55,14584,United Kingdom
501831,2010-03-19 16:24:00,84755,COLOUR GLASS T-LIGHT HOLDER HANGING,8,0.65,14584,United Kingdom
501831,2010-03-19 16:24:00,22119,PEACE WOODEN BLOCK LETTERS,2,6.95,14584,United Kingdom
501831,2010-03-19 16:24:00,21755,LOVE BUILDING BLOCK WORD,2,5.95,14584,United Kingdom
501831,2010-03-19 16:24:00,21333,CLASSIC WHITE FRAME,2,2.95,14584,United Kingdom
501860,2010-03-21 11:32:00,21529,RETRO SPOT CERAMIC TOASTRACK,1,3.45,15425,United Kingdom
501860,2010-03-21 11:32:00,22296,HEART IVORY TRELLIS LARGE,12,1.65,15425,United Kingdom
501860,2010-03-21 11:32:00,85130C,BEADED CRYSTAL HEART BLUE  LARGE,24,1.65,15425,United Kingdom
501860,2010-03-21 11:32:00,85130D,BEADED CRYSTAL HEART PINK LARGE,24,1.65,15425,United Kingdom
501860,2010-03-21 11:32:00,22252,BIRDCAGE DECORATION TEALIGHT HOLDER,6,1.25,15425,United Kingdom
501860,2010-03-21 11:32:00,82578,KITCHEN METAL SIGN,6,0.55,15425,United Kingdom
501860,2010-03-21 11:32:00,21902,"KEY FOB , FRONT  DOOR ",3,0.65,15425,United Kingdom
501860,2010-03-21 11:32:00,35971,ROSE FOLKART HEART DECORATIONS,6,1.25,15425,United Kingdom
501860,2010-03-21 11:32:00,21900,"KEY FOB , SHED",6,0.65,15425,United Kingdom
501860,2010-03-21 11:32:00,21902,"KEY FOB , FRONT  DOOR ",4,0.65,15425,United Kingdom
501860,2010-03-21 11:32:00,22219,LOVEBIRD HANGING DECORATION WHITE ,6,0.85,15425,United Kingdom
501860,2010-03-21 11:32:00,21537,RETRO SPOTS PUDDING BOWL,2,4.25,15425,United Kingdom
501860,2010-03-21 11:32:00,82580,BATHROOM METAL SIGN,6,0.55,15425,United Kingdom
501860,2010-03-21 11:32:00,37503,TEA TIME CAKE STAND IN GIFT BOX,1,10.75,15425,United Kingdom
501860,2010-03-21 11:32:00,47591C,BLUE FAIRY CAKE CHILD'S APRON,6,1.95,15425,United Kingdom
501860,2010-03-21 11:32:00,22197,SMALL POPCORN HOLDER,100,0.72,15425,United Kingdom
501860,2010-03-21 11:32:00,47567B,TEA TIME KITCHEN APRON,6,5.95,15425,United Kingdom
501860,2010-03-21 11:32:00,47570B,TEA TIME TABLE CLOTH,2,10.65,15425,United Kingdom
501860,2010-03-21 11:32:00,47559B,TEA TIME OVEN GLOVE,4,1.25,15425,United Kingdom
501860,2010-03-21 11:32:00,47579,TEA TIME BREAKFAST BASKET,3,2.1,15425,United Kingdom
501860,2010-03-21 11:32:00,20707,CRAZY DAISY HEART DECORATION,4,1.25,15425,United Kingdom
501860,2010-03-21 11:32:00,21456,2 PICTURE BOOK EGGS EASTER CHICKS,4,1.25,15425,United Kingdom
501860,2010-03-21 11:32:00,22367,CHILDS APRON SPACEBOY DESIGN,6,1.95,15425,United Kingdom
501860,2010-03-21 11:32:00,21156,RED SPOTTY CHILDS APRON,6,1.95,15425,United Kingdom
501860,2010-03-21 11:32:00,22382,LUNCH BAG SPACEBOY DESIGN ,4,1.65,15425,United Kingdom
501860,2010-03-21 11:32:00,22384,LUNCH BAG PINK RETROSPOT,6,1.65,15425,United Kingdom
501860,2010-03-21 11:32:00,84791,GINGHAM HEART DECORATION,3,2.95,15425,United Kingdom
501860,2010-03-21 11:32:00,22461,SAVOY ART DECO CLOCK,1,12.75,15425,United Kingdom
501860,2010-03-21 11:32:00,72741,GRAND CHOCOLATECANDLE,9,1.45,15425,United Kingdom
501860,2010-03-21 11:32:00,84406B,CREAM CUPID HEARTS COAT HANGER,3,3.25,15425,United Kingdom
501860,2010-03-21 11:32:00,47591D,PINK FAIRY CAKE CHILD'S APRON,6,1.95,15425,United Kingdom
501860,2010-03-21 11:32:00,71053,WHITE METAL LANTERN,2,3.75,15425,United Kingdom
501860,2010-03-21 11:32:00,21218,RED SPOTTY BISCUIT TIN,3,3.75,15425,United Kingdom
501860,2010-03-21 11:32:00,37447,CERAMIC CAKE DESIGN SPOTTED PLATE,4,1.49,15425,United Kingdom
501860,2010-03-21 11:32:00,84405A,S/3 PINK COL METAL BASKET W HANDLE,1,12.75,15425,United Kingdom
501860,2010-03-21 11:32:00,21136,PAINTED METAL PEARS ASSORTED,8,1.69,15425,United Kingdom
501860,2010-03-21 11:32:00,22221,CAKE STAND LOVEBIRD 2 TIER PINK,1,9.95,15425,United Kingdom
501860,2010-03-21 11:32:00,22220,CAKE STAND LOVEBIRD 2 TIER WHITE,1,9.95,15425,United Kingdom
501860,2010-03-21 11:32:00,37502,TEA TIME MUG IN GIFT BOX,4,2.95,15425,United Kingdom
501860,2010-03-21 11:32:00,22123,PING MICROWAVE APRON,2,5.95,15425,United Kingdom
501860,2010-03-21 11:32:00,84880,WHITE WIRE EGG HOLDER,2,5.95,15425,United Kingdom
501860,2010-03-21 11:32:00,35809A,ENAMEL PINK TEA CONTAINER,6,2.1,15425,United Kingdom
501860,2010-03-21 11:32:00,35811A,ENAMEL PINK SUGAR CONTAINER,6,2.1,15425,United Kingdom
501860,2010-03-21 11:32:00,22198,LARGE POPCORN HOLDER ,5,1.65,15425,United Kingdom
501860,2010-03-21 11:32:00,84596L,BISCUITS SMALL BOWL LIGHT BLUE,8,1.25,15425,United Kingdom
501860,2010-03-21 11:32:00,21389,IVORY HANGING DECORATION  BIRD,24,0.85,15425,United Kingdom
501860,2010-03-21 11:32:00,21529,RETRO SPOT CERAMIC TOASTRACK,1,3.45,15425,United Kingdom
501860,2010-03-21 11:32:00,22188,BLACK HEART CARD HOLDER,2,3.95,15425,United Kingdom
501860,2010-03-21 11:32:00,21384,IVORY HANGING DECORATION  BUTTERFLY,24,0.85,15425,United Kingdom
501860,2010-03-21 11:32:00,47566B,TEA TIME PARTY BUNTING,4,4.65,15425,United Kingdom
501860,2010-03-21 11:32:00,21041,RED SPOTTY OVEN GLOVE DOUBLE,3,2.95,15425,United Kingdom
501860,2010-03-21 11:32:00,22222,CAKE PLATE LOVEBIRD WHITE,2,4.95,15425,United Kingdom
501860,2010-03-21 11:32:00,22223,CAKE PLATE LOVEBIRD PINK,2,4.95,15425,United Kingdom
501860,2010-03-21 11:32:00,21733,RED HANGING HEART T-LIGHT HOLDER,2,2.95,15425,United Kingdom
501860,2010-03-21 11:32:00,85123A,WHITE HANGING HEART T-LIGHT HOLDER,4,2.95,15425,United Kingdom
501860,2010-03-21 11:32:00,21386,IVORY HANGING DECORATION  EGG,24,0.85,15425,United Kingdom
501860,2010-03-21 11:32:00,22189,CREAM HEART CARD HOLDER,2,3.95,15425,United Kingdom
501860,2010-03-21 11:32:00,22224,WHITE LOVEBIRD LANTERN,2,2.95,15425,United Kingdom
501860,2010-03-21 11:32:00,47599A,PINK PARTY BAGS,6,2.1,15425,United Kingdom
501860,2010-03-21 11:32:00,22212,FOUR HOOK  WHITE LOVEBIRDS,4,2.1,15425,United Kingdom
501860,2010-03-21 11:32:00,22465,HANGING METAL STAR LANTERN,6,1.65,15425,United Kingdom
501875,2010-03-21 12:39:00,84755,COLOUR GLASS T-LIGHT HOLDER HANGING,32,0.65,16168,United Kingdom
501875,2010-03-21 12:39:00,22178,VICTORIAN GLASS HANGING T-LIGHT,12,1.25,16168,United Kingdom
501875,2010-03-21 12:39:00,84691,PACK 20 DOLLY PEGS,12,0.85,16168,United Kingdom
501875,2010-03-21 12:39:00,40018F,CHERRY DESIGN PAPERLANTERNS,20,1.95,16168,United Kingdom
501875,2010-03-21 12:39:00,22488,NATURAL SLATE RECTANGLE CHALKBOARD,12,1.65,16168,United Kingdom
501875,2010-03-21 12:39:00,22087,PAPER BUNTING WHITE LACE,6,2.95,16168,United Kingdom
501875,2010-03-21 12:39:00,22457,NATURAL SLATE HEART CHALKBOARD ,12,2.95,16168,United Kingdom
501875,2010-03-21 12:39:00,22456,NATURAL SLATE CHALKBOARD LARGE ,6,4.95,16168,United Kingdom
501875,2010-03-21 12:39:00,40018E,TEA TIME PAPER LANTERNS,20,1.95,16168,United Kingdom
502189,2010-03-23 11:41:00,21329,DINOSAURS  WRITING SET ,1,1.65,15003,United Kingdom
502189,2010-03-23 11:41:00,20725,LUNCH BAG RED SPOTTY,1,1.65,15003,United Kingdom
502189,2010-03-23 11:41:00,21100,CHARLIE AND LOLA CHARLOTTE BAG,1,1.65,15003,United Kingdom
502189,2010-03-23 11:41:00,22384,LUNCH BAG PINK RETROSPOT,2,1.65,15003,United Kingdom
502189,2010-03-23 11:41:00,22383,LUNCH BAG SUKI  DESIGN ,2,1.65,15003,United Kingdom
502189,2010-03-23 11:41:00,20728,LUNCH BAG CARS BLUE,1,1.65,15003,United Kingdom
502189,2010-03-23 11:41:00,21100,CHARLIE AND LOLA CHARLOTTE BAG,1,1.65,15003,United Kingdom
502189,2010-03-23 11:41:00,22382,LUNCH BAG SPACEBOY DESIGN ,1,1.65,15003,United Kingdom
502189,2010-03-23 11:41:00,20727,LUNCH BAG  BLACK SKULL.,1,1.65,15003,United Kingdom
502189,2010-03-23 11:41:00,20726,LUNCH BAG WOODLAND,1,1.65,15003,United Kingdom
502189,2010-03-23 11:41:00,47591D,PINK FAIRY CAKE CHILD'S APRON,1,1.95,15003,United Kingdom
502189,2010-03-23 11:41:00,85071B,RED CHARLIE+LOLA PERSONAL DOORSIGN,1,2.95,15003,United Kingdom
502189,2010-03-23 11:41:00,22352,LUNCHBOX WITH CUTLERY RETROSPOT ,1,2.55,15003,United Kingdom
502189,2010-03-23 11:41:00,85071A,BLUE CHARLIE+LOLA PERSONAL DOORSIGN,1,2.95,15003,United Kingdom
502189,2010-03-23 11:41:00,22149,FELTCRAFT 6 FLOWER FRIENDS,2,2.1,15003,United Kingdom
502189,2010-03-23 11:41:00,79144B,PAINTED LIGHTBULB STAR+ MOON,4,0.42,15003,United Kingdom
502189,2010-03-23 11:41:00,22444,GROW YOUR OWN PLANT IN A CAN ,2,1.25,15003,United Kingdom
502189,2010-03-23 11:41:00,21559,STRAWBERRY LUNCHBOX WITH CUTLERY,1,2.55,15003,United Kingdom
502189,2010-03-23 11:41:00,21561,DINOSAUR LUNCHBOX WITH CUTLERY,1,2.55,15003,United Kingdom
502189,2010-03-23 11:41:00,22353,LUNCHBOX WITH CUTLERY FAIRY CAKES ,2,2.55,15003,United Kingdom
502189,2010-03-23 11:41:00,21328,BALLOONS  WRITING SET ,1,1.65,15003,United Kingdom
502189,2010-03-23 11:41:00,22367,CHILDS APRON SPACEBOY DESIGN,1,1.95,15003,United Kingdom
502189,2010-03-23 11:41:00,84519B,CARROT CHARLIE+LOLA COASTER SET,1,2.95,15003,United Kingdom
502189,2010-03-23 11:41:00,20712,JUMBO BAG WOODLAND ANIMALS,1,1.95,15003,United Kingdom
502189,2010-03-23 11:41:00,22296,HEART IVORY TRELLIS LARGE,1,1.65,15003,United Kingdom
502189,2010-03-23 11:41:00,22189,CREAM HEART CARD HOLDER,1,3.95,15003,United Kingdom
502189,2010-03-23 11:41:00,22188,BLACK HEART CARD HOLDER,1,3.95,15003,United Kingdom
502189,2010-03-23 11:41:00,21559,STRAWBERRY LUNCHBOX WITH CUTLERY,1,2.55,15003,United Kingdom
502189,2010-03-23 11:41:00,21930,JUMBO STORAGE BAG SKULLS,2,1.95,15003,United Kingdom
502189,2010-03-23 11:41:00,21931,JUMBO STORAGE BAG SUKI,1,1.95,15003,United Kingdom
502189,2010-03-23 11:41:00,20713,JUMBO BAG OWLS,1,1.95,15003,United Kingdom
502189,2010-03-23 11:41:00,22165,"DIAMANTE HEART SHAPED WALL MIRROR, ",1,12.75,15003,United Kingdom
502189,2010-03-23 11:41:00,85099B,JUMBO BAG RED WHITE SPOTTY ,1,1.95,15003,United Kingdom
502189,2010-03-23 11:41:00,85099F,JUMBO BAG STRAWBERRY,1,1.95,15003,United Kingdom
502189,2010-03-23 11:41:00,22385,JUMBO BAG SPACEBOY DESIGN,1,1.95,15003,United Kingdom
502189,2010-03-23 11:41:00,21929,JUMBO BAG PINK VINTAGE PAISLEY,1,1.95,15003,United Kingdom
502189,2010-03-23 11:41:00,85099C,JUMBO  BAG BAROQUE BLACK WHITE,1,1.95,15003,United Kingdom
502189,2010-03-23 11:41:00,21928,JUMBO BAG SCANDINAVIAN PAISLEY,1,1.95,15003,United Kingdom
502189,2010-03-23 11:41:00,79303D,LILAC FLOWER BLOCK TABLE LAMP,1,2.95,15003,United Kingdom
502189,2010-03-23 11:41:00,21648,ASSORTED TUTTI FRUTTI SMALL PURSE,1,1.25,15003,United Kingdom
502189,2010-03-23 11:41:00,84997C,BLUE 3 PIECE MINI DOTS CUTLERY SET,2,3.75,15003,United Kingdom
502189,2010-03-23 11:41:00,21159,MOODY BOY  DOOR HANGER ,1,1.45,15003,United Kingdom
502189,2010-03-23 11:41:00,22444,GROW YOUR OWN PLANT IN A CAN ,2,1.25,15003,United Kingdom
502189,2010-03-23 11:41:00,21033,JUMBO BAG CHARLIE AND LOLA TOYS,1,2.95,15003,United Kingdom
502189,2010-03-23 11:41:00,22386,JUMBO BAG PINK WITH WHITE SPOTS,2,1.95,15003,United Kingdom
502189,2010-03-23 11:41:00,20711,JUMBO BAG TOYS ,1,1.95,15003,United Kingdom
502189,2010-03-23 11:41:00,84997B,RED 3 PIECE MINI DOTS CUTLERY SET,1,3.75,15003,United Kingdom
502632,2010-03-25 16:17:00,22457,NATURAL SLATE HEART CHALKBOARD ,6,2.95,17484,United Kingdom
502632,2010-03-25 16:17:00,21586,KINGS CHOICE GIANT TUBE MATCHES,12,2.55,17484,United Kingdom
502632,2010-03-25 16:17:00,21624,VINTAGE UNION JACK DOORSTOP,3,5.95,17484,United Kingdom
502632,2010-03-25 16:17:00,84832,ZINC WILLIE WINKIE  CANDLE STICK,12,0.85,17484,United Kingdom
502632,2010-03-25 16:17:00,22357,KINGS CHOICE BISCUIT TIN,4,4.25,17484,United Kingdom
502632,2010-03-25 16:17:00,84836,ZINC METAL HEART DECORATION,12,1.25,17484,United Kingdom
502632,2010-03-25 16:17:00,22485,SET OF 2 WOODEN MARKET CRATES,2,12.75,17484,United Kingdom
502659,2010-03-25 17:06:00,72351A,SET/6 TURQUOISE BUTTERFLY T-LIGHTS,12,2.1,14682,United Kingdom
502659,2010-03-25 17:06:00,82486,WOOD S/3 CABINET ANT WHITE FINISH,4,7.95,14682,United Kingdom
502659,2010-03-25 17:06:00,72351B,SET/6 PINK  BUTTERFLY T-LIGHTS,12,2.1,14682,United Kingdom
503070,2010-03-30 10:49:00,20676,RED SPOTTY BOWL,16,1.25,17676,United Kingdom
503070,2010-03-30 10:49:00,21242,RED SPOTTY PLATE ,8,1.69,17676,United Kingdom
503070,2010-03-30 10:49:00,21238,RED SPOTTY CUP,8,0.85,17676,United Kingdom
503070,2010-03-30 10:49:00,85217,ASSORTED ICE CREAM FRIDGE MAGNETS,12,0.65,17676,United Kingdom
503070,2010-03-30 10:49:00,85216,ASSORTED CAKES FRIDGE MAGNETS,12,0.65,17676,United Kingdom
503070,2010-03-30 10:49:00,22398,MAGNETS PACK OF 4 SWALLOWS,12,1.25,17676,United Kingdom
503070,2010-03-30 10:49:00,22402,MAGNETS PACK OF 4 VINTAGE COLLAGE,12,1.25,17676,United Kingdom
503070,2010-03-30 10:49:00,47591C,BLUE FAIRY CAKE CHILD'S APRON,8,1.95,17676,United Kingdom
503070,2010-03-30 10:49:00,21156,RED SPOTTY CHILDS APRON,8,1.95,17676,United Kingdom
503070,2010-03-30 10:49:00,22474,SPACEBOY TV DINNER TRAY,2,4.95,17676,United Kingdom
503070,2010-03-30 10:49:00,47591D,PINK FAIRY CAKE CHILD'S APRON,8,1.95,17676,United Kingdom
503070,2010-03-30 10:49:00,22367,CHILDS APRON SPACEBOY DESIGN,8,1.95,17676,United Kingdom
503070,2010-03-30 10:49:00,22472,TV DINNER TRAY DOLLY GIRL,2,4.95,17676,United Kingdom
503070,2010-03-30 10:49:00,22295,HEART FILIGREE DOVE LARGE,12,1.65,17676,United Kingdom
503070,2010-03-30 10:49:00,79321,CHILLI LIGHTS,4,4.95,17676,United Kingdom
503070,2010-03-30 10:49:00,22355,"CHARLOTTE BAG , SUKI DESIGN",10,0.85,17676,United Kingdom
503070,2010-03-30 10:49:00,22356,"CHARLOTTE BAG , PINK/WHITE SPOTS",10,0.85,17676,United Kingdom
503070,2010-03-30 10:49:00,47591B,SCOTTIES DES CHILD'S APRON,8,1.65,17676,United Kingdom
503070,2010-03-30 10:49:00,20727,LUNCH BAG  BLACK SKULL.,10,1.65,17676,United Kingdom
503070,2010-03-30 10:49:00,22382,LUNCH BAG SPACEBOY DESIGN ,10,1.65,17676,United Kingdom
503070,2010-03-30 10:49:00,22384,LUNCH BAG PINK RETROSPOT,10,1.65,17676,United Kingdom
503070,2010-03-30 10:49:00,22221,CAKE STAND LOVEBIRD 2 TIER PINK,2,9.95,17676,United Kingdom
503070,2010-03-30 10:49:00,22151,PLACE SETTING WHITE HEART,24,0.42,17676,United Kingdom
503070,2010-03-30 10:49:00,85123A,WHITE HANGING HEART T-LIGHT HOLDER,12,2.95,17676,United Kingdom
503070,2010-03-30 10:49:00,20726,LUNCH BAG WOODLAND,10,1.65,17676,United Kingdom
503427,2010-03-31 17:29:00,22514,CHILDS GARDEN SPADE BLUE,1,2.1,13576,United Kingdom
503427,2010-03-31 17:29:00,22480,RED TEA TOWEL CLASSIC DESIGN,1,1.25,13576,United Kingdom
503427,2010-03-31 17:29:00,20686,DOLLY MIXTURE CHILDREN'S UMBRELLA,1,3.25,13576,United Kingdom
503427,2010-03-31 17:29:00,21931,JUMBO STORAGE BAG SUKI,1,1.95,13576,United Kingdom
503427,2010-03-31 17:29:00,21581,SKULLS  DESIGN  COTTON TOTE BAG,1,2.25,13576,United Kingdom
503427,2010-03-31 17:29:00,22482,BLUE TEA TOWEL CLASSIC DESIGN,1,1.25,13576,United Kingdom
503427,2010-03-31 17:29:00,22524,CHILDRENS GARDEN GLOVES BLUE,1,1.25,13576,United Kingdom
503427,2010-03-31 17:29:00,21217,RED SPOTTY ROUND CAKE TINS,1,9.95,13576,United Kingdom
503427,2010-03-31 17:29:00,22410,MONEY BOX HOUSEKEEPING DESIGN,1,1.25,13576,United Kingdom
503427,2010-03-31 17:29:00,21559,STRAWBERRY LUNCH BOX WITH CUTLERY,2,2.55,13576,United Kingdom
503427,2010-03-31 17:29:00,21561,DINOSAUR LUNCH BOX WITH CUTLERY,2,2.55,13576,United Kingdom
503427,2010-03-31 17:29:00,22352,LUNCH BOX WITH CUTLERY RETROSPOT ,2,2.55,13576,United Kingdom
503427,2010-03-31 17:29:00,21792,CLASSIC FRENCH STYLE BASKET GREEN ,1,6.75,13576,United Kingdom
503427,2010-03-31 17:29:00,21793,CLASSIC FRENCH STYLE BASKET BROWN,1,6.75,13576,United Kingdom
503427,2010-03-31 17:29:00,85206A,CREAM FELT EASTER EGG BASKET,2,1.65,13576,United Kingdom
503427,2010-03-31 17:29:00,21871,SAVE THE PLANET MUG,1,1.25,13576,United Kingdom
503427,2010-03-31 17:29:00,82001S,VINYL RECORD FRAME SILVER,24,3.39,13576,United Kingdom
503427,2010-03-31 17:29:00,21843,RED RETROSPOT CAKE STAND,1,10.95,13576,United Kingdom
503427,2010-03-31 17:29:00,21137,BLACK RECORD COVER FRAME,48,3.39,13576,United Kingdom
503427,2010-03-31 17:29:00,20828,GLITTER BUTTERFLY CLIPS,2,2.55,13576,United Kingdom
503427,2010-03-31 17:29:00,20829,GLITTER HANGING BUTTERFLY STRING,2,2.1,13576,United Kingdom
503427,2010-03-31 17:29:00,21232,STRAWBERRY CERAMIC TRINKET BOX,2,1.25,13576,United Kingdom
503427,2010-03-31 17:29:00,21231,SWEETHEART CERAMIC TRINKET BOX,2,1.25,13576,United Kingdom
503427,2010-03-31 17:29:00,22041,"RECORD FRAME 7"" SINGLE SIZE ",48,2.1,13576,United Kingdom
503427,2010-03-31 17:29:00,82486,WOOD S/3 CABINET ANT WHITE FINISH,2,7.95,13576,United Kingdom
503427,2010-03-31 17:29:00,85063,CREAM SWEETHEART MAGAZINE RACK,1,16.95,13576,United Kingdom
503427,2010-03-31 17:29:00,22189,CREAM HEART CARD HOLDER,2,3.95,13576,United Kingdom
503427,2010-03-31 17:29:00,22188,BLACK HEART CARD HOLDER,2,3.95,13576,United Kingdom
503427,2010-03-31 17:29:00,22487,WHITE WOOD GARDEN PLANT LADDER,1,9.95,13576,United Kingdom
503427,2010-03-31 17:29:00,85065,CREAM SWEETHEART TRAYS,1,12.75,13576,United Kingdom
503427,2010-03-31 17:29:00,21754,HOME BUILDING BLOCK WORD,2,5.95,13576,United Kingdom
503427,2010-03-31 17:29:00,37503,TEA TIME CAKE STAND IN GIFT BOX,2,10.75,13576,United Kingdom
503427,2010-03-31 17:29:00,84837,WHITE SWEETHEARTS CABINET 4 DRAWERS,1,12.75,13576,United Kingdom
503588,2010-04-01 18:03:00,22519,CHILDS GARDEN BRUSH PINK,2,2.1,14713,United Kingdom
503588,2010-04-01 18:03:00,79323W,WHITE CHERRY LIGHTS,2,6.75,14713,United Kingdom
503588,2010-04-01 18:03:00,79323LP,LIGHT PINK CHERRY LIGHTS,2,6.75,14713,United Kingdom
503588,2010-04-01 18:03:00,22526,WHEELBARROW FOR CHILDREN ,2,12.75,14713,United Kingdom
503588,2010-04-01 18:03:00,22518,CHILDS GARDEN BRUSH BLUE,2,2.1,14713,United Kingdom
503588,2010-04-01 18:03:00,22514,CHILDS GARDEN SPADE BLUE,2,2.1,14713,United Kingdom
503588,2010-04-01 18:03:00,22384,LUNCH BAG PINK RETROSPOT,6,1.65,14713,United Kingdom
503588,2010-04-01 18:03:00,21471,STRAWBERRY RAFFIA FOOD COVER,2,3.75,14713,United Kingdom
503588,2010-04-01 18:03:00,21878,PACK OF 6 SANDCASTLE FLAGS ASSORTED,6,0.85,14713,United Kingdom
503588,2010-04-01 18:03:00,22562,MONSTERS STENCIL CRAFT,3,1.25,14713,United Kingdom
503588,2010-04-01 18:03:00,22563,HAPPY STENCIL CRAFT,6,1.25,14713,United Kingdom
503588,2010-04-01 18:03:00,21495,SKULLS WRAP,25,0.42,14713,United Kingdom
503588,2010-04-01 18:03:00,22456,NATURAL SLATE CHALKBOARD LARGE ,2,4.95,14713,United Kingdom
503588,2010-04-01 18:03:00,22515,CHILDS GARDEN SPADE PINK,2,2.1,14713,United Kingdom
503588,2010-04-01 18:03:00,20728,LUNCH BAG CARS BLUE,4,1.65,14713,United Kingdom
503588,2010-04-01 18:03:00,22520,CHILDS GARDEN TROWEL BLUE ,3,0.85,14713,United Kingdom
503588,2010-04-01 18:03:00,22355,"CHARLOTTE BAG , SUKI DESIGN",10,0.85,14713,United Kingdom
503588,2010-04-01 18:03:00,22383,LUNCH BAG SUKI  DESIGN ,10,1.65,14713,United Kingdom
503588,2010-04-01 18:03:00,21917,SET 12 KIDS  WHITE CHALK STICKS,6,0.42,14713,United Kingdom
503588,2010-04-01 18:03:00,22522,CHILDS GARDEN FORK BLUE ,3,0.85,14713,United Kingdom
503588,2010-04-01 18:03:00,22523,CHILDS GARDEN FORK PINK,3,0.85,14713,United Kingdom
503588,2010-04-01 18:03:00,22521,CHILDS GARDEN TROWEL PINK,3,0.85,14713,United Kingdom
503588,2010-04-01 18:03:00,21826,EIGHT PIECE DINOSAUR SET,6,1.25,14713,United Kingdom
503588,2010-04-01 18:03:00,10002,INFLATABLE POLITICAL GLOBE ,12,0.85,14713,United Kingdom
503588,2010-04-01 18:03:00,22353,LUNCH BOX WITH CUTLERY FAIRY CAKES ,3,2.55,14713,United Kingdom
503588,2010-04-01 18:03:00,22367,CHILDS APRON SPACEBOY DESIGN,2,1.95,14713,United Kingdom
503588,2010-04-01 18:03:00,47591D,PINK FAIRY CAKE CHILD'S APRON,3,1.95,14713,United Kingdom
503588,2010-04-01 18:03:00,22584,PACK OF 6 PANNETONE GIFT BOXES,1,2.55,14713,United Kingdom
503588,2010-04-01 18:03:00,20725,LUNCH BAG RED SPOTTY,4,1.65,14713,United Kingdom
503588,2010-04-01 18:03:00,21380,WOODEN HAPPY BIRTHDAY GARLAND,2,2.95,14713,United Kingdom
503925,2010-04-08 13:18:00,21843,RED RETROSPOT CAKE STAND,3,10.95,15673,United Kingdom
503925,2010-04-08 13:18:00,20914,SET/5 RED SPOTTY LID GLASS BOWLS,10,2.95,15673,United Kingdom
503925,2010-04-08 13:18:00,21621,VINTAGE UNION JACK BUNTING,8,8.5,15673,United Kingdom
503925,2010-04-08 13:18:00,22555,PLASTERS IN TIN STRONGMAN,12,1.65,15673,United Kingdom
503925,2010-04-08 13:18:00,22273,FELTCRAFT DOLL MOLLY,12,2.95,15673,United Kingdom
503925,2010-04-08 13:18:00,22551,PLASTERS IN TIN SPACEBOY,12,1.65,15673,United Kingdom
503925,2010-04-08 13:18:00,22617,BAKING SET SPACEBOY DESIGN,6,4.95,15673,United Kingdom
503925,2010-04-08 13:18:00,22570,FELTCRAFT CUSHION RABBIT,8,3.75,15673,United Kingdom
503925,2010-04-08 13:18:00,22568,FELTCRAFT CUSHION OWL,8,3.75,15673,United Kingdom
503925,2010-04-08 13:18:00,22554,PLASTERS IN TIN WOODLAND ANIMALS,12,1.65,15673,United Kingdom
503946,2010-04-08 15:35:00,21907,I'M ON HOLIDAY METAL SIGN,12,2.1,16168,United Kingdom
503946,2010-04-08 15:35:00,21876,POTTERING MUG,12,1.25,16168,United Kingdom
503946,2010-04-08 15:35:00,21869,POTTING SHED COFFEE MUG,12,1.25,16168,United Kingdom
503946,2010-04-08 15:35:00,84836,ZINC METAL HEART DECORATION,12,1.25,16168,United Kingdom
503946,2010-04-08 15:35:00,21174,POTTERING IN THE SHED METAL SIGN,12,1.95,16168,United Kingdom
503946,2010-04-08 15:35:00,22528,GARDENERS KNEELING PAD,12,1.25,16168,United Kingdom
503946,2010-04-08 15:35:00,21868,POTTING SHED TEA MUG,12,1.25,16168,United Kingdom
503947,2010-04-08 15:36:00,75049L,LARGE CIRCULAR MIRROR MOBILE,12,1.25,16168,United Kingdom
503947,2010-04-08 15:36:00,22423,REGENCY CAKESTAND 3 TIER,2,12.75,16168,United Kingdom
503948,2010-04-08 15:36:00,22498,WOODEN REGATTA BUNTING,6,5.95,16168,United Kingdom
504848,2010-04-16 17:12:00,22519,CHILDS GARDEN BRUSH PINK,1,2.1,14623,United Kingdom
504848,2010-04-16 17:12:00,22517,CHILDS GARDEN RAKE PINK,1,2.1,14623,United Kingdom
504848,2010-04-16 17:12:00,72134,COLUMBIAN  CUBE CANDLE ,1,0.85,14623,United Kingdom
504848,2010-04-16 17:12:00,22518,CHILDS GARDEN BRUSH BLUE,1,2.1,14623,United Kingdom
504848,2010-04-16 17:12:00,22515,CHILDS GARDEN SPADE PINK,1,2.1,14623,United Kingdom
504848,2010-04-16 17:12:00,21356,TOAST ITS - FAIRY FLOWER,2,1.25,14623,United Kingdom
504848,2010-04-16 17:12:00,21358,TOAST ITS - HAPPY BIRTHDAY,2,1.25,14623,United Kingdom
504848,2010-04-16 17:12:00,22524,CHILDRENS GARDEN GLOVES BLUE,1,1.25,14623,United Kingdom
504848,2010-04-16 17:12:00,21357,TOAST ITS - DINOSAUR,2,1.25,14623,United Kingdom
504848,2010-04-16 17:12:00,22525,CHILDRENS GARDEN GLOVES PINK,1,1.25,14623,United Kingdom
504848,2010-04-16 17:12:00,22522,CHILDS GARDEN FORK BLUE ,1,0.85,14623,United Kingdom
504848,2010-04-16 17:12:00,22203,MILK PAN RED RETROSPOT,1,3.75,14623,United Kingdom
504848,2010-04-16 17:12:00,22202,MILK PAN PINK RETROSPOT,1,3.75,14623,United Kingdom
504848,2010-04-16 17:12:00,85053,FRENCH ENAMEL CANDLEHOLDER,1,2.1,14623,United Kingdom
504848,2010-04-16 17:12:00,22514,CHILDS GARDEN SPADE BLUE,1,2.1,14623,United Kingdom
504848,2010-04-16 17:12:00,21355,TOAST ITS - I LOVE YOU ,2,1.25,14623,United Kingdom
504848,2010-04-16 17:12:00,84762C,GREEN PICNIC BARBECUE BUCKET,1,10.75,14623,United Kingdom
504848,2010-04-16 17:12:00,21122,SET/10 PINK SPOTTY PARTY CANDLES,2,1.25,14623,United Kingdom
504848,2010-04-16 17:12:00,22444,GROW YOUR OWN PLANT IN A CAN ,24,1.25,14623,United Kingdom
504848,2010-04-16 17:12:00,79029,GLASS HONEYPOT WASP CATCHER,1,1.95,14623,United Kingdom
504848,2010-04-16 17:12:00,21283,NATURAL BARK CANDLE SMALL,1,3.25,14623,United Kingdom
504848,2010-04-16 17:12:00,85038,6 CHOCOLATE LOVE HEART T-LIGHTS,1,2.1,14623,United Kingdom
504848,2010-04-16 17:12:00,84828,JUNGLE POPSICLES ICE LOLLY HOLDERS,1,1.25,14623,United Kingdom
504848,2010-04-16 17:12:00,85099C,JUMBO  BAG BAROQUE BLACK WHITE,1,1.95,14623,United Kingdom
504848,2010-04-16 17:12:00,20754,RETRO RED SPOTTY WASHING UP GLOVES,1,2.1,14623,United Kingdom
504848,2010-04-16 17:12:00,47593A,CAROUSEL DESIGN BABY BIB,1,1.25,14623,United Kingdom
504848,2010-04-16 17:12:00,47592A,CAROUSEL DES CHILD'S OVERALL,1,2.1,14623,United Kingdom
504848,2010-04-16 17:12:00,22523,CHILDS GARDEN FORK PINK,1,0.85,14623,United Kingdom
504848,2010-04-16 17:12:00,22377,BOTTLE BAG RETROSPOT ,1,2.1,14623,United Kingdom
504848,2010-04-16 17:12:00,47592B,SCOTTIES DESIGN CHILD'S OVERALL,1,2.1,14623,United Kingdom
504848,2010-04-16 17:12:00,47593B,SCOTTIES DESIGN BABY BIB,1,1.25,14623,United Kingdom
504848,2010-04-16 17:12:00,21125,SET 6 FOOTBALL CELEBRATION CANDLES,1,1.25,14623,United Kingdom
504848,2010-04-16 17:12:00,72741,GRAND CHOCOLATECANDLE,9,1.45,14623,United Kingdom
504848,2010-04-16 17:12:00,21527,RED RETROSPOT TRADITIONAL TEAPOT ,1,7.95,14623,United Kingdom
504848,2010-04-16 17:12:00,84762A,WHITE PICNIC BARBECUE BUCKET,1,10.75,14623,United Kingdom
504848,2010-04-16 17:12:00,21121,SET/10 RED SPOTTY PARTY CANDLES,2,1.25,14623,United Kingdom
504848,2010-04-16 17:12:00,79029,GLASS HONEYPOT WASP CATCHER,1,1.95,14623,United Kingdom
504848,2010-04-16 17:12:00,22348,TEA BAG PLATE RED SPOTTY ,2,0.85,14623,United Kingdom
504848,2010-04-16 17:12:00,22207,FRYING PAN UNION FLAG,2,4.25,14623,United Kingdom
504848,2010-04-16 17:12:00,84991,60 TEATIME FAIRY CAKE CASES,1,0.55,14623,United Kingdom
504848,2010-04-16 17:12:00,21466,RED FLOWER CROCHET FOOD COVER,1,3.75,14623,United Kingdom
504848,2010-04-16 17:12:00,21467,CHERRY CROCHET FOOD COVER,1,3.75,14623,United Kingdom
504848,2010-04-16 17:12:00,21472,LADYBIRD + BEE RAFFIA FOOD COVER,1,3.75,14623,United Kingdom
504848,2010-04-16 17:12:00,79066K,RETRO MOD TRAY,1,0.85,14623,United Kingdom
504848,2010-04-16 17:12:00,22200,FRYING PAN PINK POLKADOT ,1,4.25,14623,United Kingdom
504848,2010-04-16 17:12:00,21214,SET OF 72 IVORY PAPER DOILIES,1,1.45,14623,United Kingdom
504848,2010-04-16 17:12:00,21155,RED SPOTTY PEG BAG,1,2.1,14623,United Kingdom
504848,2010-04-16 17:12:00,85099B,RED RETROSPOT JUMBO BAG ,2,1.95,14623,United Kingdom
504848,2010-04-16 17:12:00,21154,RED SPOTTY OVEN GLOVE ,1,1.25,14623,United Kingdom
504848,2010-04-16 17:12:00,84993B,75 BLACK PETIT FOUR CASES,2,0.42,14623,United Kingdom
504848,2010-04-16 17:12:00,84993A,75 GREEN PETIT FOUR CASES,2,0.42,14623,United Kingdom
504848,2010-04-16 17:12:00,21714,CITRONELLA CANDLE GARDEN POT,2,1.25,14623,United Kingdom
504848,2010-04-16 17:12:00,84985A,SET OF 72 GREEN PAPER DOILIES,1,1.45,14623,United Kingdom
504848,2010-04-16 17:12:00,22199,FRYING PAN RED POLKADOT ,1,4.25,14623,United Kingdom
504848,2010-04-16 17:12:00,20914,SET/5 RED SPOTTY LID GLASS BOWLS,1,2.95,14623,United Kingdom
504848,2010-04-16 17:12:00,22301,COFFEE MUG CAT + BIRD DESIGN,6,2.55,14623,United Kingdom
504848,2010-04-16 17:12:00,22302,COFFEE MUG PEARS  DESIGN,6,2.55,14623,United Kingdom
504848,2010-04-16 17:12:00,84978,HANGING HEART JAR T-LIGHT HOLDER,2,1.25,14623,United Kingdom
504848,2010-04-16 17:12:00,72133,COLUMBIAN CANDLE RECTANGLE,1,1.25,14623,United Kingdom
504848,2010-04-16 17:12:00,21125,SET 6 FOOTBALL CELEBRATION CANDLES,1,1.25,14623,United Kingdom
504848,2010-04-16 17:12:00,22558,CLOTHES PEGS RETROSPOT PACK 24 ,1,1.25,14623,United Kingdom
504848,2010-04-16 17:12:00,84992,72 SWEETHEART FAIRY CAKE CASES,2,0.55,14623,United Kingdom
504848,2010-04-16 17:12:00,85217,ASSORTED ICE CREAM FRIDGE MAGNETS,6,0.65,14623,United Kingdom
504848,2010-04-16 17:12:00,21700,BIG DOUGHNUT FRIDGE MAGNETS,6,0.85,14623,United Kingdom
504848,2010-04-16 17:12:00,21440,12 MINI TOADSTOOL PEGS,1,1.25,14623,United Kingdom
504848,2010-04-16 17:12:00,21446,12 RED ROSE PEG PLACE SETTINGS,1,1.25,14623,United Kingdom
504848,2010-04-16 17:12:00,21977,PACK OF 60 PINK PAISLEY CAKE CASES,2,0.55,14623,United Kingdom
504848,2010-04-16 17:12:00,21213,PACK OF 72 SKULL CAKE CASES,2,0.55,14623,United Kingdom
504848,2010-04-16 17:12:00,84828,JUNGLE POPSICLES ICE LOLLY HOLDERS,1,1.25,14623,United Kingdom
504848,2010-04-16 17:12:00,22283,6 EGG HOUSE PAINTED WOOD,1,7.95,14623,United Kingdom
504848,2010-04-16 17:12:00,22300,COFFEE MUG DOG + BALL DESIGN,6,2.55,14623,United Kingdom
504848,2010-04-16 17:12:00,21447,12 IVORY ROSE PEG PLACE SETTINGS,1,1.25,14623,United Kingdom
505179,2010-04-20 13:49:00,22273,FELTCRAFT DOLL MOLLY,5,2.95,17185,United Kingdom
505179,2010-04-20 13:49:00,84997C,BLUE 3 PIECE MINI DOTS CUTLERY SET,2,3.75,17185,United Kingdom
505179,2010-04-20 13:49:00,22271,FELTCRAFT DOLL ROSIE,5,2.95,17185,United Kingdom
505179,2010-04-20 13:49:00,84997D,PINK 3 PIECE MINI DOTS CUTLERY SET,2,3.75,17185,United Kingdom
505179,2010-04-20 13:49:00,20971,PINK BLUE FELT CRAFT TRINKET BOX,7,1.25,17185,United Kingdom
505179,2010-04-20 13:49:00,84997B,RED 3 PIECE MINI DOTS CUTLERY SET,2,3.75,17185,United Kingdom
505179,2010-04-20 13:49:00,20972,PINK CREAM FELT CRAFT TRINKET BOX ,6,1.25,17185,United Kingdom
505180,2010-04-20 13:52:00,85049C,ROMANTIC PINKS RIBBONS ,2,1.25,17185,United Kingdom
505180,2010-04-20 13:52:00,85049D,BRIGHT BLUES RIBBONS ,2,1.25,17185,United Kingdom
505180,2010-04-20 13:52:00,22082,RIBBON REEL STRIPES DESIGN ,1,1.65,17185,United Kingdom
505180,2010-04-20 13:52:00,20734,SILVER MINI TAPE MEASURE ,1,0.85,17185,United Kingdom
505180,2010-04-20 13:52:00,21086,SET/6 RED SPOTTY PAPER CUPS,2,0.65,17185,United Kingdom
505180,2010-04-20 13:52:00,20677,PINK SPOTTY BOWL,2,1.25,17185,United Kingdom
505180,2010-04-20 13:52:00,20733,GOLD MINI TAPE MEASURE ,1,0.85,17185,United Kingdom
505180,2010-04-20 13:52:00,20676,RED SPOTTY BOWL,2,1.25,17185,United Kingdom
505180,2010-04-20 13:52:00,21080,SET/20 RED SPOTTY PAPER NAPKINS ,1,0.85,17185,United Kingdom
505180,2010-04-20 13:52:00,47590A,BLUE HAPPY BIRTHDAY BUNTING,2,5.45,17185,United Kingdom
505180,2010-04-20 13:52:00,47590B,PINK HAPPY BIRTHDAY BUNTING,2,5.45,17185,United Kingdom
505180,2010-04-20 13:52:00,20828,GLITTER BUTTERFLY CLIPS,5,2.55,17185,United Kingdom
505180,2010-04-20 13:52:00,22328,ROUND SNACK BOXES SET OF 4 FRUITS ,1,2.95,17185,United Kingdom
505180,2010-04-20 13:52:00,20675,BLUE SPOTTY BOWL,2,1.25,17185,United Kingdom
505494,2010-04-22 13:15:00,22297,HEART IVORY TRELLIS SMALL,5,1.25,14064,United Kingdom
505494,2010-04-22 13:15:00,82494L,WOODEN FRAME ANTIQUE WHITE ,6,2.95,14064,United Kingdom
505494,2010-04-22 13:15:00,21100,CHARLIE AND LOLA CHARLOTTE BAG,1,1.65,14064,United Kingdom
505494,2010-04-22 13:15:00,84970S,HANGING HEART ZINC T-LIGHT HOLDER,12,0.85,14064,United Kingdom
505494,2010-04-22 13:15:00,22294,HEART FILIGREE DOVE  SMALL,6,1.25,14064,United Kingdom
505494,2010-04-22 13:15:00,22296,HEART IVORY TRELLIS LARGE,6,1.65,14064,United Kingdom
505494,2010-04-22 13:15:00,22296,HEART IVORY TRELLIS LARGE,4,1.65,14064,United Kingdom
505494,2010-04-22 13:15:00,21390,FILIGRIS HEART WITH BUTTERFLY,6,1.25,14064,United Kingdom
505494,2010-04-22 13:15:00,22168,ORGANISER WOOD ANTIQUE WHITE ,1,8.5,14064,United Kingdom
505494,2010-04-22 13:15:00,85123A,WHITE HANGING HEART T-LIGHT HOLDER,3,2.95,14064,United Kingdom
505494,2010-04-22 13:15:00,22585,PACK OF 6 BIRDY GIFT TAGS,4,1.25,14064,United Kingdom
505494,2010-04-22 13:15:00,22353,LUNCH BOX WITH CUTLERY FAIRY CAKES ,1,2.55,14064,United Kingdom
505494,2010-04-22 13:15:00,22558,CLOTHES PEGS RETROSPOT PACK 24 ,3,1.25,14064,United Kingdom
505494,2010-04-22 13:15:00,22291,"SPRING DEC , HANGING CHICK CREAM",6,1.45,14064,United Kingdom
505494,2010-04-22 13:15:00,22292,"SPRING DEC , HANGING CHICK  YELLOW",6,1.45,14064,United Kingdom
505494,2010-04-22 13:15:00,22219,LOVEBIRD HANGING DECORATION WHITE ,3,0.85,14064,United Kingdom
505494,2010-04-22 13:15:00,22293,"SPRING DEC , HANGING CHICK  GREEN",12,1.45,14064,United Kingdom
505563,2010-04-23 10:37:00,85042,ANTIQUE LILY FAIRY LIGHTS,8,4.95,16168,United Kingdom
505563,2010-04-23 10:37:00,75049L,LARGE CIRCULAR MIRROR MOBILE,6,1.25,16168,United Kingdom
505563,2010-04-23 10:37:00,85123A,WHITE HANGING HEART T-LIGHT HOLDER,32,2.55,16168,United Kingdom
505563,2010-04-23 10:37:00,22423,REGENCY CAKESTAND 3 TIER,1,12.75,16168,United Kingdom
505563,2010-04-23 10:37:00,85047,WHITE BEADED GARLAND STRING 20LIGHT,6,6.35,16168,United Kingdom
505633,2010-04-23 13:00:00,20751,FUNKY WASHING UP GLOVES ASSORTED,1,2.1,14623,United Kingdom
505633,2010-04-23 13:00:00,21440,12 MINI TOADSTOOL PEGS,1,1.25,14623,United Kingdom
505633,2010-04-23 13:00:00,21121,SET/10 RED SPOTTY PARTY CANDLES,1,1.25,14623,United Kingdom
505633,2010-04-23 13:00:00,85014B,RED/WHITE DOTS RUFFLED UMBRELLA,1,5.95,14623,United Kingdom
505633,2010-04-23 13:00:00,21126,SET OF 6 GIRLS CELEBRATION CANDLES,1,1.25,14623,United Kingdom
505633,2010-04-23 13:00:00,21125,SET 6 FOOTBALL CELEBRATION CANDLES,1,1.25,14623,United Kingdom
505633,2010-04-23 13:00:00,21447,12 IVORY ROSE PEG PLACE SETTINGS,1,1.25,14623,United Kingdom
505633,2010-04-23 13:00:00,82484,WOOD BLACK BOARD ANT WHITE FINISH,1,6.45,14623,United Kingdom
505633,2010-04-23 13:00:00,72128,COLUMBIAN CANDLE ROUND,1,0.85,14623,United Kingdom
505633,2010-04-23 13:00:00,72130,COLUMBIAN CANDLE ROUND,1,0.65,14623,United Kingdom
505633,2010-04-23 13:00:00,85038,6 CHOCOLATE LOVE HEART T-LIGHTS,1,2.1,14623,United Kingdom
505633,2010-04-23 13:00:00,21446,12 RED ROSE PEG PLACE SETTINGS,1,1.25,14623,United Kingdom
505633,2010-04-23 13:00:00,20717,STRAWBERRY SHOPPER BAG,1,1.25,14623,United Kingdom
505633,2010-04-23 13:00:00,21122,SET/10 PINK SPOTTY PARTY CANDLES,1,1.25,14623,United Kingdom
505633,2010-04-23 13:00:00,72741,GRAND CHOCOLATECANDLE,18,1.45,14623,United Kingdom
505633,2010-04-23 13:00:00,21975,PACK OF 60 DINOSAUR CAKE CASES,1,0.55,14623,United Kingdom
505633,2010-04-23 13:00:00,84378,SET OF 3 HEART COOKIE CUTTERS,2,1.25,14623,United Kingdom
505633,2010-04-23 13:00:00,21698,MOCK LOBSTER FRIDGE MAGNET,3,0.85,14623,United Kingdom
505633,2010-04-23 13:00:00,72741,GRAND CHOCOLATECANDLE,18,1.45,14623,United Kingdom
505633,2010-04-23 13:00:00,85215,ASSORTED CHEESE FRIDGE MAGNETS,6,0.65,14623,United Kingdom
505633,2010-04-23 13:00:00,21698,MOCK LOBSTER FRIDGE MAGNET,3,0.85,14623,United Kingdom
505633,2010-04-23 13:00:00,85215,ASSORTED CHEESE FRIDGE MAGNETS,6,0.65,14623,United Kingdom
505633,2010-04-23 13:00:00,22441,GROW YOUR OWN BASIL IN ENAMEL MUG,2,2.1,14623,United Kingdom
505633,2010-04-23 13:00:00,22516,CHILDS GARDEN RAKE BLUE,1,2.1,14623,United Kingdom
505633,2010-04-23 13:00:00,22217,T-LIGHT HOLDER HANGING LACE,2,1.25,14623,United Kingdom
505633,2010-04-23 13:00:00,21447,12 IVORY ROSE PEG PLACE SETTINGS,1,1.25,14623,United Kingdom
505633,2010-04-23 13:00:00,21446,12 RED ROSE PEG PLACE SETTINGS,1,1.25,14623,United Kingdom
505633,2010-04-23 13:00:00,21975,PACK OF 60 DINOSAUR CAKE CASES,1,0.55,14623,United Kingdom
505633,2010-04-23 13:00:00,21976,PACK OF 60 MUSHROOM CAKE CASES,1,0.55,14623,United Kingdom
505633,2010-04-23 13:00:00,85216,ASSORTED CAKES FRIDGE MAGNETS,6,0.65,14623,United Kingdom
505762,2010-04-26 10:22:00,20749,ASSORTED COLOUR MINI CASES,6,7.95,17093,United Kingdom
505762,2010-04-26 10:22:00,21621,VINTAGE UNION JACK BUNTING,2,8.5,17093,United Kingdom
505762,2010-04-26 10:22:00,20829,GLITTER HANGING BUTTERFLY STRING,8,2.1,17093,United Kingdom
505762,2010-04-26 10:22:00,22127,PARTY CONES CARNIVAL ASSORTED,12,1.25,17093,United Kingdom
505762,2010-04-26 10:22:00,21794,CLASSIC FRENCH STYLE BASKET NATURAL,2,6.75,17093,United Kingdom
505762,2010-04-26 10:22:00,21718,RED METAL BEACH SPADE ,12,1.25,17093,United Kingdom
505762,2010-04-26 10:22:00,22386,JUMBO BAG PINK WITH WHITE SPOTS,10,1.95,17093,United Kingdom
505762,2010-04-26 10:22:00,21992,VINTAGE PAISLEY STATIONERY SET,6,2.95,17093,United Kingdom
505762,2010-04-26 10:22:00,21878,PACK OF 6 SANDCASTLE FLAGS ASSORTED,12,0.85,17093,United Kingdom
505762,2010-04-26 10:22:00,85049B,LUSH GREENS RIBBONS,12,1.25,17093,United Kingdom
505762,2010-04-26 10:22:00,21665,TRIANGULAR RIDGED GLASS POSY HOLDER,12,0.65,17093,United Kingdom
505762,2010-04-26 10:22:00,84803A,PINK ALLIUM  ARTIFICIAL FLOWER,12,1.69,17093,United Kingdom
505762,2010-04-26 10:22:00,21715,GIRLS VINTAGE TIN SEASIDE BUCKET,8,2.55,17093,United Kingdom
505791,2010-04-26 11:07:00,21231,SWEETHEART CERAMIC TRINKET BOX,2,1.25,16335,United Kingdom
505791,2010-04-26 11:07:00,84978,HANGING HEART JAR T-LIGHT HOLDER,6,1.25,16335,United Kingdom
505791,2010-04-26 11:07:00,21870,I CAN ONLY PLEASE ONE PERSON MUG,4,1.25,16335,United Kingdom
505791,2010-04-26 11:07:00,22507,MEMO BOARD RETROSPOT  DESIGN,2,4.95,16335,United Kingdom
505791,2010-04-26 11:07:00,84969,ASSORTED COLOUR SET 6 TEASPOONS,1,4.25,16335,United Kingdom
505791,2010-04-26 11:07:00,21561,DINOSAUR LUNCH BOX WITH CUTLERY,1,2.55,16335,United Kingdom
505791,2010-04-26 11:07:00,84997A,GREEN 3 PIECE MINI DOTS CUTLERY SET,3,3.75,16335,United Kingdom
505791,2010-04-26 11:07:00,84997D,PINK 3 PIECE MINI DOTS CUTLERY SET,3,3.75,16335,United Kingdom
505791,2010-04-26 11:07:00,84997C,BLUE 3 PIECE MINI DOTS CUTLERY SET,2,3.75,16335,United Kingdom
505791,2010-04-26 11:07:00,85049H,URBAN BLACK RIBBONS ,2,1.25,16335,United Kingdom
505791,2010-04-26 11:07:00,48184,DOOR MAT ENGLISH ROSE ,2,7.49,16335,United Kingdom
505791,2010-04-26 11:07:00,85049D,BRIGHT BLUES RIBBONS ,1,1.25,16335,United Kingdom
505791,2010-04-26 11:07:00,22077,6 RIBBONS RUSTIC CHARM,4,1.65,16335,United Kingdom
505791,2010-04-26 11:07:00,85049D,BRIGHT BLUES RIBBONS ,1,1.25,16335,United Kingdom
505791,2010-04-26 11:07:00,85152,HAND OVER THE CHOCOLATE   SIGN ,4,2.1,16335,United Kingdom
505791,2010-04-26 11:07:00,82600,NO SINGING METAL SIGN,2,2.1,16335,United Kingdom
505791,2010-04-26 11:07:00,21755,LOVE BUILDING BLOCK WORD,1,5.95,16335,United Kingdom
505791,2010-04-26 11:07:00,21754,HOME BUILDING BLOCK WORD,1,5.95,16335,United Kingdom
505791,2010-04-26 11:07:00,22505,MEMO BOARD COTTAGE DESIGN,2,4.95,16335,United Kingdom
505791,2010-04-26 11:07:00,22465,HANGING METAL STAR LANTERN,6,1.65,16335,United Kingdom
505791,2010-04-26 11:07:00,85049B,LUSH GREENS RIBBONS,3,1.25,16335,United Kingdom
505791,2010-04-26 11:07:00,22464,HANGING METAL HEART LANTERN,6,1.65,16335,United Kingdom
505791,2010-04-26 11:07:00,21908,CHOCOLATE THIS WAY METAL SIGN,2,2.1,16335,United Kingdom
505791,2010-04-26 11:07:00,85049E,SCANDINAVIAN REDS RIBBONS,2,1.25,16335,United Kingdom
505791,2010-04-26 11:07:00,84978,HANGING HEART JAR T-LIGHT HOLDER,6,1.25,16335,United Kingdom
505791,2010-04-26 11:07:00,21878,PACK OF 6 SANDCASTLE FLAGS ASSORTED,1,0.85,16335,United Kingdom
505791,2010-04-26 11:07:00,21976,PACK OF 60 MUSHROOM CAKE CASES,3,0.55,16335,United Kingdom
505791,2010-04-26 11:07:00,21975,PACK OF 60 DINOSAUR CAKE CASES,3,0.55,16335,United Kingdom
505791,2010-04-26 11:07:00,22417,PACK OF 60 SPACEBOY CAKE CASES,4,0.55,16335,United Kingdom
505791,2010-04-26 11:07:00,21977,PACK OF 60 PINK PAISLEY CAKE CASES,2,0.55,16335,United Kingdom
505791,2010-04-26 11:07:00,21212,PACK OF 72 RETRO SPOT CAKE CASES,1,0.55,16335,United Kingdom
505791,2010-04-26 11:07:00,22188,BLACK HEART CARD HOLDER,1,3.95,16335,United Kingdom
505791,2010-04-26 11:07:00,22189,CREAM HEART CARD HOLDER,2,3.95,16335,United Kingdom
505791,2010-04-26 11:07:00,21126,SET OF 6 GIRLS CELEBRATION CANDLES,3,1.25,16335,United Kingdom
505791,2010-04-26 11:07:00,22554,PLASTERS IN TIN WOODLAND ANIMALS,1,1.65,16335,United Kingdom
505791,2010-04-26 11:07:00,20727,LUNCH BAG  BLACK SKULL.,2,1.65,16335,United Kingdom
505791,2010-04-26 11:07:00,22217,T-LIGHT HOLDER HANGING LACE,4,1.25,16335,United Kingdom
505791,2010-04-26 11:07:00,84992,72 SWEETHEART FAIRY CAKE CASES,2,0.55,16335,United Kingdom
505791,2010-04-26 11:07:00,84991,60 TEATIME FAIRY CAKE CASES,8,0.55,16335,United Kingdom
505791,2010-04-26 11:07:00,21213,PACK OF 72 SKULL CAKE CASES,6,0.55,16335,United Kingdom
505791,2010-04-26 11:07:00,21977,PACK OF 60 PINK PAISLEY CAKE CASES,1,0.55,16335,United Kingdom
505791,2010-04-26 11:07:00,21212,PACK OF 72 RETRO SPOT CAKE CASES,2,0.55,16335,United Kingdom
505791,2010-04-26 11:07:00,22131,FOOD CONTAINER SET 3 LOVE HEART ,1,1.95,16335,United Kingdom
505791,2010-04-26 11:07:00,22315,200 RED + WHITE BENDY STRAWS,1,1.25,16335,United Kingdom
505791,2010-04-26 11:07:00,22382,LUNCH BAG SPACEBOY DESIGN ,2,1.65,16335,United Kingdom
505791,2010-04-26 11:08:00,21034,REX CASH+CARRY JUMBO SHOPPER,2,0.95,16335,United Kingdom
505791,2010-04-26 11:08:00,20725,LUNCH BAG RED SPOTTY,2,1.65,16335,United Kingdom
505791,2010-04-26 11:08:00,84901,BLACK FACE LAMB WITH PANTS,1,3.75,16335,United Kingdom
505791,2010-04-26 11:08:00,48185,DOOR MAT FAIRY CAKE,1,7.49,16335,United Kingdom
505791,2010-04-26 11:08:00,48194,DOOR MAT HEARTS,1,7.49,16335,United Kingdom
505791,2010-04-26 11:08:00,84580,MOUSE TOY WITH PINK T-SHIRT,1,3.75,16335,United Kingdom
506092,2010-04-27 12:15:00,84997B,RED 3 PIECE MINI DOTS CUTLERY SET,3,3.75,17185,United Kingdom
506092,2010-04-27 12:15:00,20674,GREEN SPOTTY BOWL,2,1.25,17185,United Kingdom
506092,2010-04-27 12:15:00,84997D,PINK 3 PIECE MINI DOTS CUTLERY SET,3,3.75,17185,United Kingdom
506092,2010-04-27 12:15:00,84997A,GREEN 3 PIECE MINI DOTS CUTLERY SET,4,3.75,17185,United Kingdom
506092,2010-04-27 12:15:00,84997C,BLUE 3 PIECE MINI DOTS CUTLERY SET,1,3.75,17185,United Kingdom
506092,2010-04-27 12:15:00,21239,PINK  SPOTTY CUP,7,0.85,17185,United Kingdom
506092,2010-04-27 12:15:00,21238,RED SPOTTY CUP,5,0.85,17185,United Kingdom
506092,2010-04-27 12:15:00,21241,GREEN SPOTTY CUP,4,0.85,17185,United Kingdom
506092,2010-04-27 12:15:00,21240,BLUE  SPOTTY CUP,5,0.85,17185,United Kingdom
506092,2010-04-27 12:15:00,20676,RED SPOTTY BOWL,2,1.25,17185,United Kingdom
506092,2010-04-27 12:15:00,20675,BLUE SPOTTY BOWL,1,1.25,17185,United Kingdom
506092,2010-04-27 12:15:00,22518,CHILDS GARDEN BRUSH BLUE,2,2.1,17185,United Kingdom
506092,2010-04-27 12:15:00,21244,BLUE  SPOTTY PLATE ,3,1.69,17185,United Kingdom
506092,2010-04-27 12:15:00,22519,CHILDS GARDEN BRUSH PINK,2,2.1,17185,United Kingdom
506092,2010-04-27 12:15:00,20677,PINK SPOTTY BOWL,5,1.25,17185,United Kingdom
506092,2010-04-27 12:15:00,22521,CHILDS GARDEN TROWEL PINK,2,0.85,17185,United Kingdom
506092,2010-04-27 12:15:00,20752,RETRO BLUE SPOTTY WASHING UP GLOVES,1,2.1,17185,United Kingdom
506092,2010-04-27 12:15:00,22520,CHILDS GARDEN TROWEL BLUE ,2,0.85,17185,United Kingdom
506092,2010-04-27 12:15:00,22525,CHILDRENS GARDEN GLOVES PINK,2,1.25,17185,United Kingdom
506092,2010-04-27 12:15:00,21242,RED SPOTTY PLATE ,2,1.69,17185,United Kingdom
506092,2010-04-27 12:15:00,21243,PINK  SPOTTY PLATE ,2,1.69,17185,United Kingdom
506092,2010-04-27 12:15:00,21245,GREEN  SPOTTY PLATE ,2,1.69,17185,United Kingdom
506092,2010-04-27 12:15:00,22524,CHILDRENS GARDEN GLOVES BLUE,2,1.25,17185,United Kingdom
506279,2010-04-28 15:54:00,22389,PAPERWEIGHT SAVE THE PLANET,6,2.55,13976,United Kingdom
506279,2010-04-28 15:54:00,84945,MULTI COLOUR SILVER T-LIGHT HOLDER,12,0.85,13976,United Kingdom
506279,2010-04-28 15:54:00,22487,WHITE WOOD GARDEN PLANT LADDER,1,9.95,13976,United Kingdom
506279,2010-04-28 15:54:00,22495,SET OF 2 ROUND TINS CAMEMBERT ,6,2.95,13976,United Kingdom
506279,2010-04-28 15:54:00,21623,VINTAGE UNION JACK MEMOBOARD,2,9.95,13976,United Kingdom
506279,2010-04-28 15:54:00,84755,COLOUR GLASS T-LIGHT HOLDER HANGING,16,0.65,13976,United Kingdom
506279,2010-04-28 15:54:00,22605,WOODEN CROQUET GARDEN SET,1,12.75,13976,United Kingdom
506279,2010-04-28 15:54:00,21153,RED SPOTTY TABLECLOTH ,2,10.65,13976,United Kingdom
506279,2010-04-28 15:54:00,22354,RETROSPOT PADDED SEAT CUSHION,5,3.75,13976,United Kingdom
506279,2010-04-28 15:54:00,22460,EMBOSSED GLASS TEALIGHT HOLDER,24,1.25,13976,United Kingdom
506279,2010-04-28 15:54:00,21466,RED FLOWER CROCHET FOOD COVER,6,3.75,13976,United Kingdom
506279,2010-04-28 15:54:00,48184,DOOR MAT ENGLISH ROSE ,2,7.49,13976,United Kingdom
506279,2010-04-28 15:54:00,48138,DOOR MAT UNION FLAG,2,7.49,13976,United Kingdom
506279,2010-04-28 15:54:00,82484,WOOD BLACK BOARD ANT WHITE FINISH,6,6.45,13976,United Kingdom
506680,2010-05-02 10:49:00,21577,SAVE THE PLANET COTTON TOTE BAG,6,2.25,14460,United Kingdom
506680,2010-05-02 10:49:00,22292,"SPRING DEC , HANGING CHICK  YELLOW",24,1.45,14460,United Kingdom
506680,2010-05-02 10:49:00,22297,HEART IVORY TRELLIS SMALL,24,1.25,14460,United Kingdom
506680,2010-05-02 10:49:00,22227,"DECORATION, HANGING HEART+MIRROR ",24,0.65,14460,United Kingdom
506680,2010-05-02 10:49:00,21992,VINTAGE PAISLEY STATIONERY SET,6,2.95,14460,United Kingdom
506680,2010-05-02 10:49:00,21877,HOME SWEET HOME MUG,12,1.25,14460,United Kingdom
506680,2010-05-02 10:49:00,22050,PINK PAISLEY ROSE GIFT WRAP,25,0.42,14460,United Kingdom
506680,2010-05-02 10:49:00,22030,SWALLOWS GREETING CARD,12,0.42,14460,United Kingdom
506680,2010-05-02 10:49:00,22047,EMPIRE GIFT WRAP,25,0.42,14460,United Kingdom
506680,2010-05-02 10:49:00,21871,SAVE THE PLANET MUG,12,1.25,14460,United Kingdom
506860,2010-05-04 14:51:00,22507,MEMO BOARD RETROSPOT  DESIGN,4,4.95,18163,United Kingdom
506860,2010-05-04 14:51:00,47566,PARTY BUNTING,5,4.65,18163,United Kingdom
506860,2010-05-04 14:51:00,22499,WOODEN UNION JACK BUNTING,3,5.95,18163,United Kingdom
506860,2010-05-04 14:51:00,71459,HANGING JAM JAR T-LIGHT HOLDER,36,0.85,18163,United Kingdom
506860,2010-05-04 14:51:00,21642,ASSORTED TUTTI FRUTTI PEN,24,0.85,18163,United Kingdom
506860,2010-05-04 14:51:00,21648,ASSORTED TUTTI FRUTTI SMALL PURSE,24,1.25,18163,United Kingdom
506860,2010-05-04 14:51:00,22459,CAST IRON HOOK GARDEN TROWEL,8,2.55,18163,United Kingdom
506860,2010-05-04 14:51:00,22458,CAST IRON HOOK GARDEN FORK,8,2.55,18163,United Kingdom
506860,2010-05-04 14:51:00,84836,ZINC METAL HEART DECORATION,12,1.25,18163,United Kingdom
506860,2010-05-04 14:51:00,22297,HEART IVORY TRELLIS SMALL,24,1.25,18163,United Kingdom
506860,2010-05-04 14:51:00,22323,PINK POLKADOT KIDS BAG,12,1.95,18163,United Kingdom
506860,2010-05-04 14:51:00,22439,6 ROCKET BALLOONS ,24,0.65,18163,United Kingdom
506860,2010-05-04 14:51:00,22299,PIG KEYRING WITH LIGHT & SOUND ,24,1.25,18163,United Kingdom
506860,2010-05-04 14:51:00,21922,UNION STRIPE WITH FRINGE  HAMMOCK,4,7.95,18163,United Kingdom
506860,2010-05-04 14:51:00,22296,HEART IVORY TRELLIS LARGE,12,1.65,18163,United Kingdom
506860,2010-05-04 14:51:00,21623,VINTAGE UNION JACK MEMOBOARD,4,9.95,18163,United Kingdom
506860,2010-05-04 14:51:00,21735,TWO DOOR CURIO CABINET,2,12.75,18163,United Kingdom
506860,2010-05-04 14:51:00,21980,PACK OF 12 RED SPOTTY TISSUES ,48,0.29,18163,United Kingdom
506860,2010-05-04 14:51:00,21622,VINTAGE UNION JACK CUSHION COVER,6,4.95,18163,United Kingdom
506860,2010-05-04 14:51:00,21155,RED SPOTTY PEG BAG,6,2.1,18163,United Kingdom
506860,2010-05-04 14:51:00,21843,RED RETROSPOT CAKE STAND,3,10.95,18163,United Kingdom
506860,2010-05-04 14:51:00,21115,ROSE CARAVAN DOORSTOP,2,6.75,18163,United Kingdom
506860,2010-05-04 14:51:00,21985,PACK OF 12 HEARTS DESIGN TISSUES ,48,0.29,18163,United Kingdom
506860,2010-05-04 14:51:00,21643,ASSORTED TUTTI FRUTTI MIRROR,12,1.25,18163,United Kingdom
506860,2010-05-04 14:51:00,21647,ASSORTED TUTTI FRUTTI LARGE PURSE,12,2.1,18163,United Kingdom
506860,2010-05-04 14:51:00,84755,COLOUR GLASS T-LIGHT HOLDER HANGING,32,0.65,18163,United Kingdom
506860,2010-05-04 14:51:00,84406B,CREAM CUPID HEARTS COAT HANGER,8,3.25,18163,United Kingdom
506860,2010-05-04 14:51:00,84880,WHITE WIRE EGG HOLDER,3,5.95,18163,United Kingdom
506860,2010-05-04 14:51:00,22177,5 HOOK BLACKBOARD ORGANISER ,2,9.95,18163,United Kingdom
506860,2010-05-04 14:51:00,85068,CREAM SWEETHEART SHELF + HOOKS,2,7.95,18163,United Kingdom
506860,2010-05-04 14:51:00,22324,BLUE POLKADOT KIDS BAG,12,1.95,18163,United Kingdom
506860,2010-05-04 14:51:00,22318,FIVE HEART HANGING DECORATION,6,2.95,18163,United Kingdom
506860,2010-05-04 14:51:00,22437,SET OF 9 BLACK SKULL BALLOONS,20,0.85,18163,United Kingdom
507045,2010-05-06 07:48:00,72008,FROSTED BOX 9 WHITE T-LIGHT CANDLES,24,0.42,16168,United Kingdom
507045,2010-05-06 07:48:00,22423,REGENCY CAKESTAND 3 TIER,2,12.75,16168,United Kingdom
507045,2010-05-06 07:48:00,21907,I'M ON HOLIDAY METAL SIGN,48,1.85,16168,United Kingdom
507045,2010-05-06 07:48:00,22087,PAPER BUNTING WHITE LACE,6,2.95,16168,United Kingdom
507046,2010-05-06 07:49:00,21476,STEEL SWEETHEART ROUND TABLE CREAM,2,14.95,16168,United Kingdom
507046,2010-05-06 07:49:00,22485,SET OF 2 WOODEN MARKET CRATES,2,12.75,16168,United Kingdom
507046,2010-05-06 07:49:00,21474,SWEETHEART CREAM STEEL FOLDIN BENCH,2,19.95,16168,United Kingdom
507046,2010-05-06 07:49:00,22487,WHITE WOOD GARDEN PLANT LADDER,4,8.5,16168,United Kingdom
507046,2010-05-06 07:49:00,22528,GARDENERS KNEELING PAD,12,1.25,16168,United Kingdom
507132,2010-05-06 12:29:00,84802B,PURPLE ANEMONE ARTIFICIAL FLOWER,24,1.69,13576,United Kingdom
507132,2010-05-06 12:29:00,84807,RED POPPY ARTIFICIAL FLOWER,18,1.69,13576,United Kingdom
507132,2010-05-06 12:29:00,84806B,WHITE CANDYSTUFT ARTIFICIAL FLOWER,24,1.45,13576,United Kingdom
507132,2010-05-06 12:29:00,22505,MEMO BOARD COTTAGE DESIGN,4,4.95,13576,United Kingdom
507132,2010-05-06 12:29:00,85224,ASSORTED COLOUR SILK GLASSES CASE,60,0.38,13576,United Kingdom
507132,2010-05-06 12:29:00,35967,FOLK ART METAL STAR T-LIGHT HOLDER,12,0.38,13576,United Kingdom
507132,2010-05-06 12:29:00,35968,FOLK ART METAL HEART T-LIGHT HOLDER,12,0.38,13576,United Kingdom
507132,2010-05-06 12:29:00,17136A,BLUE STONES ON WIRE FOR CANDLE,24,0.08,13576,United Kingdom
507132,2010-05-06 12:29:00,21755,LOVE BUILDING BLOCK WORD,3,5.95,13576,United Kingdom
507132,2010-05-06 12:29:00,21754,HOME BUILDING BLOCK WORD,3,5.95,13576,United Kingdom
507132,2010-05-06 12:29:00,21422,PORCELAIN ROSE SMALL,16,0.85,13576,United Kingdom
507132,2010-05-06 12:29:00,21421,PORCELAIN ROSE LARGE ,12,1.25,13576,United Kingdom
507132,2010-05-06 12:29:00,37492B,BLUE YELLOW FLOWER PIGGY BANK,12,1.65,13576,United Kingdom
507132,2010-05-06 12:29:00,82580,BATHROOM METAL SIGN,12,0.55,13576,United Kingdom
507132,2010-05-06 12:29:00,82581,TOILET METAL SIGN,12,0.55,13576,United Kingdom
507132,2010-05-06 12:29:00,84809A,WHITE CHRYSANTHEMUMS ART FLOWER,18,2.1,13576,United Kingdom
507132,2010-05-06 12:29:00,82486,WOOD S/3 CABINET ANT WHITE FINISH,2,7.95,13576,United Kingdom
507132,2010-05-06 12:29:00,21231,SWEETHEART CERAMIC TRINKET BOX,12,1.25,13576,United Kingdom
507132,2010-05-06 12:29:00,21232,STRAWBERRY CERAMIC TRINKET BOX,12,1.25,13576,United Kingdom
507132,2010-05-06 12:29:00,21843,RED RETROSPOT CAKE STAND,1,10.95,13576,United Kingdom
507132,2010-05-06 12:29:00,21137,BLACK RECORD COVER FRAME,48,3.39,13576,United Kingdom
507132,2010-05-06 12:29:00,22041,"RECORD FRAME 7"" SINGLE SIZE ",48,2.1,13576,United Kingdom
507132,2010-05-06 12:29:00,21165,BEWARE OF THE CAT METAL SIGN ,12,1.69,13576,United Kingdom
507132,2010-05-06 12:29:00,21179,NO JUNK MAIL METAL SIGN,12,1.25,13576,United Kingdom
507132,2010-05-06 12:29:00,82582,AREA PATROLLED METAL SIGN,12,2.1,13576,United Kingdom
507132,2010-05-06 12:29:00,82483,WOOD 2 DRAWER CABINET WHITE FINISH,4,5.95,13576,United Kingdom
507218,2010-05-06 19:08:00,84997D,PINK 3 PIECE MINI DOTS CUTLERY SET,4,3.75,14713,United Kingdom
507218,2010-05-06 19:08:00,M,Manual,2,0.2,14713,United Kingdom
507218,2010-05-06 19:08:00,82483,WOOD 2 DRAWER CABINET WHITE FINISH,1,5.95,14713,United Kingdom
507218,2010-05-06 19:08:00,84997C,BLUE 3 PIECE MINI DOTS CUTLERY SET,4,3.75,14713,United Kingdom
507218,2010-05-06 19:08:00,84016,FLAG OF ST GEORGE CAR FLAG,12,0.42,14713,United Kingdom
507218,2010-05-06 19:08:00,82494L,WOODEN FRAME ANTIQUE WHITE ,2,2.95,14713,United Kingdom
507218,2010-05-06 19:08:00,82482,WOODEN PICTURE FRAME WHITE FINISH,2,2.55,14713,United Kingdom
507218,2010-05-06 19:08:00,37370,RETRO COFFEE MUGS ASSORTED,6,1.25,14713,United Kingdom
507218,2010-05-06 19:08:00,22523,CHILDS GARDEN FORK PINK,4,0.85,14713,United Kingdom
507218,2010-05-06 19:08:00,22514,CHILDS GARDEN SPADE BLUE,1,2.1,14713,United Kingdom
507218,2010-05-06 19:08:00,22518,CHILDS GARDEN BRUSH BLUE,4,2.1,14713,United Kingdom
507218,2010-05-06 19:08:00,22519,CHILDS GARDEN BRUSH PINK,5,2.1,14713,United Kingdom
507218,2010-05-06 19:08:00,22521,CHILDS GARDEN TROWEL PINK,4,0.85,14713,United Kingdom
507218,2010-05-06 19:08:00,22526,WHEELBARROW FOR CHILDREN ,2,12.75,14713,United Kingdom
507218,2010-05-06 19:08:00,22045,SPACEBOY GIFT WRAP,25,0.42,14713,United Kingdom
507218,2010-05-06 19:08:00,20728,LUNCH BAG CARS BLUE,3,1.65,14713,United Kingdom
507218,2010-05-06 19:08:00,22520,CHILDS GARDEN TROWEL BLUE ,1,0.85,14713,United Kingdom
507218,2010-05-06 19:08:00,20726,LUNCH BAG WOODLAND,3,1.65,14713,United Kingdom
507218,2010-05-06 19:08:00,21826,EIGHT PIECE DINOSAUR SET,3,1.25,14713,United Kingdom
507218,2010-05-06 19:08:00,20675,BLUE SPOTTY BOWL,3,1.25,14713,United Kingdom
507218,2010-05-06 19:08:00,21931,JUMBO STORAGE BAG SUKI,6,1.95,14713,United Kingdom
507218,2010-05-06 19:08:00,20712,JUMBO BAG WOODLAND ANIMALS,3,1.95,14713,United Kingdom
507218,2010-05-06 19:08:00,22386,JUMBO BAG PINK WITH WHITE SPOTS,4,1.95,14713,United Kingdom
507218,2010-05-06 19:08:00,22411,JUMBO SHOPPER VINTAGE RED PAISLEY,4,1.95,14713,United Kingdom
507218,2010-05-06 19:08:00,21790,VINTAGE SNAP CARDS,6,0.85,14713,United Kingdom
507218,2010-05-06 19:08:00,22029,SPACEBOY BIRTHDAY CARD,12,0.42,14713,United Kingdom
507218,2010-05-06 19:08:00,10002,INFLATABLE POLITICAL GLOBE ,6,0.85,14713,United Kingdom
507218,2010-05-06 19:08:00,22382,LUNCH BAG SPACEBOY DESIGN ,6,1.65,14713,United Kingdom
507218,2010-05-06 19:08:00,85226A,WHITE/BLUE PULL BACK RACING CAR,7,0.55,14713,United Kingdom
507218,2010-05-06 19:08:00,21878,PACK OF 6 SANDCASTLE FLAGS ASSORTED,6,0.85,14713,United Kingdom
507218,2010-05-06 19:08:00,22367,CHILDS APRON SPACEBOY DESIGN,1,1.95,14713,United Kingdom
507218,2010-05-06 19:08:00,22083,PAPER CHAIN KIT RETRO SPOT,3,2.95,14713,United Kingdom
507218,2010-05-06 19:08:00,22584,PACK OF 6 PANNETONE GIFT BOXES,1,2.55,14713,United Kingdom
507218,2010-05-06 19:08:00,22355,"CHARLOTTE BAG , SUKI DESIGN",10,0.85,14713,United Kingdom
507218,2010-05-06 19:08:00,22356,"CHARLOTTE BAG , PINK/WHITE SPOTS",3,0.85,14713,United Kingdom
507218,2010-05-06 19:08:00,20677,PINK SPOTTY BOWL,3,1.25,14713,United Kingdom
507218,2010-05-06 19:08:00,85226C,BLUE PULL BACK RACING CAR,6,0.55,14713,United Kingdom
507418,2010-05-09 14:52:00,84946,ANTIQUE SILVER TEA GLASS ETCHED,72,1.06,17292,United Kingdom
507418,2010-05-09 14:52:00,72802A,ROSE SCENT CANDLE IN JEWELLED BOX,6,4.25,17292,United Kingdom
507418,2010-05-09 14:52:00,47566,PARTY BUNTING,5,4.65,17292,United Kingdom
507418,2010-05-09 14:52:00,48184,DOOR MAT ENGLISH ROSE ,1,7.49,17292,United Kingdom
507418,2010-05-09 14:52:00,21506,"FANCY FONT BIRTHDAY CARD, ",12,0.42,17292,United Kingdom
507418,2010-05-09 14:52:00,21620,S/4 ROSE    BOTANICAL  CANDLE,1,3.75,17292,United Kingdom
508071,2010-05-12 15:41:00,16259,PIECE OF CAMO STATIONERY SET,108,0.21,17484,United Kingdom
508071,2010-05-12 15:41:00,21982,PACK OF 12 SUKI TISSUES ,48,0.29,17484,United Kingdom
508071,2010-05-12 15:41:00,22420,LIPSTICK PEN BABY PINK,12,0.42,17484,United Kingdom
508071,2010-05-12 15:41:00,21985,PACK OF 12 HEARTS DESIGN TISSUES ,48,0.29,17484,United Kingdom
508071,2010-05-12 15:41:00,21703,BAG 125g SWIRLY MARBLES,12,0.42,17484,United Kingdom
508071,2010-05-12 15:41:00,84077,WORLD WAR 2 GLIDERS ASSTD DESIGNS,48,0.21,17484,United Kingdom
508071,2010-05-12 15:41:00,22421,LIPSTICK PEN FUSCHIA,12,0.42,17484,United Kingdom
508108,2010-05-13 10:42:00,85099F,JUMBO BAG STRAWBERRY,10,1.95,15064,United Kingdom
508108,2010-05-13 10:42:00,C2,CARRIAGE,1,50.0,15064,United Kingdom
508108,2010-05-13 10:42:00,22423,REGENCY CAKESTAND 3 TIER,2,12.75,15064,United Kingdom
508108,2010-05-13 10:42:00,21843,RED RETROSPOT CAKE STAND,1,10.95,15064,United Kingdom
508108,2010-05-13 10:42:00,22468,BABUSHKA LIGHTS STRING OF 10,2,6.75,15064,United Kingdom
508108,2010-05-13 10:42:00,20725,LUNCH BAG RED SPOTTY,10,1.65,15064,United Kingdom
508108,2010-05-13 10:42:00,22454,MEASURING TAPE RUSSIAN DOLL RED,6,2.95,15064,United Kingdom
508108,2010-05-13 10:42:00,21787,RAIN PONCHO WITH RED SPOTS,24,0.85,15064,United Kingdom
508108,2010-05-13 10:42:00,85099C,JUMBO  BAG BAROQUE BLACK WHITE,10,1.95,15064,United Kingdom
508108,2010-05-13 10:42:00,22570,FELTCRAFT CUSHION RABBIT,4,3.75,15064,United Kingdom
508108,2010-05-13 10:42:00,22087,PAPER BUNTING WHITE LACE,6,2.95,15064,United Kingdom
508108,2010-05-13 10:42:00,22569,FELTCRAFT CUSHION BUTTERFLY,4,3.75,15064,United Kingdom
508108,2010-05-13 10:42:00,22585,PACK OF 6 BIRDY GIFT TAGS,12,1.25,15064,United Kingdom
508108,2010-05-13 10:42:00,10133,COLOURING PENCILS BROWN TUBE,10,0.85,15064,United Kingdom
508108,2010-05-13 10:42:00,20772,GARDEN PATH JOURNAL,6,2.55,15064,United Kingdom
508108,2010-05-13 10:42:00,21498,RED SPOTS  WRAP ,25,0.42,15064,United Kingdom
508108,2010-05-13 10:42:00,21506,"FANCY FONT BIRTHDAY CARD, ",12,0.42,15064,United Kingdom
508108,2010-05-13 10:42:00,21497,FANCY FONTS BIRTHDAY WRAP,25,0.42,15064,United Kingdom
508108,2010-05-13 10:42:00,22088,PAPER BUNTING COLOURED LACE,6,2.95,15064,United Kingdom
508189,2010-05-13 13:11:00,22151,PLACE SETTING WHITE HEART,72,0.42,14064,United Kingdom
508189,2010-05-13 13:11:00,21666,RIDGED GLASS T-LIGHT HOLDER,6,0.65,14064,United Kingdom
508189,2010-05-13 13:11:00,21313,GLASS HEART T-LIGHT HOLDER ,3,0.85,14064,United Kingdom
508189,2010-05-13 13:11:00,22621,TRADITIONAL KNITTING NANCY,6,1.45,14064,United Kingdom
508189,2010-05-13 13:11:00,22151,PLACE SETTING WHITE HEART,105,0.42,14064,United Kingdom
508189,2010-05-13 13:11:00,85123A,WHITE HANGING HEART T-LIGHT HOLDER,3,2.95,14064,United Kingdom
508189,2010-05-13 13:11:00,22212,FOUR HOOK  WHITE LOVEBIRDS,2,2.1,14064,United Kingdom
508189,2010-05-13 13:11:00,22178,VICTORIAN GLASS HANGING T-LIGHT,6,1.25,14064,United Kingdom
508189,2010-05-13 13:11:00,84970S,HANGING HEART ZINC T-LIGHT HOLDER,12,0.85,14064,United Kingdom
508189,2010-05-13 13:11:00,85199S,SMALL HANGING IVORY/RED WOOD BIRD,4,0.42,14064,United Kingdom
508253,2010-05-14 10:50:00,82578,KITCHEN METAL SIGN,12,0.55,13576,United Kingdom
508253,2010-05-14 10:50:00,84689,S/2 BEACH HUT TREASURE CHESTS,12,1.65,13576,United Kingdom
508253,2010-05-14 10:50:00,84687,BEACH HUT SHELF W 3 DRAWERS,8,1.95,13576,United Kingdom
508253,2010-05-14 10:50:00,84685,BEACH HUT KEY CABINET,16,1.25,13576,United Kingdom
508253,2010-05-14 10:50:00,21713,CITRONELLA CANDLE FLOWERPOT,48,0.85,13576,United Kingdom
508253,2010-05-14 10:50:00,84797B,BLUE SAVANNAH PICNIC HAMPER FOR 4,12,4.95,13576,United Kingdom
508253,2010-05-14 10:50:00,84796B,BLUE SAVANNAH PICNIC HAMPER FOR 2,12,3.95,13576,United Kingdom
508253,2010-05-14 10:50:00,84797A,PINK HAWAIIAN PICNIC HAMPER FOR 4,12,4.95,13576,United Kingdom
508253,2010-05-14 10:50:00,22064,PINK DOUGHNUT TRINKET POT ,12,1.65,13576,United Kingdom
508253,2010-05-14 10:50:00,21224,SET/4 SKULL BADGES,10,1.25,13576,United Kingdom
508253,2010-05-14 10:50:00,85232B,SET/3 RUSSIAN DOLL STACKING TINS,3,4.95,13576,United Kingdom
508253,2010-05-14 10:50:00,85232A,SET/3 POLKA DOT STACKING TINS,3,4.95,13576,United Kingdom
508253,2010-05-14 10:50:00,22353,LUNCH BOX WITH CUTLERY FAIRY CAKES ,6,2.55,13576,United Kingdom
508253,2010-05-14 10:50:00,20686,DOLLY MIXTURE CHILDREN'S UMBRELLA,6,3.25,13576,United Kingdom
508253,2010-05-14 10:50:00,84796A,PINK HAWAIIAN PICNIC HAMPER FOR 2,12,3.95,13576,United Kingdom
508336,2010-05-14 12:06:00,84510B,SET OF 4 FAIRY CAKES COASTERS ,2,1.25,16081,United Kingdom
508336,2010-05-14 12:06:00,21533,RETRO SPOT LARGE MILK JUG,1,4.95,16081,United Kingdom
508336,2010-05-14 12:06:00,22064,PINK DOUGHNUT TRINKET POT ,2,1.65,16081,United Kingdom
508336,2010-05-14 12:06:00,37447,CERAMIC CAKE DESIGN SPOTTED PLATE,4,1.49,16081,United Kingdom
508336,2010-05-14 12:06:00,21231,SWEETHEART CERAMIC TRINKET BOX,2,1.25,16081,United Kingdom
508336,2010-05-14 12:06:00,22072,RED RETROSPOT TEA CUP AND SAUCER ,2,3.75,16081,United Kingdom
508336,2010-05-14 12:06:00,84249D,FAIRY CAKE GREETINGS CARD,12,0.42,16081,United Kingdom
508336,2010-05-14 12:06:00,37449,CERAMIC CAKE STAND + HANGING CAKES,2,9.95,16081,United Kingdom
508336,2010-05-14 12:06:00,84510C,SET OF 4 POLKADOTS COASTERS,1,1.25,16081,United Kingdom
508336,2010-05-14 12:06:00,22139,RETRO SPOT TEA SET CERAMIC 11 PC ,3,4.95,16081,United Kingdom
508336,2010-05-14 12:06:00,84987,SET OF 36 TEATIME PAPER DOILIES,2,1.45,16081,United Kingdom
508336,2010-05-14 12:06:00,21974,SET OF 36 PAISLEY FLOWER DOILIES,2,1.45,16081,United Kingdom
508336,2010-05-14 12:06:00,37502,TEA TIME MUG IN GIFT BOX,4,2.95,16081,United Kingdom
508336,2010-05-14 12:06:00,37501,TEA TIME TEA SET IN GIFT BOX,1,6.95,16081,United Kingdom
508336,2010-05-14 12:06:00,20992,JAZZ HEARTS PURSE NOTEBOOK,3,0.85,16081,United Kingdom
508336,2010-05-14 12:06:00,84509C,SET OF 4 DOTTY PLACEMATS ,1,3.75,16081,United Kingdom
508336,2010-05-14 12:06:00,21535,RED RETROSPOT SMALL MILK JUG,1,2.55,16081,United Kingdom
508336,2010-05-14 12:06:00,47591C,BLUE FAIRY CAKE CHILD'S APRON,1,1.95,16081,United Kingdom
508336,2010-05-14 12:06:00,21080,SET/20 RED SPOTTY PAPER NAPKINS ,2,0.85,16081,United Kingdom
508336,2010-05-14 12:06:00,21294,ETCHED GLASS COASTER,2,1.25,16081,United Kingdom
508336,2010-05-14 12:06:00,47591D,PINK FAIRY CAKE CHILD'S APRON,2,1.95,16081,United Kingdom
508336,2010-05-14 12:06:00,47559B,TEA TIME OVEN GLOVE,2,1.25,16081,United Kingdom
508336,2010-05-14 12:06:00,37495,FAIRY CAKE BIRTHDAY CANDLE SET,1,3.75,16081,United Kingdom
508336,2010-05-14 12:06:00,21531,RED RETROSPOT SUGAR JAM BOWL,1,2.55,16081,United Kingdom
508336,2010-05-14 12:06:00,47556B,TEA TIME TEA TOWELS ,5,2.95,16081,United Kingdom
508336,2010-05-14 12:06:00,47597,NEW ENGLAND TEATOWELS,2,2.55,16081,United Kingdom
508336,2010-05-14 12:06:00,22070,SMALL RED RETROSPOT MUG IN BOX ,1,3.75,16081,United Kingdom
508336,2010-05-14 12:06:00,22071,SMALL WHITE RETROSPOT MUG IN BOX ,2,3.75,16081,United Kingdom
508336,2010-05-14 12:06:00,21535,RED RETROSPOT SMALL MILK JUG,2,2.55,16081,United Kingdom
508336,2010-05-14 12:06:00,21531,RED RETROSPOT SUGAR JAM BOWL,1,2.55,16081,United Kingdom
508336,2010-05-14 12:06:00,21231,SWEETHEART CERAMIC TRINKET BOX,1,1.25,16081,United Kingdom
508336,2010-05-14 12:06:00,21232,STRAWBERRY CERAMIC TRINKET BOX,3,1.25,16081,United Kingdom
508336,2010-05-14 12:06:00,22348,TEA BAG PLATE RED SPOTTY ,4,0.85,16081,United Kingdom
508522,2010-05-17 10:14:00,22149,FELTCRAFT 6 FLOWER FRIENDS,12,2.1,15673,United Kingdom
508522,2010-05-17 10:14:00,22147,FELTCRAFT BUTTERFLY HEARTS,12,1.45,15673,United Kingdom
508522,2010-05-17 10:14:00,21621,VINTAGE UNION JACK BUNTING,24,8.5,15673,United Kingdom
508522,2010-05-17 10:14:00,22558,CLOTHES PEGS RETROSPOT PACK 24 ,48,1.06,15673,United Kingdom
508522,2010-05-17 10:14:00,84970L,SINGLE HEART ZINC T-LIGHT HOLDER,24,0.95,15673,United Kingdom
508522,2010-05-17 10:14:00,22616,PACK OF 12 LONDON TISSUES ,48,0.29,15673,United Kingdom
508522,2010-05-17 10:14:00,22131,FOOD CONTAINER SET 3 LOVE HEART ,12,1.95,15673,United Kingdom
508522,2010-05-17 10:14:00,22557,PLASTERS IN TIN VINTAGE PAISLEY ,12,1.65,15673,United Kingdom
508522,2010-05-17 10:14:00,21238,RED SPOTTY CUP,8,0.85,15673,United Kingdom
508522,2010-05-17 10:14:00,22556,PLASTERS IN TIN CIRCUS PARADE ,12,1.65,15673,United Kingdom
508522,2010-05-17 10:14:00,22180,RETRO SPOT LAMP,8,9.95,15673,United Kingdom
508522,2010-05-17 10:14:00,22328,ROUND SNACK BOXES SET OF 4 FRUITS ,12,2.95,15673,United Kingdom
508522,2010-05-17 10:14:00,22329,ROUND CONTAINER SET OF 5 RETROSPOT,12,1.65,15673,United Kingdom
508522,2010-05-17 10:14:00,22383,LUNCH BAG SUKI  DESIGN ,10,1.65,15673,United Kingdom
508522,2010-05-17 10:14:00,22326,ROUND SNACK BOXES SET OF4 WOODLAND ,12,2.95,15673,United Kingdom
508522,2010-05-17 10:14:00,21755,LOVE BUILDING BLOCK WORD,9,5.95,15673,United Kingdom
508522,2010-05-17 10:14:00,21756,BATH BUILDING BLOCK WORD,3,5.95,15673,United Kingdom
508522,2010-05-17 10:14:00,84970S,HANGING HEART ZINC T-LIGHT HOLDER,24,0.85,15673,United Kingdom
508522,2010-05-17 10:14:00,21754,HOME BUILDING BLOCK WORD,6,5.95,15673,United Kingdom
508522,2010-05-17 10:14:00,22197,SMALL POPCORN HOLDER,12,0.85,15673,United Kingdom
509401,2010-05-23 11:24:00,37500,TEA TIME TEAPOT IN GIFT BOX,2,9.95,16702,United Kingdom
509401,2010-05-23 11:24:00,22429,ENAMEL MEASURING JUG CREAM,4,4.25,16702,United Kingdom
509401,2010-05-23 11:24:00,22139,RETRO SPOT TEA SET CERAMIC 11 PC ,3,4.95,16702,United Kingdom
509401,2010-05-23 11:24:00,22624,IVORY KITCHEN SCALES,2,8.5,16702,United Kingdom
509401,2010-05-23 11:24:00,22627,MINT KITCHEN SCALES,2,8.5,16702,United Kingdom
509401,2010-05-23 11:24:00,22424,ENAMEL BREAD BIN CREAM,3,12.75,16702,United Kingdom
509401,2010-05-23 11:24:00,22425,ENAMEL COLLANDER CREAM,3,4.95,16702,United Kingdom
509401,2010-05-23 11:24:00,22487,WHITE WOOD GARDEN PLANT LADDER,2,9.95,16702,United Kingdom
509401,2010-05-23 11:24:00,22605,WOODEN CROQUET GARDEN SET,2,12.75,16702,United Kingdom
509401,2010-05-23 11:24:00,22606,WOODEN SKITTLES GARDEN SET,2,15.95,16702,United Kingdom
509401,2010-05-23 11:24:00,22501,PICNIC BASKET WICKER LARGE,2,9.95,16702,United Kingdom
509401,2010-05-23 11:24:00,22502,PICNIC BASKET WICKER SMALL,4,4.25,16702,United Kingdom
509401,2010-05-23 11:24:00,22636,CHILDS BREAKFAST SET CIRCUS PARADE,2,8.5,16702,United Kingdom
509401,2010-05-23 11:24:00,22635,CHILDS BREAKFAST SET DOLLY GIRL ,2,9.95,16702,United Kingdom
509401,2010-05-23 11:24:00,22634,CHILDS BREAKFAST SET SPACEBOY ,2,9.95,16702,United Kingdom
509401,2010-05-23 11:24:00,22607,WOODEN ROUNDERS GARDEN SET ,2,8.5,16702,United Kingdom
509462,2010-05-24 10:53:00,84755,COLOUR GLASS T-LIGHT HOLDER HANGING,32,0.65,16168,United Kingdom
509462,2010-05-24 10:53:00,22178,VICTORIAN GLASS HANGING T-LIGHT,12,1.25,16168,United Kingdom
509462,2010-05-24 10:53:00,22429,ENAMEL MEASURING JUG CREAM,4,4.25,16168,United Kingdom
509462,2010-05-24 10:53:00,22430,ENAMEL WATERING CAN CREAM,4,4.95,16168,United Kingdom
509462,2010-05-24 10:53:00,22415,WHITE TISSUE REAM,2,7.95,16168,United Kingdom
509462,2010-05-24 10:53:00,22426,ENAMEL WASH BOWL CREAM,4,3.75,16168,United Kingdom
510182,2010-05-27 15:51:00,82580,BATHROOM METAL SIGN,12,0.55,15985,United Kingdom
510182,2010-05-27 15:51:00,22558,CLOTHES PEGS RETROSPOT PACK 24 ,12,1.25,15985,United Kingdom
510182,2010-05-27 15:51:00,22567,20 DOLLY PEGS RETROSPOT,12,1.25,15985,United Kingdom
510182,2010-05-27 15:51:00,82578,KITCHEN METAL SIGN,12,0.55,15985,United Kingdom
510182,2010-05-27 15:51:00,21614,SET OF 12 ROSE BOTANICAL T-LIGHTS,6,2.95,15985,United Kingdom
510182,2010-05-27 15:51:00,21918,SET 12 KIDS COLOUR  CHALK STICKS,24,0.42,15985,United Kingdom
510182,2010-05-27 15:51:00,21609,SET 12 LAVENDER  BOTANICAL T-LIGHTS,6,2.95,15985,United Kingdom
510182,2010-05-27 15:51:00,22459,CAST IRON HOOK GARDEN TROWEL,8,2.55,15985,United Kingdom
510182,2010-05-27 15:51:00,22458,CAST IRON HOOK GARDEN FORK,8,2.55,15985,United Kingdom
510182,2010-05-27 15:51:00,22441,GROW YOUR OWN BASIL IN ENAMEL MUG,8,2.1,15985,United Kingdom
510182,2010-05-27 15:51:00,21612,SET 12 WILDFLOWER BOTANICAL T-LIGHT,6,2.95,15985,United Kingdom
510182,2010-05-27 15:51:00,20754,RETRO RED SPOTTY WASHING UP GLOVES,6,2.1,15985,United Kingdom
510182,2010-05-27 15:51:00,22531,MAGIC DRAWING SLATE CIRCUS PARADE  ,48,0.42,15985,United Kingdom
510182,2010-05-27 15:51:00,22150,3 STRIPEY MICE FELTCRAFT,6,1.95,15985,United Kingdom
510182,2010-05-27 15:51:00,20752,RETRO BLUE SPOTTY WASHING UP GLOVES,6,2.1,15985,United Kingdom
510182,2010-05-27 15:51:00,21868,POTTING SHED TEA MUG,12,1.25,15985,United Kingdom
510182,2010-05-27 15:51:00,21899,"KEY FOB , GARAGE DESIGN",24,0.65,15985,United Kingdom
510182,2010-05-27 15:51:00,22082,RIBBON REEL STRIPES DESIGN ,20,1.65,15985,United Kingdom
510182,2010-05-27 15:51:00,22081,RIBBON REEL FLORA + FAUNA ,20,1.65,15985,United Kingdom
510182,2010-05-27 15:51:00,21900,"KEY FOB , SHED",24,0.65,15985,United Kingdom
510182,2010-05-27 15:51:00,84568,GIRLS ALPHABET IRON ON PATCHES ,288,0.21,15985,United Kingdom
510182,2010-05-27 15:51:00,84598,BOYS ALPHABET IRON ON PATCHES,288,0.21,15985,United Kingdom
510182,2010-05-27 15:51:00,22615,PACK OF 12 CIRCUS PARADE TISSUES ,48,0.29,15985,United Kingdom
510182,2010-05-27 15:51:00,22556,PLASTERS IN TIN CIRCUS PARADE ,12,1.65,15985,United Kingdom
510188,2010-05-27 16:54:00,22704,WRAP RED APPLES ,25,0.42,12854,United Kingdom
510188,2010-05-27 16:54:00,21034,REX CASH+CARRY JUMBO SHOPPER,1,0.95,12854,United Kingdom
510188,2010-05-27 16:54:00,22430,ENAMEL WATERING CAN CREAM,2,4.95,12854,United Kingdom
510188,2010-05-27 16:54:00,21500,PINK SPOTS  WRAP ,25,0.42,12854,United Kingdom
510188,2010-05-27 16:54:00,21499,BLUE SPOTS  WRAP,25,0.42,12854,United Kingdom
510188,2010-05-27 16:54:00,22705,WRAP GREEN PEARS ,25,0.42,12854,United Kingdom
510188,2010-05-27 16:54:00,22427,ENAMEL FLOWER JUG CREAM,2,5.95,12854,United Kingdom
510188,2010-05-27 16:54:00,21497,FANCY FONTS BIRTHDAY WRAP,25,0.42,12854,United Kingdom
510188,2010-05-27 16:54:00,22149,FELTCRAFT 6 FLOWER FRIENDS,6,2.1,12854,United Kingdom
510188,2010-05-27 16:54:00,21756,BATH BUILDING BLOCK WORD,2,5.95,12854,United Kingdom
510188,2010-05-27 16:54:00,21755,LOVE BUILDING BLOCK WORD,2,5.95,12854,United Kingdom
510188,2010-05-27 16:54:00,21754,HOME BUILDING BLOCK WORD,2,5.95,12854,United Kingdom
510188,2010-05-27 16:54:00,21528,DAIRY MAID TRADITIONAL TEAPOT ,1,6.95,12854,United Kingdom
510188,2010-05-27 16:54:00,22147,FELTCRAFT BUTTERFLY HEARTS,6,1.45,12854,United Kingdom
510188,2010-05-27 16:54:00,21380,WOODEN HAPPY BIRTHDAY GARLAND,6,2.95,12854,United Kingdom
510188,2010-05-27 16:54:00,21381,MINI WOODEN HAPPY BIRTHDAY GARLAND,12,1.69,12854,United Kingdom
510188,2010-05-27 16:54:00,21326,AGED GLASS SILVER T-LIGHT HOLDER,12,0.65,12854,United Kingdom
510188,2010-05-27 16:54:00,84946,ANTIQUE SILVER TEA GLASS ETCHED,6,1.25,12854,United Kingdom
510188,2010-05-27 16:54:00,22470,HEART OF WICKER LARGE,4,2.95,12854,United Kingdom
510188,2010-05-27 16:54:00,22087,PAPER BUNTING WHITE LACE,6,2.95,12854,United Kingdom
510188,2010-05-27 16:54:00,22090,PAPER BUNTING RETRO SPOTS,2,2.95,12854,United Kingdom
510188,2010-05-27 16:54:00,84945,MULTI COLOUR SILVER T-LIGHT HOLDER,12,0.85,12854,United Kingdom
510188,2010-05-27 16:54:00,20972,PINK CREAM FELT CRAFT TRINKET BOX ,6,1.25,12854,United Kingdom
510188,2010-05-27 16:54:00,47566,PARTY BUNTING,4,4.65,12854,United Kingdom
510188,2010-05-27 16:54:00,47566B,TEA TIME PARTY BUNTING,4,4.65,12854,United Kingdom
510188,2010-05-27 16:54:00,47590B,PINK HAPPY BIRTHDAY BUNTING,6,5.45,12854,United Kingdom
510188,2010-05-27 16:54:00,21534,DAIRY MAID LARGE MILK JUG,1,4.95,12854,United Kingdom
510188,2010-05-27 16:54:00,21385,IVORY HANGING DECORATION  HEART,6,0.85,12854,United Kingdom
510188,2010-05-27 16:54:00,22296,HEART IVORY TRELLIS LARGE,4,1.65,12854,United Kingdom
510188,2010-05-27 16:54:00,22294,HEART FILIGREE DOVE  SMALL,6,1.25,12854,United Kingdom
510188,2010-05-27 16:54:00,21175,GIN + TONIC DIET METAL SIGN,4,2.1,12854,United Kingdom
510188,2010-05-27 16:54:00,21907,I'M ON HOLIDAY METAL SIGN,6,2.1,12854,United Kingdom
510188,2010-05-27 16:54:00,22469,HEART OF WICKER SMALL,6,1.65,12854,United Kingdom
510188,2010-05-27 16:54:00,21534,DAIRY MAID LARGE MILK JUG,1,4.95,12854,United Kingdom
510188,2010-05-27 16:54:00,22189,CREAM HEART CARD HOLDER,2,3.95,12854,United Kingdom
510188,2010-05-27 16:54:00,22188,BLACK HEART CARD HOLDER,2,3.95,12854,United Kingdom
510188,2010-05-27 16:54:00,22461,SAVOY ART DECO CLOCK,1,12.75,12854,United Kingdom
510188,2010-05-27 16:54:00,21528,DAIRY MAID TRADITIONAL TEAPOT ,1,6.95,12854,United Kingdom
510188,2010-05-27 16:54:00,85123A,WHITE HANGING HEART T-LIGHT HOLDER,6,2.95,12854,United Kingdom
510796,2010-06-03 16:52:00,20713,JUMBO BAG OWLS,2,1.95,14713,United Kingdom
510796,2010-06-03 16:52:00,22523,CHILDS GARDEN FORK PINK,2,0.85,14713,United Kingdom
510796,2010-06-03 16:52:00,22521,CHILDS GARDEN TROWEL PINK,2,0.85,14713,United Kingdom
510796,2010-06-03 16:52:00,22514,CHILDS GARDEN SPADE BLUE,2,2.1,14713,United Kingdom
510796,2010-06-03 16:52:00,22519,CHILDS GARDEN BRUSH PINK,2,2.1,14713,United Kingdom
510796,2010-06-03 16:52:00,22518,CHILDS GARDEN BRUSH BLUE,2,2.1,14713,United Kingdom
510796,2010-06-03 16:52:00,21930,JUMBO STORAGE BAG SKULLS,4,1.95,14713,United Kingdom
510796,2010-06-03 16:52:00,22520,CHILDS GARDEN TROWEL BLUE ,2,0.85,14713,United Kingdom
510796,2010-06-03 16:52:00,20712,JUMBO BAG WOODLAND ANIMALS,2,1.95,14713,United Kingdom
510796,2010-06-03 16:52:00,21878,PACK OF 6 SANDCASTLE FLAGS ASSORTED,6,0.85,14713,United Kingdom
510796,2010-06-03 16:52:00,22385,JUMBO BAG SPACEBOY DESIGN,4,1.95,14713,United Kingdom
510796,2010-06-03 16:52:00,21558,SKULL LUNCH BOX WITH CUTLERY ,3,2.55,14713,United Kingdom
510796,2010-06-03 16:52:00,22353,LUNCH BOX WITH CUTLERY FAIRY CAKES ,3,2.55,14713,United Kingdom
510796,2010-06-03 16:52:00,37370,RETRO COFFEE MUGS ASSORTED,6,1.25,14713,United Kingdom
510796,2010-06-03 16:52:00,22411,JUMBO SHOPPER VINTAGE RED PAISLEY,4,1.95,14713,United Kingdom
510796,2010-06-03 16:52:00,22383,LUNCH BAG SUKI  DESIGN ,6,1.65,14713,United Kingdom
510796,2010-06-03 16:52:00,22384,LUNCH BAG PINK RETROSPOT,12,1.65,14713,United Kingdom
510796,2010-06-03 16:52:00,20727,LUNCH BAG  BLACK SKULL.,6,1.65,14713,United Kingdom
510796,2010-06-03 16:52:00,21931,JUMBO STORAGE BAG SUKI,12,1.95,14713,United Kingdom
510796,2010-06-03 16:52:00,22386,JUMBO BAG PINK WITH WHITE SPOTS,3,1.95,14713,United Kingdom
510796,2010-06-03 16:52:00,82494L,WOODEN FRAME ANTIQUE WHITE ,3,2.95,14713,United Kingdom
510796,2010-06-03 16:52:00,21500,PINK SPOTS  WRAP ,25,0.42,14713,United Kingdom
510796,2010-06-03 16:52:00,21936,RED RETROSPOT PICNIC BAG,3,2.95,14713,United Kingdom
510796,2010-06-03 16:52:00,20724,RED SPOTTY CHARLOTTE BAG,6,0.85,14713,United Kingdom
510796,2010-06-03 16:52:00,82482,WOODEN PICTURE FRAME WHITE FINISH,2,2.55,14713,United Kingdom
510796,2010-06-03 16:52:00,21470,FLOWER VINE RAFFIA FOOD COVER,2,3.75,14713,United Kingdom
510796,2010-06-03 16:52:00,47591D,PINK FAIRY CAKE CHILD'S APRON,2,1.95,14713,United Kingdom
510796,2010-06-03 16:52:00,21917,SET 12 KIDS  WHITE CHALK STICKS,6,0.42,14713,United Kingdom
510796,2010-06-03 16:52:00,21914,BLUE HARMONICA IN BOX ,12,1.25,14713,United Kingdom
510796,2010-06-03 16:52:00,20725,LUNCH BAG RED SPOTTY,6,1.65,14713,United Kingdom
510796,2010-06-03 16:52:00,20728,LUNCH BAG CARS BLUE,6,1.65,14713,United Kingdom
510796,2010-06-03 16:52:00,84997D,PINK 3 PIECE MINI DOTS CUTLERY SET,3,3.75,14713,United Kingdom
511046,2010-06-06 11:35:00,84997C,BLUE 3 PIECE MINI DOTS CUTLERY SET,2,3.75,16335,United Kingdom
511046,2010-06-06 11:35:00,84997D,PINK 3 PIECE MINI DOTS CUTLERY SET,3,3.75,16335,United Kingdom
511046,2010-06-06 11:35:00,37503,TEA TIME CAKE STAND IN GIFT BOX,2,10.75,16335,United Kingdom
511046,2010-06-06 11:35:00,22646,CERAMIC STRAWBERRY CAKE MONEY BANK,4,1.45,16335,United Kingdom
511046,2010-06-06 11:35:00,21754,HOME BUILDING BLOCK WORD,2,5.95,16335,United Kingdom
511046,2010-06-06 11:35:00,21559,STRAWBERRY LUNCH BOX WITH CUTLERY,2,2.55,16335,United Kingdom
511046,2010-06-06 11:35:00,22353,LUNCH BOX WITH CUTLERY FAIRY CAKES ,1,2.55,16335,United Kingdom
511046,2010-06-06 11:35:00,82494L,WOODEN FRAME ANTIQUE WHITE ,3,2.95,16335,United Kingdom
511046,2010-06-06 11:35:00,22505,MEMO BOARD COTTAGE DESIGN,3,4.95,16335,United Kingdom
511046,2010-06-06 11:35:00,22645,CERAMIC HEART FAIRY CAKE MONEY BANK,4,1.45,16335,United Kingdom
511046,2010-06-06 11:35:00,21622,VINTAGE UNION JACK CUSHION COVER,4,4.95,16335,United Kingdom
511046,2010-06-06 11:35:00,22470,HEART OF WICKER LARGE,5,2.95,16335,United Kingdom
511046,2010-06-06 11:35:00,47591D,PINK FAIRY CAKE CHILD'S APRON,2,1.95,16335,United Kingdom
511046,2010-06-06 11:35:00,22383,LUNCH BAG SUKI  DESIGN ,2,1.65,16335,United Kingdom
511046,2010-06-06 11:35:00,22382,LUNCH BAG SPACEBOY DESIGN ,2,1.65,16335,United Kingdom
511046,2010-06-06 11:35:00,22275,WEEKEND BAG VINTAGE ROSE PAISLEY,2,8.5,16335,United Kingdom
511046,2010-06-06 11:35:00,22077,6 RIBBONS RUSTIC CHARM,4,1.65,16335,United Kingdom
511046,2010-06-06 11:35:00,22423,REGENCY CAKESTAND 3 TIER,2,12.75,16335,United Kingdom
511046,2010-06-06 11:35:00,21034,REX CASH+CARRY JUMBO SHOPPER,3,0.95,16335,United Kingdom
511046,2010-06-06 11:35:00,22188,BLACK HEART CARD HOLDER,3,3.95,16335,United Kingdom
511046,2010-06-06 11:35:00,22418,10 COLOUR SPACEBOY PEN,12,0.85,16335,United Kingdom
511046,2010-06-06 11:35:00,21733,RED HANGING HEART T-LIGHT HOLDER,2,2.95,16335,United Kingdom
511046,2010-06-06 11:35:00,21621,VINTAGE UNION JACK BUNTING,2,8.5,16335,United Kingdom
511046,2010-06-06 11:35:00,85123A,WHITE HANGING HEART T-LIGHT HOLDER,3,2.95,16335,United Kingdom
511046,2010-06-06 11:35:00,21755,LOVE BUILDING BLOCK WORD,2,5.95,16335,United Kingdom
511046,2010-06-06 11:35:00,21080,SET/20 RED SPOTTY PAPER NAPKINS ,2,0.85,16335,United Kingdom
511046,2010-06-06 11:35:00,48185,DOOR MAT FAIRY CAKE,1,7.49,16335,United Kingdom
511046,2010-06-06 11:35:00,22131,FOOD CONTAINER SET 3 LOVE HEART ,3,1.95,16335,United Kingdom
511046,2010-06-06 11:35:00,48188,DOOR MAT WELCOME PUPPIES,1,7.49,16335,United Kingdom
511046,2010-06-06 11:35:00,20685,DOOR MAT RED SPOT,1,7.49,16335,United Kingdom
511046,2010-06-06 11:35:00,48194,DOOR MAT HEARTS,1,7.49,16335,United Kingdom
511046,2010-06-06 11:35:00,48184,DOOR MAT ENGLISH ROSE ,1,7.49,16335,United Kingdom
511046,2010-06-06 11:35:00,22171,3 HOOK PHOTO SHELF ANTIQUE WHITE,2,8.5,16335,United Kingdom
511046,2010-06-06 11:35:00,82484,WOOD BLACK BOARD ANT WHITE FINISH,2,6.45,16335,United Kingdom
511046,2010-06-06 11:35:00,22315,200 RED + WHITE BENDY STRAWS,1,1.25,16335,United Kingdom
511046,2010-06-06 11:35:00,47570B,TEA TIME TABLE CLOTH,2,10.65,16335,United Kingdom
511046,2010-06-06 11:35:00,21558,SKULL LUNCH BOX WITH CUTLERY ,2,2.55,16335,United Kingdom
511046,2010-06-06 11:35:00,21623,VINTAGE UNION JACK MEMOBOARD,2,9.95,16335,United Kingdom
511046,2010-06-06 11:35:00,48194,DOOR MAT HEARTS,1,7.49,16335,United Kingdom
511046,2010-06-06 11:35:00,22222,CAKE PLATE LOVEBIRD WHITE,2,4.95,16335,United Kingdom
511046,2010-06-06 11:35:00,22223,CAKE PLATE LOVEBIRD PINK,1,4.95,16335,United Kingdom
511046,2010-06-06 11:35:00,84520B,PACK 20 ENGLISH ROSE PAPER NAPKINS,2,0.85,16335,United Kingdom
511046,2010-06-06 11:35:00,21989,PACK OF 20 SKULL PAPER NAPKINS,2,0.85,16335,United Kingdom
511046,2010-06-06 11:35:00,84987,SET OF 36 TEATIME PAPER DOILIES,3,1.45,16335,United Kingdom
511046,2010-06-06 11:35:00,22613,PACK OF 20 SPACEBOY NAPKINS,1,0.85,16335,United Kingdom
511046,2010-06-06 11:35:00,22416,36 DOILIES SPACEBOY DESIGN ,1,1.45,16335,United Kingdom
511046,2010-06-06 11:35:00,84988,SET OF 72 PINK HEART PAPER DOILIES,1,1.45,16335,United Kingdom
511046,2010-06-06 11:35:00,21211,SET OF 72 SKULL PAPER  DOILIES,2,1.45,16335,United Kingdom
511046,2010-06-06 11:35:00,21210,SET OF 72 RETRO SPOT PAPER  DOILIES,2,1.45,16335,United Kingdom
511046,2010-06-06 11:35:00,21972,SET OF 36 DINOSAUR PAPER DOILIES,1,1.45,16335,United Kingdom
511073,2010-06-06 13:42:00,22413,METAL SIGN TAKE IT OR LEAVE IT ,2,2.95,13614,United Kingdom
511073,2010-06-06 13:42:00,21174,POTTERING IN THE SHED METAL SIGN,2,1.95,13614,United Kingdom
511073,2010-06-06 13:42:00,22431,WATERING CAN BLUE ELEPHANT,1,1.95,13614,United Kingdom
511073,2010-06-06 13:42:00,22502,PICNIC BASKET WICKER SMALL,2,4.25,13614,United Kingdom
511073,2010-06-06 13:42:00,22218,CAKE STAND LACE WHITE,1,4.25,13614,United Kingdom
511073,2010-06-06 13:42:00,22236,CAKE STAND 3 TIER MAGIC GARDEN,2,12.75,13614,United Kingdom
511073,2010-06-06 13:42:00,22461,SAVOY ART DECO CLOCK,2,12.75,13614,United Kingdom
511073,2010-06-06 13:42:00,22215,CAKE STAND WHITE TWO TIER LACE,2,8.5,13614,United Kingdom
511073,2010-06-06 13:42:00,21166,COOK WITH WINE METAL SIGN ,2,1.95,13614,United Kingdom
511073,2010-06-06 13:42:00,22115,METAL SIGN EMPIRE TEA,3,2.95,13614,United Kingdom
511073,2010-06-06 13:42:00,21200,MULTICOLOUR HONEYCOMB PAPER GARLAND,2,1.65,13614,United Kingdom
511073,2010-06-06 13:42:00,21205,MULTICOLOUR 3D BALLS GARLAND,1,2.55,13614,United Kingdom
511073,2010-06-06 13:42:00,22084,PAPER CHAIN KIT EMPIRE,1,2.95,13614,United Kingdom
511073,2010-06-06 13:42:00,85017A,ENVELOPE 50 ROMANTIC IMAGES,2,0.85,13614,United Kingdom
511073,2010-06-06 13:42:00,21210,SET OF 72 RETRO SPOT PAPER  DOILIES,1,1.45,13614,United Kingdom
511073,2010-06-06 13:42:00,85049A,TRADITIONAL CHRISTMAS RIBBONS,1,1.25,13614,United Kingdom
511073,2010-06-06 13:42:00,21623,VINTAGE UNION JACK MEMOBOARD,2,9.95,13614,United Kingdom
511073,2010-06-06 13:42:00,21191,LARGE WHITE HONEYCOMB PAPER BELL  ,2,2.1,13614,United Kingdom
511073,2010-06-06 13:42:00,21621,VINTAGE UNION JACK BUNTING,1,8.5,13614,United Kingdom
511073,2010-06-06 13:42:00,22459,CAST IRON HOOK GARDEN TROWEL,3,2.55,13614,United Kingdom
511073,2010-06-06 13:42:00,22172,METAL SHELF WITH RAIL ,2,8.5,13614,United Kingdom
511073,2010-06-06 13:42:00,22458,CAST IRON HOOK GARDEN FORK,3,2.55,13614,United Kingdom
511073,2010-06-06 13:42:00,22516,CHILDS GARDEN RAKE BLUE,2,2.1,13614,United Kingdom
511073,2010-06-06 13:42:00,22518,CHILDS GARDEN BRUSH BLUE,3,2.1,13614,United Kingdom
511073,2010-06-06 13:42:00,21248,DOOR HANGER  MUM + DADS ROOM,3,1.45,13614,United Kingdom
511073,2010-06-06 13:42:00,21163,DO NOT TOUCH MY STUFF DOOR HANGER ,1,1.45,13614,United Kingdom
511073,2010-06-06 13:42:00,22719,GUMBALL MONOCHROME COAT RACK,3,1.25,13614,United Kingdom
511073,2010-06-06 13:42:00,22607,WOODEN ROUNDERS GARDEN SET ,1,8.5,13614,United Kingdom
511073,2010-06-06 13:42:00,22605,WOODEN CROQUET GARDEN SET,1,12.75,13614,United Kingdom
511073,2010-06-06 13:42:00,22517,CHILDS GARDEN RAKE PINK,2,2.1,13614,United Kingdom
511073,2010-06-06 13:42:00,22515,CHILDS GARDEN SPADE PINK,2,2.1,13614,United Kingdom
511073,2010-06-06 13:42:00,22519,CHILDS GARDEN BRUSH PINK,2,2.1,13614,United Kingdom
511073,2010-06-06 13:42:00,21429,RED GINGHAM ROSE JEWELLERY BOX,2,1.65,13614,United Kingdom
511073,2010-06-06 13:42:00,21431,GREEN GINGHAM FLOWER JEWELLERY BOX,2,1.65,13614,United Kingdom
511073,2010-06-06 13:42:00,37449,CERAMIC CAKE STAND + HANGING CAKES,1,9.95,13614,United Kingdom
511073,2010-06-06 13:42:00,22223,CAKE PLATE LOVEBIRD PINK,1,4.95,13614,United Kingdom
511073,2010-06-06 13:42:00,21164,HOME SWEET HOME METAL SIGN ,9,2.95,13614,United Kingdom
511073,2010-06-06 13:42:00,21163,DO NOT TOUCH MY STUFF DOOR HANGER ,1,1.45,13614,United Kingdom
511073,2010-06-06 13:42:00,21160,KEEP OUT GIRLS DOOR HANGER ,2,1.45,13614,United Kingdom
511073,2010-06-06 13:42:00,21158,MOODY GIRL DOOR HANGER ,2,1.45,13614,United Kingdom
511073,2010-06-06 13:42:00,21159,MOODY BOY  DOOR HANGER ,2,1.45,13614,United Kingdom
511073,2010-06-06 13:42:00,21162,TOXIC AREA  DOOR HANGER ,3,1.45,13614,United Kingdom
511073,2010-06-06 13:42:00,22514,CHILDS GARDEN SPADE BLUE,2,2.1,13614,United Kingdom
511073,2010-06-06 13:42:00,21878,PACK OF 6 SANDCASTLE FLAGS ASSORTED,1,0.85,13614,United Kingdom
511209,2010-06-07 12:18:00,79321,CHILLI LIGHTS,2,4.95,16719,United Kingdom
511209,2010-06-07 12:18:00,22486,PLASMATRONIC LAMP,2,12.75,16719,United Kingdom
511209,2010-06-07 12:18:00,22607,WOODEN ROUNDERS GARDEN SET ,1,8.5,16719,United Kingdom
511209,2010-06-07 12:18:00,22606,WOODEN SKITTLES GARDEN SET,1,15.95,16719,United Kingdom
511209,2010-06-07 12:18:00,85099B,JUMBO BAG RED RETROSPOT,1,1.95,16719,United Kingdom
511209,2010-06-07 12:18:00,21497,FANCY FONTS BIRTHDAY WRAP,25,0.42,16719,United Kingdom
511209,2010-06-07 12:18:00,22704,WRAP RED APPLES ,25,0.42,16719,United Kingdom
511209,2010-06-07 12:18:00,16161P,WRAP ENGLISH ROSE ,25,0.42,16719,United Kingdom
511209,2010-06-07 12:18:00,21888,BINGO SET,1,3.75,16719,United Kingdom
511209,2010-06-07 12:18:00,22415,WHITE TISSUE REAM,1,7.95,16719,United Kingdom
511209,2010-06-07 12:18:00,79320,FLAMINGO LIGHTS,1,4.95,16719,United Kingdom
511209,2010-06-07 12:18:00,22584,PACK OF 6 PANNETONE GIFT BOXES,2,2.55,16719,United Kingdom
511209,2010-06-07 12:18:00,20750,RED/WHITE DOT MINI CASES,2,7.95,16719,United Kingdom
511209,2010-06-07 12:18:00,17003,BROCADE RING PURSE ,36,0.21,16719,United Kingdom
511209,2010-06-07 12:18:00,20829,GLITTER HANGING BUTTERFLY STRING,2,2.1,16719,United Kingdom
511209,2010-06-07 12:18:00,21891,TRADITIONAL WOODEN SKIPPING ROPE,1,1.25,16719,United Kingdom
511209,2010-06-07 12:18:00,22502,PICNIC BASKET WICKER SMALL,1,4.25,16719,United Kingdom
511209,2010-06-07 12:18:00,20828,GLITTER BUTTERFLY CLIPS,2,2.55,16719,United Kingdom
511209,2010-06-07 12:18:00,22622,BOX OF VINTAGE ALPHABET BLOCKS,2,9.95,16719,United Kingdom
511209,2010-06-07 12:18:00,21307,SET/4 BUTTERFLY MIRROR MAGNETS,1,2.1,16719,United Kingdom
511209,2010-06-07 12:18:00,21311,SET/4 BIRD MIRROR MAGNETS ,1,2.1,16719,United Kingdom
511209,2010-06-07 12:18:00,79000,MOROCCAN TEA GLASS,12,0.85,16719,United Kingdom
511209,2010-06-07 12:18:00,20749,ASSORTED COLOUR MINI CASES,2,7.95,16719,United Kingdom
511306,2010-06-07 15:57:00,22561,WOODEN SCHOOL COLOURING SET,24,1.65,17588,United Kingdom
511306,2010-06-07 15:57:00,72351A,SET/6 TURQUOISE BUTTERFLY T-LIGHTS,4,2.1,17588,United Kingdom
511306,2010-06-07 15:57:00,72351B,SET/6 PINK  BUTTERFLY T-LIGHTS,4,2.1,17588,United Kingdom
511306,2010-06-07 15:57:00,72349B,SET/6 PURPLE BUTTERFLY T-LIGHTS,8,2.1,17588,United Kingdom
511306,2010-06-07 15:57:00,75013B,"STRING OF 8 BUTTERFLIES,PINK",12,1.65,17588,United Kingdom
511306,2010-06-07 15:57:00,79532,MOSAIC GLASS BALL CANDLEHOLDER,24,1.25,17588,United Kingdom
511306,2010-06-07 15:57:00,82483,WOOD 2 DRAWER CABINET WHITE FINISH,4,5.95,17588,United Kingdom
511306,2010-06-07 15:57:00,71477,COLOUR GLASS. STAR T-LIGHT HOLDER,48,2.75,17588,United Kingdom
511306,2010-06-07 15:57:00,22491,PACK OF 12 COLOURED PENCILS,12,0.85,17588,United Kingdom
511306,2010-06-07 15:57:00,85024B,EAU DE NILE JEWELLED PHOTOFRAME,6,1.65,17588,United Kingdom
511306,2010-06-07 15:57:00,48187,DOOR MAT NEW ENGLAND,10,6.35,17588,United Kingdom
511306,2010-06-07 15:57:00,21463,MIRRORED DISCO BALL ,4,5.95,17588,United Kingdom
511306,2010-06-07 15:57:00,84077,WORLD WAR 2 GLIDERS ASSTD DESIGNS,48,0.21,17588,United Kingdom
511306,2010-06-07 15:57:00,48116,DOOR MAT MULTICOLOUR STRIPE,10,6.35,17588,United Kingdom
511306,2010-06-07 15:57:00,48194,DOOR MAT HEARTS,10,6.35,17588,United Kingdom
511306,2010-06-07 15:57:00,85024C,PINK SMALL JEWELLED PHOTOFRAME,6,1.65,17588,United Kingdom
511306,2010-06-07 15:57:00,20685,DOOR MAT RED SPOT,1,7.49,17588,United Kingdom
511306,2010-06-07 15:57:00,48173C,DOOR MAT BLACK FLOCK ,2,7.49,17588,United Kingdom
511306,2010-06-07 15:57:00,82486,WOOD S/3 CABINET ANT WHITE FINISH,4,7.95,17588,United Kingdom
511306,2010-06-07 15:57:00,21524,DOOR MAT SPOTTY HOME SWEET HOME,2,7.49,17588,United Kingdom
511679,2010-06-09 15:15:00,71477,COLOUR GLASS. STAR T-LIGHT HOLDER,24,2.75,16199,United Kingdom
511845,2010-06-10 18:45:00,22528,GARDENERS KNEELING PAD,24,1.25,16168,United Kingdom
511846,2010-06-10 18:46:00,21464,DISCO BALL ROTATOR BATTERY OPERATED,2,4.25,16168,United Kingdom
511846,2010-06-10 18:46:00,21463,MIRRORED DISCO BALL ,2,5.95,16168,United Kingdom
511846,2010-06-10 18:46:00,21876,POTTERING MUG,12,1.25,16168,United Kingdom
511846,2010-06-10 18:46:00,22087,PAPER BUNTING WHITE LACE,12,2.95,16168,United Kingdom
511846,2010-06-10 18:46:00,22487,WHITE WOOD GARDEN PLANT LADDER,2,9.95,16168,United Kingdom
511886,2010-06-11 10:47:00,22224,WHITE LOVEBIRD LANTERN,32,2.55,16191,United Kingdom
511886,2010-06-11 10:47:00,84406B,CREAM CUPID HEARTS COAT HANGER,32,2.75,16191,United Kingdom
511886,2010-06-11 10:47:00,84792,ENCHANTED BIRD COATHANGER 5 HOOK,24,3.81,16191,United Kingdom
511886,2010-06-11 10:47:00,22341,LOVE GARLAND PAINTED ZINC ,12,1.65,16191,United Kingdom
511886,2010-06-11 10:47:00,84849B,FAIRY SOAP SOAP HOLDER,96,1.45,16191,United Kingdom
511886,2010-06-11 10:47:00,21186,WHITE DOVE HONEYCOMB PAPER GARLAND,48,1.45,16191,United Kingdom
511886,2010-06-11 10:47:00,22245,"HOOK, 1 HANGER ,MAGIC GARDEN",12,0.85,16191,United Kingdom
511886,2010-06-11 10:47:00,22245,"HOOK, 1 HANGER ,MAGIC GARDEN",12,0.85,16191,United Kingdom
511886,2010-06-11 10:47:00,22179,SET 10 LIGHTS NIGHT OWL,24,5.95,16191,United Kingdom
511886,2010-06-11 10:47:00,22030,SWALLOWS GREETING CARD,72,0.36,16191,United Kingdom
511886,2010-06-11 10:47:00,22178,VICTORIAN GLASS HANGING T-LIGHT,114,1.06,16191,United Kingdom
511886,2010-06-11 10:47:00,22381,TOY TIDY PINK RETROSPOT  ,5,2.1,16191,United Kingdom
511886,2010-06-11 10:47:00,22423,REGENCY CAKESTAND 3 TIER,2,12.75,16191,United Kingdom
511886,2010-06-11 10:47:00,84078A,SET/4 WHITE RETRO STORAGE CUBES ,1,39.95,16191,United Kingdom
511886,2010-06-11 10:47:00,22224,WHITE LOVEBIRD LANTERN,12,2.95,16191,United Kingdom
511886,2010-06-11 10:47:00,22028,PENNY FARTHING BIRTHDAY CARD,72,0.36,16191,United Kingdom
511886,2010-06-11 10:47:00,71477,COLOUR GLASS. STAR T-LIGHT HOLDER,48,2.75,16191,United Kingdom
511886,2010-06-11 10:47:00,21669,BLUE STRIPE CERAMIC DRAWER KNOB,96,1.06,16191,United Kingdom
511886,2010-06-11 10:47:00,21668,RED STRIPE CERAMIC DRAWER KNOB,96,1.06,16191,United Kingdom
511886,2010-06-11 10:47:00,22465,HANGING METAL STAR LANTERN,24,1.65,16191,United Kingdom
511886,2010-06-11 10:47:00,22464,HANGING METAL HEART LANTERN,24,1.65,16191,United Kingdom
511886,2010-06-11 10:47:00,21681,GIANT MEDINA STAMPED METAL BOWL ,2,9.95,16191,United Kingdom
511886,2010-06-11 10:47:00,21765,HANGING METAL BIRD BATH,12,7.35,16191,United Kingdom
511886,2010-06-11 10:47:00,22219,LOVEBIRD HANGING DECORATION WHITE ,24,0.85,16191,United Kingdom
511886,2010-06-11 10:47:00,22488,NATURAL SLATE RECTANGLE CHALKBOARD,12,1.65,16191,United Kingdom
511886,2010-06-11 10:47:00,22429,ENAMEL MEASURING JUG CREAM,4,4.25,16191,United Kingdom
511886,2010-06-11 10:47:00,22427,ENAMEL FLOWER JUG CREAM,3,5.95,16191,United Kingdom
511886,2010-06-11 10:47:00,21673,WHITE SPOT BLUE CERAMIC DRAWER KNOB,96,1.06,16191,United Kingdom
511886,2010-06-11 10:47:00,21672,WHITE SPOT RED CERAMIC DRAWER KNOB,96,1.06,16191,United Kingdom
511886,2010-06-11 10:47:00,21671,RED SPOT CERAMIC DRAWER KNOB,96,1.06,16191,United Kingdom
511886,2010-06-11 10:47:00,21670,BLUE SPOT CERAMIC DRAWER KNOB,96,1.06,16191,United Kingdom
511886,2010-06-11 10:47:00,85063,CREAM SWEETHEART MAGAZINE RACK,6,14.95,16191,United Kingdom
512260,2010-06-14 13:06:00,22365,DOOR MAT RESPECTABLE HOUSE,1,7.49,15016,United Kingdom
512260,2010-06-14 13:06:00,47566,PARTY BUNTING,1,4.65,15016,United Kingdom
512260,2010-06-14 13:06:00,21360,JOY LARGE WOOD LETTERS,1,9.95,15016,United Kingdom
512260,2010-06-14 13:06:00,21080,SET/20 RED SPOTTY PAPER NAPKINS ,4,0.85,15016,United Kingdom
512260,2010-06-14 13:06:00,20828,GLITTER BUTTERFLY CLIPS,2,2.55,15016,United Kingdom
512260,2010-06-14 13:06:00,15044A,PINK PAPER PARASOL ,1,2.95,15016,United Kingdom
512260,2010-06-14 13:06:00,48187,DOOR MAT NEW ENGLAND,1,7.49,15016,United Kingdom
512260,2010-06-14 13:06:00,72800F,4 IVORY DINNER CANDLES GOLD FLOCK,1,2.55,15016,United Kingdom
512260,2010-06-14 13:06:00,21559,STRAWBERRY LUNCH BOX WITH CUTLERY,1,2.55,15016,United Kingdom
512260,2010-06-14 13:06:00,84949,SILVER HANGING T-LIGHT HOLDER,6,1.65,15016,United Kingdom
512260,2010-06-14 13:06:00,20770,ABSTRACT CIRCLE JOURNAL ,1,2.55,15016,United Kingdom
512260,2010-06-14 13:06:00,21247,SET OF RED SALAD SERVERS ,1,1.49,15016,United Kingdom
512260,2010-06-14 13:06:00,21086,SET/6 RED SPOTTY PAPER CUPS,11,0.65,15016,United Kingdom
512260,2010-06-14 13:06:00,21811,CHRISTMAS HANGING HEART WITH BELL,3,1.25,15016,United Kingdom
512260,2010-06-14 13:06:00,48184,DOOR MAT ENGLISH ROSE ,1,7.49,15016,United Kingdom
512260,2010-06-14 13:06:00,15056N,EDWARDIAN PARASOL NATURAL,1,5.95,15016,United Kingdom
512260,2010-06-14 13:06:00,21034,REX CASH+CARRY JUMBO SHOPPER,2,0.95,15016,United Kingdom
512260,2010-06-14 13:06:00,21324,HANGING MEDINA LANTERN SMALL,2,2.95,15016,United Kingdom
512260,2010-06-14 13:06:00,85047,WHITE BEADED GARLAND STRING 20LIGHT,1,6.35,15016,United Kingdom
512260,2010-06-14 13:06:00,84422,PINK/BLUE DISC/MIRROR STRING,1,0.85,15016,United Kingdom
512260,2010-06-14 13:06:00,20751,FUNKY WASHING UP GLOVES ASSORTED,3,2.1,15016,United Kingdom
512260,2010-06-14 13:06:00,21095,SET/6 POSIES PAPER PLATES,2,0.85,15016,United Kingdom
512260,2010-06-14 13:06:00,21166,COOK WITH WINE METAL SIGN ,2,1.95,15016,United Kingdom
512260,2010-06-14 13:06:00,21175,GIN + TONIC DIET METAL SIGN,1,2.1,15016,United Kingdom
512260,2010-06-14 13:06:00,20772,GARDEN PATH JOURNAL,1,2.55,15016,United Kingdom
512260,2010-06-14 13:06:00,22341,LOVE GARLAND PAINTED ZINC ,1,1.65,15016,United Kingdom
512260,2010-06-14 13:06:00,21247,SET OF RED SALAD SERVERS ,1,1.49,15016,United Kingdom
512260,2010-06-14 13:06:00,84978,HANGING HEART JAR T-LIGHT HOLDER,3,1.25,15016,United Kingdom
512260,2010-06-14 13:06:00,84763,ZINC FINISH 15CM PLANTER POTS,3,1.25,15016,United Kingdom
512260,2010-06-14 13:06:00,85123A,WHITE HANGING HEART T-LIGHT HOLDER,3,2.95,15016,United Kingdom
512260,2010-06-14 13:06:00,21095,SET/6 POSIES PAPER PLATES,6,0.85,15016,United Kingdom
512260,2010-06-14 13:06:00,85049A,TRADITIONAL CHRISTMAS RIBBONS,1,1.25,15016,United Kingdom
512587,2010-06-16 15:55:00,48187,DOOR MAT NEW ENGLAND,2,7.49,14198,United Kingdom
512587,2010-06-16 15:55:00,48111,DOOR MAT 3 SMILEY CATS,2,7.49,14198,United Kingdom
512587,2010-06-16 15:55:00,46000P,POLYESTER FILLER PAD 65CMx65CM,3,4.25,14198,United Kingdom
512587,2010-06-16 15:55:00,21642,ASSORTED TUTTI FRUTTI PEN,24,0.85,14198,United Kingdom
512587,2010-06-16 15:55:00,84616,SILVER ROCCOCO CHANDELIER,1,29.95,14198,United Kingdom
512587,2010-06-16 15:55:00,84839,SWEETHEART KEY CABINET,2,6.75,14198,United Kingdom
512587,2010-06-16 15:55:00,82494L,WOODEN FRAME ANTIQUE WHITE ,6,2.95,14198,United Kingdom
512587,2010-06-16 15:55:00,82486,WOOD S/3 CABINET ANT WHITE FINISH,2,7.95,14198,United Kingdom
512587,2010-06-16 15:55:00,84945,MULTI COLOUR SILVER T-LIGHT HOLDER,12,0.85,14198,United Kingdom
512587,2010-06-16 15:55:00,84970S,HANGING HEART ZINC T-LIGHT HOLDER,12,0.85,14198,United Kingdom
512587,2010-06-16 15:55:00,22423,REGENCY CAKESTAND 3 TIER,2,12.75,14198,United Kingdom
513202,2010-06-22 17:06:00,22460,EMBOSSED GLASS TEALIGHT HOLDER,12,1.25,14682,United Kingdom
513202,2010-06-22 17:06:00,72741,GRAND CHOCOLATECANDLE,9,1.45,14682,United Kingdom
513202,2010-06-22 17:06:00,84946,ANTIQUE SILVER TEA GLASS ETCHED,12,1.25,14682,United Kingdom
513202,2010-06-22 17:06:00,79000,MOROCCAN TEA GLASS,12,0.85,14682,United Kingdom
513202,2010-06-22 17:06:00,84520B,PACK 20 ENGLISH ROSE PAPER NAPKINS,12,0.85,14682,United Kingdom
513202,2010-06-22 17:06:00,84969,ASSORTED COLOUR SET 6 TEASPOONS,6,4.25,14682,United Kingdom
513202,2010-06-22 17:06:00,22423,REGENCY CAKESTAND 3 TIER,2,12.75,14682,United Kingdom
513202,2010-06-22 17:06:00,21469,POLKA DOT RAFFIA FOOD COVER,6,3.75,14682,United Kingdom
513309,2010-06-23 14:59:00,85099B,JUMBO BAG RED RETROSPOT,10,1.95,14623,United Kingdom
513309,2010-06-23 14:59:00,85099C,JUMBO  BAG BAROQUE BLACK WHITE,10,1.95,14623,United Kingdom
513309,2010-06-23 14:59:00,21467,CHERRY CROCHET FOOD COVER,6,3.75,14623,United Kingdom
513309,2010-06-23 14:59:00,21472,LADYBIRD + BEE RAFFIA FOOD COVER,6,3.75,14623,United Kingdom
513309,2010-06-23 14:59:00,22072,RED RETROSPOT TEA CUP AND SAUCER ,4,3.75,14623,United Kingdom
513309,2010-06-23 14:59:00,22303,COFFEE MUG APPLES DESIGN,6,2.55,14623,United Kingdom
513309,2010-06-23 14:59:00,22269,EGG CUP NATURAL CHICKEN,8,1.25,14623,United Kingdom
513309,2010-06-23 14:59:00,85065,CREAM SWEETHEART TRAYS,1,12.75,14623,United Kingdom
513309,2010-06-23 14:59:00,22073,RED RETROSPOT STORAGE JAR,4,3.75,14623,United Kingdom
513309,2010-06-23 14:59:00,21777,RECIPE BOX WITH METAL HEART,2,7.95,14623,United Kingdom
513309,2010-06-23 14:59:00,21155,RED SPOTTY PEG BAG,6,2.1,14623,United Kingdom
513309,2010-06-23 14:59:00,85132A,CHARLIE + LOLA BISCUITS TINS,1,9.95,14623,United Kingdom
513309,2010-06-23 14:59:00,22138,BAKING SET 9 PIECE RETROSPOT ,3,4.95,14623,United Kingdom
513309,2010-06-23 14:59:00,22627,MINT KITCHEN SCALES,2,8.5,14623,United Kingdom
513309,2010-06-23 14:59:00,22625,RED KITCHEN SCALES,2,8.5,14623,United Kingdom
513309,2010-06-23 14:59:00,84828,JUNGLE POPSICLES ICE LOLLY HOLDERS,12,1.25,14623,United Kingdom
513309,2010-06-23 14:59:00,22444,GROW YOUR OWN PLANT IN A CAN ,48,1.25,14623,United Kingdom
513309,2010-06-23 14:59:00,21442,GREEN BIRDHOUSE DECORATION,12,0.85,14623,United Kingdom
513309,2010-06-23 14:59:00,22558,CLOTHES PEGS RETROSPOT PACK 24 ,12,1.25,14623,United Kingdom
513393,2010-06-24 11:42:00,85099B,JUMBO BAG RED RETROSPOT,10,1.95,16168,United Kingdom
513393,2010-06-24 11:42:00,48138,DOOR MAT UNION FLAG,10,6.35,16168,United Kingdom
513393,2010-06-24 11:42:00,22625,RED KITCHEN SCALES,2,8.5,16168,United Kingdom
513393,2010-06-24 11:42:00,22627,MINT KITCHEN SCALES,2,8.5,16168,United Kingdom
513393,2010-06-24 11:42:00,20725,LUNCH BAG RED SPOTTY,10,1.65,16168,United Kingdom
513393,2010-06-24 11:42:00,21936,RED RETROSPOT PICNIC BAG,5,2.95,16168,United Kingdom
513393,2010-06-24 11:42:00,22384,LUNCH BAG PINK RETROSPOT,10,1.65,16168,United Kingdom
513393,2010-06-24 11:42:00,22624,IVORY KITCHEN SCALES,2,8.5,16168,United Kingdom
513393,2010-06-24 11:42:00,84032A,CHARLIE+LOLA PINK HOT WATER BOTTLE,6,2.95,16168,United Kingdom
513393,2010-06-24 11:42:00,20727,LUNCH BAG  BLACK SKULL.,10,1.65,16168,United Kingdom
513393,2010-06-24 11:42:00,20726,LUNCH BAG WOODLAND,10,1.65,16168,United Kingdom
513393,2010-06-24 11:42:00,22382,LUNCH BAG SPACEBOY DESIGN ,10,1.65,16168,United Kingdom
513393,2010-06-24 11:42:00,22567,20 DOLLY PEGS RETROSPOT,12,1.25,16168,United Kingdom
513393,2010-06-24 11:42:00,21937,STRAWBERRY   PICNIC BAG,5,2.95,16168,United Kingdom
513393,2010-06-24 11:42:00,21658,GLASS  BEURRE DISH,4,3.95,16168,United Kingdom
513622,2010-06-27 12:59:00,16156S,WRAP PINK FAIRY CAKES ,200,0.34,16563,United Kingdom
513622,2010-06-27 12:59:00,16161P,WRAP ENGLISH ROSE ,25,0.42,16563,United Kingdom
513622,2010-06-27 12:59:00,22303,COFFEE MUG APPLES DESIGN,6,2.55,16563,United Kingdom
513622,2010-06-27 12:59:00,22304,COFFEE MUG BLUE PAISLEY DESIGN,6,2.55,16563,United Kingdom
513622,2010-06-27 12:59:00,22585,PACK OF 6 BIRDY GIFT TAGS,72,1.25,16563,United Kingdom
513622,2010-06-27 12:59:00,84879,ASSORTED COLOUR BIRD ORNAMENT,8,1.69,16563,United Kingdom
513622,2010-06-27 12:59:00,82001S,VINYL RECORD FRAME SILVER,24,3.39,16563,United Kingdom
513622,2010-06-27 12:59:00,21137,BLACK RECORD COVER FRAME,24,3.39,16563,United Kingdom
513622,2010-06-27 12:59:00,85123A,WHITE HANGING HEART T-LIGHT HOLDER,32,2.55,16563,United Kingdom
513638,2010-06-27 13:49:00,40016,CHINESE DRAGON PAPER LANTERNS,24,0.42,16168,United Kingdom
513638,2010-06-27 13:49:00,40018F,CHERRY DESIGN PAPERLANTERNS,80,1.69,16168,United Kingdom
513638,2010-06-27 13:49:00,22487,WHITE WOOD GARDEN PLANT LADDER,2,9.95,16168,United Kingdom
513638,2010-06-27 13:49:00,47504K,ENGLISH ROSE GARDEN SECATEURS,12,1.95,16168,United Kingdom
513785,2010-06-28 14:40:00,21494,ROTATING LEAVES T-LIGHT HOLDER,120,1.06,16168,United Kingdom
513785,2010-06-28 14:40:00,85042,ANTIQUE LILY FAIRY LIGHTS,8,4.95,16168,United Kingdom
513785,2010-06-28 14:40:00,85047,WHITE BEADED GARLAND STRING 20LIGHT,9,6.35,16168,United Kingdom
513902,2010-06-29 12:07:00,37449,CERAMIC CAKE STAND + HANGING CAKES,8,8.5,17342,United Kingdom
513902,2010-06-29 12:07:00,22170,PICTURE FRAME WOOD TRIPLE PORTRAIT,12,5.95,17342,United Kingdom
513902,2010-06-29 12:07:00,22607,WOODEN ROUNDERS GARDEN SET ,2,8.5,17342,United Kingdom
513902,2010-06-29 12:07:00,84991,60 TEATIME FAIRY CAKE CASES,24,0.55,17342,United Kingdom
513902,2010-06-29 12:07:00,22507,MEMO BOARD RETROSPOT  DESIGN,4,4.95,17342,United Kingdom
513902,2010-06-29 12:07:00,22305,COFFEE MUG PINK PAISLEY DESIGN,6,2.55,17342,United Kingdom
513902,2010-06-29 12:07:00,85216,ASSORTED CAKES FRIDGE MAGNETS,120,0.53,17342,United Kingdom
513902,2010-06-29 12:07:00,22644,CERAMIC CHERRY CAKE MONEY BANK,12,1.45,17342,United Kingdom
513902,2010-06-29 12:07:00,22304,COFFEE MUG BLUE PAISLEY DESIGN,6,2.55,17342,United Kingdom
513950,2010-06-29 13:52:00,20671,BLUE TEATIME PRINT BOWL ,16,1.25,15425,United Kingdom
513950,2010-06-29 13:52:00,47591D,PINK FAIRY CAKE CHILD'S APRON,24,1.95,15425,United Kingdom
513950,2010-06-29 13:52:00,47559B,TEA TIME OVEN GLOVE,24,1.25,15425,United Kingdom
513950,2010-06-29 13:52:00,47579,TEA TIME BREAKFAST BASKET,12,2.1,15425,United Kingdom
513950,2010-06-29 13:52:00,37502,TEA TIME MUG IN GIFT BOX,12,2.95,15425,United Kingdom
513950,2010-06-29 13:52:00,47570B,TEA TIME TABLE CLOTH,4,10.65,15425,United Kingdom
513950,2010-06-29 13:52:00,22384,LUNCH BAG PINK RETROSPOT,10,1.65,15425,United Kingdom
513950,2010-06-29 13:52:00,82581,TOILET METAL SIGN,12,0.55,15425,United Kingdom
513950,2010-06-29 13:52:00,82580,BATHROOM METAL SIGN,12,0.55,15425,United Kingdom
513950,2010-06-29 13:52:00,21902,"KEY FOB , FRONT  DOOR ",24,0.65,15425,United Kingdom
513950,2010-06-29 13:52:00,21901,"KEY FOB , BACK DOOR ",24,0.65,15425,United Kingdom
513950,2010-06-29 13:52:00,22382,LUNCH BAG SPACEBOY DESIGN ,10,1.65,15425,United Kingdom
514026,2010-06-30 11:32:00,37448,CERAMIC CAKE DESIGN SPOTTED MUG,12,1.49,17676,United Kingdom
514026,2010-06-30 11:32:00,22294,HEART FILIGREE DOVE  SMALL,24,1.25,17676,United Kingdom
514026,2010-06-30 11:32:00,22059,CERAMIC STRWBERRY DESIGN MUG,12,1.49,17676,United Kingdom
514026,2010-06-30 11:32:00,21877,HOME SWEET HOME MUG,12,1.25,17676,United Kingdom
514026,2010-06-30 11:32:00,20675,BLUE SPOTTY BOWL,8,1.25,17676,United Kingdom
514026,2010-06-30 11:32:00,22623,BOX OF VINTAGE JIGSAW BLOCKS ,3,4.95,17676,United Kingdom
514026,2010-06-30 11:32:00,21213,PACK OF 72 SKULL CAKE CASES,24,0.55,17676,United Kingdom
514026,2010-06-30 11:32:00,21212,PACK OF 72 RETRO SPOT CAKE CASES,24,0.55,17676,United Kingdom
514026,2010-06-30 11:32:00,84375,SET OF 20 KIDS COOKIE CUTTERS,12,1.95,17676,United Kingdom
514026,2010-06-30 11:32:00,84270,ASSTD DESIGN BUBBLE GUM RING,30,0.21,17676,United Kingdom
514026,2010-06-30 11:32:00,15036,ASSORTED COLOURS SILK FAN,24,0.75,17676,United Kingdom
514026,2010-06-30 11:32:00,22533,MAGIC DRAWING SLATE BAKE A CAKE ,48,0.42,17676,United Kingdom
514026,2010-06-30 11:32:00,22356,CHARLOTTE BAG PINK WITH WHITE SPOTS,10,0.85,17676,United Kingdom
514026,2010-06-30 11:32:00,20719,WOODLAND CHARLOTTE BAG,10,0.85,17676,United Kingdom
514026,2010-06-30 11:32:00,22383,LUNCH BAG SUKI  DESIGN ,10,1.65,17676,United Kingdom
514026,2010-06-30 11:32:00,22382,LUNCH BAG SPACEBOY DESIGN ,10,1.65,17676,United Kingdom
514026,2010-06-30 11:32:00,20727,LUNCH BAG  BLACK SKULL.,10,1.65,17676,United Kingdom
514026,2010-06-30 11:32:00,20723,STRAWBERRY CHARLOTTE BAG,10,0.85,17676,United Kingdom
514026,2010-06-30 11:32:00,47591D,PINK FAIRY CAKE CHILD'S APRON,8,1.95,17676,United Kingdom
514026,2010-06-30 11:32:00,21164,HOME SWEET HOME METAL SIGN ,6,2.95,17676,United Kingdom
514026,2010-06-30 11:32:00,22492,MINI PAINT SET VINTAGE ,36,0.65,17676,United Kingdom
514134,2010-06-30 13:28:00,22412,METAL SIGN NEIGHBOURHOOD WITCH ,3,2.1,14584,United Kingdom
514134,2010-06-30 13:28:00,22413,METAL SIGN TAKE IT OR LEAVE IT ,4,2.95,14584,United Kingdom
514134,2010-06-30 13:28:00,21166,COOK WITH WINE METAL SIGN ,5,1.95,14584,United Kingdom
514134,2010-06-30 13:28:00,21171,BATHROOM METAL SIGN ,5,1.45,14584,United Kingdom
514134,2010-06-30 13:28:00,21904,HOUSE WRECKING METAL SIGN ,3,2.1,14584,United Kingdom
514134,2010-06-30 13:28:00,21165,BEWARE OF THE CAT METAL SIGN ,6,1.69,14584,United Kingdom
514134,2010-06-30 13:28:00,82494L,WOODEN FRAME ANTIQUE WHITE ,6,2.95,14584,United Kingdom
514134,2010-06-30 13:28:00,21174,POTTERING IN THE SHED METAL SIGN,4,1.95,14584,United Kingdom
514134,2010-06-30 13:28:00,21172,PARTY METAL SIGN ,5,1.45,14584,United Kingdom
514134,2010-06-30 13:28:00,21903,MAN FLU METAL SIGN,3,2.1,14584,United Kingdom
514134,2010-06-30 13:28:00,22564,ALPHABET STENCIL CRAFT,3,1.25,14584,United Kingdom
514134,2010-06-30 13:28:00,85152,HAND OVER THE CHOCOLATE   SIGN ,5,2.1,14584,United Kingdom
514134,2010-06-30 13:28:00,21363,HOME SMALL WOOD LETTERS,1,4.95,14584,United Kingdom
514134,2010-06-30 13:28:00,82484,WOOD BLACK BOARD ANT WHITE FINISH,2,6.45,14584,United Kingdom
514134,2010-06-30 13:28:00,22118,JOY WOODEN BLOCK LETTERS,2,4.95,14584,United Kingdom
514134,2010-06-30 13:28:00,82578,KITCHEN METAL SIGN,3,0.55,14584,United Kingdom
514134,2010-06-30 13:28:00,82581,TOILET METAL SIGN,3,0.55,14584,United Kingdom
514134,2010-06-30 13:28:00,82580,BATHROOM METAL SIGN,3,0.55,14584,United Kingdom
514134,2010-06-30 13:28:00,21907,I'M ON HOLIDAY METAL SIGN,5,2.1,14584,United Kingdom
514364,2010-07-01 18:12:00,22435,SET OF 9 HEART SHAPED BALLOONS,2,1.25,17851,United Kingdom
514364,2010-07-01 18:12:00,22437,SET OF 9 BLACK SKULL BALLOONS,2,0.85,17851,United Kingdom
514364,2010-07-01 18:12:00,22434,BALLOON PUMP WITH 10 BALLOONS,1,1.95,17851,United Kingdom
514364,2010-07-01 18:12:00,21224,SET/4 SKULL BADGES,7,1.25,17851,United Kingdom
514364,2010-07-01 18:12:00,21541,DINOSAURS WATER TRANSFER TATTOOS ,12,0.85,17851,United Kingdom
514364,2010-07-01 18:12:00,22499,WOODEN UNION JACK BUNTING,1,5.95,17851,United Kingdom
514364,2010-07-01 18:12:00,22611,VINTAGE UNION JACK SHOPPING BAG,1,4.95,17851,United Kingdom
514364,2010-07-01 18:12:00,21207,SKULL AND CROSSBONES  GARLAND ,4,1.65,17851,United Kingdom
514364,2010-07-01 18:12:00,22586,FELTCRAFT HAIRBAND PINK AND BLUE,6,0.85,17851,United Kingdom
514364,2010-07-01 18:12:00,20727,LUNCH BAG  BLACK SKULL.,1,1.65,17851,United Kingdom
514364,2010-07-01 18:12:00,21625,VINTAGE UNION JACK APRON,2,6.95,17851,United Kingdom
514364,2010-07-01 18:12:00,21541,DINOSAURS WATER TRANSFER TATTOOS ,3,0.85,17851,United Kingdom
514364,2010-07-01 18:12:00,21211,SET OF 72 SKULL PAPER  DOILIES,1,1.45,17851,United Kingdom
514364,2010-07-01 18:12:00,22476,EMPIRE UNION JACK TV DINNER TRAY,1,4.95,17851,United Kingdom
514364,2010-07-01 18:12:00,84279P,CHERRY BLOSSOM  DECORATIVE FLASK,1,3.75,17851,United Kingdom
514364,2010-07-01 18:12:00,22473,TV DINNER TRAY VINTAGE PAISLEY,1,4.95,17851,United Kingdom
514364,2010-07-01 18:12:00,22625,RED KITCHEN SCALES,1,8.5,17851,United Kingdom
514364,2010-07-01 18:12:00,21781,MA CAMPAGNE CUTLERY BOX,1,14.95,17851,United Kingdom
514396,2010-07-02 12:04:00,82600,NO SINGING METAL SIGN,12,2.1,14699,United Kingdom
514396,2010-07-02 12:04:00,79067,CORONA MEXICAN TRAY,4,3.75,14699,United Kingdom
514396,2010-07-02 12:04:00,21429,RED GINGHAM ROSE JEWELLERY BOX,8,1.65,14699,United Kingdom
514396,2010-07-02 12:04:00,20866,BLUE ROSE FABRIC MIRROR,12,1.25,14699,United Kingdom
514396,2010-07-02 12:04:00,21100,CHARLIE AND LOLA CHARLOTTE BAG,10,1.65,14699,United Kingdom
514396,2010-07-02 12:04:00,20719,WOODLAND CHARLOTTE BAG,10,0.85,14699,United Kingdom
514396,2010-07-02 12:04:00,20712,JUMBO BAG WOODLAND ANIMALS,10,1.95,14699,United Kingdom
514396,2010-07-02 12:04:00,21165,BEWARE OF THE CAT METAL SIGN ,12,1.69,14699,United Kingdom
514396,2010-07-02 12:04:00,48138,DOORMAT UNION FLAG,2,7.49,14699,United Kingdom
514396,2010-07-02 12:04:00,72728,ROSE SCENT CANDLES IN GLASS,9,0.85,14699,United Kingdom
514396,2010-07-02 12:04:00,84970S,HANGING HEART ZINC T-LIGHT HOLDER,12,0.85,14699,United Kingdom
514396,2010-07-02 12:04:00,21323,HANGING MEDINA LANTERN LARGE,3,4.25,14699,United Kingdom
514396,2010-07-02 12:04:00,22114,HOT WATER BOTTLE TEA AND SYMPATHY,4,3.95,14699,United Kingdom
514396,2010-07-02 12:04:00,84032A,CHARLIE+LOLA PINK HOT WATER BOTTLE,6,2.95,14699,United Kingdom
514396,2010-07-02 12:04:00,84032B,CHARLIE + LOLA RED HOT WATER BOTTLE,6,2.95,14699,United Kingdom
514396,2010-07-02 12:04:00,22478,BIRDHOUSE GARDEN MARKER ,10,1.25,14699,United Kingdom
515259,2010-07-09 12:03:00,85063,CREAM SWEETHEART MAGAZINE RACK,1,16.95,13576,United Kingdom
515259,2010-07-09 12:03:00,82581,TOILET METAL SIGN,12,0.55,13576,United Kingdom
515259,2010-07-09 12:03:00,21422,PORCELAIN ROSE SMALL,16,0.85,13576,United Kingdom
515259,2010-07-09 12:03:00,21421,PORCELAIN ROSE LARGE ,12,1.25,13576,United Kingdom
515259,2010-07-09 12:03:00,82580,BATHROOM METAL SIGN,12,0.55,13576,United Kingdom
515259,2010-07-09 12:03:00,21172,PARTY METAL SIGN ,12,1.45,13576,United Kingdom
515259,2010-07-09 12:03:00,22427,ENAMEL FLOWER JUG CREAM,3,5.95,13576,United Kingdom
515259,2010-07-09 12:03:00,22041,"RECORD FRAME 7"" SINGLE SIZE ",48,2.1,13576,United Kingdom
515259,2010-07-09 12:03:00,20829,GLITTER HANGING BUTTERFLY STRING,8,2.1,13576,United Kingdom
515259,2010-07-09 12:03:00,20828,GLITTER BUTTERFLY CLIPS,12,2.55,13576,United Kingdom
515259,2010-07-09 12:03:00,21755,LOVE BUILDING BLOCK WORD,3,5.95,13576,United Kingdom
515259,2010-07-09 12:03:00,21754,HOME BUILDING BLOCK WORD,3,5.95,13576,United Kingdom
515259,2010-07-09 12:03:00,21137,BLACK RECORD COVER FRAME,48,3.39,13576,United Kingdom
515259,2010-07-09 12:03:00,21232,STRAWBERRY CERAMIC TRINKET BOX,24,1.25,13576,United Kingdom
515259,2010-07-09 12:03:00,22501,PICNIC BASKET WICKER LARGE,2,9.95,13576,United Kingdom
515259,2010-07-09 12:03:00,21231,SWEETHEART CERAMIC TRINKET BOX,24,1.25,13576,United Kingdom
515318,2010-07-11 11:53:00,71477,COLOUR GLASS. STAR T-LIGHT HOLDER,24,2.75,16199,United Kingdom
515416,2010-07-12 13:00:00,20728,LUNCH BAG CARS BLUE,10,1.65,16168,United Kingdom
515416,2010-07-12 13:00:00,22356,CHARLOTTE BAG PINK WITH WHITE SPOTS,10,0.85,16168,United Kingdom
515416,2010-07-12 13:00:00,21658,GLASS  BEURRE DISH,4,3.95,16168,United Kingdom
515416,2010-07-12 13:00:00,22382,LUNCH BAG SPACEBOY DESIGN ,20,1.65,16168,United Kingdom
515416,2010-07-12 13:00:00,20727,LUNCH BAG  BLACK SKULL.,20,1.65,16168,United Kingdom
515416,2010-07-12 13:00:00,21930,JUMBO STORAGE BAG SKULLS,10,1.95,16168,United Kingdom
515416,2010-07-12 13:00:00,85099B,JUMBO BAG RED RETROSPOT,10,1.95,16168,United Kingdom
515416,2010-07-12 13:00:00,20725,LUNCH BAG RED SPOTTY,20,1.65,16168,United Kingdom
515416,2010-07-12 13:00:00,22625,RED KITCHEN SCALES,2,8.5,16168,United Kingdom
515416,2010-07-12 13:00:00,22624,IVORY KITCHEN SCALES,4,8.5,16168,United Kingdom
515416,2010-07-12 13:00:00,20685,DOORMAT RED SPOT,10,6.35,16168,United Kingdom
515416,2010-07-12 13:00:00,22384,LUNCH BAG PINK RETROSPOT,20,1.65,16168,United Kingdom
515423,2010-07-12 13:26:00,21108,FAIRY CAKE FLANNEL ASSORTED COLOUR,18,2.55,17143,United Kingdom
515423,2010-07-12 13:26:00,22558,CLOTHES PEGS RETROSPOT PACK 24 ,3,1.25,17143,United Kingdom
515423,2010-07-12 13:26:00,22057,CERAMIC PLATE STRAWBERRY DESIGN,4,1.49,17143,United Kingdom
515423,2010-07-12 13:26:00,22055,MINI CAKE STAND  HANGING STRAWBERY,1,1.65,17143,United Kingdom
515423,2010-07-12 13:26:00,22064,PINK DOUGHNUT TRINKET POT ,2,1.65,17143,United Kingdom
515423,2010-07-12 13:26:00,21397,BLUE  SPOTTY EGG CUP ,12,1.25,17143,United Kingdom
515423,2010-07-12 13:26:00,22074,6 RIBBONS SHIMMERING PINKS ,2,1.65,17143,United Kingdom
515423,2010-07-12 13:26:00,85049H,URBAN BLACK RIBBONS ,2,1.25,17143,United Kingdom
515423,2010-07-12 13:26:00,22075,6 RIBBONS ELEGANT CHRISTMAS ,3,1.65,17143,United Kingdom
515423,2010-07-12 13:26:00,22077,6 RIBBONS RUSTIC CHARM,3,1.65,17143,United Kingdom
515423,2010-07-12 13:26:00,85049A,TRADITIONAL CHRISTMAS RIBBONS,3,1.25,17143,United Kingdom
515423,2010-07-12 13:26:00,85049G,CHOCOLATE BOX RIBBONS ,2,1.25,17143,United Kingdom
515423,2010-07-12 13:26:00,22074,6 RIBBONS SHIMMERING PINKS ,1,1.65,17143,United Kingdom
515423,2010-07-12 13:26:00,85049H,URBAN BLACK RIBBONS ,1,1.25,17143,United Kingdom
515423,2010-07-12 13:26:00,22078,RIBBON REEL LACE DESIGN ,4,2.1,17143,United Kingdom
515423,2010-07-12 13:26:00,47556B,TEA TIME TEA TOWELS ,3,2.95,17143,United Kingdom
515423,2010-07-12 13:26:00,85049G,CHOCOLATE BOX RIBBONS ,1,1.25,17143,United Kingdom
515423,2010-07-12 13:26:00,22624,IVORY KITCHEN SCALES,1,8.5,17143,United Kingdom
515423,2010-07-12 13:26:00,21109,"LARGE CAKE TOWEL, CHOCOLATE SPOTS",3,6.75,17143,United Kingdom
515423,2010-07-12 13:26:00,22649,STRAWBERRY FAIRY CAKE TEAPOT,1,4.95,17143,United Kingdom
515423,2010-07-12 13:26:00,79067,CORONA MEXICAN TRAY,3,3.75,17143,United Kingdom
515423,2010-07-12 13:26:00,84849D,HOT BATHS SOAP HOLDER,3,1.69,17143,United Kingdom
515423,2010-07-12 13:26:00,84849B,FAIRY SOAP SOAP HOLDER,3,1.69,17143,United Kingdom
515423,2010-07-12 13:26:00,22055,MINI CAKE STAND  HANGING STRAWBERY,2,1.65,17143,United Kingdom
515423,2010-07-12 13:26:00,22063,CERAMIC BOWL WITH STRAWBERRY DESIGN,2,2.95,17143,United Kingdom
515423,2010-07-12 13:26:00,22626,BLACK KITCHEN SCALES,1,8.5,17143,United Kingdom
515423,2010-07-12 13:26:00,22461,SAVOY ART DECO CLOCK,1,12.75,17143,United Kingdom
515423,2010-07-12 13:26:00,20914,SET/5 RED SPOTTY LID GLASS BOWLS,3,2.95,17143,United Kingdom
515423,2010-07-12 13:26:00,21110,LARGE CAKE TOWEL PINK SPOTS,3,6.75,17143,United Kingdom
515423,2010-07-12 13:26:00,22080,RIBBON REEL SPOTS DESIGN ,5,1.65,17143,United Kingdom
515423,2010-07-12 13:26:00,21843,RED RETROSPOT CAKE STAND,2,10.95,17143,United Kingdom
515423,2010-07-12 13:26:00,37447,CERAMIC CAKE DESIGN SPOTTED PLATE,4,1.49,17143,United Kingdom
515423,2010-07-12 13:26:00,37450,CERAMIC CAKE BOWL + HANGING CAKES,3,2.95,17143,United Kingdom
515423,2010-07-12 13:26:00,22064,PINK DOUGHNUT TRINKET POT ,2,1.65,17143,United Kingdom
515423,2010-07-12 13:26:00,22423,REGENCY CAKESTAND 3 TIER,2,12.75,17143,United Kingdom
515423,2010-07-12 13:26:00,22649,STRAWBERRY FAIRY CAKE TEAPOT,2,4.95,17143,United Kingdom
515423,2010-07-12 13:26:00,21231,SWEETHEART CERAMIC TRINKET BOX,6,1.25,17143,United Kingdom
515423,2010-07-12 13:26:00,21232,STRAWBERRY CERAMIC TRINKET BOX,6,1.25,17143,United Kingdom
515423,2010-07-12 13:26:00,21166,COOK WITH WINE METAL SIGN ,1,1.95,17143,United Kingdom
515423,2010-07-12 13:26:00,22082,RIBBON REEL STRIPES DESIGN ,5,1.65,17143,United Kingdom
515423,2010-07-12 13:26:00,21911,GARDEN METAL SIGN ,2,1.65,17143,United Kingdom
515423,2010-07-12 13:26:00,82552,WASHROOM METAL SIGN,2,1.25,17143,United Kingdom
515423,2010-07-12 13:26:00,21248,DOOR HANGER  MUM + DADS ROOM,2,1.45,17143,United Kingdom
515423,2010-07-12 13:26:00,85150,LADIES & GENTLEMEN METAL SIGN,2,2.55,17143,United Kingdom
515423,2010-07-12 13:26:00,82567,"AIRLINE LOUNGE,METAL SIGN",2,2.1,17143,United Kingdom
515423,2010-07-12 13:26:00,21474,SWEETHEART CREAM STEEL FOLDIN BENCH,2,19.95,17143,United Kingdom
515423,2010-07-12 13:26:00,21473,SWEETHEART CREAM STEEL TABLE RECT,1,19.95,17143,United Kingdom
515423,2010-07-12 13:26:00,21258,VICTORIAN SEWING BOX LARGE,1,12.75,17143,United Kingdom
515423,2010-07-12 13:26:00,21257,VICTORIAN SEWING BOX MEDIUM,4,7.95,17143,United Kingdom
515423,2010-07-12 13:26:00,21624,VINTAGE UNION JACK DOORSTOP,2,5.95,17143,United Kingdom
515423,2010-07-12 13:26:00,20750,RED/WHITE DOT MINI CASES,1,7.95,17143,United Kingdom
515423,2010-07-12 13:26:00,21905,MORE BUTTER METAL SIGN ,2,2.1,17143,United Kingdom
515423,2010-07-12 13:26:00,22471,TV DINNER TRAY AIR HOSTESS ,1,4.95,17143,United Kingdom
515423,2010-07-12 13:26:00,21621,VINTAGE UNION JACK BUNTING,3,8.5,17143,United Kingdom
515423,2010-07-12 13:26:00,22138,BAKING SET 9 PIECE RETROSPOT ,3,4.95,17143,United Kingdom
515423,2010-07-12 13:26:00,21498,RED SPOTS  WRAP ,25,0.42,17143,United Kingdom
515423,2010-07-12 13:26:00,22138,BAKING SET 9 PIECE RETROSPOT ,3,4.95,17143,United Kingdom
515423,2010-07-12 13:26:00,22476,EMPIRE UNION JACK TV DINNER TRAY,1,4.95,17143,United Kingdom
515423,2010-07-12 13:26:00,21161,KEEP OUT BOYS DOOR HANGER ,2,1.45,17143,United Kingdom
515423,2010-07-12 13:26:00,21166,COOK WITH WINE METAL SIGN ,2,1.95,17143,United Kingdom
515423,2010-07-12 13:26:00,22354,RETROSPOT PADDED SEAT CUSHION,4,3.75,17143,United Kingdom
515423,2010-07-12 13:26:00,22115,METAL SIGN EMPIRE TEA,2,2.95,17143,United Kingdom
515423,2010-07-12 13:26:00,21171,BATHROOM METAL SIGN ,2,1.45,17143,United Kingdom
515423,2010-07-12 13:26:00,22412,METAL SIGN NEIGHBOURHOOD WITCH ,2,2.1,17143,United Kingdom
515423,2010-07-12 13:26:00,21907,I'M ON HOLIDAY METAL SIGN,3,2.1,17143,United Kingdom
515423,2010-07-12 13:26:00,84924D,LA PALMIERA METAL SIGN CALENDAR,2,3.75,17143,United Kingdom
515423,2010-07-12 13:26:00,84925D,LA PALMIERA WALL THERMOMETER,2,2.55,17143,United Kingdom
515423,2010-07-12 13:26:00,84924A,WAKE UP COCKEREL CALENDAR SIGN ,1,3.75,17143,United Kingdom
515423,2010-07-12 13:26:00,22115,METAL SIGN EMPIRE TEA,1,2.95,17143,United Kingdom
515423,2010-07-12 13:26:00,82580,BATHROOM METAL SIGN,1,0.55,17143,United Kingdom
515423,2010-07-12 13:26:00,82578,KITCHEN METAL SIGN,1,0.55,17143,United Kingdom
515423,2010-07-12 13:26:00,82580,BATHROOM METAL SIGN,1,0.55,17143,United Kingdom
515423,2010-07-12 13:26:00,85152,HAND OVER THE CHOCOLATE   SIGN ,2,2.1,17143,United Kingdom
515423,2010-07-12 13:26:00,82597,BOMBS AWAY METAL SIGN,1,2.1,17143,United Kingdom
515423,2010-07-12 13:26:00,82599,FANNY'S REST STOPMETAL SIGN,2,2.1,17143,United Kingdom
515423,2010-07-12 13:26:00,82600,NO SINGING METAL SIGN,2,2.1,17143,United Kingdom
515423,2010-07-12 13:26:00,21179,NO JUNK MAIL METAL SIGN,4,1.25,17143,United Kingdom
515423,2010-07-12 13:26:00,22117,METAL SIGN HER DINNER IS SERVED ,2,2.95,17143,United Kingdom
515423,2010-07-12 13:26:00,82581,TOILET METAL SIGN,1,0.55,17143,United Kingdom
515423,2010-07-12 13:26:00,22413,METAL SIGN TAKE IT OR LEAVE IT ,3,2.95,17143,United Kingdom
515455,2010-07-12 15:00:00,22411,JUMBO SHOPPER VINTAGE RED PAISLEY,10,1.95,15673,United Kingdom
515455,2010-07-12 15:00:00,21930,JUMBO STORAGE BAG SKULLS,10,1.95,15673,United Kingdom
515455,2010-07-12 15:00:00,20713,JUMBO BAG OWLS,10,1.95,15673,United Kingdom
515455,2010-07-12 15:00:00,20750,RED/WHITE DOT MINI CASES,1,7.95,15673,United Kingdom
515455,2010-07-12 15:00:00,84997B,RED 3 PIECE MINI DOTS CUTLERY SET,16,3.75,15673,United Kingdom
515455,2010-07-12 15:00:00,21172,PARTY METAL SIGN ,24,1.45,15673,United Kingdom
515455,2010-07-12 15:00:00,85199S,SMALL HANGING IVORY/RED WOOD BIRD,72,0.42,15673,United Kingdom
515455,2010-07-12 15:00:00,21621,VINTAGE UNION JACK BUNTING,6,8.5,15673,United Kingdom
515455,2010-07-12 15:00:00,35970,ZINC FOLKART SLEIGH BELLS,12,1.69,15673,United Kingdom
515455,2010-07-12 15:00:00,21241,GREEN SPOTTY CUP,2,0.85,15673,United Kingdom
515455,2010-07-12 15:00:00,84997A,GREEN 3 PIECE MINI DOTS CUTLERY SET,13,3.75,15673,United Kingdom
515455,2010-07-12 15:00:00,21238,RED SPOTTY CUP,14,0.85,15673,United Kingdom
515455,2010-07-12 15:00:00,22498,WOODEN REGATTA BUNTING,3,5.95,15673,United Kingdom
515455,2010-07-12 15:00:00,20750,RED/WHITE DOT MINI CASES,2,7.95,15673,United Kingdom
515455,2010-07-12 15:00:00,22629,SPACEBOY LUNCH BOX ,3,1.95,15673,United Kingdom
515455,2010-07-12 15:00:00,22630,DOLLY GIRL LUNCH BOX,3,1.95,15673,United Kingdom
515455,2010-07-12 15:00:00,35970,ZINC FOLKART SLEIGH BELLS,12,1.69,15673,United Kingdom
515455,2010-07-12 15:00:00,22197,SMALL POPCORN HOLDER,43,0.85,15673,United Kingdom
515455,2010-07-12 15:00:00,21563,RED HEART SHAPE LOVE BUCKET ,7,2.95,15673,United Kingdom
515455,2010-07-12 15:00:00,22108,PING! MICROWAVE PLATE,10,3.75,15673,United Kingdom
515455,2010-07-12 15:00:00,84946,ANTIQUE SILVER TEA GLASS ETCHED,12,1.25,15673,United Kingdom
515455,2010-07-12 15:00:00,20676,RED SPOTTY BOWL,8,1.25,15673,United Kingdom
515455,2010-07-12 15:00:00,20676,RED SPOTTY BOWL,6,1.25,15673,United Kingdom
515455,2010-07-12 15:00:00,21911,GARDEN METAL SIGN ,12,1.65,15673,United Kingdom
515455,2010-07-12 15:00:00,20749,ASSORTED COLOUR MINI CASES,10,7.95,15673,United Kingdom
515455,2010-07-12 15:00:00,82552,WASHROOM METAL SIGN,10,1.25,15673,United Kingdom
515455,2010-07-12 15:00:00,35838B,S/6 SILVER ORNAMENETAL CANDLE,20,0.85,15673,United Kingdom
515455,2010-07-12 15:00:00,22195,LARGE HEART MEASURING SPOONS,12,1.65,15673,United Kingdom
515455,2010-07-12 15:00:00,22587,FELTCRAFT HAIRBAND RED AND BLUE,12,0.85,15673,United Kingdom
515455,2010-07-12 15:00:00,22046,TEA PARTY  WRAPPING PAPER ,25,0.42,15673,United Kingdom
515455,2010-07-12 15:00:00,21326,AGED GLASS SILVER T-LIGHT HOLDER,48,0.65,15673,United Kingdom
515455,2010-07-12 15:00:00,22045,SPACEBOY GIFT WRAP,25,0.42,15673,United Kingdom
515455,2010-07-12 15:00:00,22706,WRAP COWBOYS  ,25,0.42,15673,United Kingdom
515455,2010-07-12 15:00:00,22710,WRAP I LOVE LONDON ,25,0.42,15673,United Kingdom
515455,2010-07-12 15:00:00,22708,WRAP DOLLY GIRL,25,0.42,15673,United Kingdom
515455,2010-07-12 15:00:00,22150,3 STRIPEY MICE FELTCRAFT,10,1.95,15673,United Kingdom
515455,2010-07-12 15:00:00,22569,FELTCRAFT CUSHION BUTTERFLY,6,3.75,15673,United Kingdom
515455,2010-07-12 15:00:00,22149,FELTCRAFT 6 FLOWER FRIENDS,10,2.1,15673,United Kingdom
515455,2010-07-12 15:00:00,22147,FELTCRAFT BUTTERFLY HEARTS,10,1.45,15673,United Kingdom
515455,2010-07-12 15:00:00,22568,FELTCRAFT CUSHION OWL,10,3.75,15673,United Kingdom
515455,2010-07-12 15:00:00,22570,FELTCRAFT CUSHION RABBIT,5,3.75,15673,United Kingdom
515455,2010-07-12 15:00:00,22273,FELTCRAFT DOLL MOLLY,10,2.95,15673,United Kingdom
515455,2010-07-12 15:00:00,21918,SET 12 KIDS COLOUR  CHALK STICKS,35,0.42,15673,United Kingdom
515455,2010-07-12 15:00:00,21917,SET 12 KIDS  WHITE CHALK STICKS,29,0.42,15673,United Kingdom
515455,2010-07-12 15:00:00,21242,RED SPOTTY PLATE ,12,1.69,15673,United Kingdom
515455,2010-07-12 15:00:00,22441,GROW YOUR OWN BASIL IN ENAMEL MUG,6,2.1,15673,United Kingdom
515455,2010-07-12 15:00:00,22440,BALLOON WATER BOMB PACK OF 35,20,0.42,15673,United Kingdom
515455,2010-07-12 15:00:00,22549,PICTURE DOMINOES,10,1.45,15673,United Kingdom
515455,2010-07-12 15:00:00,21452,TOADSTOOL MONEY BOX,12,2.95,15673,United Kingdom
515455,2010-07-12 15:00:00,22469,HEART OF WICKER SMALL,15,1.65,15673,United Kingdom
515455,2010-07-12 15:00:00,21164,HOME SWEET HOME METAL SIGN ,12,2.95,15673,United Kingdom
515455,2010-07-12 15:00:00,21164,HOME SWEET HOME METAL SIGN ,12,2.95,15673,United Kingdom
515455,2010-07-12 15:00:00,22621,TRADITIONAL KNITTING NANCY,17,1.45,15673,United Kingdom
515455,2010-07-12 15:00:00,22271,FELTCRAFT DOLL ROSIE,10,2.95,15673,United Kingdom
515707,2010-07-14 12:39:00,22669,RED BABY BUNTING ,50,2.55,16168,United Kingdom
515707,2010-07-14 12:39:00,22668,PINK BABY BUNTING,50,2.55,16168,United Kingdom
515707,2010-07-14 12:39:00,44230,SQUARE MIRROR CURTAIN,2,7.95,16168,United Kingdom
515708,2010-07-14 12:40:00,22456,NATURAL SLATE CHALKBOARD LARGE ,9,4.95,16168,United Kingdom
516129,2010-07-16 15:05:00,21614,SET OF 12 ROSE BOTANICAL T-LIGHTS,12,2.95,15985,United Kingdom
516129,2010-07-16 15:05:00,82578,KITCHEN METAL SIGN,48,0.55,15985,United Kingdom
516129,2010-07-16 15:05:00,22567,20 DOLLY PEGS RETROSPOT,18,1.25,15985,United Kingdom
516129,2010-07-16 15:05:00,22558,CLOTHES PEGS RETROSPOT PACK 24 ,48,1.06,15985,United Kingdom
516129,2010-07-16 15:05:00,20914,SET/5 RED SPOTTY LID GLASS BOWLS,6,2.95,15985,United Kingdom
516129,2010-07-16 15:05:00,82580,BATHROOM METAL SIGN,48,0.55,15985,United Kingdom
516129,2010-07-16 15:05:00,21868,POTTING SHED TEA MUG,18,1.25,15985,United Kingdom
516129,2010-07-16 15:05:00,21609,SET 12 LAVENDER  BOTANICAL T-LIGHTS,18,2.95,15985,United Kingdom
516129,2010-07-16 15:05:00,21612,SET 12 WILDFLOWER BOTANICAL T-LIGHT,12,2.95,15985,United Kingdom
516129,2010-07-16 15:05:00,21035,SET/2 RED SPOTTY TEA TOWELS ,6,2.95,15985,United Kingdom
516455,2010-07-20 13:35:00,85123A,WHITE HANGING HEART T-LIGHT HOLDER,32,2.55,16168,United Kingdom
516455,2010-07-20 13:35:00,22498,WOODEN REGATTA BUNTING,3,5.95,16168,United Kingdom
516455,2010-07-20 13:35:00,21172,PARTY METAL SIGN ,12,1.45,16168,United Kingdom
516482,2010-07-21 09:27:00,22692,DOORMAT WELCOME TO OUR HOME,4,7.49,13976,United Kingdom
516482,2010-07-21 09:27:00,48173C,DOORMAT BLACK FLOCK ,2,7.49,13976,United Kingdom
516482,2010-07-21 09:27:00,21313,GLASS HEART T-LIGHT HOLDER ,12,0.85,13976,United Kingdom
516482,2010-07-21 09:27:00,20685,DOORMAT RED SPOT,4,7.49,13976,United Kingdom
516482,2010-07-21 09:27:00,22172,METAL SHELF WITH RAIL ,2,8.5,13976,United Kingdom
516482,2010-07-21 09:27:00,84946,ANTIQUE SILVER TEA GLASS ETCHED,12,1.25,13976,United Kingdom
516482,2010-07-21 09:27:00,21472,LADYBIRD + BEE RAFFIA FOOD COVER,6,3.75,13976,United Kingdom
516482,2010-07-21 09:27:00,22690,DOORMAT HOME SWEET HOME BLUE ,4,7.49,13976,United Kingdom
516482,2010-07-21 09:27:00,22077,6 RIBBONS RUSTIC CHARM,12,1.65,13976,United Kingdom
516482,2010-07-21 09:27:00,21658,GLASS  BEURRE DISH,4,3.95,13976,United Kingdom
516482,2010-07-21 09:27:00,71459,HANGING JAM JAR T-LIGHT HOLDER,12,0.85,13976,United Kingdom
516482,2010-07-21 09:27:00,22188,BLACK HEART CARD HOLDER,4,3.95,13976,United Kingdom
516482,2010-07-21 09:27:00,21466,RED FLOWER CROCHET FOOD COVER,6,3.75,13976,United Kingdom
516482,2010-07-21 09:27:00,84755,COLOUR GLASS T-LIGHT HOLDER HANGING,16,0.65,13976,United Kingdom
516482,2010-07-21 09:27:00,21186,WHITE DOVE HONEYCOMB PAPER GARLAND,12,1.65,13976,United Kingdom
516482,2010-07-21 09:27:00,22087,PAPER BUNTING WHITE LACE,6,2.95,13976,United Kingdom
516634,2010-07-22 10:48:00,85099B,JUMBO BAG RED RETROSPOT,10,1.95,16168,United Kingdom
516634,2010-07-22 10:48:00,22386,JUMBO BAG PINK WITH WHITE SPOTS,10,1.95,16168,United Kingdom
516634,2010-07-22 10:48:00,48138,DOORMAT UNION FLAG,10,6.35,16168,United Kingdom
516634,2010-07-22 10:48:00,21936,RED RETROSPOT PICNIC BAG,5,2.95,16168,United Kingdom
516634,2010-07-22 10:48:00,22381,TOY TIDY PINK RETROSPOT  ,10,2.1,16168,United Kingdom
516634,2010-07-22 10:48:00,22624,IVORY KITCHEN SCALES,6,8.5,16168,United Kingdom
516634,2010-07-22 10:48:00,22379,RECYCLING BAG RETROSPOT ,10,2.1,16168,United Kingdom
516634,2010-07-22 10:48:00,20728,LUNCH BAG CARS BLUE,10,1.65,16168,United Kingdom
516729,2010-07-22 13:33:00,35962,12 ASS ZINC CHRISTMAS DECORATIONS,5,2.1,14064,United Kingdom
516729,2010-07-22 13:33:00,22151,PLACE SETTING WHITE HEART,168,0.42,14064,United Kingdom
516729,2010-07-22 13:33:00,22602,CHRISTMAS RETROSPOT HEART WOOD,6,0.85,14064,United Kingdom
516729,2010-07-22 13:33:00,22178,VICTORIAN GLASS HANGING T-LIGHT,4,1.25,14064,United Kingdom
516729,2010-07-22 13:33:00,22601,CHRISTMAS RETROSPOT ANGEL WOOD,4,0.85,14064,United Kingdom
516729,2010-07-22 13:33:00,22588,CARD HOLDER GINGHAM HEART,3,2.55,14064,United Kingdom
516729,2010-07-22 13:33:00,85199S,SMALL HANGING IVORY/RED WOOD BIRD,6,0.42,14064,United Kingdom
517486,2010-07-29 12:33:00,21110,LARGE CAKE TOWEL PINK SPOTS,10,6.75,17168,United Kingdom
517486,2010-07-29 12:33:00,22477,WATERING CAN GARDEN MARKER,10,1.25,17168,United Kingdom
517486,2010-07-29 12:33:00,22478,BIRDHOUSE GARDEN MARKER ,10,1.25,17168,United Kingdom
517486,2010-07-29 12:33:00,20886,BOX OF 9 PEBBLE CANDLES,6,1.95,17168,United Kingdom
517486,2010-07-29 12:33:00,22508,DOORSTOP RETROSPOT HEART,4,3.75,17168,United Kingdom
517486,2010-07-29 12:33:00,22423,REGENCY CAKESTAND 3 TIER,1,12.75,17168,United Kingdom
517486,2010-07-29 12:33:00,21700,BIG DOUGHNUT FRIDGE MAGNETS,12,0.85,17168,United Kingdom
517486,2010-07-29 12:33:00,85217,ASSORTED ICE CREAM FRIDGE MAGNETS,12,0.65,17168,United Kingdom
517486,2010-07-29 12:33:00,22061,LARGE CAKE STAND  HANGING STRAWBERY,2,9.95,17168,United Kingdom
517486,2010-07-29 12:33:00,21109,"LARGE CAKE TOWEL, CHOCOLATE SPOTS",10,6.75,17168,United Kingdom
517486,2010-07-29 12:33:00,20963,APPLE BATH SPONGE,10,1.25,17168,United Kingdom
517486,2010-07-29 12:33:00,84270,ASSTD DESIGN BUBBLE GUM RING,30,0.21,17168,United Kingdom
517486,2010-07-29 12:33:00,21640,ASSORTED TUTTI FRUTTI  FOB NOTEBOOK,24,0.85,17168,United Kingdom
517486,2010-07-29 12:33:00,85174,S/4 CACTI CANDLES,4,4.95,17168,United Kingdom
517486,2010-07-29 12:33:00,21471,STRAWBERRY RAFFIA FOOD COVER,6,3.75,17168,United Kingdom
517486,2010-07-29 12:33:00,21112,"SWISS ROLL TOWEL, PINK  SPOTS",6,2.95,17168,United Kingdom
517486,2010-07-29 12:33:00,85172,HYACINTH BULB T-LIGHT CANDLES,16,0.42,17168,United Kingdom
517486,2010-07-29 12:33:00,85099F,JUMBO BAG STRAWBERRY,10,1.95,17168,United Kingdom
517486,2010-07-29 12:33:00,21830,ASSORTED CREEPY CRAWLIES,24,0.42,17168,United Kingdom
517486,2010-07-29 12:33:00,22139,RETRO SPOT TEA SET CERAMIC 11 PC ,3,4.95,17168,United Kingdom
517486,2010-07-29 12:33:00,20717,STRAWBERRY SHOPPER BAG,10,1.25,17168,United Kingdom
517511,2010-07-29 13:23:00,84997C,BLUE 3 PIECE MINI DOTS CUTLERY SET,6,3.75,16168,United Kingdom
517511,2010-07-29 13:23:00,85099B,JUMBO BAG RED RETROSPOT,10,1.95,16168,United Kingdom
517511,2010-07-29 13:23:00,22386,JUMBO BAG PINK WITH WHITE SPOTS,10,1.95,16168,United Kingdom
517511,2010-07-29 13:23:00,22385,JUMBO BAG SPACEBOY DESIGN,10,1.95,16168,United Kingdom
517511,2010-07-29 13:23:00,22567,20 DOLLY PEGS RETROSPOT,12,1.25,16168,United Kingdom
517511,2010-07-29 13:23:00,84997B,RED 3 PIECE MINI DOTS CUTLERY SET,6,3.75,16168,United Kingdom
517511,2010-07-29 13:23:00,84997D,PINK 3 PIECE MINI DOTS CUTLERY SET,6,3.75,16168,United Kingdom
517511,2010-07-29 13:23:00,22628,PICNIC BOXES SET OF 3 RETROSPOT ,2,4.95,16168,United Kingdom
517511,2010-07-29 13:23:00,21936,RED RETROSPOT PICNIC BAG,5,2.95,16168,United Kingdom
517511,2010-07-29 13:23:00,22052,VINTAGE CARAVAN GIFT WRAP,25,0.42,16168,United Kingdom
517511,2010-07-29 13:23:00,22498,WOODEN REGATTA BUNTING,3,5.95,16168,United Kingdom
517511,2010-07-29 13:23:00,22526,WHEELBARROW FOR CHILDREN ,1,12.75,16168,United Kingdom
517511,2010-07-29 13:23:00,20725,LUNCH BAG RED SPOTTY,20,1.65,16168,United Kingdom
517511,2010-07-29 13:23:00,22384,LUNCH BAG PINK RETROSPOT,20,1.65,16168,United Kingdom
517511,2010-07-29 13:23:00,20726,LUNCH BAG WOODLAND,10,1.65,16168,United Kingdom
517511,2010-07-29 13:23:00,21937,STRAWBERRY   PICNIC BAG,5,2.95,16168,United Kingdom
517557,2010-07-29 19:26:00,21500,PINK SPOTS  WRAP ,25,0.42,14713,United Kingdom
517557,2010-07-29 19:26:00,22367,CHILDRENS APRON SPACEBOY DESIGN,2,1.95,14713,United Kingdom
517557,2010-07-29 19:26:00,22355,CHARLOTTE BAG SUKI DESIGN,3,0.85,14713,United Kingdom
517557,2010-07-29 19:26:00,20727,LUNCH BAG  BLACK SKULL.,6,1.65,14713,United Kingdom
517557,2010-07-29 19:26:00,22356,CHARLOTTE BAG PINK WITH WHITE SPOTS,3,0.85,14713,United Kingdom
517557,2010-07-29 19:26:00,22383,LUNCH BAG SUKI  DESIGN ,6,1.65,14713,United Kingdom
517557,2010-07-29 19:26:00,20726,LUNCH BAG WOODLAND,6,1.65,14713,United Kingdom
517557,2010-07-29 19:26:00,20725,LUNCH BAG RED SPOTTY,6,1.65,14713,United Kingdom
517557,2010-07-29 19:26:00,22382,LUNCH BAG SPACEBOY DESIGN ,6,1.65,14713,United Kingdom
517557,2010-07-29 19:26:00,20728,LUNCH BAG CARS BLUE,4,1.65,14713,United Kingdom
517557,2010-07-29 19:26:00,21495,SKULLS AND CROSSBONES WRAP,25,0.42,14713,United Kingdom
517557,2010-07-29 19:26:00,22523,CHILDS GARDEN FORK PINK,2,0.85,14713,United Kingdom
517557,2010-07-29 19:26:00,22519,CHILDS GARDEN BRUSH PINK,2,2.1,14713,United Kingdom
517557,2010-07-29 19:26:00,22514,CHILDS GARDEN SPADE BLUE,2,2.1,14713,United Kingdom
517557,2010-07-29 19:26:00,22522,CHILDS GARDEN FORK BLUE ,3,0.85,14713,United Kingdom
517557,2010-07-29 19:26:00,10002,INFLATABLE POLITICAL GLOBE ,18,0.85,14713,United Kingdom
517557,2010-07-29 19:26:00,22521,CHILDS GARDEN TROWEL PINK,3,0.85,14713,United Kingdom
517557,2010-07-29 19:26:00,22520,CHILDS GARDEN TROWEL BLUE ,2,0.85,14713,United Kingdom
517557,2010-07-29 19:26:00,47591D,PINK FAIRY CAKE CHILDRENS APRON,2,1.95,14713,United Kingdom
517557,2010-07-29 19:26:00,82494L,WOODEN FRAME ANTIQUE WHITE ,2,2.95,14713,United Kingdom
517557,2010-07-29 19:26:00,21504,SKULLS GREETING CARD,12,0.42,14713,United Kingdom
517557,2010-07-29 19:26:00,22518,CHILDS GARDEN BRUSH BLUE,4,2.1,14713,United Kingdom
517965,2010-08-03 12:55:00,35970,ZINC FOLKART SLEIGH BELLS,12,1.69,14699,United Kingdom
517965,2010-08-03 12:55:00,22596,CHRISTMAS STAR WISH LIST CHALKBOARD,12,0.85,14699,United Kingdom
517965,2010-08-03 12:55:00,22602,CHRISTMAS RETROSPOT HEART WOOD,12,0.85,14699,United Kingdom
517965,2010-08-03 12:55:00,22594,CHRISTMAS GINGHAM TREE,12,0.85,14699,United Kingdom
517965,2010-08-03 12:55:00,22595,CHRISTMAS GINGHAM HEART,12,0.85,14699,United Kingdom
517965,2010-08-03 12:55:00,22593,CHRISTMAS GINGHAM STAR,12,0.85,14699,United Kingdom
517965,2010-08-03 12:55:00,22501,PICNIC BASKET WICKER LARGE,2,9.95,14699,United Kingdom
517965,2010-08-03 12:55:00,35832,WOOLLY HAT SOCK GLOVE ADVENT STRING,12,2.95,14699,United Kingdom
517965,2010-08-03 12:55:00,22130,PARTY CONE CHRISTMAS DECORATION ,12,0.85,14699,United Kingdom
517965,2010-08-03 12:55:00,84950,ASSORTED COLOUR T-LIGHT HOLDER,12,0.85,14699,United Kingdom
517965,2010-08-03 12:55:00,84945,MULTI COLOUR SILVER T-LIGHT HOLDER,12,0.85,14699,United Kingdom
517965,2010-08-03 12:55:00,35400,WOODEN BOX ADVENT CALENDAR ,2,8.95,14699,United Kingdom
518134,2010-08-04 15:02:00,21390,FILIGRIS HEART WITH BUTTERFLY,24,1.25,15064,United Kingdom
518134,2010-08-04 15:02:00,22704,WRAP RED APPLES ,25,0.42,15064,United Kingdom
518134,2010-08-04 15:02:00,85099B,JUMBO BAG RED RETROSPOT,10,1.95,15064,United Kingdom
518134,2010-08-04 15:02:00,22296,HEART IVORY TRELLIS LARGE,12,1.65,15064,United Kingdom
518134,2010-08-04 15:02:00,22090,PAPER BUNTING RETRO SPOTS,6,2.95,15064,United Kingdom
518134,2010-08-04 15:02:00,20707,CRAZY DAISY HEART DECORATION,12,1.25,15064,United Kingdom
518134,2010-08-04 15:02:00,22411,JUMBO SHOPPER VINTAGE RED PAISLEY,10,1.95,15064,United Kingdom
518134,2010-08-04 15:02:00,22030,SWALLOWS GREETING CARD,12,0.42,15064,United Kingdom
518134,2010-08-04 15:02:00,22450,SILK PURSE RUSSIAN DOLL BLUE,6,3.35,15064,United Kingdom
518134,2010-08-04 15:02:00,22088,PAPER BUNTING COLOURED LACE,6,2.95,15064,United Kingdom
518134,2010-08-04 15:02:00,84670,JAPANESE CROCHETED ANIMAL,24,0.42,15064,United Kingdom
518134,2010-08-04 15:02:00,21790,VINTAGE SNAP CARDS,12,0.85,15064,United Kingdom
518134,2010-08-04 15:02:00,22531,MAGIC DRAWING SLATE CIRCUS PARADE  ,48,0.42,15064,United Kingdom
518251,2010-08-05 17:45:00,22528,GARDENERS KNEELING PAD,48,1.06,16168,United Kingdom
518251,2010-08-05 17:45:00,22488,NATURAL SLATE RECTANGLE CHALKBOARD,48,1.45,16168,United Kingdom
518251,2010-08-05 17:45:00,22087,PAPER BUNTING WHITE LACE,24,2.95,16168,United Kingdom
518251,2010-08-05 17:45:00,21174,POTTERING IN THE SHED METAL SIGN,12,1.95,16168,United Kingdom
518253,2010-08-05 17:57:00,22145,CHRISTMAS CRAFT HEART STOCKING ,2,2.1,14064,United Kingdom
518253,2010-08-05 17:57:00,21390,FILIGRIS HEART WITH BUTTERFLY,24,1.25,14064,United Kingdom
518253,2010-08-05 17:57:00,35962,12 ASS ZINC CHRISTMAS DECORATIONS,12,2.1,14064,United Kingdom
518253,2010-08-05 17:57:00,22151,PLACE SETTING WHITE HEART,48,0.42,14064,United Kingdom
518253,2010-08-05 17:57:00,22297,HEART IVORY TRELLIS SMALL,6,1.25,14064,United Kingdom
518253,2010-08-05 17:57:00,82581,TOILET METAL SIGN,6,0.55,14064,United Kingdom
518253,2010-08-05 17:57:00,22294,HEART FILIGREE DOVE  SMALL,6,1.25,14064,United Kingdom
518253,2010-08-05 17:57:00,22295,HEART FILIGREE DOVE LARGE,6,1.65,14064,United Kingdom
518253,2010-08-05 17:57:00,82580,BATHROOM METAL SIGN,6,0.55,14064,United Kingdom
518253,2010-08-05 17:57:00,84006,MAGIC TREE -PAPER FLOWERS,1,0.85,14064,United Kingdom
518253,2010-08-05 17:57:00,22296,HEART IVORY TRELLIS LARGE,5,1.65,14064,United Kingdom
518253,2010-08-05 17:57:00,21445,12 PINK ROSE PEG PLACE SETTINGS,1,1.25,14064,United Kingdom
518253,2010-08-05 17:57:00,22151,PLACE SETTING WHITE HEART,11,0.42,14064,United Kingdom
518253,2010-08-05 17:57:00,22296,HEART IVORY TRELLIS LARGE,1,1.65,14064,United Kingdom
518253,2010-08-05 17:57:00,22621,TRADITIONAL KNITTING NANCY,1,1.45,14064,United Kingdom
518253,2010-08-05 17:57:00,22602,CHRISTMAS RETROSPOT HEART WOOD,14,0.85,14064,United Kingdom
518253,2010-08-05 17:57:00,22577,WOODEN HEART CHRISTMAS SCANDINAVIAN,6,0.85,14064,United Kingdom
518253,2010-08-05 17:57:00,21446,12 RED ROSE PEG PLACE SETTINGS,1,1.25,14064,United Kingdom
518253,2010-08-05 17:57:00,22295,HEART FILIGREE DOVE LARGE,1,1.65,14064,United Kingdom
518253,2010-08-05 17:57:00,85199S,SMALL HANGING IVORY/RED WOOD BIRD,10,0.42,14064,United Kingdom
518253,2010-08-05 17:57:00,22295,HEART FILIGREE DOVE LARGE,1,1.65,14064,United Kingdom
518253,2010-08-05 17:57:00,22621,TRADITIONAL KNITTING NANCY,1,1.45,14064,United Kingdom
518253,2010-08-05 17:57:00,21447,12 IVORY ROSE PEG PLACE SETTINGS,1,1.25,14064,United Kingdom
518253,2010-08-05 17:57:00,21100,CHARLIE AND LOLA CHARLOTTE BAG,1,1.65,14064,United Kingdom
518253,2010-08-05 17:57:00,22294,HEART FILIGREE DOVE  SMALL,2,1.25,14064,United Kingdom
518729,2010-08-11 11:23:00,22082,RIBBON REEL STRIPES DESIGN ,12,1.65,15985,United Kingdom
518729,2010-08-11 11:23:00,21609,SET 12 LAVENDER  BOTANICAL T-LIGHTS,12,2.95,15985,United Kingdom
518729,2010-08-11 11:23:00,21899,"KEY FOB , GARAGE DESIGN",24,0.65,15985,United Kingdom
518729,2010-08-11 11:23:00,21868,POTTING SHED TEA MUG,24,1.25,15985,United Kingdom
518729,2010-08-11 11:23:00,22458,CAST IRON HOOK GARDEN FORK,8,2.55,15985,United Kingdom
518729,2010-08-11 11:23:00,22459,CAST IRON HOOK GARDEN TROWEL,8,2.55,15985,United Kingdom
518729,2010-08-11 11:23:00,82580,BATHROOM METAL SIGN,36,0.55,15985,United Kingdom
518729,2010-08-11 11:23:00,21900,"KEY FOB , SHED",24,0.65,15985,United Kingdom
518729,2010-08-11 11:23:00,22567,20 DOLLY PEGS RETROSPOT,24,1.25,15985,United Kingdom
518729,2010-08-11 11:23:00,82578,KITCHEN METAL SIGN,24,0.55,15985,United Kingdom
518729,2010-08-11 11:23:00,21035,SET/2 RED SPOTTY TEA TOWELS ,6,2.95,15985,United Kingdom
518729,2010-08-11 11:23:00,20914,SET/5 RED SPOTTY LID GLASS BOWLS,24,2.95,15985,United Kingdom
518729,2010-08-11 11:23:00,22615,PACK OF 12 CIRCUS PARADE TISSUES ,24,0.29,15985,United Kingdom
518729,2010-08-11 11:23:00,22556,PLASTERS IN TIN CIRCUS PARADE ,12,1.65,15985,United Kingdom
518729,2010-08-11 11:23:00,20752,RETRO BLUE SPOTTY WASHING UP GLOVES,6,2.1,15985,United Kingdom
518729,2010-08-11 11:23:00,20754,RETRO RED SPOTTY WASHING UP GLOVES,6,2.1,15985,United Kingdom
518970,2010-08-12 15:52:00,71477,COLOUR GLASS. STAR T-LIGHT HOLDER,24,2.75,16199,United Kingdom
519087,2010-08-13 11:45:00,72008,FROSTED BOX 9 WHITE T-LIGHT CANDLES,12,0.42,16168,United Kingdom
519087,2010-08-13 11:45:00,35832,WOOLLY HAT SOCK GLOVE ADVENT STRING,36,2.95,16168,United Kingdom
519087,2010-08-13 11:45:00,22498,WOODEN REGATTA BUNTING,3,5.95,16168,United Kingdom
519087,2010-08-13 11:45:00,21186,WHITE DOVE HONEYCOMB PAPER GARLAND,12,1.65,16168,United Kingdom
519087,2010-08-13 11:45:00,85042,ANTIQUE LILY FAIRY LIGHTS,8,4.95,16168,United Kingdom
519233,2010-08-15 13:10:00,21936,RED RETROSPOT PICNIC BAG,5,2.95,16468,United Kingdom
519233,2010-08-15 13:10:00,22386,JUMBO BAG PINK WITH WHITE SPOTS,20,1.95,16468,United Kingdom
519233,2010-08-15 13:10:00,20726,LUNCH BAG WOODLAND,3,1.65,16468,United Kingdom
519233,2010-08-15 13:10:00,22383,LUNCH BAG SUKI  DESIGN ,3,1.65,16468,United Kingdom
519233,2010-08-15 13:10:00,20727,LUNCH BAG  BLACK SKULL.,3,1.65,16468,United Kingdom
519233,2010-08-15 13:10:00,22384,LUNCH BAG PINK RETROSPOT,3,1.65,16468,United Kingdom
519233,2010-08-15 13:10:00,20725,LUNCH BAG RED SPOTTY,3,1.65,16468,United Kingdom
519233,2010-08-15 13:10:00,22382,LUNCH BAG SPACEBOY DESIGN ,2,1.65,16468,United Kingdom
519233,2010-08-15 13:10:00,22475,SKULL DESIGN TV DINNER TRAY,1,4.95,16468,United Kingdom
519233,2010-08-15 13:10:00,20728,LUNCH BAG CARS BLUE,3,1.65,16468,United Kingdom
519233,2010-08-15 13:10:00,22473,TV DINNER TRAY VINTAGE PAISLEY,2,4.95,16468,United Kingdom
519385,2010-08-16 14:15:00,84997D,PINK 3 PIECE MINI DOTS CUTLERY SET,6,3.75,16168,United Kingdom
519385,2010-08-16 14:15:00,85099F,JUMBO BAG STRAWBERRY,10,1.95,16168,United Kingdom
519385,2010-08-16 14:15:00,20726,LUNCH BAG WOODLAND,20,1.65,16168,United Kingdom
519385,2010-08-16 14:15:00,20725,LUNCH BAG RED SPOTTY,20,1.65,16168,United Kingdom
519385,2010-08-16 14:15:00,20728,LUNCH BAG CARS BLUE,20,1.65,16168,United Kingdom
519385,2010-08-16 14:15:00,20727,LUNCH BAG  BLACK SKULL.,10,1.65,16168,United Kingdom
519385,2010-08-16 14:15:00,22628,PICNIC BOXES SET OF 3 RETROSPOT ,4,4.95,16168,United Kingdom
519385,2010-08-16 14:15:00,85099B,JUMBO BAG RED RETROSPOT,20,1.95,16168,United Kingdom
519385,2010-08-16 14:15:00,21658,GLASS  BEURRE DISH,4,3.95,16168,United Kingdom
519385,2010-08-16 14:15:00,21497,FANCY FONTS BIRTHDAY WRAP,25,0.42,16168,United Kingdom
519385,2010-08-16 14:15:00,22627,MINT KITCHEN SCALES,2,8.5,16168,United Kingdom
519385,2010-08-16 14:15:00,21930,JUMBO STORAGE BAG SKULLS,10,1.95,16168,United Kingdom
519385,2010-08-16 14:15:00,21247,SET OF RED SALAD SERVERS ,12,1.49,16168,United Kingdom
519385,2010-08-16 14:15:00,22624,IVORY KITCHEN SCALES,6,8.5,16168,United Kingdom
519385,2010-08-16 14:15:00,22379,RECYCLING BAG RETROSPOT ,10,2.1,16168,United Kingdom
519627,2010-08-19 10:07:00,72760B,VINTAGE CREAM 3 BASKET CAKE STAND,2,9.95,14198,United Kingdom
519627,2010-08-19 10:07:00,84950,ASSORTED COLOUR T-LIGHT HOLDER,12,0.85,14198,United Kingdom
519627,2010-08-19 10:07:00,22178,VICTORIAN GLASS HANGING T-LIGHT,12,1.25,14198,United Kingdom
519627,2010-08-19 10:07:00,46000M,POLYESTER FILLER PAD 45x45cm,6,1.55,14198,United Kingdom
519627,2010-08-19 10:07:00,22423,REGENCY CAKESTAND 3 TIER,2,12.75,14198,United Kingdom
519627,2010-08-19 10:07:00,82486,WOOD S/3 CABINET ANT WHITE FINISH,2,7.95,14198,United Kingdom
519627,2010-08-19 10:07:00,82483,WOOD 2 DRAWER CABINET WHITE FINISH,4,5.95,14198,United Kingdom
519627,2010-08-19 10:07:00,72130,COLUMBIAN CANDLE ROUND,24,0.19,14198,United Kingdom
519627,2010-08-19 10:07:00,72128,COLUMBIAN CANDLE ROUND,24,0.38,14198,United Kingdom
519627,2010-08-19 10:07:00,85066,CREAM SWEETHEART MINI CHEST,2,12.75,14198,United Kingdom
519678,2010-08-19 12:35:00,22356,CHARLOTTE BAG PINK WITH WHITE SPOTS,10,0.85,17676,United Kingdom
519678,2010-08-19 12:35:00,22383,LUNCH BAG SUKI  DESIGN ,10,1.65,17676,United Kingdom
519678,2010-08-19 12:35:00,20719,WOODLAND CHARLOTTE BAG,20,0.85,17676,United Kingdom
519678,2010-08-19 12:35:00,20723,STRAWBERRY CHARLOTTE BAG,10,0.85,17676,United Kingdom
519678,2010-08-19 12:35:00,22355,CHARLOTTE BAG SUKI DESIGN,10,0.85,17676,United Kingdom
519678,2010-08-19 12:35:00,37448,CERAMIC CAKE DESIGN SPOTTED MUG,12,1.49,17676,United Kingdom
519678,2010-08-19 12:35:00,22059,CERAMIC STRWBERRY DESIGN MUG,12,1.49,17676,United Kingdom
519678,2010-08-19 12:35:00,20724,RED SPOTTY CHARLOTTE BAG,10,0.85,17676,United Kingdom
519678,2010-08-19 12:35:00,22384,LUNCH BAG PINK RETROSPOT,10,1.65,17676,United Kingdom
519678,2010-08-19 12:35:00,22294,HEART FILIGREE DOVE  SMALL,24,1.25,17676,United Kingdom
519727,2010-08-19 18:07:00,21390,FILIGRIS HEART WITH BUTTERFLY,24,1.25,14064,United Kingdom
519727,2010-08-19 18:07:00,22297,HEART IVORY TRELLIS SMALL,24,1.25,14064,United Kingdom
519727,2010-08-19 18:07:00,22151,PLACE SETTING WHITE HEART,24,0.42,14064,United Kingdom
519727,2010-08-19 18:07:00,22151,PLACE SETTING WHITE HEART,24,0.42,14064,United Kingdom
519727,2010-08-19 18:07:00,22295,HEART FILIGREE DOVE LARGE,12,1.65,14064,United Kingdom
519727,2010-08-19 18:07:00,22577,WOODEN HEART CHRISTMAS SCANDINAVIAN,14,0.85,14064,United Kingdom
519727,2010-08-19 18:07:00,22602,CHRISTMAS RETROSPOT HEART WOOD,14,0.85,14064,United Kingdom
519727,2010-08-19 18:07:00,22178,VICTORIAN GLASS HANGING T-LIGHT,4,1.25,14064,United Kingdom
519727,2010-08-19 18:07:00,22588,CARD HOLDER GINGHAM HEART,6,2.55,14064,United Kingdom
519727,2010-08-19 18:07:00,22296,HEART IVORY TRELLIS LARGE,12,1.65,14064,United Kingdom
519727,2010-08-19 18:07:00,22295,HEART FILIGREE DOVE LARGE,12,1.65,14064,United Kingdom
519727,2010-08-19 18:07:00,22296,HEART IVORY TRELLIS LARGE,12,1.65,14064,United Kingdom
519727,2010-08-19 18:07:00,22487,WHITE WOOD GARDEN PLANT LADDER,1,9.95,14064,United Kingdom
519727,2010-08-19 18:07:00,82581,TOILET METAL SIGN,2,0.55,14064,United Kingdom
519727,2010-08-19 18:07:00,82580,BATHROOM METAL SIGN,5,0.55,14064,United Kingdom
519727,2010-08-19 18:07:00,82581,TOILET METAL SIGN,3,0.55,14064,United Kingdom
519727,2010-08-19 18:07:00,22219,LOVEBIRD HANGING DECORATION WHITE ,12,0.85,14064,United Kingdom
519727,2010-08-19 18:07:00,22151,PLACE SETTING WHITE HEART,18,0.42,14064,United Kingdom
519727,2010-08-19 18:07:00,21390,FILIGRIS HEART WITH BUTTERFLY,2,1.25,14064,United Kingdom
519727,2010-08-19 18:07:00,22294,HEART FILIGREE DOVE  SMALL,24,1.25,14064,United Kingdom
519944,2010-08-23 10:24:00,22672,FRENCH BATHROOM SIGN BLUE METAL,12,1.65,16168,United Kingdom
519944,2010-08-23 10:24:00,22699,ROSES REGENCY TEACUP AND SAUCER ,6,2.95,16168,United Kingdom
519944,2010-08-23 10:24:00,22698,PINK REGENCY TEACUP AND SAUCER,6,2.95,16168,United Kingdom
519944,2010-08-23 10:24:00,22697,GREEN REGENCY TEACUP AND SAUCER,6,2.95,16168,United Kingdom
519944,2010-08-23 10:24:00,22671,FRENCH LAUNDRY SIGN BLUE METAL,12,1.65,16168,United Kingdom
519944,2010-08-23 10:24:00,21658,GLASS  BEURRE DISH,4,3.95,16168,United Kingdom
519944,2010-08-23 10:24:00,22423,REGENCY CAKESTAND 3 TIER,3,12.75,16168,United Kingdom
519944,2010-08-23 10:24:00,22675,FRENCH KITCHEN SIGN BLUE METAL,12,1.25,16168,United Kingdom
519944,2010-08-23 10:24:00,22673,FRENCH GARDEN SIGN BLUE METAL,12,1.25,16168,United Kingdom
519944,2010-08-23 10:24:00,22588,CARD HOLDER GINGHAM HEART,6,2.55,16168,United Kingdom
519945,2010-08-23 10:25:00,22624,IVORY KITCHEN SCALES,2,8.5,16168,United Kingdom
520059,2010-08-23 15:44:00,22596,CHRISTMAS STAR WISH LIST CHALKBOARD,2,0.85,15003,United Kingdom
520059,2010-08-23 15:44:00,22520,CHILDS GARDEN TROWEL BLUE ,1,0.85,15003,United Kingdom
520059,2010-08-23 15:44:00,22521,CHILDS GARDEN TROWEL PINK,1,0.85,15003,United Kingdom
520059,2010-08-23 15:44:00,22523,CHILDS GARDEN FORK PINK,1,0.85,15003,United Kingdom
520059,2010-08-23 15:44:00,22522,CHILDS GARDEN FORK BLUE ,1,0.85,15003,United Kingdom
520059,2010-08-23 15:44:00,85040B,SET/4 BLUE FLOWER CANDLES IN BOWL,1,1.65,15003,United Kingdom
520059,2010-08-23 15:44:00,22560,TRADITIONAL MODELLING CLAY,2,1.25,15003,United Kingdom
520059,2010-08-23 15:44:00,22755,SMALL PURPLE BABUSHKA NOTEBOOK ,1,0.85,15003,United Kingdom
520059,2010-08-23 15:44:00,22754,SMALL RED BABUSHKA NOTEBOOK ,1,0.85,15003,United Kingdom
520059,2010-08-23 15:44:00,22489,PACK OF 12 TRADITIONAL CRAYONS,2,0.42,15003,United Kingdom
520059,2010-08-23 15:44:00,85040A,S/4 PINK FLOWER CANDLES IN BOWL,1,1.65,15003,United Kingdom
520059,2010-08-23 15:44:00,21976,PACK OF 60 MUSHROOM CAKE CASES,1,0.55,15003,United Kingdom
520059,2010-08-23 15:44:00,21975,PACK OF 60 DINOSAUR CAKE CASES,1,0.55,15003,United Kingdom
520059,2010-08-23 15:44:00,21213,PACK OF 72 SKULL CAKE CASES,1,0.55,15003,United Kingdom
520059,2010-08-23 15:44:00,84991,60 TEATIME FAIRY CAKE CASES,1,0.55,15003,United Kingdom
520059,2010-08-23 15:44:00,22753,SMALL YELLOW BABUSHKA NOTEBOOK ,2,0.85,15003,United Kingdom
520059,2010-08-23 15:44:00,21007,ETCHED GLASS DROPLET DECORATION,2,1.45,15003,United Kingdom
520059,2010-08-23 15:44:00,21818,GLITTER CHRISTMAS HEART ,2,0.85,15003,United Kingdom
520059,2010-08-23 15:44:00,22384,LUNCH BAG PINK RETROSPOT,2,1.65,15003,United Kingdom
520059,2010-08-23 15:44:00,84992,72 SWEETHEART FAIRY CAKE CASES,1,0.55,15003,United Kingdom
520059,2010-08-23 15:44:00,21928,JUMBO BAG SCANDINAVIAN PAISLEY,1,1.95,15003,United Kingdom
520059,2010-08-23 15:44:00,20711,JUMBO BAG TOYS ,3,1.95,15003,United Kingdom
520059,2010-08-23 15:44:00,21930,JUMBO STORAGE BAG SKULLS,1,1.95,15003,United Kingdom
520059,2010-08-23 15:44:00,21929,JUMBO BAG PINK VINTAGE PAISLEY,1,1.95,15003,United Kingdom
520059,2010-08-23 15:44:00,21931,JUMBO STORAGE BAG SUKI,1,1.95,15003,United Kingdom
520059,2010-08-23 15:44:00,22385,JUMBO BAG SPACEBOY DESIGN,1,1.95,15003,United Kingdom
520059,2010-08-23 15:44:00,21009,ETCHED GLASS STAR TREE DECORATION,2,1.25,15003,United Kingdom
520059,2010-08-23 15:44:00,21936,RED RETROSPOT PICNIC BAG,2,2.95,15003,United Kingdom
520059,2010-08-23 15:44:00,84519A,TOMATO CHARLIE+LOLA COASTER SET,2,2.95,15003,United Kingdom
520059,2010-08-23 15:44:00,20728,LUNCH BAG CARS BLUE,2,1.65,15003,United Kingdom
520059,2010-08-23 15:44:00,20726,LUNCH BAG WOODLAND,2,1.65,15003,United Kingdom
520059,2010-08-23 15:44:00,22353,LUNCH BOX WITH CUTLERY FAIRY CAKES ,1,2.55,15003,United Kingdom
520059,2010-08-23 15:44:00,22383,LUNCH BAG SUKI  DESIGN ,2,1.65,15003,United Kingdom
520059,2010-08-23 15:44:00,22382,LUNCH BAG SPACEBOY DESIGN ,2,1.65,15003,United Kingdom
520059,2010-08-23 15:44:00,20727,LUNCH BAG  BLACK SKULL.,2,1.65,15003,United Kingdom
520059,2010-08-23 15:44:00,84519B,CARROT CHARLIE+LOLA COASTER SET,2,2.95,15003,United Kingdom
520059,2010-08-23 15:44:00,22417,PACK OF 60 SPACEBOY CAKE CASES,1,0.55,15003,United Kingdom
520059,2010-08-23 15:44:00,21809,CHRISTMAS HANGING TREE WITH BELL,1,1.25,15003,United Kingdom
520059,2010-08-23 15:44:00,17091B,JASMINE TEA INCENSE IN TIN,1,1.25,15003,United Kingdom
520059,2010-08-23 15:44:00,21817,GLITTER CHRISTMAS TREE,2,0.85,15003,United Kingdom
520059,2010-08-23 15:44:00,22505,MEMO BOARD COTTAGE DESIGN,1,4.95,15003,United Kingdom
520059,2010-08-23 15:44:00,22367,CHILDRENS APRON SPACEBOY DESIGN,2,1.95,15003,United Kingdom
520059,2010-08-23 15:44:00,21559,STRAWBERRY LUNCH BOX WITH CUTLERY,2,2.55,15003,United Kingdom
520059,2010-08-23 15:44:00,22353,LUNCH BOX WITH CUTLERY FAIRY CAKES ,1,2.55,15003,United Kingdom
520059,2010-08-23 15:44:00,21558,SKULL LUNCH BOX WITH CUTLERY ,2,2.55,15003,United Kingdom
520059,2010-08-23 15:44:00,84375,SET OF 20 KIDS COOKIE CUTTERS,2,1.95,15003,United Kingdom
520059,2010-08-23 15:44:00,20981,12 PENCILS TALL TUBE WOODLAND,1,0.85,15003,United Kingdom
520059,2010-08-23 15:44:00,20982,12 PENCILS TALL TUBE SKULLS,1,0.85,15003,United Kingdom
520059,2010-08-23 15:44:00,79532,MOSAIC GLASS BALL CANDLEHOLDER,2,1.25,15003,United Kingdom
520059,2010-08-23 15:44:00,79534,MULTICOLOUR GLASS PLATE,2,0.55,15003,United Kingdom
520059,2010-08-23 15:44:00,84997A,GREEN 3 PIECE MINI DOTS CUTLERY SET,1,3.75,15003,United Kingdom
520059,2010-08-23 15:44:00,84997C,BLUE 3 PIECE MINI DOTS CUTLERY SET,2,3.75,15003,United Kingdom
520059,2010-08-23 15:44:00,84997D,PINK 3 PIECE MINI DOTS CUTLERY SET,1,3.75,15003,United Kingdom
520059,2010-08-23 15:44:00,72529W,WHITE ADVENT CANDLE,2,2.12,15003,United Kingdom
520059,2010-08-23 15:44:00,21810,CHRISTMAS HANGING STAR WITH BELL,1,1.25,15003,United Kingdom
520059,2010-08-23 15:44:00,21811,CHRISTMAS HANGING HEART WITH BELL,1,1.25,15003,United Kingdom
520059,2010-08-23 15:44:00,22065,CHRISTMAS PUDDING TRINKET POT ,2,1.45,15003,United Kingdom
520059,2010-08-23 15:44:00,22154,ANGEL DECORATION 3 BUTTONS ,1,0.42,15003,United Kingdom
520059,2010-08-23 15:44:00,22145,CHRISTMAS CRAFT HEART STOCKING ,2,2.1,15003,United Kingdom
520059,2010-08-23 15:44:00,21179,NO JUNK MAIL METAL SIGN,4,1.25,15003,United Kingdom
520059,2010-08-23 15:44:00,21154,RED SPOTTY OVEN GLOVE ,1,1.25,15003,United Kingdom
520059,2010-08-23 15:44:00,20950,SET/6  ANGEL T-LIGHTS WHITE/GOLD,2,0.42,15003,United Kingdom
520059,2010-08-23 15:44:00,47591D,PINK FAIRY CAKE CHILDRENS APRON,2,1.95,15003,United Kingdom
520059,2010-08-23 15:44:00,21561,DINOSAUR LUNCH BOX WITH CUTLERY,2,2.55,15003,United Kingdom
520059,2010-08-23 15:44:00,22643,SET OF 4 NAPKIN CHARMS LEAVES   ,1,2.55,15003,United Kingdom
520059,2010-08-23 15:44:00,35953,FOLKART STAR CHRISTMAS DECORATIONS,2,1.25,15003,United Kingdom
520059,2010-08-23 15:44:00,35953,FOLKART STAR CHRISTMAS DECORATIONS,2,1.25,15003,United Kingdom
520059,2010-08-23 15:44:00,35937,CERISE+GOLD CHRISTMAS STOCKING DEC,2,0.38,15003,United Kingdom
520059,2010-08-23 15:44:00,22642,SET OF 4 NAPKIN CHARMS STARS   ,1,2.55,15003,United Kingdom
520059,2010-08-23 15:44:00,35931,PINK STAR CHRISTMAS DECORATION,2,0.38,15003,United Kingdom
520059,2010-08-23 15:44:00,35932,PINK CHRISTMAS TREE DECORATION,2,0.38,15003,United Kingdom
520059,2010-08-23 15:44:00,35936,CERISE+GOLD CHRISTMAS TREE DEC,2,0.38,15003,United Kingdom
520059,2010-08-23 15:44:00,21819,GLITTER CHRISTMAS STAR ,2,0.85,15003,United Kingdom
520059,2010-08-23 15:44:00,22154,ANGEL DECORATION 3 BUTTONS ,1,0.42,15003,United Kingdom
520197,2010-08-24 15:14:00,21755,LOVE BUILDING BLOCK WORD,3,5.95,13576,United Kingdom
520197,2010-08-24 15:14:00,21165,BEWARE OF THE CAT METAL SIGN ,12,1.69,13576,United Kingdom
520197,2010-08-24 15:14:00,84857C,PINK MONTE CARLO HANDBAG,12,1.95,13576,United Kingdom
520197,2010-08-24 15:14:00,85065,CREAM SWEETHEART TRAYS,1,12.75,13576,United Kingdom
520197,2010-08-24 15:14:00,21754,HOME BUILDING BLOCK WORD,3,5.95,13576,United Kingdom
520197,2010-08-24 15:14:00,85131A,BEADED PEARL HEART WHITE ON STICK,24,0.38,13576,United Kingdom
520197,2010-08-24 15:14:00,21137,BLACK RECORD COVER FRAME,48,3.39,13576,United Kingdom
520197,2010-08-24 15:14:00,84859A,SILVER DISCO HANDBAG,12,1.25,13576,United Kingdom
520197,2010-08-24 15:14:00,16169K,WRAP FOLK ART,25,0.19,13576,United Kingdom
520197,2010-08-24 15:14:00,82001S,VINYL RECORD FRAME SILVER,24,3.39,13576,United Kingdom
520210,2010-08-24 17:14:00,22167,"WALL MIRROR , DIAMANTE OVAL SHAPE",3,9.95,17292,United Kingdom
520210,2010-08-24 17:14:00,10135,COLOURING PENCILS BROWN TUBE,10,1.25,17292,United Kingdom
520210,2010-08-24 17:14:00,21055,TOOL BOX SOFT TOY ,2,8.95,17292,United Kingdom
520210,2010-08-24 17:14:00,21056,DOCTOR'S BAG SOFT TOY,2,8.95,17292,United Kingdom
520210,2010-08-24 17:14:00,21054,NURSE'S BAG SOFT TOY,2,8.95,17292,United Kingdom
520210,2010-08-24 17:14:00,21411,GINGHAM HEART  DOORSTOP RED,2,4.25,17292,United Kingdom
520210,2010-08-24 17:14:00,22367,CHILDRENS APRON SPACEBOY DESIGN,6,1.95,17292,United Kingdom
520210,2010-08-24 17:14:00,47591B,SCOTTIES CHILDRENS APRON,6,1.65,17292,United Kingdom
520210,2010-08-24 17:14:00,21411,GINGHAM HEART  DOORSTOP RED,1,4.25,17292,United Kingdom
520345,2010-08-25 13:05:00,71477,COLOUR GLASS. STAR T-LIGHT HOLDER,24,2.75,16199,United Kingdom
520345,2010-08-25 13:05:00,21730,GLASS STAR FROSTED T-LIGHT HOLDER,6,4.95,16199,United Kingdom
520555,2010-08-26 16:36:00,20751,FUNKY WASHING UP GLOVES ASSORTED,12,2.1,16468,United Kingdom
520555,2010-08-26 16:36:00,21558,SKULL LUNCH BOX WITH CUTLERY ,2,2.55,16468,United Kingdom
520555,2010-08-26 16:36:00,84997B,RED 3 PIECE MINI DOTS CUTLERY SET,3,3.75,16468,United Kingdom
520555,2010-08-26 16:36:00,84997A,GREEN 3 PIECE MINI DOTS CUTLERY SET,3,3.75,16468,United Kingdom
520555,2010-08-26 16:36:00,84997D,PINK 3 PIECE MINI DOTS CUTLERY SET,3,3.75,16468,United Kingdom
520555,2010-08-26 16:36:00,84997C,BLUE 3 PIECE MINI DOTS CUTLERY SET,3,3.75,16468,United Kingdom
520555,2010-08-26 16:36:00,20752,RETRO BLUE SPOTTY WASHING UP GLOVES,4,2.1,16468,United Kingdom
520555,2010-08-26 16:36:00,21154,RED SPOTTY OVEN GLOVE ,10,1.25,16468,United Kingdom
520555,2010-08-26 16:36:00,84692,BOX OF 24 COCKTAIL PARASOLS,6,0.42,16468,United Kingdom
520555,2010-08-26 16:36:00,21482,MUSHROOM BLUE HOT WATER BOTTLE,5,2.95,16468,United Kingdom
520555,2010-08-26 16:36:00,21481,FAWN BLUE HOT WATER BOTTLE,10,2.95,16468,United Kingdom
520555,2010-08-26 16:36:00,84032B,CHARLIE + LOLA RED HOT WATER BOTTLE,5,2.95,16468,United Kingdom
520555,2010-08-26 16:36:00,22111,SCOTTIE DOG HOT WATER BOTTLE,12,4.95,16468,United Kingdom
520555,2010-08-26 16:36:00,22352,LUNCH BOX WITH CUTLERY RETROSPOT ,3,2.55,16468,United Kingdom
520555,2010-08-26 16:36:00,20754,RETRO RED SPOTTY WASHING UP GLOVES,4,2.1,16468,United Kingdom
520555,2010-08-26 16:36:00,21559,STRAWBERRY LUNCH BOX WITH CUTLERY,3,2.55,16468,United Kingdom
520555,2010-08-26 16:36:00,20725,LUNCH BAG RED SPOTTY,20,1.65,16468,United Kingdom
520555,2010-08-26 16:36:00,22353,LUNCH BOX WITH CUTLERY FAIRY CAKES ,2,2.55,16468,United Kingdom
520555,2010-08-26 16:36:00,21561,DINOSAUR LUNCH BOX WITH CUTLERY,2,2.55,16468,United Kingdom
520555,2010-08-26 16:36:00,22384,LUNCH BAG PINK RETROSPOT,20,1.65,16468,United Kingdom
520555,2010-08-26 16:36:00,22383,LUNCH BAG SUKI  DESIGN ,20,1.65,16468,United Kingdom
520555,2010-08-26 16:36:00,22662,LUNCH BAG DOLLY GIRL DESIGN,10,1.65,16468,United Kingdom
520555,2010-08-26 16:36:00,20728,LUNCH BAG CARS BLUE,10,1.65,16468,United Kingdom
520555,2010-08-26 16:36:00,20726,LUNCH BAG WOODLAND,10,1.65,16468,United Kingdom
520555,2010-08-26 16:36:00,22382,LUNCH BAG SPACEBOY DESIGN ,10,1.65,16468,United Kingdom
520555,2010-08-26 16:36:00,21929,JUMBO BAG PINK VINTAGE PAISLEY,10,1.95,16468,United Kingdom
520555,2010-08-26 16:36:00,85099C,JUMBO  BAG BAROQUE BLACK WHITE,20,1.95,16468,United Kingdom
520555,2010-08-26 16:36:00,20711,JUMBO BAG TOYS ,10,1.95,16468,United Kingdom
520555,2010-08-26 16:36:00,21928,JUMBO BAG SCANDINAVIAN PAISLEY,10,1.95,16468,United Kingdom
520555,2010-08-26 16:36:00,21931,JUMBO STORAGE BAG SUKI,20,1.95,16468,United Kingdom
520555,2010-08-26 16:36:00,85099F,JUMBO BAG STRAWBERRY,20,1.95,16468,United Kingdom
520555,2010-08-26 16:36:00,22663,JUMBO BAG DOLLY GIRL DESIGN,10,1.95,16468,United Kingdom
521071,2010-09-02 10:25:00,22220,CAKE STAND LOVEBIRD 2 TIER WHITE,2,9.95,16168,United Kingdom
521071,2010-09-02 10:25:00,72760B,VINTAGE CREAM 3 BASKET CAKE STAND,2,9.95,16168,United Kingdom
521071,2010-09-02 10:25:00,85042,ANTIQUE LILY FAIRY LIGHTS,8,4.95,16168,United Kingdom
521071,2010-09-02 10:25:00,47504K,ENGLISH ROSE GARDEN SECATEURS,12,1.95,16168,United Kingdom
521071,2010-09-02 10:25:00,85123A,WHITE HANGING HEART T-LIGHT HOLDER,32,2.55,16168,United Kingdom
521071,2010-09-02 10:25:00,22457,NATURAL SLATE HEART CHALKBOARD ,6,2.95,16168,United Kingdom
521192,2010-09-02 16:55:00,82494L,WOODEN FRAME ANTIQUE WHITE ,6,2.95,15094,United Kingdom
521192,2010-09-02 16:55:00,85124B,BLUE JUICY FRUIT PHOTO FRAME,6,2.55,15094,United Kingdom
521226,2010-09-03 10:49:00,22757,LARGE RED BABUSHKA NOTEBOOK ,3,1.25,16719,United Kingdom
521226,2010-09-03 10:49:00,22754,SMALL RED BABUSHKA NOTEBOOK ,3,0.85,16719,United Kingdom
521226,2010-09-03 10:49:00,22440,BALLOON WATER BOMB PACK OF 35,5,0.42,16719,United Kingdom
521226,2010-09-03 10:49:00,22583,PACK OF 6 HANDBAG GIFT BOXES,2,2.55,16719,United Kingdom
521226,2010-09-03 10:49:00,20774,GREEN FERN NOTEBOOK,2,1.65,16719,United Kingdom
521226,2010-09-03 10:49:00,20775,DAISY NOTEBOOK ,1,1.65,16719,United Kingdom
521226,2010-09-03 10:49:00,22437,SET OF 9 BLACK SKULL BALLOONS,5,0.85,16719,United Kingdom
521226,2010-09-03 10:49:00,17033,"BROCADE PURSE,SMALL ARCH BUTTON",72,0.29,16719,United Kingdom
521226,2010-09-03 10:49:00,85042,ANTIQUE LILY FAIRY LIGHTS,2,4.95,16719,United Kingdom
521226,2010-09-03 10:49:00,84270,ASSTD DESIGN BUBBLE GUM RING,30,0.21,16719,United Kingdom
521226,2010-09-03 10:49:00,20828,GLITTER BUTTERFLY CLIPS,3,2.55,16719,United Kingdom
521226,2010-09-03 10:49:00,20829,GLITTER HANGING BUTTERFLY STRING,3,2.1,16719,United Kingdom
521226,2010-09-03 10:49:00,22371,AIRLINE BAG VINTAGE TOKYO 78,1,4.25,16719,United Kingdom
521226,2010-09-03 10:49:00,22375,AIRLINE BAG VINTAGE JET SET BROWN,1,4.25,16719,United Kingdom
521226,2010-09-03 10:49:00,22179,SET 10 LIGHTS NIGHT OWL,1,6.75,16719,United Kingdom
521226,2010-09-03 10:49:00,16161P,WRAP ENGLISH ROSE ,25,0.42,16719,United Kingdom
521226,2010-09-03 10:49:00,22537,MAGIC DRAWING SLATE DINOSAUR,2,0.42,16719,United Kingdom
521226,2010-09-03 10:49:00,22139,RETRO SPOT TEA SET CERAMIC 11 PC ,1,4.95,16719,United Kingdom
521226,2010-09-03 10:49:00,22533,MAGIC DRAWING SLATE BAKE A CAKE ,2,0.42,16719,United Kingdom
521226,2010-09-03 10:49:00,22415,WHITE TISSUE REAM,1,7.95,16719,United Kingdom
521226,2010-09-03 10:49:00,22531,MAGIC DRAWING SLATE CIRCUS PARADE  ,3,0.42,16719,United Kingdom
521226,2010-09-03 10:49:00,21497,FANCY FONTS BIRTHDAY WRAP,25,0.42,16719,United Kingdom
521226,2010-09-03 10:49:00,21872,GLAMOROUS  MUG,1,1.25,16719,United Kingdom
521226,2010-09-03 10:49:00,21874,GIN AND TONIC MUG,1,1.25,16719,United Kingdom
521226,2010-09-03 10:49:00,21873,IF YOU CAN'T STAND THE HEAT MUG,1,1.25,16719,United Kingdom
521226,2010-09-03 10:49:00,22530,MAGIC DRAWING SLATE DOLLY GIRL ,3,0.42,16719,United Kingdom
521226,2010-09-03 10:49:00,21868,POTTING SHED TEA MUG,2,1.25,16719,United Kingdom
521226,2010-09-03 10:49:00,37333,"RETRO ""TEA FOR ONE"" ",1,4.95,16719,United Kingdom
521226,2010-09-03 10:49:00,21730,GLASS STAR FROSTED T-LIGHT HOLDER,2,4.95,16719,United Kingdom
521226,2010-09-03 10:49:00,20767,BLUE PAISLEY JOURNAL ,2,2.55,16719,United Kingdom
521226,2010-09-03 10:49:00,20761,BLUE PAISLEY SKETCHBOOK,1,3.75,16719,United Kingdom
521226,2010-09-03 10:49:00,21035,SET/2 RED SPOTTY TEA TOWELS ,2,2.95,16719,United Kingdom
521226,2010-09-03 10:49:00,21154,RED SPOTTY OVEN GLOVE ,2,1.25,16719,United Kingdom
521226,2010-09-03 10:49:00,22451,SILK PURSE BABUSHKA RED,1,3.35,16719,United Kingdom
521226,2010-09-03 10:49:00,20775,DAISY NOTEBOOK ,1,1.65,16719,United Kingdom
521226,2010-09-03 10:49:00,22451,SILK PURSE BABUSHKA RED,1,3.35,16719,United Kingdom
521226,2010-09-03 10:49:00,22440,BALLOON WATER BOMB PACK OF 35,1,0.42,16719,United Kingdom
521226,2010-09-03 10:49:00,22435,SET OF 9 HEART SHAPED BALLOONS,1,1.25,16719,United Kingdom
521226,2010-09-03 10:49:00,22532,MAGIC DRAWING SLATE LEAP FROG ,3,0.42,16719,United Kingdom
521226,2010-09-03 10:49:00,20768,GREEN FERN JOURNAL ,2,2.55,16719,United Kingdom
521226,2010-09-03 10:50:00,79321,CHILLI LIGHTS,2,4.95,16719,United Kingdom
521226,2010-09-03 10:50:00,84360,TABLE LAMP WHITE SHADE WOOD BASE,1,5.95,16719,United Kingdom
521226,2010-09-03 10:50:00,79320,FLAMINGO LIGHTS,2,4.95,16719,United Kingdom
521226,2010-09-03 10:50:00,22705,WRAP GREEN PEARS ,25,0.42,16719,United Kingdom
521226,2010-09-03 10:50:00,16169N,WRAP BLUE RUSSIAN FOLKART,25,0.42,16719,United Kingdom
521226,2010-09-03 10:50:00,21498,RED SPOTS  WRAP ,25,0.42,16719,United Kingdom
521897,2010-09-09 12:22:00,22151,PLACE SETTING WHITE HEART,432,0.36,14064,United Kingdom
521897,2010-09-09 12:22:00,21034,REX CASH+CARRY JUMBO SHOPPER,2,0.95,14064,United Kingdom
521897,2010-09-09 12:22:00,22588,CARD HOLDER GINGHAM HEART,4,2.55,14064,United Kingdom
521897,2010-09-09 12:22:00,22173,METAL 4 HOOK HANGER FRENCH CHATEAU,2,2.95,14064,United Kingdom
521897,2010-09-09 12:22:00,35962,12 ASS ZINC CHRISTMAS DECORATIONS,12,2.1,14064,United Kingdom
521897,2010-09-09 12:22:00,21172,PARTY METAL SIGN ,10,1.45,14064,United Kingdom
521897,2010-09-09 12:22:00,22178,VICTORIAN GLASS HANGING T-LIGHT,2,1.25,14064,United Kingdom
521897,2010-09-09 12:22:00,22219,LOVEBIRD HANGING DECORATION WHITE ,10,0.85,14064,United Kingdom
521897,2010-09-09 12:22:00,22452,MEASURING TAPE BABUSHKA PINK,1,2.95,14064,United Kingdom
521897,2010-09-09 12:22:00,21390,FILIGRIS HEART WITH BUTTERFLY,5,1.25,14064,United Kingdom
521897,2010-09-09 12:22:00,85199S,SMALL HANGING IVORY/RED WOOD BIRD,10,0.42,14064,United Kingdom
521897,2010-09-09 12:22:00,22470,HEART OF WICKER LARGE,1,2.95,14064,United Kingdom
521946,2010-09-09 17:04:00,22050,PINK PAISLEY ROSE GIFT WRAP,25,0.42,16563,United Kingdom
521946,2010-09-09 17:04:00,79321,CHILLI LIGHTS,24,4.25,16563,United Kingdom
521946,2010-09-09 17:04:00,21137,BLACK RECORD COVER FRAME,72,3.39,16563,United Kingdom
521946,2010-09-09 17:04:00,82001S,VINYL RECORD FRAME SILVER,24,3.39,16563,United Kingdom
521946,2010-09-09 17:04:00,85199L,LARGE HANGING IVORY & RED WOOD BIRD,12,0.65,16563,United Kingdom
521946,2010-09-09 17:04:00,22051,BLUE SCANDINAVIAN PAISLEY WRAP,25,0.42,16563,United Kingdom
521946,2010-09-09 17:04:00,22030,SWALLOWS GREETING CARD,12,0.42,16563,United Kingdom
521946,2010-09-09 17:04:00,20750,RED/WHITE DOT MINI CASES,12,6.35,16563,United Kingdom
521946,2010-09-09 17:04:00,22219,LOVEBIRD HANGING DECORATION WHITE ,12,0.85,16563,United Kingdom
521946,2010-09-09 17:04:00,85199S,SMALL HANGING IVORY/RED WOOD BIRD,24,0.42,16563,United Kingdom
521946,2010-09-09 17:04:00,22029,SPACEBOY BIRTHDAY CARD,12,0.42,16563,United Kingdom
521946,2010-09-09 17:04:00,22622,BOX OF VINTAGE ALPHABET BLOCKS,2,9.95,16563,United Kingdom
521946,2010-09-09 17:04:00,16161P,WRAP ENGLISH ROSE ,25,0.42,16563,United Kingdom
521946,2010-09-09 17:04:00,22189,CREAM HEART CARD HOLDER,36,3.39,16563,United Kingdom
521985,2010-09-10 10:27:00,72133,COLUMBIAN CANDLE RECTANGLE,6,1.25,14623,United Kingdom
521985,2010-09-10 10:27:00,72127,COLUMBIAN CANDLE ROUND ,6,1.25,14623,United Kingdom
521985,2010-09-10 10:27:00,72741,GRAND CHOCOLATECANDLE,18,1.45,14623,United Kingdom
521985,2010-09-10 10:27:00,22303,COFFEE MUG APPLES DESIGN,6,2.55,14623,United Kingdom
521985,2010-09-10 10:27:00,21975,PACK OF 60 DINOSAUR CAKE CASES,24,0.55,14623,United Kingdom
521985,2010-09-10 10:27:00,22626,BLACK KITCHEN SCALES,2,8.5,14623,United Kingdom
521985,2010-09-10 10:27:00,22624,IVORY KITCHEN SCALES,2,8.5,14623,United Kingdom
521985,2010-09-10 10:27:00,22424,ENAMEL BREAD BIN CREAM,1,12.75,14623,United Kingdom
521985,2010-09-10 10:27:00,22625,RED KITCHEN SCALES,2,8.5,14623,United Kingdom
521985,2010-09-10 10:27:00,22269,EGG CUP NATURAL CHICKEN,16,1.25,14623,United Kingdom
521985,2010-09-10 10:27:00,21213,PACK OF 72 SKULL CAKE CASES,24,0.55,14623,United Kingdom
521985,2010-09-10 10:27:00,21121,SET/10 RED SPOTTY PARTY CANDLES,24,1.25,14623,United Kingdom
521985,2010-09-10 10:27:00,21125,SET 6 FOOTBALL CELEBRATION CANDLES,12,1.25,14623,United Kingdom
521985,2010-09-10 10:27:00,21122,SET/10 PINK SPOTTY PARTY CANDLES,24,1.25,14623,United Kingdom
521985,2010-09-10 10:27:00,21777,RECIPE BOX WITH METAL HEART,2,7.95,14623,United Kingdom
521985,2010-09-10 10:27:00,21447,12 IVORY ROSE PEG PLACE SETTINGS,12,1.25,14623,United Kingdom
521985,2010-09-10 10:27:00,21446,12 RED ROSE PEG PLACE SETTINGS,12,1.25,14623,United Kingdom
521985,2010-09-10 10:27:00,22283,6 EGG HOUSE PAINTED WOOD,2,7.95,14623,United Kingdom
522384,2010-09-14 11:08:00,22751,FELTCRAFT PRINCESS OLIVIA DOLL,7,3.75,15673,United Kingdom
522384,2010-09-14 11:08:00,85042,ANTIQUE LILY FAIRY LIGHTS,1,4.95,15673,United Kingdom
522384,2010-09-14 11:08:00,22749,FELTCRAFT PRINCESS CHARLOTTE DOLL,5,3.75,15673,United Kingdom
522384,2010-09-14 11:08:00,22147,FELTCRAFT BUTTERFLY HEARTS,2,1.45,15673,United Kingdom
522384,2010-09-14 11:08:00,22083,PAPER CHAIN KIT RETRO SPOT,6,2.95,15673,United Kingdom
522384,2010-09-14 11:08:00,85099B,JUMBO BAG RED RETROSPOT,20,1.95,15673,United Kingdom
522384,2010-09-14 11:08:00,22147,FELTCRAFT BUTTERFLY HEARTS,4,1.45,15673,United Kingdom
522384,2010-09-14 11:08:00,22569,FELTCRAFT CUSHION BUTTERFLY,6,3.75,15673,United Kingdom
522384,2010-09-14 11:08:00,22596,CHRISTMAS STAR WISH LIST CHALKBOARD,12,0.85,15673,United Kingdom
522384,2010-09-14 11:08:00,22750,FELTCRAFT PRINCESS LOLA DOLL,12,3.75,15673,United Kingdom
522384,2010-09-14 11:08:00,22411,JUMBO SHOPPER VINTAGE RED PAISLEY,20,1.95,15673,United Kingdom
522384,2010-09-14 11:08:00,22570,FELTCRAFT CUSHION RABBIT,5,3.75,15673,United Kingdom
522384,2010-09-14 11:08:00,22417,PACK OF 60 SPACEBOY CAKE CASES,24,0.55,15673,United Kingdom
522384,2010-09-14 11:08:00,22435,SET OF 9 HEART SHAPED BALLOONS,1,1.25,15673,United Kingdom
522384,2010-09-14 11:08:00,22150,3 STRIPEY MICE FELTCRAFT,6,1.95,15673,United Kingdom
522384,2010-09-14 11:08:00,22940,FELTCRAFT CHRISTMAS FAIRY,14,4.25,15673,United Kingdom
522384,2010-09-14 11:08:00,22195,LARGE HEART MEASURING SPOONS,6,1.65,15673,United Kingdom
522384,2010-09-14 11:08:00,21977,PACK OF 60 PINK PAISLEY CAKE CASES,24,0.55,15673,United Kingdom
522384,2010-09-14 11:08:00,22589,CARDHOLDER GINGHAM STAR,24,2.55,15673,United Kingdom
522384,2010-09-14 11:08:00,22149,FELTCRAFT 6 FLOWER FRIENDS,5,2.1,15673,United Kingdom
522384,2010-09-14 11:08:00,22596,CHRISTMAS STAR WISH LIST CHALKBOARD,48,0.85,15673,United Kingdom
522384,2010-09-14 11:08:00,84978,HANGING HEART JAR T-LIGHT HOLDER,12,1.25,15673,United Kingdom
522384,2010-09-14 11:08:00,22759,SET OF 3 NOTEBOOKS IN PARCEL,24,1.65,15673,United Kingdom
522384,2010-09-14 11:08:00,21672,WHITE SPOT RED CERAMIC DRAWER KNOB,4,1.25,15673,United Kingdom
522384,2010-09-14 11:08:00,22596,CHRISTMAS STAR WISH LIST CHALKBOARD,35,0.85,15673,United Kingdom
522585,2010-09-15 12:27:00,22423,REGENCY CAKESTAND 3 TIER,1,12.75,13784,United Kingdom
522585,2010-09-15 12:27:00,22364,GLASS JAR DIGESTIVE BISCUITS,24,2.55,13784,United Kingdom
522585,2010-09-15 12:27:00,22360,GLASS JAR ENGLISH CONFECTIONERY,24,2.55,13784,United Kingdom
522585,2010-09-15 12:27:00,84978,HANGING HEART JAR T-LIGHT HOLDER,72,1.06,13784,United Kingdom
522585,2010-09-15 12:27:00,84970S,HANGING HEART ZINC T-LIGHT HOLDER,48,0.85,13784,United Kingdom
522585,2010-09-15 12:27:00,21361,LOVE LARGE WOOD LETTERS ,4,12.75,13784,United Kingdom
522585,2010-09-15 12:27:00,22151,PLACE SETTING WHITE HEART,96,0.42,13784,United Kingdom
522585,2010-09-15 12:27:00,84970L,SINGLE HEART ZINC T-LIGHT HOLDER,48,0.95,13784,United Kingdom
522733,2010-09-16 12:51:00,21524,DOORMAT SPOTTY HOME SWEET HOME,4,7.95,17588,United Kingdom
522733,2010-09-16 12:51:00,82483,WOOD 2 DRAWER CABINET WHITE FINISH,4,5.95,17588,United Kingdom
522733,2010-09-16 12:51:00,22691,DOORMAT WELCOME SUNRISE,2,7.95,17588,United Kingdom
522733,2010-09-16 12:51:00,21463,MIRRORED DISCO BALL ,6,5.95,17588,United Kingdom
522733,2010-09-16 12:51:00,48173C,DOORMAT BLACK FLOCK ,2,7.95,17588,United Kingdom
522733,2010-09-16 12:51:00,20685,DOORMAT RED SPOT,4,7.95,17588,United Kingdom
522733,2010-09-16 12:51:00,71477,COLOUR GLASS. STAR T-LIGHT HOLDER,48,2.75,17588,United Kingdom
522733,2010-09-16 12:51:00,48194,DOORMAT HEARTS,10,6.75,17588,United Kingdom
522773,2010-09-16 14:34:00,21670,BLUE SPOT CERAMIC DRAWER KNOB,12,1.25,12369,Austria
522773,2010-09-16 14:34:00,22742,MAKE YOUR OWN PLAYTIME CARD KIT,6,2.95,12369,Austria
522773,2010-09-16 14:34:00,21124,SET/10 BLUE SPOTTY PARTY CANDLES,24,1.25,12369,Austria
522773,2010-09-16 14:34:00,21121,SET/10 RED SPOTTY PARTY CANDLES,24,1.25,12369,Austria
522773,2010-09-16 14:34:00,47594A,CAROUSEL DESIGN WASHBAG,6,1.95,12369,Austria
522773,2010-09-16 14:34:00,47594B,SCOTTIES DESIGN WASHBAG,6,1.95,12369,Austria
522773,2010-09-16 14:34:00,21432,SET OF 3 CASES WOODLAND DESIGN,2,5.95,12369,Austria
522773,2010-09-16 14:34:00,20750,RED/WHITE DOT MINI CASES,2,7.95,12369,Austria
522773,2010-09-16 14:34:00,22505,MEMO BOARD COTTAGE DESIGN,4,4.95,12369,Austria
522773,2010-09-16 14:34:00,22609,PENS ASSORTED SPACEBALL,36,0.85,12369,Austria
522773,2010-09-16 14:34:00,22445,PENCIL CASE LIFE IS BEAUTIFUL,6,2.95,12369,Austria
522773,2010-09-16 14:34:00,22418,10 COLOUR SPACEBOY PEN,24,0.85,12369,Austria
522773,2010-09-16 14:34:00,11001,ASSTD DESIGN RACING CAR PEN,16,1.69,12369,Austria
522773,2010-09-16 14:34:00,20975,12 PENCILS SMALL TUBE RED SPOTTY,24,0.65,12369,Austria
522773,2010-09-16 14:34:00,20973,12 PENCIL SMALL TUBE WOODLAND,24,0.65,12369,Austria
522773,2010-09-16 14:34:00,22588,CARD HOLDER GINGHAM HEART,6,2.55,12369,Austria
522773,2010-09-16 14:34:00,21672,WHITE SPOT RED CERAMIC DRAWER KNOB,12,1.25,12369,Austria
522773,2010-09-16 14:34:00,21213,PACK OF 72 SKULL CAKE CASES,24,0.55,12369,Austria
522773,2010-09-16 14:34:00,21671,RED SPOT CERAMIC DRAWER KNOB,12,1.25,12369,Austria
522773,2010-09-16 14:34:00,21062,PARTY INVITES SPACEMAN,12,0.85,12369,Austria
522773,2010-09-16 14:34:00,84050,PINK HEART SHAPE EGG FRYING PAN,6,1.65,12369,Austria
522773,2010-09-16 14:34:00,22417,PACK OF 60 SPACEBOY CAKE CASES,24,0.55,12369,Austria
522773,2010-09-16 14:34:00,21976,PACK OF 60 MUSHROOM CAKE CASES,24,0.55,12369,Austria
522773,2010-09-16 14:34:00,21975,PACK OF 60 DINOSAUR CAKE CASES,24,0.55,12369,Austria
522773,2010-09-16 14:34:00,21212,PACK OF 72 RETRO SPOT CAKE CASES,24,0.55,12369,Austria
522773,2010-09-16 14:34:00,22367,CHILDRENS APRON SPACEBOY DESIGN,8,1.95,12369,Austria
522773,2010-09-16 14:34:00,21673,WHITE SPOT BLUE CERAMIC DRAWER KNOB,12,1.25,12369,Austria
522773,2010-09-16 14:34:00,21156,RETROSPOT CHILDRENS APRON,8,1.95,12369,Austria
522773,2010-09-16 14:34:00,22320,BIRDS MOBILE VINTAGE DESIGN,3,5.95,12369,Austria
522773,2010-09-16 14:34:00,22317,FIVE CATS HANGING DECORATION,6,2.95,12369,Austria
522773,2010-09-16 14:34:00,20703,BLUE PADDED SOFT MOBILE,3,4.25,12369,Austria
522773,2010-09-16 14:34:00,20702,PINK PADDED MOBILE,3,4.25,12369,Austria
522773,2010-09-16 14:34:00,22245,"HOOK, 1 HANGER ,MAGIC GARDEN",12,0.85,12369,Austria
522773,2010-09-16 14:34:00,22242,"HOOK, 5 HANGER , MAGIC TOADSTOOL",12,1.65,12369,Austria
522773,2010-09-16 14:34:00,84879,ASSORTED COLOUR BIRD ORNAMENT,8,1.69,12369,Austria
522773,2010-09-16 14:34:00,21042,RED SPOTTY APRON ,3,5.95,12369,Austria
522773,2010-09-16 14:34:00,71270,PHOTO CLIP LINE,12,1.25,12369,Austria
522773,2010-09-16 14:34:00,22334,DINOSAUR PARTY BAG + STICKER SET,8,1.65,12369,Austria
522773,2010-09-16 14:34:00,22029,SPACEBOY BIRTHDAY CARD,12,0.42,12369,Austria
522773,2010-09-16 14:34:00,21497,FANCY FONTS BIRTHDAY WRAP,25,0.42,12369,Austria
522773,2010-09-16 14:34:00,21883,STARS GIFT TAPE ,12,0.65,12369,Austria
522773,2010-09-16 14:34:00,21880,RED AND WHITE SPOT TAPE,12,0.65,12369,Austria
522773,2010-09-16 14:34:00,10123C,HEARTS WRAPPING TAPE ,12,0.65,12369,Austria
522773,2010-09-16 14:34:00,22507,MEMO BOARD RETROSPOT  DESIGN,4,4.95,12369,Austria
522773,2010-09-16 14:34:00,21506,"FANCY FONT BIRTHDAY CARD, ",12,0.42,12369,Austria
522773,2010-09-16 14:34:00,22027,TEA PARTY BIRTHDAY CARD,12,0.42,12369,Austria
522773,2010-09-16 14:34:00,21507,"ELEPHANT, BIRTHDAY CARD, ",12,0.42,12369,Austria
522773,2010-09-16 14:34:00,22629,SPACEBOY LUNCH BOX ,12,1.95,12369,Austria
522773,2010-09-16 14:34:00,22382,LUNCH BAG SPACEBOY DESIGN ,10,1.65,12369,Austria
522773,2010-09-16 14:34:00,21561,DINOSAUR LUNCH BOX WITH CUTLERY,6,2.55,12369,Austria
522773,2010-09-16 14:34:00,21559,STRAWBERRY LUNCH BOX WITH CUTLERY,6,2.55,12369,Austria
522773,2010-09-16 14:34:00,20728,LUNCH BAG CARS BLUE,10,1.65,12369,Austria
522773,2010-09-16 14:34:00,20726,LUNCH BAG WOODLAND,10,1.65,12369,Austria
522773,2010-09-16 14:34:00,20725,LUNCH BAG RED SPOTTY,10,1.65,12369,Austria
522773,2010-09-16 14:34:00,21498,RED SPOTS  WRAP ,25,0.42,12369,Austria
522773,2010-09-16 14:34:00,21499,BLUE SPOTS  WRAP,25,0.42,12369,Austria
522773,2010-09-16 14:34:00,21879,HEARTS GIFT TAPE,12,0.65,12369,Austria
522773,2010-09-16 14:34:00,22045,SPACEBOY GIFT WRAP,25,0.42,12369,Austria
522773,2010-09-16 14:34:00,21508,VINTAGE KID DOLLY CARD ,12,0.42,12369,Austria
522773,2010-09-16 14:34:00,POST,POSTAGE,5,40.0,12369,Austria
522773,2010-09-16 14:34:00,20665,RED SPOTTY PURSE ,6,2.95,12369,Austria
522773,2010-09-16 14:34:00,21503,TOYBOX  WRAP ,25,0.42,12369,Austria
522773,2010-09-16 14:34:00,22716,CARD CIRCUS PARADE,12,0.42,12369,Austria
522773,2010-09-16 14:34:00,22331,WOODLAND PARTY BAG + STICKER SET,8,1.65,12369,Austria
522773,2010-09-16 14:34:00,22333,RETRO SPOT PARTY BAG + STICKER SET,8,1.65,12369,Austria
522773,2010-09-16 14:34:00,62094B,TURQ ICE CREAM BUM BAG ,6,2.55,12369,Austria
522773,2010-09-16 14:34:00,21935,SUKI  SHOULDER BAG,10,1.65,12369,Austria
522773,2010-09-16 14:34:00,21056,DOCTOR'S BAG SOFT TOY,2,8.95,12369,Austria
522773,2010-09-16 14:34:00,21452,TOADSTOOL MONEY BOX,6,2.95,12369,Austria
522773,2010-09-16 14:34:00,22531,MAGIC DRAWING SLATE CIRCUS PARADE  ,24,0.42,12369,Austria
522773,2010-09-16 14:34:00,85226A,WHITE/BLUE PULL BACK RACING CAR,12,0.55,12369,Austria
522773,2010-09-16 14:34:00,21731,RED TOADSTOOL LED NIGHT LIGHT,12,1.65,12369,Austria
522773,2010-09-16 14:34:00,22706,WRAP COWBOYS  ,25,0.42,12369,Austria
522773,2010-09-16 14:34:00,22707,WRAP MONSTER FUN ,25,0.42,12369,Austria
522773,2010-09-16 14:34:00,21055,TOOL BOX SOFT TOY ,2,8.95,12369,Austria
522929,2010-09-17 14:45:00,22610,PENS ASSORTED FUNNY FACE,36,0.85,15117,United Kingdom
522929,2010-09-17 14:45:00,22566,FELTCRAFT HAIRBAND PINK AND PURPLE,12,0.85,15117,United Kingdom
522929,2010-09-17 14:45:00,22751,FELTCRAFT PRINCESS OLIVIA DOLL,4,3.75,15117,United Kingdom
522929,2010-09-17 14:45:00,22940,FELTCRAFT CHRISTMAS FAIRY,4,4.25,15117,United Kingdom
522929,2010-09-17 14:45:00,22147,FELTCRAFT BUTTERFLY HEARTS,12,1.45,15117,United Kingdom
522929,2010-09-17 14:45:00,22145,CHRISTMAS CRAFT HEART STOCKING ,6,2.1,15117,United Kingdom
522929,2010-09-17 14:45:00,22272,FELTCRAFT DOLL MARIA,6,2.95,15117,United Kingdom
522929,2010-09-17 14:45:00,22274,FELTCRAFT DOLL EMILY,6,2.95,15117,United Kingdom
522929,2010-09-17 14:45:00,16014,SMALL CHINESE STYLE SCISSOR,500,0.32,15117,United Kingdom
522929,2010-09-17 14:45:00,22149,FELTCRAFT 6 FLOWER FRIENDS,6,2.1,15117,United Kingdom
522929,2010-09-17 14:45:00,22666,RECIPE BOX PANTRY YELLOW DESIGN,6,2.95,15117,United Kingdom
522929,2010-09-17 14:45:00,22752,SET 7 BABUSHKA NESTING BOXES,2,8.5,15117,United Kingdom
522929,2010-09-17 14:45:00,22113,GREY HEART HOT WATER BOTTLE,4,3.75,15117,United Kingdom
522929,2010-09-17 14:45:00,22410,MONEY BOX HOUSEKEEPING DESIGN,12,1.25,15117,United Kingdom
522929,2010-09-17 14:45:00,21930,JUMBO STORAGE BAG SKULLS,10,1.95,15117,United Kingdom
522929,2010-09-17 14:45:00,85099B,JUMBO BAG RED RETROSPOT,10,1.95,15117,United Kingdom
522929,2010-09-17 14:45:00,21931,JUMBO STORAGE BAG SUKI,10,1.95,15117,United Kingdom
522929,2010-09-17 14:45:00,20719,WOODLAND CHARLOTTE BAG,10,0.85,15117,United Kingdom
522929,2010-09-17 14:45:00,20712,JUMBO BAG WOODLAND ANIMALS,10,1.95,15117,United Kingdom
522929,2010-09-17 14:45:00,22405,MONEY BOX POCKET MONEY DESIGN,12,1.25,15117,United Kingdom
522929,2010-09-17 14:45:00,20727,LUNCH BAG  BLACK SKULL.,10,1.65,15117,United Kingdom
522929,2010-09-17 14:45:00,22383,LUNCH BAG SUKI  DESIGN ,10,1.65,15117,United Kingdom
522929,2010-09-17 14:45:00,20728,LUNCH BAG CARS BLUE,10,1.65,15117,United Kingdom
522929,2010-09-17 14:45:00,20725,LUNCH BAG RED SPOTTY,10,1.65,15117,United Kingdom
522929,2010-09-17 14:45:00,21934,SKULL SHOULDER BAG,10,1.65,15117,United Kingdom
522929,2010-09-17 14:45:00,22406,MONEY BOX KINGS CHOICE DESIGN,12,1.25,15117,United Kingdom
523133,2010-09-20 14:04:00,21907,I'M ON HOLIDAY METAL SIGN,48,1.85,16168,United Kingdom
523133,2010-09-20 14:04:00,21868,POTTING SHED TEA MUG,12,1.25,16168,United Kingdom
523133,2010-09-20 14:04:00,85208,SET/12 FUNKY FELT FLOWER PEG IN BAG,12,2.1,16168,United Kingdom
523373,2010-09-21 18:56:00,21730,GLASS STAR FROSTED T-LIGHT HOLDER,9,4.95,16199,United Kingdom
523373,2010-09-21 18:56:00,71477,COLOUR GLASS. STAR T-LIGHT HOLDER,24,2.75,16199,United Kingdom
523524,2010-09-22 13:07:00,20973,12 PENCIL SMALL TUBE WOODLAND,3,0.65,14570,United Kingdom
523524,2010-09-22 13:07:00,21982,PACK OF 12 SUKI TISSUES ,24,0.29,14570,United Kingdom
523524,2010-09-22 13:07:00,20975,12 PENCILS SMALL TUBE RED SPOTTY,10,0.65,14570,United Kingdom
523524,2010-09-22 13:07:00,21380,WOODEN HAPPY BIRTHDAY GARLAND,1,2.95,14570,United Kingdom
523524,2010-09-22 13:07:00,21986,PACK OF 12 PINK SPOT TISSUES ,12,0.29,14570,United Kingdom
523524,2010-09-22 13:07:00,22278,OVERNIGHT BAG VINTAGE ROSE PAISLEY,1,4.95,14570,United Kingdom
523524,2010-09-22 13:07:00,20931,BLUE POT PLANT CANDLE ,2,3.75,14570,United Kingdom
523524,2010-09-22 13:07:00,22139,RETRO SPOT TEA SET CERAMIC 11 PC ,1,4.95,14570,United Kingdom
523524,2010-09-22 13:07:00,84987,SET OF 36 TEATIME PAPER DOILIES,3,1.45,14570,United Kingdom
523524,2010-09-22 13:07:00,21497,FANCY FONTS BIRTHDAY WRAP,25,0.42,14570,United Kingdom
523524,2010-09-22 13:07:00,20975,12 PENCILS SMALL TUBE RED SPOTTY,48,0.65,14570,United Kingdom
523524,2010-09-22 13:07:00,22333,RETRO SPOT PARTY BAG + STICKER SET,6,1.65,14570,United Kingdom
523524,2010-09-22 13:07:00,21110,LARGE CAKE TOWEL PINK SPOTS,1,6.75,14570,United Kingdom
523524,2010-09-22 13:07:00,22061,LARGE CAKE STAND  HANGING STRAWBERY,1,9.95,14570,United Kingdom
523524,2010-09-22 13:07:00,22617,BAKING SET SPACEBOY DESIGN,3,4.95,14570,United Kingdom
523524,2010-09-22 13:07:00,84991,60 TEATIME FAIRY CAKE CASES,3,0.55,14570,United Kingdom
523524,2010-09-22 13:07:00,M,Manual,67,1.5,14570,United Kingdom
523524,2010-09-22 13:07:00,85172,HYACINTH BULB T-LIGHT CANDLES,16,0.42,14570,United Kingdom
523524,2010-09-22 13:07:00,22132,RED LOVE HEART SHAPE CUP,51,0.85,14570,United Kingdom
523524,2010-09-22 13:07:00,22398,MAGNETS PACK OF 4 SWALLOWS,3,1.25,14570,United Kingdom
523524,2010-09-22 13:07:00,21506,"FANCY FONT BIRTHDAY CARD, ",12,0.42,14570,United Kingdom
523524,2010-09-22 13:07:00,21122,SET/10 PINK SPOTTY PARTY CANDLES,2,1.25,14570,United Kingdom
523524,2010-09-22 13:07:00,90203,SILVER CHARM NECKLACE 70CM,1,7.5,14570,United Kingdom
523524,2010-09-22 13:07:00,20735,BLACK MINI TAPE MEASURE ,1,0.85,14570,United Kingdom
523524,2010-09-22 13:07:00,22127,PARTY CONES CARNIVAL ASSORTED,17,1.25,14570,United Kingdom
523524,2010-09-22 13:07:00,22640,SET OF 4 NAPKIN CHARMS 3 KEYS ,4,2.55,14570,United Kingdom
523524,2010-09-22 13:07:00,90016C,SILVER/BLACK PENDANT ORBIT NECKLACE,1,8.5,14570,United Kingdom
523524,2010-09-22 13:07:00,90018C,SILVER BLACK ORBIT DROP EARRINGS,1,4.25,14570,United Kingdom
523524,2010-09-22 13:07:00,90194,SILVER LARIAT BLACK STONE EARRINGS,1,4.25,14570,United Kingdom
523524,2010-09-22 13:07:00,90002A,FLOWER BURST SILVER RING OPAL,1,3.75,14570,United Kingdom
523524,2010-09-22 13:07:00,90014A,SILVER/MOP ORBIT NECKLACE,1,9.95,14570,United Kingdom
523524,2010-09-22 13:07:00,90062,CARNIVAL BRACELET,1,12.75,14570,United Kingdom
523524,2010-09-22 13:07:00,21126,SET OF 6 GIRLS CELEBRATION CANDLES,1,1.25,14570,United Kingdom
523524,2010-09-22 13:07:00,72051S,BAG OF SILVER STONES,2,0.42,14570,United Kingdom
523524,2010-09-22 13:07:00,84991,60 TEATIME FAIRY CAKE CASES,5,0.55,14570,United Kingdom
523524,2010-09-22 13:07:00,22866,HAND WARMER SCOTTY DOG DESIGN,1,2.1,14570,United Kingdom
523524,2010-09-22 13:07:00,21124,SET/10 BLUE SPOTTY PARTY CANDLES,1,1.25,14570,United Kingdom
523524,2010-09-22 13:07:00,21125,SET 6 FOOTBALL CELEBRATION CANDLES,1,1.25,14570,United Kingdom
523524,2010-09-22 13:07:00,90191,SILVER LARIAT 40CM,1,12.75,14570,United Kingdom
523572,2010-09-22 16:04:00,21034,REX CASH+CARRY JUMBO SHOPPER,1,0.95,13576,United Kingdom
523572,2010-09-22 16:04:00,22041,"RECORD FRAME 7"" SINGLE SIZE ",48,2.1,13576,United Kingdom
523572,2010-09-22 16:04:00,21137,BLACK RECORD COVER FRAME,48,3.39,13576,United Kingdom
523572,2010-09-22 16:04:00,22121,NOEL WOODEN BLOCK LETTERS ,5,5.95,13576,United Kingdom
523572,2010-09-22 16:04:00,22119,PEACE WOODEN BLOCK LETTERS,5,6.95,13576,United Kingdom
523572,2010-09-22 16:04:00,22118,JOY WOODEN BLOCK LETTERS,4,4.95,13576,United Kingdom
523572,2010-09-22 16:04:00,82578,KITCHEN METAL SIGN,12,0.55,13576,United Kingdom
523572,2010-09-22 16:04:00,21755,LOVE BUILDING BLOCK WORD,2,5.95,13576,United Kingdom
523572,2010-09-22 16:04:00,85065,CREAM SWEETHEART TRAYS,1,12.75,13576,United Kingdom
523572,2010-09-22 16:04:00,22631,CIRCUS PARADE LUNCH BOX ,1,1.95,13576,United Kingdom
523572,2010-09-22 16:04:00,21558,SKULL LUNCH BOX WITH CUTLERY ,4,2.55,13576,United Kingdom
523572,2010-09-22 16:04:00,21843,RED RETROSPOT CAKE STAND,1,10.95,13576,United Kingdom
523572,2010-09-22 16:04:00,21754,HOME BUILDING BLOCK WORD,3,5.95,13576,United Kingdom
523871,2010-09-24 12:59:00,22628,PICNIC BOXES SET OF 3 RETROSPOT ,4,4.95,16168,United Kingdom
523871,2010-09-24 12:59:00,84997D,PINK 3 PIECE MINI DOTS CUTLERY SET,6,3.75,16168,United Kingdom
523871,2010-09-24 12:59:00,84997C,BLUE 3 PIECE MINI DOTS CUTLERY SET,6,3.75,16168,United Kingdom
523871,2010-09-24 12:59:00,20725,LUNCH BAG RED SPOTTY,20,1.65,16168,United Kingdom
523871,2010-09-24 12:59:00,22379,RECYCLING BAG RETROSPOT ,10,2.1,16168,United Kingdom
523871,2010-09-24 12:59:00,20728,LUNCH BAG CARS BLUE,10,1.65,16168,United Kingdom
523871,2010-09-24 12:59:00,22192,BLUE DINER WALL CLOCK,4,8.5,16168,United Kingdom
523871,2010-09-24 12:59:00,22467,GUMBALL COAT RACK,6,2.55,16168,United Kingdom
523871,2010-09-24 12:59:00,20727,LUNCH BAG  BLACK SKULL.,10,1.65,16168,United Kingdom
523934,2010-09-26 10:47:00,75049L,LARGE CIRCULAR MIRROR MOBILE,96,0.85,16168,United Kingdom
523934,2010-09-26 10:47:00,22423,REGENCY CAKESTAND 3 TIER,4,12.75,16168,United Kingdom
523934,2010-09-26 10:47:00,85042,ANTIQUE LILY FAIRY LIGHTS,4,4.95,16168,United Kingdom
523934,2010-09-26 10:47:00,85047,WHITE BEADED GARLAND STRING 20LIGHT,6,6.35,16168,United Kingdom
523936,2010-09-26 10:48:00,72008,FROSTED BOX 9 WHITE T-LIGHT CANDLES,12,0.42,16168,United Kingdom
523936,2010-09-26 10:48:00,75049L,LARGE CIRCULAR MIRROR MOBILE,96,0.85,16168,United Kingdom
523936,2010-09-26 10:48:00,22804,CANDLEHOLDER PINK HANGING HEART,6,2.95,16168,United Kingdom
523936,2010-09-26 10:48:00,21447,12 IVORY ROSE PEG PLACE SETTINGS,12,1.25,16168,United Kingdom
523948,2010-09-26 11:50:00,84978,HANGING HEART JAR T-LIGHT HOLDER,1,1.25,13784,United Kingdom
523948,2010-09-26 11:50:00,22360,GLASS JAR ENGLISH CONFECTIONERY,3,2.95,13784,United Kingdom
524561,2010-09-29 14:41:00,21041,RED SPOTTY OVEN GLOVE DOUBLE,6,2.95,15985,United Kingdom
524563,2010-09-29 14:43:00,20754,RETROSPOT RED WASHING UP GLOVES,12,2.1,15985,United Kingdom
524563,2010-09-29 14:43:00,21900,"KEY FOB , SHED",24,0.65,15985,United Kingdom
524563,2010-09-29 14:43:00,21868,POTTING SHED TEA MUG,24,1.25,15985,United Kingdom
524563,2010-09-29 14:43:00,21609,SET 12 LAVENDER  BOTANICAL T-LIGHTS,12,2.95,15985,United Kingdom
524563,2010-09-29 14:43:00,21612,SET 12 WILDFLOWER BOTANICAL T-LIGHT,6,2.95,15985,United Kingdom
524563,2010-09-29 14:43:00,21614,SET OF 12 ROSE BOTANICAL T-LIGHTS,12,2.95,15985,United Kingdom
524563,2010-09-29 14:43:00,82580,BATHROOM METAL SIGN,60,0.55,15985,United Kingdom
524563,2010-09-29 14:43:00,20752,BLUE POLKADOT WASHING UP GLOVES,6,2.1,15985,United Kingdom
524563,2010-09-29 14:43:00,22357,KINGS CHOICE BISCUIT TIN,4,4.25,15985,United Kingdom
524563,2010-09-29 14:43:00,22619,SET OF 6 SOLDIER SKITTLES,8,3.75,15985,United Kingdom
524563,2010-09-29 14:43:00,22358,KINGS CHOICE TEA CADDY ,6,2.95,15985,United Kingdom
524563,2010-09-29 14:43:00,22394,PAPERWEIGHT KINGS CHOICE ,6,2.55,15985,United Kingdom
524563,2010-09-29 14:43:00,21875,KINGS CHOICE MUG,12,1.25,15985,United Kingdom
524563,2010-09-29 14:43:00,22091,EMPIRE TISSUE BOX,12,1.25,15985,United Kingdom
524563,2010-09-29 14:43:00,21586,KINGS CHOICE GIANT TUBE MATCHES,12,2.55,15985,United Kingdom
524563,2010-09-29 14:43:00,20914,SET/5 RED RETROSPOT LID GLASS BOWLS,18,2.95,15985,United Kingdom
524751,2010-09-30 15:14:00,22574,HEART WOODEN CHRISTMAS DECORATION,12,0.85,14699,United Kingdom
524751,2010-09-30 15:14:00,71459,HANGING JAM JAR T-LIGHT HOLDER,12,0.85,14699,United Kingdom
524751,2010-09-30 15:14:00,84755,COLOUR GLASS T-LIGHT HOLDER HANGING,16,0.65,14699,United Kingdom
524751,2010-09-30 15:14:00,21108,FAIRY CAKE FLANNEL ASSORTED COLOUR,9,2.55,14699,United Kingdom
524751,2010-09-30 15:14:00,22694,WICKER STAR ,6,2.1,14699,United Kingdom
524751,2010-09-30 15:14:00,35400,WOODEN BOX ADVENT CALENDAR ,2,8.95,14699,United Kingdom
524751,2010-09-30 15:14:00,22601,CHRISTMAS RETROSPOT ANGEL WOOD,12,0.85,14699,United Kingdom
524751,2010-09-30 15:14:00,35970,ZINC FOLKART SLEIGH BELLS,12,1.69,14699,United Kingdom
524751,2010-09-30 15:14:00,22579,WOODEN TREE CHRISTMAS SCANDINAVIAN,12,0.85,14699,United Kingdom
524751,2010-09-30 15:14:00,22578,WOODEN STAR CHRISTMAS SCANDINAVIAN,12,0.85,14699,United Kingdom
524751,2010-09-30 15:14:00,22577,WOODEN HEART CHRISTMAS SCANDINAVIAN,12,0.85,14699,United Kingdom
524751,2010-09-30 15:14:00,22576,SWALLOW WOODEN CHRISTMAS DECORATION,12,0.85,14699,United Kingdom
524751,2010-09-30 15:14:00,22573,STAR WOODEN CHRISTMAS DECORATION,12,0.85,14699,United Kingdom
524751,2010-09-30 15:14:00,22600,CHRISTMAS RETROSPOT STAR WOOD,12,0.85,14699,United Kingdom
524856,2010-09-30 19:43:00,84029E,RED WOOLLY HOTTIE WHITE HEART.,2,3.75,14713,United Kingdom
524856,2010-09-30 19:43:00,21478,SILVER SKULL HOT WATER BOTTLE ,2,3.75,14713,United Kingdom
524856,2010-09-30 19:43:00,22812,PACK 3 BOXES CHRISTMAS PANNETONE,6,1.95,14713,United Kingdom
524856,2010-09-30 19:43:00,20728,LUNCH BAG CARS BLUE,4,1.65,14713,United Kingdom
524856,2010-09-30 19:43:00,22383,LUNCH BAG SUKI  DESIGN ,4,1.65,14713,United Kingdom
524856,2010-09-30 19:43:00,20725,LUNCH BAG RED RETROSPOT,4,1.65,14713,United Kingdom
524856,2010-09-30 19:43:00,20727,LUNCH BAG  BLACK SKULL.,4,1.65,14713,United Kingdom
524856,2010-09-30 19:43:00,22384,LUNCH BAG PINK POLKADOT,4,1.65,14713,United Kingdom
524856,2010-09-30 19:43:00,22385,JUMBO BAG SPACEBOY DESIGN,2,1.95,14713,United Kingdom
524856,2010-09-30 19:43:00,21931,JUMBO STORAGE BAG SUKI,2,1.95,14713,United Kingdom
524856,2010-09-30 19:43:00,22386,JUMBO BAG PINK POLKADOT,2,1.95,14713,United Kingdom
524856,2010-09-30 19:43:00,22411,JUMBO SHOPPER VINTAGE RED PAISLEY,2,1.95,14713,United Kingdom
524856,2010-09-30 19:43:00,85099C,JUMBO  BAG BAROQUE BLACK WHITE,2,1.95,14713,United Kingdom
524856,2010-09-30 19:43:00,85099B,JUMBO BAG RED RETROSPOT,2,1.95,14713,United Kingdom
524856,2010-09-30 19:43:00,22045,SPACEBOY GIFT WRAP,25,0.42,14713,United Kingdom
524856,2010-09-30 19:43:00,22086,PAPER CHAIN KIT 50'S CHRISTMAS ,6,2.95,14713,United Kingdom
524856,2010-09-30 19:43:00,21930,JUMBO STORAGE BAG SKULLS,2,1.95,14713,United Kingdom
524856,2010-09-30 19:43:00,84032A,CHARLIE+LOLA PINK HOT WATER BOTTLE,2,2.95,14713,United Kingdom
524856,2010-09-30 19:43:00,21488,RED WHITE SCARF  HOT WATER BOTTLE,2,3.95,14713,United Kingdom
524856,2010-09-30 19:43:00,22866,HAND WARMER SCOTTY DOG DESIGN,3,2.1,14713,United Kingdom
524856,2010-09-30 19:43:00,82484,WOOD BLACK BOARD ANT WHITE FINISH,2,6.45,14713,United Kingdom
524856,2010-09-30 19:43:00,22518,CHILDS GARDEN BRUSH BLUE,3,2.1,14713,United Kingdom
524856,2010-09-30 19:43:00,84032B,CHARLIE + LOLA RED HOT WATER BOTTLE,1,2.95,14713,United Kingdom
524856,2010-09-30 19:43:00,22730,ALARM CLOCK BAKELIKE IVORY,1,3.75,14713,United Kingdom
524856,2010-09-30 19:43:00,21918,SET 12 KIDS COLOUR  CHALK STICKS,6,0.42,14713,United Kingdom
524856,2010-09-30 19:43:00,21917,SET 12 KIDS  WHITE CHALK STICKS,6,0.42,14713,United Kingdom
524856,2010-09-30 19:43:00,82494L,WOODEN FRAME ANTIQUE WHITE ,3,2.95,14713,United Kingdom
524856,2010-09-30 19:43:00,82483,WOOD 2 DRAWER CABINET WHITE FINISH,1,5.95,14713,United Kingdom
524856,2010-09-30 19:43:00,21705,BAG 500g SWIRLY MARBLES,6,1.65,14713,United Kingdom
524856,2010-09-30 19:43:00,72586,"S/6 HALLOWEEN GHOST T LIGHTS, 5CM H",24,0.42,14713,United Kingdom
524856,2010-09-30 19:43:00,22356,CHARLOTTE BAG PINK POLKADOT,4,0.85,14713,United Kingdom
524856,2010-09-30 19:43:00,20724,RED RETROSPOT CHARLOTTE BAG,4,0.85,14713,United Kingdom
524856,2010-09-30 19:43:00,22355,CHARLOTTE BAG SUKI DESIGN,4,0.85,14713,United Kingdom
524856,2010-09-30 19:43:00,20971,PINK BLUE FELT CRAFT TRINKET BOX,4,1.25,14713,United Kingdom
524856,2010-09-30 19:43:00,20972,PINK CREAM FELT CRAFT TRINKET BOX ,4,1.25,14713,United Kingdom
524856,2010-09-30 19:43:00,10002,INFLATABLE POLITICAL GLOBE ,12,0.85,14713,United Kingdom
524856,2010-09-30 19:43:00,22307,GOLD MUG BONE CHINA TREE OF LIFE,6,1.95,14713,United Kingdom
524861,2010-10-01 08:19:00,22423,REGENCY CAKESTAND 3 TIER,1,12.75,13784,United Kingdom
524861,2010-10-01 08:19:00,82494L,WOODEN FRAME ANTIQUE WHITE ,12,2.95,13784,United Kingdom
525265,2010-10-04 15:54:00,21172,PARTY METAL SIGN ,12,1.45,16168,United Kingdom
525265,2010-10-04 15:54:00,47566B,TEA TIME PARTY BUNTING,50,3.75,16168,United Kingdom
525265,2010-10-04 15:54:00,22077,6 RIBBONS RUSTIC CHARM,12,1.65,16168,United Kingdom
525265,2010-10-04 15:54:00,47566,PARTY BUNTING,50,3.75,16168,United Kingdom
525434,2010-10-05 13:19:00,22178,VICTORIAN GLASS HANGING T-LIGHT,30,1.25,14064,United Kingdom
525434,2010-10-05 13:19:00,22596,CHRISTMAS STAR WISH LIST CHALKBOARD,24,0.85,14064,United Kingdom
525434,2010-10-05 13:19:00,21172,PARTY METAL SIGN ,6,1.45,14064,United Kingdom
525434,2010-10-05 13:19:00,22906,12 MESSAGE CARDS WITH ENVELOPES,6,1.65,14064,United Kingdom
525434,2010-10-05 13:19:00,22603,CHRISTMAS RETROSPOT TREE WOOD,2,0.85,14064,United Kingdom
525434,2010-10-05 13:19:00,22600,CHRISTMAS RETROSPOT STAR WOOD,14,0.85,14064,United Kingdom
525434,2010-10-05 13:19:00,22601,CHRISTMAS RETROSPOT ANGEL WOOD,12,0.85,14064,United Kingdom
525434,2010-10-05 13:19:00,22581,WOOD STOCKING CHRISTMAS SCANDISPOT,20,0.85,14064,United Kingdom
525434,2010-10-05 13:19:00,22579,WOODEN TREE CHRISTMAS SCANDINAVIAN,20,0.85,14064,United Kingdom
525434,2010-10-05 13:19:00,35962,SET/12 ZINC CHRISTMAS DECORATIONS,6,2.1,14064,United Kingdom
525434,2010-10-05 13:19:00,84970S,HANGING HEART ZINC T-LIGHT HOLDER,12,0.85,14064,United Kingdom
525434,2010-10-05 13:19:00,84970L,SINGLE HEART ZINC T-LIGHT HOLDER,12,0.95,14064,United Kingdom
525434,2010-10-05 13:19:00,22731,3D CHRISTMAS STAMPS STICKERS ,6,1.25,14064,United Kingdom
525434,2010-10-05 13:19:00,22578,WOODEN STAR CHRISTMAS SCANDINAVIAN,20,0.85,14064,United Kingdom
525435,2010-10-05 13:20:00,22952,60 CAKE CASES VINTAGE CHRISTMAS,48,0.55,14064,United Kingdom
525435,2010-10-05 13:20:00,22147,FELTCRAFT BUTTERFLY HEARTS,11,1.45,14064,United Kingdom
525750,2010-10-07 09:53:00,15056N,EDWARDIAN PARASOL NATURAL,3,5.95,14682,United Kingdom
525750,2010-10-07 09:53:00,22632,HAND WARMER RED RETROSPOT,12,2.1,14682,United Kingdom
525750,2010-10-07 09:53:00,22584,PACK OF 6 PANNETONE GIFT BOXES,6,2.55,14682,United Kingdom
525750,2010-10-07 09:53:00,20670,VIP HOLIDAY PURSE,6,2.95,14682,United Kingdom
525750,2010-10-07 09:53:00,22569,FELTCRAFT CUSHION BUTTERFLY,4,3.75,14682,United Kingdom
525750,2010-10-07 09:53:00,20977,36 PENCILS TUBE WOODLAND,16,1.25,14682,United Kingdom
525750,2010-10-07 09:53:00,22568,FELTCRAFT CUSHION OWL,4,3.75,14682,United Kingdom
525750,2010-10-07 09:53:00,20679,EDWARDIAN PARASOL RED,3,5.95,14682,United Kingdom
525750,2010-10-07 09:53:00,22438,BALLOON ART MAKE YOUR OWN FLOWERS,10,1.95,14682,United Kingdom
525750,2010-10-07 09:53:00,22565,FELTCRAFT HAIRBANDS PINK AND WHITE ,12,0.85,14682,United Kingdom
525750,2010-10-07 09:53:00,22907,PACK OF 20 NAPKINS PANTRY DESIGN,12,0.85,14682,United Kingdom
525750,2010-10-07 09:53:00,22210,WOOD STAMP SET BEST WISHES,12,1.65,14682,United Kingdom
525750,2010-10-07 09:53:00,22444,GROW YOUR OWN PLANT IN A CAN ,24,1.25,14682,United Kingdom
525750,2010-10-07 09:53:00,21556,CERAMIC STRAWBERRY MONEY BOX,6,2.55,14682,United Kingdom
525750,2010-10-07 09:53:00,21452,TOADSTOOL MONEY BOX,6,2.95,14682,United Kingdom
525750,2010-10-07 09:53:00,22208,WOOD STAMP SET THANK YOU,12,1.65,14682,United Kingdom
525750,2010-10-07 09:53:00,84670,JAPANESE CROCHETED ANIMAL,24,0.42,14682,United Kingdom
525750,2010-10-07 09:53:00,22559,SEASIDE FLYING DISC,12,1.25,14682,United Kingdom
525750,2010-10-07 09:53:00,21833,CAMOUFLAGE LED TORCH,12,1.69,14682,United Kingdom
525750,2010-10-07 09:53:00,22551,PLASTERS IN TIN SPACEBOY,12,1.65,14682,United Kingdom
525750,2010-10-07 09:53:00,22554,PLASTERS IN TIN WOODLAND ANIMALS,12,1.65,14682,United Kingdom
525750,2010-10-07 09:53:00,22489,PACK OF 12 TRADITIONAL CRAYONS,24,0.42,14682,United Kingdom
525750,2010-10-07 09:53:00,20972,PINK CREAM FELT CRAFT TRINKET BOX ,12,1.25,14682,United Kingdom
525750,2010-10-07 09:53:00,21078,SET/20 STRAWBERRY PAPER NAPKINS ,12,0.85,14682,United Kingdom
525750,2010-10-07 09:53:00,20971,PINK BLUE FELT CRAFT TRINKET BOX,12,1.25,14682,United Kingdom
525750,2010-10-07 09:53:00,21829,DINOSAUR KEYRINGS ASSORTED,36,0.21,14682,United Kingdom
525750,2010-10-07 09:53:00,22149,FELTCRAFT 6 FLOWER FRIENDS,12,2.1,14682,United Kingdom
525750,2010-10-07 09:53:00,22147,FELTCRAFT BUTTERFLY HEARTS,12,1.45,14682,United Kingdom
525750,2010-10-07 09:53:00,22530,MAGIC DRAWING SLATE DOLLY GIRL ,24,0.42,14682,United Kingdom
525750,2010-10-07 09:53:00,22534,MAGIC DRAWING SLATE SPACEBOY ,24,0.42,14682,United Kingdom
525750,2010-10-07 09:53:00,22535,MAGIC DRAWING SLATE BUNNIES ,24,0.42,14682,United Kingdom
525750,2010-10-07 09:53:00,22114,HOT WATER BOTTLE TEA AND SYMPATHY,4,3.95,14682,United Kingdom
525750,2010-10-07 09:53:00,21314,SMALL GLASS HEART TRINKET POT,8,2.1,14682,United Kingdom
525750,2010-10-07 09:53:00,22699,ROSES REGENCY TEACUP AND SAUCER ,6,2.95,14682,United Kingdom
525750,2010-10-07 09:53:00,22698,PINK REGENCY TEACUP AND SAUCER,6,2.95,14682,United Kingdom
525750,2010-10-07 09:53:00,21977,PACK OF 60 PINK PAISLEY CAKE CASES,24,0.55,14682,United Kingdom
525750,2010-10-07 09:53:00,84987,SET OF 36 TEATIME PAPER DOILIES,12,1.45,14682,United Kingdom
525750,2010-10-07 09:53:00,84988,SET OF 72 PINK HEART PAPER DOILIES,24,1.45,14682,United Kingdom
525750,2010-10-07 09:53:00,22697,GREEN REGENCY TEACUP AND SAUCER,6,2.95,14682,United Kingdom
525750,2010-10-07 09:53:00,22508,DOORSTOP RETROSPOT HEART,4,3.75,14682,United Kingdom
525750,2010-10-07 09:53:00,22271,FELTCRAFT DOLL ROSIE,6,2.95,14682,United Kingdom
525750,2010-10-07 09:53:00,22751,FELTCRAFT PRINCESS OLIVIA DOLL,4,3.75,14682,United Kingdom
525750,2010-10-07 09:53:00,21974,SET OF 36 PAISLEY FLOWER DOILIES,12,1.45,14682,United Kingdom
525750,2010-10-07 09:53:00,21219,SET/4 BADGES BALLOON GIRL,10,1.25,14682,United Kingdom
525750,2010-10-07 09:53:00,22746,POPPY'S PLAYHOUSE LIVINGROOM ,6,2.1,14682,United Kingdom
525750,2010-10-07 09:53:00,21221,SET/4 BADGES CUTE CREATURES,10,1.25,14682,United Kingdom
525750,2010-10-07 09:53:00,22747,POPPY'S PLAYHOUSE BATHROOM,6,2.1,14682,United Kingdom
525750,2010-10-07 09:53:00,72351B,SET/6 PINK  BUTTERFLY T-LIGHTS,12,2.1,14682,United Kingdom
525750,2010-10-07 09:53:00,72351A,SET/6 TURQUOISE BUTTERFLY T-LIGHTS,12,2.1,14682,United Kingdom
525750,2010-10-07 09:53:00,72349B,SET/6 PURPLE BUTTERFLY T-LIGHTS,12,2.1,14682,United Kingdom
525750,2010-10-07 09:53:00,22748,POPPY'S PLAYHOUSE KITCHEN,6,2.1,14682,United Kingdom
525878,2010-10-07 14:21:00,71477,COLOUR GLASS. STAR T-LIGHT HOLDER,24,2.75,16191,United Kingdom
525878,2010-10-07 14:21:00,22863,SOAP DISH BROCANTE,48,2.55,16191,United Kingdom
525878,2010-10-07 14:21:00,22294,HEART FILIGREE DOVE  SMALL,288,1.06,16191,United Kingdom
525878,2010-10-07 14:21:00,84836,ZINC METAL HEART DECORATION,216,1.06,16191,United Kingdom
525878,2010-10-07 14:21:00,22178,VICTORIAN GLASS HANGING T-LIGHT,96,1.06,16191,United Kingdom
525878,2010-10-07 14:21:00,22464,HANGING METAL HEART LANTERN,48,1.45,16191,United Kingdom
525878,2010-10-07 14:21:00,22465,HANGING METAL STAR LANTERN,48,1.45,16191,United Kingdom
525878,2010-10-07 14:21:00,22865,HAND WARMER OWL DESIGN,96,1.85,16191,United Kingdom
525878,2010-10-07 14:21:00,18097C,WHITE TALL PORCELAIN T-LIGHT HOLDER,48,1.95,16191,United Kingdom
525878,2010-10-07 14:21:00,22176,BLUE OWL SOFT TOY,48,2.55,16191,United Kingdom
525878,2010-10-07 14:21:00,22175,PINK OWL SOFT TOY,48,2.55,16191,United Kingdom
525878,2010-10-07 14:21:00,22301,COFFEE MUG CAT + BIRD DESIGN,6,2.55,16191,United Kingdom
525878,2010-10-07 14:21:00,22423,REGENCY CAKESTAND 3 TIER,16,10.95,16191,United Kingdom
525878,2010-10-07 14:21:00,22321,BIRD DECORATION RED RETROSPOT,144,0.72,16191,United Kingdom
525878,2010-10-07 14:21:00,85199L,LARGE HANGING IVORY & RED WOOD BIRD,144,0.53,16191,United Kingdom
525878,2010-10-07 14:21:00,22867,HAND WARMER BIRD DESIGN,96,1.85,16191,United Kingdom
526219,2010-10-10 14:35:00,85123A,WHITE HANGING HEART T-LIGHT HOLDER,6,2.95,15038,United Kingdom
526868,2010-10-13 13:32:00,79321,CHILLI LIGHTS,2,4.95,15016,United Kingdom
526868,2010-10-13 13:32:00,22469,HEART OF WICKER SMALL,4,1.65,15016,United Kingdom
526868,2010-10-13 13:32:00,22736,RIBBON REEL MAKING SNOWMEN ,1,1.65,15016,United Kingdom
526868,2010-10-13 13:32:00,22900, SET 2 TEA TOWELS I LOVE LONDON ,1,2.95,15016,United Kingdom
526868,2010-10-13 13:32:00,85032D,YULETIDE IMAGES GIFT WRAP SET,1,2.1,15016,United Kingdom
526868,2010-10-13 13:32:00,21894,POTTING SHED SEED ENVELOPES,1,1.25,15016,United Kingdom
526868,2010-10-13 13:32:00,22327,ROUND SNACK BOXES SET OF 4 SKULLS,2,2.95,15016,United Kingdom
526868,2010-10-13 13:32:00,22520,CHILDS GARDEN TROWEL BLUE ,3,0.85,15016,United Kingdom
526868,2010-10-13 13:32:00,21211,SET OF 72 SKULL PAPER  DOILIES,1,1.45,15016,United Kingdom
526868,2010-10-13 13:32:00,22534,MAGIC DRAWING SLATE SPACEBOY ,1,0.42,15016,United Kingdom
526868,2010-10-13 13:32:00,22551,PLASTERS IN TIN SPACEBOY,1,1.65,15016,United Kingdom
526868,2010-10-13 13:32:00,22417,PACK OF 60 SPACEBOY CAKE CASES,1,0.55,15016,United Kingdom
526868,2010-10-13 13:32:00,22502,PICNIC BASKET WICKER SMALL,2,5.95,15016,United Kingdom
526868,2010-10-13 13:32:00,21034,REX CASH+CARRY JUMBO SHOPPER,2,0.95,15016,United Kingdom
526868,2010-10-13 13:32:00,21452,TOADSTOOL MONEY BOX,2,2.95,15016,United Kingdom
526868,2010-10-13 13:32:00,22077,6 RIBBONS RUSTIC CHARM,2,1.65,15016,United Kingdom
526868,2010-10-13 13:32:00,22326,ROUND SNACK BOXES SET OF4 WOODLAND ,1,2.95,15016,United Kingdom
526868,2010-10-13 13:32:00,22521,CHILDS GARDEN TROWEL PINK,3,0.85,15016,United Kingdom
526868,2010-10-13 13:32:00,22553,PLASTERS IN TIN SKULLS,1,1.65,15016,United Kingdom
526868,2010-10-13 13:32:00,22534,MAGIC DRAWING SLATE SPACEBOY ,1,0.42,15016,United Kingdom
526868,2010-10-13 13:32:00,90002A,FLOWER BURST SILVER RING OPAL,2,3.75,15016,United Kingdom
526868,2010-10-13 13:32:00,90002A,FLOWER BURST SILVER RING OPAL,2,3.75,15016,United Kingdom
526868,2010-10-13 13:32:00,90082D,DIAMANTE BOW BROOCH BLACK COLOUR,3,6.35,15016,United Kingdom
526868,2010-10-13 13:32:00,82486,WOOD S/3 CABINET ANT WHITE FINISH,2,7.95,15016,United Kingdom
526868,2010-10-13 13:32:00,82494L,WOODEN FRAME ANTIQUE WHITE ,2,2.95,15016,United Kingdom
526868,2010-10-13 13:32:00,21314,SMALL GLASS HEART TRINKET POT,4,2.1,15016,United Kingdom
526868,2010-10-13 13:32:00,90002D,FLOWER BURST SILVER RING CRYSTAL,1,3.75,15016,United Kingdom
526868,2010-10-13 13:32:00,22766,PHOTO FRAME CORNICE,2,2.95,15016,United Kingdom
526868,2010-10-13 13:32:00,82482,WOODEN PICTURE FRAME WHITE FINISH,2,2.55,15016,United Kingdom
526868,2010-10-13 13:32:00,22068,BLACK PIRATE TREASURE CHEST,1,1.65,15016,United Kingdom
526868,2010-10-13 13:32:00,21755,LOVE BUILDING BLOCK WORD,3,5.95,15016,United Kingdom
526868,2010-10-13 13:32:00,85025C,PINK HEART SHAPE PHOTO FRAME,2,1.65,15016,United Kingdom
526868,2010-10-13 13:32:00,85025B,EAU DE NILE HEART SHAPE PHOTO FRAME,2,1.65,15016,United Kingdom
526868,2010-10-13 13:32:00,84750A,PINK SMALL GLASS CAKE STAND,2,1.95,15016,United Kingdom
526868,2010-10-13 13:32:00,20906,VINTAGE NOTEBOOK BEAUTY GIRL,2,2.95,15016,United Kingdom
526891,2010-10-13 14:41:00,22554,PLASTERS IN TIN WOODLAND ANIMALS,1,1.65,13832,United Kingdom
526891,2010-10-13 14:41:00,47566B,TEA TIME PARTY BUNTING,1,4.65,13832,United Kingdom
526891,2010-10-13 14:41:00,22383,LUNCH BAG SUKI  DESIGN ,1,1.65,13832,United Kingdom
526891,2010-10-13 14:41:00,84199,GLOW IN DARK DOLPHINS,1,0.21,13832,United Kingdom
526891,2010-10-13 14:41:00,22837,HOT WATER BOTTLE BABUSHKA ,1,4.65,13832,United Kingdom
526891,2010-10-13 14:41:00,21407,BROWN CHECK CAT DOORSTOP ,1,4.25,13832,United Kingdom
526891,2010-10-13 14:41:00,15056BL,EDWARDIAN PARASOL BLACK,1,5.95,13832,United Kingdom
526891,2010-10-13 14:41:00,21260,FIRST AID TIN,1,3.25,13832,United Kingdom
526891,2010-10-13 14:41:00,21785,RAIN PONCHO ,1,0.85,13832,United Kingdom
526891,2010-10-13 14:41:00,84792,ENCHANTED BIRD COATHANGER 5 HOOK,1,4.65,13832,United Kingdom
526891,2010-10-13 14:41:00,21244,BLUE POLKADOT PLATE ,8,1.69,13832,United Kingdom
526891,2010-10-13 14:41:00,21788,KIDS RAIN MAC BLUE,1,0.85,13832,United Kingdom
526891,2010-10-13 14:41:00,22851,SET 20 NAPKINS FAIRY CAKES DESIGN ,2,0.85,13832,United Kingdom
526891,2010-10-13 14:41:00,22653,BUTTON BOX ,1,1.95,13832,United Kingdom
526891,2010-10-13 14:41:00,22642,SET OF 4 NAPKIN CHARMS STARS   ,1,2.55,13832,United Kingdom
526891,2010-10-13 14:41:00,90214L,"LETTER ""L"" BLING KEY RING",1,1.25,13832,United Kingdom
526891,2010-10-13 14:41:00,84558A,3D DOG PICTURE PLAYING CARDS,1,2.95,13832,United Kingdom
526891,2010-10-13 14:41:00,21744,SNOWFLAKE PORTABLE TABLE LIGHT ,2,2.95,13832,United Kingdom
526891,2010-10-13 14:41:00,10002,INFLATABLE POLITICAL GLOBE ,1,0.85,13832,United Kingdom
526891,2010-10-13 14:41:00,21259,VICTORIAN SEWING BOX SMALL ,1,5.95,13832,United Kingdom
526891,2010-10-13 14:41:00,84596E,SMALL LICORICE DES PINK BOWL,1,1.25,13832,United Kingdom
526891,2010-10-13 14:41:00,84596B,SMALL DOLLY MIX DESIGN ORANGE BOWL,1,1.25,13832,United Kingdom
526891,2010-10-13 14:41:00,84596L,BISCUITS SMALL BOWL LIGHT BLUE,1,1.25,13832,United Kingdom
526891,2010-10-13 14:41:00,21349,IVY HEART WREATH,1,6.75,13832,United Kingdom
526891,2010-10-13 14:41:00,21351,CINAMMON & ORANGE WREATH,32,1.95,13832,United Kingdom
526891,2010-10-13 14:41:00,22755,SMALL PURPLE BABUSHKA NOTEBOOK ,1,0.85,13832,United Kingdom
526891,2010-10-13 14:41:00,20759,CHRYSANTHEMUM POCKET BOOK ,1,0.85,13832,United Kingdom
526891,2010-10-13 14:41:00,10002,INFLATABLE POLITICAL GLOBE ,1,0.85,13832,United Kingdom
526891,2010-10-13 14:41:00,22910,PAPER CHAIN KIT VINTAGE CHRISTMAS,1,2.95,13832,United Kingdom
526891,2010-10-13 14:41:00,22689,DOORMAT MERRY CHRISTMAS RED ,2,7.95,13832,United Kingdom
526891,2010-10-13 14:41:00,35400,WOODEN BOX ADVENT CALENDAR ,4,8.95,13832,United Kingdom
526891,2010-10-13 14:41:00,22669,RED BABY BUNTING ,5,2.95,13832,United Kingdom
526891,2010-10-13 14:41:00,10120,DOGGY RUBBER,30,0.21,13832,United Kingdom
526891,2010-10-13 14:41:00,21789,KIDS RAIN MAC PINK,1,0.85,13832,United Kingdom
526891,2010-10-13 14:41:00,16047,POP ART PEN CASE & PENS,72,0.85,13832,United Kingdom
526891,2010-10-13 14:41:00,35400,WOODEN BOX ADVENT CALENDAR ,2,8.95,13832,United Kingdom
526891,2010-10-13 14:41:00,16248B,BLUE HOLE PUNCH,48,1.25,13832,United Kingdom
526891,2010-10-13 14:41:00,22158,3 HEARTS HANGING DECORATION RUSTIC,14,2.95,13832,United Kingdom
526891,2010-10-13 14:41:00,16236,KITTY PENCIL ERASERS,28,0.21,13832,United Kingdom
526891,2010-10-13 14:41:00,84670,JAPANESE CROCHETED ANIMAL,24,0.42,13832,United Kingdom
526891,2010-10-13 14:41:00,21025,SPACE FROG,20,1.25,13832,United Kingdom
526891,2010-10-13 14:41:00,21621,VINTAGE UNION JACK BUNTING,1,8.5,13832,United Kingdom
526891,2010-10-13 14:41:00,21032,SPACE CADET WHITE,20,1.25,13832,United Kingdom
526891,2010-10-13 14:41:00,21026,SPACE OWL,20,1.25,13832,United Kingdom
526891,2010-10-13 14:41:00,84559A,3D SHEET OF DOG STICKERS,1,0.85,13832,United Kingdom
526891,2010-10-13 14:41:00,22940,FELTCRAFT CHRISTMAS FAIRY,1,4.25,13832,United Kingdom
526891,2010-10-13 14:41:00,22228,BUNNY WOODEN PAINTED WITH BIRD ,1,0.85,13832,United Kingdom
526891,2010-10-13 14:41:00,85024C,PINK SMALL JEWELLED PHOTOFRAME,1,1.65,13832,United Kingdom
526891,2010-10-13 14:41:00,47590A,BLUE HAPPY BIRTHDAY BUNTING,2,5.45,13832,United Kingdom
526891,2010-10-13 14:41:00,85106,CUT GLASS HEXAGON T-LIGHT HOLDER,4,2.55,13832,United Kingdom
526891,2010-10-13 14:41:00,22128,PARTY CONES CANDY ASSORTED,1,1.25,13832,United Kingdom
526891,2010-10-13 14:41:00,22127,PARTY CONES CARNIVAL ASSORTED,2,1.25,13832,United Kingdom
526891,2010-10-13 14:41:00,21027,NINJA RABBIT PINK,20,1.25,13832,United Kingdom
526891,2010-10-13 14:41:00,84558A,3D DOG PICTURE PLAYING CARDS,1,2.95,13832,United Kingdom
526903,2010-10-13 15:13:00,22748,POPPY'S PLAYHOUSE KITCHEN,1,2.1,17851,United Kingdom
526903,2010-10-13 15:13:00,21705,BAG 500g SWIRLY MARBLES,1,1.65,17851,United Kingdom
526903,2010-10-13 15:13:00,72799E,IVORY PILLAR CANDLE SILVER FLOCK,2,2.95,17851,United Kingdom
526903,2010-10-13 15:13:00,22746,POPPY'S PLAYHOUSE LIVINGROOM ,1,2.1,17851,United Kingdom
526903,2010-10-13 15:13:00,22745,POPPY'S PLAYHOUSE BEDROOM ,1,2.1,17851,United Kingdom
526903,2010-10-13 15:13:00,22747,POPPY'S PLAYHOUSE BATHROOM,1,2.1,17851,United Kingdom
526903,2010-10-13 15:13:00,35833P,4 PINK FLOCK CHRISTMAS BALLS,1,1.25,17851,United Kingdom
526903,2010-10-13 15:13:00,22666,RECIPE BOX PANTRY YELLOW DESIGN,1,2.95,17851,United Kingdom
526903,2010-10-13 15:13:00,22667,RECIPE BOX RETROSPOT ,1,2.95,17851,United Kingdom
526903,2010-10-13 15:13:00,22635,CHILDS BREAKFAST SET DOLLY GIRL ,1,9.95,17851,United Kingdom
526903,2010-10-13 15:13:00,72800F,4 IVORY DINNER CANDLES GOLD FLOCK,1,2.55,17851,United Kingdom
526903,2010-10-13 15:13:00,22411,JUMBO SHOPPER VINTAGE RED PAISLEY,3,1.95,17851,United Kingdom
526903,2010-10-13 15:13:00,22909,SET OF 20 VINTAGE CHRISTMAS NAPKINS,1,0.85,17851,United Kingdom
526903,2010-10-13 15:13:00,22665,RECIPE BOX BLUE SKETCHBOOK DESIGN,1,2.95,17851,United Kingdom
526903,2010-10-13 15:13:00,22272,FELTCRAFT DOLL MARIA,1,2.95,17851,United Kingdom
526903,2010-10-13 15:13:00,84987,SET OF 36 TEATIME PAPER DOILIES,1,1.45,17851,United Kingdom
526903,2010-10-13 15:13:00,21890,S/6 WOODEN SKITTLES IN COTTON BAG,1,2.95,17851,United Kingdom
526903,2010-10-13 15:13:00,21212,PACK OF 72 RETROSPOT CAKE CASES,1,0.55,17851,United Kingdom
526903,2010-10-13 15:13:00,22273,FELTCRAFT DOLL MOLLY,1,2.95,17851,United Kingdom
526903,2010-10-13 15:13:00,85049A,TRADITIONAL CHRISTMAS RIBBONS,1,1.25,17851,United Kingdom
526903,2010-10-13 15:13:00,22986,GINGHAM ROSE WRAP,25,0.42,17851,United Kingdom
526903,2010-10-13 15:13:00,16169C,WRAP BLUE REINDEER,25,0.42,17851,United Kingdom
526903,2010-10-13 15:13:00,22028,PENNY FARTHING BIRTHDAY CARD,12,0.42,17851,United Kingdom
526903,2010-10-13 15:13:00,84817,DANISH ROSE DECORATIVE PLATE,1,2.1,17851,United Kingdom
526903,2010-10-13 15:13:00,22726,ALARM CLOCK BAKELIKE GREEN,1,3.75,17851,United Kingdom
526903,2010-10-13 15:13:00,22959,WRAP CHRISTMAS VILLAGE,25,0.42,17851,United Kingdom
526903,2010-10-13 15:13:00,22899,CHILDREN'S APRON DOLLY GIRL ,2,2.1,17851,United Kingdom
526903,2010-10-13 15:13:00,22906,12 MESSAGE CARDS WITH ENVELOPES,1,1.65,17851,United Kingdom
526903,2010-10-13 15:13:00,22909,SET OF 20 VINTAGE CHRISTMAS NAPKINS,1,0.85,17851,United Kingdom
526903,2010-10-13 15:13:00,20750,RED RETROSPOT MINI CASES,1,7.95,17851,United Kingdom
527063,2010-10-14 13:48:00,22675,FRENCH KITCHEN SIGN BLUE METAL,5,1.25,14584,United Kingdom
527063,2010-10-14 13:48:00,21248,DOOR HANGER  MUM + DADS ROOM,2,1.45,14584,United Kingdom
527063,2010-10-14 13:48:00,21179,NO JUNK MAIL METAL SIGN,4,1.25,14584,United Kingdom
527063,2010-10-14 13:48:00,21159,MOODY BOY  DOOR HANGER ,2,1.45,14584,United Kingdom
527063,2010-10-14 13:48:00,21169,YOU'RE CONFUSING ME METAL SIGN ,5,1.69,14584,United Kingdom
527063,2010-10-14 13:48:00,22673,FRENCH GARDEN SIGN BLUE METAL,5,1.25,14584,United Kingdom
527063,2010-10-14 13:48:00,22674,FRENCH TOILET SIGN BLUE METAL,5,1.25,14584,United Kingdom
527063,2010-10-14 13:48:00,22672,FRENCH BATHROOM SIGN BLUE METAL,5,1.65,14584,United Kingdom
527063,2010-10-14 13:48:00,72008,FROSTED BOX 9 WHITE T-LIGHT CANDLES,5,0.42,14584,United Kingdom
527063,2010-10-14 13:48:00,21911,GARDEN METAL SIGN ,5,1.65,14584,United Kingdom
527063,2010-10-14 13:48:00,21907,I'M ON HOLIDAY METAL SIGN,1,2.1,14584,United Kingdom
527063,2010-10-14 13:48:00,21164,HOME SWEET HOME METAL SIGN ,5,2.95,14584,United Kingdom
527063,2010-10-14 13:48:00,21904,HOUSE WRECKING METAL SIGN ,2,2.1,14584,United Kingdom
527063,2010-10-14 13:48:00,21166,COOK WITH WINE METAL SIGN ,4,1.95,14584,United Kingdom
527063,2010-10-14 13:48:00,22412,METAL SIGN NEIGHBOURHOOD WITCH ,3,2.1,14584,United Kingdom
527063,2010-10-14 13:48:00,21171,BATHROOM METAL SIGN ,2,1.45,14584,United Kingdom
527063,2010-10-14 13:48:00,21181,PLEASE ONE PERSON METAL SIGN,5,2.1,14584,United Kingdom
527063,2010-10-14 13:48:00,21175,GIN + TONIC DIET METAL SIGN,5,2.1,14584,United Kingdom
527063,2010-10-14 13:48:00,85152,HAND OVER THE CHOCOLATE   SIGN ,1,2.1,14584,United Kingdom
527063,2010-10-14 13:48:00,21905,MORE BUTTER METAL SIGN ,4,2.1,14584,United Kingdom
527063,2010-10-14 13:48:00,21903,MAN FLU METAL SIGN,3,2.1,14584,United Kingdom
527063,2010-10-14 13:48:00,21174,POTTERING IN THE SHED METAL SIGN,4,1.95,14584,United Kingdom
527063,2010-10-14 13:48:00,82580,BATHROOM METAL SIGN,3,0.55,14584,United Kingdom
527063,2010-10-14 13:48:00,82581,TOILET METAL SIGN,3,0.55,14584,United Kingdom
527063,2010-10-14 13:48:00,82578,KITCHEN METAL SIGN,4,0.55,14584,United Kingdom
527063,2010-10-14 13:48:00,85103,SILVER T-LIGHT SETTING,1,6.75,14584,United Kingdom
527063,2010-10-14 13:48:00,22121,NOEL WOODEN BLOCK LETTERS ,2,5.95,14584,United Kingdom
527434,2010-10-18 07:25:00,21340,CLASSIC METAL BIRDCAGE PLANT HOLDER,8,9.95,16191,United Kingdom
527434,2010-10-18 07:25:00,22457,NATURAL SLATE HEART CHALKBOARD ,12,2.95,16191,United Kingdom
527434,2010-10-18 07:25:00,22173,METAL 4 HOOK HANGER FRENCH CHATEAU,32,2.55,16191,United Kingdom
527437,2010-10-18 08:11:00,22844,VINTAGE DOG FOOD CONTAINER,2,8.5,16191,United Kingdom
527437,2010-10-18 08:11:00,22785,CUSHION COVER PINK UNION FLAG,48,5.95,16191,United Kingdom
527719,2010-10-18 15:27:00,21903,MAN FLU METAL SIGN,2,2.1,17143,United Kingdom
527719,2010-10-18 15:27:00,82583,HOT BATHS METAL SIGN,1,2.1,17143,United Kingdom
527719,2010-10-18 15:27:00,21174,POTTERING IN THE SHED METAL SIGN,2,1.95,17143,United Kingdom
527719,2010-10-18 15:27:00,22117,METAL SIGN HER DINNER IS SERVED ,2,2.95,17143,United Kingdom
527719,2010-10-18 15:27:00,22063,CERAMIC BOWL WITH STRAWBERRY DESIGN,4,2.95,17143,United Kingdom
527719,2010-10-18 15:27:00,22413,METAL SIGN TAKE IT OR LEAVE IT ,2,2.95,17143,United Kingdom
527719,2010-10-18 15:27:00,21907,I'M ON HOLIDAY METAL SIGN,2,2.1,17143,United Kingdom
527719,2010-10-18 15:27:00,21181,PLEASE ONE PERSON METAL SIGN,2,2.1,17143,United Kingdom
527719,2010-10-18 15:27:00,21905,MORE BUTTER METAL SIGN ,2,2.1,17143,United Kingdom
527719,2010-10-18 15:27:00,22064,PINK DOUGHNUT TRINKET POT ,2,1.65,17143,United Kingdom
527719,2010-10-18 15:27:00,85152,HAND OVER THE CHOCOLATE   SIGN ,2,2.1,17143,United Kingdom
527719,2010-10-18 15:27:00,22059,CERAMIC STRAWBERRY DESIGN MUG,1,1.49,17143,United Kingdom
527719,2010-10-18 15:27:00,22055,MINI CAKE STAND  HANGING STRAWBERY,3,1.65,17143,United Kingdom
527719,2010-10-18 15:27:00,21624,VINTAGE UNION JACK DOORSTOP,1,5.95,17143,United Kingdom
527719,2010-10-18 15:27:00,22645,CERAMIC HEART FAIRY CAKE MONEY BANK,4,1.45,17143,United Kingdom
527719,2010-10-18 15:27:00,22645,CERAMIC HEART FAIRY CAKE MONEY BANK,4,1.45,17143,United Kingdom
527719,2010-10-18 15:27:00,21621,VINTAGE UNION JACK BUNTING,2,8.5,17143,United Kingdom
527719,2010-10-18 15:27:00,82597,BOMBS AWAY METAL SIGN,2,2.1,17143,United Kingdom
527719,2010-10-18 15:27:00,21175,GIN + TONIC DIET METAL SIGN,4,2.1,17143,United Kingdom
527719,2010-10-18 15:27:00,82600,NO SINGING METAL SIGN,2,2.1,17143,United Kingdom
527719,2010-10-18 15:27:00,22649,STRAWBERRY FAIRY CAKE TEAPOT,1,4.95,17143,United Kingdom
527719,2010-10-18 15:27:00,37450,CERAMIC CAKE BOWL + HANGING CAKES,2,2.95,17143,United Kingdom
527719,2010-10-18 15:27:00,72741,GRAND CHOCOLATECANDLE,9,1.45,17143,United Kingdom
527719,2010-10-18 15:27:00,21624,VINTAGE UNION JACK DOORSTOP,1,5.95,17143,United Kingdom
527719,2010-10-18 15:27:00,21232,STRAWBERRY CERAMIC TRINKET BOX,6,1.25,17143,United Kingdom
527719,2010-10-18 15:27:00,22098,BOUDOIR SQUARE TISSUE BOX,4,1.25,17143,United Kingdom
527719,2010-10-18 15:27:00,22059,CERAMIC STRAWBERRY DESIGN MUG,1,1.49,17143,United Kingdom
527719,2010-10-18 15:27:00,47570B,TEA TIME TABLE CLOTH,2,10.65,17143,United Kingdom
527719,2010-10-18 15:27:00,47580,TEA TIME DES TEA COSY,1,2.55,17143,United Kingdom
527719,2010-10-18 15:27:00,47559B,TEA TIME OVEN GLOVE,3,1.25,17143,United Kingdom
527719,2010-10-18 15:27:00,47580,TEA TIME DES TEA COSY,2,2.55,17143,United Kingdom
527719,2010-10-18 15:27:00,37447,CERAMIC CAKE DESIGN SPOTTED PLATE,4,1.49,17143,United Kingdom
527719,2010-10-18 15:27:00,22423,REGENCY CAKESTAND 3 TIER,3,12.75,17143,United Kingdom
527719,2010-10-18 15:27:00,22063,CERAMIC BOWL WITH STRAWBERRY DESIGN,1,2.95,17143,United Kingdom
527719,2010-10-18 15:27:00,22064,PINK DOUGHNUT TRINKET POT ,2,1.65,17143,United Kingdom
527719,2010-10-18 15:27:00,22055,MINI CAKE STAND  HANGING STRAWBERY,1,1.65,17143,United Kingdom
527719,2010-10-18 15:27:00,22055,MINI CAKE STAND  HANGING STRAWBERY,2,1.65,17143,United Kingdom
527719,2010-10-18 15:27:00,22649,STRAWBERRY FAIRY CAKE TEAPOT,1,4.95,17143,United Kingdom
527719,2010-10-18 15:27:00,22063,CERAMIC BOWL WITH STRAWBERRY DESIGN,1,2.95,17143,United Kingdom
527719,2010-10-18 15:27:00,22057,CERAMIC PLATE STRAWBERRY DESIGN,4,1.49,17143,United Kingdom
527719,2010-10-18 15:27:00,85150,LADIES & GENTLEMEN METAL SIGN,2,2.55,17143,United Kingdom
527827,2010-10-19 11:24:00,20725,LUNCH BAG RED RETROSPOT,10,1.65,17676,United Kingdom
527827,2010-10-19 11:24:00,22219,LOVEBIRD HANGING DECORATION WHITE ,12,0.85,17676,United Kingdom
527827,2010-10-19 11:24:00,22294,HEART FILIGREE DOVE  SMALL,24,1.25,17676,United Kingdom
527827,2010-10-19 11:24:00,22668,PINK BABY BUNTING,5,2.95,17676,United Kingdom
527827,2010-10-19 11:24:00,22669,RED BABY BUNTING ,5,2.95,17676,United Kingdom
527827,2010-10-19 11:24:00,79321,CHILLI LIGHTS,4,4.95,17676,United Kingdom
527827,2010-10-19 11:24:00,22383,LUNCH BAG SUKI  DESIGN ,10,1.65,17676,United Kingdom
527827,2010-10-19 11:24:00,20724,RED RETROSPOT CHARLOTTE BAG,10,0.85,17676,United Kingdom
527827,2010-10-19 11:24:00,21484,CHICK GREY HOT WATER BOTTLE,4,3.45,17676,United Kingdom
527827,2010-10-19 11:24:00,21479,WHITE SKULL HOT WATER BOTTLE ,4,3.75,17676,United Kingdom
527827,2010-10-19 11:24:00,21485,RETROSPOT HEART HOT WATER BOTTLE,3,4.95,17676,United Kingdom
527827,2010-10-19 11:24:00,84029E,RED WOOLLY HOTTIE WHITE HEART.,4,3.75,17676,United Kingdom
527827,2010-10-19 11:24:00,22837,HOT WATER BOTTLE BABUSHKA ,4,4.65,17676,United Kingdom
527827,2010-10-19 11:24:00,85199S,SMALL HANGING IVORY/RED WOOD BIRD,24,0.42,17676,United Kingdom
527827,2010-10-19 11:24:00,22356,CHARLOTTE BAG PINK POLKADOT,10,0.85,17676,United Kingdom
527926,2010-10-19 13:21:00,22668,PINK BABY BUNTING,10,2.95,13134,United Kingdom
527926,2010-10-19 13:21:00,84510A,SET OF 4 ENGLISH ROSE COASTERS,10,1.25,13134,United Kingdom
527926,2010-10-19 13:21:00,84816,DANISH ROSE BEDSIDE CABINET,4,34.95,13134,United Kingdom
527926,2010-10-19 13:21:00,47566,PARTY BUNTING,5,4.65,13134,United Kingdom
527926,2010-10-19 13:21:00,82483,WOOD 2 DRAWER CABINET WHITE FINISH,4,5.95,13134,United Kingdom
527926,2010-10-19 13:21:00,82486,WOOD S/3 CABINET ANT WHITE FINISH,4,7.95,13134,United Kingdom
527926,2010-10-19 13:21:00,21429,RED GINGHAM ROSE JEWELLERY BOX,8,1.65,13134,United Kingdom
527935,2010-10-19 13:38:00,37340,MULTICOLOUR SPRING FLOWER MUG,6,0.85,16719,United Kingdom
527935,2010-10-19 13:38:00,84360,TABLE LAMP WHITE SHADE WOOD BASE,3,5.95,16719,United Kingdom
527935,2010-10-19 13:38:00,79321,CHILLI LIGHTS,3,4.95,16719,United Kingdom
527935,2010-10-19 13:38:00,22625,RED KITCHEN SCALES,1,8.5,16719,United Kingdom
527935,2010-10-19 13:38:00,22376,AIRLINE BAG VINTAGE JET SET WHITE,1,4.25,16719,United Kingdom
527935,2010-10-19 13:38:00,20771,CHRYSANTHEMUM  JOURNAL,2,2.55,16719,United Kingdom
527935,2010-10-19 13:38:00,21735,TWO DOOR CURIO CABINET,1,12.75,16719,United Kingdom
527935,2010-10-19 13:38:00,22468,BABUSHKA LIGHTS STRING OF 10,1,6.75,16719,United Kingdom
527935,2010-10-19 13:38:00,22179,SET 10 LIGHTS NIGHT OWL,3,6.75,16719,United Kingdom
527935,2010-10-19 13:38:00,22450,SILK PURSE BABUSHKA BLUE,7,3.35,16719,United Kingdom
527935,2010-10-19 13:38:00,17091A,LAVENDER INCENSE IN TIN,2,1.25,16719,United Kingdom
527935,2010-10-19 13:38:00,22702,BLACK AND WHITE CAT BOWL,2,2.1,16719,United Kingdom
527935,2010-10-19 13:38:00,21034,REX CASH+CARRY JUMBO SHOPPER,1,0.95,16719,United Kingdom
527935,2010-10-19 13:38:00,22678,"FRENCH BLUE METAL DOOR SIGN, 3",1,1.25,16719,United Kingdom
527935,2010-10-19 13:38:00,22704,WRAP RED APPLES ,25,0.42,16719,United Kingdom
527935,2010-10-19 13:38:00,16169N,WRAP BLUE RUSSIAN FOLKART,25,0.42,16719,United Kingdom
527935,2010-10-19 13:38:00,21488,RED WHITE SCARF  HOT WATER BOTTLE,2,3.95,16719,United Kingdom
527935,2010-10-19 13:38:00,20829,GLITTER HANGING BUTTERFLY STRING,4,2.1,16719,United Kingdom
527935,2010-10-19 13:38:00,22727,ALARM CLOCK BAKELIKE RED ,2,3.75,16719,United Kingdom
527935,2010-10-19 13:38:00,21154,RED RETROSPOT OVEN GLOVE ,1,1.25,16719,United Kingdom
527935,2010-10-19 13:38:00,21826,EIGHT PIECE DINOSAUR SET,2,1.25,16719,United Kingdom
527935,2010-10-19 13:38:00,21827,EIGHT PIECE CREEPY CRAWLIE SET,2,1.25,16719,United Kingdom
527935,2010-10-19 13:38:00,22677,"FRENCH BLUE METAL DOOR SIGN, 2",1,1.25,16719,United Kingdom
527935,2010-10-19 13:38:00,37370,RETRO COFFEE MUGS ASSORTED,3,1.25,16719,United Kingdom
527935,2010-10-19 13:38:00,22891,TEA FOR ONE POLKADOT,3,4.25,16719,United Kingdom
528071,2010-10-20 12:25:00,85019A,ROMANTIC IMAGES NOTEBOOK SET,24,1.25,14460,United Kingdom
528071,2010-10-20 12:25:00,85019C,CURIOUS  IMAGES NOTEBOOK SET,24,1.25,14460,United Kingdom
528071,2010-10-20 12:25:00,21703,BAG 125g SWIRLY MARBLES,192,0.36,14460,United Kingdom
528071,2010-10-20 12:25:00,85019B,BLOSSOM  IMAGES NOTEBOOK SET,24,1.25,14460,United Kingdom
528111,2010-10-20 14:10:00,22585,PACK OF 6 BIRDY GIFT TAGS,12,1.25,16702,United Kingdom
528111,2010-10-20 14:10:00,22624,IVORY KITCHEN SCALES,2,8.5,16702,United Kingdom
528111,2010-10-20 14:10:00,22946,WOODEN ADVENT CALENDAR CREAM,4,16.95,16702,United Kingdom
528111,2010-10-20 14:10:00,21186,WHITE DOVE HONEYCOMB PAPER GARLAND,8,1.65,16702,United Kingdom
528111,2010-10-20 14:10:00,84270,ASSTD DESIGN BUBBLE GUM RING,30,0.21,16702,United Kingdom
528111,2010-10-20 14:10:00,22738,RIBBON REEL SNOWY VILLAGE,5,1.65,16702,United Kingdom
528111,2010-10-20 14:10:00,22737,RIBBON REEL CHRISTMAS PRESENT ,5,1.65,16702,United Kingdom
528111,2010-10-20 14:10:00,22734,SET OF 6 RIBBONS VINTAGE CHRISTMAS,7,2.55,16702,United Kingdom
528111,2010-10-20 14:10:00,21889,WOODEN BOX OF DOMINOES,4,1.25,16702,United Kingdom
528111,2010-10-20 14:10:00,22752,SET 7 BABUSHKA NESTING BOXES,6,8.5,16702,United Kingdom
528111,2010-10-20 14:10:00,22733,3D TRADITIONAL CHRISTMAS STICKERS,18,1.25,16702,United Kingdom
528111,2010-10-20 14:10:00,22809,SET OF 6 T-LIGHTS SANTA,6,2.95,16702,United Kingdom
528111,2010-10-20 14:10:00,21829,DINOSAUR KEYRINGS ASSORTED,36,0.21,16702,United Kingdom
528111,2010-10-20 14:10:00,22424,ENAMEL BREAD BIN CREAM,2,12.75,16702,United Kingdom
528111,2010-10-20 14:10:00,22746,POPPY'S PLAYHOUSE LIVINGROOM ,1,2.1,16702,United Kingdom
528111,2010-10-20 14:10:00,21790,VINTAGE SNAP CARDS,4,0.85,16702,United Kingdom
528111,2010-10-20 14:10:00,22548,HEADS AND TAILS SPORTING FUN,4,1.25,16702,United Kingdom
528111,2010-10-20 14:10:00,22732,3D VINTAGE CHRISTMAS STICKERS ,18,1.25,16702,United Kingdom
528429,2010-10-22 10:04:00,85031B,BLOSSOM IMAGES SCRAP BOOK SET,24,1.25,14460,United Kingdom
528429,2010-10-22 10:04:00,21991,BOHEMIAN COLLAGE STATIONERY SET,24,1.25,14460,United Kingdom
528576,2010-10-22 13:13:00,22909,SET OF 20 VINTAGE CHRISTMAS NAPKINS,12,0.85,12369,Austria
528576,2010-10-22 13:13:00,22572,ROCKING HORSE GREEN CHRISTMAS ,12,0.85,12369,Austria
528576,2010-10-22 13:13:00,22571,ROCKING HORSE RED CHRISTMAS ,12,0.85,12369,Austria
528576,2010-10-22 13:13:00,22733,3D TRADITIONAL CHRISTMAS STICKERS,20,1.25,12369,Austria
528576,2010-10-22 13:13:00,22943,CHRISTMAS LIGHTS 10 VINTAGE BAUBLES,3,4.95,12369,Austria
528576,2010-10-22 13:13:00,22592,CARDHOLDER HOLLY WREATH METAL,8,3.75,12369,Austria
528576,2010-10-22 13:13:00,22633,HAND WARMER UNION JACK,12,2.1,12369,Austria
528576,2010-10-22 13:13:00,POST,POSTAGE,1,40.0,12369,Austria
528576,2010-10-22 13:13:00,21733,RED HANGING HEART T-LIGHT HOLDER,6,2.95,12369,Austria
528752,2010-10-24 14:53:00,85178,VICTORIAN SEWING KIT,12,1.25,16677,United Kingdom
528752,2010-10-24 14:53:00,85176,SEWING SUSAN 21 NEEDLE SET,12,0.85,16677,United Kingdom
528752,2010-10-24 14:53:00,22764,"RUSTIC WOODEN CABINET, GLASS DOORS",2,24.95,16677,United Kingdom
528752,2010-10-24 14:53:00,22800,ANTIQUE TALL SWIRLGLASS TRINKET POT,4,3.75,16677,United Kingdom
528752,2010-10-24 14:53:00,22798,ANTIQUE GLASS DRESSING TABLE POT,8,2.95,16677,United Kingdom
528752,2010-10-24 14:53:00,22792,FLUTED ANTIQUE CANDLE HOLDER,12,0.85,16677,United Kingdom
528752,2010-10-24 14:53:00,84946,ANTIQUE SILVER TEA GLASS ETCHED,12,1.25,16677,United Kingdom
528752,2010-10-24 14:53:00,22639,SET OF 4 NAPKIN CHARMS HEARTS,12,2.55,16677,United Kingdom
528752,2010-10-24 14:53:00,22082,RIBBON REEL STRIPES DESIGN ,20,1.65,16677,United Kingdom
528752,2010-10-24 14:53:00,22580,ADVENT CALENDAR GINGHAM SACK,6,5.95,16677,United Kingdom
528752,2010-10-24 14:53:00,85047,WHITE BEADED GARLAND STRING 20LIGHT,12,6.35,16677,United Kingdom
528752,2010-10-24 14:53:00,22652,TRAVEL SEWING KIT,10,1.65,16677,United Kingdom
528752,2010-10-24 14:53:00,22653,BUTTON BOX ,10,1.95,16677,United Kingdom
528752,2010-10-24 14:53:00,22456,NATURAL SLATE CHALKBOARD LARGE ,3,4.95,16677,United Kingdom
528752,2010-10-24 14:53:00,22364,GLASS JAR DIGESTIVE BISCUITS,6,2.95,16677,United Kingdom
528752,2010-10-24 14:53:00,22359,GLASS JAR KINGS CHOICE,6,2.95,16677,United Kingdom
528752,2010-10-24 14:53:00,22694,WICKER STAR ,6,2.1,16677,United Kingdom
528752,2010-10-24 14:53:00,22855,FINE WICKER HEART ,12,1.25,16677,United Kingdom
528752,2010-10-24 14:53:00,22561,WOODEN SCHOOL COLOURING SET,12,1.65,16677,United Kingdom
528752,2010-10-24 14:53:00,22530,MAGIC DRAWING SLATE DOLLY GIRL ,24,0.42,16677,United Kingdom
528752,2010-10-24 14:53:00,22532,MAGIC DRAWING SLATE LEAP FROG ,24,0.42,16677,United Kingdom
528752,2010-10-24 14:53:00,22489,PACK OF 12 TRADITIONAL CRAYONS,24,0.42,16677,United Kingdom
528752,2010-10-24 14:53:00,22405,MONEY BOX POCKET MONEY DESIGN,12,1.25,16677,United Kingdom
528752,2010-10-24 14:53:00,22623,BOX OF VINTAGE JIGSAW BLOCKS ,6,4.95,16677,United Kingdom
528752,2010-10-24 14:53:00,22622,BOX OF VINTAGE ALPHABET BLOCKS,4,9.95,16677,United Kingdom
528752,2010-10-24 14:53:00,22557,PLASTERS IN TIN VINTAGE PAISLEY ,12,1.65,16677,United Kingdom
528752,2010-10-24 14:53:00,22556,PLASTERS IN TIN CIRCUS PARADE ,12,1.65,16677,United Kingdom
528752,2010-10-24 14:53:00,22406,MONEY BOX KINGS CHOICE DESIGN,12,1.25,16677,United Kingdom
528921,2010-10-25 14:32:00,22145,CHRISTMAS CRAFT HEART STOCKING ,6,2.1,15064,United Kingdom
528921,2010-10-25 14:32:00,22086,PAPER CHAIN KIT 50'S CHRISTMAS ,6,2.95,15064,United Kingdom
528921,2010-10-25 14:32:00,22597,CHRISTMAS MUSICAL ZINC HEART ,12,0.85,15064,United Kingdom
528921,2010-10-25 14:32:00,20972,PINK CREAM FELT CRAFT TRINKET BOX ,12,1.25,15064,United Kingdom
528921,2010-10-25 14:32:00,85099B,JUMBO BAG RED RETROSPOT,10,1.95,15064,United Kingdom
528921,2010-10-25 14:32:00,22592,CARDHOLDER HOLLY WREATH METAL,4,3.75,15064,United Kingdom
528921,2010-10-25 14:32:00,22758,LARGE PURPLE BABUSHKA NOTEBOOK  ,12,1.25,15064,United Kingdom
528921,2010-10-25 14:32:00,21098,CHRISTMAS TOILET ROLL,12,1.25,15064,United Kingdom
528921,2010-10-25 14:32:00,21373,MIRRORED WALL ART SNOWFLAKES,6,2.55,15064,United Kingdom
528921,2010-10-25 14:32:00,22049,WRAP CHRISTMAS SCREEN PRINT,25,0.19,15064,United Kingdom
528921,2010-10-25 14:32:00,90211B,JET BLACK LAS VEGAS NECKLACE 45CM,2,5.95,15064,United Kingdom
528921,2010-10-25 14:32:00,22754,SMALL RED BABUSHKA NOTEBOOK ,12,0.85,15064,United Kingdom
528921,2010-10-25 14:32:00,85114B,IVORY ENCHANTED FOREST PLACEMAT,6,1.65,15064,United Kingdom
528921,2010-10-25 14:32:00,22598,CHRISTMAS MUSICAL ZINC TREE,12,0.85,15064,United Kingdom
528921,2010-10-25 14:32:00,22910,PAPER CHAIN KIT VINTAGE CHRISTMAS,6,2.95,15064,United Kingdom
528921,2010-10-25 14:32:00,22632,HAND WARMER RED RETROSPOT,12,2.1,15064,United Kingdom
528921,2010-10-25 14:32:00,22398,MAGNETS PACK OF 4 SWALLOWS,12,1.25,15064,United Kingdom
528921,2010-10-25 14:32:00,85099C,JUMBO  BAG BAROQUE BLACK WHITE,10,1.95,15064,United Kingdom
528921,2010-10-25 14:32:00,22752,SET 7 BABUSHKA NESTING BOXES,2,8.5,15064,United Kingdom
528921,2010-10-25 14:32:00,20969,RED FLORAL FELTCRAFT SHOULDER BAG,4,3.75,15064,United Kingdom
528921,2010-10-25 14:32:00,22600,CHRISTMAS RETROSPOT STAR WOOD,12,0.85,15064,United Kingdom
528921,2010-10-25 14:32:00,22737,RIBBON REEL CHRISTMAS PRESENT ,10,1.65,15064,United Kingdom
528921,2010-10-25 14:32:00,22574,HEART WOODEN CHRISTMAS DECORATION,12,0.85,15064,United Kingdom
528921,2010-10-25 14:32:00,22576,SWALLOW WOODEN CHRISTMAS DECORATION,12,0.85,15064,United Kingdom
528921,2010-10-25 14:32:00,35958,FOLKART ZINC STAR CHRISTMAS DEC,12,0.85,15064,United Kingdom
528921,2010-10-25 14:32:00,22336,DOVE DECORATION PAINTED ZINC ,24,0.65,15064,United Kingdom
528921,2010-10-25 14:32:00,22335,HEART DECORATION PAINTED ZINC ,24,0.65,15064,United Kingdom
528921,2010-10-25 14:32:00,22573,STAR WOODEN CHRISTMAS DECORATION,12,0.85,15064,United Kingdom
528950,2010-10-25 16:22:00,22693,GROW A FLYTRAP OR SUNFLOWER IN TIN,24,1.25,17767,United Kingdom
528950,2010-10-25 16:22:00,22149,FELTCRAFT 6 FLOWER FRIENDS,3,2.1,17767,United Kingdom
528950,2010-10-25 16:22:00,72807C,SET/3 VANILLA SCENTED CANDLE IN BOX,2,4.25,17767,United Kingdom
528950,2010-10-25 16:22:00,72803A,ROSE SCENT CANDLE JEWELLED DRAWER,2,4.25,17767,United Kingdom
528950,2010-10-25 16:22:00,22632,HAND WARMER RED RETROSPOT,2,2.1,17767,United Kingdom
528950,2010-10-25 16:22:00,22633,HAND WARMER UNION JACK,1,2.1,17767,United Kingdom
528950,2010-10-25 16:22:00,22867,HAND WARMER BIRD DESIGN,2,2.1,17767,United Kingdom
528950,2010-10-25 16:22:00,22866,HAND WARMER SCOTTY DOG DESIGN,2,2.1,17767,United Kingdom
528950,2010-10-25 16:22:00,22834,HAND WARMER BABUSHKA DESIGN,1,2.1,17767,United Kingdom
528950,2010-10-25 16:22:00,22865,HAND WARMER OWL DESIGN,1,2.1,17767,United Kingdom
528950,2010-10-25 16:22:00,22147,FELTCRAFT BUTTERFLY HEARTS,3,1.45,17767,United Kingdom
528950,2010-10-25 16:22:00,72803B,OCEAN SCENT CANDLE JEWELLED DRAWER,2,4.25,17767,United Kingdom
528950,2010-10-25 16:22:00,20659,ECONOMY LUGGAGE TAG,1,1.25,17767,United Kingdom
528950,2010-10-25 16:22:00,22306,SILVER MUG BONE CHINA TREE OF LIFE,6,1.95,17767,United Kingdom
528950,2010-10-25 16:22:00,20829,GLITTER HANGING BUTTERFLY STRING,7,2.1,17767,United Kingdom
528950,2010-10-25 16:22:00,20828,GLITTER BUTTERFLY CLIPS,4,2.55,17767,United Kingdom
528950,2010-10-25 16:22:00,22559,SEASIDE FLYING DISC,1,1.25,17767,United Kingdom
528950,2010-10-25 16:22:00,85123A,WHITE HANGING HEART T-LIGHT HOLDER,6,2.95,17767,United Kingdom
528991,2010-10-26 11:23:00,84832,ZINC WILLIE WINKIE  CANDLE STICK,12,0.85,16168,United Kingdom
528991,2010-10-26 11:23:00,85123A,WHITE HANGING HEART T-LIGHT HOLDER,32,2.55,16168,United Kingdom
528991,2010-10-26 11:23:00,22457,NATURAL SLATE HEART CHALKBOARD ,6,2.95,16168,United Kingdom
528991,2010-10-26 11:23:00,21188,3D HEARTS  HONEYCOMB PAPER GARLAND,12,2.95,16168,United Kingdom
528991,2010-10-26 11:23:00,21186,WHITE DOVE HONEYCOMB PAPER GARLAND,24,1.65,16168,United Kingdom
528991,2010-10-26 11:23:00,22456,NATURAL SLATE CHALKBOARD LARGE ,6,4.95,16168,United Kingdom
529165,2010-10-26 17:34:00,84029G,KNITTED UNION FLAG HOT WATER BOTTLE,24,3.39,16191,United Kingdom
529165,2010-10-26 17:34:00,22110,BIRD HOUSE HOT WATER BOTTLE,36,2.1,16191,United Kingdom
529165,2010-10-26 17:34:00,22111,SCOTTIE DOG HOT WATER BOTTLE,24,4.25,16191,United Kingdom
529165,2010-10-26 17:34:00,71477,COLOUR GLASS. STAR T-LIGHT HOLDER,24,2.75,16191,United Kingdom
529166,2010-10-26 17:36:00,22633,HAND WARMER UNION JACK,96,1.85,16191,United Kingdom
529166,2010-10-26 17:36:00,22865,HAND WARMER OWL DESIGN,96,1.85,16191,United Kingdom
529166,2010-10-26 17:36:00,22867,HAND WARMER BIRD DESIGN,96,1.85,16191,United Kingdom
529166,2010-10-26 17:36:00,84836,ZINC METAL HEART DECORATION,216,1.06,16191,United Kingdom
529610,2010-10-29 10:34:00,85014A,BLACK/BLUE POLKADOT UMBRELLA,3,5.95,15170,United Kingdom
529610,2010-10-29 10:34:00,21892,TRADITIONAL WOODEN CATCH CUP GAME ,12,1.25,15170,United Kingdom
529610,2010-10-29 10:34:00,22589,CARDHOLDER GINGHAM STAR,12,2.55,15170,United Kingdom
529610,2010-10-29 10:34:00,22186,RED STAR CARD HOLDER,6,2.95,15170,United Kingdom
529656,2010-10-29 12:27:00,72008,FROSTED BOX 9 WHITE T-LIGHT CANDLES,144,0.36,16168,United Kingdom
529656,2010-10-29 12:27:00,21174,POTTERING IN THE SHED METAL SIGN,12,1.95,16168,United Kingdom
529842,2010-10-31 12:52:00,22643,SET OF 4 NAPKIN CHARMS LEAVES   ,1,2.55,15038,United Kingdom
529842,2010-10-31 12:52:00,22797,CHEST OF DRAWERS GINGHAM HEART ,1,16.95,15038,United Kingdom
529842,2010-10-31 12:52:00,22383,LUNCH BAG SUKI  DESIGN ,1,1.65,15038,United Kingdom
529842,2010-10-31 12:52:00,21692,SILVER LATTICE VANILLA CANDLE POT,2,3.75,15038,United Kingdom
529842,2010-10-31 12:52:00,22866,HAND WARMER SCOTTY DOG DESIGN,2,2.1,15038,United Kingdom
529842,2010-10-31 12:52:00,22633,HAND WARMER UNION JACK,1,2.1,15038,United Kingdom
529842,2010-10-31 12:52:00,22753,SMALL YELLOW BABUSHKA NOTEBOOK ,1,0.85,15038,United Kingdom
529842,2010-10-31 12:52:00,22758,LARGE PURPLE BABUSHKA NOTEBOOK  ,1,1.25,15038,United Kingdom
529842,2010-10-31 12:52:00,21911,GARDEN METAL SIGN ,1,1.65,15038,United Kingdom
529842,2010-10-31 12:52:00,22639,SET OF 4 NAPKIN CHARMS HEARTS,2,2.55,15038,United Kingdom
529842,2010-10-31 12:52:00,21819,GLITTER CHRISTMAS STAR ,1,0.85,15038,United Kingdom
529842,2010-10-31 12:52:00,21811,CHRISTMAS HANGING HEART WITH BELL,1,1.25,15038,United Kingdom
529842,2010-10-31 12:52:00,22867,HAND WARMER BIRD DESIGN,1,2.1,15038,United Kingdom
529842,2010-10-31 12:52:00,22865,HAND WARMER OWL DESIGN,1,2.1,15038,United Kingdom
529842,2010-10-31 12:52:00,22633,HAND WARMER UNION JACK,1,2.1,15038,United Kingdom
529842,2010-10-31 12:52:00,21813,GARLAND WITH STARS AND BELLS,1,4.95,15038,United Kingdom
529842,2010-10-31 12:52:00,22470,HEART OF WICKER LARGE,1,2.95,15038,United Kingdom
529842,2010-10-31 12:52:00,21106,CREAM SLICE FLANNEL CHOCOLATE SPOT ,2,2.95,15038,United Kingdom
529842,2010-10-31 12:52:00,21112,"SWISS ROLL TOWEL, PINK  SPOTS",2,2.95,15038,United Kingdom
529842,2010-10-31 12:52:00,21818,GLITTER CHRISTMAS HEART ,1,0.85,15038,United Kingdom
529842,2010-10-31 12:52:00,48138,DOORMAT UNION FLAG,1,7.95,15038,United Kingdom
529842,2010-10-31 12:52:00,21115,ROSE CARAVAN DOORSTOP,1,6.75,15038,United Kingdom
529842,2010-10-31 12:52:00,21820,GLITTER HEART GARLAND WITH BELLS ,1,3.75,15038,United Kingdom
529842,2010-10-31 12:52:00,20754,RETROSPOT RED WASHING UP GLOVES,1,2.1,15038,United Kingdom
529842,2010-10-31 12:52:00,22853,CAT BOWL VINTAGE CREAM,1,3.25,15038,United Kingdom
529842,2010-10-31 12:52:00,21179,NO JUNK MAIL METAL SIGN,1,1.25,15038,United Kingdom
529842,2010-10-31 12:52:00,21158,MOODY GIRL DOOR HANGER ,1,1.45,15038,United Kingdom
529842,2010-10-31 12:52:00,21159,MOODY BOY  DOOR HANGER ,1,1.45,15038,United Kingdom
529842,2010-10-31 12:52:00,21169,YOU'RE CONFUSING ME METAL SIGN ,1,1.69,15038,United Kingdom
529842,2010-10-31 12:52:00,22149,FELTCRAFT 6 FLOWER FRIENDS,1,2.1,15038,United Kingdom
529842,2010-10-31 12:52:00,82583,HOT BATHS METAL SIGN,1,2.1,15038,United Kingdom
529842,2010-10-31 12:52:00,48194,DOORMAT HEARTS,1,7.95,15038,United Kingdom
529842,2010-10-31 12:52:00,82482,WOODEN PICTURE FRAME WHITE FINISH,1,2.55,15038,United Kingdom
529842,2010-10-31 12:52:00,20828,GLITTER BUTTERFLY CLIPS,1,2.55,15038,United Kingdom
529842,2010-10-31 12:52:00,84836,ZINC METAL HEART DECORATION,1,1.25,15038,United Kingdom
529842,2010-10-31 12:52:00,22296,HEART IVORY TRELLIS LARGE,1,1.65,15038,United Kingdom
529842,2010-10-31 12:52:00,22295,HEART FILIGREE DOVE LARGE,1,1.65,15038,United Kingdom
529842,2010-10-31 12:52:00,22145,CHRISTMAS CRAFT HEART STOCKING ,1,2.1,15038,United Kingdom
529842,2010-10-31 12:52:00,22632,HAND WARMER RED RETROSPOT,1,2.1,15038,United Kingdom
529842,2010-10-31 12:52:00,21408,SPOTTY PINK DUCK DOORSTOP,1,4.25,15038,United Kingdom
529842,2010-10-31 12:52:00,22318,FIVE HEART HANGING DECORATION,1,2.95,15038,United Kingdom
529842,2010-10-31 12:52:00,82494L,WOODEN FRAME ANTIQUE WHITE ,1,2.95,15038,United Kingdom
529842,2010-10-31 12:52:00,22156,HEART DECORATION WITH PEARLS ,1,0.85,15038,United Kingdom
529842,2010-10-31 12:52:00,21643,ASSORTED TUTTI FRUTTI MIRROR,2,1.25,15038,United Kingdom
529842,2010-10-31 12:52:00,21812,GARLAND WITH HEARTS AND BELLS,1,4.95,15038,United Kingdom
529842,2010-10-31 12:52:00,22175,PINK OWL SOFT TOY,1,2.95,15038,United Kingdom
529842,2010-10-31 12:52:00,22644,CERAMIC CHERRY CAKE MONEY BANK,1,1.45,15038,United Kingdom
529842,2010-10-31 12:52:00,22645,CERAMIC HEART FAIRY CAKE MONEY BANK,1,1.45,15038,United Kingdom
529842,2010-10-31 12:52:00,22158,3 HEARTS HANGING DECORATION RUSTIC,3,2.95,15038,United Kingdom
529842,2010-10-31 12:52:00,22639,SET OF 4 NAPKIN CHARMS HEARTS,1,2.55,15038,United Kingdom
529842,2010-10-31 12:52:00,47590A,BLUE HAPPY BIRTHDAY BUNTING,1,5.45,15038,United Kingdom
529842,2010-10-31 12:52:00,21820,GLITTER HEART GARLAND WITH BELLS ,1,3.75,15038,United Kingdom
529842,2010-10-31 12:52:00,22845,VINTAGE CREAM CAT FOOD CONTAINER,1,6.35,15038,United Kingdom
529842,2010-10-31 12:52:00,22749,FELTCRAFT PRINCESS CHARLOTTE DOLL,1,3.75,15038,United Kingdom
529842,2010-10-31 12:52:00,21181,PLEASE ONE PERSON METAL SIGN,1,2.1,15038,United Kingdom
529842,2010-10-31 12:52:00,21181,PLEASE ONE PERSON METAL SIGN,1,2.1,15038,United Kingdom
529842,2010-10-31 12:52:00,21638,ASSORTED TUTTI FRUTTI NOTEBOOK,2,2.1,15038,United Kingdom
529842,2010-10-31 12:52:00,22741,FUNKY DIVA PEN,1,0.85,15038,United Kingdom
529842,2010-10-31 12:52:00,21820,GLITTER HEART GARLAND WITH BELLS ,1,3.75,15038,United Kingdom
529842,2010-10-31 12:52:00,21163,DO NOT TOUCH MY STUFF DOOR HANGER ,1,1.45,15038,United Kingdom
529842,2010-10-31 12:52:00,22752,SET 7 BABUSHKA NESTING BOXES,1,8.5,15038,United Kingdom
529842,2010-10-31 12:52:00,22666,RECIPE BOX PANTRY YELLOW DESIGN,1,2.95,15038,United Kingdom
529842,2010-10-31 12:52:00,21647,ASSORTED TUTTI FRUTTI LARGE PURSE,2,2.1,15038,United Kingdom
529842,2010-10-31 12:52:00,22866,HAND WARMER SCOTTY DOG DESIGN,1,2.1,15038,United Kingdom
529842,2010-10-31 12:52:00,84947,ANTIQUE SILVER TEA GLASS ENGRAVED,3,1.25,15038,United Kingdom
529842,2010-10-31 12:52:00,22646,CERAMIC STRAWBERRY CAKE MONEY BANK,1,1.45,15038,United Kingdom
529842,2010-10-31 12:52:00,84949,SILVER HANGING T-LIGHT HOLDER,2,1.65,15038,United Kingdom
529842,2010-10-31 12:52:00,21818,GLITTER CHRISTMAS HEART ,1,0.85,15038,United Kingdom
529842,2010-10-31 12:52:00,22694,WICKER STAR ,1,2.1,15038,United Kingdom
529842,2010-10-31 12:52:00,21360,JOY LARGE WOOD LETTERS,1,9.95,15038,United Kingdom
529842,2010-10-31 12:52:00,22178,VICTORIAN GLASS HANGING T-LIGHT,3,1.25,15038,United Kingdom
529842,2010-10-31 12:52:00,37495,FAIRY CAKE BIRTHDAY CANDLE SET,1,3.75,15038,United Kingdom
529842,2010-10-31 12:52:00,21690,SILVER  CANDLEPOT JARDIN ,1,3.75,15038,United Kingdom
529842,2010-10-31 12:52:00,22940,FELTCRAFT CHRISTMAS FAIRY,1,4.25,15038,United Kingdom
529842,2010-10-31 12:52:00,71053,WHITE METAL LANTERN,1,3.75,15038,United Kingdom
529842,2010-10-31 12:52:00,72351A,SET/6 TURQUOISE BUTTERFLY T-LIGHTS,1,2.1,15038,United Kingdom
529842,2010-10-31 12:52:00,21054,NURSE'S BAG SOFT TOY,1,8.95,15038,United Kingdom
529842,2010-10-31 12:52:00,21811,CHRISTMAS HANGING HEART WITH BELL,1,1.25,15038,United Kingdom
529842,2010-10-31 12:52:00,35961,FOLKART ZINC HEART CHRISTMAS DEC,1,0.85,15038,United Kingdom
529842,2010-10-31 12:52:00,21819,GLITTER CHRISTMAS STAR ,1,0.85,15038,United Kingdom
529842,2010-10-31 12:52:00,21811,CHRISTMAS HANGING HEART WITH BELL,1,1.25,15038,United Kingdom
529842,2010-10-31 12:52:00,84836,ZINC METAL HEART DECORATION,1,1.25,15038,United Kingdom
529842,2010-10-31 12:52:00,85099B,JUMBO BAG RED RETROSPOT,2,1.95,15038,United Kingdom
529842,2010-10-31 12:52:00,84789,ENCHANTED BIRD PLANT CAGE,1,3.75,15038,United Kingdom
529842,2010-10-31 12:52:00,85123A,WHITE HANGING HEART T-LIGHT HOLDER,1,2.95,15038,United Kingdom
529842,2010-10-31 12:52:00,21385,IVORY HANGING DECORATION  HEART,3,0.85,15038,United Kingdom
529842,2010-10-31 12:52:00,72351B,SET/6 PINK  BUTTERFLY T-LIGHTS,1,2.1,15038,United Kingdom
530010,2010-11-01 09:42:00,35832,WOOLLY HAT SOCK GLOVE ADVENT STRING,24,2.95,16168,United Kingdom
530010,2010-11-01 09:42:00,84347,ROTATING SILVER ANGELS T-LIGHT HLDR,48,2.55,16168,United Kingdom
530010,2010-11-01 09:42:00,21494,ROTATING LEAVES T-LIGHT HOLDER,120,1.06,16168,United Kingdom
530093,2010-11-01 13:48:00,22697,GREEN REGENCY TEACUP AND SAUCER,6,2.95,16168,United Kingdom
530333,2010-11-02 13:58:00,22296,HEART IVORY TRELLIS LARGE,12,1.65,13134,United Kingdom
530333,2010-11-02 13:58:00,22295,HEART FILIGREE DOVE LARGE,12,1.65,13134,United Kingdom
530333,2010-11-02 13:58:00,21733,RED HANGING HEART T-LIGHT HOLDER,6,2.95,13134,United Kingdom
530333,2010-11-02 13:58:00,21494,ROTATING LEAVES T-LIGHT HOLDER,24,1.25,13134,United Kingdom
530333,2010-11-02 13:58:00,84347,ROTATING SILVER ANGELS T-LIGHT HLDR,24,2.55,13134,United Kingdom
530333,2010-11-02 13:58:00,21811,CHRISTMAS HANGING HEART WITH BELL,12,1.25,13134,United Kingdom
530333,2010-11-02 13:58:00,21810,CHRISTMAS HANGING STAR WITH BELL,12,1.25,13134,United Kingdom
530333,2010-11-02 13:58:00,21823,PAINTED METAL HEART WITH HOLLY BELL,12,1.45,13134,United Kingdom
530333,2010-11-02 13:58:00,22945,CHRISTMAS METAL TAGS ASSORTED ,36,0.85,13134,United Kingdom
530333,2010-11-02 13:58:00,21814,HEART T-LIGHT HOLDER ,12,1.45,13134,United Kingdom
530333,2010-11-02 13:58:00,22571,ROCKING HORSE RED CHRISTMAS ,24,0.85,13134,United Kingdom
530333,2010-11-02 13:58:00,22574,HEART WOODEN CHRISTMAS DECORATION,24,0.85,13134,United Kingdom
530333,2010-11-02 13:58:00,82486,WOOD S/3 CABINET ANT WHITE FINISH,4,7.95,13134,United Kingdom
530333,2010-11-02 13:58:00,82483,WOOD 2 DRAWER CABINET WHITE FINISH,4,5.95,13134,United Kingdom
530333,2010-11-02 13:58:00,21808,"CHRISTMAS GARLAND STARS,TREES",6,3.75,13134,United Kingdom
530333,2010-11-02 13:58:00,22944,CHRISTMAS METAL POSTCARD WITH BELLS,36,1.25,13134,United Kingdom
530836,2010-11-04 13:50:00,46000M,POLYESTER FILLER PAD 45x45cm,10,1.55,14198,United Kingdom
530836,2010-11-04 13:50:00,22178,VICTORIAN GLASS HANGING T-LIGHT,12,1.25,14198,United Kingdom
530836,2010-11-04 13:50:00,22727,ALARM CLOCK BAKELIKE RED ,4,3.75,14198,United Kingdom
530836,2010-11-04 13:50:00,22507,MEMO BOARD RETROSPOT  DESIGN,4,4.95,14198,United Kingdom
530836,2010-11-04 13:50:00,22741,FUNKY DIVA PEN,48,0.85,14198,United Kingdom
530836,2010-11-04 13:50:00,21430,SET/3 RED GINGHAM ROSE STORAGE BOX,4,3.75,14198,United Kingdom
530836,2010-11-04 13:50:00,22725,ALARM CLOCK BAKELIKE CHOCOLATE,4,3.75,14198,United Kingdom
530836,2010-11-04 13:50:00,82482,WOODEN PICTURE FRAME WHITE FINISH,6,2.55,14198,United Kingdom
530836,2010-11-04 13:50:00,48194,DOORMAT HEARTS,2,7.95,14198,United Kingdom
530836,2010-11-04 13:50:00,48187,DOORMAT NEW ENGLAND,2,7.95,14198,United Kingdom
530836,2010-11-04 13:50:00,82486,WOOD S/3 CABINET ANT WHITE FINISH,2,7.95,14198,United Kingdom
530836,2010-11-04 13:50:00,82483,WOOD 2 DRAWER CABINET WHITE FINISH,4,5.95,14198,United Kingdom
530836,2010-11-04 13:50:00,82494L,WOODEN FRAME ANTIQUE WHITE ,6,2.95,14198,United Kingdom
530840,2010-11-04 14:11:00,22704,WRAP RED APPLES ,25,0.42,16563,United Kingdom
530840,2010-11-04 14:11:00,21871,SAVE THE PLANET MUG,12,1.25,16563,United Kingdom
530840,2010-11-04 14:11:00,22895,SET OF 2 TEA TOWELS APPLE AND PEARS,6,2.95,16563,United Kingdom
530840,2010-11-04 14:11:00,22212,FOUR HOOK  WHITE LOVEBIRDS,144,1.69,16563,United Kingdom
530840,2010-11-04 14:11:00,84884A,ANT WHITE WIRE HEART SPIRAL,30,3.39,16563,United Kingdom
530840,2010-11-04 14:11:00,22189,CREAM HEART CARD HOLDER,36,3.39,16563,United Kingdom
530840,2010-11-04 14:11:00,84947,ANTIQUE SILVER TEA GLASS ENGRAVED,12,1.25,16563,United Kingdom
530840,2010-11-04 14:11:00,84879,ASSORTED COLOUR BIRD ORNAMENT,160,1.45,16563,United Kingdom
530840,2010-11-04 14:11:00,84946,ANTIQUE SILVER TEA GLASS ETCHED,12,1.25,16563,United Kingdom
530840,2010-11-04 14:11:00,22217,T-LIGHT HOLDER HANGING LACE,12,1.25,16563,United Kingdom
530840,2010-11-04 14:11:00,85123A,WHITE HANGING HEART T-LIGHT HOLDER,32,2.55,16563,United Kingdom
530840,2010-11-04 14:11:00,22807,SET OF 6 T-LIGHTS TOADSTOOLS,6,2.95,16563,United Kingdom
530840,2010-11-04 14:11:00,22045,SPACEBOY GIFT WRAP,75,0.42,16563,United Kingdom
530840,2010-11-04 14:11:00,22791,T-LIGHT GLASS FLUTED ANTIQUE,12,1.25,16563,United Kingdom
530840,2010-11-04 14:11:00,22029,SPACEBOY BIRTHDAY CARD,72,0.36,16563,United Kingdom
530840,2010-11-04 14:11:00,22219,LOVEBIRD HANGING DECORATION WHITE ,12,0.85,16563,United Kingdom
530840,2010-11-04 14:11:00,22815,CARD PSYCHEDELIC APPLES,12,0.42,16563,United Kingdom
530840,2010-11-04 14:11:00,22585,PACK OF 6 BIRDY GIFT TAGS,72,1.25,16563,United Kingdom
530840,2010-11-04 14:11:00,22617,BAKING SET SPACEBOY DESIGN,3,4.95,16563,United Kingdom
530840,2010-11-04 14:11:00,85199L,LARGE HANGING IVORY & RED WOOD BIRD,60,0.65,16563,United Kingdom
530840,2010-11-04 14:11:00,85199S,SMALL HANGING IVORY/RED WOOD BIRD,72,0.42,16563,United Kingdom
530840,2010-11-04 14:11:00,22114,HOT WATER BOTTLE TEA AND SYMPATHY,4,3.95,16563,United Kingdom
530840,2010-11-04 14:11:00,22835,HOT WATER BOTTLE I AM SO POORLY,4,4.65,16563,United Kingdom
530840,2010-11-04 14:11:00,22837,HOT WATER BOTTLE BABUSHKA ,4,4.65,16563,United Kingdom
530840,2010-11-04 14:11:00,22892,SET OF SALT AND PEPPER TOADSTOOLS,12,1.25,16563,United Kingdom
530840,2010-11-04 14:11:00,22634,CHILDS BREAKFAST SET SPACEBOY ,2,9.95,16563,United Kingdom
530840,2010-11-04 14:11:00,22708,WRAP DOLLY GIRL,25,0.42,16563,United Kingdom
530840,2010-11-04 14:11:00,22706,WRAP COWBOYS  ,25,0.42,16563,United Kingdom
530840,2010-11-04 14:11:00,22041,"RECORD FRAME 7"" SINGLE SIZE ",6,2.55,16563,United Kingdom
530840,2010-11-04 14:11:00,22219,LOVEBIRD HANGING DECORATION WHITE ,12,0.85,16563,United Kingdom
530840,2010-11-04 14:11:00,22030,SWALLOWS GREETING CARD,72,0.36,16563,United Kingdom
530840,2010-11-04 14:11:00,22423,REGENCY CAKESTAND 3 TIER,1,12.75,16563,United Kingdom
530950,2010-11-04 18:13:00,22939,APRON APPLE DELIGHT,4,4.95,15425,United Kingdom
530950,2010-11-04 18:13:00,22898,CHILDRENS APRON APPLES DESIGN,16,1.95,15425,United Kingdom
530950,2010-11-04 18:13:00,47591D,PINK FAIRY CAKE CHILDRENS APRON,16,1.95,15425,United Kingdom
530950,2010-11-04 18:13:00,22890,NOVELTY BISCUITS CAKE STAND 3 TIER,6,9.95,15425,United Kingdom
530950,2010-11-04 18:13:00,21156,RETROSPOT CHILDRENS APRON,8,1.95,15425,United Kingdom
531488,2010-11-08 15:00:00,85019C,CURIOUS  IMAGES NOTEBOOK SET,12,4.25,14460,United Kingdom
531509,2010-11-08 15:45:00,48116,DOORMAT MULTICOLOUR STRIPE,4,7.95,17588,United Kingdom
531509,2010-11-08 15:45:00,22810,SET OF 6 T-LIGHTS SNOWMEN,6,2.95,17588,United Kingdom
531509,2010-11-08 15:45:00,72232,FENG SHUI PILLAR CANDLE,48,0.19,17588,United Kingdom
531509,2010-11-08 15:45:00,72351A,SET/6 TURQUOISE BUTTERFLY T-LIGHTS,12,2.1,17588,United Kingdom
531509,2010-11-08 15:45:00,72351B,SET/6 PINK  BUTTERFLY T-LIGHTS,12,2.1,17588,United Kingdom
531509,2010-11-08 15:45:00,20878,SET/9 CHRISTMAS T-LIGHTS SCENTED ,24,1.25,17588,United Kingdom
531509,2010-11-08 15:45:00,21524,DOORMAT SPOTTY HOME SWEET HOME,10,6.75,17588,United Kingdom
531509,2010-11-08 15:45:00,48187,DOORMAT NEW ENGLAND,10,6.75,17588,United Kingdom
531509,2010-11-08 15:45:00,71477,COLOUR GLASS. STAR T-LIGHT HOLDER,24,2.75,17588,United Kingdom
531792,2010-11-09 15:20:00,22692,DOORMAT WELCOME TO OUR HOME,1,7.95,14899,United Kingdom
531792,2010-11-09 15:20:00,21401,BLUE PUDDING SPOON,24,0.42,14899,United Kingdom
531792,2010-11-09 15:20:00,21556,CERAMIC STRAWBERRY MONEY BOX,2,2.55,14899,United Kingdom
531792,2010-11-09 15:20:00,21479,WHITE SKULL HOT WATER BOTTLE ,2,3.75,14899,United Kingdom
531792,2010-11-09 15:20:00,22690,DOORMAT HOME SWEET HOME BLUE ,1,7.95,14899,United Kingdom
531792,2010-11-09 15:20:00,21400,RED PUDDING SPOON,24,0.42,14899,United Kingdom
531792,2010-11-09 15:20:00,48185,DOORMAT FAIRY CAKE,1,7.95,14899,United Kingdom
531792,2010-11-09 15:20:00,22939,APRON APPLE DELIGHT,3,4.95,14899,United Kingdom
531792,2010-11-09 15:20:00,22366,DOORMAT AIRMAIL ,1,7.95,14899,United Kingdom
531792,2010-11-09 15:20:00,20685,DOORMAT RED RETROSPOT,1,7.95,14899,United Kingdom
531792,2010-11-09 15:20:00,48138,DOORMAT UNION FLAG,1,7.95,14899,United Kingdom
531792,2010-11-09 15:20:00,48184,DOORMAT ENGLISH ROSE ,1,7.95,14899,United Kingdom
531792,2010-11-09 15:20:00,22633,HAND WARMER UNION JACK,2,2.1,14899,United Kingdom
531792,2010-11-09 15:20:00,22898,CHILDRENS APRON APPLES DESIGN,2,1.95,14899,United Kingdom
531792,2010-11-09 15:20:00,21523,DOORMAT FANCY FONT HOME SWEET HOME,1,7.95,14899,United Kingdom
531792,2010-11-09 15:20:00,21868,POTTING SHED TEA MUG,6,1.25,14899,United Kingdom
531792,2010-11-09 15:20:00,22835,HOT WATER BOTTLE I AM SO POORLY,2,4.65,14899,United Kingdom
531792,2010-11-09 15:20:00,84029E,RED WOOLLY HOTTIE WHITE HEART.,2,3.75,14899,United Kingdom
531792,2010-11-09 15:20:00,22897,OVEN MITT APPLES DESIGN,4,1.45,14899,United Kingdom
531792,2010-11-09 15:20:00,21488,RED WHITE SCARF  HOT WATER BOTTLE,2,3.95,14899,United Kingdom
531792,2010-11-09 15:20:00,22863,SOAP DISH BROCANTE,4,2.95,14899,United Kingdom
531792,2010-11-09 15:20:00,22895,SET OF 2 TEA TOWELS APPLE AND PEARS,4,2.95,14899,United Kingdom
531792,2010-11-09 15:20:00,22835,HOT WATER BOTTLE I AM SO POORLY,2,4.65,14899,United Kingdom
531792,2010-11-09 15:20:00,22893,MINI CAKE STAND T-LIGHT HOLDER,12,0.42,14899,United Kingdom
531792,2010-11-09 15:20:00,21535,RED RETROSPOT SMALL MILK JUG,1,2.55,14899,United Kingdom
531792,2010-11-09 15:20:00,21316,SMALL CHUNKY GLASS ROMAN  BOWL,3,2.95,14899,United Kingdom
531792,2010-11-09 15:20:00,20801,LARGE PINK GLASS SUNDAE DISH,2,2.55,14899,United Kingdom
531792,2010-11-09 15:20:00,21535,RED RETROSPOT SMALL MILK JUG,1,2.55,14899,United Kingdom
531792,2010-11-09 15:20:00,21314,SMALL GLASS HEART TRINKET POT,4,2.1,14899,United Kingdom
531792,2010-11-09 15:20:00,22800,ANTIQUE TALL SWIRLGLASS TRINKET POT,4,3.75,14899,United Kingdom
531792,2010-11-09 15:20:00,22073,RED RETROSPOT STORAGE JAR,1,3.75,14899,United Kingdom
531792,2010-11-09 15:20:00,22908,PACK OF 20 NAPKINS RED APPLES,4,0.85,14899,United Kingdom
531792,2010-11-09 15:20:00,22831,WHITE BROCANTE SOAP DISH,4,2.95,14899,United Kingdom
531792,2010-11-09 15:20:00,20719,WOODLAND CHARLOTTE BAG,2,0.85,14899,United Kingdom
531792,2010-11-09 15:20:00,21745,GAOLERS KEYS DECORATIVE GARDEN ,3,3.75,14899,United Kingdom
531792,2010-11-09 15:20:00,22309,TEA COSY RED  STRIPE,4,2.55,14899,United Kingdom
531792,2010-11-09 15:20:00,22308,TEA COSY BLUE STRIPE,3,2.55,14899,United Kingdom
531792,2010-11-09 15:20:00,22502,PICNIC BASKET WICKER SMALL,2,5.95,14899,United Kingdom
531792,2010-11-09 15:20:00,21397,BLUE POLKADOT EGG CUP ,12,1.25,14899,United Kingdom
531792,2010-11-09 15:20:00,21393,BLUE POLKADOT PUDDING BOWL,12,2.1,14899,United Kingdom
531792,2010-11-09 15:20:00,21260,FIRST AID TIN,6,3.25,14899,United Kingdom
531792,2010-11-09 15:20:00,21891,TRADITIONAL WOODEN SKIPPING ROPE,4,1.25,14899,United Kingdom
531792,2010-11-09 15:20:00,22619,SET OF 6 SOLDIER SKITTLES,2,3.75,14899,United Kingdom
531792,2010-11-09 15:20:00,21738,COSY SLIPPER SHOES SMALL  RED ,3,2.95,14899,United Kingdom
531792,2010-11-09 15:20:00,21741,COSY SLIPPER SHOES LARGE GREEN,3,2.95,14899,United Kingdom
531792,2010-11-09 15:20:00,22508,DOORSTOP RETROSPOT HEART,2,3.75,14899,United Kingdom
531792,2010-11-09 15:20:00,21892,TRADITIONAL WOODEN CATCH CUP GAME ,4,1.25,14899,United Kingdom
531792,2010-11-09 15:20:00,22620,4 TRADITIONAL SPINNING TOPS,4,1.25,14899,United Kingdom
531792,2010-11-09 15:20:00,21890,S/6 WOODEN SKITTLES IN COTTON BAG,3,2.95,14899,United Kingdom
531792,2010-11-09 15:20:00,22582,PACK OF 6 SWEETIE GIFT BOXES,6,2.55,14899,United Kingdom
531792,2010-11-09 15:20:00,22813,PACK 3 BOXES BIRD PANNETONE ,3,1.95,14899,United Kingdom
531792,2010-11-09 15:20:00,22812,PACK 3 BOXES CHRISTMAS PANNETONE,3,1.95,14899,United Kingdom
531792,2010-11-09 15:20:00,22318,FIVE HEART HANGING DECORATION,2,2.95,14899,United Kingdom
531792,2010-11-09 15:20:00,22319,HAIRCLIPS FORTIES FABRIC ASSORTED,24,0.65,14899,United Kingdom
531792,2010-11-09 15:20:00,85099F,JUMBO BAG STRAWBERRY,2,1.95,14899,United Kingdom
531792,2010-11-09 15:20:00,22411,JUMBO SHOPPER VINTAGE RED PAISLEY,2,1.95,14899,United Kingdom
531792,2010-11-09 15:20:00,22698,PINK REGENCY TEACUP AND SAUCER,2,2.95,14899,United Kingdom
531792,2010-11-09 15:20:00,20718,RED RETROSPOT SHOPPER BAG,2,1.25,14899,United Kingdom
531792,2010-11-09 15:20:00,22310,IVORY KNITTED MUG COSY ,9,1.65,14899,United Kingdom
531792,2010-11-09 15:20:00,85099B,JUMBO BAG RED RETROSPOT,2,1.95,14899,United Kingdom
531792,2010-11-09 15:20:00,22507,MEMO BOARD RETROSPOT  DESIGN,2,4.95,14899,United Kingdom
531792,2010-11-09 15:20:00,84078A,SET/4 WHITE RETRO STORAGE CUBES ,2,39.95,14899,United Kingdom
531792,2010-11-09 15:20:00,22470,HEART OF WICKER LARGE,6,2.95,14899,United Kingdom
531792,2010-11-09 15:20:00,22168,ORGANISER WOOD ANTIQUE WHITE ,1,8.5,14899,United Kingdom
531792,2010-11-09 15:20:00,22584,PACK OF 6 PANNETONE GIFT BOXES,6,2.55,14899,United Kingdom
531792,2010-11-09 15:20:00,22585,PACK OF 6 BIRDY GIFT TAGS,6,1.25,14899,United Kingdom
531792,2010-11-09 15:20:00,22377,BOTTLE BAG RETROSPOT ,4,2.1,14899,United Kingdom
531792,2010-11-09 15:20:00,22798,ANTIQUE GLASS DRESSING TABLE POT,4,2.95,14899,United Kingdom
531792,2010-11-09 15:20:00,22792,FLUTED ANTIQUE CANDLE HOLDER,12,0.85,14899,United Kingdom
531792,2010-11-09 15:20:00,22073,RED RETROSPOT STORAGE JAR,1,3.75,14899,United Kingdom
531792,2010-11-09 15:20:00,20914,SET/5 RED RETROSPOT LID GLASS BOWLS,2,2.95,14899,United Kingdom
531792,2010-11-09 15:20:00,22196,SMALL HEART MEASURING SPOONS,5,0.85,14899,United Kingdom
531792,2010-11-09 15:20:00,22195,LARGE HEART MEASURING SPOONS,3,1.65,14899,United Kingdom
531792,2010-11-09 15:20:00,22796,PHOTO FRAME 3 CLASSIC HANGING,2,9.95,14899,United Kingdom
531792,2010-11-09 15:20:00,22905,CALENDAR IN SEASON DESIGN,4,2.95,14899,United Kingdom
531792,2010-11-09 15:20:00,22891,TEA FOR ONE POLKADOT,3,4.25,14899,United Kingdom
531792,2010-11-09 15:20:00,22162,HEART GARLAND RUSTIC PADDED,8,2.95,14899,United Kingdom
531792,2010-11-09 15:20:00,22162,HEART GARLAND RUSTIC PADDED,6,2.95,14899,United Kingdom
531792,2010-11-09 15:20:00,84945,MULTI COLOUR SILVER T-LIGHT HOLDER,12,0.85,14899,United Kingdom
531792,2010-11-09 15:20:00,22697,GREEN REGENCY TEACUP AND SAUCER,2,2.95,14899,United Kingdom
531792,2010-11-09 15:20:00,21533,RETROSPOT LARGE MILK JUG,2,4.95,14899,United Kingdom
531792,2010-11-09 15:20:00,20802,SMALL GLASS SUNDAE DISH CLEAR,6,1.65,14899,United Kingdom
531792,2010-11-09 15:20:00,21534,DAIRY MAID LARGE MILK JUG,2,4.95,14899,United Kingdom
531792,2010-11-09 15:20:00,17109D,FLOWER FAIRY INCENSE BOUQUET,1,1.69,14899,United Kingdom
531792,2010-11-09 15:20:00,22741,FUNKY DIVA PEN,48,0.85,14899,United Kingdom
531792,2010-11-09 15:20:00,22080,RIBBON REEL POLKADOTS ,5,1.65,14899,United Kingdom
531792,2010-11-09 15:20:00,22079,RIBBON REEL HEARTS DESIGN ,5,1.65,14899,United Kingdom
531792,2010-11-09 15:20:00,22865,HAND WARMER OWL DESIGN,4,2.1,14899,United Kingdom
531792,2010-11-09 15:20:00,21218,RED SPOTTY BISCUIT TIN,1,3.75,14899,United Kingdom
531792,2010-11-09 15:20:00,22082,RIBBON REEL STRIPES DESIGN ,5,1.65,14899,United Kingdom
531792,2010-11-09 15:20:00,22501,PICNIC BASKET WICKER LARGE,1,9.95,14899,United Kingdom
531792,2010-11-09 15:20:00,22765,NEWSPAPER STAND,1,14.95,14899,United Kingdom
531792,2010-11-09 15:20:00,22763,KEY CABINET MA CAMPAGNE,2,9.95,14899,United Kingdom
531792,2010-11-09 15:20:00,22131,FOOD CONTAINER SET 3 LOVE HEART ,3,1.95,14899,United Kingdom
531792,2010-11-09 15:20:00,22119,PEACE WOODEN BLOCK LETTERS,2,6.95,14899,United Kingdom
531792,2010-11-09 15:20:00,22121,NOEL WOODEN BLOCK LETTERS ,2,5.95,14899,United Kingdom
531792,2010-11-09 15:20:00,21755,LOVE BUILDING BLOCK WORD,4,5.95,14899,United Kingdom
531792,2010-11-09 15:20:00,21756,BATH BUILDING BLOCK WORD,4,5.95,14899,United Kingdom
531792,2010-11-09 15:20:00,21754,HOME BUILDING BLOCK WORD,4,5.95,14899,United Kingdom
531792,2010-11-09 15:20:00,22763,KEY CABINET MA CAMPAGNE,2,9.95,14899,United Kingdom
531792,2010-11-09 15:20:00,22760,"TRAY, BREAKFAST IN BED",2,12.75,14899,United Kingdom
531792,2010-11-09 15:20:00,22118,JOY WOODEN BLOCK LETTERS,2,4.95,14899,United Kingdom
531792,2010-11-09 15:20:00,22480,RED TEA TOWEL CLASSIC DESIGN,6,1.25,14899,United Kingdom
531792,2010-11-09 15:20:00,84947,ANTIQUE SILVER TEA GLASS ENGRAVED,6,1.25,14899,United Kingdom
531792,2010-11-09 15:20:00,22896,PEG BAG APPLES DESIGN,4,2.55,14899,United Kingdom
531792,2010-11-09 15:20:00,22894,TABLECLOTH RED APPLES DESIGN ,2,8.5,14899,United Kingdom
531792,2010-11-09 15:20:00,22699,ROSES REGENCY TEACUP AND SAUCER ,2,2.95,14899,United Kingdom
531792,2010-11-09 15:20:00,22423,REGENCY CAKESTAND 3 TIER,2,12.75,14899,United Kingdom
531792,2010-11-09 15:20:00,22482,BLUE TEA TOWEL CLASSIC DESIGN,6,1.25,14899,United Kingdom
531792,2010-11-09 15:20:00,22328,ROUND SNACK BOXES SET OF 4 FRUITS ,3,2.95,14899,United Kingdom
531792,2010-11-09 15:20:00,22633,HAND WARMER UNION JACK,2,2.1,14899,United Kingdom
531792,2010-11-09 15:20:00,22203,MILK PAN RED RETROSPOT,3,3.75,14899,United Kingdom
531792,2010-11-09 15:20:00,21218,RED SPOTTY BISCUIT TIN,1,3.75,14899,United Kingdom
531792,2010-11-09 15:20:00,21535,RED RETROSPOT SMALL MILK JUG,1,2.55,14899,United Kingdom
531792,2010-11-09 15:20:00,22727,ALARM CLOCK BAKELIKE RED ,1,3.75,14899,United Kingdom
531792,2010-11-09 15:20:00,22726,ALARM CLOCK BAKELIKE GREEN,1,3.75,14899,United Kingdom
531792,2010-11-09 15:20:00,22728,ALARM CLOCK BAKELIKE PINK,2,3.75,14899,United Kingdom
531792,2010-11-09 15:20:00,22730,ALARM CLOCK BAKELIKE IVORY,2,3.75,14899,United Kingdom
531792,2010-11-09 15:20:00,22694,WICKER STAR ,5,2.1,14899,United Kingdom
531792,2010-11-09 15:20:00,35240,ENAMEL BLUE RIM OVAL TRAY SET/2,1,8.49,14899,United Kingdom
531792,2010-11-09 15:20:00,22727,ALARM CLOCK BAKELIKE RED ,2,3.75,14899,United Kingdom
531792,2010-11-09 15:20:00,22198,LARGE POPCORN HOLDER ,4,1.65,14899,United Kingdom
531792,2010-11-09 15:20:00,21531,RED RETROSPOT SUGAR JAM BOWL,3,2.55,14899,United Kingdom
531792,2010-11-09 15:20:00,84947,ANTIQUE SILVER TEA GLASS ENGRAVED,6,1.25,14899,United Kingdom
531792,2010-11-09 15:20:00,22726,ALARM CLOCK BAKELIKE GREEN,2,3.75,14899,United Kingdom
531792,2010-11-09 15:20:00,21181,PLEASE ONE PERSON METAL SIGN,2,2.1,14899,United Kingdom
531792,2010-11-09 15:20:00,21159,MOODY BOY  DOOR HANGER ,2,1.45,14899,United Kingdom
531792,2010-11-09 15:20:00,21161,KEEP OUT BOYS DOOR HANGER ,2,1.45,14899,United Kingdom
531792,2010-11-09 15:20:00,21162,TOXIC AREA  DOOR HANGER ,2,1.45,14899,United Kingdom
531792,2010-11-09 15:20:00,84949,SILVER HANGING T-LIGHT HOLDER,12,1.65,14899,United Kingdom
531792,2010-11-09 15:20:00,21158,MOODY GIRL DOOR HANGER ,2,1.45,14899,United Kingdom
531792,2010-11-09 15:20:00,21563,RED HEART SHAPE LOVE BUCKET ,4,2.95,14899,United Kingdom
531792,2010-11-09 15:20:00,20966,SANDWICH BATH SPONGE,10,1.25,14899,United Kingdom
531792,2010-11-09 15:20:00,20963,APPLE BATH SPONGE,10,1.25,14899,United Kingdom
531792,2010-11-09 15:20:00,22197,SMALL POPCORN HOLDER,6,0.85,14899,United Kingdom
531792,2010-11-09 15:20:00,20961,STRAWBERRY BATH SPONGE ,10,1.25,14899,United Kingdom
531792,2010-11-09 15:20:00,21179,NO JUNK MAIL METAL SIGN,3,1.25,14899,United Kingdom
532169,2010-11-11 12:20:00,22730,ALARM CLOCK BAKELIKE IVORY,4,3.75,13614,United Kingdom
532169,2010-11-11 12:20:00,22776,SWEETHEART CAKESTAND 3 TIER,2,9.95,13614,United Kingdom
532169,2010-11-11 12:20:00,22841,ROUND CAKE TIN VINTAGE GREEN,2,7.95,13614,United Kingdom
532169,2010-11-11 12:20:00,22843,BISCUIT TIN VINTAGE GREEN,2,6.75,13614,United Kingdom
532169,2010-11-11 12:20:00,22846,BREAD BIN DINER STYLE RED ,1,16.95,13614,United Kingdom
532169,2010-11-11 12:20:00,22938,CUPCAKE LACE PAPER SET 6,12,1.95,13614,United Kingdom
532169,2010-11-11 12:20:00,22849,BREAD BIN DINER STYLE MINT,1,16.95,13614,United Kingdom
532169,2010-11-11 12:20:00,22854,CREAM SWEETHEART EGG HOLDER,4,4.95,13614,United Kingdom
532169,2010-11-11 12:20:00,22944,CHRISTMAS METAL POSTCARD WITH BELLS,12,1.25,13614,United Kingdom
532169,2010-11-11 12:20:00,72760B,VINTAGE CREAM 3 BASKET CAKE STAND,2,9.95,13614,United Kingdom
532169,2010-11-11 12:20:00,22666,RECIPE BOX PANTRY YELLOW DESIGN,6,2.95,13614,United Kingdom
532169,2010-11-11 12:20:00,22847,BREAD BIN DINER STYLE IVORY,1,16.95,13614,United Kingdom
532169,2010-11-11 12:20:00,22654,DELUXE SEWING KIT ,3,5.95,13614,United Kingdom
532169,2010-11-11 12:20:00,21166,COOK WITH WINE METAL SIGN ,12,1.95,13614,United Kingdom
532169,2010-11-11 12:20:00,22423,REGENCY CAKESTAND 3 TIER,2,12.75,13614,United Kingdom
532169,2010-11-11 12:20:00,22575,METAL MERRY CHRISTMAS WREATH,8,1.95,13614,United Kingdom
532169,2010-11-11 12:20:00,21623,VINTAGE UNION JACK MEMOBOARD,2,9.95,13614,United Kingdom
532169,2010-11-11 12:20:00,21817,GLITTER CHRISTMAS TREE,12,0.85,13614,United Kingdom
532169,2010-11-11 12:20:00,21818,GLITTER CHRISTMAS HEART ,12,0.85,13614,United Kingdom
532169,2010-11-11 12:20:00,21819,GLITTER CHRISTMAS STAR ,12,0.85,13614,United Kingdom
532169,2010-11-11 12:20:00,21169,YOU'RE CONFUSING ME METAL SIGN ,12,1.69,13614,United Kingdom
532169,2010-11-11 12:20:00,21825,PAINTED METAL TREE WITH HOLLY BELLS,12,1.45,13614,United Kingdom
532169,2010-11-11 12:20:00,21913,VINTAGE SEASIDE JIGSAW PUZZLES,4,3.75,13614,United Kingdom
532169,2010-11-11 12:20:00,21974,SET OF 36 PAISLEY FLOWER DOILIES,12,1.45,13614,United Kingdom
532169,2010-11-11 12:20:00,22144,CHRISTMAS CRAFT LITTLE FRIENDS,6,2.1,13614,United Kingdom
532169,2010-11-11 12:20:00,21823,PAINTED METAL HEART WITH HOLLY BELL,12,1.45,13614,United Kingdom
532349,2010-11-11 16:23:00,22778,GLASS CLOCHE SMALL,2,3.95,15016,United Kingdom
532349,2010-11-11 16:23:00,21314,SMALL GLASS HEART TRINKET POT,1,2.1,15016,United Kingdom
532349,2010-11-11 16:23:00,84380,SET OF 3 BUTTERFLY COOKIE CUTTERS,1,1.25,15016,United Kingdom
532349,2010-11-11 16:23:00,84378,SET OF 3 HEART COOKIE CUTTERS,2,1.25,15016,United Kingdom
532349,2010-11-11 16:23:00,22469,HEART OF WICKER SMALL,1,1.65,15016,United Kingdom
532349,2010-11-11 16:23:00,22189,CREAM HEART CARD HOLDER,1,3.95,15016,United Kingdom
532349,2010-11-11 16:23:00,79321,CHILLI LIGHTS,2,4.95,15016,United Kingdom
532349,2010-11-11 16:23:00,22801,ANTIQUE GLASS PEDESTAL BOWL,4,3.75,15016,United Kingdom
532349,2010-11-11 16:23:00,22777,GLASS CLOCHE LARGE,1,8.5,15016,United Kingdom
532349,2010-11-11 16:23:00,21452,TOADSTOOL MONEY BOX,2,2.95,15016,United Kingdom
532349,2010-11-11 16:23:00,20828,GLITTER BUTTERFLY CLIPS,2,2.55,15016,United Kingdom
532349,2010-11-11 16:23:00,22662,LUNCH BAG DOLLY GIRL DESIGN,1,1.65,15016,United Kingdom
532349,2010-11-11 16:23:00,84536A,ENGLISH ROSE NOTEBOOK A7 SIZE,1,0.42,15016,United Kingdom
532349,2010-11-11 16:23:00,22632,HAND WARMER RED RETROSPOT,1,2.1,15016,United Kingdom
532349,2010-11-11 16:23:00,22409,MONEY BOX BISCUITS DESIGN,1,1.25,15016,United Kingdom
532349,2010-11-11 16:23:00,22423,REGENCY CAKESTAND 3 TIER,2,12.75,15016,United Kingdom
532349,2010-11-11 16:23:00,22800,ANTIQUE TALL SWIRLGLASS TRINKET POT,4,3.75,15016,United Kingdom
532349,2010-11-11 16:23:00,22798,ANTIQUE GLASS DRESSING TABLE POT,4,2.95,15016,United Kingdom
532349,2010-11-11 16:23:00,22118,JOY WOODEN BLOCK LETTERS,1,4.95,15016,United Kingdom
532349,2010-11-11 16:23:00,22077,6 RIBBONS RUSTIC CHARM,1,1.65,15016,United Kingdom
532352,2010-11-11 16:30:00,22415,WHITE TISSUE REAM,1,7.95,15016,United Kingdom
532364,2010-11-11 17:28:00,21818,GLITTER CHRISTMAS HEART ,6,0.85,14713,United Kingdom
532364,2010-11-11 17:28:00,21817,GLITTER CHRISTMAS TREE,6,0.85,14713,United Kingdom
532364,2010-11-11 17:28:00,22632,HAND WARMER RED RETROSPOT,6,2.1,14713,United Kingdom
532364,2010-11-11 17:28:00,22633,HAND WARMER UNION JACK,4,2.1,14713,United Kingdom
532364,2010-11-11 17:28:00,22865,HAND WARMER OWL DESIGN,4,2.1,14713,United Kingdom
532364,2010-11-11 17:28:00,37343,POLKADOT MUG PINK ,6,1.65,14713,United Kingdom
532364,2010-11-11 17:28:00,21870,I CAN ONLY PLEASE ONE PERSON MUG,6,1.25,14713,United Kingdom
532364,2010-11-11 17:28:00,22086,PAPER CHAIN KIT 50'S CHRISTMAS ,40,2.55,14713,United Kingdom
532364,2010-11-11 17:28:00,82483,WOOD 2 DRAWER CABINET WHITE FINISH,2,5.95,14713,United Kingdom
532364,2010-11-11 17:28:00,21819,GLITTER CHRISTMAS STAR ,6,0.85,14713,United Kingdom
532364,2010-11-11 17:28:00,22409,MONEY BOX BISCUITS DESIGN,2,1.25,14713,United Kingdom
532364,2010-11-11 17:28:00,22866,HAND WARMER SCOTTY DOG DESIGN,12,2.1,14713,United Kingdom
532364,2010-11-11 17:28:00,22161,HEART DECORATION RUSTIC HANGING ,6,0.65,14713,United Kingdom
532364,2010-11-11 17:28:00,21328,BALLOONS  WRITING SET ,6,1.65,14713,United Kingdom
532364,2010-11-11 17:28:00,21807,WHITE CHRISTMAS STAR DECORATION,24,0.42,14713,United Kingdom
532364,2010-11-11 17:28:00,21329,DINOSAURS  WRITING SET ,4,1.65,14713,United Kingdom
532364,2010-11-11 17:28:00,21327,SKULLS WRITING SET ,4,1.65,14713,United Kingdom
532364,2010-11-11 17:28:00,22109,FULL ENGLISH BREAKFAST PLATE,1,3.75,14713,United Kingdom
532364,2010-11-11 17:28:00,22107,PIZZA PLATE IN BOX,1,3.75,14713,United Kingdom
532364,2010-11-11 17:28:00,21504,SKULLS GREETING CARD,12,0.42,14713,United Kingdom
532364,2010-11-11 17:28:00,21464,DISCO BALL ROTATOR BATTERY OPERATED,1,4.25,14713,United Kingdom
532364,2010-11-11 17:28:00,21500,PINK POLKADOT WRAP ,25,0.42,14713,United Kingdom
532364,2010-11-11 17:28:00,21498,RED RETROSPOT WRAP ,25,0.42,14713,United Kingdom
532364,2010-11-11 17:28:00,21495,SKULLS AND CROSSBONES WRAP,25,0.42,14713,United Kingdom
532364,2010-11-11 17:28:00,21914,BLUE HARMONICA IN BOX ,12,1.25,14713,United Kingdom
532364,2010-11-11 17:28:00,22406,MONEY BOX KINGS CHOICE DESIGN,2,1.25,14713,United Kingdom
532364,2010-11-11 17:28:00,21806,WHITE CHRISTMAS HEART DECORATION,24,0.42,14713,United Kingdom
532364,2010-11-11 17:28:00,21917,SET 12 KIDS  WHITE CHALK STICKS,6,0.42,14713,United Kingdom
532364,2010-11-11 17:28:00,22367,CHILDRENS APRON SPACEBOY DESIGN,2,1.95,14713,United Kingdom
532364,2010-11-11 17:28:00,21876,POTTERING MUG,3,1.25,14713,United Kingdom
532364,2010-11-11 17:28:00,22518,CHILDS GARDEN BRUSH BLUE,3,2.1,14713,United Kingdom
532364,2010-11-11 17:28:00,20727,LUNCH BAG  BLACK SKULL.,4,1.65,14713,United Kingdom
532364,2010-11-11 17:28:00,21918,SET 12 KIDS COLOUR  CHALK STICKS,12,0.42,14713,United Kingdom
532364,2010-11-11 17:28:00,22383,LUNCH BAG SUKI  DESIGN ,2,1.65,14713,United Kingdom
532364,2010-11-11 17:28:00,20719,WOODLAND CHARLOTTE BAG,4,0.85,14713,United Kingdom
532364,2010-11-11 17:28:00,22355,CHARLOTTE BAG SUKI DESIGN,4,0.85,14713,United Kingdom
532364,2010-11-11 17:28:00,20724,RED RETROSPOT CHARLOTTE BAG,4,0.85,14713,United Kingdom
532364,2010-11-11 17:28:00,22356,CHARLOTTE BAG PINK POLKADOT,4,0.85,14713,United Kingdom
532364,2010-11-11 17:28:00,82484,WOOD BLACK BOARD ANT WHITE FINISH,2,6.45,14713,United Kingdom
532364,2010-11-11 17:28:00,22749,FELTCRAFT PRINCESS CHARLOTTE DOLL,2,3.75,14713,United Kingdom
532364,2010-11-11 17:28:00,22750,FELTCRAFT PRINCESS LOLA DOLL,2,3.75,14713,United Kingdom
532364,2010-11-11 17:28:00,10135,COLOURING PENCILS BROWN TUBE,10,1.25,14713,United Kingdom
532364,2010-11-11 17:28:00,22112,CHOCOLATE HOT WATER BOTTLE,2,4.95,14713,United Kingdom
532364,2010-11-11 17:28:00,20727,LUNCH BAG  BLACK SKULL.,2,1.65,14713,United Kingdom
532364,2010-11-11 17:28:00,21481,FAWN BLUE HOT WATER BOTTLE,2,2.95,14713,United Kingdom
532364,2010-11-11 17:28:00,21479,WHITE SKULL HOT WATER BOTTLE ,2,3.75,14713,United Kingdom
532364,2010-11-11 17:28:00,21174,POTTERING IN THE SHED METAL SIGN,4,1.95,14713,United Kingdom
532364,2010-11-11 17:28:00,21181,PLEASE ONE PERSON METAL SIGN,4,2.1,14713,United Kingdom
532364,2010-11-11 17:28:00,47591D,PINK FAIRY CAKE CHILDRENS APRON,2,1.95,14713,United Kingdom
532364,2010-11-11 17:28:00,84032A,CHARLIE+LOLA PINK HOT WATER BOTTLE,3,2.95,14713,United Kingdom
532364,2010-11-11 17:28:00,21745,GAOLERS KEYS DECORATIVE GARDEN ,3,3.75,14713,United Kingdom
532364,2010-11-11 17:28:00,22150,3 STRIPEY MICE FELTCRAFT,3,1.95,14713,United Kingdom
532364,2010-11-11 17:28:00,22114,HOT WATER BOTTLE TEA AND SYMPATHY,2,3.95,14713,United Kingdom
532364,2010-11-11 17:28:00,84029G,KNITTED UNION FLAG HOT WATER BOTTLE,2,3.75,14713,United Kingdom
532364,2010-11-11 17:28:00,84029E,RED WOOLLY HOTTIE WHITE HEART.,1,3.75,14713,United Kingdom
532364,2010-11-11 17:28:00,21486,PINK HEART DOTS HOT WATER BOTTLE,3,3.75,14713,United Kingdom
532364,2010-11-11 17:28:00,22113,GREY HEART HOT WATER BOTTLE,3,3.75,14713,United Kingdom
532382,2010-11-11 18:24:00,22297,HEART IVORY TRELLIS SMALL,24,1.25,16081,United Kingdom
532382,2010-11-11 18:24:00,35961,FOLKART ZINC HEART CHRISTMAS DEC,12,0.85,16081,United Kingdom
532382,2010-11-11 18:24:00,21389,IVORY HANGING DECORATION  BIRD,24,0.85,16081,United Kingdom
532382,2010-11-11 18:24:00,85146,JARDIN ETCHED GLASS SMALL BELL JAR,2,5.95,16081,United Kingdom
532382,2010-11-11 18:24:00,21808,"CHRISTMAS GARLAND STARS,TREES",1,3.75,16081,United Kingdom
532382,2010-11-11 18:24:00,22294,HEART FILIGREE DOVE  SMALL,5,1.25,16081,United Kingdom
532382,2010-11-11 18:24:00,22295,HEART FILIGREE DOVE LARGE,5,1.65,16081,United Kingdom
532382,2010-11-11 18:24:00,22798,ANTIQUE GLASS DRESSING TABLE POT,4,2.95,16081,United Kingdom
532382,2010-11-11 18:24:00,22156,HEART DECORATION WITH PEARLS ,12,0.85,16081,United Kingdom
532382,2010-11-11 18:24:00,22296,HEART IVORY TRELLIS LARGE,2,1.65,16081,United Kingdom
532382,2010-11-11 18:24:00,21820,GLITTER HEART GARLAND WITH BELLS ,6,3.75,16081,United Kingdom
532382,2010-11-11 18:24:00,22219,LOVEBIRD HANGING DECORATION WHITE ,14,0.85,16081,United Kingdom
532382,2010-11-11 18:24:00,21818,GLITTER CHRISTMAS HEART ,10,0.85,16081,United Kingdom
532382,2010-11-11 18:24:00,21817,GLITTER CHRISTMAS TREE,10,0.85,16081,United Kingdom
532382,2010-11-11 18:24:00,22155,STAR DECORATION RUSTIC,15,0.42,16081,United Kingdom
532382,2010-11-11 18:24:00,21908,CHOCOLATE THIS WAY METAL SIGN,3,2.1,16081,United Kingdom
532382,2010-11-11 18:24:00,21166,COOK WITH WINE METAL SIGN ,2,1.95,16081,United Kingdom
532382,2010-11-11 18:24:00,21169,YOU'RE CONFUSING ME METAL SIGN ,3,1.69,16081,United Kingdom
532382,2010-11-11 18:24:00,21175,GIN + TONIC DIET METAL SIGN,2,2.1,16081,United Kingdom
532382,2010-11-11 18:24:00,82605,OLD DOC RUSSEL METAL SIGN,2,2.1,16081,United Kingdom
532382,2010-11-11 18:24:00,22335,HEART DECORATION PAINTED ZINC ,10,0.65,16081,United Kingdom
532382,2010-11-11 18:24:00,21812,GARLAND WITH HEARTS AND BELLS,6,4.95,16081,United Kingdom
532382,2010-11-11 18:24:00,22170,PICTURE FRAME WOOD TRIPLE PORTRAIT,4,6.75,16081,United Kingdom
532382,2010-11-11 18:24:00,84836,ZINC METAL HEART DECORATION,12,1.25,16081,United Kingdom
532382,2010-11-11 18:24:00,82600,NO SINGING METAL SIGN,2,2.1,16081,United Kingdom
532382,2010-11-11 18:24:00,21340,CLASSIC METAL BIRDCAGE PLANT HOLDER,2,12.75,16081,United Kingdom
532382,2010-11-11 18:24:00,71038,WHITE HANGING BEADS CANDLE HOLDER,8,5.45,16081,United Kingdom
532382,2010-11-11 18:24:00,22847,BREAD BIN DINER STYLE IVORY,1,16.95,16081,United Kingdom
532382,2010-11-11 18:24:00,22569,FELTCRAFT CUSHION BUTTERFLY,1,3.75,16081,United Kingdom
532382,2010-11-11 18:24:00,22568,FELTCRAFT CUSHION OWL,1,3.75,16081,United Kingdom
532382,2010-11-11 18:24:00,22570,FELTCRAFT CUSHION RABBIT,1,3.75,16081,United Kingdom
532382,2010-11-11 18:24:00,22149,FELTCRAFT 6 FLOWER FRIENDS,3,2.1,16081,United Kingdom
532382,2010-11-11 18:24:00,22147,FELTCRAFT BUTTERFLY HEARTS,3,1.45,16081,United Kingdom
532382,2010-11-11 18:24:00,21385,IVORY HANGING DECORATION  HEART,24,0.85,16081,United Kingdom
532382,2010-11-11 18:24:00,20972,PINK CREAM FELT CRAFT TRINKET BOX ,2,1.25,16081,United Kingdom
532382,2010-11-11 18:24:00,22854,CREAM SWEETHEART EGG HOLDER,2,4.95,16081,United Kingdom
532382,2010-11-11 18:24:00,22158,3 HEARTS HANGING DECORATION RUSTIC,3,2.95,16081,United Kingdom
532382,2010-11-11 18:24:00,22699,ROSES REGENCY TEACUP AND SAUCER ,1,2.95,16081,United Kingdom
532382,2010-11-11 18:24:00,22698,PINK REGENCY TEACUP AND SAUCER,1,2.95,16081,United Kingdom
532382,2010-11-11 18:24:00,22697,GREEN REGENCY TEACUP AND SAUCER,1,2.95,16081,United Kingdom
532382,2010-11-11 18:24:00,22487,WHITE WOOD GARDEN PLANT LADDER,2,9.95,16081,United Kingdom
532382,2010-11-11 18:24:00,22800,ANTIQUE TALL SWIRLGLASS TRINKET POT,4,3.75,16081,United Kingdom
532382,2010-11-11 18:24:00,22784,LANTERN CREAM GAZEBO ,2,4.95,16081,United Kingdom
532382,2010-11-11 18:24:00,22789,T-LIGHT HOLDER SWEETHEART HANGING,4,1.95,16081,United Kingdom
532382,2010-11-11 18:24:00,20971,PINK BLUE FELT CRAFT TRINKET BOX,2,1.25,16081,United Kingdom
532382,2010-11-11 18:24:00,85152,HAND OVER THE CHOCOLATE   SIGN ,3,2.1,16081,United Kingdom
532382,2010-11-11 18:24:00,22464,HANGING METAL HEART LANTERN,6,1.65,16081,United Kingdom
532382,2010-11-11 18:24:00,82581,TOILET METAL SIGN,3,0.55,16081,United Kingdom
532382,2010-11-11 18:24:00,85063,CREAM SWEETHEART MAGAZINE RACK,1,16.95,16081,United Kingdom
532382,2010-11-11 18:24:00,21333,CLASSIC WHITE FRAME,3,2.95,16081,United Kingdom
532382,2010-11-11 18:24:00,84978,HANGING HEART JAR T-LIGHT HOLDER,6,1.25,16081,United Kingdom
532382,2010-11-11 18:24:00,72760B,VINTAGE CREAM 3 BASKET CAKE STAND,1,9.95,16081,United Kingdom
532382,2010-11-11 18:24:00,84879,ASSORTED COLOUR BIRD ORNAMENT,32,1.69,16081,United Kingdom
532382,2010-11-11 18:24:00,22470,HEART OF WICKER LARGE,11,2.95,16081,United Kingdom
532382,2010-11-11 18:24:00,21733,RED HANGING HEART T-LIGHT HOLDER,10,2.95,16081,United Kingdom
532382,2010-11-11 18:24:00,85123A,WHITE HANGING HEART T-LIGHT HOLDER,10,2.95,16081,United Kingdom
532382,2010-11-11 18:24:00,22804,CANDLEHOLDER PINK HANGING HEART,10,2.95,16081,United Kingdom
532382,2010-11-11 18:24:00,21136,PAINTED METAL PEARS ASSORTED,32,1.69,16081,United Kingdom
532382,2010-11-11 18:24:00,85034A,3 GARDENIA MORRIS BOXED CANDLES,3,4.25,16081,United Kingdom
532382,2010-11-11 18:24:00,85036A,GARDENIA 1 WICK MORRIS BOXED CANDLE,3,4.25,16081,United Kingdom
532382,2010-11-11 18:24:00,85035A,GARDENIA 3 WICK MORRIS BOXED CANDLE,4,4.25,16081,United Kingdom
532382,2010-11-11 18:24:00,85036B,CHOCOLATE 1 WICK MORRIS BOX CANDLE,3,4.25,16081,United Kingdom
532382,2010-11-11 18:24:00,85035B,CHOCOLATE 3 WICK MORRIS BOX CANDLE,6,4.25,16081,United Kingdom
532382,2010-11-11 18:24:00,82494L,WOODEN FRAME ANTIQUE WHITE ,12,2.95,16081,United Kingdom
532382,2010-11-11 18:24:00,82482,WOODEN PICTURE FRAME WHITE FINISH,12,2.55,16081,United Kingdom
532382,2010-11-11 18:24:00,21135,VICTORIAN  METAL POSTCARD SPRING,8,1.69,16081,United Kingdom
532382,2010-11-11 18:24:00,82483,WOOD 2 DRAWER CABINET WHITE FINISH,2,5.95,16081,United Kingdom
532382,2010-11-11 18:24:00,21755,LOVE BUILDING BLOCK WORD,1,5.95,16081,United Kingdom
532382,2010-11-11 18:24:00,84970S,HANGING HEART ZINC T-LIGHT HOLDER,24,0.85,16081,United Kingdom
532382,2010-11-11 18:24:00,84970L,SINGLE HEART ZINC T-LIGHT HOLDER,24,0.95,16081,United Kingdom
532382,2010-11-11 18:24:00,21653,GLASS ETCHED T-LIGHT HOLDER LARGE,6,2.1,16081,United Kingdom
532382,2010-11-11 18:24:00,82580,BATHROOM METAL SIGN,3,0.55,16081,United Kingdom
532382,2010-11-11 18:24:00,82578,KITCHEN METAL SIGN,3,0.55,16081,United Kingdom
532382,2010-11-11 18:24:00,22086,PAPER CHAIN KIT 50'S CHRISTMAS ,1,2.95,16081,United Kingdom
532382,2010-11-11 18:24:00,21899,"KEY FOB , GARAGE DESIGN",5,0.65,16081,United Kingdom
532382,2010-11-11 18:24:00,21143,ANTIQUE GLASS HEART DECORATION ,12,1.95,16081,United Kingdom
532382,2010-11-11 18:24:00,21899,"KEY FOB , GARAGE DESIGN",1,0.65,16081,United Kingdom
532382,2010-11-11 18:24:00,21901,"KEY FOB , BACK DOOR ",6,0.65,16081,United Kingdom
532382,2010-11-11 18:24:00,22178,VICTORIAN GLASS HANGING T-LIGHT,12,1.25,16081,United Kingdom
532382,2010-11-11 18:24:00,21900,"KEY FOB , SHED",6,0.65,16081,United Kingdom
532382,2010-11-11 18:24:00,84978,HANGING HEART JAR T-LIGHT HOLDER,6,1.25,16081,United Kingdom
532382,2010-11-11 18:24:00,21902,"KEY FOB , FRONT  DOOR ",7,0.65,16081,United Kingdom
532382,2010-11-11 18:24:00,22457,NATURAL SLATE HEART CHALKBOARD ,12,2.95,16081,United Kingdom
532382,2010-11-11 18:24:00,22456,NATURAL SLATE CHALKBOARD LARGE ,3,4.95,16081,United Kingdom
532382,2010-11-11 18:24:00,22189,CREAM HEART CARD HOLDER,3,3.95,16081,United Kingdom
532382,2010-11-11 18:24:00,22769,CHALKBOARD KITCHEN ORGANISER,1,24.95,16081,United Kingdom
532382,2010-11-11 18:24:00,82599,FANNY'S REST STOPMETAL SIGN,2,2.1,16081,United Kingdom
532382,2010-11-11 18:24:00,22169,FAMILY ALBUM WHITE PICTURE FRAME,2,8.5,16081,United Kingdom
532382,2010-11-11 18:24:00,85064,CREAM SWEETHEART LETTER RACK,1,5.45,16081,United Kingdom
532382,2010-11-11 18:24:00,85166B,BLACK METAL BAROQUE PHOTO FRAME,3,3.75,16081,United Kingdom
532382,2010-11-11 18:24:00,22766,PHOTO FRAME CORNICE,4,2.95,16081,United Kingdom
532559,2010-11-12 12:55:00,71477,COLOUR GLASS. STAR T-LIGHT HOLDER,144,2.75,16199,United Kingdom
532559,2010-11-12 12:55:00,21730,GLASS STAR FROSTED T-LIGHT HOLDER,18,4.25,16199,United Kingdom
532599,2010-11-12 14:55:00,82001S,VINYL RECORD FRAME SILVER,24,3.39,13576,United Kingdom
532599,2010-11-12 14:55:00,21623,VINTAGE UNION JACK MEMOBOARD,2,9.95,13576,United Kingdom
532599,2010-11-12 14:55:00,22041,"RECORD FRAME 7"" SINGLE SIZE ",48,2.1,13576,United Kingdom
532599,2010-11-12 14:55:00,21137,BLACK RECORD COVER FRAME,48,3.39,13576,United Kingdom
532599,2010-11-12 14:55:00,22785,SQUARECUSHION COVER PINK UNION FLAG,2,6.75,13576,United Kingdom
532599,2010-11-12 14:55:00,22189,CREAM HEART CARD HOLDER,4,3.95,13576,United Kingdom
532599,2010-11-12 14:55:00,22188,BLACK HEART CARD HOLDER,4,3.95,13576,United Kingdom
532599,2010-11-12 14:55:00,22169,FAMILY ALBUM WHITE PICTURE FRAME,2,8.5,13576,United Kingdom
532599,2010-11-12 14:55:00,22800,ANTIQUE TALL SWIRLGLASS TRINKET POT,4,3.75,13576,United Kingdom
532673,2010-11-14 11:51:00,82599,FANNY'S REST STOPMETAL SIGN,1,2.1,15038,United Kingdom
532673,2010-11-14 11:51:00,22103,MIRROR MOSAIC T-LIGHT HOLDER ROUND,1,1.65,15038,United Kingdom
532673,2010-11-14 11:51:00,21733,RED HANGING HEART T-LIGHT HOLDER,1,2.95,15038,United Kingdom
532673,2010-11-14 11:51:00,21181,PLEASE ONE PERSON METAL SIGN,3,2.1,15038,United Kingdom
532673,2010-11-14 11:51:00,82494L,WOODEN FRAME ANTIQUE WHITE ,2,2.95,15038,United Kingdom
532673,2010-11-14 11:51:00,82482,WOODEN PICTURE FRAME WHITE FINISH,2,2.55,15038,United Kingdom
532673,2010-11-14 11:51:00,82483,WOOD 2 DRAWER CABINET WHITE FINISH,1,5.95,15038,United Kingdom
532673,2010-11-14 11:51:00,21889,WOODEN BOX OF DOMINOES,1,1.25,15038,United Kingdom
532673,2010-11-14 11:51:00,21111,"SWISS ROLL TOWEL, CHOCOLATE  SPOTS",1,2.95,15038,United Kingdom
532673,2010-11-14 11:51:00,21109,"LARGE CAKE TOWEL, CHOCOLATE SPOTS",1,6.75,15038,United Kingdom
532673,2010-11-14 11:51:00,21106,CREAM SLICE FLANNEL CHOCOLATE SPOT ,2,2.95,15038,United Kingdom
532673,2010-11-14 11:51:00,21111,"SWISS ROLL TOWEL, CHOCOLATE  SPOTS",3,2.95,15038,United Kingdom
532673,2010-11-14 11:51:00,21107,CREAM SLICE FLANNEL PINK SPOT ,2,2.95,15038,United Kingdom
532673,2010-11-14 11:51:00,22596,CHRISTMAS STAR WISH LIST CHALKBOARD,1,0.85,15038,United Kingdom
532673,2010-11-14 11:51:00,72802A,ROSE SCENT CANDLE IN JEWELLED BOX,1,4.25,15038,United Kingdom
532673,2010-11-14 11:51:00,71053,WHITE METAL LANTERN,3,3.75,15038,United Kingdom
532673,2010-11-14 11:51:00,84032B,CHARLIE + LOLA RED HOT WATER BOTTLE,1,2.95,15038,United Kingdom
532673,2010-11-14 11:51:00,20705,MRS ROBOT SOFT TOY,1,6.95,15038,United Kingdom
532673,2010-11-14 11:51:00,21523,DOORMAT FANCY FONT HOME SWEET HOME,1,7.95,15038,United Kingdom
532673,2010-11-14 11:51:00,48138,DOORMAT UNION FLAG,1,7.95,15038,United Kingdom
532673,2010-11-14 11:51:00,84030E,ENGLISH ROSE HOT WATER BOTTLE,1,4.25,15038,United Kingdom
532673,2010-11-14 11:51:00,72802B,OCEAN SCENT CANDLE IN JEWELLED BOX,1,4.25,15038,United Kingdom
532673,2010-11-14 11:51:00,21289,LARGE STRIPES CHOCOLATE GIFT BAG,16,1.25,15038,United Kingdom
532673,2010-11-14 11:51:00,21232,STRAWBERRY CERAMIC TRINKET BOX,2,1.25,15038,United Kingdom
532673,2010-11-14 11:51:00,22064,PINK DOUGHNUT TRINKET POT ,1,1.65,15038,United Kingdom
532673,2010-11-14 11:51:00,85132C,CHARLIE AND LOLA FIGURES TINS,1,9.95,15038,United Kingdom
532673,2010-11-14 11:51:00,84947,ANTIQUE SILVER TEA GLASS ENGRAVED,3,1.25,15038,United Kingdom
532673,2010-11-14 11:51:00,22470,HEART OF WICKER LARGE,1,2.95,15038,United Kingdom
532673,2010-11-14 11:51:00,84946,ANTIQUE SILVER TEA GLASS ETCHED,6,1.25,15038,United Kingdom
532673,2010-11-14 11:51:00,21755,LOVE BUILDING BLOCK WORD,1,5.95,15038,United Kingdom
532673,2010-11-14 11:51:00,22645,CERAMIC HEART FAIRY CAKE MONEY BANK,4,1.45,15038,United Kingdom
532804,2010-11-14 15:05:00,22467,GUMBALL COAT RACK,1,2.55,16719,United Kingdom
532804,2010-11-14 15:05:00,84406B,CREAM CUPID HEARTS COAT HANGER,1,3.25,16719,United Kingdom
532804,2010-11-14 15:05:00,22212,FOUR HOOK  WHITE LOVEBIRDS,1,2.1,16719,United Kingdom
532804,2010-11-14 15:05:00,85123A,WHITE HANGING HEART T-LIGHT HOLDER,2,2.95,16719,United Kingdom
532804,2010-11-14 15:05:00,37343,POLKADOT MUG PINK ,4,1.65,16719,United Kingdom
532804,2010-11-14 15:05:00,22727,ALARM CLOCK BAKELIKE RED ,4,3.75,16719,United Kingdom
532804,2010-11-14 15:05:00,20950,SET/6  ANGEL T-LIGHTS WHITE/GOLD,2,0.42,16719,United Kingdom
532804,2010-11-14 15:05:00,21497,FANCY FONTS BIRTHDAY WRAP,25,0.42,16719,United Kingdom
532804,2010-11-14 15:05:00,22051,BLUE SCANDINAVIAN PAISLEY WRAP,25,0.42,16719,United Kingdom
532804,2010-11-14 15:05:00,21499,BLUE POLKADOT WRAP,25,0.42,16719,United Kingdom
532804,2010-11-14 15:05:00,22728,ALARM CLOCK BAKELIKE PINK,1,3.75,16719,United Kingdom
532804,2010-11-14 15:05:00,22729,ALARM CLOCK BAKELIKE ORANGE,2,3.75,16719,United Kingdom
532804,2010-11-14 15:05:00,21498,RED RETROSPOT WRAP ,25,0.42,16719,United Kingdom
532804,2010-11-14 15:05:00,22296,HEART IVORY TRELLIS LARGE,2,1.65,16719,United Kingdom
532804,2010-11-14 15:05:00,22049,WRAP CHRISTMAS SCREEN PRINT,25,0.42,16719,United Kingdom
532804,2010-11-14 15:05:00,22892,SET OF SALT AND PEPPER TOADSTOOLS,2,1.25,16719,United Kingdom
532804,2010-11-14 15:05:00,22451,SILK PURSE BABUSHKA RED,4,3.35,16719,United Kingdom
532804,2010-11-14 15:05:00,22942,CHRISTMAS LIGHTS 10 SANTAS ,3,8.5,16719,United Kingdom
532804,2010-11-14 15:05:00,79321,CHILLI LIGHTS,2,4.95,16719,United Kingdom
532804,2010-11-14 15:05:00,22176,BLUE OWL SOFT TOY,2,2.95,16719,United Kingdom
532804,2010-11-14 15:05:00,22943,CHRISTMAS LIGHTS 10 VINTAGE BAUBLES,5,4.95,16719,United Kingdom
532804,2010-11-14 15:05:00,21735,TWO DOOR CURIO CABINET,1,12.75,16719,United Kingdom
532804,2010-11-14 15:05:00,75049L,LARGE CIRCULAR MIRROR MOBILE,6,1.25,16719,United Kingdom
532804,2010-11-14 15:05:00,20774,GREEN FERN NOTEBOOK,3,1.65,16719,United Kingdom
532804,2010-11-14 15:05:00,20775,DAISY NOTEBOOK ,4,1.65,16719,United Kingdom
532804,2010-11-14 15:05:00,84360,TABLE LAMP WHITE SHADE WOOD BASE,2,5.95,16719,United Kingdom
532804,2010-11-14 15:05:00,22450,SILK PURSE BABUSHKA BLUE,3,3.35,16719,United Kingdom
532804,2010-11-14 15:05:00,22139,RETROSPOT TEA SET CERAMIC 11 PC ,1,4.95,16719,United Kingdom
532804,2010-11-14 15:05:00,22193,RED DINER WALL CLOCK,1,8.5,16719,United Kingdom
533009,2010-11-15 15:30:00,22111,SCOTTIE DOG HOT WATER BOTTLE,24,4.25,16191,United Kingdom
533009,2010-11-15 15:30:00,22294,HEART FILIGREE DOVE  SMALL,288,1.06,16191,United Kingdom
533009,2010-11-15 15:30:00,84836,ZINC METAL HEART DECORATION,216,1.06,16191,United Kingdom
533009,2010-11-15 15:30:00,22464,HANGING METAL HEART LANTERN,48,1.45,16191,United Kingdom
533009,2010-11-15 15:30:00,22178,VICTORIAN GLASS HANGING T-LIGHT,96,1.06,16191,United Kingdom
533009,2010-11-15 15:30:00,22865,HAND WARMER OWL DESIGN,96,1.85,16191,United Kingdom
533009,2010-11-15 15:30:00,22866,HAND WARMER SCOTTY DOG DESIGN,96,1.85,16191,United Kingdom
533009,2010-11-15 15:30:00,71477,COLOUR GLASS. STAR T-LIGHT HOLDER,24,2.75,16191,United Kingdom
533047,2010-11-15 16:20:00,22111,SCOTTIE DOG HOT WATER BOTTLE,36,4.25,16191,United Kingdom
533047,2010-11-15 16:20:00,84029G,KNITTED UNION FLAG HOT WATER BOTTLE,24,3.39,16191,United Kingdom
533047,2010-11-15 16:20:00,85199L,LARGE HANGING IVORY & RED WOOD BIRD,144,0.53,16191,United Kingdom
533047,2010-11-15 16:20:00,71477,COLOUR GLASS. STAR T-LIGHT HOLDER,36,2.75,16191,United Kingdom
533047,2010-11-15 16:20:00,22464,HANGING METAL HEART LANTERN,48,1.45,16191,United Kingdom
533047,2010-11-15 16:20:00,22867,HAND WARMER BIRD DESIGN,96,1.85,16191,United Kingdom
533047,2010-11-15 16:20:00,22633,HAND WARMER UNION JACK,96,1.85,16191,United Kingdom
533047,2010-11-15 16:20:00,22837,HOT WATER BOTTLE BABUSHKA ,36,4.25,16191,United Kingdom
533047,2010-11-15 16:20:00,22178,VICTORIAN GLASS HANGING T-LIGHT,96,1.06,16191,United Kingdom
533356,2010-11-17 10:04:00,21463,MIRRORED DISCO BALL ,2,5.95,16168,United Kingdom
533356,2010-11-17 10:04:00,21464,DISCO BALL ROTATOR BATTERY OPERATED,2,4.25,16168,United Kingdom
533356,2010-11-17 10:04:00,22087,PAPER BUNTING WHITE LACE,12,2.95,16168,United Kingdom
534944,2010-11-24 15:26:00,22300,COFFEE MUG DOG + BALL DESIGN,6,2.55,14623,United Kingdom
534944,2010-11-24 15:26:00,22301,COFFEE MUG CAT + BIRD DESIGN,6,2.55,14623,United Kingdom
534944,2010-11-24 15:26:00,22895,SET OF 2 TEA TOWELS APPLE AND PEARS,5,2.95,14623,United Kingdom
534944,2010-11-24 15:26:00,22892,SET OF SALT AND PEPPER TOADSTOOLS,6,1.25,14623,United Kingdom
534944,2010-11-24 15:26:00,22304,COFFEE MUG BLUE PAISLEY DESIGN,6,2.55,14623,United Kingdom
534944,2010-11-24 15:26:00,85053,FRENCH ENAMEL CANDLEHOLDER,1,2.1,14623,United Kingdom
534944,2010-11-24 15:26:00,21781,MA CAMPAGNE CUTLERY BOX,1,14.95,14623,United Kingdom
534944,2010-11-24 15:26:00,21777,RECIPE BOX WITH METAL HEART,1,7.95,14623,United Kingdom
534944,2010-11-24 15:26:00,20712,JUMBO BAG WOODLAND ANIMALS,2,1.95,14623,United Kingdom
534944,2010-11-24 15:26:00,22377,BOTTLE BAG RETROSPOT ,3,2.1,14623,United Kingdom
534944,2010-11-24 15:26:00,21698,MOCK LOBSTER FRIDGE MAGNET,6,0.85,14623,United Kingdom
534944,2010-11-24 15:26:00,21700,BIG DOUGHNUT FRIDGE MAGNETS,6,0.85,14623,United Kingdom
534944,2010-11-24 15:26:00,22776,SWEETHEART CAKESTAND 3 TIER,1,9.95,14623,United Kingdom
534944,2010-11-24 15:26:00,15056N,EDWARDIAN PARASOL NATURAL,1,5.95,14623,United Kingdom
534944,2010-11-24 15:26:00,22662,LUNCH BAG DOLLY GIRL DESIGN,1,1.65,14623,United Kingdom
534944,2010-11-24 15:26:00,22383,LUNCH BAG SUKI  DESIGN ,2,1.65,14623,United Kingdom
534944,2010-11-24 15:26:00,82484,WOOD BLACK BOARD ANT WHITE FINISH,1,6.45,14623,United Kingdom
534944,2010-11-24 15:26:00,22314,OFFICE MUG WARMER CHOC+BLUE,1,2.95,14623,United Kingdom
534944,2010-11-24 15:26:00,85099B,JUMBO BAG RED RETROSPOT,4,1.95,14623,United Kingdom
535106,2010-11-25 11:07:00,22169,FAMILY ALBUM WHITE PICTURE FRAME,8,7.65,17342,United Kingdom
535106,2010-11-25 11:07:00,22730,ALARM CLOCK BAKELIKE IVORY,4,3.75,17342,United Kingdom
535106,2010-11-25 11:07:00,22170,PICTURE FRAME WOOD TRIPLE PORTRAIT,12,5.95,17342,United Kingdom
535106,2010-11-25 11:07:00,37449,CERAMIC CAKE STAND + HANGING CAKES,8,8.5,17342,United Kingdom
535106,2010-11-25 11:07:00,22929,SCHOOL DESK AND CHAIR ,1,65.0,17342,United Kingdom
535106,2010-11-25 11:07:00,22507,MEMO BOARD RETROSPOT  DESIGN,4,4.95,17342,United Kingdom
535381,2010-11-25 19:16:00,20770,ABSTRACT CIRCLE JOURNAL ,2,2.55,14713,United Kingdom
535381,2010-11-25 19:16:00,20971,PINK BLUE FELT CRAFT TRINKET BOX,12,1.25,14713,United Kingdom
535381,2010-11-25 19:16:00,20972,PINK CREAM FELT CRAFT TRINKET BOX ,8,1.25,14713,United Kingdom
535381,2010-11-25 19:16:00,22481,BLACK TEA TOWEL CLASSIC DESIGN,3,1.25,14713,United Kingdom
535381,2010-11-25 19:16:00,22418,10 COLOUR SPACEBOY PEN,12,0.85,14713,United Kingdom
535381,2010-11-25 19:16:00,21486,PINK HEART DOTS HOT WATER BOTTLE,1,3.75,14713,United Kingdom
535381,2010-11-25 19:16:00,22113,GREY HEART HOT WATER BOTTLE,1,3.75,14713,United Kingdom
535381,2010-11-25 19:16:00,22112,CHOCOLATE HOT WATER BOTTLE,1,4.95,14713,United Kingdom
535381,2010-11-25 19:16:00,22633,HAND WARMER UNION JACK,3,2.1,14713,United Kingdom
535381,2010-11-25 19:16:00,22865,HAND WARMER OWL DESIGN,6,2.1,14713,United Kingdom
535381,2010-11-25 19:16:00,22812,PACK 3 BOXES CHRISTMAS PANNETONE,6,1.95,14713,United Kingdom
535381,2010-11-25 19:16:00,82482,WOODEN PICTURE FRAME WHITE FINISH,4,2.55,14713,United Kingdom
535381,2010-11-25 19:16:00,20768,GREEN FERN JOURNAL ,2,2.55,14713,United Kingdom
535381,2010-11-25 19:16:00,22356,CHARLOTTE BAG PINK POLKADOT,3,0.85,14713,United Kingdom
535381,2010-11-25 19:16:00,22866,HAND WARMER SCOTTY DOG DESIGN,24,2.1,14713,United Kingdom
535381,2010-11-25 19:16:00,22355,CHARLOTTE BAG SUKI DESIGN,6,0.85,14713,United Kingdom
535381,2010-11-25 19:16:00,82494L,WOODEN FRAME ANTIQUE WHITE ,6,2.95,14713,United Kingdom
535381,2010-11-25 19:16:00,21705,BAG 500g SWIRLY MARBLES,6,1.65,14713,United Kingdom
535381,2010-11-25 19:16:00,22759,SET OF 3 NOTEBOOKS IN PARCEL,6,1.65,14713,United Kingdom
535381,2010-11-25 19:16:00,21917,SET 12 KIDS  WHITE CHALK STICKS,6,0.42,14713,United Kingdom
535381,2010-11-25 19:16:00,21918,SET 12 KIDS COLOUR  CHALK STICKS,3,0.42,14713,United Kingdom
535381,2010-11-25 19:16:00,21272,SALLE DE BAIN HOOK,3,1.25,14713,United Kingdom
535381,2010-11-25 19:16:00,22491,PACK OF 12 COLOURED PENCILS,6,0.85,14713,United Kingdom
535381,2010-11-25 19:16:00,22519,CHILDS GARDEN BRUSH PINK,2,2.1,14713,United Kingdom
535381,2010-11-25 19:16:00,22456,NATURAL SLATE CHALKBOARD LARGE ,2,4.95,14713,United Kingdom
535381,2010-11-25 19:16:00,82484,WOOD BLACK BOARD ANT WHITE FINISH,4,6.45,14713,United Kingdom
535381,2010-11-25 19:16:00,21174,POTTERING IN THE SHED METAL SIGN,6,1.95,14713,United Kingdom
535381,2010-11-25 19:16:00,22150,3 STRIPEY MICE FELTCRAFT,2,1.95,14713,United Kingdom
535381,2010-11-25 19:16:00,22384,LUNCH BAG PINK POLKADOT,3,1.65,14713,United Kingdom
535573,2010-11-26 15:36:00,22699,ROSES REGENCY TEACUP AND SAUCER ,6,2.95,16168,United Kingdom
535573,2010-11-26 15:36:00,22926,IVORY GIANT GARDEN THERMOMETER,2,5.95,16168,United Kingdom
535573,2010-11-26 15:36:00,84832,ZINC WILLIE WINKIE  CANDLE STICK,12,0.85,16168,United Kingdom
535573,2010-11-26 15:36:00,71038,WHITE HANGING BEADS CANDLE HOLDER,8,5.45,16168,United Kingdom
535912,2010-11-29 11:26:00,84029G,KNITTED UNION FLAG HOT WATER BOTTLE,36,3.39,16191,United Kingdom
535912,2010-11-29 11:26:00,22837,HOT WATER BOTTLE BABUSHKA ,36,4.25,16191,United Kingdom
535912,2010-11-29 11:26:00,84029E,RED WOOLLY HOTTIE WHITE HEART.,36,3.39,16191,United Kingdom
535912,2010-11-29 11:26:00,22867,HAND WARMER BIRD DESIGN,144,1.85,16191,United Kingdom
535912,2010-11-29 11:26:00,22633,HAND WARMER UNION JACK,144,1.85,16191,United Kingdom
535912,2010-11-29 11:26:00,71477,COLOUR GLASS. STAR T-LIGHT HOLDER,48,2.75,16191,United Kingdom
535912,2010-11-29 11:26:00,22111,SCOTTIE DOG HOT WATER BOTTLE,24,4.25,16191,United Kingdom
535937,2010-11-29 11:45:00,22866,HAND WARMER SCOTTY DOG DESIGN,144,1.85,16191,United Kingdom
535937,2010-11-29 11:45:00,22865,HAND WARMER OWL DESIGN,144,1.85,16191,United Kingdom
535937,2010-11-29 11:45:00,22111,SCOTTIE DOG HOT WATER BOTTLE,24,4.25,16191,United Kingdom
535937,2010-11-29 11:45:00,84029G,KNITTED UNION FLAG HOT WATER BOTTLE,36,3.39,16191,United Kingdom
535937,2010-11-29 11:45:00,84029E,RED WOOLLY HOTTIE WHITE HEART.,36,3.39,16191,United Kingdom
535937,2010-11-29 11:45:00,22837,HOT WATER BOTTLE BABUSHKA ,36,4.25,16191,United Kingdom
536595,2010-12-01 17:24:00,20765,CHRYSANTHEMUM SKETCHBOOK ,2,3.75,13576,United Kingdom
536595,2010-12-01 17:24:00,22524,CHILDRENS GARDEN GLOVES BLUE,1,1.25,13576,United Kingdom
536595,2010-12-01 17:24:00,21577,SAVE THE PLANET COTTON TOTE BAG,1,2.25,13576,United Kingdom
536595,2010-12-01 17:24:00,20679,EDWARDIAN PARASOL RED,1,5.95,13576,United Kingdom
536595,2010-12-01 17:24:00,22121,NOEL WOODEN BLOCK LETTERS ,4,5.95,13576,United Kingdom
536595,2010-12-01 17:24:00,21705,BAG 500g SWIRLY MARBLES,5,1.65,13576,United Kingdom
536595,2010-12-01 17:24:00,21756,BATH BUILDING BLOCK WORD,4,5.95,13576,United Kingdom
536595,2010-12-01 17:24:00,22041,"RECORD FRAME 7"" SINGLE SIZE ",24,2.55,13576,United Kingdom
536595,2010-12-01 17:24:00,22694,WICKER STAR ,5,2.1,13576,United Kingdom
536595,2010-12-01 17:24:00,20765,CHRYSANTHEMUM SKETCHBOOK ,2,3.75,13576,United Kingdom
536595,2010-12-01 17:24:00,21877,HOME SWEET HOME MUG,1,1.25,13576,United Kingdom
536595,2010-12-01 17:24:00,21577,SAVE THE PLANET COTTON TOTE BAG,1,2.25,13576,United Kingdom
536595,2010-12-01 17:24:00,20679,EDWARDIAN PARASOL RED,1,5.95,13576,United Kingdom
536595,2010-12-01 17:24:00,22694,WICKER STAR ,5,2.1,13576,United Kingdom
536595,2010-12-01 17:24:00,21705,BAG 500g SWIRLY MARBLES,5,1.65,13576,United Kingdom
536595,2010-12-01 17:24:00,21756,BATH BUILDING BLOCK WORD,4,5.95,13576,United Kingdom
536595,2010-12-01 17:24:00,22524,CHILDRENS GARDEN GLOVES BLUE,1,1.25,13576,United Kingdom
536595,2010-12-01 17:24:00,22041,"RECORD FRAME 7"" SINGLE SIZE ",24,2.55,13576,United Kingdom
536595,2010-12-01 17:24:00,21137,BLACK RECORD COVER FRAME,60,3.39,13576,United Kingdom
536595,2010-12-01 17:24:00,21877,HOME SWEET HOME MUG,1,1.25,13576,United Kingdom
536595,2010-12-01 17:24:00,21137,BLACK RECORD COVER FRAME,60,3.39,13576,United Kingdom
536595,2010-12-01 17:24:00,22121,NOEL WOODEN BLOCK LETTERS ,4,5.95,13576,United Kingdom
537045,2010-12-05 10:54:00,72802C,VANILLA SCENT CANDLE JEWELLED BOX,1,4.25,15038,United Kingdom
537045,2010-12-05 10:54:00,72802A,ROSE SCENT CANDLE IN JEWELLED BOX,1,4.25,15038,United Kingdom
537045,2010-12-05 10:54:00,22296,HEART IVORY TRELLIS LARGE,1,1.65,15038,United Kingdom
537045,2010-12-05 10:54:00,22297,HEART IVORY TRELLIS SMALL,2,1.25,15038,United Kingdom
537045,2010-12-05 10:54:00,22295,HEART FILIGREE DOVE LARGE,1,1.65,15038,United Kingdom
537045,2010-12-05 10:54:00,90175A,WHITE GLASS CHUNKY CHARM BRACELET,1,8.95,15038,United Kingdom
537045,2010-12-05 10:54:00,90210B,CLEAR ACRYLIC FACETED BANGLE,1,2.95,15038,United Kingdom
537045,2010-12-05 10:54:00,90185D,CRYSTAL DIAMANTE EXPANDABLE RING,1,4.25,15038,United Kingdom
537045,2010-12-05 10:54:00,22158,3 HEARTS HANGING DECORATION RUSTIC,1,2.95,15038,United Kingdom
537045,2010-12-05 10:54:00,90175C,BLUE GLASS CHUNKY CHARM BRACELET,1,8.95,15038,United Kingdom
537045,2010-12-05 10:54:00,90002D,FLOWER BURST SILVER RING CRYSTAL,1,3.75,15038,United Kingdom
537045,2010-12-05 10:54:00,21876,POTTERING MUG,2,1.25,15038,United Kingdom
537045,2010-12-05 10:54:00,72802B,OCEAN SCENT CANDLE IN JEWELLED BOX,1,4.25,15038,United Kingdom
537045,2010-12-05 10:54:00,72802C,VANILLA SCENT CANDLE JEWELLED BOX,2,4.25,15038,United Kingdom
537045,2010-12-05 10:54:00,22469,HEART OF WICKER SMALL,1,1.65,15038,United Kingdom
537045,2010-12-05 10:54:00,22297,HEART IVORY TRELLIS SMALL,1,1.25,15038,United Kingdom
537045,2010-12-05 10:54:00,22294,HEART FILIGREE DOVE  SMALL,1,1.25,15038,United Kingdom
537045,2010-12-05 10:54:00,22295,HEART FILIGREE DOVE LARGE,1,1.65,15038,United Kingdom
537045,2010-12-05 10:54:00,22296,HEART IVORY TRELLIS LARGE,1,1.65,15038,United Kingdom
537045,2010-12-05 10:54:00,22156,HEART DECORATION WITH PEARLS ,4,0.85,15038,United Kingdom
537045,2010-12-05 10:54:00,21169,YOU'RE CONFUSING ME METAL SIGN ,1,1.69,15038,United Kingdom
537045,2010-12-05 10:54:00,21175,GIN + TONIC DIET METAL SIGN,1,2.1,15038,United Kingdom
537045,2010-12-05 10:54:00,85150,LADIES & GENTLEMEN METAL SIGN,1,2.55,15038,United Kingdom
537045,2010-12-05 10:54:00,72802A,ROSE SCENT CANDLE IN JEWELLED BOX,1,4.25,15038,United Kingdom
537045,2010-12-05 10:54:00,21181,PLEASE ONE PERSON METAL SIGN,2,2.1,15038,United Kingdom
537045,2010-12-05 10:54:00,21174,POTTERING IN THE SHED METAL SIGN,1,1.95,15038,United Kingdom
537045,2010-12-05 10:54:00,21165,BEWARE OF THE CAT METAL SIGN ,1,1.69,15038,United Kingdom
537045,2010-12-05 10:54:00,85152,HAND OVER THE CHOCOLATE   SIGN ,3,2.1,15038,United Kingdom
537045,2010-12-05 10:54:00,21907,I'M ON HOLIDAY METAL SIGN,1,2.1,15038,United Kingdom
537045,2010-12-05 10:54:00,22459,CAST IRON HOOK GARDEN TROWEL,1,2.55,15038,United Kingdom
537045,2010-12-05 10:54:00,22458,CAST IRON HOOK GARDEN FORK,1,2.55,15038,United Kingdom
537045,2010-12-05 10:54:00,21485,RETROSPOT HEART HOT WATER BOTTLE,1,4.95,15038,United Kingdom
537045,2010-12-05 10:54:00,22112,CHOCOLATE HOT WATER BOTTLE,1,4.95,15038,United Kingdom
537045,2010-12-05 10:54:00,72807C,SET/3 VANILLA SCENTED CANDLE IN BOX,2,4.25,15038,United Kingdom
537045,2010-12-05 10:54:00,21166,COOK WITH WINE METAL SIGN ,2,1.95,15038,United Kingdom
537045,2010-12-05 10:54:00,21876,POTTERING MUG,2,1.25,15038,United Kingdom
537045,2010-12-05 10:54:00,22296,HEART IVORY TRELLIS LARGE,1,1.65,15038,United Kingdom
537045,2010-12-05 10:54:00,22296,HEART IVORY TRELLIS LARGE,1,1.65,15038,United Kingdom
537045,2010-12-05 10:54:00,22112,CHOCOLATE HOT WATER BOTTLE,1,4.95,15038,United Kingdom
537045,2010-12-05 10:54:00,72807C,SET/3 VANILLA SCENTED CANDLE IN BOX,2,4.25,15038,United Kingdom
537045,2010-12-05 10:54:00,72802C,VANILLA SCENT CANDLE JEWELLED BOX,2,4.25,15038,United Kingdom
537045,2010-12-05 10:54:00,72802A,ROSE SCENT CANDLE IN JEWELLED BOX,1,4.25,15038,United Kingdom
537045,2010-12-05 10:54:00,72802B,OCEAN SCENT CANDLE IN JEWELLED BOX,1,4.25,15038,United Kingdom
537045,2010-12-05 10:54:00,22158,3 HEARTS HANGING DECORATION RUSTIC,1,2.95,15038,United Kingdom
537045,2010-12-05 10:54:00,72802C,VANILLA SCENT CANDLE JEWELLED BOX,1,4.25,15038,United Kingdom
537045,2010-12-05 10:54:00,72802A,ROSE SCENT CANDLE IN JEWELLED BOX,1,4.25,15038,United Kingdom
537045,2010-12-05 10:54:00,22297,HEART IVORY TRELLIS SMALL,2,1.25,15038,United Kingdom
537045,2010-12-05 10:54:00,22295,HEART FILIGREE DOVE LARGE,1,1.65,15038,United Kingdom
537045,2010-12-05 10:54:00,90002D,FLOWER BURST SILVER RING CRYSTAL,1,3.75,15038,United Kingdom
537045,2010-12-05 10:54:00,90175A,WHITE GLASS CHUNKY CHARM BRACELET,1,8.95,15038,United Kingdom
537045,2010-12-05 10:54:00,90210B,CLEAR ACRYLIC FACETED BANGLE,1,2.95,15038,United Kingdom
537045,2010-12-05 10:54:00,90185D,CRYSTAL DIAMANTE EXPANDABLE RING,1,4.25,15038,United Kingdom
537045,2010-12-05 10:54:00,90175C,BLUE GLASS CHUNKY CHARM BRACELET,1,8.95,15038,United Kingdom
537045,2010-12-05 10:54:00,21485,RETROSPOT HEART HOT WATER BOTTLE,1,4.95,15038,United Kingdom
537045,2010-12-05 10:54:00,22458,CAST IRON HOOK GARDEN FORK,1,2.55,15038,United Kingdom
537045,2010-12-05 10:54:00,22459,CAST IRON HOOK GARDEN TROWEL,1,2.55,15038,United Kingdom
537045,2010-12-05 10:54:00,21907,I'M ON HOLIDAY METAL SIGN,1,2.1,15038,United Kingdom
537045,2010-12-05 10:54:00,22469,HEART OF WICKER SMALL,1,1.65,15038,United Kingdom
537045,2010-12-05 10:54:00,22297,HEART IVORY TRELLIS SMALL,1,1.25,15038,United Kingdom
537045,2010-12-05 10:54:00,22294,HEART FILIGREE DOVE  SMALL,1,1.25,15038,United Kingdom
537045,2010-12-05 10:54:00,22295,HEART FILIGREE DOVE LARGE,1,1.65,15038,United Kingdom
537045,2010-12-05 10:54:00,21169,YOU'RE CONFUSING ME METAL SIGN ,1,1.69,15038,United Kingdom
537045,2010-12-05 10:54:00,21175,GIN + TONIC DIET METAL SIGN,1,2.1,15038,United Kingdom
537045,2010-12-05 10:54:00,22156,HEART DECORATION WITH PEARLS ,4,0.85,15038,United Kingdom
537045,2010-12-05 10:54:00,21181,PLEASE ONE PERSON METAL SIGN,2,2.1,15038,United Kingdom
537045,2010-12-05 10:54:00,21166,COOK WITH WINE METAL SIGN ,2,1.95,15038,United Kingdom
537045,2010-12-05 10:54:00,21174,POTTERING IN THE SHED METAL SIGN,1,1.95,15038,United Kingdom
537045,2010-12-05 10:54:00,21165,BEWARE OF THE CAT METAL SIGN ,1,1.69,15038,United Kingdom
537045,2010-12-05 10:54:00,85152,HAND OVER THE CHOCOLATE   SIGN ,3,2.1,15038,United Kingdom
537045,2010-12-05 10:54:00,85150,LADIES & GENTLEMEN METAL SIGN,1,2.55,15038,United Kingdom
537053,2010-12-05 11:38:00,22926,IVORY GIANT GARDEN THERMOMETER,2,5.95,16168,United Kingdom
537053,2010-12-05 11:38:00,22926,IVORY GIANT GARDEN THERMOMETER,2,5.95,16168,United Kingdom
537053,2010-12-05 11:38:00,22927,GREEN GIANT GARDEN THERMOMETER,2,5.95,16168,United Kingdom
537053,2010-12-05 11:38:00,84347,ROTATING SILVER ANGELS T-LIGHT HLDR,120,2.1,16168,United Kingdom
537053,2010-12-05 11:38:00,22927,GREEN GIANT GARDEN THERMOMETER,2,5.95,16168,United Kingdom
537053,2010-12-05 11:38:00,84347,ROTATING SILVER ANGELS T-LIGHT HLDR,120,2.1,16168,United Kingdom
537334,2010-12-06 12:06:00,22622,BOX OF VINTAGE ALPHABET BLOCKS,1,9.95,16719,United Kingdom
537334,2010-12-06 12:06:00,22086,PAPER CHAIN KIT 50'S CHRISTMAS ,1,2.95,16719,United Kingdom
537334,2010-12-06 12:06:00,22179,SET 10 LIGHTS NIGHT OWL,4,6.75,16719,United Kingdom
537334,2010-12-06 12:06:00,22468,BABUSHKA LIGHTS STRING OF 10,1,6.75,16719,United Kingdom
537334,2010-12-06 12:06:00,22192,BLUE DINER WALL CLOCK,1,8.5,16719,United Kingdom
537334,2010-12-06 12:06:00,22193,RED DINER WALL CLOCK,2,8.5,16719,United Kingdom
537334,2010-12-06 12:06:00,85135C,RED DRAGONFLY HELICOPTER,1,7.95,16719,United Kingdom
537334,2010-12-06 12:06:00,85135B,BLUE DRAGONFLY HELICOPTER,1,7.95,16719,United Kingdom
537334,2010-12-06 12:06:00,22891,TEA FOR ONE POLKADOT,1,4.25,16719,United Kingdom
537334,2010-12-06 12:06:00,20769,DAISY JOURNAL ,3,2.55,16719,United Kingdom
537334,2010-12-06 12:06:00,22747,POPPY'S PLAYHOUSE BATHROOM,1,2.1,16719,United Kingdom
537334,2010-12-06 12:06:00,22748,POPPY'S PLAYHOUSE KITCHEN,1,2.1,16719,United Kingdom
537334,2010-12-06 12:06:00,22746,POPPY'S PLAYHOUSE LIVINGROOM ,2,2.1,16719,United Kingdom
537334,2010-12-06 12:06:00,22745,POPPY'S PLAYHOUSE BEDROOM ,2,2.1,16719,United Kingdom
537334,2010-12-06 12:06:00,79321,CHILLI LIGHTS,5,4.95,16719,United Kingdom
537334,2010-12-06 12:06:00,21034,REX CASH+CARRY JUMBO SHOPPER,2,0.95,16719,United Kingdom
537334,2010-12-06 12:06:00,72801G,4 BURGUNDY WINE DINNER CANDLES,2,1.25,16719,United Kingdom
537334,2010-12-06 12:06:00,22726,ALARM CLOCK BAKELIKE GREEN,2,3.75,16719,United Kingdom
537334,2010-12-06 12:06:00,22730,ALARM CLOCK BAKELIKE IVORY,2,3.75,16719,United Kingdom
537334,2010-12-06 12:06:00,22729,ALARM CLOCK BAKELIKE ORANGE,6,3.75,16719,United Kingdom
537334,2010-12-06 12:06:00,22727,ALARM CLOCK BAKELIKE RED ,9,3.75,16719,United Kingdom
537334,2010-12-06 12:06:00,85123A,WHITE HANGING HEART T-LIGHT HOLDER,6,2.95,16719,United Kingdom
537334,2010-12-06 12:06:00,22461,SAVOY ART DECO CLOCK,1,12.75,16719,United Kingdom
537334,2010-12-06 12:06:00,22622,BOX OF VINTAGE ALPHABET BLOCKS,1,9.95,16719,United Kingdom
537334,2010-12-06 12:06:00,22941,CHRISTMAS LIGHTS 10 REINDEER,1,8.5,16719,United Kingdom
537334,2010-12-06 12:06:00,16169N,WRAP BLUE RUSSIAN FOLKART,25,0.42,16719,United Kingdom
537334,2010-12-06 12:06:00,22176,BLUE OWL SOFT TOY,4,2.95,16719,United Kingdom
537334,2010-12-06 12:06:00,22175,PINK OWL SOFT TOY,2,2.95,16719,United Kingdom
537334,2010-12-06 12:06:00,22461,SAVOY ART DECO CLOCK,1,12.75,16719,United Kingdom
537334,2010-12-06 12:06:00,85123A,WHITE HANGING HEART T-LIGHT HOLDER,6,2.95,16719,United Kingdom
537334,2010-12-06 12:06:00,22727,ALARM CLOCK BAKELIKE RED ,9,3.75,16719,United Kingdom
537334,2010-12-06 12:06:00,22729,ALARM CLOCK BAKELIKE ORANGE,6,3.75,16719,United Kingdom
537334,2010-12-06 12:06:00,22730,ALARM CLOCK BAKELIKE IVORY,2,3.75,16719,United Kingdom
537334,2010-12-06 12:06:00,22726,ALARM CLOCK BAKELIKE GREEN,2,3.75,16719,United Kingdom
537334,2010-12-06 12:06:00,21830,ASSORTED CREEPY CRAWLIES,24,0.42,16719,United Kingdom
537334,2010-12-06 12:06:00,22486,PLASMATRONIC LAMP,2,12.75,16719,United Kingdom
537334,2010-12-06 12:06:00,72801G,4 BURGUNDY WINE DINNER CANDLES,2,1.25,16719,United Kingdom
537334,2010-12-06 12:06:00,84711A,SILVER OVAL SHAPE TRINKET BOX,2,9.95,16719,United Kingdom
537334,2010-12-06 12:06:00,84030E,ENGLISH ROSE HOT WATER BOTTLE,1,4.25,16719,United Kingdom
537334,2010-12-06 12:06:00,21830,ASSORTED CREEPY CRAWLIES,24,0.42,16719,United Kingdom
537334,2010-12-06 12:06:00,84029G,KNITTED UNION FLAG HOT WATER BOTTLE,1,3.75,16719,United Kingdom
537334,2010-12-06 12:06:00,22114,HOT WATER BOTTLE TEA AND SYMPATHY,2,3.95,16719,United Kingdom
537334,2010-12-06 12:06:00,21731,RED TOADSTOOL LED NIGHT LIGHT,2,1.65,16719,United Kingdom
537334,2010-12-06 12:06:00,22435,SET OF 9 HEART SHAPED BALLOONS,4,1.25,16719,United Kingdom
537334,2010-12-06 12:06:00,22436,12 COLOURED PARTY BALLOONS,2,0.65,16719,United Kingdom
537334,2010-12-06 12:06:00,21042,RED RETROSPOT APRON ,2,5.95,16719,United Kingdom
537334,2010-12-06 12:06:00,21735,TWO DOOR CURIO CABINET,2,12.75,16719,United Kingdom
537334,2010-12-06 12:06:00,20829,GLITTER HANGING BUTTERFLY STRING,3,2.1,16719,United Kingdom
537334,2010-12-06 12:06:00,84508B,STRIPES DESIGN TEDDY,1,2.55,16719,United Kingdom
537334,2010-12-06 12:06:00,84507C,BLUE CIRCLES DESIGN MONKEY DOLL,1,2.55,16719,United Kingdom
537334,2010-12-06 12:06:00,22865,HAND WARMER OWL DESIGN,3,2.1,16719,United Kingdom
537334,2010-12-06 12:06:00,22759,SET OF 3 NOTEBOOKS IN PARCEL,2,1.65,16719,United Kingdom
537334,2010-12-06 12:06:00,84029E,RED WOOLLY HOTTIE WHITE HEART.,3,3.75,16719,United Kingdom
537334,2010-12-06 12:06:00,22486,PLASMATRONIC LAMP,2,12.75,16719,United Kingdom
537334,2010-12-06 12:06:00,84711A,SILVER OVAL SHAPE TRINKET BOX,2,9.95,16719,United Kingdom
537334,2010-12-06 12:06:00,21735,TWO DOOR CURIO CABINET,2,12.75,16719,United Kingdom
537334,2010-12-06 12:06:00,22746,POPPY'S PLAYHOUSE LIVINGROOM ,2,2.1,16719,United Kingdom
537334,2010-12-06 12:06:00,22748,POPPY'S PLAYHOUSE KITCHEN,1,2.1,16719,United Kingdom
537334,2010-12-06 12:06:00,22747,POPPY'S PLAYHOUSE BATHROOM,1,2.1,16719,United Kingdom
537334,2010-12-06 12:06:00,20769,DAISY JOURNAL ,3,2.55,16719,United Kingdom
537334,2010-12-06 12:06:00,22891,TEA FOR ONE POLKADOT,1,4.25,16719,United Kingdom
537334,2010-12-06 12:06:00,85135B,BLUE DRAGONFLY HELICOPTER,1,7.95,16719,United Kingdom
537334,2010-12-06 12:06:00,85135C,RED DRAGONFLY HELICOPTER,1,7.95,16719,United Kingdom
537334,2010-12-06 12:06:00,22193,RED DINER WALL CLOCK,2,8.5,16719,United Kingdom
537334,2010-12-06 12:06:00,22192,BLUE DINER WALL CLOCK,1,8.5,16719,United Kingdom
537334,2010-12-06 12:06:00,22468,BABUSHKA LIGHTS STRING OF 10,1,6.75,16719,United Kingdom
537334,2010-12-06 12:06:00,22179,SET 10 LIGHTS NIGHT OWL,4,6.75,16719,United Kingdom
537334,2010-12-06 12:06:00,22086,PAPER CHAIN KIT 50'S CHRISTMAS ,1,2.95,16719,United Kingdom
537334,2010-12-06 12:06:00,22941,CHRISTMAS LIGHTS 10 REINDEER,1,8.5,16719,United Kingdom
537334,2010-12-06 12:06:00,79321,CHILLI LIGHTS,5,4.95,16719,United Kingdom
537334,2010-12-06 12:06:00,16169N,WRAP BLUE RUSSIAN FOLKART,25,0.42,16719,United Kingdom
537334,2010-12-06 12:06:00,22175,PINK OWL SOFT TOY,2,2.95,16719,United Kingdom
537334,2010-12-06 12:06:00,22759,SET OF 3 NOTEBOOKS IN PARCEL,2,1.65,16719,United Kingdom
537334,2010-12-06 12:06:00,22865,HAND WARMER OWL DESIGN,3,2.1,16719,United Kingdom
537334,2010-12-06 12:06:00,84507C,BLUE CIRCLES DESIGN MONKEY DOLL,1,2.55,16719,United Kingdom
537334,2010-12-06 12:06:00,84508B,STRIPES DESIGN TEDDY,1,2.55,16719,United Kingdom
537334,2010-12-06 12:06:00,20829,GLITTER HANGING BUTTERFLY STRING,3,2.1,16719,United Kingdom
537334,2010-12-06 12:06:00,21042,RED RETROSPOT APRON ,2,5.95,16719,United Kingdom
537334,2010-12-06 12:06:00,22436,12 COLOURED PARTY BALLOONS,2,0.65,16719,United Kingdom
537334,2010-12-06 12:06:00,22435,SET OF 9 HEART SHAPED BALLOONS,4,1.25,16719,United Kingdom
537334,2010-12-06 12:06:00,21731,RED TOADSTOOL LED NIGHT LIGHT,2,1.65,16719,United Kingdom
537334,2010-12-06 12:06:00,22114,HOT WATER BOTTLE TEA AND SYMPATHY,2,3.95,16719,United Kingdom
537334,2010-12-06 12:06:00,84029E,RED WOOLLY HOTTIE WHITE HEART.,3,3.75,16719,United Kingdom
537334,2010-12-06 12:06:00,84029G,KNITTED UNION FLAG HOT WATER BOTTLE,1,3.75,16719,United Kingdom
537334,2010-12-06 12:06:00,22176,BLUE OWL SOFT TOY,4,2.95,16719,United Kingdom
537334,2010-12-06 12:06:00,21034,REX CASH+CARRY JUMBO SHOPPER,2,0.95,16719,United Kingdom
537334,2010-12-06 12:06:00,22745,POPPY'S PLAYHOUSE BEDROOM ,2,2.1,16719,United Kingdom
537334,2010-12-06 12:06:00,84030E,ENGLISH ROSE HOT WATER BOTTLE,1,4.25,16719,United Kingdom
537754,2010-12-08 11:16:00,22699,ROSES REGENCY TEACUP AND SAUCER ,4,2.95,16081,United Kingdom
537754,2010-12-08 11:16:00,22699,ROSES REGENCY TEACUP AND SAUCER ,4,2.95,16081,United Kingdom
537754,2010-12-08 11:16:00,22070,SMALL RED RETROSPOT MUG IN BOX ,1,3.75,16081,United Kingdom
537754,2010-12-08 11:16:00,22071,SMALL WHITE RETROSPOT MUG IN BOX ,2,3.75,16081,United Kingdom
537754,2010-12-08 11:16:00,37446,MINI CAKE STAND WITH HANGING CAKES,2,1.45,16081,United Kingdom
537754,2010-12-08 11:16:00,22649,STRAWBERRY FAIRY CAKE TEAPOT,2,4.95,16081,United Kingdom
537754,2010-12-08 11:16:00,22304,COFFEE MUG BLUE PAISLEY DESIGN,6,2.55,16081,United Kingdom
537754,2010-12-08 11:16:00,22348,TEA BAG PLATE RED RETROSPOT,4,0.85,16081,United Kingdom
537754,2010-12-08 11:16:00,84509B,SET OF 4 FAIRY CAKE PLACEMATS,1,3.75,16081,United Kingdom
537754,2010-12-08 11:16:00,84987,SET OF 36 TEATIME PAPER DOILIES,2,1.45,16081,United Kingdom
537754,2010-12-08 11:16:00,47559B,TEA TIME OVEN GLOVE,1,1.25,16081,United Kingdom
537754,2010-12-08 11:16:00,22645,CERAMIC HEART FAIRY CAKE MONEY BANK,4,1.45,16081,United Kingdom
537754,2010-12-08 11:16:00,22139,RETROSPOT TEA SET CERAMIC 11 PC ,2,4.95,16081,United Kingdom
537754,2010-12-08 11:16:00,21232,STRAWBERRY CERAMIC TRINKET BOX,4,1.25,16081,United Kingdom
537754,2010-12-08 11:16:00,21531,RED RETROSPOT SUGAR JAM BOWL,2,2.55,16081,United Kingdom
537754,2010-12-08 11:16:00,22084,PAPER CHAIN KIT EMPIRE,1,2.95,16081,United Kingdom
537754,2010-12-08 11:16:00,21621,VINTAGE UNION JACK BUNTING,1,8.5,16081,United Kingdom
537754,2010-12-08 11:16:00,22115,METAL SIGN EMPIRE TEA,1,2.95,16081,United Kingdom
537754,2010-12-08 11:16:00,47567B,TEA TIME KITCHEN APRON,1,5.95,16081,United Kingdom
537754,2010-12-08 11:16:00,85123A,WHITE HANGING HEART T-LIGHT HOLDER,3,2.95,16081,United Kingdom
537754,2010-12-08 11:16:00,22305,COFFEE MUG PINK PAISLEY DESIGN,6,2.55,16081,United Kingdom
537754,2010-12-08 11:16:00,22649,STRAWBERRY FAIRY CAKE TEAPOT,1,4.95,16081,United Kingdom
537754,2010-12-08 11:16:00,37449,CERAMIC CAKE STAND + HANGING CAKES,2,9.95,16081,United Kingdom
537754,2010-12-08 11:16:00,22649,STRAWBERRY FAIRY CAKE TEAPOT,1,4.95,16081,United Kingdom
537754,2010-12-08 11:16:00,22305,COFFEE MUG PINK PAISLEY DESIGN,6,2.55,16081,United Kingdom
537754,2010-12-08 11:16:00,37449,CERAMIC CAKE STAND + HANGING CAKES,2,9.95,16081,United Kingdom
537754,2010-12-08 11:16:00,47567B,TEA TIME KITCHEN APRON,1,5.95,16081,United Kingdom
537754,2010-12-08 11:16:00,22070,SMALL RED RETROSPOT MUG IN BOX ,1,3.75,16081,United Kingdom
537754,2010-12-08 11:16:00,22071,SMALL WHITE RETROSPOT MUG IN BOX ,2,3.75,16081,United Kingdom
537754,2010-12-08 11:16:00,37446,MINI CAKE STAND WITH HANGING CAKES,2,1.45,16081,United Kingdom
537754,2010-12-08 11:16:00,22649,STRAWBERRY FAIRY CAKE TEAPOT,2,4.95,16081,United Kingdom
537754,2010-12-08 11:16:00,22304,COFFEE MUG BLUE PAISLEY DESIGN,6,2.55,16081,United Kingdom
537754,2010-12-08 11:16:00,22348,TEA BAG PLATE RED RETROSPOT,4,0.85,16081,United Kingdom
537754,2010-12-08 11:16:00,85123A,WHITE HANGING HEART T-LIGHT HOLDER,3,2.95,16081,United Kingdom
537754,2010-12-08 11:16:00,84987,SET OF 36 TEATIME PAPER DOILIES,2,1.45,16081,United Kingdom
537754,2010-12-08 11:16:00,47559B,TEA TIME OVEN GLOVE,1,1.25,16081,United Kingdom
537754,2010-12-08 11:16:00,22645,CERAMIC HEART FAIRY CAKE MONEY BANK,4,1.45,16081,United Kingdom
537754,2010-12-08 11:16:00,84509B,SET OF 4 FAIRY CAKE PLACEMATS,1,3.75,16081,United Kingdom
537754,2010-12-08 11:16:00,21232,STRAWBERRY CERAMIC TRINKET BOX,4,1.25,16081,United Kingdom
537754,2010-12-08 11:16:00,22139,RETROSPOT TEA SET CERAMIC 11 PC ,2,4.95,16081,United Kingdom
537754,2010-12-08 11:16:00,21621,VINTAGE UNION JACK BUNTING,1,8.5,16081,United Kingdom
537754,2010-12-08 11:16:00,22084,PAPER CHAIN KIT EMPIRE,1,2.95,16081,United Kingdom
537754,2010-12-08 11:16:00,22115,METAL SIGN EMPIRE TEA,1,2.95,16081,United Kingdom
537754,2010-12-08 11:16:00,21531,RED RETROSPOT SUGAR JAM BOWL,2,2.55,16081,United Kingdom
537815,2010-12-08 13:49:00,22898,CHILDRENS APRON APPLES DESIGN,8,1.95,17676,United Kingdom
537815,2010-12-08 13:49:00,47591D,PINK FAIRY CAKE CHILDRENS APRON,8,1.95,17676,United Kingdom
537815,2010-12-08 13:49:00,20725,LUNCH BAG RED RETROSPOT,10,1.65,17676,United Kingdom
537815,2010-12-08 13:49:00,22355,CHARLOTTE BAG SUKI DESIGN,10,0.85,17676,United Kingdom
537815,2010-12-08 13:49:00,21156,RETROSPOT CHILDRENS APRON,8,1.95,17676,United Kingdom
537815,2010-12-08 13:49:00,79321,CHILLI LIGHTS,8,4.95,17676,United Kingdom
537815,2010-12-08 13:49:00,21164,HOME SWEET HOME METAL SIGN ,12,2.95,17676,United Kingdom
537815,2010-12-08 13:49:00,22219,LOVEBIRD HANGING DECORATION WHITE ,24,0.85,17676,United Kingdom
537815,2010-12-08 13:49:00,21871,SAVE THE PLANET MUG,12,1.25,17676,United Kingdom
537815,2010-12-08 13:49:00,21877,HOME SWEET HOME MUG,24,1.25,17676,United Kingdom
537815,2010-12-08 13:49:00,84029E,RED WOOLLY HOTTIE WHITE HEART.,4,3.75,17676,United Kingdom
537815,2010-12-08 13:49:00,21481,FAWN BLUE HOT WATER BOTTLE,6,2.95,17676,United Kingdom
537815,2010-12-08 13:49:00,22367,CHILDRENS APRON SPACEBOY DESIGN,8,1.95,17676,United Kingdom
537815,2010-12-08 13:49:00,21164,HOME SWEET HOME METAL SIGN ,12,2.95,17676,United Kingdom
537815,2010-12-08 13:49:00,22867,HAND WARMER BIRD DESIGN,12,2.1,17676,United Kingdom
537815,2010-12-08 13:49:00,21871,SAVE THE PLANET MUG,12,1.25,17676,United Kingdom
537815,2010-12-08 13:49:00,79321,CHILLI LIGHTS,8,4.95,17676,United Kingdom
537815,2010-12-08 13:49:00,21156,RETROSPOT CHILDRENS APRON,8,1.95,17676,United Kingdom
537815,2010-12-08 13:49:00,47591D,PINK FAIRY CAKE CHILDRENS APRON,8,1.95,17676,United Kingdom
537815,2010-12-08 13:49:00,22898,CHILDRENS APRON APPLES DESIGN,8,1.95,17676,United Kingdom
537815,2010-12-08 13:49:00,22367,CHILDRENS APRON SPACEBOY DESIGN,8,1.95,17676,United Kingdom
537815,2010-12-08 13:49:00,20725,LUNCH BAG RED RETROSPOT,10,1.65,17676,United Kingdom
537815,2010-12-08 13:49:00,22355,CHARLOTTE BAG SUKI DESIGN,10,0.85,17676,United Kingdom
537815,2010-12-08 13:49:00,22867,HAND WARMER BIRD DESIGN,12,2.1,17676,United Kingdom
537815,2010-12-08 13:49:00,21877,HOME SWEET HOME MUG,24,1.25,17676,United Kingdom
537815,2010-12-08 13:49:00,22219,LOVEBIRD HANGING DECORATION WHITE ,24,0.85,17676,United Kingdom
537815,2010-12-08 13:49:00,21479,WHITE SKULL HOT WATER BOTTLE ,4,3.75,17676,United Kingdom
537815,2010-12-08 13:49:00,84029E,RED WOOLLY HOTTIE WHITE HEART.,4,3.75,17676,United Kingdom
537815,2010-12-08 13:49:00,21481,FAWN BLUE HOT WATER BOTTLE,6,2.95,17676,United Kingdom
537815,2010-12-08 13:49:00,21479,WHITE SKULL HOT WATER BOTTLE ,4,3.75,17676,United Kingdom
538167,2010-12-09 18:58:00,82484,WOOD BLACK BOARD ANT WHITE FINISH,2,6.45,14713,United Kingdom
538167,2010-12-09 18:58:00,22306,SILVER MUG BONE CHINA TREE OF LIFE,4,1.95,14713,United Kingdom
538167,2010-12-09 18:58:00,22518,CHILDS GARDEN BRUSH BLUE,2,2.1,14713,United Kingdom
538167,2010-12-09 18:58:00,22084,PAPER CHAIN KIT EMPIRE,6,2.95,14713,United Kingdom
538167,2010-12-09 18:58:00,21181,PLEASE ONE PERSON METAL SIGN,4,2.1,14713,United Kingdom
538167,2010-12-09 18:58:00,21272,SALLE DE BAIN HOOK,3,1.25,14713,United Kingdom
538167,2010-12-09 18:58:00,22642,SET OF 4 NAPKIN CHARMS STARS   ,3,2.55,14713,United Kingdom
538167,2010-12-09 18:58:00,21914,BLUE HARMONICA IN BOX ,12,1.25,14713,United Kingdom
538167,2010-12-09 18:58:00,22367,CHILDRENS APRON SPACEBOY DESIGN,2,1.95,14713,United Kingdom
538167,2010-12-09 18:58:00,20748,KENSINGTON COFFEE SET,1,12.75,14713,United Kingdom
538167,2010-12-09 18:58:00,22113,GREY HEART HOT WATER BOTTLE,6,3.75,14713,United Kingdom
538167,2010-12-09 18:58:00,22086,PAPER CHAIN KIT 50'S CHRISTMAS ,40,2.55,14713,United Kingdom
538167,2010-12-09 18:58:00,84032A,CHARLIE+LOLA PINK HOT WATER BOTTLE,2,2.95,14713,United Kingdom
538167,2010-12-09 18:58:00,22111,SCOTTIE DOG HOT WATER BOTTLE,2,4.95,14713,United Kingdom
538167,2010-12-09 18:58:00,47591D,PINK FAIRY CAKE CHILDRENS APRON,2,1.95,14713,United Kingdom
538167,2010-12-09 18:58:00,21479,WHITE SKULL HOT WATER BOTTLE ,1,3.75,14713,United Kingdom
538167,2010-12-09 18:58:00,82483,WOOD 2 DRAWER CABINET WHITE FINISH,1,5.95,14713,United Kingdom
538167,2010-12-09 18:58:00,20727,LUNCH BAG  BLACK SKULL.,3,1.65,14713,United Kingdom
538167,2010-12-09 18:58:00,20728,LUNCH BAG CARS BLUE,3,1.65,14713,United Kingdom
538167,2010-12-09 18:58:00,20724,RED RETROSPOT CHARLOTTE BAG,3,0.85,14713,United Kingdom
538167,2010-12-09 18:58:00,22383,LUNCH BAG SUKI  DESIGN ,2,1.65,14713,United Kingdom
538167,2010-12-09 18:58:00,22750,FELTCRAFT PRINCESS LOLA DOLL,3,3.75,14713,United Kingdom
538167,2010-12-09 18:58:00,22749,FELTCRAFT PRINCESS CHARLOTTE DOLL,3,3.75,14713,United Kingdom
538167,2010-12-09 18:58:00,10002,INFLATABLE POLITICAL GLOBE ,12,0.85,14713,United Kingdom
538167,2010-12-09 18:58:00,20719,WOODLAND CHARLOTTE BAG,3,0.85,14713,United Kingdom
538167,2010-12-09 18:58:00,22306,SILVER MUG BONE CHINA TREE OF LIFE,4,1.95,14713,United Kingdom
538167,2010-12-09 18:58:00,84032A,CHARLIE+LOLA PINK HOT WATER BOTTLE,2,2.95,14713,United Kingdom
538167,2010-12-09 18:58:00,22367,CHILDRENS APRON SPACEBOY DESIGN,2,1.95,14713,United Kingdom
538167,2010-12-09 18:58:00,20748,KENSINGTON COFFEE SET,1,12.75,14713,United Kingdom
538167,2010-12-09 18:58:00,22113,GREY HEART HOT WATER BOTTLE,6,3.75,14713,United Kingdom
538167,2010-12-09 18:58:00,47591D,PINK FAIRY CAKE CHILDRENS APRON,2,1.95,14713,United Kingdom
538167,2010-12-09 18:58:00,22111,SCOTTIE DOG HOT WATER BOTTLE,2,4.95,14713,United Kingdom
538167,2010-12-09 18:58:00,21479,WHITE SKULL HOT WATER BOTTLE ,1,3.75,14713,United Kingdom
538167,2010-12-09 18:58:00,82483,WOOD 2 DRAWER CABINET WHITE FINISH,1,5.95,14713,United Kingdom
538167,2010-12-09 18:58:00,20719,WOODLAND CHARLOTTE BAG,3,0.85,14713,United Kingdom
538167,2010-12-09 18:58:00,20727,LUNCH BAG  BLACK SKULL.,3,1.65,14713,United Kingdom
538167,2010-12-09 18:58:00,20728,LUNCH BAG CARS BLUE,3,1.65,14713,United Kingdom
538167,2010-12-09 18:58:00,20724,RED RETROSPOT CHARLOTTE BAG,3,0.85,14713,United Kingdom
538167,2010-12-09 18:58:00,10002,INFLATABLE POLITICAL GLOBE ,12,0.85,14713,United Kingdom
538167,2010-12-09 18:58:00,22750,FELTCRAFT PRINCESS LOLA DOLL,3,3.75,14713,United Kingdom
538167,2010-12-09 18:58:00,22383,LUNCH BAG SUKI  DESIGN ,2,1.65,14713,United Kingdom
538167,2010-12-09 18:58:00,22086,PAPER CHAIN KIT 50'S CHRISTMAS ,40,2.55,14713,United Kingdom
538167,2010-12-09 18:58:00,22518,CHILDS GARDEN BRUSH BLUE,2,2.1,14713,United Kingdom
538167,2010-12-09 18:58:00,82484,WOOD BLACK BOARD ANT WHITE FINISH,2,6.45,14713,United Kingdom
538167,2010-12-09 18:58:00,22084,PAPER CHAIN KIT EMPIRE,6,2.95,14713,United Kingdom
538167,2010-12-09 18:58:00,21914,BLUE HARMONICA IN BOX ,12,1.25,14713,United Kingdom
538167,2010-12-09 18:58:00,21272,SALLE DE BAIN HOOK,3,1.25,14713,United Kingdom
538167,2010-12-09 18:58:00,22642,SET OF 4 NAPKIN CHARMS STARS   ,3,2.55,14713,United Kingdom
538167,2010-12-09 18:58:00,22749,FELTCRAFT PRINCESS CHARLOTTE DOLL,3,3.75,14713,United Kingdom
538167,2010-12-09 18:58:00,21181,PLEASE ONE PERSON METAL SIGN,4,2.1,14713,United Kingdom
538817,2010-12-14 12:38:00,22702,BLACK AND WHITE CAT BOWL,24,0.65,16191,United Kingdom
538817,2010-12-14 12:38:00,22700,BLACK AND WHITE DOG BOWL,24,0.85,16191,United Kingdom
538817,2010-12-14 12:38:00,22834,HAND WARMER BABUSHKA DESIGN,288,0.85,16191,United Kingdom
538817,2010-12-14 12:38:00,22701,PINK DOG BOWL,24,0.85,16191,United Kingdom
538829,2010-12-14 13:00:00,22834,HAND WARMER BABUSHKA DESIGN,384,0.85,16191,United Kingdom
539280,2010-12-16 15:40:00,21735,TWO DOOR CURIO CABINET,2,12.75,14373,United Kingdom
539280,2010-12-16 15:40:00,85048,15CM CHRISTMAS GLASS BALL 20 LIGHTS,2,7.95,14373,United Kingdom
539280,2010-12-16 15:40:00,22769,CHALKBOARD KITCHEN ORGANISER,1,24.95,14373,United Kingdom
539280,2010-12-16 15:40:00,22595,CHRISTMAS GINGHAM HEART,12,0.85,14373,United Kingdom
539322,2010-12-16 19:22:00,84032A,CHARLIE+LOLA PINK HOT WATER BOTTLE,2,2.95,14713,United Kingdom
539322,2010-12-16 19:22:00,22645,CERAMIC HEART FAIRY CAKE MONEY BANK,4,1.45,14713,United Kingdom
539322,2010-12-16 19:22:00,84032B,CHARLIE + LOLA RED HOT WATER BOTTLE,1,2.95,14713,United Kingdom
539322,2010-12-16 19:22:00,22418,10 COLOUR SPACEBOY PEN,12,0.85,14713,United Kingdom
539322,2010-12-16 19:22:00,22112,CHOCOLATE HOT WATER BOTTLE,2,4.95,14713,United Kingdom
539322,2010-12-16 19:22:00,82486,WOOD S/3 CABINET ANT WHITE FINISH,1,7.95,14713,United Kingdom
539322,2010-12-16 19:22:00,72800E,4 IVORY DINNER CANDLES SILVER FLOCK,1,2.55,14713,United Kingdom
539322,2010-12-16 19:22:00,84029G,KNITTED UNION FLAG HOT WATER BOTTLE,2,3.75,14713,United Kingdom
539322,2010-12-16 19:22:00,21479,WHITE SKULL HOT WATER BOTTLE ,1,3.75,14713,United Kingdom
539322,2010-12-16 19:22:00,21931,JUMBO STORAGE BAG SUKI,2,1.95,14713,United Kingdom
539322,2010-12-16 19:22:00,82482,WOODEN PICTURE FRAME WHITE FINISH,2,2.55,14713,United Kingdom
539322,2010-12-16 19:22:00,82484,WOOD BLACK BOARD ANT WHITE FINISH,4,6.45,14713,United Kingdom
539322,2010-12-16 19:22:00,16156S,WRAP PINK FAIRY CAKES ,25,0.42,14713,United Kingdom
539322,2010-12-16 19:22:00,22519,CHILDS GARDEN BRUSH PINK,2,2.1,14713,United Kingdom
539322,2010-12-16 19:22:00,21181,PLEASE ONE PERSON METAL SIGN,2,2.1,14713,United Kingdom
539322,2010-12-16 19:22:00,22383,LUNCH BAG SUKI  DESIGN ,3,1.65,14713,United Kingdom
539322,2010-12-16 19:22:00,20727,LUNCH BAG  BLACK SKULL.,3,1.65,14713,United Kingdom
539322,2010-12-16 19:22:00,10002,INFLATABLE POLITICAL GLOBE ,5,0.85,14713,United Kingdom
539322,2010-12-16 19:22:00,22356,CHARLOTTE BAG PINK POLKADOT,3,0.85,14713,United Kingdom
539470,2010-12-19 14:03:00,84806A,PINK CANDYSTUFT ARTIFICIAL FLOWER,1,1.45,14472,United Kingdom
539470,2010-12-19 14:03:00,22891,TEA FOR ONE POLKADOT,1,4.25,14472,United Kingdom
539470,2010-12-19 14:03:00,22891,TEA FOR ONE POLKADOT,1,4.25,14472,United Kingdom
539470,2010-12-19 14:03:00,84804A,CREAM DELPHINIUM ARTIFICIAL FLOWER,2,2.95,14472,United Kingdom
539470,2010-12-19 14:03:00,84800L,LARGE WHITE/PINK ROSE ART FLOWER,2,2.12,14472,United Kingdom
539470,2010-12-19 14:03:00,84800M,MEDIUM WHITE/PINK ROSE ART FLOWER,1,1.69,14472,United Kingdom
539470,2010-12-19 14:03:00,84802A,WHITE ANEMONE ARTIFICIAL FLOWER,2,1.69,14472,United Kingdom
539470,2010-12-19 14:03:00,82486,WOOD S/3 CABINET ANT WHITE FINISH,2,7.95,14472,United Kingdom
539470,2010-12-19 14:03:00,21340,CLASSIC METAL BIRDCAGE PLANT HOLDER,1,12.75,14472,United Kingdom
539470,2010-12-19 14:03:00,82484,WOOD BLACK BOARD ANT WHITE FINISH,2,6.45,14472,United Kingdom
539470,2010-12-19 14:03:00,21340,CLASSIC METAL BIRDCAGE PLANT HOLDER,1,12.75,14472,United Kingdom
539470,2010-12-19 14:03:00,21232,STRAWBERRY CERAMIC TRINKET BOX,1,1.25,14472,United Kingdom
539470,2010-12-19 14:03:00,22637,PIGGY BANK RETROSPOT ,3,2.55,14472,United Kingdom
539470,2010-12-19 14:03:00,21258,VICTORIAN SEWING BOX LARGE,1,12.75,14472,United Kingdom
539470,2010-12-19 14:03:00,21287,SCENTED VELVET LOUNGE CANDLE ,12,1.25,14472,United Kingdom
539470,2010-12-19 14:03:00,21340,CLASSIC METAL BIRDCAGE PLANT HOLDER,1,12.75,14472,United Kingdom
539470,2010-12-19 14:03:00,21257,VICTORIAN SEWING BOX MEDIUM,2,7.95,14472,United Kingdom
539470,2010-12-19 14:03:00,21232,STRAWBERRY CERAMIC TRINKET BOX,1,1.25,14472,United Kingdom
539470,2010-12-19 14:03:00,85109,PINK BOUDOIR T-LIGHT HOLDER,12,0.85,14472,United Kingdom
539470,2010-12-19 14:03:00,72803A,ROSE SCENT CANDLE JEWELLED DRAWER,3,4.25,14472,United Kingdom
539470,2010-12-19 14:03:00,84879,ASSORTED COLOUR BIRD ORNAMENT,8,1.69,14472,United Kingdom
539470,2010-12-19 14:03:00,20963,APPLE BATH SPONGE,2,1.25,14472,United Kingdom
539470,2010-12-19 14:03:00,22461,SAVOY ART DECO CLOCK,1,12.75,14472,United Kingdom
539470,2010-12-19 14:03:00,85152,HAND OVER THE CHOCOLATE   SIGN ,2,2.1,14472,United Kingdom
539470,2010-12-19 14:03:00,85123A,WHITE HANGING HEART T-LIGHT HOLDER,2,2.95,14472,United Kingdom
539470,2010-12-19 14:03:00,21609,SET 12 LAVENDER  BOTANICAL T-LIGHTS,4,2.95,14472,United Kingdom
539470,2010-12-19 14:03:00,72807A,SET/3 ROSE CANDLE IN JEWELLED BOX,3,4.25,14472,United Kingdom
539470,2010-12-19 14:03:00,20961,STRAWBERRY BATH SPONGE ,4,1.25,14472,United Kingdom
539470,2010-12-19 14:03:00,21390,FILIGRIS HEART WITH BUTTERFLY,2,1.25,14472,United Kingdom
539470,2010-12-19 14:03:00,21390,FILIGRIS HEART WITH BUTTERFLY,2,1.25,14472,United Kingdom
539470,2010-12-19 14:03:00,21823,PAINTED METAL HEART WITH HOLLY BELL,4,1.45,14472,United Kingdom
539470,2010-12-19 14:03:00,22297,HEART IVORY TRELLIS SMALL,6,1.25,14472,United Kingdom
539470,2010-12-19 14:03:00,22294,HEART FILIGREE DOVE  SMALL,6,1.25,14472,United Kingdom
539470,2010-12-19 14:03:00,21232,STRAWBERRY CERAMIC TRINKET BOX,2,1.25,14472,United Kingdom
539470,2010-12-19 14:03:00,21361,LOVE LARGE WOOD LETTERS ,1,12.75,14472,United Kingdom
539470,2010-12-19 14:03:00,21823,PAINTED METAL HEART WITH HOLLY BELL,1,1.45,14472,United Kingdom
540161,2011-01-05 11:52:00,21034,REX CASH+CARRY JUMBO SHOPPER,1,0.95,16719,United Kingdom
540161,2011-01-05 11:52:00,17003,BROCADE RING PURSE ,108,0.21,16719,United Kingdom
540161,2011-01-05 11:52:00,22502,PICNIC BASKET WICKER SMALL,1,5.95,16719,United Kingdom
540161,2011-01-05 11:52:00,22727,ALARM CLOCK BAKELIKE RED ,5,3.75,16719,United Kingdom
540161,2011-01-05 11:52:00,16161P,WRAP ENGLISH ROSE ,1,0.42,16719,United Kingdom
540161,2011-01-05 11:52:00,22729,ALARM CLOCK BAKELIKE ORANGE,3,3.75,16719,United Kingdom
540161,2011-01-05 11:52:00,84029G,KNITTED UNION FLAG HOT WATER BOTTLE,2,3.75,16719,United Kingdom
540161,2011-01-05 11:52:00,22759,SET OF 3 NOTEBOOKS IN PARCEL,3,1.65,16719,United Kingdom
540161,2011-01-05 11:52:00,37370,RETRO COFFEE MUGS ASSORTED,4,1.25,16719,United Kingdom
540161,2011-01-05 11:52:00,85123A,WHITE HANGING HEART T-LIGHT HOLDER,7,2.95,16719,United Kingdom
540161,2011-01-05 11:52:00,79321,CHILLI LIGHTS,3,4.95,16719,United Kingdom
540161,2011-01-05 11:52:00,22891,TEA FOR ONE POLKADOT,1,4.25,16719,United Kingdom
540161,2011-01-05 11:52:00,84030E,ENGLISH ROSE HOT WATER BOTTLE,3,4.25,16719,United Kingdom
540161,2011-01-05 11:52:00,22451,SILK PURSE BABUSHKA RED,3,3.35,16719,United Kingdom
540161,2011-01-05 11:52:00,21870,I CAN ONLY PLEASE ONE PERSON MUG,2,1.25,16719,United Kingdom
540161,2011-01-05 11:52:00,22622,BOX OF VINTAGE ALPHABET BLOCKS,1,9.95,16719,United Kingdom
540354,2011-01-06 14:58:00,21231,SWEETHEART CERAMIC TRINKET BOX,12,1.25,13576,United Kingdom
540354,2011-01-06 14:58:00,20971,PINK BLUE FELT CRAFT TRINKET BOX,12,1.25,13576,United Kingdom
540354,2011-01-06 14:58:00,21755,LOVE BUILDING BLOCK WORD,6,5.95,13576,United Kingdom
540354,2011-01-06 14:58:00,82580,BATHROOM METAL SIGN,12,0.55,13576,United Kingdom
540354,2011-01-06 14:58:00,22041,"RECORD FRAME 7"" SINGLE SIZE ",48,2.1,13576,United Kingdom
540354,2011-01-06 14:58:00,82001S,VINYL RECORD FRAME SILVER,24,3.39,13576,United Kingdom
540354,2011-01-06 14:58:00,21137,BLACK RECORD COVER FRAME,48,3.39,13576,United Kingdom
540354,2011-01-06 14:58:00,20829,GLITTER HANGING BUTTERFLY STRING,8,2.1,13576,United Kingdom
540354,2011-01-06 14:58:00,20828,GLITTER BUTTERFLY CLIPS,6,2.55,13576,United Kingdom
540354,2011-01-06 14:58:00,85036C,ROSE 1 WICK MORRIS BOXED CANDLE,12,1.85,13576,United Kingdom
540354,2011-01-06 14:58:00,85036B,CHOCOLATE 1 WICK MORRIS BOX CANDLE,12,1.25,13576,United Kingdom
540354,2011-01-06 14:58:00,84813,SET OF 4 DIAMOND NAPKIN RINGS,8,3.95,13576,United Kingdom
540354,2011-01-06 14:58:00,22473,TV DINNER TRAY VINTAGE PAISLEY,8,1.95,13576,United Kingdom
540354,2011-01-06 14:58:00,21065,BOOM BOX SPEAKER GIRLS,24,1.25,13576,United Kingdom
540354,2011-01-06 14:58:00,90057,DIAMANTE RING ASSORTED IN BOX.,24,1.25,13576,United Kingdom
540354,2011-01-06 14:58:00,85180A,RED HEARTS LIGHT CHAIN ,24,1.25,13576,United Kingdom
540454,2011-01-07 11:57:00,22726,ALARM CLOCK BAKELIKE GREEN,12,3.75,16191,United Kingdom
540454,2011-01-07 11:57:00,22357,KINGS CHOICE BISCUIT TIN,12,3.75,16191,United Kingdom
540454,2011-01-07 11:57:00,21875,KINGS CHOICE MUG,72,1.06,16191,United Kingdom
540454,2011-01-07 11:57:00,22494,EMERGENCY FIRST AID TIN ,12,1.25,16191,United Kingdom
540454,2011-01-07 11:57:00,84375,SET OF 20 KIDS COOKIE CUTTERS,12,2.1,16191,United Kingdom
540454,2011-01-07 11:57:00,22960,JAM MAKING SET WITH JARS,12,3.75,16191,United Kingdom
540454,2011-01-07 11:57:00,22720,SET OF 3 CAKE TINS PANTRY DESIGN ,24,4.25,16191,United Kingdom
540454,2011-01-07 11:57:00,84380,SET OF 3 BUTTERFLY COOKIE CUTTERS,12,1.25,16191,United Kingdom
540459,2011-01-07 12:35:00,22729,ALARM CLOCK BAKELIKE ORANGE,12,3.75,16191,United Kingdom
540459,2011-01-07 12:35:00,22494,EMERGENCY FIRST AID TIN ,12,1.25,16191,United Kingdom
540459,2011-01-07 12:35:00,84380,SET OF 3 BUTTERFLY COOKIE CUTTERS,12,1.25,16191,United Kingdom
540459,2011-01-07 12:35:00,22970,LONDON BUS COFFEE MUG,36,2.1,16191,United Kingdom
540459,2011-01-07 12:35:00,84375,SET OF 20 KIDS COOKIE CUTTERS,12,2.1,16191,United Kingdom
540459,2011-01-07 12:35:00,22357,KINGS CHOICE BISCUIT TIN,12,3.75,16191,United Kingdom
540459,2011-01-07 12:35:00,22358,KINGS CHOICE TEA CADDY ,24,2.55,16191,United Kingdom
540459,2011-01-07 12:35:00,22971,QUEENS GUARD COFFEE MUG,36,2.1,16191,United Kingdom
540459,2011-01-07 12:35:00,22727,ALARM CLOCK BAKELIKE RED ,12,3.75,16191,United Kingdom
540459,2011-01-07 12:35:00,22497,SET OF 2 TINS VINTAGE BATHROOM ,18,4.25,16191,United Kingdom
540511,2011-01-09 11:34:00,22024,RAINY LADIES BIRTHDAY CARD,24,0.42,14472,United Kingdom
540511,2011-01-09 11:34:00,85152,HAND OVER THE CHOCOLATE   SIGN ,5,2.1,14472,United Kingdom
540511,2011-01-09 11:34:00,22720,SET OF 3 CAKE TINS PANTRY DESIGN ,1,4.95,14472,United Kingdom
540511,2011-01-09 11:34:00,22028,PENNY FARTHING BIRTHDAY CARD,24,0.42,14472,United Kingdom
540511,2011-01-09 11:34:00,22033,BOTANICAL ROSE GREETING CARD,24,0.42,14472,United Kingdom
540511,2011-01-09 11:34:00,22032,BOTANICAL LILY GREETING CARD,12,0.42,14472,United Kingdom
540511,2011-01-09 11:34:00,22031,BOTANICAL LAVENDER BIRTHDAY CARD,12,0.42,14472,United Kingdom
540511,2011-01-09 11:34:00,22487,WHITE WOOD GARDEN PLANT LADDER,1,9.95,14472,United Kingdom
540511,2011-01-09 11:34:00,21755,LOVE BUILDING BLOCK WORD,1,5.95,14472,United Kingdom
540511,2011-01-09 11:34:00,21755,LOVE BUILDING BLOCK WORD,1,5.95,14472,United Kingdom
540511,2011-01-09 11:34:00,21755,LOVE BUILDING BLOCK WORD,3,5.95,14472,United Kingdom
540511,2011-01-09 11:34:00,82484,WOOD BLACK BOARD ANT WHITE FINISH,2,6.45,14472,United Kingdom
540511,2011-01-09 11:34:00,85066,CREAM SWEETHEART MINI CHEST,2,12.75,14472,United Kingdom
540511,2011-01-09 11:34:00,22120,WELCOME  WOODEN BLOCK LETTERS,1,9.95,14472,United Kingdom
540511,2011-01-09 11:34:00,22120,WELCOME  WOODEN BLOCK LETTERS,1,9.95,14472,United Kingdom
540511,2011-01-09 11:34:00,21757,LIGHTHOUSE PRINTED METAL SIGN,2,4.95,14472,United Kingdom
540511,2011-01-09 11:34:00,22782,SET 3 WICKER STORAGE BASKETS ,2,24.95,14472,United Kingdom
540511,2011-01-09 11:34:00,22784,LANTERN CREAM GAZEBO ,1,4.95,14472,United Kingdom
540511,2011-01-09 11:34:00,21175,GIN + TONIC DIET METAL SIGN,2,2.1,14472,United Kingdom
540511,2011-01-09 11:34:00,22227,HANGING HEART MIRROR DECORATION ,6,0.65,14472,United Kingdom
540511,2011-01-09 11:34:00,22470,HEART OF WICKER LARGE,2,2.95,14472,United Kingdom
540511,2011-01-09 11:34:00,22113,GREY HEART HOT WATER BOTTLE,1,3.75,14472,United Kingdom
540511,2011-01-09 11:34:00,22577,WOODEN HEART CHRISTMAS SCANDINAVIAN,7,0.85,14472,United Kingdom
540511,2011-01-09 11:34:00,22269,EGG CUP NATURAL CHICKEN,3,1.25,14472,United Kingdom
540511,2011-01-09 11:34:00,22268,EASTER DECORATION SITTING BUNNY,4,0.85,14472,United Kingdom
540511,2011-01-09 11:34:00,22112,CHOCOLATE HOT WATER BOTTLE,1,4.95,14472,United Kingdom
540511,2011-01-09 11:34:00,71270,PHOTO CLIP LINE,6,1.25,14472,United Kingdom
540511,2011-01-09 11:34:00,84879,ASSORTED COLOUR BIRD ORNAMENT,8,1.69,14472,United Kingdom
540511,2011-01-09 11:34:00,84879,ASSORTED COLOUR BIRD ORNAMENT,8,1.69,14472,United Kingdom
540511,2011-01-09 11:34:00,21361,LOVE LARGE WOOD LETTERS ,1,12.75,14472,United Kingdom
540511,2011-01-09 11:34:00,22285,HANGING HEN ON NEST DECORATION,12,1.65,14472,United Kingdom
540511,2011-01-09 11:34:00,22066,LOVE HEART TRINKET POT,2,1.45,14472,United Kingdom
540511,2011-01-09 11:34:00,22784,LANTERN CREAM GAZEBO ,1,4.95,14472,United Kingdom
540511,2011-01-09 11:34:00,22267,EASTER DECORATION EGG BUNNY ,4,1.25,14472,United Kingdom
540829,2011-01-11 14:38:00,84970S,HANGING HEART ZINC T-LIGHT HOLDER,36,0.85,13784,United Kingdom
540829,2011-01-11 14:38:00,84970L,SINGLE HEART ZINC T-LIGHT HOLDER,24,0.95,13784,United Kingdom
540829,2011-01-11 14:38:00,22151,PLACE SETTING WHITE HEART,72,0.42,13784,United Kingdom
540829,2011-01-11 14:38:00,84978,HANGING HEART JAR T-LIGHT HOLDER,24,1.25,13784,United Kingdom
541087,2011-01-13 12:37:00,22722,SET OF 6 SPICE TINS PANTRY DESIGN,4,3.95,13614,United Kingdom
541087,2011-01-13 12:37:00,22849,BREAD BIN DINER STYLE MINT,2,16.95,13614,United Kingdom
541087,2011-01-13 12:37:00,22846,BREAD BIN DINER STYLE RED ,3,16.95,13614,United Kingdom
541087,2011-01-13 12:37:00,22720,SET OF 3 CAKE TINS PANTRY DESIGN ,3,4.95,13614,United Kingdom
541087,2011-01-13 12:37:00,22847,BREAD BIN DINER STYLE IVORY,2,16.95,13614,United Kingdom
541087,2011-01-13 12:37:00,22913,RED COAT RACK PARIS FASHION,3,4.95,13614,United Kingdom
541087,2011-01-13 12:37:00,22912,YELLOW COAT RACK PARIS FASHION,3,4.95,13614,United Kingdom
541087,2011-01-13 12:37:00,22914,BLUE COAT RACK PARIS FASHION,3,4.95,13614,United Kingdom
541087,2011-01-13 12:37:00,22925,BLUE GIANT GARDEN THERMOMETER,2,5.95,13614,United Kingdom
541266,2011-01-16 16:25:00,84675,FROG KING WATERING CAN,5,2.95,15673,United Kingdom
541266,2011-01-16 16:25:00,21754,HOME BUILDING BLOCK WORD,1,5.95,15673,United Kingdom
541266,2011-01-16 16:25:00,21754,HOME BUILDING BLOCK WORD,1,5.95,15673,United Kingdom
541266,2011-01-16 16:25:00,21754,HOME BUILDING BLOCK WORD,1,5.95,15673,United Kingdom
541266,2011-01-16 16:25:00,21754,HOME BUILDING BLOCK WORD,1,5.95,15673,United Kingdom
541266,2011-01-16 16:25:00,21754,HOME BUILDING BLOCK WORD,1,5.95,15673,United Kingdom
541266,2011-01-16 16:25:00,21754,HOME BUILDING BLOCK WORD,1,5.95,15673,United Kingdom
541266,2011-01-16 16:25:00,22367,CHILDRENS APRON SPACEBOY DESIGN,11,1.95,15673,United Kingdom
541266,2011-01-16 16:25:00,22971,QUEENS GUARD COFFEE MUG,6,2.55,15673,United Kingdom
541266,2011-01-16 16:25:00,22970,LONDON BUS COFFEE MUG,6,2.55,15673,United Kingdom
541266,2011-01-16 16:25:00,22558,CLOTHES PEGS RETROSPOT PACK 24 ,6,1.49,15673,United Kingdom
541266,2011-01-16 16:25:00,22567,20 DOLLY PEGS RETROSPOT,5,1.25,15673,United Kingdom
541266,2011-01-16 16:25:00,21563,RED HEART SHAPE LOVE BUCKET ,9,2.95,15673,United Kingdom
541266,2011-01-16 16:25:00,22630,DOLLY GIRL LUNCH BOX,2,1.95,15673,United Kingdom
541266,2011-01-16 16:25:00,22616,PACK OF 12 LONDON TISSUES ,24,0.29,15673,United Kingdom
541266,2011-01-16 16:25:00,22972,CHILDREN'S SPACEBOY MUG,6,1.65,15673,United Kingdom
541266,2011-01-16 16:25:00,22961,JAM MAKING SET PRINTED,24,1.45,15673,United Kingdom
541266,2011-01-16 16:25:00,22892,SET OF SALT AND PEPPER TOADSTOOLS,6,1.25,15673,United Kingdom
541266,2011-01-16 16:25:00,22957,SET 3 PAPER VINTAGE CHICK PAPER EGG,7,2.95,15673,United Kingdom
541266,2011-01-16 16:25:00,22567,20 DOLLY PEGS RETROSPOT,5,1.25,15673,United Kingdom
541266,2011-01-16 16:25:00,22558,CLOTHES PEGS RETROSPOT PACK 24 ,6,1.49,15673,United Kingdom
541266,2011-01-16 16:25:00,22630,DOLLY GIRL LUNCH BOX,4,1.95,15673,United Kingdom
541266,2011-01-16 16:25:00,22629,SPACEBOY LUNCH BOX ,4,1.95,15673,United Kingdom
541266,2011-01-16 16:25:00,22899,CHILDREN'S APRON DOLLY GIRL ,7,2.1,15673,United Kingdom
541266,2011-01-16 16:25:00,22896,PEG BAG APPLES DESIGN,9,2.55,15673,United Kingdom
541266,2011-01-16 16:25:00,22197,SMALL POPCORN HOLDER,30,0.85,15673,United Kingdom
541266,2011-01-16 16:25:00,22974,CHILDRENS DOLLY GIRL MUG,6,1.65,15673,United Kingdom
541266,2011-01-16 16:25:00,22195,LARGE HEART MEASURING SPOONS,3,1.65,15673,United Kingdom
541266,2011-01-16 16:25:00,22385,JUMBO BAG SPACEBOY DESIGN,10,1.95,15673,United Kingdom
541266,2011-01-16 16:25:00,21929,JUMBO BAG PINK VINTAGE PAISLEY,10,1.95,15673,United Kingdom
541266,2011-01-16 16:25:00,21928,JUMBO BAG SCANDINAVIAN PAISLEY,10,1.95,15673,United Kingdom
541266,2011-01-16 16:25:00,22616,PACK OF 12 LONDON TISSUES ,12,0.29,15673,United Kingdom
541266,2011-01-16 16:25:00,21985,PACK OF 12 HEARTS DESIGN TISSUES ,12,0.29,15673,United Kingdom
541266,2011-01-16 16:25:00,22900, SET 2 TEA TOWELS I LOVE LONDON ,20,2.95,15673,United Kingdom
541266,2011-01-16 16:25:00,22898,CHILDRENS APRON APPLES DESIGN,8,1.95,15673,United Kingdom
541266,2011-01-16 16:25:00,22629,SPACEBOY LUNCH BOX ,2,1.95,15673,United Kingdom
541266,2011-01-16 16:25:00,22315,200 RED + WHITE BENDY STRAWS,12,1.25,15673,United Kingdom
541266,2011-01-16 16:25:00,22148,EASTER CRAFT 4 CHICKS ,6,1.95,15673,United Kingdom
541266,2011-01-16 16:25:00,22180,RETROSPOT LAMP,1,9.95,15673,United Kingdom
541266,2011-01-16 16:25:00,21383,PACK OF 12 STICKY BUNNIES,16,0.65,15673,United Kingdom
541266,2011-01-16 16:25:00,22988,SOLDIERS EGG CUP ,12,1.25,15673,United Kingdom
541266,2011-01-16 16:25:00,22988,SOLDIERS EGG CUP ,12,1.25,15673,United Kingdom
541266,2011-01-16 16:25:00,21621,VINTAGE UNION JACK BUNTING,10,8.5,15673,United Kingdom
541266,2011-01-16 16:25:00,21621,VINTAGE UNION JACK BUNTING,13,8.5,15673,United Kingdom
541266,2011-01-16 16:25:00,21621,VINTAGE UNION JACK BUNTING,12,8.5,15673,United Kingdom
541266,2011-01-16 16:25:00,22411,JUMBO SHOPPER VINTAGE RED PAISLEY,10,1.95,15673,United Kingdom
541266,2011-01-16 16:25:00,21621,VINTAGE UNION JACK BUNTING,7,8.5,15673,United Kingdom
541266,2011-01-16 16:25:00,21755,LOVE BUILDING BLOCK WORD,1,5.95,15673,United Kingdom
541266,2011-01-16 16:25:00,21755,LOVE BUILDING BLOCK WORD,1,5.95,15673,United Kingdom
541266,2011-01-16 16:25:00,21755,LOVE BUILDING BLOCK WORD,1,5.95,15673,United Kingdom
541266,2011-01-16 16:25:00,21755,LOVE BUILDING BLOCK WORD,1,5.95,15673,United Kingdom
541266,2011-01-16 16:25:00,21755,LOVE BUILDING BLOCK WORD,1,5.95,15673,United Kingdom
541266,2011-01-16 16:25:00,21755,LOVE BUILDING BLOCK WORD,1,5.95,15673,United Kingdom
541698,2011-01-20 19:16:00,22384,LUNCH BAG PINK POLKADOT,2,1.65,14713,United Kingdom
541698,2011-01-20 19:16:00,20725,LUNCH BAG RED RETROSPOT,2,1.65,14713,United Kingdom
541698,2011-01-20 19:16:00,10002,INFLATABLE POLITICAL GLOBE ,18,0.85,14713,United Kingdom
541698,2011-01-20 19:16:00,22113,GREY HEART HOT WATER BOTTLE,3,3.75,14713,United Kingdom
541698,2011-01-20 19:16:00,21479,WHITE SKULL HOT WATER BOTTLE ,1,3.75,14713,United Kingdom
541698,2011-01-20 19:16:00,20713,JUMBO BAG OWLS,2,1.95,14713,United Kingdom
541698,2011-01-20 19:16:00,22411,JUMBO SHOPPER VINTAGE RED PAISLEY,2,1.95,14713,United Kingdom
541698,2011-01-20 19:16:00,21929,JUMBO BAG PINK VINTAGE PAISLEY,2,1.95,14713,United Kingdom
541698,2011-01-20 19:16:00,21931,JUMBO STORAGE BAG SUKI,2,1.95,14713,United Kingdom
541698,2011-01-20 19:16:00,21930,JUMBO STORAGE BAG SKULLS,2,1.95,14713,United Kingdom
541698,2011-01-20 19:16:00,85099B,JUMBO BAG RED RETROSPOT,2,1.95,14713,United Kingdom
541698,2011-01-20 19:16:00,82484,WOOD BLACK BOARD ANT WHITE FINISH,1,6.45,14713,United Kingdom
541698,2011-01-20 19:16:00,82483,WOOD 2 DRAWER CABINET WHITE FINISH,1,5.95,14713,United Kingdom
541698,2011-01-20 19:16:00,10135,COLOURING PENCILS BROWN TUBE,28,1.25,14713,United Kingdom
541698,2011-01-20 19:16:00,20726,LUNCH BAG WOODLAND,2,1.65,14713,United Kingdom
541698,2011-01-20 19:16:00,20712,JUMBO BAG WOODLAND ANIMALS,2,1.95,14713,United Kingdom
541698,2011-01-20 19:16:00,82486,WOOD S/3 CABINET ANT WHITE FINISH,1,7.95,14713,United Kingdom
541698,2011-01-20 19:16:00,20727,LUNCH BAG  BLACK SKULL.,2,1.65,14713,United Kingdom
541698,2011-01-20 19:16:00,22383,LUNCH BAG SUKI  DESIGN ,4,1.65,14713,United Kingdom
541698,2011-01-20 19:16:00,20727,LUNCH BAG  BLACK SKULL.,1,1.65,14713,United Kingdom
541698,2011-01-20 19:16:00,15060B,FAIRY CAKE DESIGN UMBRELLA,3,3.75,14713,United Kingdom
541698,2011-01-20 19:16:00,22518,CHILDS GARDEN BRUSH BLUE,2,2.1,14713,United Kingdom
541698,2011-01-20 19:16:00,21705,BAG 500g SWIRLY MARBLES,12,1.65,14713,United Kingdom
541698,2011-01-20 19:16:00,82482,WOODEN PICTURE FRAME WHITE FINISH,1,2.55,14713,United Kingdom
541698,2011-01-20 19:16:00,22646,CERAMIC STRAWBERRY CAKE MONEY BANK,4,1.45,14713,United Kingdom
541698,2011-01-20 19:16:00,21918,SET 12 KIDS COLOUR  CHALK STICKS,6,0.42,14713,United Kingdom
541698,2011-01-20 19:16:00,22268,EASTER DECORATION SITTING BUNNY,3,0.85,14713,United Kingdom
541698,2011-01-20 19:16:00,85206B,PINK FELT EASTER EGG BASKET,8,1.65,14713,United Kingdom
541698,2011-01-20 19:16:00,21917,SET 12 KIDS  WHITE CHALK STICKS,6,0.42,14713,United Kingdom
541698,2011-01-20 19:16:00,21790,VINTAGE SNAP CARDS,6,0.85,14713,United Kingdom
541698,2011-01-20 19:16:00,21156,RETROSPOT CHILDRENS APRON,2,1.95,14713,United Kingdom
541698,2011-01-20 19:16:00,84988,SET OF 72 PINK HEART PAPER DOILIES,1,1.45,14713,United Kingdom
541698,2011-01-20 19:16:00,22356,CHARLOTTE BAG PINK POLKADOT,3,0.85,14713,United Kingdom
541698,2011-01-20 19:16:00,22355,CHARLOTTE BAG SUKI DESIGN,4,0.85,14713,United Kingdom
541698,2011-01-20 19:16:00,20728,LUNCH BAG CARS BLUE,2,1.65,14713,United Kingdom
541698,2011-01-20 19:16:00,22269,EGG CUP NATURAL CHICKEN,3,1.25,14713,United Kingdom
541968,2011-01-24 13:37:00,84631,FRUIT TREE AND BIRDS WALL PLAQUE,2,7.95,13396,United Kingdom
541968,2011-01-24 13:37:00,16016,LARGE CHINESE STYLE SCISSOR,10,0.85,13396,United Kingdom
541968,2011-01-24 13:37:00,21586,KINGS CHOICE GIANT TUBE MATCHES,12,2.55,13396,United Kingdom
541968,2011-01-24 13:37:00,21212,PACK OF 72 RETROSPOT CAKE CASES,24,0.55,13396,United Kingdom
541968,2011-01-24 13:37:00,22674,FRENCH TOILET SIGN BLUE METAL,12,1.25,13396,United Kingdom
541968,2011-01-24 13:37:00,35004C,SET OF 3 COLOURED  FLYING DUCKS,3,5.45,13396,United Kingdom
541968,2011-01-24 13:37:00,22083,PAPER CHAIN KIT RETROSPOT,12,2.95,13396,United Kingdom
541968,2011-01-24 13:37:00,22087,PAPER BUNTING WHITE LACE,12,2.95,13396,United Kingdom
541968,2011-01-24 13:37:00,48138,DOORMAT UNION FLAG,4,7.95,13396,United Kingdom
541968,2011-01-24 13:37:00,48184,DOORMAT ENGLISH ROSE ,4,7.95,13396,United Kingdom
541968,2011-01-24 13:37:00,21135,VICTORIAN  METAL POSTCARD SPRING,8,1.69,13396,United Kingdom
541968,2011-01-24 13:37:00,79321,CHILLI LIGHTS,12,4.95,13396,United Kingdom
541968,2011-01-24 13:37:00,21616,4 PEAR BOTANICAL DINNER CANDLES,6,3.75,13396,United Kingdom
541968,2011-01-24 13:37:00,21617,4 LILY  BOTANICAL DINNER CANDLES,6,3.75,13396,United Kingdom
541968,2011-01-24 13:37:00,22084,PAPER CHAIN KIT EMPIRE,12,2.95,13396,United Kingdom
541976,2011-01-24 14:39:00,22457,NATURAL SLATE HEART CHALKBOARD ,12,2.95,16168,United Kingdom
541976,2011-01-24 14:39:00,22456,NATURAL SLATE CHALKBOARD LARGE ,6,4.95,16168,United Kingdom
541976,2011-01-24 14:39:00,22927,GREEN GIANT GARDEN THERMOMETER,4,5.95,16168,United Kingdom
541976,2011-01-24 14:39:00,21876,POTTERING MUG,12,1.25,16168,United Kingdom
541976,2011-01-24 14:39:00,22926,IVORY GIANT GARDEN THERMOMETER,4,5.95,16168,United Kingdom
542105,2011-01-25 13:35:00,22188,BLACK HEART CARD HOLDER,3,3.95,12854,United Kingdom
542105,2011-01-25 13:35:00,21355,TOAST ITS - I LOVE YOU ,6,1.25,12854,United Kingdom
542105,2011-01-25 13:35:00,85123A,WHITE HANGING HEART T-LIGHT HOLDER,6,2.95,12854,United Kingdom
542105,2011-01-25 13:35:00,21733,RED HANGING HEART T-LIGHT HOLDER,2,2.95,12854,United Kingdom
542105,2011-01-25 13:35:00,22804,CANDLEHOLDER PINK HANGING HEART,2,2.95,12854,United Kingdom
542105,2011-01-25 13:35:00,22189,CREAM HEART CARD HOLDER,3,3.95,12854,United Kingdom
542105,2011-01-25 13:35:00,84836,ZINC METAL HEART DECORATION,5,1.25,12854,United Kingdom
542105,2011-01-25 13:35:00,22961,JAM MAKING SET PRINTED,6,1.45,12854,United Kingdom
542105,2011-01-25 13:35:00,21755,LOVE BUILDING BLOCK WORD,2,5.95,12854,United Kingdom
542105,2011-01-25 13:35:00,22147,FELTCRAFT BUTTERFLY HEARTS,6,1.45,12854,United Kingdom
542105,2011-01-25 13:35:00,22457,NATURAL SLATE HEART CHALKBOARD ,4,2.95,12854,United Kingdom
542105,2011-01-25 13:35:00,84792,ENCHANTED BIRD COATHANGER 5 HOOK,2,4.65,12854,United Kingdom
542105,2011-01-25 13:35:00,22588,CARD HOLDER GINGHAM HEART,6,2.55,12854,United Kingdom
542105,2011-01-25 13:35:00,22167, OVAL WALL MIRROR DIAMANTE ,2,9.95,12854,United Kingdom
542105,2011-01-25 13:35:00,85061W,WHITE JEWELLED HEART DECORATION,6,0.85,12854,United Kingdom
542105,2011-01-25 13:35:00,84884A,ANT WHITE WIRE HEART SPIRAL,5,3.95,12854,United Kingdom
542105,2011-01-25 13:35:00,20832,RED FLOCK LOVE HEART PHOTO FRAME,6,0.85,12854,United Kingdom
542105,2011-01-25 13:35:00,22799,SWEETHEART WIRE FRUIT BOWL,2,8.5,12854,United Kingdom
542105,2011-01-25 13:35:00,22831,WHITE BROCANTE SOAP DISH,4,2.95,12854,United Kingdom
542105,2011-01-25 13:35:00,22674,FRENCH TOILET SIGN BLUE METAL,4,1.25,12854,United Kingdom
542105,2011-01-25 13:35:00,22670,FRENCH WC SIGN BLUE METAL,4,1.25,12854,United Kingdom
542105,2011-01-25 13:35:00,22675,FRENCH KITCHEN SIGN BLUE METAL,4,1.25,12854,United Kingdom
542105,2011-01-25 13:35:00,22458,CAST IRON HOOK GARDEN FORK,6,2.55,12854,United Kingdom
542105,2011-01-25 13:35:00,22212,FOUR HOOK  WHITE LOVEBIRDS,4,2.1,12854,United Kingdom
542105,2011-01-25 13:35:00,22795,SWEETHEART RECIPE BOOK STAND,2,6.75,12854,United Kingdom
542105,2011-01-25 13:35:00,22470,HEART OF WICKER LARGE,6,2.95,12854,United Kingdom
542105,2011-01-25 13:35:00,22672,FRENCH BATHROOM SIGN BLUE METAL,4,1.65,12854,United Kingdom
542105,2011-01-25 13:35:00,22423,REGENCY CAKESTAND 3 TIER,3,12.75,12854,United Kingdom
542105,2011-01-25 13:35:00,22855,FINE WICKER HEART ,12,1.25,12854,United Kingdom
542105,2011-01-25 13:35:00,21385,IVORY HANGING DECORATION  HEART,10,0.85,12854,United Kingdom
542105,2011-01-25 13:35:00,84378,SET OF 3 HEART COOKIE CUTTERS,6,1.25,12854,United Kingdom
542105,2011-01-25 13:35:00,84380,SET OF 3 BUTTERFLY COOKIE CUTTERS,3,1.25,12854,United Kingdom
542105,2011-01-25 13:35:00,22956,36 FOIL HEART CAKE CASES,6,2.1,12854,United Kingdom
542105,2011-01-25 13:35:00,22469,HEART OF WICKER SMALL,10,1.65,12854,United Kingdom
542630,2011-01-31 10:08:00,22151,PLACE SETTING WHITE HEART,144,0.42,13784,United Kingdom
542634,2011-01-31 10:42:00,22302,COFFEE MUG PEARS  DESIGN,6,2.55,15448,United Kingdom
542634,2011-01-31 10:42:00,22720,SET OF 3 CAKE TINS PANTRY DESIGN ,3,4.95,15448,United Kingdom
542634,2011-01-31 10:42:00,84378,SET OF 3 HEART COOKIE CUTTERS,12,1.25,15448,United Kingdom
542634,2011-01-31 10:42:00,22966,GINGERBREAD MAN COOKIE CUTTER,12,1.25,15448,United Kingdom
542634,2011-01-31 10:42:00,22971,QUEENS GUARD COFFEE MUG,6,2.55,15448,United Kingdom
542634,2011-01-31 10:42:00,22988,SOLDIERS EGG CUP ,12,1.25,15448,United Kingdom
542634,2011-01-31 10:42:00,22622,BOX OF VINTAGE ALPHABET BLOCKS,2,9.95,15448,United Kingdom
542634,2011-01-31 10:42:00,22977,DOLLY GIRL CHILDRENS EGG CUP,12,1.25,15448,United Kingdom
542634,2011-01-31 10:42:00,22623,BOX OF VINTAGE JIGSAW BLOCKS ,3,4.95,15448,United Kingdom
542634,2011-01-31 10:42:00,22405,MONEY BOX POCKET MONEY DESIGN,12,1.25,15448,United Kingdom
542634,2011-01-31 10:42:00,22406,MONEY BOX KINGS CHOICE DESIGN,12,1.25,15448,United Kingdom
542634,2011-01-31 10:42:00,22303,COFFEE MUG APPLES DESIGN,6,2.55,15448,United Kingdom
542634,2011-01-31 10:42:00,22974,CHILDRENS DOLLY GIRL MUG,12,1.65,15448,United Kingdom
542634,2011-01-31 10:42:00,22895,SET OF 2 TEA TOWELS APPLE AND PEARS,6,2.95,15448,United Kingdom
542634,2011-01-31 10:42:00,22967,SET 3 SONG BIRD PAPER EGGS ASSORTED,6,2.95,15448,United Kingdom
542634,2011-01-31 10:42:00,22502,PICNIC BASKET WICKER SMALL,4,5.95,15448,United Kingdom
542634,2011-01-31 10:42:00,22261,FELT EGG COSY WHITE RABBIT ,12,0.85,15448,United Kingdom
542634,2011-01-31 10:42:00,22263,FELT EGG COSY LADYBIRD ,12,0.85,15448,United Kingdom
542634,2011-01-31 10:42:00,22291,HANGING CHICK CREAM DECORATION,24,1.45,15448,United Kingdom
542634,2011-01-31 10:42:00,22249,DECORATION WHITE CHICK MAGIC GARDEN,16,0.85,15448,United Kingdom
542634,2011-01-31 10:42:00,22933,BAKING MOULD EASTER EGG MILK CHOC,6,2.95,15448,United Kingdom
542634,2011-01-31 10:42:00,22937,BAKING MOULD CHOCOLATE CUPCAKES,6,2.55,15448,United Kingdom
542634,2011-01-31 10:42:00,21136,PAINTED METAL PEARS ASSORTED,8,1.69,15448,United Kingdom
542634,2011-01-31 10:42:00,84879,ASSORTED COLOUR BIRD ORNAMENT,8,1.69,15448,United Kingdom
542634,2011-01-31 10:42:00,22605,WOODEN CROQUET GARDEN SET,2,14.95,15448,United Kingdom
542634,2011-01-31 10:42:00,22607,WOODEN ROUNDERS GARDEN SET ,2,9.95,15448,United Kingdom
542634,2011-01-31 10:42:00,22501,PICNIC BASKET WICKER LARGE,2,9.95,15448,United Kingdom
542634,2011-01-31 10:42:00,22188,BLACK HEART CARD HOLDER,8,3.95,15448,United Kingdom
542725,2011-01-31 15:05:00,22700,BLACK AND WHITE DOG BOWL,3,2.95,16191,United Kingdom
542725,2011-01-31 15:05:00,22701,PINK DOG BOWL,2,2.95,16191,United Kingdom
542743,2011-01-31 16:26:00,22701,PINK DOG BOWL,2,2.95,16191,United Kingdom
542743,2011-01-31 16:26:00,22700,BLACK AND WHITE DOG BOWL,3,2.95,16191,United Kingdom
542892,2011-02-01 13:28:00,22151,PLACE SETTING WHITE HEART,432,0.36,13784,United Kingdom
542992,2011-02-02 11:55:00,85019C,CURIOUS  IMAGES NOTEBOOK SET,24,1.25,14460,United Kingdom
543029,2011-02-02 15:13:00,21137,BLACK RECORD COVER FRAME,72,3.39,13576,United Kingdom
543029,2011-02-02 15:13:00,82001S,VINYL RECORD FRAME SILVER,24,3.39,13576,United Kingdom
543029,2011-02-02 15:13:00,82578,KITCHEN METAL SIGN,12,0.55,13576,United Kingdom
543029,2011-02-02 15:13:00,21754,HOME BUILDING BLOCK WORD,3,5.95,13576,United Kingdom
543735,2011-02-11 12:32:00,22726,ALARM CLOCK BAKELIKE GREEN,12,3.75,16191,United Kingdom
543735,2011-02-11 12:32:00,22729,ALARM CLOCK BAKELIKE ORANGE,12,3.75,16191,United Kingdom
543735,2011-02-11 12:32:00,22725,ALARM CLOCK BAKELIKE CHOCOLATE,12,3.75,16191,United Kingdom
543735,2011-02-11 12:32:00,22728,ALARM CLOCK BAKELIKE PINK,12,3.75,16191,United Kingdom
543735,2011-02-11 12:32:00,22727,ALARM CLOCK BAKELIKE RED ,12,3.75,16191,United Kingdom
543735,2011-02-11 12:32:00,22988,SOLDIERS EGG CUP ,24,1.25,16191,United Kingdom
543735,2011-02-11 12:32:00,22971,QUEENS GUARD COFFEE MUG,12,2.55,16191,United Kingdom
543735,2011-02-11 12:32:00,84375,SET OF 20 KIDS COOKIE CUTTERS,12,2.1,16191,United Kingdom
543735,2011-02-11 12:32:00,22720,SET OF 3 CAKE TINS PANTRY DESIGN ,24,4.25,16191,United Kingdom
543735,2011-02-11 12:32:00,22178,VICTORIAN GLASS HANGING T-LIGHT,96,1.06,16191,United Kingdom
544604,2011-02-22 09:11:00,21137,BLACK RECORD COVER FRAME,48,3.39,13576,United Kingdom
544604,2011-02-22 09:11:00,22041,"RECORD FRAME 7"" SINGLE SIZE ",96,2.1,13576,United Kingdom
544846,2011-02-24 11:11:00,22970,LONDON BUS COFFEE MUG,6,2.55,16719,United Kingdom
544846,2011-02-24 11:11:00,75049L,LARGE CIRCULAR MIRROR MOBILE,6,1.25,16719,United Kingdom
544846,2011-02-24 11:11:00,22461,SAVOY ART DECO CLOCK,1,12.75,16719,United Kingdom
544846,2011-02-24 11:11:00,22179,SET 10 LIGHTS NIGHT OWL,2,6.75,16719,United Kingdom
544846,2011-02-24 11:11:00,79321,CHILLI LIGHTS,4,5.75,16719,United Kingdom
544846,2011-02-24 11:11:00,84360,TABLE LAMP WHITE SHADE WOOD BASE,1,5.95,16719,United Kingdom
544846,2011-02-24 11:11:00,22501,PICNIC BASKET WICKER LARGE,1,9.95,16719,United Kingdom
544846,2011-02-24 11:11:00,21830,ASSORTED CREEPY CRAWLIES,24,0.42,16719,United Kingdom
544846,2011-02-24 11:11:00,22759,SET OF 3 NOTEBOOKS IN PARCEL,2,1.65,16719,United Kingdom
544846,2011-02-24 11:11:00,21889,WOODEN BOX OF DOMINOES,2,1.25,16719,United Kingdom
544846,2011-02-24 11:11:00,22900, SET 2 TEA TOWELS I LOVE LONDON ,2,2.95,16719,United Kingdom
544846,2011-02-24 11:11:00,22467,GUMBALL COAT RACK,2,2.55,16719,United Kingdom
544846,2011-02-24 11:11:00,22212,FOUR HOOK  WHITE LOVEBIRDS,1,2.1,16719,United Kingdom
544846,2011-02-24 11:11:00,22173,METAL 4 HOOK HANGER FRENCH CHATEAU,1,2.95,16719,United Kingdom
544846,2011-02-24 11:11:00,22193,RED DINER WALL CLOCK,2,8.5,16719,United Kingdom
544846,2011-02-24 11:11:00,22704,WRAP RED APPLES ,25,0.42,16719,United Kingdom
544846,2011-02-24 11:11:00,21498,RED RETROSPOT WRAP ,25,0.42,16719,United Kingdom
544846,2011-02-24 11:11:00,23233,WRAP POPPIES  DESIGN,25,0.42,16719,United Kingdom
544846,2011-02-24 11:11:00,21034,REX CASH+CARRY JUMBO SHOPPER,1,0.95,16719,United Kingdom
545054,2011-02-27 12:41:00,72807A,SET/3 ROSE CANDLE IN JEWELLED BOX,1,4.25,14472,United Kingdom
545054,2011-02-27 12:41:00,72803A,ROSE SCENT CANDLE JEWELLED DRAWER,2,4.25,14472,United Kingdom
545054,2011-02-27 12:41:00,72802B,OCEAN SCENT CANDLE IN JEWELLED BOX,1,4.25,14472,United Kingdom
545054,2011-02-27 12:41:00,72802A,ROSE SCENT CANDLE IN JEWELLED BOX,2,4.25,14472,United Kingdom
545054,2011-02-27 12:41:00,21181,PLEASE ONE PERSON METAL SIGN,1,2.1,14472,United Kingdom
545054,2011-02-27 12:41:00,85152,HAND OVER THE CHOCOLATE   SIGN ,4,2.1,14472,United Kingdom
545054,2011-02-27 12:41:00,21382,SET/4 SPRING FLOWER DECORATION,5,2.95,14472,United Kingdom
545054,2011-02-27 12:41:00,21175,GIN + TONIC DIET METAL SIGN,2,2.55,14472,United Kingdom
545054,2011-02-27 12:41:00,21179,NO JUNK MAIL METAL SIGN,2,1.25,14472,United Kingdom
545054,2011-02-27 12:41:00,22413,METAL SIGN TAKE IT OR LEAVE IT ,1,2.95,14472,United Kingdom
545054,2011-02-27 12:41:00,22643,SET OF 4 NAPKIN CHARMS LEAVES   ,12,2.55,14472,United Kingdom
545054,2011-02-27 12:41:00,84218,BOX/12 CHICK & EGG IN BASKET,2,1.95,14472,United Kingdom
545054,2011-02-27 12:41:00,72807C,SET/3 VANILLA SCENTED CANDLE IN BOX,1,4.25,14472,United Kingdom
545054,2011-02-27 12:41:00,82600,NO SINGING METAL SIGN,2,2.1,14472,United Kingdom
545054,2011-02-27 12:41:00,22281,EASTER TREE YELLOW BIRDS,4,5.95,14472,United Kingdom
545054,2011-02-27 12:41:00,48129,DOORMAT TOPIARY,1,7.95,14472,United Kingdom
545054,2011-02-27 12:41:00,21136,PAINTED METAL PEARS ASSORTED,4,1.69,14472,United Kingdom
545054,2011-02-27 12:41:00,85123A,WHITE HANGING HEART T-LIGHT HOLDER,2,2.95,14472,United Kingdom
545054,2011-02-27 12:41:00,22283,6 EGG HOUSE PAINTED WOOD,2,7.95,14472,United Kingdom
545054,2011-02-27 12:41:00,22961,JAM MAKING SET PRINTED,2,1.45,14472,United Kingdom
545054,2011-02-27 12:41:00,22120,WELCOME  WOODEN BLOCK LETTERS,2,9.95,14472,United Kingdom
545054,2011-02-27 12:41:00,22121,NOEL WOODEN BLOCK LETTERS ,1,5.95,14472,United Kingdom
545054,2011-02-27 12:41:00,84879,ASSORTED COLOUR BIRD ORNAMENT,8,1.69,14472,United Kingdom
545054,2011-02-27 12:41:00,22652,TRAVEL SEWING KIT,4,1.65,14472,United Kingdom
545054,2011-02-27 12:41:00,22716,CARD CIRCUS PARADE,12,0.42,14472,United Kingdom
545054,2011-02-27 12:41:00,22718,CARD CAT AND TREE ,12,0.42,14472,United Kingdom
545054,2011-02-27 12:41:00,21518,BANK ACCOUNT  GREETING  CARD ,24,0.42,14472,United Kingdom
545054,2011-02-27 12:41:00,16156L,"WRAP, CAROUSEL",25,0.42,14472,United Kingdom
545054,2011-02-27 12:41:00,23230,WRAP ALPHABET DESIGN,25,0.42,14472,United Kingdom
545054,2011-02-27 12:41:00,21497,FANCY FONTS BIRTHDAY WRAP,25,0.42,14472,United Kingdom
545054,2011-02-27 12:41:00,22487,WHITE WOOD GARDEN PLANT LADDER,3,9.95,14472,United Kingdom
545054,2011-02-27 12:41:00,85200,BUNNY EGG BOX,6,1.25,14472,United Kingdom
545054,2011-02-27 12:41:00,22470,HEART OF WICKER LARGE,2,2.95,14472,United Kingdom
545054,2011-02-27 12:41:00,85188A,GREEN METAL SWINGING BUNNY,10,0.85,14472,United Kingdom
545054,2011-02-27 12:41:00,47481,50CM METAL STRING WITH  7 CLIPS,1,0.85,14472,United Kingdom
545054,2011-02-27 12:41:00,21385,IVORY HANGING DECORATION  HEART,2,0.85,14472,United Kingdom
545054,2011-02-27 12:41:00,21811,HANGING HEART WITH BELL,1,1.25,14472,United Kingdom
545054,2011-02-27 12:41:00,21385,IVORY HANGING DECORATION  HEART,1,0.85,14472,United Kingdom
545054,2011-02-27 12:41:00,22295,HEART FILIGREE DOVE LARGE,1,1.65,14472,United Kingdom
545054,2011-02-27 12:41:00,21811,HANGING HEART WITH BELL,1,1.25,14472,United Kingdom
545054,2011-02-27 12:41:00,21818,GLITTER HEART DECORATION,3,0.85,14472,United Kingdom
545054,2011-02-27 12:41:00,21823,PAINTED METAL HEART WITH HOLLY BELL,1,1.45,14472,United Kingdom
545054,2011-02-27 12:41:00,35961,FOLKART ZINC HEART CHRISTMAS DEC,2,0.85,14472,United Kingdom
545054,2011-02-27 12:41:00,22297,HEART IVORY TRELLIS SMALL,3,1.25,14472,United Kingdom
545054,2011-02-27 12:41:00,35972,DAISY FOLKART HEART DECORATION,4,1.25,14472,United Kingdom
545054,2011-02-27 12:41:00,22294,HEART FILIGREE DOVE  SMALL,3,1.25,14472,United Kingdom
545054,2011-02-27 12:41:00,21823,PAINTED METAL HEART WITH HOLLY BELL,2,1.45,14472,United Kingdom
545054,2011-02-27 12:41:00,21441,BLUE BIRDHOUSE DECORATION,2,0.85,14472,United Kingdom
545054,2011-02-27 12:41:00,21442,GREEN BIRDHOUSE DECORATION,2,0.85,14472,United Kingdom
545054,2011-02-27 12:41:00,22577,WOODEN HEART CHRISTMAS SCANDINAVIAN,3,0.85,14472,United Kingdom
545054,2011-02-27 12:41:00,21456,2 PICTURE BOOK EGGS EASTER CHICKS,4,1.25,14472,United Kingdom
545054,2011-02-27 12:41:00,22269,EGG CUP NATURAL CHICKEN,6,1.25,14472,United Kingdom
545054,2011-02-27 12:41:00,85130C,BEADED CRYSTAL HEART BLUE  LARGE,2,1.65,14472,United Kingdom
545054,2011-02-27 12:41:00,71270,PHOTO CLIP LINE,2,1.25,14472,United Kingdom
545054,2011-02-27 12:41:00,22284,HEN HOUSE DECORATION,2,1.65,14472,United Kingdom
545054,2011-02-27 12:41:00,22285,HANGING HEN ON NEST DECORATION,2,1.65,14472,United Kingdom
545054,2011-02-27 12:41:00,35971,ROSE FOLKART HEART DECORATIONS,2,1.25,14472,United Kingdom
545054,2011-02-27 12:41:00,84452,METAL RABBIT LADDER EASTER ,2,0.85,14472,United Kingdom
545054,2011-02-27 12:41:00,22268,EASTER DECORATION SITTING BUNNY,6,0.85,14472,United Kingdom
545054,2011-02-27 12:41:00,22266,EASTER DECORATION HANGING BUNNY,8,0.65,14472,United Kingdom
545054,2011-02-27 12:41:00,85186C,BUNNY EGG GARLAND,1,0.42,14472,United Kingdom
545054,2011-02-27 12:41:00,22267,EASTER DECORATION EGG BUNNY ,2,1.25,14472,United Kingdom
545054,2011-02-27 12:41:00,22284,HEN HOUSE DECORATION,2,1.65,14472,United Kingdom
545054,2011-02-27 12:41:00,85186C,BUNNY EGG GARLAND,3,0.42,14472,United Kingdom
545054,2011-02-27 12:41:00,85130D,BEADED CRYSTAL HEART PINK LARGE,1,1.65,14472,United Kingdom
545054,2011-02-27 12:41:00,85129D,BEADED CRYSTAL HEART PINK SMALL,2,1.25,14472,United Kingdom
545463,2011-03-03 08:36:00,22423,REGENCY CAKESTAND 3 TIER,3,12.75,13784,United Kingdom
545463,2011-03-03 08:36:00,22698,PINK REGENCY TEACUP AND SAUCER,6,2.95,13784,United Kingdom
545463,2011-03-03 08:36:00,84970S,HANGING HEART ZINC T-LIGHT HOLDER,48,0.85,13784,United Kingdom
545595,2011-03-04 10:39:00,15056BL,EDWARDIAN PARASOL BLACK,1,5.95,14570,United Kingdom
545595,2011-03-04 10:39:00,22746,POPPY'S PLAYHOUSE LIVINGROOM ,2,2.1,14570,United Kingdom
545595,2011-03-04 10:39:00,22748,POPPY'S PLAYHOUSE KITCHEN,2,2.1,14570,United Kingdom
545595,2011-03-04 10:39:00,22745,POPPY'S PLAYHOUSE BEDROOM ,2,2.1,14570,United Kingdom
545595,2011-03-04 10:39:00,22747,POPPY'S PLAYHOUSE BATHROOM,2,2.1,14570,United Kingdom
545595,2011-03-04 10:39:00,37446,MINI CAKE STAND WITH HANGING CAKES,3,1.45,14570,United Kingdom
545595,2011-03-04 10:39:00,21232,STRAWBERRY CERAMIC TRINKET BOX,4,1.25,14570,United Kingdom
545595,2011-03-04 10:39:00,37448,CERAMIC CAKE DESIGN SPOTTED MUG,4,1.49,14570,United Kingdom
545595,2011-03-04 10:39:00,22178,VICTORIAN GLASS HANGING T-LIGHT,6,1.25,14570,United Kingdom
545595,2011-03-04 10:39:00,15056N,EDWARDIAN PARASOL NATURAL,13,5.95,14570,United Kingdom
545595,2011-03-04 10:39:00,21738,COSY SLIPPER SHOES SMALL  RED ,1,2.95,14570,United Kingdom
545595,2011-03-04 10:39:00,21986,PACK OF 12 PINK POLKADOT TISSUES,12,0.29,14570,United Kingdom
545595,2011-03-04 10:39:00,20666,ECONOMY HOLIDAY PURSE,1,2.95,14570,United Kingdom
545595,2011-03-04 10:39:00,22311,OFFICE MUG WARMER BLACK+SILVER ,1,2.95,14570,United Kingdom
545595,2011-03-04 10:39:00,21983,PACK OF 12 BLUE PAISLEY TISSUES ,12,0.29,14570,United Kingdom
545595,2011-03-04 10:39:00,22414,DOORMAT NEIGHBOURHOOD WITCH ,1,7.95,14570,United Kingdom
545595,2011-03-04 10:39:00,22665,RECIPE BOX BLUE SKETCHBOOK DESIGN,3,2.95,14570,United Kingdom
545595,2011-03-04 10:39:00,84536B,FAIRY CAKES NOTEBOOK A7 SIZE,12,0.42,14570,United Kingdom
545595,2011-03-04 10:39:00,M,Manual,1,0.85,14570,United Kingdom
545595,2011-03-04 10:39:00,20686,DOLLY MIXTURE CHILDREN'S UMBRELLA,2,3.25,14570,United Kingdom
545597,2011-03-04 10:58:00,90124B,BLUE MURANO TWIST NECKLACE,1,9.95,14570,United Kingdom
545597,2011-03-04 10:58:00,90180A,BLACK+WHITE NECKLACE W TASSEL,1,9.95,14570,United Kingdom
545597,2011-03-04 10:58:00,90022,EDWARDIAN DROP EARRINGS JET BLACK,1,3.75,14570,United Kingdom
545597,2011-03-04 10:58:00,90183C,BLACK DROP EARRINGS W LONG BEADS,1,2.95,14570,United Kingdom
545597,2011-03-04 10:58:00,90040B,MURANO STYLE GLASS BRACELET BLACK,1,3.5,14570,United Kingdom
545597,2011-03-04 10:58:00,90141A,GREEN PENDANT TRIPLE SHELL NECKLACE,1,4.95,14570,United Kingdom
545597,2011-03-04 10:58:00,90141C,TURQ PENDANT TRIPLE SHELL NECKLACE,1,4.95,14570,United Kingdom
545597,2011-03-04 10:58:00,90129C,GREEN GLASS TASSLE BAG CHARM,2,2.95,14570,United Kingdom
545597,2011-03-04 10:58:00,90185A,AMBER DIAMANTE EXPANDABLE RING,1,4.25,14570,United Kingdom
545697,2011-03-06 14:38:00,82583,HOT BATHS METAL SIGN,1,2.1,14504,United Kingdom
545697,2011-03-06 14:38:00,82551,LAUNDRY 15C METAL SIGN,1,1.45,14504,United Kingdom
545697,2011-03-06 14:38:00,82552,WASHROOM METAL SIGN,1,1.45,14504,United Kingdom
545697,2011-03-06 14:38:00,21902,"KEY FOB , FRONT  DOOR ",1,0.65,14504,United Kingdom
545697,2011-03-06 14:38:00,21621,VINTAGE UNION JACK BUNTING,1,8.5,14504,United Kingdom
545697,2011-03-06 14:38:00,21901,"KEY FOB , BACK DOOR ",1,0.65,14504,United Kingdom
545697,2011-03-06 14:38:00,22171,3 HOOK PHOTO SHELF ANTIQUE WHITE,1,8.5,14504,United Kingdom
545697,2011-03-06 14:38:00,22986,GINGHAM ROSE WRAP,25,0.42,14504,United Kingdom
545697,2011-03-06 14:38:00,22720,SET OF 3 CAKE TINS PANTRY DESIGN ,1,4.95,14504,United Kingdom
545697,2011-03-06 14:38:00,22170,PICTURE FRAME WOOD TRIPLE PORTRAIT,1,6.75,14504,United Kingdom
545697,2011-03-06 14:38:00,22495,SET OF 2 ROUND TINS CAMEMBERT ,1,2.95,14504,United Kingdom
545697,2011-03-06 14:38:00,21624,VINTAGE UNION JACK DOORSTOP,1,5.95,14504,United Kingdom
545697,2011-03-06 14:38:00,22497,SET OF 2 TINS VINTAGE BATHROOM ,1,4.25,14504,United Kingdom
545697,2011-03-06 14:38:00,82582,AREA PATROLLED METAL SIGN,1,2.1,14504,United Kingdom
545697,2011-03-06 14:38:00,22169,FAMILY ALBUM WHITE PICTURE FRAME,1,8.5,14504,United Kingdom
545697,2011-03-06 14:38:00,85150,LADIES & GENTLEMEN METAL SIGN,1,2.55,14504,United Kingdom
545697,2011-03-06 14:38:00,22030,SWALLOWS GREETING CARD,12,0.42,14504,United Kingdom
545697,2011-03-06 14:38:00,21623,VINTAGE UNION JACK MEMOBOARD,1,9.95,14504,United Kingdom
545697,2011-03-06 14:38:00,82484,WOOD BLACK BOARD ANT WHITE FINISH,1,7.9,14504,United Kingdom
545697,2011-03-06 14:38:00,84879,ASSORTED COLOUR BIRD ORNAMENT,8,1.69,14504,United Kingdom
545697,2011-03-06 14:38:00,21260,FIRST AID TIN,1,3.25,14504,United Kingdom
545697,2011-03-06 14:38:00,82494L,WOODEN FRAME ANTIQUE WHITE ,1,2.95,14504,United Kingdom
545697,2011-03-06 14:38:00,82482,WOODEN PICTURE FRAME WHITE FINISH,1,2.55,14504,United Kingdom
545697,2011-03-06 14:38:00,84947,ANTIQUE SILVER TEA GLASS ENGRAVED,2,1.25,14504,United Kingdom
545697,2011-03-06 14:38:00,22791,T-LIGHT GLASS FLUTED ANTIQUE,2,1.25,14504,United Kingdom
545697,2011-03-06 14:38:00,22984,CARD GINGHAM ROSE ,12,0.42,14504,United Kingdom
545697,2011-03-06 14:38:00,21507,"ELEPHANT, BIRTHDAY CARD, ",12,0.42,14504,United Kingdom
545697,2011-03-06 14:38:00,21509,COWBOYS AND INDIANS BIRTHDAY CARD ,12,0.42,14504,United Kingdom
545697,2011-03-06 14:38:00,85123A,WHITE HANGING HEART T-LIGHT HOLDER,2,2.95,14504,United Kingdom
545697,2011-03-06 14:38:00,21899,"KEY FOB , GARAGE DESIGN",1,0.65,14504,United Kingdom
545697,2011-03-06 14:38:00,21900,"KEY FOB , SHED",1,0.65,14504,United Kingdom
545697,2011-03-06 14:38:00,21993,FLORAL FOLK STATIONERY SET,1,2.95,14504,United Kingdom
546215,2011-03-10 11:52:00,22383,LUNCH BAG SUKI DESIGN ,2,1.65,14713,United Kingdom
546215,2011-03-10 11:52:00,20727,LUNCH BAG  BLACK SKULL.,4,1.65,14713,United Kingdom
546215,2011-03-10 11:52:00,20728,LUNCH BAG CARS BLUE,4,1.65,14713,United Kingdom
546215,2011-03-10 11:52:00,20725,LUNCH BAG RED RETROSPOT,2,1.65,14713,United Kingdom
546215,2011-03-10 11:52:00,35095A,BLUE VICTORIAN FABRIC OVAL BOX,6,0.42,14713,United Kingdom
546215,2011-03-10 11:52:00,82486,WOOD S/3 CABINET ANT WHITE FINISH,1,8.95,14713,United Kingdom
546215,2011-03-10 11:52:00,21917,SET 12 KIDS  WHITE CHALK STICKS,12,0.42,14713,United Kingdom
546215,2011-03-10 11:52:00,22646,CERAMIC STRAWBERRY CAKE MONEY BANK,2,1.45,14713,United Kingdom
546215,2011-03-10 11:52:00,22645,CERAMIC HEART FAIRY CAKE MONEY BANK,2,1.45,14713,United Kingdom
546215,2011-03-10 11:52:00,82482,WOODEN PICTURE FRAME WHITE FINISH,1,2.55,14713,United Kingdom
546215,2011-03-10 11:52:00,82483,WOOD 2 DRAWER CABINET WHITE FINISH,2,6.95,14713,United Kingdom
546215,2011-03-10 11:52:00,20726,LUNCH BAG WOODLAND,2,1.65,14713,United Kingdom
546215,2011-03-10 11:52:00,21918,SET 12 KIDS COLOUR  CHALK STICKS,12,0.42,14713,United Kingdom
546215,2011-03-10 11:52:00,22382,LUNCH BAG SPACEBOY DESIGN ,2,1.65,14713,United Kingdom
546215,2011-03-10 11:52:00,22384,LUNCH BAG PINK POLKADOT,2,1.65,14713,United Kingdom
546215,2011-03-10 11:52:00,21929,JUMBO BAG PINK VINTAGE PAISLEY,2,1.95,14713,United Kingdom
546215,2011-03-10 11:52:00,22385,JUMBO BAG SPACEBOY DESIGN,2,1.95,14713,United Kingdom
546215,2011-03-10 11:52:00,22518,CHILDS GARDEN BRUSH BLUE,2,2.1,14713,United Kingdom
546215,2011-03-10 11:52:00,22515,CHILDS GARDEN SPADE PINK,2,2.1,14713,United Kingdom
546215,2011-03-10 11:52:00,22520,CHILDS GARDEN TROWEL BLUE ,3,0.85,14713,United Kingdom
546215,2011-03-10 11:52:00,22355,CHARLOTTE BAG SUKI DESIGN,3,0.85,14713,United Kingdom
546215,2011-03-10 11:52:00,22356,CHARLOTTE BAG PINK POLKADOT,3,0.85,14713,United Kingdom
546215,2011-03-10 11:52:00,22514,CHILDS GARDEN SPADE BLUE,2,2.1,14713,United Kingdom
546215,2011-03-10 11:52:00,47591D,PINK FAIRY CAKE CHILDRENS APRON,2,1.95,14713,United Kingdom
546215,2011-03-10 11:52:00,21931,JUMBO STORAGE BAG SUKI,2,1.95,14713,United Kingdom
546215,2011-03-10 11:52:00,21930,JUMBO STORAGE BAG SKULLS,2,1.95,14713,United Kingdom
546215,2011-03-10 11:52:00,85099B,JUMBO BAG RED RETROSPOT,2,1.95,14713,United Kingdom
546215,2011-03-10 11:52:00,22411,JUMBO SHOPPER VINTAGE RED PAISLEY,2,1.95,14713,United Kingdom
546215,2011-03-10 11:52:00,22367,CHILDRENS APRON SPACEBOY DESIGN,2,1.95,14713,United Kingdom
546239,2011-03-10 12:59:00,22296,HEART IVORY TRELLIS LARGE,1,1.65,14064,United Kingdom
546239,2011-03-10 12:59:00,84459B,YELLOW METAL CHICKEN HEART ,3,1.49,14064,United Kingdom
546239,2011-03-10 12:59:00,84459A,PINK METAL CHICKEN HEART ,2,1.49,14064,United Kingdom
546239,2011-03-10 12:59:00,22288,HANGING METAL RABBIT DECORATION,1,1.25,14064,United Kingdom
546239,2011-03-10 12:59:00,22296,HEART IVORY TRELLIS LARGE,3,1.65,14064,United Kingdom
546239,2011-03-10 12:59:00,84459A,PINK METAL CHICKEN HEART ,1,1.49,14064,United Kingdom
546239,2011-03-10 12:59:00,85123A,WHITE HANGING HEART T-LIGHT HOLDER,6,2.95,14064,United Kingdom
546239,2011-03-10 12:59:00,22178,VICTORIAN GLASS HANGING T-LIGHT,6,1.25,14064,United Kingdom
546239,2011-03-10 12:59:00,22293,HANGING CHICK GREEN DECORATION,24,1.45,14064,United Kingdom
546239,2011-03-10 12:59:00,22429,ENAMEL MEASURING JUG CREAM,1,4.25,14064,United Kingdom
546239,2011-03-10 12:59:00,84970S,HANGING HEART ZINC T-LIGHT HOLDER,24,0.85,14064,United Kingdom
546239,2011-03-10 12:59:00,22291,HANGING CHICK CREAM DECORATION,24,1.45,14064,United Kingdom
546239,2011-03-10 12:59:00,22178,VICTORIAN GLASS HANGING T-LIGHT,12,1.25,14064,United Kingdom
546239,2011-03-10 12:59:00,22289,HANGING METAL CHICKEN DECORATION,6,1.25,14064,United Kingdom
546239,2011-03-10 12:59:00,22288,HANGING METAL RABBIT DECORATION,5,1.25,14064,United Kingdom
546239,2011-03-10 12:59:00,22151,PLACE SETTING WHITE HEART,48,0.42,14064,United Kingdom
546633,2011-03-15 12:06:00,75049L,LARGE CIRCULAR MIRROR MOBILE,96,0.85,16168,United Kingdom
546633,2011-03-15 12:06:00,85123A,WHITE HANGING HEART T-LIGHT HOLDER,32,2.55,16168,United Kingdom
546790,2011-03-17 10:26:00,82494L,WOODEN FRAME ANTIQUE WHITE ,1,2.95,14713,United Kingdom
546790,2011-03-17 10:26:00,10002,INFLATABLE POLITICAL GLOBE ,6,0.85,14713,United Kingdom
546790,2011-03-17 10:26:00,22519,CHILDS GARDEN BRUSH PINK,1,2.1,14713,United Kingdom
546790,2011-03-17 10:26:00,82483,WOOD 2 DRAWER CABINET WHITE FINISH,2,6.95,14713,United Kingdom
546790,2011-03-17 10:26:00,82486,WOOD S/3 CABINET ANT WHITE FINISH,2,8.95,14713,United Kingdom
546790,2011-03-17 10:26:00,21156,RETROSPOT CHILDRENS APRON,3,1.95,14713,United Kingdom
546790,2011-03-17 10:26:00,82484,WOOD BLACK BOARD ANT WHITE FINISH,6,7.9,14713,United Kingdom
546790,2011-03-17 10:26:00,21917,SET 12 KIDS  WHITE CHALK STICKS,6,0.42,14713,United Kingdom
546790,2011-03-17 10:26:00,21500,PINK POLKADOT WRAP ,25,0.42,14713,United Kingdom
546790,2011-03-17 10:26:00,22045,SPACEBOY GIFT WRAP,25,0.42,14713,United Kingdom
546790,2011-03-17 10:26:00,22383,LUNCH BAG SUKI DESIGN ,3,1.65,14713,United Kingdom
546790,2011-03-17 10:26:00,21930,JUMBO STORAGE BAG SKULLS,2,1.95,14713,United Kingdom
546790,2011-03-17 10:26:00,21790,VINTAGE SNAP CARDS,6,0.85,14713,United Kingdom
546790,2011-03-17 10:26:00,21929,JUMBO BAG PINK VINTAGE PAISLEY,2,1.95,14713,United Kingdom
547246,2011-03-22 08:54:00,22494,EMERGENCY FIRST AID TIN ,12,1.25,16191,United Kingdom
547246,2011-03-22 08:54:00,22219,LOVEBIRD HANGING DECORATION WHITE ,48,0.85,16191,United Kingdom
547246,2011-03-22 08:54:00,22245,"HOOK, 1 HANGER ,MAGIC GARDEN",48,0.85,16191,United Kingdom
547246,2011-03-22 08:54:00,84375,SET OF 20 KIDS COOKIE CUTTERS,24,2.1,16191,United Kingdom
547246,2011-03-22 08:54:00,22960,JAM MAKING SET WITH JARS,12,3.75,16191,United Kingdom
547246,2011-03-22 08:54:00,47566,PARTY BUNTING,24,4.95,16191,United Kingdom
547246,2011-03-22 08:54:00,22970,LONDON BUS COFFEE MUG,36,2.1,16191,United Kingdom
547246,2011-03-22 08:54:00,22726,ALARM CLOCK BAKELIKE GREEN,24,3.75,16191,United Kingdom
547246,2011-03-22 08:54:00,22727,ALARM CLOCK BAKELIKE RED ,24,3.75,16191,United Kingdom
547246,2011-03-22 08:54:00,84380,SET OF 3 BUTTERFLY COOKIE CUTTERS,24,1.25,16191,United Kingdom
547414,2011-03-23 09:54:00,22762,CUPBOARD 3 DRAWER MA CAMPAGNE,1,14.95,17733,United Kingdom
547414,2011-03-23 09:54:00,22083,PAPER CHAIN KIT RETROSPOT,6,2.95,17733,United Kingdom
547414,2011-03-23 09:54:00,22090,PAPER BUNTING RETROSPOT,6,2.95,17733,United Kingdom
547414,2011-03-23 09:54:00,22487,WHITE WOOD GARDEN PLANT LADDER,1,9.95,17733,United Kingdom
547414,2011-03-23 09:54:00,21754,HOME BUILDING BLOCK WORD,3,5.95,17733,United Kingdom
547414,2011-03-23 09:54:00,21314,SMALL GLASS HEART TRINKET POT,8,2.1,17733,United Kingdom
547414,2011-03-23 09:54:00,22168,ORGANISER WOOD ANTIQUE WHITE ,2,8.5,17733,United Kingdom
547414,2011-03-23 09:54:00,22457,NATURAL SLATE HEART CHALKBOARD ,6,2.95,17733,United Kingdom
547414,2011-03-23 09:54:00,84978,HANGING HEART JAR T-LIGHT HOLDER,24,1.25,17733,United Kingdom
547414,2011-03-23 09:54:00,84970L,SINGLE HEART ZINC T-LIGHT HOLDER,12,0.95,17733,United Kingdom
547414,2011-03-23 09:54:00,84970S,HANGING HEART ZINC T-LIGHT HOLDER,12,0.85,17733,United Kingdom
547414,2011-03-23 09:54:00,22427,ENAMEL FLOWER JUG CREAM,6,5.95,17733,United Kingdom
547486,2011-03-23 11:18:00,82581,TOILET METAL SIGN,12,0.55,13576,United Kingdom
547486,2011-03-23 11:18:00,21232,STRAWBERRY CERAMIC TRINKET BOX,12,1.25,13576,United Kingdom
547486,2011-03-23 11:18:00,22041,"RECORD FRAME 7"" SINGLE SIZE ",48,2.1,13576,United Kingdom
547486,2011-03-23 11:18:00,22064,PINK DOUGHNUT TRINKET POT ,12,1.65,13576,United Kingdom
547486,2011-03-23 11:18:00,82580,BATHROOM METAL SIGN,12,0.55,13576,United Kingdom
547486,2011-03-23 11:18:00,22066,LOVE HEART TRINKET POT,48,0.39,13576,United Kingdom
547486,2011-03-23 11:18:00,21137,BLACK RECORD COVER FRAME,48,3.39,13576,United Kingdom
547800,2011-03-25 12:55:00,22169,FAMILY ALBUM WHITE PICTURE FRAME,1,8.5,14504,United Kingdom
547800,2011-03-25 12:55:00,82582,AREA PATROLLED METAL SIGN,2,2.1,14504,United Kingdom
547800,2011-03-25 12:55:00,82583,HOT BATHS METAL SIGN,2,2.1,14504,United Kingdom
547800,2011-03-25 12:55:00,85150,LADIES & GENTLEMEN METAL SIGN,2,2.55,14504,United Kingdom
547800,2011-03-25 12:55:00,21175,GIN + TONIC DIET METAL SIGN,1,2.55,14504,United Kingdom
547800,2011-03-25 12:55:00,85152,HAND OVER THE CHOCOLATE   SIGN ,1,2.1,14504,United Kingdom
547800,2011-03-25 12:55:00,22170,PICTURE FRAME WOOD TRIPLE PORTRAIT,1,6.75,14504,United Kingdom
547800,2011-03-25 12:55:00,84879,ASSORTED COLOUR BIRD ORNAMENT,8,1.69,14504,United Kingdom
547800,2011-03-25 12:55:00,21784,SHOE SHINE BOX ,1,9.95,14504,United Kingdom
547800,2011-03-25 12:55:00,82483,WOOD 2 DRAWER CABINET WHITE FINISH,1,6.95,14504,United Kingdom
547800,2011-03-25 12:55:00,22171,3 HOOK PHOTO SHELF ANTIQUE WHITE,2,8.5,14504,United Kingdom
547800,2011-03-25 12:55:00,22829,SWEETHEART WIRE WALL TIDY,2,9.95,14504,United Kingdom
547800,2011-03-25 12:55:00,82486,WOOD S/3 CABINET ANT WHITE FINISH,1,8.95,14504,United Kingdom
547800,2011-03-25 12:55:00,84535A,ENGLISH ROSE NOTEBOOK A6 SIZE,2,0.65,14504,United Kingdom
547800,2011-03-25 12:55:00,21791,VINTAGE HEADS AND TAILS CARD GAME ,1,1.25,14504,United Kingdom
547800,2011-03-25 12:55:00,21917,SET 12 KIDS  WHITE CHALK STICKS,1,0.42,14504,United Kingdom
547800,2011-03-25 12:55:00,22759,SET OF 3 NOTEBOOKS IN PARCEL,1,1.65,14504,United Kingdom
547800,2011-03-25 12:55:00,21790,VINTAGE SNAP CARDS,2,0.85,14504,United Kingdom
547800,2011-03-25 12:55:00,21912,VINTAGE SNAKES & LADDERS,1,3.75,14504,United Kingdom
547800,2011-03-25 12:55:00,22082,RIBBON REEL STRIPES DESIGN ,1,1.65,14504,United Kingdom
547800,2011-03-25 12:55:00,85066,CREAM SWEETHEART MINI CHEST,1,12.75,14504,United Kingdom
547800,2011-03-25 12:55:00,21916,SET 12 RETRO WHITE CHALK STICKS,1,0.42,14504,United Kingdom
547829,2011-03-25 15:24:00,84879,ASSORTED COLOUR BIRD ORNAMENT,16,1.69,16081,United Kingdom
547829,2011-03-25 15:24:00,22294,HEART FILIGREE DOVE  SMALL,24,1.25,16081,United Kingdom
547829,2011-03-25 15:24:00,22189,CREAM HEART CARD HOLDER,4,3.95,16081,United Kingdom
547829,2011-03-25 15:24:00,85123A,WHITE HANGING HEART T-LIGHT HOLDER,6,2.95,16081,United Kingdom
547829,2011-03-25 15:24:00,22784,LANTERN CREAM GAZEBO ,3,4.95,16081,United Kingdom
547829,2011-03-25 15:24:00,21136,PAINTED METAL PEARS ASSORTED,16,1.69,16081,United Kingdom
547829,2011-03-25 15:24:00,22297,HEART IVORY TRELLIS SMALL,24,1.25,16081,United Kingdom
547829,2011-03-25 15:24:00,21340,CLASSIC METAL BIRDCAGE PLANT HOLDER,2,12.75,16081,United Kingdom
547829,2011-03-25 15:24:00,82494L,WOODEN FRAME ANTIQUE WHITE ,6,2.95,16081,United Kingdom
547829,2011-03-25 15:24:00,22335,HEART DECORATION PAINTED ZINC ,24,0.65,16081,United Kingdom
547829,2011-03-25 15:24:00,22595,GINGHAM HEART DECORATION,12,0.85,16081,United Kingdom
547829,2011-03-25 15:24:00,21442,GREEN BIRDHOUSE DECORATION,12,0.85,16081,United Kingdom
547829,2011-03-25 15:24:00,21389,IVORY HANGING DECORATION  BIRD,24,0.85,16081,United Kingdom
547829,2011-03-25 15:24:00,22296,HEART IVORY TRELLIS LARGE,12,1.65,16081,United Kingdom
547829,2011-03-25 15:24:00,82482,WOODEN PICTURE FRAME WHITE FINISH,12,2.55,16081,United Kingdom
547829,2011-03-25 15:24:00,22170,PICTURE FRAME WOOD TRIPLE PORTRAIT,4,6.75,16081,United Kingdom
547829,2011-03-25 15:24:00,22169,FAMILY ALBUM WHITE PICTURE FRAME,2,8.5,16081,United Kingdom
547829,2011-03-25 15:24:00,82483,WOOD 2 DRAWER CABINET WHITE FINISH,2,6.95,16081,United Kingdom
547829,2011-03-25 15:24:00,21385,IVORY HANGING DECORATION  HEART,24,0.85,16081,United Kingdom
547829,2011-03-25 15:24:00,22295,HEART FILIGREE DOVE LARGE,12,1.65,16081,United Kingdom
547850,2011-03-27 12:06:00,82600,NO SINGING METAL SIGN,1,2.1,14472,United Kingdom
547850,2011-03-27 12:06:00,82599,FANNY'S REST STOPMETAL SIGN,1,2.1,14472,United Kingdom
547850,2011-03-27 12:06:00,21166,COOK WITH WINE METAL SIGN ,1,2.08,14472,United Kingdom
547850,2011-03-27 12:06:00,21770,OPEN CLOSED METAL SIGN,3,4.95,14472,United Kingdom
547850,2011-03-27 12:06:00,22297,HEART IVORY TRELLIS SMALL,5,1.25,14472,United Kingdom
547850,2011-03-27 12:06:00,84218,BOX/12 CHICK & EGG IN BASKET,1,1.95,14472,United Kingdom
547850,2011-03-27 12:06:00,20961,STRAWBERRY BATH SPONGE ,3,1.25,14472,United Kingdom
547850,2011-03-27 12:06:00,22210,WOOD STAMP SET BEST WISHES,3,1.65,14472,United Kingdom
547850,2011-03-27 12:06:00,22208,WOOD STAMP SET THANK YOU,2,1.65,14472,United Kingdom
547850,2011-03-27 12:06:00,22209,WOOD STAMP SET HAPPY BIRTHDAY,3,1.65,14472,United Kingdom
547850,2011-03-27 12:06:00,21811,HANGING HEART WITH BELL,2,1.25,14472,United Kingdom
547850,2011-03-27 12:06:00,21823,PAINTED METAL HEART WITH HOLLY BELL,2,1.45,14472,United Kingdom
547850,2011-03-27 12:06:00,21174,POTTERING IN THE SHED METAL SIGN,1,2.08,14472,United Kingdom
547850,2011-03-27 12:06:00,20963,APPLE BATH SPONGE,3,1.25,14472,United Kingdom
547850,2011-03-27 12:06:00,22296,HEART IVORY TRELLIS LARGE,3,1.65,14472,United Kingdom
547850,2011-03-27 12:06:00,84929,ASSTD FRUIT+FLOWERS FRIDGE MAGNETS,24,0.55,14472,United Kingdom
547850,2011-03-27 12:06:00,22652,TRAVEL SEWING KIT,3,1.65,14472,United Kingdom
547850,2011-03-27 12:06:00,21609,SET 12 LAVENDER  BOTANICAL T-LIGHTS,2,2.95,14472,United Kingdom
547850,2011-03-27 12:06:00,22891,TEA FOR ONE POLKADOT,2,4.25,14472,United Kingdom
547850,2011-03-27 12:06:00,22650,CERAMIC PIRATE CHEST MONEY BANK,4,1.45,14472,United Kingdom
547850,2011-03-27 12:06:00,22637,PIGGY BANK RETROSPOT ,4,2.55,14472,United Kingdom
547850,2011-03-27 12:06:00,22464,HANGING METAL HEART LANTERN,12,1.65,14472,United Kingdom
547850,2011-03-27 12:06:00,85062,PEARL CRYSTAL PUMPKIN T-LIGHT HLDR,6,1.65,14472,United Kingdom
547850,2011-03-27 12:06:00,82483,WOOD 2 DRAWER CABINET WHITE FINISH,2,6.95,14472,United Kingdom
547850,2011-03-27 12:06:00,22178,VICTORIAN GLASS HANGING T-LIGHT,6,1.25,14472,United Kingdom
547850,2011-03-27 12:06:00,21756,BATH BUILDING BLOCK WORD,2,5.95,14472,United Kingdom
547850,2011-03-27 12:06:00,21755,LOVE BUILDING BLOCK WORD,2,5.95,14472,United Kingdom
547850,2011-03-27 12:06:00,21754,HOME BUILDING BLOCK WORD,2,5.95,14472,United Kingdom
547850,2011-03-27 12:06:00,84755,COLOUR GLASS T-LIGHT HOLDER HANGING,16,0.65,14472,United Kingdom
547850,2011-03-27 12:06:00,22577,WOODEN HEART CHRISTMAS SCANDINAVIAN,2,0.85,14472,United Kingdom
547850,2011-03-27 12:06:00,21175,GIN + TONIC DIET METAL SIGN,1,2.55,14472,United Kingdom
547850,2011-03-27 12:06:00,84879,ASSORTED COLOUR BIRD ORNAMENT,8,1.69,14472,United Kingdom
547850,2011-03-27 12:06:00,21231,SWEETHEART CERAMIC TRINKET BOX,4,1.25,14472,United Kingdom
547850,2011-03-27 12:06:00,85188A,GREEN METAL SWINGING BUNNY,4,0.85,14472,United Kingdom
547850,2011-03-27 12:06:00,22285,HANGING HEN ON NEST DECORATION,2,1.65,14472,United Kingdom
547850,2011-03-27 12:06:00,85188B,PINK METAL SWINGING BUNNY,2,0.85,14472,United Kingdom
547850,2011-03-27 12:06:00,85186C,BUNNY EGG GARLAND,1,0.42,14472,United Kingdom
547850,2011-03-27 12:06:00,85186A,EASTER BUNNY GARLAND OF FLOWERS,2,0.42,14472,United Kingdom
547850,2011-03-27 12:06:00,21441,BLUE BIRDHOUSE DECORATION,2,0.85,14472,United Kingdom
547850,2011-03-27 12:06:00,85203,HANGING WOOD AND FELT BUTTERFLY ,4,0.42,14472,United Kingdom
547850,2011-03-27 12:06:00,21456,2 PICTURE BOOK EGGS EASTER CHICKS,3,1.25,14472,United Kingdom
547850,2011-03-27 12:06:00,22284,HEN HOUSE DECORATION,1,1.65,14472,United Kingdom
547850,2011-03-27 12:06:00,22288,HANGING METAL RABBIT DECORATION,5,1.25,14472,United Kingdom
547850,2011-03-27 12:06:00,22267,EASTER DECORATION EGG BUNNY ,2,1.25,14472,United Kingdom
547850,2011-03-27 12:06:00,22268,EASTER DECORATION SITTING BUNNY,6,0.85,14472,United Kingdom
547850,2011-03-27 12:06:00,85152,HAND OVER THE CHOCOLATE   SIGN ,4,2.1,14472,United Kingdom
547850,2011-03-27 12:06:00,22250,DECORATION  BUTTERFLY  MAGIC GARDEN,3,0.85,14472,United Kingdom
547850,2011-03-27 12:06:00,22266,EASTER DECORATION HANGING BUNNY,4,0.65,14472,United Kingdom
547850,2011-03-27 12:06:00,85061W,WHITE JEWELLED HEART DECORATION,5,0.85,14472,United Kingdom
547850,2011-03-27 12:06:00,84452,METAL RABBIT LADDER EASTER ,2,0.85,14472,United Kingdom
547850,2011-03-27 12:06:00,85061W,WHITE JEWELLED HEART DECORATION,1,0.85,14472,United Kingdom
547850,2011-03-27 12:06:00,84457,SET/3 RABBITS FLOWER SKIPPPING ROPE,3,0.85,14472,United Kingdom
547850,2011-03-27 12:06:00,22289,HANGING METAL CHICKEN DECORATION,4,1.25,14472,United Kingdom
547850,2011-03-27 12:06:00,85130D,BEADED CRYSTAL HEART PINK LARGE,2,1.65,14472,United Kingdom
547850,2011-03-27 12:06:00,21442,GREEN BIRDHOUSE DECORATION,2,0.85,14472,United Kingdom
547850,2011-03-27 12:06:00,22227,HANGING HEART MIRROR DECORATION ,3,0.65,14472,United Kingdom
547850,2011-03-27 12:06:00,35961,FOLKART ZINC HEART CHRISTMAS DEC,2,0.85,14472,United Kingdom
547850,2011-03-27 12:06:00,22265,EASTER DECORATION NATURAL CHICK,2,0.65,14472,United Kingdom
547850,2011-03-27 12:06:00,22293,HANGING CHICK GREEN DECORATION,2,1.45,14472,United Kingdom
547850,2011-03-27 12:06:00,35971,ROSE FOLKART HEART DECORATIONS,2,1.25,14472,United Kingdom
547850,2011-03-27 12:06:00,85129C,BEADED CRYSTAL HEART BLUE SMALL,2,1.25,14472,United Kingdom
547850,2011-03-27 12:06:00,22219,LOVEBIRD HANGING DECORATION WHITE ,3,0.85,14472,United Kingdom
547907,2011-03-28 12:18:00,22138,BAKING SET 9 PIECE RETROSPOT ,3,4.95,15083,United Kingdom
547907,2011-03-28 12:18:00,84796B,BLUE SAVANNAH PICNIC HAMPER FOR 2,1,12.75,15083,United Kingdom
547907,2011-03-28 12:18:00,72741,GRAND CHOCOLATECANDLE,9,1.45,15083,United Kingdom
547907,2011-03-28 12:18:00,22969,HOMEMADE JAM SCENTED CANDLES,24,1.45,15083,United Kingdom
547907,2011-03-28 12:18:00,84796A,PINK HAWAIIAN PICNIC HAMPER FOR 2,1,12.75,15083,United Kingdom
548491,2011-03-31 13:14:00,10123C,HEARTS WRAPPING TAPE ,1,0.65,14064,United Kingdom
548491,2011-03-31 13:14:00,10125,MINI FUNKY DESIGN TAPES,1,0.85,14064,United Kingdom
548491,2011-03-31 13:14:00,21166,COOK WITH WINE METAL SIGN ,12,2.08,14064,United Kingdom
548491,2011-03-31 13:14:00,22585,PACK OF 6 BIRDY GIFT TAGS,10,1.25,14064,United Kingdom
548491,2011-03-31 13:14:00,22804,CANDLEHOLDER PINK HANGING HEART,3,2.95,14064,United Kingdom
548491,2011-03-31 13:14:00,35961,FOLKART ZINC HEART CHRISTMAS DEC,12,0.85,14064,United Kingdom
548491,2011-03-31 13:14:00,22151,PLACE SETTING WHITE HEART,864,0.36,14064,United Kingdom
548491,2011-03-31 13:14:00,85197,SET OF 12 MINI BUNNIES IN A BUCKET,3,2.1,14064,United Kingdom
549550,2011-04-10 11:45:00,84380,SET OF 3 BUTTERFLY COOKIE CUTTERS,1,1.25,15038,United Kingdom
549550,2011-04-10 11:45:00,21874,GIN AND TONIC MUG,1,1.25,15038,United Kingdom
549550,2011-04-10 11:45:00,22501,PICNIC BASKET WICKER LARGE,1,9.95,15038,United Kingdom
549550,2011-04-10 11:45:00,90010B,BLACK/WHITE GLASS/SILVER BRACELET,2,8.95,15038,United Kingdom
549550,2011-04-10 11:45:00,90010A,MIDNIGHT BLUE GLASS/SILVER BRACELET,1,8.95,15038,United Kingdom
549550,2011-04-10 11:45:00,90184B,AMETHYST CHUNKY BEAD BRACELET W STR,1,8.95,15038,United Kingdom
549550,2011-04-10 11:45:00,90147,CHUNKY SILVER NECKLACE PASTEL FLOWE,1,9.95,15038,United Kingdom
549550,2011-04-10 11:45:00,90184A,AMBER CHUNKY BEAD BRACELET W STRAP,1,8.95,15038,United Kingdom
549550,2011-04-10 11:45:00,90184C,BLACK CHUNKY BEAD BRACELET W STRAP,1,8.95,15038,United Kingdom
549550,2011-04-10 11:45:00,22327,ROUND SNACK BOXES SET OF 4 SKULLS,1,2.95,15038,United Kingdom
549550,2011-04-10 11:45:00,90175A,WHITE GLASS CHUNKY CHARM BRACELET,1,8.95,15038,United Kingdom
549550,2011-04-10 11:45:00,22649,STRAWBERRY FAIRY CAKE TEAPOT,1,4.95,15038,United Kingdom
549550,2011-04-10 11:45:00,21876,POTTERING MUG,2,1.25,15038,United Kingdom
549550,2011-04-10 11:45:00,22434,BALLOON PUMP WITH 10 BALLOONS,1,1.95,15038,United Kingdom
549550,2011-04-10 11:45:00,22436,12 COLOURED PARTY BALLOONS,2,0.65,15038,United Kingdom
549550,2011-04-10 11:45:00,90024D,NEW BAROQUE B'FLY NECKLACE PINK,1,8.5,15038,United Kingdom
549550,2011-04-10 11:45:00,90123A,PINK HEART OF GLASS BRACELET,1,5.95,15038,United Kingdom
549550,2011-04-10 11:45:00,82494L,WOODEN FRAME ANTIQUE WHITE ,1,2.95,15038,United Kingdom
549550,2011-04-10 11:45:00,82482,WOODEN PICTURE FRAME WHITE FINISH,1,2.55,15038,United Kingdom
549550,2011-04-10 11:45:00,22432,WATERING CAN PINK BUNNY,1,1.95,15038,United Kingdom
549550,2011-04-10 11:45:00,90010E,AMBER GLASS/SILVER BRACELET,1,8.95,15038,United Kingdom
549550,2011-04-10 11:45:00,22430,ENAMEL WATERING CAN CREAM,1,4.95,15038,United Kingdom
549550,2011-04-10 11:45:00,22427,ENAMEL FLOWER JUG CREAM,1,5.95,15038,United Kingdom
549550,2011-04-10 11:45:00,21746,SMALL RED RETROSPOT WINDMILL,1,1.25,15038,United Kingdom
549550,2011-04-10 11:45:00,22768,FAMILY PHOTO FRAME CORNICE,1,9.95,15038,United Kingdom
549550,2011-04-10 11:45:00,15056N,EDWARDIAN PARASOL NATURAL,1,5.95,15038,United Kingdom
549573,2011-04-10 16:01:00,21770,OPEN CLOSED METAL SIGN,1,4.95,14504,United Kingdom
549573,2011-04-10 16:01:00,21500,PINK POLKADOT WRAP ,25,0.42,14504,United Kingdom
549573,2011-04-10 16:01:00,21181,PLEASE ONE PERSON METAL SIGN,1,2.1,14504,United Kingdom
549573,2011-04-10 16:01:00,21908,CHOCOLATE THIS WAY METAL SIGN,1,2.1,14504,United Kingdom
549573,2011-04-10 16:01:00,21519,GIN & TONIC DIET GREETING CARD ,12,0.42,14504,United Kingdom
549573,2011-04-10 16:01:00,21745,GAOLERS KEYS DECORATIVE GARDEN ,1,3.75,14504,United Kingdom
549573,2011-04-10 16:01:00,22360,GLASS JAR ENGLISH CONFECTIONERY,2,2.95,14504,United Kingdom
549573,2011-04-10 16:01:00,84789,ENCHANTED BIRD PLANT CAGE,1,3.75,14504,United Kingdom
549573,2011-04-10 16:01:00,90175A,WHITE GLASS CHUNKY CHARM BRACELET,1,8.95,14504,United Kingdom
549573,2011-04-10 16:01:00,90143,SILVER BRACELET W PASTEL FLOWER,2,7.5,14504,United Kingdom
549573,2011-04-10 16:01:00,90003D,CRYSTAL PAIR HEART HAIR SLIDES,2,3.75,14504,United Kingdom
549573,2011-04-10 16:01:00,90142D,MOP PENDANT SHELL NECKLACE,2,4.95,14504,United Kingdom
549573,2011-04-10 16:01:00,90123A,PINK HEART OF GLASS BRACELET,2,5.95,14504,United Kingdom
549573,2011-04-10 16:01:00,90123B,TURQUOISE HEART OF GLASS BRACELET,2,5.95,14504,United Kingdom
549573,2011-04-10 16:01:00,90062,CARNIVAL BRACELET,1,12.75,14504,United Kingdom
549573,2011-04-10 16:01:00,90200E,GREEN SWEETHEART BRACELET,2,4.25,14504,United Kingdom
549573,2011-04-10 16:01:00,90200D,PINK SWEETHEART BRACELET,2,4.25,14504,United Kingdom
549573,2011-04-10 16:01:00,22117,METAL SIGN HER DINNER IS SERVED ,1,2.95,14504,United Kingdom
549573,2011-04-10 16:01:00,90175D,TIGRIS EYE CHUNKY CHARM BRACELET,1,8.95,14504,United Kingdom
549573,2011-04-10 16:01:00,21166,COOK WITH WINE METAL SIGN ,1,2.08,14504,United Kingdom
549573,2011-04-10 16:01:00,90123D,WHITE HEART OF GLASS BRACELET,2,5.95,14504,United Kingdom
549573,2011-04-10 16:01:00,82583,HOT BATHS METAL SIGN,3,2.1,14504,United Kingdom
549573,2011-04-10 16:01:00,21175,GIN + TONIC DIET METAL SIGN,3,2.55,14504,United Kingdom
549573,2011-04-10 16:01:00,22494,EMERGENCY FIRST AID TIN ,4,1.25,14504,United Kingdom
549573,2011-04-10 16:01:00,84836,ZINC METAL HEART DECORATION,4,1.25,14504,United Kingdom
549573,2011-04-10 16:01:00,21906,PHARMACIE FIRST AID TIN,2,6.75,14504,United Kingdom
549573,2011-04-10 16:01:00,84849D,HOT BATHS SOAP HOLDER,1,1.69,14504,United Kingdom
549573,2011-04-10 16:01:00,84849B,FAIRY SOAP SOAP HOLDER,1,1.69,14504,United Kingdom
549573,2011-04-10 16:01:00,85039B,S/4 IVORY MINI ROSE CANDLE IN BOWL,1,1.65,14504,United Kingdom
549573,2011-04-10 16:01:00,23182,TOILET SIGN OCCUPIED OR VACANT,1,0.83,14504,United Kingdom
549573,2011-04-10 16:01:00,22261,FELT EGG COSY WHITE RABBIT ,5,0.85,14504,United Kingdom
549573,2011-04-10 16:01:00,22759,SET OF 3 NOTEBOOKS IN PARCEL,1,1.65,14504,United Kingdom
549573,2011-04-10 16:01:00,22792,FLUTED ANTIQUE CANDLE HOLDER,2,0.85,14504,United Kingdom
549573,2011-04-10 16:01:00,85123A,WHITE HANGING HEART T-LIGHT HOLDER,2,2.95,14504,United Kingdom
549573,2011-04-10 16:01:00,21313,GLASS HEART T-LIGHT HOLDER ,2,0.85,14504,United Kingdom
549573,2011-04-10 16:01:00,22457,NATURAL SLATE HEART CHALKBOARD ,2,2.95,14504,United Kingdom
549573,2011-04-10 16:01:00,21626,VINTAGE UNION JACK PENNANT,2,1.95,14504,United Kingdom
549573,2011-04-10 16:01:00,84592,CROCHET ROSE PURSE WITH SUEDE BACK,2,2.95,14504,United Kingdom
549573,2011-04-10 16:01:00,85150,LADIES & GENTLEMEN METAL SIGN,4,2.55,14504,United Kingdom
549573,2011-04-10 16:01:00,85152,HAND OVER THE CHOCOLATE   SIGN ,3,2.1,14504,United Kingdom
549573,2011-04-10 16:01:00,82582,AREA PATROLLED METAL SIGN,5,2.1,14504,United Kingdom
549573,2011-04-10 16:01:00,21916,SET 12 RETRO WHITE CHALK STICKS,2,0.42,14504,United Kingdom
549670,2011-04-11 12:45:00,21673,WHITE SPOT BLUE CERAMIC DRAWER KNOB,12,1.25,16168,United Kingdom
549670,2011-04-11 12:45:00,84755,COLOUR GLASS T-LIGHT HOLDER HANGING,16,0.65,16168,United Kingdom
549670,2011-04-11 12:45:00,21671,RED SPOT CERAMIC DRAWER KNOB,12,1.25,16168,United Kingdom
549670,2011-04-11 12:45:00,21670,BLUE SPOT CERAMIC DRAWER KNOB,12,1.25,16168,United Kingdom
549670,2011-04-11 12:45:00,21669,BLUE STRIPE CERAMIC DRAWER KNOB,12,1.25,16168,United Kingdom
549670,2011-04-11 12:45:00,21188,3D HEARTS  HONEYCOMB PAPER GARLAND,12,2.95,16168,United Kingdom
549670,2011-04-11 12:45:00,22087,PAPER BUNTING WHITE LACE,12,2.95,16168,United Kingdom
549844,2011-04-12 14:17:00,85199S,SMALL HANGING IVORY/RED WOOD BIRD,6,0.42,12854,United Kingdom
549844,2011-04-12 14:17:00,22297,HEART IVORY TRELLIS SMALL,6,1.25,12854,United Kingdom
549844,2011-04-12 14:17:00,22652,TRAVEL SEWING KIT,3,1.65,12854,United Kingdom
549844,2011-04-12 14:17:00,47566B,TEA TIME PARTY BUNTING,2,4.95,12854,United Kingdom
549844,2011-04-12 14:17:00,47590B,PINK HAPPY BIRTHDAY BUNTING,2,5.45,12854,United Kingdom
549844,2011-04-12 14:17:00,22084,PAPER CHAIN KIT EMPIRE,3,2.95,12854,United Kingdom
549844,2011-04-12 14:17:00,47590A,BLUE HAPPY BIRTHDAY BUNTING,1,5.45,12854,United Kingdom
549844,2011-04-12 14:17:00,22499,WOODEN UNION JACK BUNTING,3,5.95,12854,United Kingdom
549844,2011-04-12 14:17:00,22139,RETROSPOT TEA SET CERAMIC 11 PC ,4,4.95,12854,United Kingdom
549844,2011-04-12 14:17:00,85169A,IVORY LOVE BIRD CANDLE,2,1.25,12854,United Kingdom
549844,2011-04-12 14:17:00,21385,IVORY HANGING DECORATION  HEART,6,0.85,12854,United Kingdom
549844,2011-04-12 14:17:00,85169C,EAU DE NIL LOVE BIRD CANDLE,2,1.25,12854,United Kingdom
549844,2011-04-12 14:17:00,20972,PINK CREAM FELT CRAFT TRINKET BOX ,6,1.25,12854,United Kingdom
549844,2011-04-12 14:17:00,22149,FELTCRAFT 6 FLOWER FRIENDS,3,2.1,12854,United Kingdom
549844,2011-04-12 14:17:00,22148,EASTER CRAFT 4 CHICKS ,6,1.95,12854,United Kingdom
549844,2011-04-12 14:17:00,21900,"KEY FOB , SHED",6,0.65,12854,United Kingdom
549844,2011-04-12 14:17:00,21899,"KEY FOB , GARAGE DESIGN",7,0.65,12854,United Kingdom
549844,2011-04-12 14:17:00,21901,"KEY FOB , BACK DOOR ",6,0.65,12854,United Kingdom
549844,2011-04-12 14:17:00,21902,"KEY FOB , FRONT  DOOR ",6,0.65,12854,United Kingdom
549844,2011-04-12 14:17:00,85169D,PINK LOVE BIRD CANDLE,2,1.25,12854,United Kingdom
549844,2011-04-12 14:17:00,21389,IVORY HANGING DECORATION  BIRD,6,0.85,12854,United Kingdom
549844,2011-04-12 14:17:00,22249,DECORATION WHITE CHICK MAGIC GARDEN,6,0.85,12854,United Kingdom
549844,2011-04-12 14:17:00,21383,PACK OF 12 STICKY BUNNIES,6,0.65,12854,United Kingdom
549844,2011-04-12 14:17:00,84879,ASSORTED COLOUR BIRD ORNAMENT,80,1.69,12854,United Kingdom
549844,2011-04-12 14:17:00,47566,PARTY BUNTING,2,4.95,12854,United Kingdom
549844,2011-04-12 14:17:00,21386,IVORY HANGING DECORATION  EGG,6,0.85,12854,United Kingdom
549844,2011-04-12 14:17:00,22427,ENAMEL FLOWER JUG CREAM,2,5.95,12854,United Kingdom
549844,2011-04-12 14:17:00,85123A,WHITE HANGING HEART T-LIGHT HOLDER,3,2.95,12854,United Kingdom
549844,2011-04-12 14:17:00,22212,FOUR HOOK  WHITE LOVEBIRDS,4,2.1,12854,United Kingdom
549844,2011-04-12 14:17:00,22860,EASTER TIN CHICKS PINK DAISY,6,1.65,12854,United Kingdom
549844,2011-04-12 14:17:00,22858,EASTER TIN KEEPSAKE,6,1.65,12854,United Kingdom
549844,2011-04-12 14:17:00,22285,HANGING HEN ON NEST DECORATION,1,1.65,12854,United Kingdom
549844,2011-04-12 14:17:00,84380,SET OF 3 BUTTERFLY COOKIE CUTTERS,3,1.25,12854,United Kingdom
549844,2011-04-12 14:17:00,22251,BIRDHOUSE DECORATION MAGIC GARDEN,6,1.25,12854,United Kingdom
549844,2011-04-12 14:17:00,22285,HANGING HEN ON NEST DECORATION,3,1.65,12854,United Kingdom
549844,2011-04-12 14:17:00,22267,EASTER DECORATION EGG BUNNY ,6,1.25,12854,United Kingdom
549844,2011-04-12 14:17:00,22241,GARLAND WOODEN HAPPY EASTER,6,1.25,12854,United Kingdom
549844,2011-04-12 14:17:00,22250,DECORATION  BUTTERFLY  MAGIC GARDEN,6,0.85,12854,United Kingdom
549844,2011-04-12 14:17:00,22247,BUNNY DECORATION MAGIC GARDEN,6,0.85,12854,United Kingdom
549844,2011-04-12 14:17:00,21454,PAINTED PINK RABBIT ,6,0.85,12854,United Kingdom
549844,2011-04-12 14:17:00,21455,PAINTED YELLOW WOODEN DAISY,6,0.85,12854,United Kingdom
549844,2011-04-12 14:17:00,22926,IVORY GIANT GARDEN THERMOMETER,2,5.95,12854,United Kingdom
549850,2011-04-12 14:58:00,22456,NATURAL SLATE CHALKBOARD LARGE ,9,4.95,16168,United Kingdom
549951,2011-04-13 12:57:00,22698,PINK REGENCY TEACUP AND SAUCER,6,2.95,13134,United Kingdom
549951,2011-04-13 12:57:00,22699,ROSES REGENCY TEACUP AND SAUCER ,6,2.95,13134,United Kingdom
549951,2011-04-13 12:57:00,22697,GREEN REGENCY TEACUP AND SAUCER,6,2.95,13134,United Kingdom
549951,2011-04-13 12:57:00,84817,DANISH ROSE DECORATIVE PLATE,6,2.1,13134,United Kingdom
549951,2011-04-13 12:57:00,21114,LAVENDER SCENTED FABRIC HEART,20,1.25,13134,United Kingdom
549951,2011-04-13 12:57:00,22138,BAKING SET 9 PIECE RETROSPOT ,3,4.95,13134,United Kingdom
549951,2011-04-13 12:57:00,22139,RETROSPOT TEA SET CERAMIC 11 PC ,3,4.95,13134,United Kingdom
549951,2011-04-13 12:57:00,22558,CLOTHES PEGS RETROSPOT PACK 24 ,12,1.65,13134,United Kingdom
549951,2011-04-13 12:57:00,85123A,WHITE HANGING HEART T-LIGHT HOLDER,6,2.95,13134,United Kingdom
549951,2011-04-13 12:57:00,22283,6 EGG HOUSE PAINTED WOOD,4,7.95,13134,United Kingdom
549951,2011-04-13 12:57:00,21932,SCANDINAVIAN PAISLEY PICNIC BAG,5,2.95,13134,United Kingdom
549951,2011-04-13 12:57:00,47599B,BLUE PARTY BAGS ,6,2.1,13134,United Kingdom
549951,2011-04-13 12:57:00,20728,LUNCH BAG CARS BLUE,10,1.65,13134,United Kingdom
549951,2011-04-13 12:57:00,48188,DOORMAT WELCOME PUPPIES,2,7.95,13134,United Kingdom
549951,2011-04-13 12:57:00,47599A,PINK PARTY BAGS,6,2.1,13134,United Kingdom
549951,2011-04-13 12:57:00,82486,WOOD S/3 CABINET ANT WHITE FINISH,6,8.95,13134,United Kingdom
549951,2011-04-13 12:57:00,21933,PINK VINTAGE PAISLEY PICNIC BAG,5,2.95,13134,United Kingdom
549951,2011-04-13 12:57:00,22423,REGENCY CAKESTAND 3 TIER,4,12.75,13134,United Kingdom
549951,2011-04-13 12:57:00,22960,JAM MAKING SET WITH JARS,6,4.25,13134,United Kingdom
549951,2011-04-13 12:57:00,47566,PARTY BUNTING,4,4.95,13134,United Kingdom
549951,2011-04-13 12:57:00,21929,JUMBO BAG PINK VINTAGE PAISLEY,10,2.08,13134,United Kingdom
549951,2011-04-13 12:57:00,85099B,JUMBO BAG RED RETROSPOT,10,2.08,13134,United Kingdom
549951,2011-04-13 12:57:00,84818,DANISH ROSE PHOTO FRAME,6,2.55,13134,United Kingdom
549951,2011-04-13 12:57:00,22383,LUNCH BAG SUKI DESIGN ,10,1.65,13134,United Kingdom
550155,2011-04-14 14:54:00,23231,WRAP DOILEY DESIGN,25,0.42,14198,United Kingdom
550155,2011-04-14 14:54:00,22784,LANTERN CREAM GAZEBO ,3,4.95,14198,United Kingdom
550155,2011-04-14 14:54:00,82482,WOODEN PICTURE FRAME WHITE FINISH,6,2.55,14198,United Kingdom
550155,2011-04-14 14:54:00,22914,BLUE COAT RACK PARIS FASHION,3,4.95,14198,United Kingdom
550155,2011-04-14 14:54:00,22758,LARGE PURPLE BABUSHKA NOTEBOOK  ,12,1.25,14198,United Kingdom
550155,2011-04-14 14:54:00,71459,HANGING JAM JAR T-LIGHT HOLDER,12,0.85,14198,United Kingdom
550155,2011-04-14 14:54:00,22507,MEMO BOARD RETROSPOT  DESIGN,4,4.95,14198,United Kingdom
550155,2011-04-14 14:54:00,16161P,WRAP ENGLISH ROSE ,25,0.42,14198,United Kingdom
550155,2011-04-14 14:54:00,22960,JAM MAKING SET WITH JARS,6,4.25,14198,United Kingdom
550155,2011-04-14 14:54:00,48187,DOORMAT NEW ENGLAND,2,7.95,14198,United Kingdom
550155,2011-04-14 14:54:00,21430,SET/3 RED GINGHAM ROSE STORAGE BOX,4,3.75,14198,United Kingdom
550155,2011-04-14 14:54:00,22692,DOORMAT WELCOME TO OUR HOME,2,7.95,14198,United Kingdom
550303,2011-04-17 10:21:00,21169,YOU'RE CONFUSING ME METAL SIGN ,12,1.69,18213,United Kingdom
550303,2011-04-17 10:21:00,22822,CREAM WALL PLANTER HEART SHAPED,2,5.95,18213,United Kingdom
550303,2011-04-17 10:21:00,84755,COLOUR GLASS T-LIGHT HOLDER HANGING,16,0.65,18213,United Kingdom
550303,2011-04-17 10:21:00,85123A,WHITE HANGING HEART T-LIGHT HOLDER,6,2.95,18213,United Kingdom
550303,2011-04-17 10:21:00,84970S,HANGING HEART ZINC T-LIGHT HOLDER,12,0.85,18213,United Kingdom
550303,2011-04-17 10:21:00,21907,I'M ON HOLIDAY METAL SIGN,12,2.1,18213,United Kingdom
550303,2011-04-17 10:21:00,22969,HOMEMADE JAM SCENTED CANDLES,12,1.45,18213,United Kingdom
550303,2011-04-17 10:21:00,23077,DOUGHNUT LIP GLOSS ,20,1.25,18213,United Kingdom
550303,2011-04-17 10:21:00,16156S,WRAP PINK FAIRY CAKES ,25,0.42,18213,United Kingdom
550303,2011-04-17 10:21:00,21497,FANCY FONTS BIRTHDAY WRAP,25,0.42,18213,United Kingdom
550303,2011-04-17 10:21:00,22711,WRAP CIRCUS PARADE,25,0.42,18213,United Kingdom
550303,2011-04-17 10:21:00,16161P,WRAP ENGLISH ROSE ,25,0.42,18213,United Kingdom
550303,2011-04-17 10:21:00,20977,36 PENCILS TUBE WOODLAND,16,1.25,18213,United Kingdom
550303,2011-04-17 10:21:00,20972,PINK CREAM FELT CRAFT TRINKET BOX ,12,1.25,18213,United Kingdom
550303,2011-04-17 10:21:00,22646,CERAMIC STRAWBERRY CAKE MONEY BANK,12,1.45,18213,United Kingdom
550310,2011-04-17 11:04:00,20752,BLUE POLKADOT WASHING UP GLOVES,12,2.1,15985,United Kingdom
550310,2011-04-17 11:04:00,20754,RETROSPOT RED WASHING UP GLOVES,18,2.1,15985,United Kingdom
550310,2011-04-17 11:04:00,22558,CLOTHES PEGS RETROSPOT PACK 24 ,48,1.45,15985,United Kingdom
550310,2011-04-17 11:04:00,22567,20 DOLLY PEGS RETROSPOT,48,1.25,15985,United Kingdom
550310,2011-04-17 11:04:00,82578,KITCHEN METAL SIGN,48,0.55,15985,United Kingdom
550310,2011-04-17 11:04:00,21900,"KEY FOB , SHED",48,0.65,15985,United Kingdom
550310,2011-04-17 11:04:00,21609,SET 12 LAVENDER  BOTANICAL T-LIGHTS,48,2.55,15985,United Kingdom
550310,2011-04-17 11:04:00,21868,POTTING SHED TEA MUG,24,1.25,15985,United Kingdom
550310,2011-04-17 11:04:00,21899,"KEY FOB , GARAGE DESIGN",24,0.65,15985,United Kingdom
550310,2011-04-17 11:04:00,22081,RIBBON REEL FLORA + FAUNA ,24,1.65,15985,United Kingdom
550310,2011-04-17 11:04:00,20914,SET/5 RED RETROSPOT LID GLASS BOWLS,12,2.95,15985,United Kingdom
550310,2011-04-17 11:04:00,82580,BATHROOM METAL SIGN,250,0.42,15985,United Kingdom
550310,2011-04-17 11:04:00,85053,FRENCH ENAMEL CANDLEHOLDER,12,2.1,15985,United Kingdom
550310,2011-04-17 11:04:00,22082,RIBBON REEL STRIPES DESIGN ,24,1.65,15985,United Kingdom
550310,2011-04-17 11:04:00,22919,HERB MARKER MINT,24,0.65,15985,United Kingdom
550310,2011-04-17 11:04:00,21894,POTTING SHED SEED ENVELOPES,24,1.25,15985,United Kingdom
550310,2011-04-17 11:04:00,22844,VINTAGE CREAM DOG FOOD CONTAINER,2,8.5,15985,United Kingdom
550310,2011-04-17 11:04:00,22700,BLACK AND WHITE DOG BOWL,6,2.95,15985,United Kingdom
550310,2011-04-17 11:04:00,22702,BLACK AND WHITE CAT BOWL,6,2.1,15985,United Kingdom
550310,2011-04-17 11:04:00,21165,BEWARE OF THE CAT METAL SIGN ,12,1.69,15985,United Kingdom
550310,2011-04-17 11:04:00,21080,SET/20 RED RETROSPOT PAPER NAPKINS ,24,0.85,15985,United Kingdom
550310,2011-04-17 11:04:00,22918,HERB MARKER PARSLEY,24,0.65,15985,United Kingdom
550310,2011-04-17 11:04:00,22921,HERB MARKER CHIVES ,24,0.65,15985,United Kingdom
550310,2011-04-17 11:04:00,22920,HERB MARKER BASIL,24,0.65,15985,United Kingdom
550310,2011-04-17 11:04:00,22917,HERB MARKER ROSEMARY,24,0.65,15985,United Kingdom
550310,2011-04-17 11:04:00,22916,HERB MARKER THYME,24,0.65,15985,United Kingdom
550310,2011-04-17 11:04:00,22477,WATERING CAN GARDEN MARKER,20,1.25,15985,United Kingdom
550352,2011-04-18 10:21:00,22467,GUMBALL COAT RACK,1,2.55,16719,United Kingdom
550352,2011-04-18 10:21:00,22730,ALARM CLOCK BAKELIKE IVORY,3,3.75,16719,United Kingdom
550352,2011-04-18 10:21:00,22729,ALARM CLOCK BAKELIKE ORANGE,2,3.75,16719,United Kingdom
550352,2011-04-18 10:21:00,22727,ALARM CLOCK BAKELIKE RED ,2,3.75,16719,United Kingdom
550352,2011-04-18 10:21:00,17091J,VANILLA INCENSE IN TIN,3,1.25,16719,United Kingdom
550352,2011-04-18 10:21:00,22193,RED DINER WALL CLOCK,3,8.5,16719,United Kingdom
550352,2011-04-18 10:21:00,22192,BLUE DINER WALL CLOCK,1,8.5,16719,United Kingdom
550352,2011-04-18 10:21:00,84360,TABLE LAMP WHITE SHADE WOOD BASE,3,5.95,16719,United Kingdom
550352,2011-04-18 10:21:00,22179,SET 10 LIGHTS NIGHT OWL,2,6.75,16719,United Kingdom
550352,2011-04-18 10:21:00,22467,GUMBALL COAT RACK,1,2.55,16719,United Kingdom
550352,2011-04-18 10:21:00,21034,REX CASH+CARRY JUMBO SHOPPER,2,0.95,16719,United Kingdom
550352,2011-04-18 10:21:00,17091A,LAVENDER INCENSE IN TIN,4,0.38,16719,United Kingdom
550352,2011-04-18 10:21:00,84792,ENCHANTED BIRD COATHANGER 5 HOOK,2,4.65,16719,United Kingdom
550352,2011-04-18 10:21:00,21735,TWO DOOR CURIO CABINET,1,12.75,16719,United Kingdom
550352,2011-04-18 10:21:00,22199,FRYING PAN RED RETROSPOT,2,4.25,16719,United Kingdom
550352,2011-04-18 10:21:00,22203,MILK PAN RED RETROSPOT,2,3.75,16719,United Kingdom
550352,2011-04-18 10:21:00,22051,BLUE SCANDINAVIAN PAISLEY WRAP,25,0.42,16719,United Kingdom
550352,2011-04-18 10:21:00,21497,FANCY FONTS BIRTHDAY WRAP,25,0.42,16719,United Kingdom
550352,2011-04-18 10:21:00,23232,WRAP VINTAGE PETALS  DESIGN,25,0.42,16719,United Kingdom
550352,2011-04-18 10:21:00,85123A,WHITE HANGING HEART T-LIGHT HOLDER,4,2.95,16719,United Kingdom
550352,2011-04-18 10:21:00,20828,GLITTER BUTTERFLY CLIPS,2,2.55,16719,United Kingdom
550352,2011-04-18 10:21:00,22796,PHOTO FRAME 3 CLASSIC HANGING,1,9.95,16719,United Kingdom
550352,2011-04-18 10:21:00,22179,SET 10 LIGHTS NIGHT OWL,1,6.75,16719,United Kingdom
550352,2011-04-18 10:21:00,20775,DAISY NOTEBOOK ,2,1.65,16719,United Kingdom
550352,2011-04-18 10:21:00,20773,BLUE PAISLEY NOTEBOOK,2,1.65,16719,United Kingdom
550352,2011-04-18 10:21:00,22139,RETROSPOT TEA SET CERAMIC 11 PC ,1,4.95,16719,United Kingdom
550352,2011-04-18 10:21:00,21324,HANGING MEDINA LANTERN SMALL,1,2.95,16719,United Kingdom
550352,2011-04-18 10:21:00,20829,GLITTER HANGING BUTTERFLY STRING,2,2.1,16719,United Kingdom
550473,2011-04-18 13:54:00,23156,SET OF 5 MINI GROCERY MAGNETS,12,2.08,14623,United Kingdom
550473,2011-04-18 13:54:00,21466,RED FLOWER CROCHET FOOD COVER,2,3.75,14623,United Kingdom
550473,2011-04-18 13:54:00,22424,ENAMEL BREAD BIN CREAM,1,12.75,14623,United Kingdom
550473,2011-04-18 13:54:00,23155,KNICKERBOCKERGLORY MAGNET ASSORTED ,6,0.83,14623,United Kingdom
550473,2011-04-18 13:54:00,23159,SET OF 5 PANCAKE DAY MAGNETS,12,2.08,14623,United Kingdom
550473,2011-04-18 13:54:00,22377,BOTTLE BAG RETROSPOT ,2,2.1,14623,United Kingdom
550473,2011-04-18 13:54:00,85099B,JUMBO BAG RED RETROSPOT,4,2.08,14623,United Kingdom
550473,2011-04-18 13:54:00,22411,JUMBO SHOPPER VINTAGE RED PAISLEY,1,2.08,14623,United Kingdom
550473,2011-04-18 13:54:00,21929,JUMBO BAG PINK VINTAGE PAISLEY,1,2.08,14623,United Kingdom
550473,2011-04-18 13:54:00,21931,JUMBO STORAGE BAG SUKI,2,2.08,14623,United Kingdom
550473,2011-04-18 13:54:00,20711,JUMBO BAG TOYS ,1,2.08,14623,United Kingdom
550473,2011-04-18 13:54:00,21033,JUMBO BAG CHARLIE AND LOLA TOYS,1,2.08,14623,United Kingdom
550473,2011-04-18 13:54:00,21468,BUTTERFLY CROCHET FOOD COVER,1,3.75,14623,United Kingdom
550473,2011-04-18 13:54:00,22138,BAKING SET 9 PIECE RETROSPOT ,2,4.95,14623,United Kingdom
550473,2011-04-18 13:54:00,21928,JUMBO BAG SCANDINAVIAN BLUE PAISLEY,1,2.08,14623,United Kingdom
550473,2011-04-18 13:54:00,21471,STRAWBERRY RAFFIA FOOD COVER,2,3.75,14623,United Kingdom
550473,2011-04-18 13:54:00,84380,SET OF 3 BUTTERFLY COOKIE CUTTERS,1,1.25,14623,United Kingdom
550473,2011-04-18 13:54:00,22303,COFFEE MUG APPLES DESIGN,6,2.55,14623,United Kingdom
550473,2011-04-18 13:54:00,15034,PAPER POCKET TRAVELING FAN ,12,0.14,14623,United Kingdom
550473,2011-04-18 13:54:00,22174,PHOTO CUBE,1,1.65,14623,United Kingdom
550473,2011-04-18 13:54:00,84692,BOX OF 24 COCKTAIL PARASOLS,2,0.42,14623,United Kingdom
550473,2011-04-18 13:54:00,22400,MAGNETS PACK OF 4 HOME SWEET HOME,1,1.25,14623,United Kingdom
550473,2011-04-18 13:54:00,84375,SET OF 20 KIDS COOKIE CUTTERS,1,2.1,14623,United Kingdom
550473,2011-04-18 13:54:00,22721,SET OF 3 CAKE TINS SKETCHBOOK,1,4.95,14623,United Kingdom
550473,2011-04-18 13:54:00,22402,MAGNETS PACK OF 4 VINTAGE COLLAGE,1,1.25,14623,United Kingdom
550473,2011-04-18 13:54:00,22396,MAGNETS PACK OF 4 RETRO PHOTO,1,1.25,14623,United Kingdom
550473,2011-04-18 13:54:00,22398,MAGNETS PACK OF 4 SWALLOWS,1,1.25,14623,United Kingdom
550473,2011-04-18 13:54:00,79164,BLACK WINE GLASS,6,0.39,14623,United Kingdom
550473,2011-04-18 13:54:00,79163,BLACK CHAMPAGNE GLASS,6,0.39,14623,United Kingdom
550473,2011-04-18 13:54:00,22301,COFFEE MUG CAT + BIRD DESIGN,6,2.55,14623,United Kingdom
550473,2011-04-18 13:54:00,22302,COFFEE MUG PEARS  DESIGN,6,2.55,14623,United Kingdom
550473,2011-04-18 13:54:00,22399,MAGNETS PACK OF 4 CHILDHOOD MEMORY,1,1.25,14623,United Kingdom
550649,2011-04-19 16:37:00,22960,JAM MAKING SET WITH JARS,6,4.25,13134,United Kingdom
550658,2011-04-20 09:01:00,22041,"RECORD FRAME 7"" SINGLE SIZE ",48,2.1,13576,United Kingdom
550658,2011-04-20 09:01:00,82001S,VINYL RECORD FRAME SILVER,24,3.39,13576,United Kingdom
550658,2011-04-20 09:01:00,21137,BLACK RECORD COVER FRAME,72,3.39,13576,United Kingdom
550832,2011-04-21 10:31:00,82483,WOOD 2 DRAWER CABINET WHITE FINISH,4,6.95,17588,United Kingdom
550832,2011-04-21 10:31:00,20685,DOORMAT RED RETROSPOT,2,7.95,17588,United Kingdom
550832,2011-04-21 10:31:00,21524,DOORMAT SPOTTY HOME SWEET HOME,10,6.75,17588,United Kingdom
550832,2011-04-21 10:31:00,22691,DOORMAT WELCOME SUNRISE,2,7.95,17588,United Kingdom
550832,2011-04-21 10:31:00,48116,DOORMAT MULTICOLOUR STRIPE,10,6.75,17588,United Kingdom
550832,2011-04-21 10:31:00,48194,DOORMAT HEARTS,10,6.75,17588,United Kingdom
550832,2011-04-21 10:31:00,48184,DOORMAT ENGLISH ROSE ,2,7.95,17588,United Kingdom
550832,2011-04-21 10:31:00,48187,DOORMAT NEW ENGLAND,10,6.75,17588,United Kingdom
550832,2011-04-21 10:31:00,48173C,DOORMAT BLACK FLOCK ,2,7.95,17588,United Kingdom
550832,2011-04-21 10:31:00,82486,WOOD S/3 CABINET ANT WHITE FINISH,4,8.95,17588,United Kingdom
551145,2011-04-26 13:37:00,22499,WOODEN UNION JACK BUNTING,9,5.95,16168,United Kingdom
551145,2011-04-26 13:37:00,22498,WOODEN REGATTA BUNTING,9,5.95,16168,United Kingdom
551854,2011-05-04 14:55:00,23135,SMALL ZINC HEART WALL ORGANISER,4,5.75,13576,United Kingdom
551854,2011-05-04 14:55:00,21623,VINTAGE UNION JACK MEMOBOARD,2,9.95,13576,United Kingdom
551854,2011-05-04 14:55:00,21137,BLACK RECORD COVER FRAME,72,3.39,13576,United Kingdom
551854,2011-05-04 14:55:00,21955,DOORMAT UNION JACK GUNS AND ROSES,2,7.95,13576,United Kingdom
551881,2011-05-05 09:11:00,22698,PINK REGENCY TEACUP AND SAUCER,12,2.95,13784,United Kingdom
551881,2011-05-05 09:11:00,84978,HANGING HEART JAR T-LIGHT HOLDER,36,1.06,13784,United Kingdom
551881,2011-05-05 09:11:00,22423,REGENCY CAKESTAND 3 TIER,4,12.75,13784,United Kingdom
551881,2011-05-05 09:11:00,84970S,HANGING HEART ZINC T-LIGHT HOLDER,24,0.85,13784,United Kingdom
551881,2011-05-05 09:11:00,84970L,SINGLE HEART ZINC T-LIGHT HOLDER,48,0.95,13784,United Kingdom
551881,2011-05-05 09:11:00,22151,PLACE SETTING WHITE HEART,432,0.36,13784,United Kingdom
552010,2011-05-05 17:26:00,21918,SET 12 KIDS COLOUR  CHALK STICKS,6,0.42,14713,United Kingdom
552010,2011-05-05 17:26:00,22926,IVORY GIANT GARDEN THERMOMETER,2,5.95,14713,United Kingdom
552010,2011-05-05 17:26:00,84375,SET OF 20 KIDS COOKIE CUTTERS,3,2.1,14713,United Kingdom
552010,2011-05-05 17:26:00,22382,LUNCH BAG SPACEBOY DESIGN ,3,1.65,14713,United Kingdom
552010,2011-05-05 17:26:00,22147,FELTCRAFT BUTTERFLY HEARTS,4,1.45,14713,United Kingdom
552010,2011-05-05 17:26:00,23206,LUNCH BAG APPLE DESIGN,3,1.65,14713,United Kingdom
552010,2011-05-05 17:26:00,23208,LUNCH BAG VINTAGE LEAF DESIGN,3,1.65,14713,United Kingdom
552010,2011-05-05 17:26:00,20725,LUNCH BAG RED RETROSPOT,3,1.65,14713,United Kingdom
552010,2011-05-05 17:26:00,20728,LUNCH BAG CARS BLUE,3,1.65,14713,United Kingdom
552010,2011-05-05 17:26:00,23068,ALUMINIUM STAMPED HEART,3,2.49,14713,United Kingdom
552010,2011-05-05 17:26:00,84970S,HANGING HEART ZINC T-LIGHT HOLDER,12,0.85,14713,United Kingdom
552010,2011-05-05 17:26:00,84755,COLOUR GLASS T-LIGHT HOLDER HANGING,8,0.65,14713,United Kingdom
552010,2011-05-05 17:26:00,22170,PICTURE FRAME WOOD TRIPLE PORTRAIT,1,6.75,14713,United Kingdom
552010,2011-05-05 17:26:00,21136,PAINTED METAL PEARS ASSORTED,4,1.69,14713,United Kingdom
552010,2011-05-05 17:26:00,22915,ASSORTED BOTTLE TOP  MAGNETS ,6,0.42,14713,United Kingdom
552010,2011-05-05 17:26:00,84997D,CHILDRENS CUTLERY POLKADOT PINK,2,4.15,14713,United Kingdom
552010,2011-05-05 17:26:00,23256,CHILDRENS CUTLERY SPACEBOY ,2,4.15,14713,United Kingdom
552010,2011-05-05 17:26:00,22456,NATURAL SLATE CHALKBOARD LARGE ,2,4.95,14713,United Kingdom
552010,2011-05-05 17:26:00,21917,SET 12 KIDS  WHITE CHALK STICKS,6,0.42,14713,United Kingdom
552010,2011-05-05 17:26:00,20727,LUNCH BAG  BLACK SKULL.,3,1.65,14713,United Kingdom
552010,2011-05-05 17:26:00,21428,SET3 BOOK BOX GREEN GINGHAM FLOWER ,3,4.25,14713,United Kingdom
552010,2011-05-05 17:26:00,21745,GAOLERS KEYS DECORATIVE GARDEN ,1,3.75,14713,United Kingdom
552010,2011-05-05 17:26:00,85123A,WHITE HANGING HEART T-LIGHT HOLDER,3,2.95,14713,United Kingdom
552010,2011-05-05 17:26:00,21430,SET/3 RED GINGHAM ROSE STORAGE BOX,3,3.75,14713,United Kingdom
552010,2011-05-05 17:26:00,23232,WRAP VINTAGE PETALS  DESIGN,25,0.42,14713,United Kingdom
552010,2011-05-05 17:26:00,21495,SKULLS AND CROSSBONES WRAP,25,0.42,14713,United Kingdom
552010,2011-05-05 17:26:00,82482,WOODEN PICTURE FRAME WHITE FINISH,3,2.55,14713,United Kingdom
552010,2011-05-05 17:26:00,22516,CHILDS GARDEN RAKE BLUE,2,2.1,14713,United Kingdom
552010,2011-05-05 17:26:00,22517,CHILDS GARDEN RAKE PINK,1,2.1,14713,United Kingdom
552010,2011-05-05 17:26:00,22518,CHILDS GARDEN BRUSH BLUE,3,2.1,14713,United Kingdom
552010,2011-05-05 17:26:00,22519,CHILDS GARDEN BRUSH PINK,3,2.1,14713,United Kingdom
552010,2011-05-05 17:26:00,22514,CHILDS GARDEN SPADE BLUE,2,2.1,14713,United Kingdom
552010,2011-05-05 17:26:00,22605,WOODEN CROQUET GARDEN SET,2,14.95,14713,United Kingdom
552010,2011-05-05 17:26:00,35095B,RED VICTORIAN FABRIC OVAL BOX,2,0.42,14713,United Kingdom
552010,2011-05-05 17:26:00,22383,LUNCH BAG SUKI DESIGN ,3,1.65,14713,United Kingdom
552010,2011-05-05 17:26:00,20726,LUNCH BAG WOODLAND,3,1.65,14713,United Kingdom
552010,2011-05-05 17:26:00,21915,RED  HARMONICA IN BOX ,12,1.25,14713,United Kingdom
552010,2011-05-05 17:26:00,21705,BAG 500g SWIRLY MARBLES,6,1.65,14713,United Kingdom
552010,2011-05-05 17:26:00,20719,WOODLAND CHARLOTTE BAG,4,0.85,14713,United Kingdom
552010,2011-05-05 17:26:00,20724,RED RETROSPOT CHARLOTTE BAG,4,0.85,14713,United Kingdom
552010,2011-05-05 17:26:00,35095A,BLUE VICTORIAN FABRIC OVAL BOX,2,0.42,14713,United Kingdom
552010,2011-05-05 17:26:00,22356,CHARLOTTE BAG PINK POLKADOT,3,0.85,14713,United Kingdom
552010,2011-05-05 17:26:00,22515,CHILDS GARDEN SPADE PINK,2,2.1,14713,United Kingdom
552254,2011-05-08 10:21:00,21494,ROTATING LEAVES T-LIGHT HOLDER,24,1.25,16168,United Kingdom
552254,2011-05-08 10:21:00,21174,POTTERING IN THE SHED METAL SIGN,12,2.08,16168,United Kingdom
552254,2011-05-08 10:21:00,21172,PARTY METAL SIGN ,12,1.45,16168,United Kingdom
552254,2011-05-08 10:21:00,22087,PAPER BUNTING WHITE LACE,12,2.95,16168,United Kingdom
552254,2011-05-08 10:21:00,23298,SPOTTY BUNTING,6,4.95,16168,United Kingdom
552254,2011-05-08 10:21:00,21928,JUMBO BAG SCANDINAVIAN BLUE PAISLEY,10,2.08,16168,United Kingdom
552267,2011-05-08 11:49:00,22822,CREAM WALL PLANTER HEART SHAPED,1,5.95,15038,United Kingdom
552267,2011-05-08 11:49:00,22413,METAL SIGN TAKE IT OR LEAVE IT ,1,2.95,15038,United Kingdom
552267,2011-05-08 11:49:00,84832,ZINC WILLIE WINKIE  CANDLE STICK,2,0.85,15038,United Kingdom
552267,2011-05-08 11:49:00,48111,DOORMAT 3 SMILEY CATS,1,7.95,15038,United Kingdom
552267,2011-05-08 11:49:00,21754,HOME BUILDING BLOCK WORD,1,5.95,15038,United Kingdom
552267,2011-05-08 11:49:00,23163,REGENCY SUGAR TONGS,1,2.49,15038,United Kingdom
552267,2011-05-08 11:49:00,23284,DOORMAT KEEP CALM AND COME IN,1,7.95,15038,United Kingdom
552267,2011-05-08 11:49:00,23055,IVORY CHANDELIER T-LIGHT HOLDER,1,6.25,15038,United Kingdom
552267,2011-05-08 11:49:00,22822,CREAM WALL PLANTER HEART SHAPED,1,5.95,15038,United Kingdom
552267,2011-05-08 11:49:00,23067,HANGING ENGRAVED METAL HEART,1,4.15,15038,United Kingdom
552267,2011-05-08 11:49:00,22768,FAMILY PHOTO FRAME CORNICE,1,9.95,15038,United Kingdom
552267,2011-05-08 11:49:00,82486,WOOD S/3 CABINET ANT WHITE FINISH,1,8.95,15038,United Kingdom
552267,2011-05-08 11:49:00,85066,CREAM SWEETHEART MINI CHEST,1,12.75,15038,United Kingdom
552267,2011-05-08 11:49:00,21755,LOVE BUILDING BLOCK WORD,1,5.95,15038,United Kingdom
552267,2011-05-08 11:49:00,22427,ENAMEL FLOWER JUG CREAM,1,5.95,15038,United Kingdom
552267,2011-05-08 11:49:00,23056,FLOWERS CHANDELIER T-LIGHT HOLDER,1,6.25,15038,United Kingdom
552267,2011-05-08 11:49:00,23056,FLOWERS CHANDELIER T-LIGHT HOLDER,1,6.25,15038,United Kingdom
552267,2011-05-08 11:49:00,23057,BEADED CHANDELIER T-LIGHT HOLDER,1,4.95,15038,United Kingdom
552267,2011-05-08 11:49:00,23068,ALUMINIUM STAMPED HEART,1,2.49,15038,United Kingdom
552267,2011-05-08 11:49:00,82482,WOODEN PICTURE FRAME WHITE FINISH,1,2.55,15038,United Kingdom
552279,2011-05-08 12:38:00,16014,SMALL CHINESE STYLE SCISSOR,600,0.32,15117,United Kingdom
552279,2011-05-08 12:38:00,20723,STRAWBERRY CHARLOTTE BAG,10,0.85,15117,United Kingdom
552279,2011-05-08 12:38:00,23203,JUMBO BAG DOILEY PATTERNS,10,2.08,15117,United Kingdom
552279,2011-05-08 12:38:00,23208,LUNCH BAG VINTAGE LEAF DESIGN,10,1.65,15117,United Kingdom
552279,2011-05-08 12:38:00,23209,LUNCH BAG DOILEY PATTERN ,10,1.65,15117,United Kingdom
552279,2011-05-08 12:38:00,85099B,JUMBO BAG RED RETROSPOT,10,2.08,15117,United Kingdom
552279,2011-05-08 12:38:00,20725,LUNCH BAG RED RETROSPOT,10,1.65,15117,United Kingdom
552279,2011-05-08 12:38:00,23202,JUMBO BAG VINTAGE LEAF,10,2.08,15117,United Kingdom
552319,2011-05-09 08:23:00,20724,RED RETROSPOT CHARLOTTE BAG,10,0.85,13003,United Kingdom
552319,2011-05-09 08:23:00,85014B,RED RETROSPOT UMBRELLA,3,5.95,13003,United Kingdom
552319,2011-05-09 08:23:00,20665,RED RETROSPOT PURSE ,6,2.95,13003,United Kingdom
552319,2011-05-09 08:23:00,21232,STRAWBERRY CERAMIC TRINKET BOX,12,1.25,13003,United Kingdom
552358,2011-05-09 12:20:00,21917,SET 12 KIDS  WHITE CHALK STICKS,24,0.42,15673,United Kingdom
552358,2011-05-09 12:20:00,21564,PINK  HEART SHAPE LOVE BUCKET ,6,2.95,15673,United Kingdom
552358,2011-05-09 12:20:00,22841,ROUND CAKE TIN VINTAGE GREEN,2,7.95,15673,United Kingdom
552358,2011-05-09 12:20:00,22895,SET OF 2 TEA TOWELS APPLE AND PEARS,6,3.25,15673,United Kingdom
552358,2011-05-09 12:20:00,22966,GINGERBREAD MAN COOKIE CUTTER,12,1.25,15673,United Kingdom
552358,2011-05-09 12:20:00,21155,RED RETROSPOT PEG BAG,6,2.55,15673,United Kingdom
552358,2011-05-09 12:20:00,22195,LARGE HEART MEASURING SPOONS,12,1.65,15673,United Kingdom
552358,2011-05-09 12:20:00,21918,SET 12 KIDS COLOUR  CHALK STICKS,24,0.42,15673,United Kingdom
552358,2011-05-09 12:20:00,22843,BISCUIT TIN VINTAGE GREEN,4,6.75,15673,United Kingdom
552358,2011-05-09 12:20:00,21754,HOME BUILDING BLOCK WORD,6,5.95,15673,United Kingdom
552358,2011-05-09 12:20:00,22977,DOLLY GIRL CHILDRENS EGG CUP,12,1.25,15673,United Kingdom
552358,2011-05-09 12:20:00,23009,I LOVE LONDON BABY GIFT SET,2,16.95,15673,United Kingdom
552358,2011-05-09 12:20:00,22120,WELCOME  WOODEN BLOCK LETTERS,3,9.95,15673,United Kingdom
552358,2011-05-09 12:20:00,22831,WHITE BROCANTE SOAP DISH,6,2.95,15673,United Kingdom
552358,2011-05-09 12:20:00,22926,IVORY GIANT GARDEN THERMOMETER,4,5.95,15673,United Kingdom
552358,2011-05-09 12:20:00,22561,WOODEN SCHOOL COLOURING SET,12,1.65,15673,United Kingdom
552358,2011-05-09 12:20:00,22992,REVOLVER WOODEN RULER ,12,1.95,15673,United Kingdom
552358,2011-05-09 12:20:00,22727,ALARM CLOCK BAKELIKE RED ,4,3.75,15673,United Kingdom
552358,2011-05-09 12:20:00,22839,3 TIER CAKE TIN GREEN AND CREAM,2,14.95,15673,United Kingdom
552358,2011-05-09 12:20:00,22382,LUNCH BAG SPACEBOY DESIGN ,10,1.65,15673,United Kingdom
552358,2011-05-09 12:20:00,21755,LOVE BUILDING BLOCK WORD,6,5.95,15673,United Kingdom
552358,2011-05-09 12:20:00,22975,SPACEBOY CHILDRENS EGG CUP,12,1.25,15673,United Kingdom
552358,2011-05-09 12:20:00,21756,BATH BUILDING BLOCK WORD,3,5.95,15673,United Kingdom
552358,2011-05-09 12:20:00,22972,CHILDREN'S SPACEBOY MUG,12,1.65,15673,United Kingdom
552358,2011-05-09 12:20:00,23208,LUNCH BAG VINTAGE LEAF DESIGN,10,1.65,15673,United Kingdom
552358,2011-05-09 12:20:00,23283,DOORMAT VINTAGE LEAVES DESIGN ,4,7.95,15673,United Kingdom
552358,2011-05-09 12:20:00,21212,PACK OF 72 RETROSPOT CAKE CASES,24,0.55,15673,United Kingdom
552358,2011-05-09 12:20:00,84978,HANGING HEART JAR T-LIGHT HOLDER,12,1.25,15673,United Kingdom
552358,2011-05-09 12:20:00,22197,SMALL POPCORN HOLDER,12,0.85,15673,United Kingdom
552358,2011-05-09 12:20:00,71459,HANGING JAM JAR T-LIGHT HOLDER,12,0.85,15673,United Kingdom
552358,2011-05-09 12:20:00,84755,COLOUR GLASS T-LIGHT HOLDER HANGING,16,0.65,15673,United Kingdom
552358,2011-05-09 12:20:00,21984,PACK OF 12 PINK PAISLEY TISSUES ,24,0.29,15673,United Kingdom
552358,2011-05-09 12:20:00,22614,PACK OF 12 SPACEBOY TISSUES,24,0.29,15673,United Kingdom
552358,2011-05-09 12:20:00,22524,CHILDRENS GARDEN GLOVES BLUE,10,1.25,15673,United Kingdom
552358,2011-05-09 12:20:00,22974,CHILDRENS DOLLY GIRL MUG,12,1.65,15673,United Kingdom
552358,2011-05-09 12:20:00,22431,WATERING CAN BLUE ELEPHANT,6,1.95,15673,United Kingdom
552358,2011-05-09 12:20:00,22607,WOODEN ROUNDERS GARDEN SET ,2,9.95,15673,United Kingdom
552358,2011-05-09 12:20:00,22916,HERB MARKER THYME,12,0.65,15673,United Kingdom
552358,2011-05-09 12:20:00,22920,HERB MARKER BASIL,12,0.65,15673,United Kingdom
552358,2011-05-09 12:20:00,22918,HERB MARKER PARSLEY,12,0.65,15673,United Kingdom
552358,2011-05-09 12:20:00,22919,HERB MARKER MINT,12,0.65,15673,United Kingdom
552358,2011-05-09 12:20:00,22744,MAKE YOUR OWN MONSOON CARD KIT,6,2.95,15673,United Kingdom
552358,2011-05-09 12:20:00,22149,FELTCRAFT 6 FLOWER FRIENDS,12,2.1,15673,United Kingdom
552358,2011-05-09 12:20:00,22587,FELTCRAFT HAIRBAND RED AND BLUE,12,0.85,15673,United Kingdom
552358,2011-05-09 12:20:00,85185B,PINK HORSE SOCK PUPPET,12,2.95,15673,United Kingdom
552358,2011-05-09 12:20:00,22432,WATERING CAN PINK BUNNY,6,1.95,15673,United Kingdom
552463,2011-05-09 14:54:00,22430,ENAMEL WATERING CAN CREAM,4,4.95,14699,United Kingdom
552463,2011-05-09 14:54:00,22427,ENAMEL FLOWER JUG CREAM,3,5.95,14699,United Kingdom
552463,2011-05-09 14:54:00,82581,TOILET METAL SIGN,12,0.55,14699,United Kingdom
552463,2011-05-09 14:54:00,82580,BATHROOM METAL SIGN,12,0.55,14699,United Kingdom
552463,2011-05-09 14:54:00,22178,VICTORIAN GLASS HANGING T-LIGHT,12,1.25,14699,United Kingdom
552463,2011-05-09 14:54:00,84755,COLOUR GLASS T-LIGHT HOLDER HANGING,16,0.65,14699,United Kingdom
552463,2011-05-09 14:54:00,22694,WICKER STAR ,6,2.1,14699,United Kingdom
552463,2011-05-09 14:54:00,21165,BEWARE OF THE CAT METAL SIGN ,12,1.69,14699,United Kingdom
552770,2011-05-11 11:57:00,23061,VINTAGE ENGRAVED HEART,12,1.25,13404,United Kingdom
552770,2011-05-11 11:57:00,23100,SILVER BELLS TABLE DECORATION,12,1.25,13404,United Kingdom
552770,2011-05-11 11:57:00,23102,SILVER HEARTS TABLE DECORATION,12,0.83,13404,United Kingdom
552770,2011-05-11 11:57:00,22938,CUPCAKE LACE PAPER SET 6,12,1.95,13404,United Kingdom
552770,2011-05-11 11:57:00,22639,SET OF 4 NAPKIN CHARMS HEARTS,25,2.55,13404,United Kingdom
552770,2011-05-11 11:57:00,23082,SET 6 PAPER TABLE LANTERN HEARTS ,6,3.75,13404,United Kingdom
552770,2011-05-11 11:57:00,23046,PAPER LANTERN 9 POINT DELUXE STAR,4,6.65,13404,United Kingdom
552770,2011-05-11 11:57:00,23042,PAPER LANTERN 7 POINT SNOW STAR,4,6.65,13404,United Kingdom
552770,2011-05-11 11:57:00,21447,12 IVORY ROSE PEG PLACE SETTINGS,12,1.25,13404,United Kingdom
552954,2011-05-12 12:30:00,22178,VICTORIAN GLASS HANGING T-LIGHT,96,1.06,14064,United Kingdom
552954,2011-05-12 12:30:00,35961,FOLKART ZINC HEART CHRISTMAS DEC,24,0.85,14064,United Kingdom
552954,2011-05-12 12:30:00,85123A,WHITE HANGING HEART T-LIGHT HOLDER,32,2.55,14064,United Kingdom
552954,2011-05-12 12:30:00,84970S,HANGING HEART ZINC T-LIGHT HOLDER,12,0.85,14064,United Kingdom
552954,2011-05-12 12:30:00,22948,METAL DECORATION NAUGHTY CHILDREN ,12,0.85,14064,United Kingdom
552954,2011-05-12 12:30:00,22296,HEART IVORY TRELLIS LARGE,24,1.65,14064,United Kingdom
552954,2011-05-12 12:30:00,22585,PACK OF 6 BIRDY GIFT TAGS,6,1.25,14064,United Kingdom
552954,2011-05-12 12:30:00,84755,COLOUR GLASS T-LIGHT HOLDER HANGING,16,0.65,14064,United Kingdom
553181,2011-05-15 11:43:00,23301,GARDENERS KNEELING PAD KEEP CALM ,12,1.65,16168,United Kingdom
553181,2011-05-15 11:43:00,23300,GARDENERS KNEELING PAD CUP OF TEA ,96,1.45,16168,United Kingdom
553408,2011-05-17 09:13:00,84660A,WHITE STITCHED WALL CLOCK,4,3.75,13976,United Kingdom
553408,2011-05-17 09:13:00,84661A,WHITE SQUARE TABLE CLOCK,6,2.55,13976,United Kingdom
553408,2011-05-17 09:13:00,21658,GLASS  BEURRE DISH,4,3.95,13976,United Kingdom
553408,2011-05-17 09:13:00,23168,CLASSIC CAFE SUGAR DISPENSER,12,1.25,13976,United Kingdom
553408,2011-05-17 09:13:00,21294,ETCHED GLASS COASTER,48,0.39,13976,United Kingdom
553408,2011-05-17 09:13:00,20685,DOORMAT RED RETROSPOT,6,7.95,13976,United Kingdom
553408,2011-05-17 09:13:00,82484,WOOD BLACK BOARD ANT WHITE FINISH,8,7.95,13976,United Kingdom
553408,2011-05-17 09:13:00,23082,SET 6 PAPER TABLE LANTERN HEARTS ,18,3.75,13976,United Kingdom
553408,2011-05-17 09:13:00,23109,LED TEA LIGHTS,24,2.89,13976,United Kingdom
553408,2011-05-17 09:13:00,22460,EMBOSSED GLASS TEALIGHT HOLDER,24,1.25,13976,United Kingdom
553916,2011-05-20 08:18:00,20674,GREEN POLKADOT BOWL,8,1.25,17166,United Kingdom
553916,2011-05-20 08:18:00,21534,DAIRY MAID LARGE MILK JUG,3,4.95,17166,United Kingdom
553916,2011-05-20 08:18:00,21528,DAIRY MAID TRADITIONAL TEAPOT ,2,6.95,17166,United Kingdom
553916,2011-05-20 08:18:00,21238,RED RETROSPOT CUP,8,0.85,17166,United Kingdom
553916,2011-05-20 08:18:00,20676,RED RETROSPOT BOWL,8,1.25,17166,United Kingdom
553916,2011-05-20 08:18:00,21242,RED RETROSPOT PLATE ,8,1.69,17166,United Kingdom
553916,2011-05-20 08:18:00,22725,ALARM CLOCK BAKELIKE CHOCOLATE,4,3.75,17166,United Kingdom
553916,2011-05-20 08:18:00,22727,ALARM CLOCK BAKELIKE RED ,4,3.75,17166,United Kingdom
553916,2011-05-20 08:18:00,22729,ALARM CLOCK BAKELIKE ORANGE,4,3.75,17166,United Kingdom
553916,2011-05-20 08:18:00,21245,GREEN POLKADOT PLATE ,8,1.69,17166,United Kingdom
554095,2011-05-22 12:51:00,84755,COLOUR GLASS T-LIGHT HOLDER HANGING,32,0.65,14682,United Kingdom
554697,2011-05-25 17:31:00,85152,HAND OVER THE CHOCOLATE   SIGN ,4,2.1,14584,United Kingdom
554697,2011-05-25 17:31:00,35961,FOLKART ZINC HEART CHRISTMAS DEC,5,0.85,14584,United Kingdom
554697,2011-05-25 17:31:00,23301,GARDENERS KNEELING PAD KEEP CALM ,3,1.65,14584,United Kingdom
554697,2011-05-25 17:31:00,23300,GARDENERS KNEELING PAD CUP OF TEA ,3,1.65,14584,United Kingdom
554697,2011-05-25 17:31:00,22855,FINE WICKER HEART ,5,1.25,14584,United Kingdom
554697,2011-05-25 17:31:00,23298,SPOTTY BUNTING,2,4.95,14584,United Kingdom
554697,2011-05-25 17:31:00,23096,PETIT TRAY CHIC,5,1.65,14584,United Kingdom
554697,2011-05-25 17:31:00,21754,HOME BUILDING BLOCK WORD,2,5.95,14584,United Kingdom
554697,2011-05-25 17:31:00,21756,BATH BUILDING BLOCK WORD,1,5.95,14584,United Kingdom
554697,2011-05-25 17:31:00,21390,FILIGRIS HEART WITH BUTTERFLY,5,1.25,14584,United Kingdom
554697,2011-05-25 17:31:00,21385,IVORY HANGING DECORATION  HEART,5,0.85,14584,United Kingdom
554697,2011-05-25 17:31:00,22457,NATURAL SLATE HEART CHALKBOARD ,2,2.95,14584,United Kingdom
554697,2011-05-25 17:31:00,22487,WHITE WOOD GARDEN PLANT LADDER,2,9.95,14584,United Kingdom
554697,2011-05-25 17:31:00,22284,HEN HOUSE DECORATION,5,1.65,14584,United Kingdom
554697,2011-05-25 17:31:00,21442,GREEN BIRDHOUSE DECORATION,6,0.85,14584,United Kingdom
554697,2011-05-25 17:31:00,21179,NO JUNK MAIL METAL SIGN,4,1.25,14584,United Kingdom
554697,2011-05-25 17:31:00,82484,WOOD BLACK BOARD ANT WHITE FINISH,2,7.95,14584,United Kingdom
554697,2011-05-25 17:31:00,21441,BLUE BIRDHOUSE DECORATION,6,0.85,14584,United Kingdom
554697,2011-05-25 17:31:00,21165,BEWARE OF THE CAT METAL SIGN ,5,1.69,14584,United Kingdom
554697,2011-05-25 17:31:00,21175,GIN + TONIC DIET METAL SIGN,3,2.55,14584,United Kingdom
554697,2011-05-25 17:31:00,21174,POTTERING IN THE SHED METAL SIGN,5,2.08,14584,United Kingdom
554697,2011-05-25 17:31:00,22413,METAL SIGN TAKE IT OR LEAVE IT ,3,2.95,14584,United Kingdom
554697,2011-05-25 17:31:00,21164,HOME SWEET HOME METAL SIGN ,3,2.95,14584,United Kingdom
554697,2011-05-25 17:31:00,21166,COOK WITH WINE METAL SIGN ,1,2.08,14584,United Kingdom
554697,2011-05-25 17:31:00,21904,HOUSE WRECKING METAL SIGN ,2,2.1,14584,United Kingdom
554697,2011-05-25 17:31:00,21169,YOU'RE CONFUSING ME METAL SIGN ,5,1.69,14584,United Kingdom
554697,2011-05-25 17:31:00,21905,MORE BUTTER METAL SIGN ,2,2.1,14584,United Kingdom
554697,2011-05-25 17:31:00,21907,I'M ON HOLIDAY METAL SIGN,1,2.1,14584,United Kingdom
554697,2011-05-25 17:31:00,22412,METAL SIGN NEIGHBOURHOOD WITCH ,7,2.1,14584,United Kingdom
554837,2011-05-26 16:30:00,22844,VINTAGE CREAM DOG FOOD CONTAINER,2,8.5,14584,United Kingdom
554837,2011-05-26 16:30:00,22845,VINTAGE CREAM CAT FOOD CONTAINER,2,6.35,14584,United Kingdom
554837,2011-05-26 16:30:00,22430,ENAMEL WATERING CAN CREAM,2,4.95,14584,United Kingdom
554837,2011-05-26 16:30:00,22496,SET OF 2 ROUND TINS DUTCH CHEESE,2,2.95,14584,United Kingdom
554837,2011-05-26 16:30:00,22178,VICTORIAN GLASS HANGING T-LIGHT,6,1.25,14584,United Kingdom
554837,2011-05-26 16:30:00,22499,WOODEN UNION JACK BUNTING,1,5.95,14584,United Kingdom
554837,2011-05-26 16:30:00,21868,POTTING SHED TEA MUG,6,1.25,14584,United Kingdom
554837,2011-05-26 16:30:00,22173,METAL 4 HOOK HANGER FRENCH CHATEAU,3,2.95,14584,United Kingdom
554837,2011-05-26 16:30:00,22606,WOODEN SKITTLES GARDEN SET,4,15.95,14584,United Kingdom
554837,2011-05-26 16:30:00,22495,SET OF 2 ROUND TINS CAMEMBERT ,2,2.95,14584,United Kingdom
554837,2011-05-26 16:30:00,85123A,WHITE HANGING HEART T-LIGHT HOLDER,3,2.95,14584,United Kingdom
554837,2011-05-26 16:30:00,22429,ENAMEL MEASURING JUG CREAM,2,4.25,14584,United Kingdom
554837,2011-05-26 16:30:00,85062,PEARL CRYSTAL PUMPKIN T-LIGHT HLDR,6,1.65,14584,United Kingdom
554837,2011-05-26 16:30:00,84879,ASSORTED COLOUR BIRD ORNAMENT,8,1.69,14584,United Kingdom
554837,2011-05-26 16:30:00,22469,HEART OF WICKER SMALL,3,1.65,14584,United Kingdom
554837,2011-05-26 16:30:00,22696,WICKER WREATH LARGE,3,1.95,14584,United Kingdom
554837,2011-05-26 16:30:00,22694,WICKER STAR ,3,2.1,14584,United Kingdom
554837,2011-05-26 16:30:00,22470,HEART OF WICKER LARGE,3,2.95,14584,United Kingdom
554837,2011-05-26 16:30:00,21896,POTTING SHED TWINE,2,2.1,14584,United Kingdom
554837,2011-05-26 16:30:00,22784,LANTERN CREAM GAZEBO ,2,4.95,14584,United Kingdom
554837,2011-05-26 16:30:00,22427,ENAMEL FLOWER JUG CREAM,2,5.95,14584,United Kingdom
554837,2011-05-26 16:30:00,23091,ZINC HERB GARDEN CONTAINER,2,6.25,14584,United Kingdom
554837,2011-05-26 16:30:00,71215,METAL BASE FOR CANDLES,10,0.42,14584,United Kingdom
555011,2011-05-31 10:43:00,22927,GREEN GIANT GARDEN THERMOMETER,2,5.95,16168,United Kingdom
555011,2011-05-31 10:43:00,21188,3D HEARTS  HONEYCOMB PAPER GARLAND,12,2.95,16168,United Kingdom
555011,2011-05-31 10:43:00,21658,GLASS  BEURRE DISH,4,3.95,16168,United Kingdom
555011,2011-05-31 10:43:00,22928,YELLOW GIANT GARDEN THERMOMETER,2,5.95,16168,United Kingdom
555520,2011-06-05 11:14:00,21069,VINTAGE BILLBOARD TEA MUG,1,1.25,15038,United Kingdom
555520,2011-06-05 11:14:00,21070,VINTAGE BILLBOARD MUG ,1,1.25,15038,United Kingdom
555520,2011-06-05 11:14:00,23070,EDWARDIAN HEART PHOTO FRAME,2,4.15,15038,United Kingdom
555520,2011-06-05 11:14:00,21071,VINTAGE BILLBOARD DRINK ME MUG,1,1.25,15038,United Kingdom
555520,2011-06-05 11:14:00,22478,BIRDHOUSE GARDEN MARKER ,1,1.25,15038,United Kingdom
555520,2011-06-05 11:14:00,22477,WATERING CAN GARDEN MARKER,1,1.25,15038,United Kingdom
555520,2011-06-05 11:14:00,82486,WOOD S/3 CABINET ANT WHITE FINISH,1,8.95,15038,United Kingdom
555520,2011-06-05 11:14:00,23091,ZINC HERB GARDEN CONTAINER,1,6.25,15038,United Kingdom
555520,2011-06-05 11:14:00,23090,VINTAGE GLASS T-LIGHT HOLDER,3,0.83,15038,United Kingdom
555520,2011-06-05 11:14:00,22427,ENAMEL FLOWER JUG CREAM,1,5.95,15038,United Kingdom
555520,2011-06-05 11:14:00,22501,PICNIC BASKET WICKER LARGE,1,3.0,15038,United Kingdom
555520,2011-06-05 11:14:00,21794,CLASSIC FRENCH STYLE BASKET NATURAL,1,3.95,15038,United Kingdom
555520,2011-06-05 11:14:00,21754,HOME BUILDING BLOCK WORD,1,5.95,15038,United Kingdom
555520,2011-06-05 11:14:00,82494L,WOODEN FRAME ANTIQUE WHITE ,1,2.95,15038,United Kingdom
555520,2011-06-05 11:14:00,23055,IVORY CHANDELIER T-LIGHT HOLDER,1,6.25,15038,United Kingdom
555520,2011-06-05 11:14:00,22918,HERB MARKER PARSLEY,1,0.65,15038,United Kingdom
555520,2011-06-05 11:14:00,22920,HERB MARKER BASIL,1,0.65,15038,United Kingdom
555520,2011-06-05 11:14:00,22921,HERB MARKER CHIVES ,1,0.65,15038,United Kingdom
555520,2011-06-05 11:14:00,22919,HERB MARKER MINT,1,0.65,15038,United Kingdom
555520,2011-06-05 11:14:00,23301,GARDENERS KNEELING PAD KEEP CALM ,1,1.65,15038,United Kingdom
555520,2011-06-05 11:14:00,21742,LARGE ROUND WICKER PLATTER ,1,5.95,15038,United Kingdom
555520,2011-06-05 11:14:00,22487,WHITE WOOD GARDEN PLANT LADDER,1,9.95,15038,United Kingdom
555520,2011-06-05 11:14:00,23284,DOORMAT KEEP CALM AND COME IN,1,7.95,15038,United Kingdom
555520,2011-06-05 11:14:00,82484,WOOD BLACK BOARD ANT WHITE FINISH,1,7.95,15038,United Kingdom
555520,2011-06-05 11:14:00,90175A,WHITE GLASS CHUNKY CHARM BRACELET,1,8.95,15038,United Kingdom
555520,2011-06-05 11:14:00,90209B,GREEN ENAMEL+GLASS HAIR COMB,1,2.1,15038,United Kingdom
555520,2011-06-05 11:14:00,90209C,PINK ENAMEL+GLASS HAIR COMB,1,2.1,15038,United Kingdom
555520,2011-06-05 11:14:00,47566,PARTY BUNTING,1,4.95,15038,United Kingdom
555520,2011-06-05 11:14:00,23103,JINGLE BELL HEART DECORATION,1,1.65,15038,United Kingdom
555521,2011-06-05 11:21:00,82580,BATHROOM METAL SIGN,12,0.55,13576,United Kingdom
555521,2011-06-05 11:21:00,21165,BEWARE OF THE CAT METAL SIGN ,12,1.69,13576,United Kingdom
555521,2011-06-05 11:21:00,21754,HOME BUILDING BLOCK WORD,3,5.95,13576,United Kingdom
555521,2011-06-05 11:21:00,22041,"RECORD FRAME 7"" SINGLE SIZE ",48,2.1,13576,United Kingdom
555521,2011-06-05 11:21:00,21137,BLACK RECORD COVER FRAME,72,3.39,13576,United Kingdom
555534,2011-06-05 12:12:00,84755,COLOUR GLASS T-LIGHT HOLDER HANGING,48,0.65,14682,United Kingdom
555539,2011-06-05 12:44:00,21390,FILIGRIS HEART WITH BUTTERFLY,7,1.25,14472,United Kingdom
555539,2011-06-05 12:44:00,22227,HANGING HEART MIRROR DECORATION ,3,0.65,14472,United Kingdom
555539,2011-06-05 12:44:00,22227,HANGING HEART MIRROR DECORATION ,2,0.65,14472,United Kingdom
555539,2011-06-05 12:44:00,35971,ROSE FOLKART HEART DECORATIONS,5,1.25,14472,United Kingdom
555539,2011-06-05 12:44:00,21385,IVORY HANGING DECORATION  HEART,4,0.85,14472,United Kingdom
555539,2011-06-05 12:44:00,22219,LOVEBIRD HANGING DECORATION WHITE ,5,0.85,14472,United Kingdom
555539,2011-06-05 12:44:00,35972,DAISY FOLKART HEART DECORATION,6,1.25,14472,United Kingdom
555539,2011-06-05 12:44:00,71477,COLOUR GLASS. STAR T-LIGHT HOLDER,4,3.25,14472,United Kingdom
555539,2011-06-05 12:44:00,21755,LOVE BUILDING BLOCK WORD,1,5.95,14472,United Kingdom
555539,2011-06-05 12:44:00,21756,BATH BUILDING BLOCK WORD,1,5.95,14472,United Kingdom
555539,2011-06-05 12:44:00,84949,SILVER HANGING T-LIGHT HOLDER,12,1.65,14472,United Kingdom
555539,2011-06-05 12:44:00,22178,VICTORIAN GLASS HANGING T-LIGHT,12,1.25,14472,United Kingdom
555539,2011-06-05 12:44:00,84755,COLOUR GLASS T-LIGHT HOLDER HANGING,16,0.65,14472,United Kingdom
555539,2011-06-05 12:44:00,23068,ALUMINIUM STAMPED HEART,8,2.49,14472,United Kingdom
555539,2011-06-05 12:44:00,23301,GARDENERS KNEELING PAD KEEP CALM ,2,1.65,14472,United Kingdom
555539,2011-06-05 12:44:00,22423,REGENCY CAKESTAND 3 TIER,1,12.75,14472,United Kingdom
555539,2011-06-05 12:44:00,82600,NO SINGING METAL SIGN,2,2.1,14472,United Kingdom
555539,2011-06-05 12:44:00,85152,HAND OVER THE CHOCOLATE   SIGN ,4,2.1,14472,United Kingdom
555539,2011-06-05 12:44:00,21175,GIN + TONIC DIET METAL SIGN,3,2.55,14472,United Kingdom
555539,2011-06-05 12:44:00,22412,METAL SIGN NEIGHBOURHOOD WITCH ,4,2.1,14472,United Kingdom
555539,2011-06-05 12:44:00,84879,ASSORTED COLOUR BIRD ORNAMENT,8,1.69,14472,United Kingdom
555539,2011-06-05 12:44:00,21908,CHOCOLATE THIS WAY METAL SIGN,1,2.1,14472,United Kingdom
555539,2011-06-05 12:44:00,21907,I'M ON HOLIDAY METAL SIGN,1,2.1,14472,United Kingdom
555539,2011-06-05 12:44:00,21770,OPEN CLOSED METAL SIGN,1,4.95,14472,United Kingdom
555539,2011-06-05 12:44:00,21420,OYSTER TRINKET BOX,2,3.25,14472,United Kingdom
555539,2011-06-05 12:44:00,21166,COOK WITH WINE METAL SIGN ,2,2.08,14472,United Kingdom
555648,2011-06-06 13:46:00,21035,SET/2 RED RETROSPOT TEA TOWELS ,2,3.25,14623,United Kingdom
555648,2011-06-06 13:46:00,84279P,CHERRY BLOSSOM  DECORATIVE FLASK,1,3.75,14623,United Kingdom
555648,2011-06-06 13:46:00,22138,BAKING SET 9 PIECE RETROSPOT ,2,4.95,14623,United Kingdom
555648,2011-06-06 13:46:00,84519A,TOMATO CHARLIE+LOLA COASTER SET,1,1.25,14623,United Kingdom
555648,2011-06-06 13:46:00,21534,DAIRY MAID LARGE MILK JUG,1,4.95,14623,United Kingdom
555648,2011-06-06 13:46:00,22617,BAKING SET SPACEBOY DESIGN,1,4.95,14623,United Kingdom
555648,2011-06-06 13:46:00,22723,SET OF 6 HERB TINS SKETCHBOOK,1,3.95,14623,United Kingdom
555648,2011-06-06 13:46:00,22558,CLOTHES PEGS RETROSPOT PACK 24 ,4,1.65,14623,United Kingdom
555648,2011-06-06 13:46:00,21154,RED RETROSPOT OVEN GLOVE ,2,1.25,14623,United Kingdom
555648,2011-06-06 13:46:00,22625,RED KITCHEN SCALES,2,8.5,14623,United Kingdom
555648,2011-06-06 13:46:00,22951,60 CAKE CASES DOLLY GIRL DESIGN,3,0.55,14623,United Kingdom
555648,2011-06-06 13:46:00,23184,BULL DOG BOTTLE OPENER,1,4.95,14623,United Kingdom
555648,2011-06-06 13:46:00,84828,JUNGLE POPSICLES ICE LOLLY MOULDS,1,1.25,14623,United Kingdom
555648,2011-06-06 13:46:00,22624,IVORY KITCHEN SCALES,1,8.5,14623,United Kingdom
555648,2011-06-06 13:46:00,22795,SWEETHEART RECIPE BOOK STAND,1,6.75,14623,United Kingdom
555648,2011-06-06 13:46:00,22626,BLACK KITCHEN SCALES,2,8.5,14623,United Kingdom
555648,2011-06-06 13:46:00,22627,MINT KITCHEN SCALES,2,8.5,14623,United Kingdom
555648,2011-06-06 13:46:00,84519B,CARROT CHARLIE+LOLA COASTER SET,1,1.25,14623,United Kingdom
555648,2011-06-06 13:46:00,84378,SET OF 3 HEART COOKIE CUTTERS,1,1.25,14623,United Kingdom
555648,2011-06-06 13:46:00,84279B,CHERRY BLOSSOM DECORATIVE FLASK,1,3.75,14623,United Kingdom
555648,2011-06-06 13:46:00,22072,RED RETROSPOT TEA CUP AND SAUCER ,3,3.75,14623,United Kingdom
555648,2011-06-06 13:46:00,22429,ENAMEL MEASURING JUG CREAM,1,4.25,14623,United Kingdom
555648,2011-06-06 13:46:00,M,Manual,12,0.39,14623,United Kingdom
555648,2011-06-06 13:46:00,72128,COLUMBIAN CANDLE ROUND,1,0.85,14623,United Kingdom
555648,2011-06-06 13:46:00,72127,COLUMBIAN CANDLE ROUND ,1,1.25,14623,United Kingdom
555648,2011-06-06 13:46:00,79164,BLACK WINE GLASS,2,0.39,14623,United Kingdom
555648,2011-06-06 13:46:00,79163,BLACK CHAMPAGNE GLASS,21,0.39,14623,United Kingdom
555648,2011-06-06 13:46:00,22951,60 CAKE CASES DOLLY GIRL DESIGN,1,0.55,14623,United Kingdom
555648,2011-06-06 13:46:00,22979,PANTRY WASHING UP BRUSH,2,1.45,14623,United Kingdom
555648,2011-06-06 13:46:00,84380,SET OF 3 BUTTERFLY COOKIE CUTTERS,2,1.25,14623,United Kingdom
555648,2011-06-06 13:46:00,72130,COLUMBIAN CANDLE ROUND,1,0.65,14623,United Kingdom
555648,2011-06-06 13:46:00,22639,SET OF 4 NAPKIN CHARMS HEARTS,2,2.55,14623,United Kingdom
555648,2011-06-06 13:46:00,22641,SET OF 4 NAPKIN CHARMS INSTRUMENT,2,2.55,14623,United Kingdom
555648,2011-06-06 13:46:00,22425,ENAMEL COLANDER CREAM,1,4.95,14623,United Kingdom
555648,2011-06-06 13:46:00,22426,ENAMEL WASH BOWL CREAM,1,3.75,14623,United Kingdom
555648,2011-06-06 13:46:00,22428,ENAMEL FIRE BUCKET CREAM,1,6.95,14623,United Kingdom
555648,2011-06-06 13:46:00,22964,3 PIECE SPACEBOY COOKIE CUTTER SET,1,2.1,14623,United Kingdom
555648,2011-06-06 13:46:00,21467,CHERRY CROCHET FOOD COVER,1,3.75,14623,United Kingdom
555648,2011-06-06 13:46:00,23200,JUMBO BAG PEARS,1,2.08,14623,United Kingdom
555648,2011-06-06 13:46:00,21470,FLOWER VINE RAFFIA FOOD COVER,1,3.75,14623,United Kingdom
555648,2011-06-06 13:46:00,22604,SET OF 4 NAPKIN CHARMS CUTLERY,2,2.55,14623,United Kingdom
555695,2011-06-06 14:32:00,22423,REGENCY CAKESTAND 3 TIER,2,12.75,16168,United Kingdom
555695,2011-06-06 14:32:00,23175,REGENCY MILK JUG PINK ,4,3.25,16168,United Kingdom
555695,2011-06-06 14:32:00,22699,ROSES REGENCY TEACUP AND SAUCER ,6,2.95,16168,United Kingdom
555695,2011-06-06 14:32:00,23301,GARDENERS KNEELING PAD KEEP CALM ,48,1.45,16168,United Kingdom
555695,2011-06-06 14:32:00,22698,PINK REGENCY TEACUP AND SAUCER,6,2.95,16168,United Kingdom
555705,2011-06-06 15:24:00,47591D,PINK FAIRY CAKE CHILDRENS APRON,2,1.95,14713,United Kingdom
555705,2011-06-06 15:24:00,21272,SALLE DE BAIN HOOK,2,1.25,14713,United Kingdom
555705,2011-06-06 15:24:00,20996,JAZZ HEARTS ADDRESS BOOK,24,0.19,14713,United Kingdom
555705,2011-06-06 15:24:00,22178,VICTORIAN GLASS HANGING T-LIGHT,6,1.25,14713,United Kingdom
555705,2011-06-06 15:24:00,22174,PHOTO CUBE,3,1.65,14713,United Kingdom
555705,2011-06-06 15:24:00,82486,WOOD S/3 CABINET ANT WHITE FINISH,1,8.95,14713,United Kingdom
555705,2011-06-06 15:24:00,82483,WOOD 2 DRAWER CABINET WHITE FINISH,2,6.95,14713,United Kingdom
555705,2011-06-06 15:24:00,22487,WHITE WOOD GARDEN PLANT LADDER,1,9.95,14713,United Kingdom
555705,2011-06-06 15:24:00,22605,WOODEN CROQUET GARDEN SET,2,14.95,14713,United Kingdom
555705,2011-06-06 15:24:00,21745,GAOLERS KEYS DECORATIVE GARDEN ,2,3.75,14713,United Kingdom
555705,2011-06-06 15:24:00,20992,JAZZ HEARTS PURSE NOTEBOOK,24,0.39,14713,United Kingdom
555705,2011-06-06 15:24:00,23206,LUNCH BAG APPLE DESIGN,6,1.65,14713,United Kingdom
555705,2011-06-06 15:24:00,20727,LUNCH BAG  BLACK SKULL.,3,1.65,14713,United Kingdom
555705,2011-06-06 15:24:00,22384,LUNCH BAG PINK POLKADOT,3,1.65,14713,United Kingdom
555705,2011-06-06 15:24:00,20728,LUNCH BAG CARS BLUE,3,1.65,14713,United Kingdom
555705,2011-06-06 15:24:00,22355,CHARLOTTE BAG SUKI DESIGN,4,0.85,14713,United Kingdom
555705,2011-06-06 15:24:00,85123A,WHITE HANGING HEART T-LIGHT HOLDER,4,2.95,14713,United Kingdom
555705,2011-06-06 15:24:00,22147,FELTCRAFT BUTTERFLY HEARTS,4,1.45,14713,United Kingdom
555705,2011-06-06 15:24:00,21705,BAG 500g SWIRLY MARBLES,6,1.65,14713,United Kingdom
555705,2011-06-06 15:24:00,21918,SET 12 KIDS COLOUR  CHALK STICKS,12,0.42,14713,United Kingdom
555705,2011-06-06 15:24:00,21793,CLASSIC FRENCH STYLE BASKET BROWN,10,3.95,14713,United Kingdom
555705,2011-06-06 15:24:00,21792,CLASSIC FRENCH STYLE BASKET GREEN ,10,3.95,14713,United Kingdom
555705,2011-06-06 15:24:00,23208,LUNCH BAG VINTAGE LEAF DESIGN,3,1.65,14713,United Kingdom
555818,2011-06-07 11:59:00,22427,ENAMEL FLOWER JUG CREAM,36,5.45,13784,United Kingdom
555818,2011-06-07 11:59:00,23163,REGENCY SUGAR TONGS,24,2.49,13784,United Kingdom
555848,2011-06-07 13:31:00,22796,PHOTO FRAME 3 CLASSIC HANGING,2,9.95,16081,United Kingdom
555848,2011-06-07 13:31:00,22169,FAMILY ALBUM WHITE PICTURE FRAME,2,8.5,16081,United Kingdom
555848,2011-06-07 13:31:00,22178,VICTORIAN GLASS HANGING T-LIGHT,12,1.25,16081,United Kingdom
555848,2011-06-07 13:31:00,22470,HEART OF WICKER LARGE,6,2.95,16081,United Kingdom
555848,2011-06-07 13:31:00,22156,HEART DECORATION WITH PEARLS ,12,0.85,16081,United Kingdom
555848,2011-06-07 13:31:00,47566,PARTY BUNTING,4,4.95,16081,United Kingdom
555848,2011-06-07 13:31:00,22804,CANDLEHOLDER PINK HANGING HEART,12,2.95,16081,United Kingdom
555848,2011-06-07 13:31:00,71053,WHITE METAL LANTERN,4,3.75,16081,United Kingdom
555848,2011-06-07 13:31:00,21314,SMALL GLASS HEART TRINKET POT,8,2.1,16081,United Kingdom
555848,2011-06-07 13:31:00,22697,GREEN REGENCY TEACUP AND SAUCER,6,2.95,16081,United Kingdom
555848,2011-06-07 13:31:00,84879,ASSORTED COLOUR BIRD ORNAMENT,16,1.69,16081,United Kingdom
555848,2011-06-07 13:31:00,22189,CREAM HEART CARD HOLDER,4,3.95,16081,United Kingdom
555848,2011-06-07 13:31:00,22766,PHOTO FRAME CORNICE,8,2.95,16081,United Kingdom
555848,2011-06-07 13:31:00,85123A,WHITE HANGING HEART T-LIGHT HOLDER,12,2.95,16081,United Kingdom
555848,2011-06-07 13:31:00,21441,BLUE BIRDHOUSE DECORATION,12,0.85,16081,United Kingdom
555848,2011-06-07 13:31:00,82486,WOOD S/3 CABINET ANT WHITE FINISH,2,8.95,16081,United Kingdom
555848,2011-06-07 13:31:00,23061,VINTAGE EMBOSSED HEART,12,1.25,16081,United Kingdom
555848,2011-06-07 13:31:00,23103,JINGLE BELL HEART DECORATION,24,1.65,16081,United Kingdom
555848,2011-06-07 13:31:00,22457,NATURAL SLATE HEART CHALKBOARD ,6,2.95,16081,United Kingdom
555848,2011-06-07 13:31:00,22469,HEART OF WICKER SMALL,12,1.65,16081,United Kingdom
555848,2011-06-07 13:31:00,22698,PINK REGENCY TEACUP AND SAUCER,6,2.95,16081,United Kingdom
556183,2011-06-09 11:37:00,21238,RED RETROSPOT CUP,8,0.85,13134,United Kingdom
556183,2011-06-09 11:37:00,21244,BLUE POLKADOT PLATE ,8,1.69,13134,United Kingdom
556183,2011-06-09 11:37:00,21240,BLUE POLKADOT CUP,8,0.85,13134,United Kingdom
556183,2011-06-09 11:37:00,21242,RED RETROSPOT PLATE ,8,1.69,13134,United Kingdom
556183,2011-06-09 11:37:00,20675,BLUE POLKADOT BOWL,8,1.25,13134,United Kingdom
556183,2011-06-09 11:37:00,22191,IVORY DINER WALL CLOCK,2,8.5,13134,United Kingdom
556183,2011-06-09 11:37:00,22795,SWEETHEART RECIPE BOOK STAND,2,6.75,13134,United Kingdom
556183,2011-06-09 11:37:00,21232,STRAWBERRY CERAMIC TRINKET BOX,12,1.25,13134,United Kingdom
556183,2011-06-09 11:37:00,20676,RED RETROSPOT BOWL,8,1.25,13134,United Kingdom
556183,2011-06-09 11:37:00,21231,SWEETHEART CERAMIC TRINKET BOX,12,1.25,13134,United Kingdom
556183,2011-06-09 11:37:00,21114,LAVENDER SCENTED FABRIC HEART,10,1.25,13134,United Kingdom
556183,2011-06-09 11:37:00,22663,JUMBO BAG DOLLY GIRL DESIGN,10,2.08,13134,United Kingdom
556183,2011-06-09 11:37:00,84795B,SUNSET CHECK HAMMOCK,4,7.95,13134,United Kingdom
556183,2011-06-09 11:37:00,22960,JAM MAKING SET WITH JARS,6,4.25,13134,United Kingdom
556183,2011-06-09 11:37:00,22961,JAM MAKING SET PRINTED,12,1.45,13134,United Kingdom
556183,2011-06-09 11:37:00,21164,HOME SWEET HOME METAL SIGN ,6,2.95,13134,United Kingdom
556183,2011-06-09 11:37:00,21922,UNION STRIPE WITH FRINGE  HAMMOCK,4,7.95,13134,United Kingdom
556183,2011-06-09 11:37:00,22413,METAL SIGN TAKE IT OR LEAVE IT ,6,2.95,13134,United Kingdom
556183,2011-06-09 11:37:00,22804,CANDLEHOLDER PINK HANGING HEART,6,2.95,13134,United Kingdom
556183,2011-06-09 11:37:00,22385,JUMBO BAG SPACEBOY DESIGN,10,2.08,13134,United Kingdom
556183,2011-06-09 11:37:00,84817,DANISH ROSE DECORATIVE PLATE,12,2.1,13134,United Kingdom
556280,2011-06-09 20:03:00,22429,ENAMEL MEASURING JUG CREAM,2,4.25,14584,United Kingdom
556280,2011-06-09 20:03:00,22500,SET OF 2 TINS JARDIN DE PROVENCE,1,4.95,14584,United Kingdom
556280,2011-06-09 20:03:00,23061,VINTAGE EMBOSSED HEART,6,1.25,14584,United Kingdom
556280,2011-06-09 20:03:00,22500,SET OF 2 TINS JARDIN DE PROVENCE,1,4.95,14584,United Kingdom
556280,2011-06-09 20:03:00,22497,SET OF 2 TINS VINTAGE BATHROOM ,1,4.25,14584,United Kingdom
556280,2011-06-09 20:03:00,22283,6 EGG HOUSE PAINTED WOOD,2,7.95,14584,United Kingdom
556280,2011-06-09 20:03:00,22430,ENAMEL WATERING CAN CREAM,1,4.95,14584,United Kingdom
556280,2011-06-09 20:03:00,21755,LOVE BUILDING BLOCK WORD,2,5.95,14584,United Kingdom
556280,2011-06-09 20:03:00,22487,WHITE WOOD GARDEN PLANT LADDER,2,9.95,14584,United Kingdom
556280,2011-06-09 20:03:00,21756,BATH BUILDING BLOCK WORD,2,5.95,14584,United Kingdom
556280,2011-06-09 20:03:00,21754,HOME BUILDING BLOCK WORD,2,5.95,14584,United Kingdom
556280,2011-06-09 20:03:00,22497,SET OF 2 TINS VINTAGE BATHROOM ,1,4.25,14584,United Kingdom
556280,2011-06-09 20:03:00,23094,LE GRAND TRAY CHIC SET,2,12.5,14584,United Kingdom
556280,2011-06-09 20:03:00,22762,CUPBOARD 3 DRAWER MA CAMPAGNE,2,14.95,14584,United Kingdom
556280,2011-06-09 20:03:00,23091,ZINC HERB GARDEN CONTAINER,3,6.25,14584,United Kingdom
556280,2011-06-09 20:03:00,21876,POTTERING MUG,6,1.25,14584,United Kingdom
556280,2011-06-09 20:03:00,84879,ASSORTED COLOUR BIRD ORNAMENT,8,1.69,14584,United Kingdom
556280,2011-06-09 20:03:00,21169,YOU'RE CONFUSING ME METAL SIGN ,4,1.69,14584,United Kingdom
556280,2011-06-09 20:03:00,22295,HEART FILIGREE DOVE LARGE,6,1.65,14584,United Kingdom
556280,2011-06-09 20:03:00,21386,IVORY HANGING DECORATION  EGG,7,0.19,14584,United Kingdom
556280,2011-06-09 20:03:00,22173,METAL 4 HOOK HANGER FRENCH CHATEAU,4,2.95,14584,United Kingdom
556280,2011-06-09 20:03:00,23146,TRIPLE HOOK ANTIQUE IVORY ROSE,3,3.29,14584,United Kingdom
556280,2011-06-09 20:03:00,85123A,WHITE HANGING HEART T-LIGHT HOLDER,2,2.95,14584,United Kingdom
556280,2011-06-09 20:03:00,85152,HAND OVER THE CHOCOLATE   SIGN ,4,2.1,14584,United Kingdom
556280,2011-06-09 20:03:00,21174,POTTERING IN THE SHED METAL SIGN,5,2.08,14584,United Kingdom
556280,2011-06-09 20:03:00,21179,NO JUNK MAIL METAL SIGN,6,1.25,14584,United Kingdom
556280,2011-06-09 20:03:00,21166,COOK WITH WINE METAL SIGN ,4,2.08,14584,United Kingdom
556280,2011-06-09 20:03:00,21903,MAN FLU METAL SIGN,4,2.1,14584,United Kingdom
556280,2011-06-09 20:03:00,21905,MORE BUTTER METAL SIGN ,4,2.1,14584,United Kingdom
556280,2011-06-09 20:03:00,21907,I'M ON HOLIDAY METAL SIGN,4,2.1,14584,United Kingdom
556280,2011-06-09 20:03:00,21175,GIN + TONIC DIET METAL SIGN,5,2.55,14584,United Kingdom
556280,2011-06-09 20:03:00,21165,BEWARE OF THE CAT METAL SIGN ,4,1.69,14584,United Kingdom
556280,2011-06-09 20:03:00,22413,METAL SIGN TAKE IT OR LEAVE IT ,4,2.95,14584,United Kingdom
556280,2011-06-09 20:03:00,21164,HOME SWEET HOME METAL SIGN ,4,2.95,14584,United Kingdom
557089,2011-06-16 15:36:00,21137,BLACK RECORD COVER FRAME,72,3.39,13576,United Kingdom
557089,2011-06-16 15:36:00,82001S,VINYL RECORD FRAME SILVER,24,3.39,13576,United Kingdom
557089,2011-06-16 15:36:00,21368,MIRRORED WALL ART LADIES,12,0.75,13576,United Kingdom
557089,2011-06-16 15:36:00,21367,MIRRORED WALL ART GENTS,12,0.75,13576,United Kingdom
557259,2011-06-19 10:38:00,23170,REGENCY TEA PLATE ROSES ,12,1.65,15909,United Kingdom
557259,2011-06-19 10:38:00,23171,REGENCY TEA PLATE GREEN ,12,1.65,15909,United Kingdom
557259,2011-06-19 10:38:00,23172,REGENCY TEA PLATE PINK,12,1.65,15909,United Kingdom
557259,2011-06-19 10:38:00,22583,PACK OF 6 HANDBAG GIFT BOXES,2,2.55,15909,United Kingdom
557259,2011-06-19 10:38:00,21504,SKULLS GREETING CARD,12,0.42,15909,United Kingdom
557259,2011-06-19 10:38:00,22699,ROSES REGENCY TEACUP AND SAUCER ,24,2.55,15909,United Kingdom
557259,2011-06-19 10:38:00,22697,GREEN REGENCY TEACUP AND SAUCER,24,2.55,15909,United Kingdom
557426,2011-06-20 12:06:00,82581,TOILET METAL SIGN,1,0.55,15016,United Kingdom
557426,2011-06-20 12:06:00,15044A,PINK PAPER PARASOL ,4,2.95,15016,United Kingdom
557426,2011-06-20 12:06:00,21086,SET/6 RED SPOTTY PAPER CUPS,6,0.65,15016,United Kingdom
557426,2011-06-20 12:06:00,22804,CANDLEHOLDER PINK HANGING HEART,5,2.95,15016,United Kingdom
557426,2011-06-20 12:06:00,85036A,GARDENIA 1 WICK MORRIS BOXED CANDLE,2,4.25,15016,United Kingdom
557426,2011-06-20 12:06:00,84755,COLOUR GLASS T-LIGHT HOLDER HANGING,8,0.65,15016,United Kingdom
557426,2011-06-20 12:06:00,85035A,GARDENIA 3 WICK MORRIS BOXED CANDLE,1,4.25,15016,United Kingdom
557426,2011-06-20 12:06:00,75049L,LARGE CIRCULAR MIRROR MOBILE,3,1.25,15016,United Kingdom
557426,2011-06-20 12:06:00,23270,SET OF 2 CERAMIC PAINTED HEARTS ,6,1.45,15016,United Kingdom
557426,2011-06-20 12:06:00,23068,ALUMINIUM STAMPED HEART,4,2.49,15016,United Kingdom
557426,2011-06-20 12:06:00,21361,LOVE LARGE WOOD LETTERS ,1,12.75,15016,United Kingdom
557426,2011-06-20 12:06:00,23121,PACK OF 6 COCKTAIL PARASOL STRAWS,24,0.42,15016,United Kingdom
557426,2011-06-20 12:06:00,21621,VINTAGE UNION JACK BUNTING,2,8.5,15016,United Kingdom
557426,2011-06-20 12:06:00,21625,VINTAGE UNION JACK APRON,1,6.95,15016,United Kingdom
557426,2011-06-20 12:06:00,21364,PEACE SMALL WOOD LETTERS,1,6.75,15016,United Kingdom
557426,2011-06-20 12:06:00,23050,RECYCLED ACAPULCO MAT GREEN,1,8.25,15016,United Kingdom
557426,2011-06-20 12:06:00,48138,DOORMAT UNION FLAG,1,7.95,15016,United Kingdom
557426,2011-06-20 12:06:00,20828,GLITTER BUTTERFLY CLIPS,2,2.55,15016,United Kingdom
557426,2011-06-20 12:06:00,23284,DOORMAT KEEP CALM AND COME IN,2,7.95,15016,United Kingdom
557426,2011-06-20 12:06:00,22365,DOORMAT RESPECTABLE HOUSE,1,7.95,15016,United Kingdom
557510,2011-06-20 16:19:00,71477,COLOUR GLASS. STAR T-LIGHT HOLDER,96,2.75,17588,United Kingdom
557510,2011-06-20 16:19:00,17091J,VANILLA INCENSE IN TIN,108,0.38,17588,United Kingdom
557612,2011-06-21 12:40:00,10133,COLOURING PENCILS BROWN TUBE,49,0.42,14460,United Kingdom
557612,2011-06-21 12:40:00,20840,FRENCH FLORAL CUSHION COVER ,24,0.85,14460,United Kingdom
557612,2011-06-21 12:40:00,21391,FRENCH LAVENDER SCENT HEART,36,0.75,14460,United Kingdom
557612,2011-06-21 12:40:00,21634,ASSORTED MINI MADRAS NOTEBOOK,48,0.39,14460,United Kingdom
557612,2011-06-21 12:40:00,20984,12 PENCILS TALL TUBE POSY,48,0.29,14460,United Kingdom
557612,2011-06-21 12:40:00,85019A,ROMANTIC IMAGES NOTEBOOK SET,24,1.25,14460,United Kingdom
557612,2011-06-21 12:40:00,21703,BAG 125g SWIRLY MARBLES,96,0.36,14460,United Kingdom
557612,2011-06-21 12:40:00,17003,BROCADE RING PURSE ,144,0.29,14460,United Kingdom
557612,2011-06-21 12:40:00,35651,VINTAGE BEAD PINK SCARF ,24,1.65,14460,United Kingdom
557952,2011-06-23 18:33:00,23301,GARDENERS KNEELING PAD KEEP CALM ,6,1.65,14584,United Kingdom
557952,2011-06-23 18:33:00,23300,GARDENERS KNEELING PAD CUP OF TEA ,6,1.65,14584,United Kingdom
557952,2011-06-23 18:33:00,22620,4 TRADITIONAL SPINNING TOPS,12,1.45,14584,United Kingdom
557952,2011-06-23 18:33:00,21754,HOME BUILDING BLOCK WORD,4,5.95,14584,United Kingdom
557952,2011-06-23 18:33:00,21756,BATH BUILDING BLOCK WORD,5,5.95,14584,United Kingdom
557952,2011-06-23 18:33:00,21755,LOVE BUILDING BLOCK WORD,4,5.95,14584,United Kingdom
557952,2011-06-23 18:33:00,22427,ENAMEL FLOWER JUG CREAM,3,5.95,14584,United Kingdom
557952,2011-06-23 18:33:00,22284,HEN HOUSE DECORATION,12,1.65,14584,United Kingdom
557952,2011-06-23 18:33:00,21868,POTTING SHED TEA MUG,6,1.25,14584,United Kingdom
557952,2011-06-23 18:33:00,21876,POTTERING MUG,6,1.25,14584,United Kingdom
557952,2011-06-23 18:33:00,23323,WHITE WICKER STAR ,5,2.1,14584,United Kingdom
557952,2011-06-23 18:33:00,23322,LARGE WHITE HEART OF WICKER,5,2.95,14584,United Kingdom
557952,2011-06-23 18:33:00,23321,SMALL WHITE HEART OF WICKER,5,1.65,14584,United Kingdom
557952,2011-06-23 18:33:00,22429,ENAMEL MEASURING JUG CREAM,3,4.25,14584,United Kingdom
558062,2011-06-24 15:17:00,84970S,HANGING HEART ZINC T-LIGHT HOLDER,72,0.85,13784,United Kingdom
558062,2011-06-24 15:17:00,84970L,SINGLE HEART ZINC T-LIGHT HOLDER,72,0.95,13784,United Kingdom
558062,2011-06-24 15:17:00,23163,REGENCY SUGAR TONGS,48,2.08,13784,United Kingdom
558062,2011-06-24 15:17:00,22427,ENAMEL FLOWER JUG CREAM,36,5.45,13784,United Kingdom
558062,2011-06-24 15:17:00,84978,HANGING HEART JAR T-LIGHT HOLDER,72,1.06,13784,United Kingdom
558062,2011-06-24 15:17:00,22090,PAPER BUNTING RETROSPOT,40,2.55,13784,United Kingdom
558355,2011-06-28 14:58:00,22845,VINTAGE CREAM CAT FOOD CONTAINER,1,6.35,13614,United Kingdom
558355,2011-06-28 14:58:00,85152,HAND OVER THE CHOCOLATE   SIGN ,2,2.1,13614,United Kingdom
558355,2011-06-28 14:58:00,21903,MAN FLU METAL SIGN,1,2.1,13614,United Kingdom
558355,2011-06-28 14:58:00,21174,POTTERING IN THE SHED METAL SIGN,2,2.08,13614,United Kingdom
558355,2011-06-28 14:58:00,21175,GIN + TONIC DIET METAL SIGN,5,2.55,13614,United Kingdom
558355,2011-06-28 14:58:00,21903,MAN FLU METAL SIGN,1,2.1,13614,United Kingdom
558355,2011-06-28 14:58:00,21907,I'M ON HOLIDAY METAL SIGN,3,2.1,13614,United Kingdom
558355,2011-06-28 14:58:00,22672,FRENCH BATHROOM SIGN BLUE METAL,2,1.65,13614,United Kingdom
558355,2011-06-28 14:58:00,84925F,PSYCHEDELIC WALL THERMOMETER,1,2.55,13614,United Kingdom
558355,2011-06-28 14:58:00,84927F,PSYCHEDELIC TILE HOOK,2,2.1,13614,United Kingdom
558355,2011-06-28 14:58:00,21888,BINGO SET,1,3.75,13614,United Kingdom
558355,2011-06-28 14:58:00,21216,"SET 3 RETROSPOT TEA,COFFEE,SUGAR",2,4.95,13614,United Kingdom
558355,2011-06-28 14:58:00,85132C,CHARLIE AND LOLA FIGURES TINS,1,1.95,13614,United Kingdom
558355,2011-06-28 14:58:00,22667,RECIPE BOX RETROSPOT ,1,2.95,13614,United Kingdom
558355,2011-06-28 14:58:00,21539,RED RETROSPOT BUTTER DISH,1,4.95,13614,United Kingdom
558355,2011-06-28 14:58:00,22849,BREAD BIN DINER STYLE MINT,1,16.95,13614,United Kingdom
558355,2011-06-28 14:58:00,22847,BREAD BIN DINER STYLE IVORY,1,16.95,13614,United Kingdom
558355,2011-06-28 14:58:00,82600,NO SINGING METAL SIGN,2,2.1,13614,United Kingdom
558355,2011-06-28 14:58:00,21907,I'M ON HOLIDAY METAL SIGN,2,2.1,13614,United Kingdom
558355,2011-06-28 14:58:00,22413,METAL SIGN TAKE IT OR LEAVE IT ,2,2.95,13614,United Kingdom
558355,2011-06-28 14:58:00,82578,KITCHEN METAL SIGN,4,0.55,13614,United Kingdom
558355,2011-06-28 14:58:00,21216,"SET 3 RETROSPOT TEA,COFFEE,SUGAR",1,4.95,13614,United Kingdom
558355,2011-06-28 14:58:00,23284,DOORMAT KEEP CALM AND COME IN,2,7.95,13614,United Kingdom
558355,2011-06-28 14:58:00,48184,DOORMAT ENGLISH ROSE ,1,7.95,13614,United Kingdom
558355,2011-06-28 14:58:00,48194,DOORMAT HEARTS,1,7.95,13614,United Kingdom
558355,2011-06-28 14:58:00,22607,WOODEN ROUNDERS GARDEN SET ,2,9.95,13614,United Kingdom
558355,2011-06-28 14:58:00,22424,ENAMEL BREAD BIN CREAM,1,12.75,13614,United Kingdom
558355,2011-06-28 14:58:00,22428,ENAMEL FIRE BUCKET CREAM,2,6.95,13614,United Kingdom
558355,2011-06-28 14:58:00,22854,CREAM SWEETHEART EGG HOLDER,1,4.95,13614,United Kingdom
558355,2011-06-28 14:58:00,22667,RECIPE BOX RETROSPOT ,1,2.95,13614,United Kingdom
558355,2011-06-28 14:58:00,23091,ZINC HERB GARDEN CONTAINER,2,6.25,13614,United Kingdom
558355,2011-06-28 14:58:00,22553,PLASTERS IN TIN SKULLS,1,1.65,13614,United Kingdom
558355,2011-06-28 14:58:00,84925F,PSYCHEDELIC WALL THERMOMETER,1,2.55,13614,United Kingdom
558355,2011-06-28 14:58:00,21790,VINTAGE SNAP CARDS,1,0.85,13614,United Kingdom
558355,2011-06-28 14:58:00,84032B,CHARLIE + LOLA RED HOT WATER BOTTLE,1,2.95,13614,United Kingdom
558355,2011-06-28 14:58:00,22138,BAKING SET 9 PIECE RETROSPOT ,4,4.95,13614,United Kingdom
558355,2011-06-28 14:58:00,22674,FRENCH TOILET SIGN BLUE METAL,2,1.25,13614,United Kingdom
558355,2011-06-28 14:58:00,82581,TOILET METAL SIGN,4,0.55,13614,United Kingdom
558355,2011-06-28 14:58:00,82580,BATHROOM METAL SIGN,4,0.55,13614,United Kingdom
558355,2011-06-28 14:58:00,21218,RED SPOTTY BISCUIT TIN,3,3.75,13614,United Kingdom
558355,2011-06-28 14:58:00,22961,JAM MAKING SET PRINTED,2,1.45,13614,United Kingdom
558355,2011-06-28 14:58:00,21469,POLKA DOT RAFFIA FOOD COVER,4,3.75,13614,United Kingdom
558355,2011-06-28 14:58:00,23267,SET OF 4 SANTA PLACE SETTINGS,4,1.25,13614,United Kingdom
558355,2011-06-28 14:58:00,23264,SET OF 3 WOODEN SLEIGH DECORATIONS,8,1.25,13614,United Kingdom
558355,2011-06-28 14:58:00,22573,STAR WOODEN CHRISTMAS DECORATION,6,0.85,13614,United Kingdom
558355,2011-06-28 14:58:00,22574,HEART WOODEN CHRISTMAS DECORATION,6,0.85,13614,United Kingdom
558355,2011-06-28 14:58:00,22154,ANGEL DECORATION 3 BUTTONS ,6,0.42,13614,United Kingdom
558355,2011-06-28 14:58:00,22153,ANGEL DECORATION STARS ON DRESS,6,0.42,13614,United Kingdom
558355,2011-06-28 14:58:00,22571,ROCKING HORSE RED CHRISTMAS ,6,0.85,13614,United Kingdom
558355,2011-06-28 14:58:00,23266,SET OF 3 WOODEN STOCKING DECORATION,8,1.25,13614,United Kingdom
558355,2011-06-28 14:58:00,23265,SET OF 3 WOODEN TREE DECORATIONS,8,1.25,13614,United Kingdom
558355,2011-06-28 14:58:00,23263,SET OF 3 WOODEN HEART DECORATIONS,2,1.25,13614,United Kingdom
558355,2011-06-28 14:58:00,22721,SET OF 3 CAKE TINS SKETCHBOOK,1,4.95,13614,United Kingdom
558355,2011-06-28 14:58:00,22723,SET OF 6 HERB TINS SKETCHBOOK,2,3.95,13614,United Kingdom
558355,2011-06-28 14:58:00,20996,JAZZ HEARTS ADDRESS BOOK,2,0.19,13614,United Kingdom
558355,2011-06-28 14:58:00,22993,SET OF 4 PANTRY JELLY MOULDS,4,1.25,13614,United Kingdom
558355,2011-06-28 14:58:00,10133,COLOURING PENCILS BROWN TUBE,4,0.42,13614,United Kingdom
558355,2011-06-28 14:58:00,22211,WOOD STAMP SET FLOWERS,3,0.83,13614,United Kingdom
558355,2011-06-28 14:58:00,22670,FRENCH WC SIGN BLUE METAL,1,1.25,13614,United Kingdom
558355,2011-06-28 14:58:00,23079,TOADSTOOL BEDSIDE LIGHT ,2,8.95,13614,United Kingdom
558355,2011-06-28 14:58:00,23309,SET OF 60 I LOVE LONDON CAKE CASES ,4,0.55,13614,United Kingdom
558355,2011-06-28 14:58:00,22152,PLACE SETTING WHITE STAR,9,0.42,13614,United Kingdom
558355,2011-06-28 14:58:00,23104,IVORY CAFE HANGING LAMP ,2,12.5,13614,United Kingdom
558355,2011-06-28 14:58:00,23341,PINK DINER WALL CLOCK,2,8.5,13614,United Kingdom
558355,2011-06-28 14:58:00,22627,MINT KITCHEN SCALES,1,8.5,13614,United Kingdom
558355,2011-06-28 14:58:00,22624,IVORY KITCHEN SCALES,1,8.5,13614,United Kingdom
558355,2011-06-28 14:58:00,22627,MINT KITCHEN SCALES,1,8.5,13614,United Kingdom
558355,2011-06-28 14:58:00,21868,POTTING SHED TEA MUG,6,1.25,13614,United Kingdom
558355,2011-06-28 14:58:00,84378,SET OF 3 HEART COOKIE CUTTERS,1,1.25,13614,United Kingdom
558355,2011-06-28 14:58:00,22965,3 TRADITIONAl BISCUIT CUTTERS  SET,1,2.1,13614,United Kingdom
558355,2011-06-28 14:58:00,23342,MINT DINER WALL CLOCK,2,8.5,13614,United Kingdom
558355,2011-06-28 14:58:00,22795,SWEETHEART RECIPE BOOK STAND,2,6.75,13614,United Kingdom
558355,2011-06-28 14:58:00,23168,CLASSIC CAFE SUGAR DISPENSER,4,1.25,13614,United Kingdom
558355,2011-06-28 14:58:00,23298,SPOTTY BUNTING,4,4.95,13614,United Kingdom
558355,2011-06-28 14:58:00,23299,FOOD COVER WITH BEADS SET 2 ,2,3.75,13614,United Kingdom
558355,2011-06-28 14:58:00,23198,PANTRY MAGNETIC  SHOPPING LIST,6,1.45,13614,United Kingdom
558355,2011-06-28 14:58:00,23197,SKETCHBOOK MAGNETIC SHOPPING LIST,6,1.45,13614,United Kingdom
558355,2011-06-28 14:58:00,23229,VINTAGE DONKEY TAIL GAME ,3,3.75,13614,United Kingdom
558355,2011-06-28 14:58:00,23243,SET OF TEA COFFEE SUGAR TINS PANTRY,2,4.95,13614,United Kingdom
558355,2011-06-28 14:58:00,23020,GLASS  SONGBIRD STORAGE JAR,1,12.5,13614,United Kingdom
558355,2011-06-28 14:58:00,23307,SET OF 60 PANTRY DESIGN CAKE CASES ,4,0.55,13614,United Kingdom
558719,2011-07-01 13:48:00,82578,KITCHEN METAL SIGN,12,0.55,13576,United Kingdom
558719,2011-07-01 13:48:00,21137,BLACK RECORD COVER FRAME,72,3.39,13576,United Kingdom
558719,2011-07-01 13:48:00,22041,"RECORD FRAME 7"" SINGLE SIZE ",48,2.1,13576,United Kingdom
559064,2011-07-06 10:15:00,22727,ALARM CLOCK BAKELIKE RED ,8,3.75,15673,United Kingdom
559064,2011-07-06 10:15:00,23196,RETRO LEAVES MAGNETIC NOTEPAD,12,1.45,15673,United Kingdom
559064,2011-07-06 10:15:00,22197,POPCORN HOLDER,12,0.85,15673,United Kingdom
559064,2011-07-06 10:15:00,23202,JUMBO BAG VINTAGE LEAF,10,2.08,15673,United Kingdom
559064,2011-07-06 10:15:00,22744,MAKE YOUR OWN MONSOON CARD KIT,6,2.95,15673,United Kingdom
559064,2011-07-06 10:15:00,22586,FELTCRAFT HAIRBAND PINK AND BLUE,12,0.85,15673,United Kingdom
559064,2011-07-06 10:15:00,21035,SET/2 RED RETROSPOT TEA TOWELS ,6,3.25,15673,United Kingdom
559064,2011-07-06 10:15:00,21918,SET 12 KIDS COLOUR  CHALK STICKS,48,0.42,15673,United Kingdom
559064,2011-07-06 10:15:00,21917,SET 12 KIDS  WHITE CHALK STICKS,48,0.42,15673,United Kingdom
559064,2011-07-06 10:15:00,22726,ALARM CLOCK BAKELIKE GREEN,4,3.75,15673,United Kingdom
559064,2011-07-06 10:15:00,22441,GROW YOUR OWN BASIL IN ENAMEL MUG,8,2.1,15673,United Kingdom
559064,2011-07-06 10:15:00,21164,HOME SWEET HOME METAL SIGN ,12,2.95,15673,United Kingdom
559064,2011-07-06 10:15:00,23235,STORAGE TIN VINTAGE LEAF,6,2.89,15673,United Kingdom
559064,2011-07-06 10:15:00,21621,VINTAGE UNION JACK BUNTING,8,8.5,15673,United Kingdom
559537,2011-07-10 12:23:00,23061,VINTAGE EMBOSSED HEART,12,1.25,14472,United Kingdom
559537,2011-07-10 12:23:00,23067,HANGING ENGRAVED METAL HEART,3,4.15,14472,United Kingdom
559537,2011-07-10 12:23:00,85129D,BEADED CRYSTAL HEART PINK SMALL,3,1.25,14472,United Kingdom
559537,2011-07-10 12:23:00,22064,PINK DOUGHNUT TRINKET POT ,8,1.65,14472,United Kingdom
559537,2011-07-10 12:23:00,21232,STRAWBERRY CERAMIC TRINKET BOX,4,1.25,14472,United Kingdom
559537,2011-07-10 12:23:00,85130C,BEADED CRYSTAL HEART BLUE  LARGE,2,0.79,14472,United Kingdom
559537,2011-07-10 12:23:00,21754,HOME BUILDING BLOCK WORD,1,5.95,14472,United Kingdom
559537,2011-07-10 12:23:00,17129F,BLUE GLASS GEMS IN BAG,48,0.64,14472,United Kingdom
559537,2011-07-10 12:23:00,22469,HEART OF WICKER SMALL,3,1.65,14472,United Kingdom
559537,2011-07-10 12:23:00,22470,HEART OF WICKER LARGE,1,2.95,14472,United Kingdom
559537,2011-07-10 12:23:00,22120,WELCOME  WOODEN BLOCK LETTERS,2,9.95,14472,United Kingdom
559658,2011-07-11 13:06:00,21232,STRAWBERRY CERAMIC TRINKET BOX,24,1.25,13003,United Kingdom
559810,2011-07-12 15:15:00,22567,20 DOLLY PEGS RETROSPOT,12,1.45,16168,United Kingdom
559810,2011-07-12 15:15:00,84755,COLOUR GLASS T-LIGHT HOLDER HANGING,32,0.65,16168,United Kingdom
559810,2011-07-12 15:15:00,75049L,LARGE CIRCULAR MIRROR MOBILE,96,0.85,16168,United Kingdom
559810,2011-07-12 15:15:00,23313,VINTAGE CHRISTMAS BUNTING,5,4.95,16168,United Kingdom
559810,2011-07-12 15:15:00,22668,PINK BABY BUNTING,10,2.95,16168,United Kingdom
559810,2011-07-12 15:15:00,23301,GARDENERS KNEELING PAD KEEP CALM ,48,1.45,16168,United Kingdom
559933,2011-07-14 09:54:00,85123A,WHITE HANGING HEART T-LIGHT HOLDER,6,2.95,16719,United Kingdom
559933,2011-07-14 09:54:00,22729,ALARM CLOCK BAKELIKE ORANGE,3,3.75,16719,United Kingdom
559933,2011-07-14 09:54:00,79321,CHILLI LIGHTS,2,5.75,16719,United Kingdom
559933,2011-07-14 09:54:00,22727,ALARM CLOCK BAKELIKE RED ,4,3.75,16719,United Kingdom
559933,2011-07-14 09:54:00,20769,DAISY JOURNAL ,2,2.55,16719,United Kingdom
559933,2011-07-14 09:54:00,75049L,LARGE CIRCULAR MIRROR MOBILE,6,1.25,16719,United Kingdom
559933,2011-07-14 09:54:00,21034,REX CASH+CARRY JUMBO SHOPPER,2,0.95,16719,United Kingdom
559933,2011-07-14 09:54:00,22971,QUEENS GUARD COFFEE MUG,5,2.55,16719,United Kingdom
559933,2011-07-14 09:54:00,23079,TOADSTOOL BEDSIDE LIGHT ,4,8.95,16719,United Kingdom
559933,2011-07-14 09:54:00,84360,TABLE LAMP WHITE SHADE WOOD BASE,2,5.95,16719,United Kingdom
559933,2011-07-14 09:54:00,20828,GLITTER BUTTERFLY CLIPS,2,2.55,16719,United Kingdom
559933,2011-07-14 09:54:00,23104,IVORY CAFE HANGING LAMP ,2,12.5,16719,United Kingdom
559933,2011-07-14 09:54:00,21735,TWO DOOR CURIO CABINET,1,12.75,16719,United Kingdom
559933,2011-07-14 09:54:00,22796,PHOTO FRAME 3 CLASSIC HANGING,1,9.95,16719,United Kingdom
559933,2011-07-14 09:54:00,21871,SAVE THE PLANET MUG,2,1.25,16719,United Kingdom
559933,2011-07-14 09:54:00,22730,ALARM CLOCK BAKELIKE IVORY,3,3.75,16719,United Kingdom
559933,2011-07-14 09:54:00,84792,ENCHANTED BIRD COATHANGER 5 HOOK,1,4.65,16719,United Kingdom
559933,2011-07-14 09:54:00,22467,GUMBALL COAT RACK,2,2.55,16719,United Kingdom
559933,2011-07-14 09:54:00,20829,GLITTER HANGING BUTTERFLY STRING,1,2.1,16719,United Kingdom
559933,2011-07-14 09:54:00,23316,RED REFECTORY CLOCK ,1,9.95,16719,United Kingdom
559933,2011-07-14 09:54:00,21498,RED RETROSPOT WRAP ,25,0.42,16719,United Kingdom
559933,2011-07-14 09:54:00,23233,WRAP POPPIES  DESIGN,25,0.42,16719,United Kingdom
559933,2011-07-14 09:54:00,23232,WRAP VINTAGE LEAF DESIGN,25,0.42,16719,United Kingdom
559933,2011-07-14 09:54:00,22704,WRAP RED APPLES ,25,0.42,16719,United Kingdom
559933,2011-07-14 09:54:00,23317,BLUE REFECTORY CLOCK ,1,9.95,16719,United Kingdom
559933,2011-07-14 09:54:00,22371,AIRLINE BAG VINTAGE TOKYO 78,1,4.25,16719,United Kingdom
559933,2011-07-14 09:54:00,22374,AIRLINE BAG VINTAGE JET SET RED,1,4.25,16719,United Kingdom
559933,2011-07-14 09:54:00,22199,FRYING PAN RED RETROSPOT,2,4.25,16719,United Kingdom
559933,2011-07-14 09:54:00,22203,MILK PAN RED RETROSPOT,1,3.75,16719,United Kingdom
559933,2011-07-14 09:54:00,23096,PETIT TRAY CHIC,2,1.65,16719,United Kingdom
559933,2011-07-14 09:54:00,16161P,WRAP ENGLISH ROSE ,25,0.42,16719,United Kingdom
559933,2011-07-14 09:54:00,22173,METAL 4 HOOK HANGER FRENCH CHATEAU,1,2.95,16719,United Kingdom
560106,2011-07-14 20:01:00,21896,POTTING SHED TWINE,12,2.1,17554,United Kingdom
560106,2011-07-14 20:01:00,21621,VINTAGE UNION JACK BUNTING,3,8.5,17554,United Kingdom
560106,2011-07-14 20:01:00,23191,BUNDLE OF 3 RETRO NOTE BOOKS,12,1.65,17554,United Kingdom
560106,2011-07-14 20:01:00,22693,GROW A FLYTRAP OR SUNFLOWER IN TIN,24,1.25,17554,United Kingdom
560106,2011-07-14 20:01:00,22303,COFFEE MUG APPLES DESIGN,6,2.55,17554,United Kingdom
560106,2011-07-14 20:01:00,23232,WRAP VINTAGE LEAF DESIGN,150,0.42,17554,United Kingdom
560106,2011-07-14 20:01:00,22302,COFFEE MUG PEARS  DESIGN,6,2.55,17554,United Kingdom
560106,2011-07-14 20:01:00,22895,SET OF 2 TEA TOWELS APPLE AND PEARS,6,3.25,17554,United Kingdom
560106,2011-07-14 20:01:00,10133,COLOURING PENCILS BROWN TUBE,20,0.42,17554,United Kingdom
560106,2011-07-14 20:01:00,23233,WRAP POPPIES  DESIGN,50,0.42,17554,United Kingdom
560106,2011-07-14 20:01:00,22096,PINK PAISLEY SQUARE TISSUE BOX ,1,0.39,17554,United Kingdom
560106,2011-07-14 20:01:00,21623,VINTAGE UNION JACK MEMOBOARD,4,9.95,17554,United Kingdom
560106,2011-07-14 20:01:00,21890,S/6 WOODEN SKITTLES IN COTTON BAG,6,3.25,17554,United Kingdom
560106,2011-07-14 20:01:00,22621,TRADITIONAL KNITTING NANCY,10,1.65,17554,United Kingdom
560106,2011-07-14 20:01:00,22138,BAKING SET 9 PIECE RETROSPOT ,8,4.95,17554,United Kingdom
560106,2011-07-14 20:01:00,22605,WOODEN CROQUET GARDEN SET,2,14.95,17554,United Kingdom
560106,2011-07-14 20:01:00,21888,BINGO SET,3,3.75,17554,United Kingdom
560106,2011-07-14 20:01:00,21889,WOODEN BOX OF DOMINOES,6,1.25,17554,United Kingdom
560106,2011-07-14 20:01:00,22376,AIRLINE BAG VINTAGE JET SET WHITE,3,4.25,17554,United Kingdom
560106,2011-07-14 20:01:00,22374,AIRLINE BAG VINTAGE JET SET RED,3,4.25,17554,United Kingdom
560106,2011-07-14 20:01:00,22371,AIRLINE BAG VINTAGE TOKYO 78,3,4.25,17554,United Kingdom
560106,2011-07-14 20:01:00,21892,TRADITIONAL WOODEN CATCH CUP GAME ,10,1.25,17554,United Kingdom
560106,2011-07-14 20:01:00,22091,EMPIRE TISSUE BOX,2,0.39,17554,United Kingdom
560106,2011-07-14 20:01:00,84931A,PINK SCOTTIE DOG W FLOWER PATTERN,3,2.55,17554,United Kingdom
560106,2011-07-14 20:01:00,16054,POPART RECT PENCIL SHARPENER ASST,36,0.12,17554,United Kingdom
560106,2011-07-14 20:01:00,20984,12 PENCILS TALL TUBE POSY,48,0.29,17554,United Kingdom
560106,2011-07-14 20:01:00,22704,WRAP RED APPLES ,25,0.42,17554,United Kingdom
560106,2011-07-14 20:01:00,22705,WRAP GREEN PEARS ,25,0.42,17554,United Kingdom
560106,2011-07-14 20:01:00,22536,MAGIC DRAWING SLATE PURDEY,48,0.42,17554,United Kingdom
560106,2011-07-14 20:01:00,21220,SET/4 BADGES DOGS,10,1.25,17554,United Kingdom
560106,2011-07-14 20:01:00,21222,SET/4 BADGES BEETLES,10,1.25,17554,United Kingdom
560106,2011-07-14 20:01:00,22400,MAGNETS PACK OF 4 HOME SWEET HOME,24,0.39,17554,United Kingdom
560106,2011-07-14 20:01:00,16045,POPART WOODEN PENCILS ASST,100,0.04,17554,United Kingdom
560106,2011-07-14 20:01:00,22191,IVORY DINER WALL CLOCK,1,8.5,17554,United Kingdom
560106,2011-07-14 20:01:00,22725,ALARM CLOCK BAKELIKE CHOCOLATE,1,3.75,17554,United Kingdom
560106,2011-07-14 20:01:00,22727,ALARM CLOCK BAKELIKE RED ,2,3.75,17554,United Kingdom
560106,2011-07-14 20:01:00,22726,ALARM CLOCK BAKELIKE GREEN,3,3.75,17554,United Kingdom
560106,2011-07-14 20:01:00,22193,RED DINER WALL CLOCK,1,8.5,17554,United Kingdom
560106,2011-07-14 20:01:00,21868,POTTING SHED TEA MUG,12,1.25,17554,United Kingdom
560106,2011-07-14 20:01:00,22620,4 TRADITIONAL SPINNING TOPS,6,1.45,17554,United Kingdom
560106,2011-07-14 20:01:00,22897,OVEN MITT APPLES DESIGN,5,1.45,17554,United Kingdom
560106,2011-07-14 20:01:00,22729,ALARM CLOCK BAKELIKE ORANGE,4,3.75,17554,United Kingdom
560106,2011-07-14 20:01:00,16016,LARGE CHINESE STYLE SCISSOR,10,0.85,17554,United Kingdom
560106,2011-07-14 20:01:00,21621,VINTAGE UNION JACK BUNTING,1,8.5,17554,United Kingdom
560106,2011-07-14 20:01:00,84931B,BLUE SCOTTIE DOG W FLOWER PATTERN,3,2.55,17554,United Kingdom
560106,2011-07-14 20:01:00,23237,SET OF 4 KNICK KNACK TINS LEAF,6,4.15,17554,United Kingdom
560106,2011-07-14 20:01:00,23239,SET OF 4 KNICK KNACK TINS POPPIES,6,4.15,17554,United Kingdom
560106,2011-07-14 20:01:00,23342,MINT DINER WALL CLOCK,2,8.5,17554,United Kingdom
560106,2011-07-14 20:01:00,23315,IVORY REFECTORY CLOCK,2,9.95,17554,United Kingdom
560106,2011-07-14 20:01:00,82001S,VINYL RECORD FRAME SILVER,3,3.75,17554,United Kingdom
560269,2011-07-17 14:32:00,21172,PARTY METAL SIGN ,12,1.45,16168,United Kingdom
560269,2011-07-17 14:32:00,21174,POTTERING IN THE SHED METAL SIGN,12,2.08,16168,United Kingdom
560269,2011-07-17 14:32:00,21907,I'M ON HOLIDAY METAL SIGN,48,1.85,16168,United Kingdom
560269,2011-07-17 14:32:00,21464,DISCO BALL ROTATOR BATTERY OPERATED,4,4.25,16168,United Kingdom
560279,2011-07-17 15:47:00,82494L,WOODEN FRAME ANTIQUE WHITE ,6,2.95,14198,United Kingdom
560279,2011-07-17 15:47:00,22427,ENAMEL FLOWER JUG CREAM,3,5.95,14198,United Kingdom
560279,2011-07-17 15:47:00,72760B,VINTAGE CREAM 3 BASKET CAKE STAND,2,9.95,14198,United Kingdom
560279,2011-07-17 15:47:00,82486,WOOD S/3 CABINET ANT WHITE FINISH,2,8.95,14198,United Kingdom
560279,2011-07-17 15:47:00,23082,SET 6 PAPER TABLE LANTERN HEARTS ,6,3.75,14198,United Kingdom
560279,2011-07-17 15:47:00,22585,PACK OF 6 BIRDY GIFT TAGS,12,1.25,14198,United Kingdom
560279,2011-07-17 15:47:00,23088,ZINC HEART FLOWER T-LIGHT HOLDER,16,1.25,14198,United Kingdom
560279,2011-07-17 15:47:00,84978,HANGING HEART JAR T-LIGHT HOLDER,12,1.25,14198,United Kingdom
560279,2011-07-17 15:47:00,82483,WOOD 2 DRAWER CABINET WHITE FINISH,4,6.95,14198,United Kingdom
561023,2011-07-24 10:30:00,21137,BLACK RECORD COVER FRAME,72,3.39,13576,United Kingdom
561023,2011-07-24 10:30:00,22041,"RECORD FRAME 7"" SINGLE SIZE ",48,2.1,13576,United Kingdom
561023,2011-07-24 10:30:00,21179,NO JUNK MAIL METAL SIGN,24,0.39,13576,United Kingdom
561876,2011-07-31 12:08:00,23301,GARDENERS KNEELING PAD KEEP CALM ,6,1.65,14472,United Kingdom
561876,2011-07-31 12:08:00,23300,GARDENERS KNEELING PAD CUP OF TEA ,2,1.65,14472,United Kingdom
561876,2011-07-31 12:08:00,23302,KNEELING MAT HOUSEWORK  DESIGN,2,1.65,14472,United Kingdom
561876,2011-07-31 12:08:00,21754,HOME BUILDING BLOCK WORD,3,5.95,14472,United Kingdom
561876,2011-07-31 12:08:00,84879,ASSORTED COLOUR BIRD ORNAMENT,16,1.69,14472,United Kingdom
561876,2011-07-31 12:08:00,84884A,ANT WHITE WIRE HEART SPIRAL,1,3.95,14472,United Kingdom
561876,2011-07-31 12:08:00,85123A,WHITE HANGING HEART T-LIGHT HOLDER,2,2.95,14472,United Kingdom
561876,2011-07-31 12:08:00,21905,MORE BUTTER METAL SIGN ,2,0.79,14472,United Kingdom
561876,2011-07-31 12:08:00,22637,PIGGY BANK RETROSPOT ,4,2.55,14472,United Kingdom
561876,2011-07-31 12:08:00,21175,GIN + TONIC DIET METAL SIGN,2,2.55,14472,United Kingdom
561876,2011-07-31 12:08:00,85152,HAND OVER THE CHOCOLATE   SIGN ,3,2.1,14472,United Kingdom
561876,2011-07-31 12:08:00,82600,NO SINGING METAL SIGN,2,2.1,14472,United Kingdom
561876,2011-07-31 12:08:00,22297,HEART IVORY TRELLIS SMALL,7,1.25,14472,United Kingdom
561876,2011-07-31 12:08:00,22296,HEART IVORY TRELLIS LARGE,3,1.65,14472,United Kingdom
561876,2011-07-31 12:08:00,23091,ZINC HERB GARDEN CONTAINER,3,6.25,14472,United Kingdom
561876,2011-07-31 12:08:00,21745,GAOLERS KEYS DECORATIVE GARDEN ,4,3.75,14472,United Kingdom
561876,2011-07-31 12:08:00,22413,METAL SIGN TAKE IT OR LEAVE IT ,1,2.95,14472,United Kingdom
561914,2011-08-01 11:13:00,23204,CHARLOTTE BAG APPLES DESIGN,10,0.85,17676,United Kingdom
561914,2011-08-01 11:13:00,23206,LUNCH BAG APPLE DESIGN,10,1.65,17676,United Kingdom
561914,2011-08-01 11:13:00,22661,CHARLOTTE BAG DOLLY GIRL DESIGN,10,0.85,17676,United Kingdom
561914,2011-08-01 11:13:00,22355,CHARLOTTE BAG SUKI DESIGN,10,0.85,17676,United Kingdom
561914,2011-08-01 11:13:00,20723,STRAWBERRY CHARLOTTE BAG,10,0.85,17676,United Kingdom
561914,2011-08-01 11:13:00,20719,WOODLAND CHARLOTTE BAG,10,0.85,17676,United Kingdom
561914,2011-08-01 11:13:00,20724,RED RETROSPOT CHARLOTTE BAG,10,0.85,17676,United Kingdom
561914,2011-08-01 11:13:00,23148,MINIATURE ANTIQUE ROSE HOOK IVORY,12,0.83,17676,United Kingdom
561914,2011-08-01 11:13:00,21871,SAVE THE PLANET MUG,12,1.25,17676,United Kingdom
561914,2011-08-01 11:13:00,21934,SKULL SHOULDER BAG,10,1.65,17676,United Kingdom
561914,2011-08-01 11:13:00,23208,LUNCH BAG VINTAGE LEAF DESIGN,10,1.65,17676,United Kingdom
561914,2011-08-01 11:13:00,85123A,WHITE HANGING HEART T-LIGHT HOLDER,6,2.95,17676,United Kingdom
561914,2011-08-01 11:13:00,79321,CHILLI LIGHTS,4,5.75,17676,United Kingdom
561914,2011-08-01 11:13:00,20725,LUNCH BAG RED RETROSPOT,10,1.65,17676,United Kingdom
562152,2011-08-03 10:56:00,22927,GREEN GIANT GARDEN THERMOMETER,2,5.95,16168,United Kingdom
562152,2011-08-03 10:56:00,22928,YELLOW GIANT GARDEN THERMOMETER,2,5.95,16168,United Kingdom
562152,2011-08-03 10:56:00,85123A,WHITE HANGING HEART T-LIGHT HOLDER,32,2.55,16168,United Kingdom
562152,2011-08-03 10:56:00,84755,COLOUR GLASS T-LIGHT HOLDER HANGING,32,0.65,16168,United Kingdom
562152,2011-08-03 10:56:00,21733,RED HANGING HEART T-LIGHT HOLDER,6,2.95,16168,United Kingdom
562152,2011-08-03 10:56:00,21188,3D HEARTS  HONEYCOMB PAPER GARLAND,24,2.55,16168,United Kingdom
562444,2011-08-04 18:44:00,22374,AIRLINE BAG VINTAGE JET SET RED,2,4.25,14713,United Kingdom
562444,2011-08-04 18:44:00,22371,AIRLINE BAG VINTAGE TOKYO 78,2,4.25,14713,United Kingdom
562444,2011-08-04 18:44:00,22372,AIRLINE BAG VINTAGE WORLD CHAMPION ,2,4.25,14713,United Kingdom
562444,2011-08-04 18:44:00,85123A,WHITE HANGING HEART T-LIGHT HOLDER,4,2.95,14713,United Kingdom
562444,2011-08-04 18:44:00,22356,CHARLOTTE BAG PINK POLKADOT,3,0.85,14713,United Kingdom
562444,2011-08-04 18:44:00,20724,RED RETROSPOT CHARLOTTE BAG,3,0.85,14713,United Kingdom
562444,2011-08-04 18:44:00,20719,WOODLAND CHARLOTTE BAG,3,0.85,14713,United Kingdom
562444,2011-08-04 18:44:00,22355,CHARLOTTE BAG SUKI DESIGN,3,0.85,14713,United Kingdom
562444,2011-08-04 18:44:00,84755,COLOUR GLASS T-LIGHT HOLDER HANGING,8,0.65,14713,United Kingdom
562444,2011-08-04 18:44:00,82484,WOOD BLACK BOARD ANT WHITE FINISH,2,7.95,14713,United Kingdom
562444,2011-08-04 18:44:00,22185,SLATE TILE NATURAL HANGING,3,1.65,14713,United Kingdom
562444,2011-08-04 18:44:00,23182,TOILET SIGN OCCUPIED OR VACANT,2,0.83,14713,United Kingdom
562444,2011-08-04 18:44:00,85049D,BRIGHT BLUES RIBBONS ,1,1.25,14713,United Kingdom
562444,2011-08-04 18:44:00,23290,SPACEBOY CHILDRENS BOWL,4,1.25,14713,United Kingdom
562444,2011-08-04 18:44:00,23292,SPACEBOY CHILDRENS CUP,4,1.25,14713,United Kingdom
562444,2011-08-04 18:44:00,23229,VINTAGE DONKEY TAIL GAME ,4,3.75,14713,United Kingdom
562444,2011-08-04 18:44:00,47591D,PINK FAIRY CAKE CHILDRENS APRON,2,1.95,14713,United Kingdom
562444,2011-08-04 18:44:00,82486,WOOD S/3 CABINET ANT WHITE FINISH,1,8.95,14713,United Kingdom
562444,2011-08-04 18:44:00,82482,WOODEN PICTURE FRAME WHITE FINISH,2,2.55,14713,United Kingdom
562444,2011-08-04 18:44:00,82483,WOOD 2 DRAWER CABINET WHITE FINISH,2,6.95,14713,United Kingdom
562444,2011-08-04 18:44:00,22784,LANTERN CREAM GAZEBO ,2,4.95,14713,United Kingdom
562444,2011-08-04 18:44:00,20992,JAZZ HEARTS PURSE NOTEBOOK,24,0.39,14713,United Kingdom
562444,2011-08-04 18:44:00,21500,PINK POLKADOT WRAP ,25,0.42,14713,United Kingdom
562444,2011-08-04 18:44:00,22045,SPACEBOY GIFT WRAP,25,0.42,14713,United Kingdom
562444,2011-08-04 18:44:00,84032B,CHARLIE + LOLA RED HOT WATER BOTTLE,1,2.95,14713,United Kingdom
562444,2011-08-04 18:44:00,84032A,CHARLIE+LOLA PINK HOT WATER BOTTLE,2,2.95,14713,United Kingdom
562444,2011-08-04 18:44:00,23204,CHARLOTTE BAG APPLES DESIGN,3,0.85,14713,United Kingdom
562444,2011-08-04 18:44:00,21790,VINTAGE SNAP CARDS,6,0.85,14713,United Kingdom
562444,2011-08-04 18:44:00,21830,ASSORTED CREEPY CRAWLIES,24,0.42,14713,United Kingdom
562444,2011-08-04 18:44:00,22637,PIGGY BANK RETROSPOT ,4,2.55,14713,United Kingdom
562444,2011-08-04 18:44:00,22645,CERAMIC HEART FAIRY CAKE MONEY BANK,4,1.45,14713,United Kingdom
562444,2011-08-04 18:44:00,21033,JUMBO BAG CHARLIE AND LOLA TOYS,2,2.08,14713,United Kingdom
562444,2011-08-04 18:44:00,21930,JUMBO STORAGE BAG SKULLS,2,2.08,14713,United Kingdom
562444,2011-08-04 18:44:00,21136,PAINTED METAL PEARS ASSORTED,8,1.69,14713,United Kingdom
562444,2011-08-04 18:44:00,22411,JUMBO SHOPPER VINTAGE RED PAISLEY,2,2.08,14713,United Kingdom
562444,2011-08-04 18:44:00,23202,JUMBO BAG VINTAGE LEAF,3,2.08,14713,United Kingdom
562444,2011-08-04 18:44:00,23199,JUMBO BAG APPLES,2,2.08,14713,United Kingdom
562444,2011-08-04 18:44:00,23203,JUMBO BAG VINTAGE DOILEY ,2,2.08,14713,United Kingdom
562444,2011-08-04 18:44:00,85099C,JUMBO  BAG BAROQUE BLACK WHITE,2,2.08,14713,United Kingdom
562444,2011-08-04 18:44:00,23300,GARDENERS KNEELING PAD CUP OF TEA ,3,1.65,14713,United Kingdom
562444,2011-08-04 18:44:00,22487,WHITE WOOD GARDEN PLANT LADDER,1,9.95,14713,United Kingdom
562444,2011-08-04 18:44:00,21931,JUMBO STORAGE BAG SUKI,2,2.08,14713,United Kingdom
562444,2011-08-04 18:44:00,22382,LUNCH BAG SPACEBOY DESIGN ,3,1.65,14713,United Kingdom
562444,2011-08-04 18:44:00,20725,LUNCH BAG RED RETROSPOT,3,1.65,14713,United Kingdom
562444,2011-08-04 18:44:00,21917,SET 12 KIDS  WHITE CHALK STICKS,12,0.42,14713,United Kingdom
562444,2011-08-04 18:44:00,21916,SET 12 RETRO WHITE CHALK STICKS,6,0.42,14713,United Kingdom
562444,2011-08-04 18:44:00,20727,LUNCH BAG  BLACK SKULL.,10,1.65,14713,United Kingdom
562444,2011-08-04 18:44:00,22111,SCOTTIE DOG HOT WATER BOTTLE,2,4.95,14713,United Kingdom
562444,2011-08-04 18:44:00,23206,LUNCH BAG APPLE DESIGN,10,1.65,14713,United Kingdom
562444,2011-08-04 18:44:00,21479,WHITE SKULL HOT WATER BOTTLE ,2,3.75,14713,United Kingdom
562444,2011-08-04 18:44:00,20728,LUNCH BAG CARS BLUE,3,1.65,14713,United Kingdom
562444,2011-08-04 18:44:00,20726,LUNCH BAG WOODLAND,3,1.65,14713,United Kingdom
562444,2011-08-04 18:44:00,22383,LUNCH BAG SUKI DESIGN ,6,1.65,14713,United Kingdom
562444,2011-08-04 18:44:00,22835,HOT WATER BOTTLE I AM SO POORLY,1,4.65,14713,United Kingdom
562533,2011-08-05 14:36:00,20727,LUNCH BAG  BLACK SKULL.,10,1.65,17676,United Kingdom
562721,2011-08-08 16:31:00,22919,HERB MARKER MINT,36,0.65,15985,United Kingdom
562721,2011-08-08 16:31:00,22920,HERB MARKER BASIL,24,0.65,15985,United Kingdom
562721,2011-08-08 16:31:00,22916,HERB MARKER THYME,36,0.65,15985,United Kingdom
562721,2011-08-08 16:31:00,22917,HERB MARKER ROSEMARY,24,0.65,15985,United Kingdom
562721,2011-08-08 16:31:00,22918,HERB MARKER PARSLEY,24,0.65,15985,United Kingdom
562721,2011-08-08 16:31:00,22845,VINTAGE CREAM CAT FOOD CONTAINER,2,6.35,15985,United Kingdom
562721,2011-08-08 16:31:00,22702,BLACK AND WHITE CAT BOWL,12,2.1,15985,United Kingdom
562721,2011-08-08 16:31:00,22844,VINTAGE CREAM DOG FOOD CONTAINER,4,8.5,15985,United Kingdom
562721,2011-08-08 16:31:00,22652,TRAVEL SEWING KIT,10,1.65,15985,United Kingdom
562721,2011-08-08 16:31:00,21165,BEWARE OF THE CAT METAL SIGN ,36,1.69,15985,United Kingdom
562730,2011-08-09 10:16:00,22726,ALARM CLOCK BAKELIKE GREEN,8,3.75,17554,United Kingdom
562730,2011-08-09 10:16:00,23232,WRAP VINTAGE LEAF DESIGN,200,0.34,17554,United Kingdom
562730,2011-08-09 10:16:00,23237,SET OF 4 KNICK KNACK TINS LEAF,6,4.15,17554,United Kingdom
562730,2011-08-09 10:16:00,22485,SET OF 2 WOODEN MARKET CRATES,2,12.75,17554,United Kingdom
562730,2011-08-09 10:16:00,22727,ALARM CLOCK BAKELIKE RED ,4,3.75,17554,United Kingdom
562730,2011-08-09 10:16:00,22725,ALARM CLOCK BAKELIKE CHOCOLATE,4,3.75,17554,United Kingdom
562730,2011-08-09 10:16:00,21829,DINOSAUR KEYRINGS ASSORTED,36,0.21,17554,United Kingdom
562730,2011-08-09 10:16:00,22302,COFFEE MUG PEARS  DESIGN,36,2.1,17554,United Kingdom
562730,2011-08-09 10:16:00,22704,WRAP RED APPLES ,50,0.42,17554,United Kingdom
562730,2011-08-09 10:16:00,22705,WRAP GREEN PEARS ,50,0.42,17554,United Kingdom
562730,2011-08-09 10:16:00,22693,GROW A FLYTRAP OR SUNFLOWER IN TIN,48,1.25,17554,United Kingdom
562730,2011-08-09 10:16:00,22303,COFFEE MUG APPLES DESIGN,18,2.55,17554,United Kingdom
562730,2011-08-09 10:16:00,23233,WRAP POPPIES  DESIGN,200,0.34,17554,United Kingdom
562999,2011-08-11 11:51:00,84755,COLOUR GLASS T-LIGHT HOLDER HANGING,16,0.65,15117,United Kingdom
562999,2011-08-11 11:51:00,22045,SPACEBOY GIFT WRAP,25,0.42,15117,United Kingdom
562999,2011-08-11 11:51:00,16161U,WRAP SUKI AND FRIENDS,25,0.42,15117,United Kingdom
562999,2011-08-11 11:51:00,23232,WRAP VINTAGE LEAF DESIGN,25,0.42,15117,United Kingdom
562999,2011-08-11 11:51:00,23231,WRAP  VINTAGE DOILY ,25,0.42,15117,United Kingdom
562999,2011-08-11 11:51:00,23308,SET OF 60 VINTAGE LEAF CAKE CASES ,24,0.55,15117,United Kingdom
562999,2011-08-11 11:51:00,21212,PACK OF 72 RETROSPOT CAKE CASES,24,0.55,15117,United Kingdom
562999,2011-08-11 11:51:00,23307,SET OF 60 PANTRY DESIGN CAKE CASES ,24,0.55,15117,United Kingdom
562999,2011-08-11 11:51:00,22614,PACK OF 12 SPACEBOY TISSUES,24,0.29,15117,United Kingdom
562999,2011-08-11 11:51:00,21980,PACK OF 12 RED RETROSPOT TISSUES ,24,0.29,15117,United Kingdom
562999,2011-08-11 11:51:00,21984,PACK OF 12 PINK PAISLEY TISSUES ,24,0.29,15117,United Kingdom
562999,2011-08-11 11:51:00,22149,FELTCRAFT 6 FLOWER FRIENDS,6,2.1,15117,United Kingdom
562999,2011-08-11 11:51:00,22147,FELTCRAFT BUTTERFLY HEARTS,12,1.45,15117,United Kingdom
562999,2011-08-11 11:51:00,21213,PACK OF 72 SKULL CAKE CASES,24,0.55,15117,United Kingdom
562999,2011-08-11 11:51:00,22271,FELTCRAFT DOLL ROSIE,6,2.95,15117,United Kingdom
562999,2011-08-11 11:51:00,22274,FELTCRAFT DOLL EMILY,6,2.95,15117,United Kingdom
562999,2011-08-11 11:51:00,22386,JUMBO BAG PINK POLKADOT,10,2.08,15117,United Kingdom
562999,2011-08-11 11:51:00,23203,JUMBO BAG VINTAGE DOILY ,10,2.08,15117,United Kingdom
562999,2011-08-11 11:51:00,23202,JUMBO BAG VINTAGE LEAF,10,2.08,15117,United Kingdom
562999,2011-08-11 11:51:00,20724,RED RETROSPOT CHARLOTTE BAG,10,0.85,15117,United Kingdom
562999,2011-08-11 11:51:00,20725,LUNCH BAG RED RETROSPOT,10,1.65,15117,United Kingdom
562999,2011-08-11 11:51:00,22355,CHARLOTTE BAG SUKI DESIGN,10,0.85,15117,United Kingdom
562999,2011-08-11 11:51:00,20727,LUNCH BAG  BLACK SKULL.,10,1.65,15117,United Kingdom
562999,2011-08-11 11:51:00,22383,LUNCH BAG SUKI DESIGN ,10,1.65,15117,United Kingdom
562999,2011-08-11 11:51:00,22384,LUNCH BAG PINK POLKADOT,10,1.65,15117,United Kingdom
562999,2011-08-11 11:51:00,23209,LUNCH BAG VINTAGE DOILY ,10,1.65,15117,United Kingdom
562999,2011-08-11 11:51:00,22776,SWEETHEART CAKESTAND 3 TIER,1,9.95,15117,United Kingdom
563349,2011-08-15 13:51:00,23121,PACK OF 6 COCKTAIL PARASOL STRAWS,2,0.42,14623,United Kingdom
563349,2011-08-15 13:51:00,84519A,TOMATO CHARLIE+LOLA COASTER SET,3,1.25,14623,United Kingdom
563349,2011-08-15 13:51:00,17021,NAMASTE SWAGAT INCENSE,1,0.3,14623,United Kingdom
563349,2011-08-15 13:51:00,22643,SET OF 4 NAPKIN CHARMS LEAVES   ,1,2.55,14623,United Kingdom
563349,2011-08-15 13:51:00,22643,SET OF 4 NAPKIN CHARMS LEAVES   ,1,2.55,14623,United Kingdom
563349,2011-08-15 13:51:00,23200,JUMBO BAG PEARS,5,2.08,14623,United Kingdom
563349,2011-08-15 13:51:00,84692,BOX OF 24 COCKTAIL PARASOLS,1,0.42,14623,United Kingdom
563349,2011-08-15 13:51:00,22428,ENAMEL FIRE BUCKET CREAM,1,6.95,14623,United Kingdom
563349,2011-08-15 13:51:00,23297,SET 40 HEART SHAPE PETIT FOUR CASES,3,1.65,14623,United Kingdom
563349,2011-08-15 13:51:00,22429,ENAMEL MEASURING JUG CREAM,2,4.25,14623,United Kingdom
563349,2011-08-15 13:51:00,22372,AIRLINE BAG VINTAGE WORLD CHAMPION ,1,4.25,14623,United Kingdom
563349,2011-08-15 13:51:00,22426,ENAMEL WASH BOWL CREAM,2,3.75,14623,United Kingdom
563349,2011-08-15 13:51:00,22424,ENAMEL BREAD BIN CREAM,1,12.75,14623,United Kingdom
563349,2011-08-15 13:51:00,23199,JUMBO BAG APPLES,3,2.08,14623,United Kingdom
563349,2011-08-15 13:51:00,23155,KNICKERBOCKERGLORY MAGNET ASSORTED ,3,0.83,14623,United Kingdom
563349,2011-08-15 13:51:00,23203,JUMBO BAG VINTAGE DOILY ,5,2.08,14623,United Kingdom
563349,2011-08-15 13:51:00,85014A,BLACK/BLUE POLKADOT UMBRELLA,1,5.95,14623,United Kingdom
563349,2011-08-15 13:51:00,85099F,JUMBO BAG STRAWBERRY,1,2.08,14623,United Kingdom
563349,2011-08-15 13:51:00,20682,RED RETROSPOT CHILDRENS UMBRELLA,2,3.25,14623,United Kingdom
563349,2011-08-15 13:51:00,15056P,EDWARDIAN PARASOL PINK,1,5.95,14623,United Kingdom
563349,2011-08-15 13:51:00,15056BL,EDWARDIAN PARASOL BLACK,1,5.95,14623,United Kingdom
563349,2011-08-15 13:51:00,15060B,FAIRY CAKE DESIGN UMBRELLA,1,3.75,14623,United Kingdom
563349,2011-08-15 13:51:00,20713,JUMBO BAG OWLS,3,2.08,14623,United Kingdom
563349,2011-08-15 13:51:00,20679,EDWARDIAN PARASOL RED,3,5.95,14623,United Kingdom
563349,2011-08-15 13:51:00,85014B,RED RETROSPOT UMBRELLA,3,5.95,14623,United Kingdom
563349,2011-08-15 13:51:00,84519B,CARROT CHARLIE+LOLA COASTER SET,2,1.25,14623,United Kingdom
563349,2011-08-15 13:51:00,22411,JUMBO SHOPPER VINTAGE RED PAISLEY,3,2.08,14623,United Kingdom
563349,2011-08-15 13:51:00,23202,JUMBO BAG VINTAGE LEAF,3,2.08,14623,United Kingdom
563349,2011-08-15 13:51:00,21928,JUMBO BAG SCANDINAVIAN BLUE PAISLEY,3,2.08,14623,United Kingdom
563349,2011-08-15 13:51:00,21931,JUMBO STORAGE BAG SUKI,2,2.08,14623,United Kingdom
563349,2011-08-15 13:51:00,22385,JUMBO BAG SPACEBOY DESIGN,2,2.08,14623,United Kingdom
563349,2011-08-15 13:51:00,15056N,EDWARDIAN PARASOL NATURAL,3,5.95,14623,United Kingdom
563349,2011-08-15 13:51:00,20686,DOLLY MIXTURE CHILDREN'S UMBRELLA,2,3.25,14623,United Kingdom
563465,2011-08-16 14:55:00,22457,NATURAL SLATE HEART CHALKBOARD ,12,2.95,16168,United Kingdom
563468,2011-08-16 14:55:00,22499,WOODEN UNION JACK BUNTING,6,5.95,16168,United Kingdom
563468,2011-08-16 14:55:00,22668,PINK BABY BUNTING,10,2.95,16168,United Kingdom
563465,2011-08-16 14:55:00,22456,NATURAL SLATE CHALKBOARD LARGE ,12,4.95,16168,United Kingdom
563465,2011-08-16 14:55:00,22185,SLATE TILE NATURAL HANGING,12,1.65,16168,United Kingdom
563465,2011-08-16 14:55:00,22488,NATURAL SLATE RECTANGLE CHALKBOARD,12,1.65,16168,United Kingdom
563719,2011-08-18 16:19:00,21137,BLACK RECORD COVER FRAME,72,3.39,13576,United Kingdom
563719,2011-08-18 16:19:00,82001S,VINYL RECORD FRAME SILVER,24,3.39,13576,United Kingdom
563719,2011-08-18 16:19:00,82580,BATHROOM METAL SIGN,12,0.55,13576,United Kingdom
563734,2011-08-18 18:11:00,22457,NATURAL SLATE HEART CHALKBOARD ,1,2.95,14064,United Kingdom
563734,2011-08-18 18:11:00,22674,FRENCH TOILET SIGN BLUE METAL,4,1.25,14064,United Kingdom
563734,2011-08-18 18:11:00,22672,FRENCH BATHROOM SIGN BLUE METAL,4,1.65,14064,United Kingdom
563734,2011-08-18 18:11:00,23275,SET OF 3 HANGING OWLS OLLIE BEAK,12,1.25,14064,United Kingdom
563734,2011-08-18 18:11:00,85015,SET OF 12  VINTAGE POSTCARD SET,1,0.65,14064,United Kingdom
563734,2011-08-18 18:11:00,22295,HEART FILIGREE DOVE LARGE,12,1.65,14064,United Kingdom
563734,2011-08-18 18:11:00,22670,FRENCH WC SIGN BLUE METAL,7,1.25,14064,United Kingdom
563734,2011-08-18 18:11:00,22794,SWEETHEART WIRE MAGAZINE RACK,1,7.95,14064,United Kingdom
563734,2011-08-18 18:11:00,22588,CARD HOLDER GINGHAM HEART,4,2.89,14064,United Kingdom
563734,2011-08-18 18:11:00,22914,BLUE COAT RACK PARIS FASHION,2,4.95,14064,United Kingdom
563734,2011-08-18 18:11:00,22293,HANGING CHICK GREEN DECORATION,24,1.45,14064,United Kingdom
563734,2011-08-18 18:11:00,23182,TOILET SIGN OCCUPIED OR VACANT,12,0.83,14064,United Kingdom
563734,2011-08-18 18:11:00,22297,HEART IVORY TRELLIS SMALL,6,1.25,14064,United Kingdom
563734,2011-08-18 18:11:00,23321,SMALL WHITE HEART OF WICKER,4,1.65,14064,United Kingdom
563734,2011-08-18 18:11:00,23152,IVORY SWEETHEART WIRE LETTER RACK ,1,3.75,14064,United Kingdom
563734,2011-08-18 18:11:00,22585,PACK OF 6 BIRDY GIFT TAGS,12,1.25,14064,United Kingdom
563734,2011-08-18 18:11:00,82494L,WOODEN FRAME ANTIQUE WHITE ,6,2.95,14064,United Kingdom
563734,2011-08-18 18:11:00,82482,WOODEN PICTURE FRAME WHITE FINISH,6,2.55,14064,United Kingdom
563734,2011-08-18 18:11:00,84992,72 SWEETHEART FAIRY CAKE CASES,12,0.55,14064,United Kingdom
563734,2011-08-18 18:11:00,23309,SET OF 60 I LOVE LONDON CAKE CASES ,12,0.55,14064,United Kingdom
563734,2011-08-18 18:11:00,84991,60 TEATIME FAIRY CAKE CASES,12,0.55,14064,United Kingdom
563734,2011-08-18 18:11:00,23308,SET OF 60 VINTAGE LEAF CAKE CASES ,12,0.55,14064,United Kingdom
563734,2011-08-18 18:11:00,85015,SET OF 12  VINTAGE POSTCARD SET,1,0.65,14064,United Kingdom
563734,2011-08-18 18:11:00,21977,PACK OF 60 PINK PAISLEY CAKE CASES,24,0.55,14064,United Kingdom
563734,2011-08-18 18:11:00,23307,SET OF 60 PANTRY DESIGN CAKE CASES ,24,0.55,14064,United Kingdom
563734,2011-08-18 18:11:00,22469,HEART OF WICKER SMALL,2,1.65,14064,United Kingdom
563736,2011-08-18 18:21:00,23163,REGENCY SUGAR TONGS,48,2.08,13784,United Kingdom
563736,2011-08-18 18:21:00,22423,REGENCY CAKESTAND 3 TIER,16,10.95,13784,United Kingdom
563736,2011-08-18 18:21:00,22698,PINK REGENCY TEACUP AND SAUCER,24,2.55,13784,United Kingdom
563923,2011-08-21 14:19:00,51014C,"FEATHER PEN,COAL BLACK",96,0.39,14460,United Kingdom
563923,2011-08-21 14:19:00,51014L,"FEATHER PEN,LIGHT PINK",96,0.39,14460,United Kingdom
563923,2011-08-21 14:19:00,35646,VINTAGE BEAD PINK EVENING BAG,24,1.25,14460,United Kingdom
563923,2011-08-21 14:19:00,20992,JAZZ HEARTS PURSE NOTEBOOK,48,0.39,14460,United Kingdom
563923,2011-08-21 14:19:00,20984,12 PENCILS TALL TUBE POSY,60,0.29,14460,United Kingdom
563923,2011-08-21 14:19:00,10133,COLOURING PENCILS BROWN TUBE,40,0.42,14460,United Kingdom
564058,2011-08-22 14:23:00,21871,SAVE THE PLANET MUG,12,1.25,17676,United Kingdom
564058,2011-08-22 14:23:00,23205,CHARLOTTE BAG VINTAGE ALPHABET ,10,0.85,17676,United Kingdom
564058,2011-08-22 14:23:00,23209,LUNCH BAG VINTAGE DOILY ,10,1.65,17676,United Kingdom
564058,2011-08-22 14:23:00,23148,MINIATURE ANTIQUE ROSE HOOK IVORY,36,0.83,17676,United Kingdom
564058,2011-08-22 14:23:00,22948,METAL DECORATION NAUGHTY CHILDREN ,24,0.85,17676,United Kingdom
564058,2011-08-22 14:23:00,22867,HAND WARMER BIRD DESIGN,12,2.1,17676,United Kingdom
564058,2011-08-22 14:23:00,22865,HAND WARMER OWL DESIGN,12,2.1,17676,United Kingdom
564058,2011-08-22 14:23:00,22866,HAND WARMER SCOTTY DOG DESIGN,12,2.1,17676,United Kingdom
564058,2011-08-22 14:23:00,23208,LUNCH BAG VINTAGE LEAF DESIGN,20,1.65,17676,United Kingdom
564058,2011-08-22 14:23:00,22898,CHILDRENS APRON APPLES DESIGN,8,1.95,17676,United Kingdom
564058,2011-08-22 14:23:00,23206,LUNCH BAG APPLE DESIGN,10,1.65,17676,United Kingdom
564419,2011-08-25 11:09:00,15039,SANDALWOOD FAN,20,0.85,16093,United Kingdom
564564,2011-08-26 10:50:00,21232,STRAWBERRY CERAMIC TRINKET BOX,48,1.25,13003,United Kingdom
564715,2011-08-28 11:01:00,21905,MORE BUTTER METAL SIGN ,1,0.79,14472,United Kingdom
564715,2011-08-28 11:01:00,22297,HEART IVORY TRELLIS SMALL,1,1.25,14472,United Kingdom
564715,2011-08-28 11:01:00,22296,HEART IVORY TRELLIS LARGE,1,1.65,14472,United Kingdom
564715,2011-08-28 11:01:00,22296,HEART IVORY TRELLIS LARGE,1,1.65,14472,United Kingdom
564715,2011-08-28 11:01:00,22297,HEART IVORY TRELLIS SMALL,1,1.25,14472,United Kingdom
564715,2011-08-28 11:01:00,21385,IVORY HANGING DECORATION  HEART,7,0.85,14472,United Kingdom
564715,2011-08-28 11:01:00,82600,NO SINGING METAL SIGN,1,2.1,14472,United Kingdom
564715,2011-08-28 11:01:00,21452,TOADSTOOL MONEY BOX,3,2.95,14472,United Kingdom
564715,2011-08-28 11:01:00,85123A,WHITE HANGING HEART T-LIGHT HOLDER,2,2.95,14472,United Kingdom
564715,2011-08-28 11:01:00,22797,CHEST OF DRAWERS GINGHAM HEART ,1,16.95,14472,United Kingdom
564715,2011-08-28 11:01:00,21259,VICTORIAN SEWING BOX SMALL ,1,5.95,14472,United Kingdom
564715,2011-08-28 11:01:00,84755,COLOUR GLASS T-LIGHT HOLDER HANGING,16,0.65,14472,United Kingdom
564715,2011-08-28 11:01:00,22294,HEART FILIGREE DOVE  SMALL,3,1.25,14472,United Kingdom
564715,2011-08-28 11:01:00,22296,HEART IVORY TRELLIS LARGE,1,1.65,14472,United Kingdom
564715,2011-08-28 11:01:00,21390,FILIGRIS HEART WITH BUTTERFLY,2,1.25,14472,United Kingdom
564715,2011-08-28 11:01:00,22294,HEART FILIGREE DOVE  SMALL,2,1.25,14472,United Kingdom
564715,2011-08-28 11:01:00,22716,CARD CIRCUS PARADE,12,0.42,14472,United Kingdom
564715,2011-08-28 11:01:00,22030,SWALLOWS GREETING CARD,12,0.42,14472,United Kingdom
564715,2011-08-28 11:01:00,84879,ASSORTED COLOUR BIRD ORNAMENT,8,1.69,14472,United Kingdom
564715,2011-08-28 11:01:00,21259,VICTORIAN SEWING BOX SMALL ,1,5.95,14472,United Kingdom
564715,2011-08-28 11:01:00,21754,HOME BUILDING BLOCK WORD,1,5.95,14472,United Kingdom
564715,2011-08-28 11:01:00,21755,LOVE BUILDING BLOCK WORD,3,5.95,14472,United Kingdom
564715,2011-08-28 11:01:00,84201C,HAPPY BIRTHDAY CARD TEDDY/CAKE,5,0.19,14472,United Kingdom
564715,2011-08-28 11:01:00,22297,HEART IVORY TRELLIS SMALL,1,1.25,14472,United Kingdom
564715,2011-08-28 11:01:00,21385,IVORY HANGING DECORATION  HEART,2,0.85,14472,United Kingdom
564715,2011-08-28 11:01:00,22227,HANGING HEART MIRROR DECORATION ,4,0.65,14472,United Kingdom
564715,2011-08-28 11:01:00,21385,IVORY HANGING DECORATION  HEART,1,0.85,14472,United Kingdom
564715,2011-08-28 11:01:00,22227,HANGING HEART MIRROR DECORATION ,1,0.65,14472,United Kingdom
564715,2011-08-28 11:01:00,23130,MISTLETOE HEART WREATH GREEN,2,4.15,14472,United Kingdom
564723,2011-08-28 12:11:00,23084,RABBIT NIGHT LIGHT,6,2.08,16168,United Kingdom
564723,2011-08-28 12:11:00,22699,ROSES REGENCY TEACUP AND SAUCER ,6,2.95,16168,United Kingdom
564723,2011-08-28 12:11:00,23300,GARDENERS KNEELING PAD CUP OF TEA ,48,1.45,16168,United Kingdom
564723,2011-08-28 12:11:00,23301,GARDENERS KNEELING PAD KEEP CALM ,48,1.45,16168,United Kingdom
564953,2011-08-31 13:37:00,82483,WOOD 2 DRAWER CABINET WHITE FINISH,4,6.95,17588,United Kingdom
564953,2011-08-31 13:37:00,71477,COLOUR GLASS. STAR T-LIGHT HOLDER,72,2.75,17588,United Kingdom
564953,2011-08-31 13:37:00,22687,DOORMAT CHRISTMAS VILLAGE,2,7.95,17588,United Kingdom
564953,2011-08-31 13:37:00,48187,DOORMAT NEW ENGLAND,10,6.75,17588,United Kingdom
564953,2011-08-31 13:37:00,82486,3 DRAWER ANTIQUE WHITE WOOD CABINET,4,8.95,17588,United Kingdom
564953,2011-08-31 13:37:00,17003,BROCADE RING PURSE ,180,0.29,17588,United Kingdom
564953,2011-08-31 13:37:00,22810,SET OF 6 T-LIGHTS SNOWMEN,6,2.95,17588,United Kingdom
564953,2011-08-31 13:37:00,72586,SET OF 6 HALLOWEEN GHOST T-LIGHTS,36,0.42,17588,United Kingdom
564953,2011-08-31 13:37:00,72349B,SET/6 PURPLE BUTTERFLY T-LIGHTS,48,1.69,17588,United Kingdom
564953,2011-08-31 13:37:00,72232,FENG SHUI PILLAR CANDLE,48,0.19,17588,United Kingdom
564953,2011-08-31 13:37:00,22809,SET OF 6 T-LIGHTS SANTA,6,2.95,17588,United Kingdom
564962,2011-08-31 14:35:00,47580,TEA TIME DES TEA COSY,1,2.55,17777,United Kingdom
564962,2011-08-31 14:35:00,22252,BIRDCAGE DECORATION TEALIGHT HOLDER,2,1.25,17777,United Kingdom
564962,2011-08-31 14:35:00,23433,HANGING QUILTED PATCHWORK APPLES,12,0.83,17777,United Kingdom
564962,2011-08-31 14:35:00,22209,WOOD STAMP SET HAPPY BIRTHDAY,2,0.83,17777,United Kingdom
564962,2011-08-31 14:35:00,22652,TRAVEL SEWING KIT,6,1.65,17777,United Kingdom
564962,2011-08-31 14:35:00,22350,ILLUSTRATED CAT BOWL ,1,2.55,17777,United Kingdom
564962,2011-08-31 14:35:00,23122,PARTY CHARMS 50 PIECES,6,0.83,17777,United Kingdom
564962,2011-08-31 14:35:00,84836,ZINC METAL HEART DECORATION,1,1.25,17777,United Kingdom
564962,2011-08-31 14:35:00,23123,COCKTAIL SWORDS 50 PIECES,6,0.83,17777,United Kingdom
564962,2011-08-31 14:35:00,23121,PACK OF 6 COCKTAIL PARASOL STRAWS,2,0.42,17777,United Kingdom
564962,2011-08-31 14:35:00,22154,ANGEL DECORATION 3 BUTTONS ,3,0.42,17777,United Kingdom
564962,2011-08-31 14:35:00,22161,HEART DECORATION RUSTIC HANGING ,1,0.19,17777,United Kingdom
564962,2011-08-31 14:35:00,22759,SET OF 3 NOTEBOOKS IN PARCEL,1,1.65,17777,United Kingdom
564962,2011-08-31 14:35:00,35961,FOLKART ZINC HEART CHRISTMAS DEC,2,0.85,17777,United Kingdom
564962,2011-08-31 14:35:00,22196,SMALL HEART MEASURING SPOONS,6,0.85,17777,United Kingdom
564962,2011-08-31 14:35:00,22138,BAKING SET 9 PIECE RETROSPOT ,1,4.95,17777,United Kingdom
564962,2011-08-31 14:35:00,22759,SET OF 3 NOTEBOOKS IN PARCEL,2,1.65,17777,United Kingdom
564962,2011-08-31 14:35:00,21992,VINTAGE PAISLEY STATIONERY SET,5,1.25,17777,United Kingdom
564962,2011-08-31 14:35:00,22219,LOVEBIRD HANGING DECORATION WHITE ,1,0.85,17777,United Kingdom
564962,2011-08-31 14:35:00,20992,JAZZ HEARTS PURSE NOTEBOOK,6,0.39,17777,United Kingdom
564962,2011-08-31 14:35:00,85184C,SET 4 VALENTINE DECOUPAGE HEART BOX,1,2.95,17777,United Kingdom
564962,2011-08-31 14:35:00,21430,SET/3 RED GINGHAM ROSE STORAGE BOX,1,3.75,17777,United Kingdom
564962,2011-08-31 14:35:00,20996,JAZZ HEARTS ADDRESS BOOK,6,0.19,17777,United Kingdom
564962,2011-08-31 14:35:00,22195,LARGE HEART MEASURING SPOONS,2,1.65,17777,United Kingdom
564962,2011-08-31 14:35:00,84535B,FAIRY CAKES NOTEBOOK A6 SIZE,1,0.65,17777,United Kingdom
564962,2011-08-31 14:35:00,22746,POPPY'S PLAYHOUSE LIVINGROOM ,1,2.1,17777,United Kingdom
564962,2011-08-31 14:35:00,22747,POPPY'S PLAYHOUSE BATHROOM,1,2.1,17777,United Kingdom
564962,2011-08-31 14:35:00,22136,LOVE HEART SOCK HANGER,2,1.65,17777,United Kingdom
564962,2011-08-31 14:35:00,47504K,ENGLISH ROSE GARDEN SECATEURS,2,0.79,17777,United Kingdom
564962,2011-08-31 14:35:00,23282,FOLDING BUTTERFLY MIRROR IVORY ,3,0.83,17777,United Kingdom
564962,2011-08-31 14:35:00,21407,BROWN CHECK CAT DOORSTOP ,1,4.25,17777,United Kingdom
564962,2011-08-31 14:35:00,22748,POPPY'S PLAYHOUSE KITCHEN,1,2.1,17777,United Kingdom
564962,2011-08-31 14:35:00,22445,PENCIL CASE LIFE IS BEAUTIFUL,1,2.95,17777,United Kingdom
564962,2011-08-31 14:35:00,23273,HEART T-LIGHT HOLDER WILLIE WINKIE,2,1.65,17777,United Kingdom
564962,2011-08-31 14:35:00,22130,PARTY CONE CHRISTMAS DECORATION ,5,0.85,17777,United Kingdom
564962,2011-08-31 14:35:00,22286,DECORATION WOBBLY RABBIT METAL ,1,0.39,17777,United Kingdom
564962,2011-08-31 14:35:00,47503A,ASS FLORAL PRINT MULTI SCREWDRIVER,2,0.42,17777,United Kingdom
564962,2011-08-31 14:35:00,22420,LIPSTICK PEN BABY PINK,4,0.42,17777,United Kingdom
564962,2011-08-31 14:35:00,22421,LIPSTICK PEN FUSCHIA,4,0.42,17777,United Kingdom
564962,2011-08-31 14:35:00,22575,METAL MERRY CHRISTMAS WREATH,1,1.95,17777,United Kingdom
564962,2011-08-31 14:35:00,23210,WHITE ROCKING HORSE HAND PAINTED,2,1.25,17777,United Kingdom
564962,2011-08-31 14:35:00,23152,IVORY SWEETHEART WIRE LETTER RACK ,1,3.75,17777,United Kingdom
564962,2011-08-31 14:35:00,23213,STAR WREATH DECORATION WITH BELL,2,1.25,17777,United Kingdom
564962,2011-08-31 14:35:00,21810,CHRISTMAS HANGING STAR WITH BELL,1,1.25,17777,United Kingdom
564962,2011-08-31 14:35:00,21811,HANGING HEART WITH BELL,1,1.25,17777,United Kingdom
564962,2011-08-31 14:35:00,22153,ANGEL DECORATION STARS ON DRESS,3,0.42,17777,United Kingdom
564962,2011-08-31 14:35:00,22575,METAL MERRY CHRISTMAS WREATH,1,1.95,17777,United Kingdom
564962,2011-08-31 14:35:00,84924A,WAKE UP COCKEREL CALENDAR SIGN ,1,3.75,17777,United Kingdom
564962,2011-08-31 14:35:00,22158,3 HEARTS HANGING DECORATION RUSTIC,4,2.95,17777,United Kingdom
564962,2011-08-31 14:35:00,21809,CHRISTMAS HANGING TREE WITH BELL,1,1.25,17777,United Kingdom
564962,2011-08-31 14:35:00,23093,SMALL PARISIENNE HEART PHOTO FRAME ,1,2.49,17777,United Kingdom
564962,2011-08-31 14:35:00,22419,LIPSTICK PEN RED,4,0.42,17777,United Kingdom
564962,2011-08-31 14:35:00,22445,PENCIL CASE LIFE IS BEAUTIFUL,1,2.95,17777,United Kingdom
564962,2011-08-31 14:35:00,22113,GREY HEART HOT WATER BOTTLE,1,3.75,17777,United Kingdom
564962,2011-08-31 14:35:00,23267,SET OF 4 SANTA PLACE SETTINGS,4,1.25,17777,United Kingdom
564962,2011-08-31 14:35:00,23263,SET OF 3 WOODEN HEART DECORATIONS,2,1.25,17777,United Kingdom
564962,2011-08-31 14:35:00,23275,SET OF 3 HANGING OWLS OLLIE BEAK,2,1.25,17777,United Kingdom
564962,2011-08-31 14:35:00,23228,FILIGREE HEART BIRD WHITE ,8,1.25,17777,United Kingdom
564962,2011-08-31 14:35:00,72130,COLUMBIAN CANDLE ROUND,2,0.65,17777,United Kingdom
564962,2011-08-31 14:35:00,22588,CARD HOLDER GINGHAM HEART,1,2.89,17777,United Kingdom
564962,2011-08-31 14:35:00,22151,PLACE SETTING WHITE HEART,2,0.42,17777,United Kingdom
564962,2011-08-31 14:35:00,22161,HEART DECORATION RUSTIC HANGING ,2,0.19,17777,United Kingdom
564962,2011-08-31 14:35:00,22267,EASTER DECORATION EGG BUNNY ,1,0.39,17777,United Kingdom
564962,2011-08-31 14:35:00,22210,WOOD STAMP SET BEST WISHES,1,0.83,17777,United Kingdom
564962,2011-08-31 14:35:00,21429,RED GINGHAM ROSE JEWELLERY BOX,2,1.95,17777,United Kingdom
564962,2011-08-31 14:35:00,22720,SET OF 3 CAKE TINS PANTRY DESIGN ,1,4.95,17777,United Kingdom
564962,2011-08-31 14:35:00,47504H,ENGLISH ROSE SPIRIT LEVEL ,2,0.79,17777,United Kingdom
565157,2011-09-01 15:08:00,23084,RABBIT NIGHT LIGHT,48,1.79,16168,United Kingdom
565224,2011-09-01 19:11:00,22385,JUMBO BAG SPACEBOY DESIGN,2,2.08,14713,United Kingdom
565224,2011-09-01 19:11:00,21928,JUMBO BAG SCANDINAVIAN BLUE PAISLEY,2,2.08,14713,United Kingdom
565224,2011-09-01 19:11:00,21929,JUMBO BAG PINK VINTAGE PAISLEY,2,2.08,14713,United Kingdom
565224,2011-09-01 19:11:00,23199,JUMBO BAG APPLES,2,2.08,14713,United Kingdom
565224,2011-09-01 19:11:00,22487,WHITE WOOD GARDEN PLANT LADDER,1,9.95,14713,United Kingdom
565224,2011-09-01 19:11:00,82484,WOOD BLACK BOARD ANT WHITE FINISH,2,7.95,14713,United Kingdom
565224,2011-09-01 19:11:00,82494L,WOODEN FRAME ANTIQUE WHITE ,3,2.95,14713,United Kingdom
565224,2011-09-01 19:11:00,21561,DINOSAUR LUNCH BOX WITH CUTLERY,2,2.55,14713,United Kingdom
565224,2011-09-01 19:11:00,21558,SKULL LUNCH BOX WITH CUTLERY ,2,2.55,14713,United Kingdom
565224,2011-09-01 19:11:00,82482,WOODEN PICTURE FRAME WHITE FINISH,1,2.95,14713,United Kingdom
565224,2011-09-01 19:11:00,82486,3 DRAWER ANTIQUE WHITE WOOD CABINET,2,8.95,14713,United Kingdom
565224,2011-09-01 19:11:00,20713,JUMBO BAG OWLS,2,2.08,14713,United Kingdom
565224,2011-09-01 19:11:00,22352,LUNCH BOX WITH CUTLERY RETROSPOT ,2,2.55,14713,United Kingdom
565224,2011-09-01 19:11:00,23202,JUMBO BAG VINTAGE LEAF,2,2.08,14713,United Kingdom
565224,2011-09-01 19:11:00,21559,STRAWBERRY LUNCH BOX WITH CUTLERY,3,2.55,14713,United Kingdom
565224,2011-09-01 19:11:00,22383,LUNCH BAG SUKI DESIGN ,3,1.65,14713,United Kingdom
565224,2011-09-01 19:11:00,21918,SET 12 KIDS COLOUR  CHALK STICKS,12,0.42,14713,United Kingdom
565224,2011-09-01 19:11:00,21830,ASSORTED CREEPY CRAWLIES,24,0.42,14713,United Kingdom
565224,2011-09-01 19:11:00,21705,BAG 500g SWIRLY MARBLES,6,1.65,14713,United Kingdom
565224,2011-09-01 19:11:00,22633,HAND WARMER UNION JACK,4,2.1,14713,United Kingdom
565224,2011-09-01 19:11:00,22866,HAND WARMER SCOTTY DOG DESIGN,6,2.1,14713,United Kingdom
565224,2011-09-01 19:11:00,22371,AIRLINE BAG VINTAGE TOKYO 78,3,4.25,14713,United Kingdom
565224,2011-09-01 19:11:00,20728,LUNCH BAG CARS BLUE,3,1.65,14713,United Kingdom
565224,2011-09-01 19:11:00,23204,CHARLOTTE BAG APPLES DESIGN,3,0.85,14713,United Kingdom
565224,2011-09-01 19:11:00,23300,GARDENERS KNEELING PAD CUP OF TEA ,4,1.65,14713,United Kingdom
565224,2011-09-01 19:11:00,23301,GARDENERS KNEELING PAD KEEP CALM ,2,1.65,14713,United Kingdom
565224,2011-09-01 19:11:00,23208,LUNCH BAG VINTAGE LEAF DESIGN,3,1.65,14713,United Kingdom
565224,2011-09-01 19:11:00,22382,LUNCH BAG SPACEBOY DESIGN ,3,1.65,14713,United Kingdom
565224,2011-09-01 19:11:00,23237,SET OF 4 KNICK KNACK TINS LEAF,2,4.15,14713,United Kingdom
565224,2011-09-01 19:11:00,20726,LUNCH BAG WOODLAND,3,1.65,14713,United Kingdom
565418,2011-09-04 12:07:00,22189,CREAM HEART CARD HOLDER,4,3.95,13576,United Kingdom
565418,2011-09-04 12:07:00,21755,LOVE BUILDING BLOCK WORD,3,6.25,13576,United Kingdom
565418,2011-09-04 12:07:00,22796,PHOTO FRAME 3 CLASSIC HANGING,2,9.95,13576,United Kingdom
565418,2011-09-04 12:07:00,21137,BLACK RECORD COVER FRAME,72,3.39,13576,United Kingdom
565418,2011-09-04 12:07:00,82582,AREA PATROLLED METAL SIGN,12,2.1,13576,United Kingdom
565724,2011-09-06 11:53:00,75049L,LARGE CIRCULAR MIRROR MOBILE,96,0.85,16168,United Kingdom
565724,2011-09-06 11:53:00,23046,PAPER LANTERN 9 POINT DELUXE STAR,2,6.65,16168,United Kingdom
565724,2011-09-06 11:53:00,23047,PAPER LANTERN 5 POINT SEQUIN STAR,2,5.75,16168,United Kingdom
565724,2011-09-06 11:53:00,22699,ROSES REGENCY TEACUP AND SAUCER ,6,2.95,16168,United Kingdom
565724,2011-09-06 11:53:00,22697,GREEN REGENCY TEACUP AND SAUCER,6,2.95,16168,United Kingdom
565724,2011-09-06 11:53:00,22423,REGENCY CAKESTAND 3 TIER,2,12.75,16168,United Kingdom
565724,2011-09-06 11:53:00,22698,PINK REGENCY TEACUP AND SAUCER,6,2.95,16168,United Kingdom
565736,2011-09-06 12:27:00,22151,PLACE SETTING WHITE HEART,432,0.36,13784,United Kingdom
566278,2011-09-11 14:05:00,22569,FELTCRAFT CUSHION BUTTERFLY,4,3.75,13614,United Kingdom
566278,2011-09-11 14:05:00,85176,SEWING SUSAN 21 NEEDLE SET,12,0.85,13614,United Kingdom
566278,2011-09-11 14:05:00,22910,PAPER CHAIN KIT VINTAGE CHRISTMAS,6,2.95,13614,United Kingdom
566278,2011-09-11 14:05:00,48187,DOORMAT NEW ENGLAND,2,8.25,13614,United Kingdom
566278,2011-09-11 14:05:00,22692,DOORMAT WELCOME TO OUR HOME,2,8.25,13614,United Kingdom
566278,2011-09-11 14:05:00,22505,MEMO BOARD COTTAGE DESIGN,3,4.95,13614,United Kingdom
566278,2011-09-11 14:05:00,22507,MEMO BOARD RETROSPOT  DESIGN,4,4.95,13614,United Kingdom
566278,2011-09-11 14:05:00,22940,FELTCRAFT CHRISTMAS FAIRY,4,4.25,13614,United Kingdom
566278,2011-09-11 14:05:00,22749,FELTCRAFT PRINCESS CHARLOTTE DOLL,4,3.75,13614,United Kingdom
566278,2011-09-11 14:05:00,23180,MUM'S KITCHEN CLOCK,4,4.95,13614,United Kingdom
566278,2011-09-11 14:05:00,22423,REGENCY CAKESTAND 3 TIER,1,12.75,13614,United Kingdom
566278,2011-09-11 14:05:00,22191,IVORY DINER WALL CLOCK,2,8.5,13614,United Kingdom
566278,2011-09-11 14:05:00,22846,BREAD BIN DINER STYLE RED ,1,16.95,13614,United Kingdom
566278,2011-09-11 14:05:00,22847,BREAD BIN DINER STYLE IVORY,2,16.95,13614,United Kingdom
566278,2011-09-11 14:05:00,22624,IVORY KITCHEN SCALES,2,8.5,13614,United Kingdom
566278,2011-09-11 14:05:00,22625,RED KITCHEN SCALES,2,8.5,13614,United Kingdom
566278,2011-09-11 14:05:00,21191,LARGE WHITE HONEYCOMB PAPER BELL  ,12,2.1,13614,United Kingdom
566450,2011-09-12 16:12:00,21977,PACK OF 60 PINK PAISLEY CAKE CASES,24,0.55,15673,United Kingdom
566450,2011-09-12 16:12:00,23309,SET OF 60 I LOVE LONDON CAKE CASES ,24,0.55,15673,United Kingdom
566450,2011-09-12 16:12:00,22607,WOODEN ROUNDERS GARDEN SET ,1,9.95,15673,United Kingdom
566450,2011-09-12 16:12:00,23297,SET 40 HEART SHAPE PETIT FOUR CASES,16,1.65,15673,United Kingdom
566450,2011-09-12 16:12:00,22977,DOLLY GIRL CHILDRENS EGG CUP,12,1.25,15673,United Kingdom
566450,2011-09-12 16:12:00,22988,SOLDIERS EGG CUP ,12,1.25,15673,United Kingdom
566450,2011-09-12 16:12:00,22975,SPACEBOY CHILDRENS EGG CUP,12,1.25,15673,United Kingdom
566450,2011-09-12 16:12:00,22988,SOLDIERS EGG CUP ,12,1.25,15673,United Kingdom
566450,2011-09-12 16:12:00,22974,CHILDRENS DOLLY GIRL MUG,6,1.65,15673,United Kingdom
566450,2011-09-12 16:12:00,22197,POPCORN HOLDER,13,0.85,15673,United Kingdom
566450,2011-09-12 16:12:00,22951,60 CAKE CASES DOLLY GIRL DESIGN,24,0.55,15673,United Kingdom
566450,2011-09-12 16:12:00,21213,PACK OF 72 SKULL CAKE CASES,24,0.55,15673,United Kingdom
566450,2011-09-12 16:12:00,22972,CHILDREN'S SPACEBOY MUG,12,1.65,15673,United Kingdom
566450,2011-09-12 16:12:00,22729,ALARM CLOCK BAKELIKE ORANGE,6,3.75,15673,United Kingdom
566450,2011-09-12 16:12:00,22727,ALARM CLOCK BAKELIKE RED ,8,3.75,15673,United Kingdom
566450,2011-09-12 16:12:00,22726,ALARM CLOCK BAKELIKE GREEN,8,3.75,15673,United Kingdom
566450,2011-09-12 16:12:00,23301,GARDENERS KNEELING PAD KEEP CALM ,6,1.65,15673,United Kingdom
566450,2011-09-12 16:12:00,21034,REX CASH+CARRY JUMBO SHOPPER,3,0.95,15673,United Kingdom
566450,2011-09-12 16:12:00,22964,3 PIECE SPACEBOY COOKIE CUTTER SET,12,2.1,15673,United Kingdom
566450,2011-09-12 16:12:00,23241,TREASURE TIN GYMKHANA DESIGN,6,2.08,15673,United Kingdom
566450,2011-09-12 16:12:00,23238,SET OF 4 KNICK KNACK TINS LONDON ,6,4.15,15673,United Kingdom
566450,2011-09-12 16:12:00,23343,JUMBO BAG VINTAGE CHRISTMAS ,11,2.08,15673,United Kingdom
566450,2011-09-12 16:12:00,22734,SET OF 6 RIBBONS VINTAGE CHRISTMAS,24,2.89,15673,United Kingdom
566450,2011-09-12 16:12:00,22970,LONDON BUS COFFEE MUG,6,2.55,15673,United Kingdom
566450,2011-09-12 16:12:00,22955,36 FOIL STAR CAKE CASES ,6,2.1,15673,United Kingdom
566450,2011-09-12 16:12:00,22956,36 FOIL HEART CAKE CASES,8,2.1,15673,United Kingdom
566450,2011-09-12 16:12:00,23313,VINTAGE CHRISTMAS BUNTING,6,4.95,15673,United Kingdom
566450,2011-09-12 16:12:00,23266,SET OF 3 WOODEN STOCKING DECORATION,12,1.25,15673,United Kingdom
566450,2011-09-12 16:12:00,23201,JUMBO BAG ALPHABET,10,2.08,15673,United Kingdom
566450,2011-09-12 16:12:00,23238,SET OF 4 KNICK KNACK TINS LONDON ,6,4.15,15673,United Kingdom
566450,2011-09-12 16:12:00,22974,CHILDRENS DOLLY GIRL MUG,6,1.65,15673,United Kingdom
566450,2011-09-12 16:12:00,23348,CHILDRENS TOY COOKING UTENSIL SET,2,2.08,15673,United Kingdom
566450,2011-09-12 16:12:00,21915,RED  HARMONICA IN BOX ,24,1.25,15673,United Kingdom
566450,2011-09-12 16:12:00,23207,LUNCH BAG ALPHABET DESIGN,6,1.65,15673,United Kingdom
566450,2011-09-12 16:12:00,22738,RIBBON REEL SNOWY VILLAGE,10,1.65,15673,United Kingdom
566450,2011-09-12 16:12:00,23203,JUMBO BAG VINTAGE DOILY ,10,2.08,15673,United Kingdom
566450,2011-09-12 16:12:00,23202,JUMBO BAG VINTAGE LEAF,10,2.08,15673,United Kingdom
566450,2011-09-12 16:12:00,22909,SET OF 20 VINTAGE CHRISTMAS NAPKINS,12,0.85,15673,United Kingdom
566450,2011-09-12 16:12:00,22970,LONDON BUS COFFEE MUG,6,2.55,15673,United Kingdom
566450,2011-09-12 16:12:00,22144,CHRISTMAS CRAFT LITTLE FRIENDS,6,2.1,15673,United Kingdom
566450,2011-09-12 16:12:00,22411,JUMBO SHOPPER VINTAGE RED PAISLEY,10,2.08,15673,United Kingdom
566450,2011-09-12 16:12:00,22971,QUEENS GUARD COFFEE MUG,12,2.55,15673,United Kingdom
566581,2011-09-13 13:47:00,85066,CREAM SWEETHEART MINI CHEST,2,12.75,16081,United Kingdom
566581,2011-09-13 13:47:00,21135,VICTORIAN  METAL POSTCARD SPRING,8,1.69,16081,United Kingdom
566581,2011-09-13 13:47:00,23145,ZINC T-LIGHT HOLDER STAR LARGE,12,0.95,16081,United Kingdom
566581,2011-09-13 13:47:00,23144,ZINC T-LIGHT HOLDER STARS SMALL,12,0.83,16081,United Kingdom
566581,2011-09-13 13:47:00,47503A,ASS FLORAL PRINT MULTI SCREWDRIVER,12,0.42,16081,United Kingdom
566581,2011-09-13 13:47:00,22457,NATURAL SLATE HEART CHALKBOARD ,12,2.95,16081,United Kingdom
566581,2011-09-13 13:47:00,82483,WOOD 2 DRAWER CABINET WHITE FINISH,4,6.95,16081,United Kingdom
566581,2011-09-13 13:47:00,47504K,ENGLISH ROSE GARDEN SECATEURS,12,0.79,16081,United Kingdom
566581,2011-09-13 13:47:00,82482,WOODEN PICTURE FRAME WHITE FINISH,12,2.95,16081,United Kingdom
566581,2011-09-13 13:47:00,22169,FAMILY ALBUM WHITE PICTURE FRAME,4,8.5,16081,United Kingdom
566581,2011-09-13 13:47:00,84970S,HANGING HEART ZINC T-LIGHT HOLDER,12,0.85,16081,United Kingdom
566581,2011-09-13 13:47:00,82486,3 DRAWER ANTIQUE WHITE WOOD CABINET,2,8.95,16081,United Kingdom
566581,2011-09-13 13:47:00,22464,HANGING METAL HEART LANTERN,6,1.65,16081,United Kingdom
566581,2011-09-13 13:47:00,22789,T-LIGHT HOLDER SWEETHEART HANGING,4,1.95,16081,United Kingdom
566581,2011-09-13 13:47:00,71038,WHITE HANGING BEADS CANDLE HOLDER,4,5.45,16081,United Kingdom
566581,2011-09-13 13:47:00,84879,ASSORTED COLOUR BIRD ORNAMENT,40,1.69,16081,United Kingdom
566581,2011-09-13 13:47:00,22178,VICTORIAN GLASS HANGING T-LIGHT,12,1.95,16081,United Kingdom
566581,2011-09-13 13:47:00,22423,REGENCY CAKESTAND 3 TIER,1,12.75,16081,United Kingdom
566581,2011-09-13 13:47:00,22698,PINK REGENCY TEACUP AND SAUCER,4,2.95,16081,United Kingdom
566581,2011-09-13 13:47:00,22189,CREAM HEART CARD HOLDER,4,3.95,16081,United Kingdom
566581,2011-09-13 13:47:00,21745,GAOLERS KEYS DECORATIVE GARDEN ,4,3.75,16081,United Kingdom
566581,2011-09-13 13:47:00,22456,NATURAL SLATE CHALKBOARD LARGE ,2,4.95,16081,United Kingdom
566581,2011-09-13 13:47:00,82494L,WOODEN FRAME ANTIQUE WHITE ,12,2.95,16081,United Kingdom
566581,2011-09-13 13:47:00,84970L,SINGLE HEART ZINC T-LIGHT HOLDER,12,1.25,16081,United Kingdom
566581,2011-09-13 13:47:00,22188,BLACK HEART CARD HOLDER,4,3.95,16081,United Kingdom
566581,2011-09-13 13:47:00,22796,PHOTO FRAME 3 CLASSIC HANGING,4,9.95,16081,United Kingdom
566581,2011-09-13 13:47:00,22766,PHOTO FRAME CORNICE,4,2.95,16081,United Kingdom
566581,2011-09-13 13:47:00,22488,NATURAL SLATE RECTANGLE CHALKBOARD,5,1.65,16081,United Kingdom
566581,2011-09-13 13:47:00,21390,FILIGRIS HEART WITH BUTTERFLY,24,1.25,16081,United Kingdom
566581,2011-09-13 13:47:00,21389,IVORY HANGING DECORATION  BIRD,24,0.85,16081,United Kingdom
566581,2011-09-13 13:47:00,22294,HEART FILIGREE DOVE  SMALL,24,1.25,16081,United Kingdom
566581,2011-09-13 13:47:00,35961,FOLKART ZINC HEART CHRISTMAS DEC,12,0.85,16081,United Kingdom
566581,2011-09-13 13:47:00,21385,IVORY HANGING DECORATION  HEART,24,0.85,16081,United Kingdom
566581,2011-09-13 13:47:00,22156,HEART DECORATION WITH PEARLS ,36,0.85,16081,United Kingdom
566581,2011-09-13 13:47:00,22293,HANGING CHICK GREEN DECORATION,24,1.45,16081,United Kingdom
566581,2011-09-13 13:47:00,22295,HEART FILIGREE DOVE LARGE,12,1.65,16081,United Kingdom
566581,2011-09-13 13:47:00,23328,SET 6 SCHOOL MILK BOTTLES IN CRATE,4,3.75,16081,United Kingdom
566581,2011-09-13 13:47:00,21818,GLITTER HEART DECORATION,10,0.85,16081,United Kingdom
566581,2011-09-13 13:47:00,22767,TRIPLE PHOTO FRAME CORNICE ,2,9.95,16081,United Kingdom
566581,2011-09-13 13:47:00,21819,GLITTER CHRISTMAS STAR ,10,0.85,16081,United Kingdom
566581,2011-09-13 13:47:00,21810,CHRISTMAS HANGING STAR WITH BELL,5,1.25,16081,United Kingdom
566581,2011-09-13 13:47:00,21809,CHRISTMAS HANGING TREE WITH BELL,5,1.25,16081,United Kingdom
566581,2011-09-13 13:47:00,22155,STAR DECORATION RUSTIC,20,0.42,16081,United Kingdom
566581,2011-09-13 13:47:00,22581,WOOD STOCKING CHRISTMAS SCANDISPOT,5,0.85,16081,United Kingdom
566581,2011-09-13 13:47:00,22576,SWALLOW WOODEN CHRISTMAS DECORATION,5,0.85,16081,United Kingdom
566581,2011-09-13 13:47:00,22573,STAR WOODEN CHRISTMAS DECORATION,5,0.85,16081,United Kingdom
566581,2011-09-13 13:47:00,22219,LOVEBIRD HANGING DECORATION WHITE ,10,0.85,16081,United Kingdom
566581,2011-09-13 13:47:00,22602,RETROSPOT WOODEN HEART DECORATION,20,0.85,16081,United Kingdom
566581,2011-09-13 13:47:00,22577,WOODEN HEART CHRISTMAS SCANDINAVIAN,20,0.85,16081,United Kingdom
566581,2011-09-13 13:47:00,85123A,WHITE HANGING HEART T-LIGHT HOLDER,32,2.55,16081,United Kingdom
566581,2011-09-13 13:47:00,84978,HANGING HEART JAR T-LIGHT HOLDER,12,1.25,16081,United Kingdom
566581,2011-09-13 13:47:00,21817,GLITTER CHRISTMAS TREE,10,0.85,16081,United Kingdom
566581,2011-09-13 13:47:00,82551,LAUNDRY 15C METAL SIGN,4,1.45,16081,United Kingdom
566581,2011-09-13 13:47:00,22699,ROSES REGENCY TEACUP AND SAUCER ,4,2.95,16081,United Kingdom
566581,2011-09-13 13:47:00,21175,GIN + TONIC DIET METAL SIGN,5,2.55,16081,United Kingdom
566581,2011-09-13 13:47:00,22696,WICKER WREATH LARGE,3,1.95,16081,United Kingdom
566581,2011-09-13 13:47:00,22695,WICKER WREATH SMALL,3,1.45,16081,United Kingdom
566581,2011-09-13 13:47:00,22470,HEART OF WICKER LARGE,10,2.95,16081,United Kingdom
566581,2011-09-13 13:47:00,22469,HEART OF WICKER SMALL,5,1.65,16081,United Kingdom
566581,2011-09-13 13:47:00,23321,SMALL WHITE HEART OF WICKER,5,1.65,16081,United Kingdom
566581,2011-09-13 13:47:00,22086,PAPER CHAIN KIT 50'S CHRISTMAS ,2,2.95,16081,United Kingdom
566581,2011-09-13 13:47:00,22910,PAPER CHAIN KIT VINTAGE CHRISTMAS,2,2.95,16081,United Kingdom
566581,2011-09-13 13:47:00,23215,JINGLE BELL HEART ANTIQUE SILVER,10,2.08,16081,United Kingdom
566581,2011-09-13 13:47:00,23263,SET OF 3 WOODEN HEART DECORATIONS,6,1.25,16081,United Kingdom
566581,2011-09-13 13:47:00,23265,SET OF 3 WOODEN TREE DECORATIONS,6,1.25,16081,United Kingdom
566581,2011-09-13 13:47:00,23266,SET OF 3 WOODEN STOCKING DECORATION,6,1.25,16081,United Kingdom
566581,2011-09-13 13:47:00,22296,HEART IVORY TRELLIS LARGE,12,1.65,16081,United Kingdom
566581,2011-09-13 13:47:00,23174,REGENCY SUGAR BOWL GREEN,2,4.15,16081,United Kingdom
566581,2011-09-13 13:47:00,21822,GLITTER CHRISTMAS TREE WITH BELLS,6,1.95,16081,United Kingdom
566581,2011-09-13 13:47:00,22297,HEART IVORY TRELLIS SMALL,24,1.25,16081,United Kingdom
566581,2011-09-13 13:47:00,35970,ZINC FOLKART SLEIGH BELLS,6,1.69,16081,United Kingdom
566581,2011-09-13 13:47:00,22158,3 HEARTS HANGING DECORATION RUSTIC,8,2.95,16081,United Kingdom
566581,2011-09-13 13:47:00,21314,SMALL GLASS HEART TRINKET POT,4,2.1,16081,United Kingdom
566581,2011-09-13 13:47:00,23175,REGENCY MILK JUG PINK ,4,3.25,16081,United Kingdom
566581,2011-09-13 13:47:00,22798,ANTIQUE GLASS DRESSING TABLE POT,4,2.95,16081,United Kingdom
566581,2011-09-13 13:47:00,23245,SET OF 3 REGENCY CAKE TINS,4,4.95,16081,United Kingdom
566581,2011-09-13 13:47:00,22801,ANTIQUE GLASS PEDESTAL BOWL,2,3.75,16081,United Kingdom
566581,2011-09-13 13:47:00,84836,ZINC METAL HEART DECORATION,12,1.25,16081,United Kingdom
566581,2011-09-13 13:47:00,21733,RED HANGING HEART T-LIGHT HOLDER,10,2.95,16081,United Kingdom
566581,2011-09-13 13:47:00,85035A,GARDENIA 3 WICK MORRIS BOXED CANDLE,3,4.25,16081,United Kingdom
566581,2011-09-13 13:47:00,23270,SET OF 2 CERAMIC PAINTED HEARTS ,6,1.45,16081,United Kingdom
566581,2011-09-13 13:47:00,85036A,GARDENIA 1 WICK MORRIS BOXED CANDLE,3,4.25,16081,United Kingdom
566581,2011-09-13 13:47:00,85035B,CHOCOLATE 3 WICK MORRIS BOX CANDLE,3,4.25,16081,United Kingdom
566581,2011-09-13 13:47:00,85152,HAND OVER THE CHOCOLATE   SIGN ,5,2.1,16081,United Kingdom
566581,2011-09-13 13:47:00,22185,SLATE TILE NATURAL HANGING,5,1.65,16081,United Kingdom
566581,2011-09-13 13:47:00,21770,OPEN CLOSED METAL SIGN,1,4.95,16081,United Kingdom
566581,2011-09-13 13:47:00,21166,COOK WITH WINE METAL SIGN ,5,2.08,16081,United Kingdom
566581,2011-09-13 13:47:00,21181,PLEASE ONE PERSON METAL SIGN,5,2.1,16081,United Kingdom
566581,2011-09-13 13:47:00,21908,CHOCOLATE THIS WAY METAL SIGN,5,2.1,16081,United Kingdom
566581,2011-09-13 13:47:00,21169,YOU'RE CONFUSING ME METAL SIGN ,5,1.69,16081,United Kingdom
566581,2011-09-13 13:47:00,85150,LADIES & GENTLEMEN METAL SIGN,5,2.55,16081,United Kingdom
566581,2011-09-13 13:47:00,82578,KITCHEN METAL SIGN,5,0.55,16081,United Kingdom
566581,2011-09-13 13:47:00,82581,TOILET METAL SIGN,5,0.55,16081,United Kingdom
566581,2011-09-13 13:47:00,21902,"KEY FOB , FRONT  DOOR ",10,0.65,16081,United Kingdom
566581,2011-09-13 13:47:00,21136,PAINTED METAL PEARS ASSORTED,24,1.69,16081,United Kingdom
566581,2011-09-13 13:47:00,85034A,3 GARDENIA MORRIS BOXED CANDLES,3,4.25,16081,United Kingdom
566581,2011-09-13 13:47:00,85036B,CHOCOLATE 1 WICK MORRIS BOX CANDLE,3,4.25,16081,United Kingdom
566581,2011-09-13 13:47:00,22587,FELTCRAFT HAIRBAND RED AND BLUE,12,0.85,16081,United Kingdom
566581,2011-09-13 13:47:00,22147,FELTCRAFT BUTTERFLY HEARTS,2,1.45,16081,United Kingdom
566581,2011-09-13 13:47:00,21899,GARAGE KEY FOB,5,0.65,16081,United Kingdom
566581,2011-09-13 13:47:00,72800E,4 IVORY DINNER CANDLES SILVER FLOCK,3,2.55,16081,United Kingdom
566581,2011-09-13 13:47:00,22271,FELTCRAFT DOLL ROSIE,1,2.95,16081,United Kingdom
566581,2011-09-13 13:47:00,22273,FELTCRAFT DOLL MOLLY,1,2.95,16081,United Kingdom
566581,2011-09-13 13:47:00,72800D,4 BLUE DINNER CANDLES SILVER FLOCK,3,2.55,16081,United Kingdom
566581,2011-09-13 13:47:00,22750,FELTCRAFT PRINCESS LOLA DOLL,1,3.75,16081,United Kingdom
566581,2011-09-13 13:47:00,85034B,3 WHITE CHOC MORRIS BOXED CANDLES,3,4.25,16081,United Kingdom
566581,2011-09-13 13:47:00,82552,WASHROOM METAL SIGN,5,1.45,16081,United Kingdom
566623,2011-09-14 09:31:00,21787,RAIN PONCHO RETROSPOT,72,0.85,12756,Japan
566623,2011-09-14 09:31:00,21786,POLKADOT RAIN HAT ,24,0.42,12756,Japan
566623,2011-09-14 09:31:00,21789,KIDS RAIN MAC PINK,24,0.85,12756,Japan
566623,2011-09-14 09:31:00,21788,KIDS RAIN MAC BLUE,24,0.85,12756,Japan
566648,2011-09-14 11:25:00,22910,PAPER CHAIN KIT VINTAGE CHRISTMAS,6,2.95,14198,United Kingdom
566648,2011-09-14 11:25:00,22741,FUNKY DIVA PEN,48,0.85,14198,United Kingdom
566648,2011-09-14 11:25:00,22086,PAPER CHAIN KIT 50'S CHRISTMAS ,6,2.95,14198,United Kingdom
566648,2011-09-14 11:25:00,82482,WOODEN PICTURE FRAME WHITE FINISH,6,2.95,14198,United Kingdom
566648,2011-09-14 11:25:00,23401,RUSTIC MIRROR WITH LACE HEART,2,6.25,14198,United Kingdom
566648,2011-09-14 11:25:00,23404,HOME SWEET HOME BLACKBOARD,6,4.95,14198,United Kingdom
566648,2011-09-14 11:25:00,23356,LOVE HOT WATER BOTTLE,3,5.95,14198,United Kingdom
566648,2011-09-14 11:25:00,82486,3 DRAWER ANTIQUE WHITE WOOD CABINET,2,8.95,14198,United Kingdom
566789,2011-09-15 10:35:00,21802,CHRISTMAS TREE HEART DECORATION,36,0.42,13134,United Kingdom
566789,2011-09-15 10:35:00,21803,CHRISTMAS TREE STAR DECORATION,36,0.42,13134,United Kingdom
566789,2011-09-15 10:35:00,21823,PAINTED METAL HEART WITH HOLLY BELL,12,1.45,13134,United Kingdom
566789,2011-09-15 10:35:00,21801,CHRISTMAS TREE DECORATION WITH BELL,36,0.42,13134,United Kingdom
566789,2011-09-15 10:35:00,21824,PAINTED METAL STAR WITH HOLLY BELLS,12,1.45,13134,United Kingdom
566789,2011-09-15 10:35:00,23343,JUMBO BAG VINTAGE CHRISTMAS ,10,2.08,13134,United Kingdom
566789,2011-09-15 10:35:00,23547,WRAP FLOWER SHOP  ,25,0.42,13134,United Kingdom
566789,2011-09-15 10:35:00,21500,PINK POLKADOT WRAP ,25,0.42,13134,United Kingdom
566789,2011-09-15 10:35:00,16169M,WRAP DAISY CARPET ,25,0.42,13134,United Kingdom
566789,2011-09-15 10:35:00,22986,WRAP GINGHAM ROSE ,25,0.42,13134,United Kingdom
566789,2011-09-15 10:35:00,16161P,WRAP ENGLISH ROSE ,25,0.42,13134,United Kingdom
566789,2011-09-15 10:35:00,72803A,ROSE SCENT CANDLE JEWELLED DRAWER,4,4.25,13134,United Kingdom
566789,2011-09-15 10:35:00,72807C,SET/3 VANILLA SCENTED CANDLE IN BOX,4,4.25,13134,United Kingdom
566789,2011-09-15 10:35:00,72807A,SET/3 ROSE CANDLE IN JEWELLED BOX,4,4.25,13134,United Kingdom
566789,2011-09-15 10:35:00,85034A,3 GARDENIA MORRIS BOXED CANDLES,4,4.25,13134,United Kingdom
566789,2011-09-15 10:35:00,85034B,3 WHITE CHOC MORRIS BOXED CANDLES,4,4.25,13134,United Kingdom
566789,2011-09-15 10:35:00,85035A,GARDENIA 3 WICK MORRIS BOXED CANDLE,4,4.25,13134,United Kingdom
566789,2011-09-15 10:35:00,72802C,VANILLA SCENT CANDLE JEWELLED BOX,6,4.25,13134,United Kingdom
566789,2011-09-15 10:35:00,85015,SET OF 12  VINTAGE POSTCARD SET,24,0.65,13134,United Kingdom
566789,2011-09-15 10:35:00,23153,ZINC SWEETHEART WIRE LETTER RACK,4,3.75,13134,United Kingdom
566789,2011-09-15 10:35:00,23152,IVORY SWEETHEART WIRE LETTER RACK ,4,3.75,13134,United Kingdom
566789,2011-09-15 10:35:00,23351,ROLL WRAP 50'S CHRISTMAS,12,1.25,13134,United Kingdom
566789,2011-09-15 10:35:00,23546,WRAP PAISLEY PARK ,25,0.42,13134,United Kingdom
566789,2011-09-15 10:35:00,84347,ROTATING SILVER ANGELS T-LIGHT HLDR,24,2.55,13134,United Kingdom
566789,2011-09-15 10:35:00,72802B,OCEAN SCENT CANDLE IN JEWELLED BOX,6,4.25,13134,United Kingdom
566789,2011-09-15 10:35:00,21494,ROTATING LEAVES T-LIGHT HOLDER,24,1.25,13134,United Kingdom
566789,2011-09-15 10:35:00,23066,SMALL DECO JEWELLERY STAND,2,8.25,13134,United Kingdom
566789,2011-09-15 10:35:00,23269,SET OF 2 CERAMIC CHRISTMAS TREES,12,1.45,13134,United Kingdom
566789,2011-09-15 10:35:00,22092,BLUE PAISLEY TISSUE BOX,36,0.39,13134,United Kingdom
566789,2011-09-15 10:35:00,23065,LARGE DECO JEWELLERY STAND,1,12.5,13134,United Kingdom
566789,2011-09-15 10:35:00,23268,SET OF 2 CERAMIC CHRISTMAS REINDEER,12,1.45,13134,United Kingdom
566789,2011-09-15 10:35:00,72816,SET/3 CHRISTMAS DECOUPAGE CANDLES,12,1.25,13134,United Kingdom
566789,2011-09-15 10:35:00,72817,SET OF 2 CHRISTMAS DECOUPAGE CANDLE,12,1.25,13134,United Kingdom
566789,2011-09-15 10:35:00,72807B,SET/3 OCEAN SCENT CANDLE JEWEL BOX,4,4.25,13134,United Kingdom
566789,2011-09-15 10:35:00,22096,PINK PAISLEY SQUARE TISSUE BOX ,36,0.39,13134,United Kingdom
566789,2011-09-15 10:35:00,23245,SET OF 3 REGENCY CAKE TINS,4,4.95,13134,United Kingdom
566789,2011-09-15 10:35:00,23344,JUMBO BAG 50'S CHRISTMAS ,10,2.08,13134,United Kingdom
566789,2011-09-15 10:35:00,23053,RECYCLED ACAPULCO MAT PINK,2,8.25,13134,United Kingdom
566789,2011-09-15 10:35:00,23052,RECYCLED ACAPULCO MAT TURQUOISE,2,8.25,13134,United Kingdom
566789,2011-09-15 10:35:00,23049,RECYCLED ACAPULCO MAT RED,2,8.25,13134,United Kingdom
566789,2011-09-15 10:35:00,84843,WHITE SOAP RACK WITH 2 BOTTLES,4,5.95,13134,United Kingdom
566789,2011-09-15 10:35:00,23051,RECYCLED ACAPULCO MAT BLUE,2,8.25,13134,United Kingdom
566789,2011-09-15 10:35:00,23263,SET OF 3 WOODEN HEART DECORATIONS,24,1.25,13134,United Kingdom
566789,2011-09-15 10:35:00,23223,CHRISTMAS TREE HANGING SILVER ,12,0.83,13134,United Kingdom
566789,2011-09-15 10:35:00,23219,LAUREL STAR ANTIQUE SILVER ,12,1.25,13134,United Kingdom
566789,2011-09-15 10:35:00,23222,CHRISTMAS TREE HANGING GOLD,12,0.83,13134,United Kingdom
566789,2011-09-15 10:35:00,23224,CHERUB HEART DECORATION GOLD,12,0.83,13134,United Kingdom
566789,2011-09-15 10:35:00,23218,LAUREL STAR ANTIQUE GOLD,12,1.25,13134,United Kingdom
566789,2011-09-15 10:35:00,23217,LAUREL HEART ANTIQUE SILVER,12,1.25,13134,United Kingdom
566789,2011-09-15 10:35:00,23220,REINDEER HEART DECORATION GOLD,24,0.83,13134,United Kingdom
566789,2011-09-15 10:35:00,23210,WHITE ROCKING HORSE HAND PAINTED,24,1.25,13134,United Kingdom
566789,2011-09-15 10:35:00,23216,LAUREL HEART ANTIQUE GOLD,12,1.25,13134,United Kingdom
567325,2011-09-19 14:28:00,85099C,JUMBO  BAG BAROQUE BLACK WHITE,100,1.79,13228,United Kingdom
567325,2011-09-19 14:28:00,85099B,JUMBO BAG RED RETROSPOT,100,1.79,13228,United Kingdom
567805,2011-09-22 12:15:00,23334,IVORY WICKER HEART SMALL,2,0.63,12854,United Kingdom
567805,2011-09-22 12:15:00,22696,WICKER WREATH LARGE,3,1.95,12854,United Kingdom
567805,2011-09-22 12:15:00,23333,IVORY WICKER HEART MEDIUM,2,1.25,12854,United Kingdom
567805,2011-09-22 12:15:00,23330,DECORATIVE WICKER HEART MEDIUM,2,1.25,12854,United Kingdom
567805,2011-09-22 12:15:00,23329,DECORATIVE WICKER HEART LARGE,2,1.65,12854,United Kingdom
567805,2011-09-22 12:15:00,23332,IVORY WICKER HEART LARGE,2,1.65,12854,United Kingdom
567805,2011-09-22 12:15:00,22694,WICKER STAR ,2,2.1,12854,United Kingdom
567805,2011-09-22 12:15:00,47566B,TEA TIME PARTY BUNTING,5,4.95,12854,United Kingdom
567805,2011-09-22 12:15:00,22695,WICKER WREATH SMALL,2,1.45,12854,United Kingdom
567805,2011-09-22 12:15:00,23323,WHITE WICKER STAR ,2,2.1,12854,United Kingdom
567805,2011-09-22 12:15:00,23298,SPOTTY BUNTING,6,4.95,12854,United Kingdom
567805,2011-09-22 12:15:00,47590B,PINK HAPPY BIRTHDAY BUNTING,1,5.45,12854,United Kingdom
567805,2011-09-22 12:15:00,47590A,BLUE HAPPY BIRTHDAY BUNTING,6,5.45,12854,United Kingdom
567805,2011-09-22 12:15:00,23331,DECORATIVE WICKER HEART SMALL,2,0.63,12854,United Kingdom
567805,2011-09-22 12:15:00,47566,PARTY BUNTING,7,4.95,12854,United Kingdom
567805,2011-09-22 12:15:00,22149,FELTCRAFT 6 FLOWER FRIENDS,6,2.1,12854,United Kingdom
567805,2011-09-22 12:15:00,23322,LARGE WHITE HEART OF WICKER,2,2.95,12854,United Kingdom
567805,2011-09-22 12:15:00,47590B,PINK HAPPY BIRTHDAY BUNTING,6,5.45,12854,United Kingdom
567805,2011-09-22 12:15:00,22147,FELTCRAFT BUTTERFLY HEARTS,6,1.45,12854,United Kingdom
567805,2011-09-22 12:15:00,22366,DOORMAT AIRMAIL ,2,8.25,12854,United Kingdom
567805,2011-09-22 12:15:00,22690,DOORMAT HOME SWEET HOME BLUE ,2,8.25,12854,United Kingdom
567805,2011-09-22 12:15:00,22365,DOORMAT RESPECTABLE HOUSE,1,8.25,12854,United Kingdom
567805,2011-09-22 12:15:00,22365,DOORMAT RESPECTABLE HOUSE,1,8.25,12854,United Kingdom
567805,2011-09-22 12:15:00,21381,MINI WOODEN HAPPY BIRTHDAY GARLAND,24,1.69,12854,United Kingdom
567805,2011-09-22 12:15:00,21380,WOODEN HAPPY BIRTHDAY GARLAND,12,2.95,12854,United Kingdom
567805,2011-09-22 12:15:00,23284,DOORMAT KEEP CALM AND COME IN,1,8.25,12854,United Kingdom
567805,2011-09-22 12:15:00,85123A,WHITE HANGING HEART T-LIGHT HOLDER,6,2.95,12854,United Kingdom
567805,2011-09-22 12:15:00,22586,FELTCRAFT HAIRBAND PINK AND BLUE,12,0.85,12854,United Kingdom
567805,2011-09-22 12:15:00,22566,FELTCRAFT HAIRBAND PINK AND PURPLE,12,0.85,12854,United Kingdom
567805,2011-09-22 12:15:00,22565,FELTCRAFT HAIRBANDS PINK AND WHITE ,12,0.85,12854,United Kingdom
567805,2011-09-22 12:15:00,22587,FELTCRAFT HAIRBAND RED AND BLUE,12,0.85,12854,United Kingdom
567805,2011-09-22 12:15:00,22668,PINK BABY BUNTING,15,2.95,12854,United Kingdom
567805,2011-09-22 12:15:00,22669,RED BABY BUNTING ,15,2.95,12854,United Kingdom
567805,2011-09-22 12:15:00,20972,PINK CREAM FELT CRAFT TRINKET BOX ,12,1.25,12854,United Kingdom
567968,2011-09-23 09:44:00,85227,SET OF 6 3D KIT CARDS FOR KIDS,12,0.85,12546,Spain
567968,2011-09-23 09:44:00,22139,RETROSPOT TEA SET CERAMIC 11 PC ,6,4.95,12546,Spain
567968,2011-09-23 09:44:00,21328,BALLOONS  WRITING SET ,12,1.65,12546,Spain
567968,2011-09-23 09:44:00,21329,DINOSAURS  WRITING SET ,12,1.65,12546,Spain
567968,2011-09-23 09:44:00,22210,WOOD STAMP SET BEST WISHES,12,0.83,12546,Spain
567968,2011-09-23 09:44:00,20979,36 PENCILS TUBE RED RETROSPOT,16,1.25,12546,Spain
567968,2011-09-23 09:44:00,20977,36 PENCILS TUBE WOODLAND,16,1.25,12546,Spain
567968,2011-09-23 09:44:00,22748,POPPY'S PLAYHOUSE KITCHEN,6,2.1,12546,Spain
567968,2011-09-23 09:44:00,22505,MEMO BOARD COTTAGE DESIGN,4,4.95,12546,Spain
567968,2011-09-23 09:44:00,22745,POPPY'S PLAYHOUSE BEDROOM ,6,2.1,12546,Spain
567968,2011-09-23 09:44:00,22144,CHRISTMAS CRAFT LITTLE FRIENDS,12,2.1,12546,Spain
567968,2011-09-23 09:44:00,22622,BOX OF VINTAGE ALPHABET BLOCKS,2,11.95,12546,Spain
567968,2011-09-23 09:44:00,23388,WOODLAND MINI BACKPACK,4,4.15,12546,Spain
567968,2011-09-23 09:44:00,23354,6 GIFT TAGS 50'S CHRISTMAS ,12,0.83,12546,Spain
567968,2011-09-23 09:44:00,23353,6 GIFT TAGS VINTAGE CHRISTMAS ,12,0.83,12546,Spain
567968,2011-09-23 09:44:00,22583,PACK OF 6 HANDBAG GIFT BOXES,6,2.55,12546,Spain
567968,2011-09-23 09:44:00,22940,FELTCRAFT CHRISTMAS FAIRY,4,4.25,12546,Spain
567968,2011-09-23 09:44:00,22326,ROUND SNACK BOXES SET OF4 WOODLAND ,6,2.95,12546,Spain
567968,2011-09-23 09:44:00,22141,CHRISTMAS CRAFT TREE TOP ANGEL,6,2.1,12546,Spain
567968,2011-09-23 09:44:00,POST,POSTAGE,3,28.0,12546,Spain
567968,2011-09-23 09:44:00,22550,HOLIDAY FUN LUDO,4,3.75,12546,Spain
567968,2011-09-23 09:44:00,21249,WOODLAND  HEIGHT CHART STICKERS ,6,2.95,12546,Spain
567968,2011-09-23 09:44:00,22083,PAPER CHAIN KIT RETROSPOT,6,2.95,12546,Spain
567968,2011-09-23 09:44:00,22573,STAR WOODEN CHRISTMAS DECORATION,12,0.85,12546,Spain
567968,2011-09-23 09:44:00,22142,CHRISTMAS CRAFT WHITE FAIRY ,12,1.45,12546,Spain
567968,2011-09-23 09:44:00,21442,GREEN BIRDHOUSE DECORATION,12,0.85,12546,Spain
567968,2011-09-23 09:44:00,22578,WOODEN STAR CHRISTMAS SCANDINAVIAN,12,0.85,12546,Spain
567968,2011-09-23 09:44:00,22579,WOODEN TREE CHRISTMAS SCANDINAVIAN,12,0.85,12546,Spain
567968,2011-09-23 09:44:00,22601,CHRISTMAS RETROSPOT ANGEL WOOD,12,0.85,12546,Spain
567968,2011-09-23 09:44:00,23263,SET OF 3 WOODEN HEART DECORATIONS,12,1.25,12546,Spain
567968,2011-09-23 09:44:00,23266,SET OF 3 WOODEN STOCKING DECORATION,12,1.25,12546,Spain
567968,2011-09-23 09:44:00,22571,ROCKING HORSE RED CHRISTMAS ,12,0.85,12546,Spain
567968,2011-09-23 09:44:00,22086,PAPER CHAIN KIT 50'S CHRISTMAS ,6,2.95,12546,Spain
567968,2011-09-23 09:44:00,22563,HAPPY STENCIL CRAFT,12,1.25,12546,Spain
567968,2011-09-23 09:44:00,22593,CHRISTMAS GINGHAM STAR,12,0.85,12546,Spain
567968,2011-09-23 09:44:00,22742,MAKE YOUR OWN PLAYTIME CARD KIT,6,2.95,12546,Spain
567968,2011-09-23 09:44:00,20969,RED FLORAL FELTCRAFT SHOULDER BAG,4,3.75,12546,Spain
567968,2011-09-23 09:44:00,22150,3 STRIPEY MICE FELTCRAFT,6,1.95,12546,Spain
567968,2011-09-23 09:44:00,22149,FELTCRAFT 6 FLOWER FRIENDS,6,2.1,12546,Spain
567968,2011-09-23 09:44:00,22273,FELTCRAFT DOLL MOLLY,6,2.95,12546,Spain
567968,2011-09-23 09:44:00,22750,FELTCRAFT PRINCESS LOLA DOLL,4,3.75,12546,Spain
567968,2011-09-23 09:44:00,21380,WOODEN HAPPY BIRTHDAY GARLAND,6,2.95,12546,Spain
567968,2011-09-23 09:44:00,23275,SET OF 3 HANGING OWLS OLLIE BEAK,12,1.25,12546,Spain
567968,2011-09-23 09:44:00,85204,HANGING WOOD AND FELT FLOWER,96,0.12,12546,Spain
567968,2011-09-23 09:44:00,22744,MAKE YOUR OWN MONSOON CARD KIT,6,2.95,12546,Spain
568216,2011-09-26 09:28:00,22668,PINK BABY BUNTING,10,2.95,16168,United Kingdom
568216,2011-09-26 09:28:00,21174,POTTERING IN THE SHED METAL SIGN,12,2.08,16168,United Kingdom
568216,2011-09-26 09:28:00,21165,BEWARE OF THE CAT METAL SIGN ,12,1.69,16168,United Kingdom
568216,2011-09-26 09:28:00,21172,PARTY METAL SIGN ,12,1.45,16168,United Kingdom
568216,2011-09-26 09:28:00,22669,RED BABY BUNTING ,10,2.95,16168,United Kingdom
568216,2011-09-26 09:28:00,22816,CARD MOTORBIKE SANTA,24,0.42,16168,United Kingdom
568216,2011-09-26 09:28:00,23355,HOT WATER BOTTLE KEEP CALM,4,4.95,16168,United Kingdom
568216,2011-09-26 09:28:00,23110,PARISIENNE KEY CABINET ,2,5.75,16168,United Kingdom
568226,2011-09-26 10:39:00,20775,DAISY NOTEBOOK ,2,1.65,16719,United Kingdom
568226,2011-09-26 10:39:00,20774,GREEN FERN NOTEBOOK,2,1.65,16719,United Kingdom
568226,2011-09-26 10:39:00,22796,PHOTO FRAME 3 CLASSIC HANGING,2,9.95,16719,United Kingdom
568226,2011-09-26 10:39:00,79321,CHILLI LIGHTS,2,5.75,16719,United Kingdom
568226,2011-09-26 10:39:00,21041,RED RETROSPOT OVEN GLOVE DOUBLE,2,2.95,16719,United Kingdom
568226,2011-09-26 10:39:00,20828,GLITTER BUTTERFLY CLIPS,2,2.55,16719,United Kingdom
568226,2011-09-26 10:39:00,20829,GLITTER HANGING BUTTERFLY STRING,2,2.1,16719,United Kingdom
568226,2011-09-26 10:39:00,37413,ICON MUG REVOLUTIONARY,6,0.39,16719,United Kingdom
568226,2011-09-26 10:39:00,22891,TEA FOR ONE POLKADOT,2,4.25,16719,United Kingdom
568226,2011-09-26 10:39:00,21034,REX CASH+CARRY JUMBO SHOPPER,1,0.95,16719,United Kingdom
568226,2011-09-26 10:39:00,22179,SET 10 NIGHT OWL LIGHTS,2,6.75,16719,United Kingdom
568226,2011-09-26 10:39:00,21497,FANCY FONTS BIRTHDAY WRAP,25,0.42,16719,United Kingdom
568226,2011-09-26 10:39:00,22203,MILK PAN RED RETROSPOT,2,3.75,16719,United Kingdom
568226,2011-09-26 10:39:00,21499,BLUE POLKADOT WRAP,25,0.42,16719,United Kingdom
568226,2011-09-26 10:39:00,23232,WRAP VINTAGE LEAF DESIGN,25,0.42,16719,United Kingdom
568226,2011-09-26 10:39:00,23547,WRAP FLOWER SHOP  ,25,0.42,16719,United Kingdom
568226,2011-09-26 10:39:00,23232,WRAP VINTAGE LEAF DESIGN,25,0.42,16719,United Kingdom
568226,2011-09-26 10:39:00,84360,TABLE LAMP WHITE SHADE WOOD BASE,3,5.95,16719,United Kingdom
568226,2011-09-26 10:39:00,21034,REX CASH+CARRY JUMBO SHOPPER,1,0.95,16719,United Kingdom
568226,2011-09-26 10:39:00,23079,TOADSTOOL BEDSIDE LIGHT ,1,8.95,16719,United Kingdom
568226,2011-09-26 10:39:00,22625,RED KITCHEN SCALES,2,8.5,16719,United Kingdom
568226,2011-09-26 10:39:00,17003,BROCADE RING PURSE ,72,0.39,16719,United Kingdom
568330,2011-09-26 14:13:00,22386,JUMBO BAG PINK POLKADOT,30,2.08,16468,United Kingdom
568330,2011-09-26 14:13:00,23427,STOOL HOME SWEET HOME ,1,12.5,16468,United Kingdom
568954,2011-09-29 15:32:00,21754,HOME BUILDING BLOCK WORD,3,6.25,13576,United Kingdom
568954,2011-09-29 15:32:00,21756,BATH BUILDING BLOCK WORD,3,6.25,13576,United Kingdom
568954,2011-09-29 15:32:00,82581,TOILET METAL SIGN,12,0.55,13576,United Kingdom
568954,2011-09-29 15:32:00,21137,BLACK RECORD COVER FRAME,72,3.39,13576,United Kingdom
568954,2011-09-29 15:32:00,82001S,VINYL RECORD FRAME SILVER,24,3.39,13576,United Kingdom
568954,2011-09-29 15:32:00,20828,GLITTER BUTTERFLY CLIPS,6,2.55,13576,United Kingdom
568954,2011-09-29 15:32:00,20829,GLITTER HANGING BUTTERFLY STRING,8,2.1,13576,United Kingdom
568954,2011-09-29 15:32:00,22041,"RECORD FRAME 7"" SINGLE SIZE ",48,2.1,13576,United Kingdom
569206,2011-10-02 10:58:00,85053,FRENCH ENAMEL CANDLEHOLDER,1,2.1,15038,United Kingdom
569206,2011-10-02 10:58:00,51014L,"FEATHER PEN,LIGHT PINK",12,0.39,15038,United Kingdom
569206,2011-10-02 10:58:00,21340,CLASSIC METAL BIRDCAGE PLANT HOLDER,1,12.75,15038,United Kingdom
569206,2011-10-02 10:58:00,85123A,WHITE HANGING HEART T-LIGHT HOLDER,2,2.95,15038,United Kingdom
569206,2011-10-02 10:58:00,22071,SMALL WHITE RETROSPOT MUG IN BOX ,2,3.75,15038,United Kingdom
569206,2011-10-02 10:58:00,85107,CUT GLASS T-LIGHT HOLDER OCTAGON,4,2.55,15038,United Kingdom
569206,2011-10-02 10:58:00,21677,HEARTS  STICKERS,10,0.85,15038,United Kingdom
569206,2011-10-02 10:58:00,23355,HOT WATER BOTTLE KEEP CALM,1,4.95,15038,United Kingdom
569206,2011-10-02 10:58:00,23251,VINTAGE RED ENAMEL TRIM MUG ,6,1.25,15038,United Kingdom
569206,2011-10-02 10:58:00,20765,CHRYSANTHEMUM SKETCHBOOK ,1,3.75,15038,United Kingdom
569206,2011-10-02 10:58:00,23249,VINTAGE RED ENAMEL TRIM PLATE,6,1.65,15038,United Kingdom
569206,2011-10-02 10:58:00,23085,ANTIQUE SILVER BAUBLE LAMP  ,2,10.4,15038,United Kingdom
569206,2011-10-02 10:58:00,23250,VINTAGE RED TRIM ENAMEL BOWL ,6,1.25,15038,United Kingdom
569206,2011-10-02 10:58:00,23431,NATURAL HANGING QUILTED HEARTS ,12,0.83,15038,United Kingdom
569206,2011-10-02 10:58:00,22469,HEART OF WICKER SMALL,1,1.65,15038,United Kingdom
569206,2011-10-02 10:58:00,23284,DOORMAT KEEP CALM AND COME IN,6,8.25,15038,United Kingdom
569206,2011-10-02 10:58:00,90209C,PINK ENAMEL+GLASS HAIR COMB,1,2.1,15038,United Kingdom
569206,2011-10-02 10:58:00,90209B,GREEN ENAMEL+GLASS HAIR COMB,1,2.1,15038,United Kingdom
569206,2011-10-02 10:58:00,84970S,HANGING HEART ZINC T-LIGHT HOLDER,2,0.85,15038,United Kingdom
569487,2011-10-04 12:55:00,22969,HOMEMADE JAM SCENTED CANDLES,12,1.45,13351,United Kingdom
569487,2011-10-04 12:55:00,22978,PANTRY ROLLING PIN,6,3.75,13351,United Kingdom
569487,2011-10-04 12:55:00,23176,ABC TREASURE BOOK BOX ,8,2.25,13351,United Kingdom
569487,2011-10-04 12:55:00,23532,WALL ART WORK REST AND PLAY  ,3,4.95,13351,United Kingdom
569487,2011-10-04 12:55:00,23525,BUFFALO BILL WALL ART ,6,3.75,13351,United Kingdom
569487,2011-10-04 12:55:00,23527,ANIMALS AND NATURE WALL ART,6,3.75,13351,United Kingdom
569487,2011-10-04 12:55:00,23526,DOG LICENCE WALL ART,4,5.95,13351,United Kingdom
569487,2011-10-04 12:55:00,23344,JUMBO BAG 50'S CHRISTMAS ,10,2.08,13351,United Kingdom
569487,2011-10-04 12:55:00,23534,STOP FOR TEA WALL ART,3,5.95,13351,United Kingdom
569487,2011-10-04 12:55:00,23530,WALL ART ONLY ONE PERSON ,6,4.95,13351,United Kingdom
569487,2011-10-04 12:55:00,21181,PLEASE ONE PERSON METAL SIGN,12,2.1,13351,United Kingdom
569487,2011-10-04 12:55:00,22596,CHRISTMAS STAR WISH LIST CHALKBOARD,24,1.25,13351,United Kingdom
569487,2011-10-04 12:55:00,23247,BISCUIT TIN 50'S CHRISTMAS,6,2.89,13351,United Kingdom
569487,2011-10-04 12:55:00,22086,PAPER CHAIN KIT 50'S CHRISTMAS ,6,2.95,13351,United Kingdom
569487,2011-10-04 12:55:00,C2,CARRIAGE,1,50.0,13351,United Kingdom
569487,2011-10-04 12:55:00,23535,BICYCLE SAFTEY WALL ART,4,5.95,13351,United Kingdom
570482,2011-10-10 17:00:00,22615,PACK OF 12 CIRCUS PARADE TISSUES ,1,0.39,17459,United Kingdom
570482,2011-10-10 17:00:00,23380,PACK OF 12 VINTAGE DOILY TISSUES,1,0.39,17459,United Kingdom
570482,2011-10-10 17:00:00,23381,PACK OF 12 VINTAGE LEAF TISSUES ,1,0.39,17459,United Kingdom
570482,2011-10-10 17:00:00,21967,PACK OF 12 SKULL TISSUES,1,0.39,17459,United Kingdom
570482,2011-10-10 17:00:00,22776,SWEETHEART 3 TIER CAKE STAND ,1,9.95,17459,United Kingdom
570482,2011-10-10 17:00:00,22587,FELTCRAFT HAIRBAND RED AND BLUE,12,0.85,17459,United Kingdom
570482,2011-10-10 17:00:00,23310,BUBBLEGUM RING ASSORTED,36,0.42,17459,United Kingdom
570482,2011-10-10 17:00:00,23077,DOUGHNUT LIP GLOSS ,20,1.25,17459,United Kingdom
570482,2011-10-10 17:00:00,23201,JUMBO BAG ALPHABET,1,2.08,17459,United Kingdom
570482,2011-10-10 17:00:00,23200,JUMBO BAG PEARS,1,2.08,17459,United Kingdom
570482,2011-10-10 17:00:00,23202,JUMBO BAG VINTAGE LEAF,1,2.08,17459,United Kingdom
570482,2011-10-10 17:00:00,22411,JUMBO SHOPPER VINTAGE RED PAISLEY,1,2.08,17459,United Kingdom
570482,2011-10-10 17:00:00,85099C,JUMBO  BAG BAROQUE BLACK WHITE,1,2.08,17459,United Kingdom
570482,2011-10-10 17:00:00,20711,JUMBO BAG TOYS ,1,2.08,17459,United Kingdom
570482,2011-10-10 17:00:00,85099F,JUMBO BAG STRAWBERRY,1,2.08,17459,United Kingdom
570482,2011-10-10 17:00:00,23377,PACK OF 12 DOLLY GIRL TISSUES,1,0.39,17459,United Kingdom
570482,2011-10-10 17:00:00,23203,JUMBO BAG VINTAGE DOILY ,1,2.08,17459,United Kingdom
570482,2011-10-10 17:00:00,22616,PACK OF 12 LONDON TISSUES ,1,0.39,17459,United Kingdom
570482,2011-10-10 17:00:00,20712,JUMBO BAG WOODLAND ANIMALS,1,2.08,17459,United Kingdom
570482,2011-10-10 17:00:00,21984,PACK OF 12 PINK PAISLEY TISSUES ,1,0.39,17459,United Kingdom
570482,2011-10-10 17:00:00,20725,LUNCH BAG RED RETROSPOT,1,1.65,17459,United Kingdom
570482,2011-10-10 17:00:00,22384,LUNCH BAG PINK POLKADOT,1,1.65,17459,United Kingdom
570482,2011-10-10 17:00:00,20726,LUNCH BAG WOODLAND,2,1.65,17459,United Kingdom
570482,2011-10-10 17:00:00,23208,LUNCH BAG VINTAGE LEAF DESIGN,2,1.65,17459,United Kingdom
570482,2011-10-10 17:00:00,22382,LUNCH BAG SPACEBOY DESIGN ,2,1.65,17459,United Kingdom
570482,2011-10-10 17:00:00,22662,LUNCH BAG DOLLY GIRL DESIGN,2,1.65,17459,United Kingdom
570482,2011-10-10 17:00:00,22383,LUNCH BAG SUKI DESIGN ,2,1.65,17459,United Kingdom
570482,2011-10-10 17:00:00,21985,PACK OF 12 HEARTS DESIGN TISSUES ,1,0.39,17459,United Kingdom
570482,2011-10-10 17:00:00,20727,LUNCH BAG  BLACK SKULL.,2,1.65,17459,United Kingdom
570482,2011-10-10 17:00:00,23207,LUNCH BAG ALPHABET DESIGN,2,1.65,17459,United Kingdom
570482,2011-10-10 17:00:00,22487,WHITE WOOD GARDEN PLANT LADDER,2,9.95,17459,United Kingdom
570482,2011-10-10 17:00:00,21982,PACK OF 12 SUKI TISSUES ,1,0.39,17459,United Kingdom
570482,2011-10-10 17:00:00,22614,PACK OF 12 SPACEBOY TISSUES,1,0.39,17459,United Kingdom
570482,2011-10-10 17:00:00,23379,PACK OF 12 RED APPLE TISSUES,1,0.39,17459,United Kingdom
570482,2011-10-10 17:00:00,21981,PACK OF 12 WOODLAND TISSUES ,1,0.39,17459,United Kingdom
570482,2011-10-10 17:00:00,21986,PACK OF 12 PINK POLKADOT TISSUES,1,0.39,17459,United Kingdom
570482,2011-10-10 17:00:00,20728,LUNCH BAG CARS BLUE,2,1.65,17459,United Kingdom
570482,2011-10-10 17:00:00,85099B,JUMBO BAG RED RETROSPOT,1,2.08,17459,United Kingdom
570482,2011-10-10 17:00:00,23264,SET OF 3 WOODEN SLEIGH DECORATIONS,5,1.25,17459,United Kingdom
570482,2011-10-10 17:00:00,21930,JUMBO STORAGE BAG SKULLS,1,2.08,17459,United Kingdom
570482,2011-10-10 17:00:00,22920,HERB MARKER BASIL,1,0.65,17459,United Kingdom
570482,2011-10-10 17:00:00,22918,HERB MARKER PARSLEY,1,0.65,17459,United Kingdom
570482,2011-10-10 17:00:00,22916,HERB MARKER THYME,1,0.65,17459,United Kingdom
570482,2011-10-10 17:00:00,22919,HERB MARKER MINT,1,0.65,17459,United Kingdom
570482,2011-10-10 17:00:00,22049,WRAP CHRISTMAS SCREEN PRINT,25,0.19,17459,United Kingdom
570482,2011-10-10 17:00:00,23263,SET OF 3 WOODEN HEART DECORATIONS,5,1.25,17459,United Kingdom
570482,2011-10-10 17:00:00,23265,SET OF 3 WOODEN TREE DECORATIONS,5,1.25,17459,United Kingdom
570482,2011-10-10 17:00:00,23266,SET OF 3 WOODEN STOCKING DECORATION,5,1.25,17459,United Kingdom
570482,2011-10-10 17:00:00,21932,SCANDINAVIAN PAISLEY PICNIC BAG,5,1.65,17459,United Kingdom
570482,2011-10-10 17:00:00,72760B,VINTAGE CREAM 3 BASKET CAKE STAND,1,9.95,17459,United Kingdom
570482,2011-10-10 17:00:00,47504K,ENGLISH ROSE GARDEN SECATEURS,12,0.79,17459,United Kingdom
570482,2011-10-10 17:00:00,23351,ROLL WRAP 50'S CHRISTMAS,3,1.25,17459,United Kingdom
570482,2011-10-10 17:00:00,23352,ROLL WRAP 50'S RED CHRISTMAS ,3,1.25,17459,United Kingdom
570482,2011-10-10 17:00:00,23349,ROLL WRAP VINTAGE CHRISTMAS,3,1.25,17459,United Kingdom
570482,2011-10-10 17:00:00,22386,JUMBO BAG PINK POLKADOT,1,2.08,17459,United Kingdom
570482,2011-10-10 17:00:00,22917,HERB MARKER ROSEMARY,1,0.65,17459,United Kingdom
570482,2011-10-10 17:00:00,22921,HERB MARKER CHIVES ,1,0.65,17459,United Kingdom
570482,2011-10-10 17:00:00,23350,ROLL WRAP VINTAGE SPOT ,3,1.25,17459,United Kingdom
570482,2011-10-10 17:00:00,22910,PAPER CHAIN KIT VINTAGE CHRISTMAS,1,2.95,17459,United Kingdom
570482,2011-10-10 17:00:00,23065,LARGE DECO JEWELLERY STAND,1,12.5,17459,United Kingdom
570482,2011-10-10 17:00:00,23318,BOX OF 6 MINI VINTAGE CRACKERS,2,2.49,17459,United Kingdom
570482,2011-10-10 17:00:00,23319,BOX OF 6 MINI 50'S CRACKERS,2,2.49,17459,United Kingdom
570482,2011-10-10 17:00:00,22865,HAND WARMER OWL DESIGN,1,2.1,17459,United Kingdom
570482,2011-10-10 17:00:00,22866,HAND WARMER SCOTTY DOG DESIGN,1,2.1,17459,United Kingdom
570482,2011-10-10 17:00:00,23439,HAND WARMER RED LOVE HEART,1,2.1,17459,United Kingdom
570482,2011-10-10 17:00:00,22633,HAND WARMER UNION JACK,1,2.1,17459,United Kingdom
570482,2011-10-10 17:00:00,22867,HAND WARMER BIRD DESIGN,1,2.1,17459,United Kingdom
570482,2011-10-10 17:00:00,22834,HAND WARMER BABUSHKA DESIGN,1,2.1,17459,United Kingdom
570482,2011-10-10 17:00:00,22781,GUMBALL MAGAZINE RACK,1,7.65,17459,United Kingdom
570482,2011-10-10 17:00:00,23298,SPOTTY BUNTING,1,4.95,17459,United Kingdom
570482,2011-10-10 17:00:00,22107,PIZZA PLATE IN BOX,1,3.75,17459,United Kingdom
570482,2011-10-10 17:00:00,22738,RIBBON REEL SNOWY VILLAGE,5,1.65,17459,United Kingdom
570482,2011-10-10 17:00:00,22735,RIBBON REEL SOCKS AND MITTENS,5,1.65,17459,United Kingdom
570482,2011-10-10 17:00:00,22739,RIBBON REEL CHRISTMAS SOCK BAUBLE,5,1.65,17459,United Kingdom
570482,2011-10-10 17:00:00,22086,PAPER CHAIN KIT 50'S CHRISTMAS ,1,2.95,17459,United Kingdom
570482,2011-10-10 17:00:00,22632,HAND WARMER RED RETROSPOT,1,2.1,17459,United Kingdom
570661,2011-10-11 14:19:00,22693,GROW A FLYTRAP OR SUNFLOWER IN TIN,24,1.25,17554,United Kingdom
570661,2011-10-11 14:19:00,21829,DINOSAUR KEYRINGS ASSORTED,36,0.21,17554,United Kingdom
570661,2011-10-11 14:19:00,22302,COFFEE MUG PEARS  DESIGN,6,2.55,17554,United Kingdom
570661,2011-10-11 14:19:00,22193,RED DINER WALL CLOCK,2,8.5,17554,United Kingdom
570661,2011-10-11 14:19:00,22303,COFFEE MUG APPLES DESIGN,12,2.55,17554,United Kingdom
570661,2011-10-11 14:19:00,22727,ALARM CLOCK BAKELIKE RED ,8,3.75,17554,United Kingdom
570661,2011-10-11 14:19:00,22725,ALARM CLOCK BAKELIKE CHOCOLATE,8,3.75,17554,United Kingdom
570661,2011-10-11 14:19:00,22726,ALARM CLOCK BAKELIKE GREEN,8,3.75,17554,United Kingdom
570661,2011-10-11 14:19:00,22400,MAGNETS PACK OF 4 HOME SWEET HOME,12,0.39,17554,United Kingdom
570661,2011-10-11 14:19:00,22730,ALARM CLOCK BAKELIKE IVORY,4,3.75,17554,United Kingdom
570731,2011-10-12 11:33:00,23251,VINTAGE RED ENAMEL TRIM MUG ,12,1.25,15038,United Kingdom
570842,2011-10-12 14:21:00,23439,HAND WARMER RED LOVE HEART,12,2.1,17676,United Kingdom
570842,2011-10-12 14:21:00,22113,GREY HEART HOT WATER BOTTLE,4,4.25,17676,United Kingdom
570842,2011-10-12 14:21:00,23263,SET OF 3 WOODEN HEART DECORATIONS,12,1.25,17676,United Kingdom
570842,2011-10-12 14:21:00,23380,PACK OF 12 VINTAGE DOILY TISSUES,24,0.39,17676,United Kingdom
570842,2011-10-12 14:21:00,23551,PACK OF 12 PAISLEY PARK TISSUES ,24,0.39,17676,United Kingdom
570842,2011-10-12 14:21:00,21985,PACK OF 12 HEARTS DESIGN TISSUES ,24,0.39,17676,United Kingdom
570842,2011-10-12 14:21:00,23381,PACK OF 12 VINTAGE LEAF TISSUES ,24,0.39,17676,United Kingdom
570842,2011-10-12 14:21:00,21479,WHITE SKULL HOT WATER BOTTLE ,4,4.25,17676,United Kingdom
570842,2011-10-12 14:21:00,84030E,ENGLISH ROSE HOT WATER BOTTLE,4,4.25,17676,United Kingdom
570842,2011-10-12 14:21:00,21484,CHICK GREY HOT WATER BOTTLE,4,4.25,17676,United Kingdom
570842,2011-10-12 14:21:00,20723,STRAWBERRY CHARLOTTE BAG,10,0.85,17676,United Kingdom
570842,2011-10-12 14:21:00,47591D,PINK FAIRY CAKE CHILDRENS APRON,8,1.95,17676,United Kingdom
570842,2011-10-12 14:21:00,22355,CHARLOTTE BAG SUKI DESIGN,10,0.85,17676,United Kingdom
570842,2011-10-12 14:21:00,23204,CHARLOTTE BAG APPLES DESIGN,10,0.85,17676,United Kingdom
570842,2011-10-12 14:21:00,23205,CHARLOTTE BAG VINTAGE ALPHABET ,10,0.85,17676,United Kingdom
570842,2011-10-12 14:21:00,20725,LUNCH BAG RED RETROSPOT,10,1.65,17676,United Kingdom
570842,2011-10-12 14:21:00,23208,LUNCH BAG VINTAGE LEAF DESIGN,20,1.65,17676,United Kingdom
570842,2011-10-12 14:21:00,23209,LUNCH BAG VINTAGE DOILY ,10,1.65,17676,United Kingdom
570842,2011-10-12 14:21:00,20727,LUNCH BAG  BLACK SKULL.,10,1.65,17676,United Kingdom
570842,2011-10-12 14:21:00,20725,LUNCH BAG RED RETROSPOT,10,1.65,17676,United Kingdom
570842,2011-10-12 14:21:00,21481,FAWN BLUE HOT WATER BOTTLE,4,3.75,17676,United Kingdom
570961,2011-10-13 11:37:00,84970S,HANGING HEART ZINC T-LIGHT HOLDER,48,0.85,13784,United Kingdom
570961,2011-10-13 11:37:00,84970L,SINGLE HEART ZINC T-LIGHT HOLDER,48,1.25,13784,United Kingdom
570961,2011-10-13 11:37:00,23163,REGENCY SUGAR TONGS,96,2.08,13784,United Kingdom
571169,2011-10-14 10:28:00,23469,CARD HOLDER LOVE BIRD SMALL,6,4.15,16168,United Kingdom
571169,2011-10-14 10:28:00,23470,CARD HOLDER LOVE BIRD LARGE ,2,6.25,16168,United Kingdom
571169,2011-10-14 10:28:00,23359,SET OF 12 T-LIGHTS VINTAGE DOILY,24,1.95,16168,United Kingdom
571169,2011-10-14 10:28:00,22925,BLUE GIANT GARDEN THERMOMETER,2,5.95,16168,United Kingdom
571169,2011-10-14 10:28:00,22928,YELLOW GIANT GARDEN THERMOMETER,2,5.95,16168,United Kingdom
571169,2011-10-14 10:28:00,21463,MIRRORED DISCO BALL ,2,5.95,16168,United Kingdom
571216,2011-10-14 13:06:00,22153,ANGEL DECORATION STARS ON DRESS,3,0.42,16081,United Kingdom
571216,2011-10-14 13:06:00,85035A,GARDENIA 3 WICK MORRIS BOXED CANDLE,2,1.25,16081,United Kingdom
571216,2011-10-14 13:06:00,22633,HAND WARMER UNION JACK,2,2.1,16081,United Kingdom
571216,2011-10-14 13:06:00,23439,HAND WARMER RED LOVE HEART,2,2.1,16081,United Kingdom
571216,2011-10-14 13:06:00,21726,MULTI HEARTS  STICKERS,1,0.85,16081,United Kingdom
571216,2011-10-14 13:06:00,23534,WALL ART STOP FOR TEA ,1,5.95,16081,United Kingdom
571216,2011-10-14 13:06:00,21232,STRAWBERRY CERAMIC TRINKET BOX,1,1.25,16081,United Kingdom
571216,2011-10-14 13:06:00,21884,CAKES AND BOWS GIFT  TAPE,1,0.65,16081,United Kingdom
571216,2011-10-14 13:06:00,22154,ANGEL DECORATION 3 BUTTONS ,3,0.42,16081,United Kingdom
571216,2011-10-14 13:06:00,22217,T-LIGHT HOLDER HANGING LACE,3,1.25,16081,United Kingdom
571216,2011-10-14 13:06:00,22151,PLACE SETTING WHITE HEART,6,0.42,16081,United Kingdom
571216,2011-10-14 13:06:00,21677,HEARTS  STICKERS,6,0.85,16081,United Kingdom
571216,2011-10-14 13:06:00,23551,PACK OF 12 PAISLEY PARK TISSUES ,12,0.39,16081,United Kingdom
571216,2011-10-14 13:06:00,22139,RETROSPOT TEA SET CERAMIC 11 PC ,4,4.95,16081,United Kingdom
571216,2011-10-14 13:06:00,21358,TOAST ITS - HAPPY BIRTHDAY,1,1.25,16081,United Kingdom
571216,2011-10-14 13:06:00,23132,SMALL IVORY HEART WALL ORGANISER,2,5.75,16081,United Kingdom
571216,2011-10-14 13:06:00,22971,QUEENS GUARD COFFEE MUG,1,2.55,16081,United Kingdom
571216,2011-10-14 13:06:00,22988,SOLDIERS EGG CUP ,1,1.25,16081,United Kingdom
571216,2011-10-14 13:06:00,22970,LONDON BUS COFFEE MUG,1,2.55,16081,United Kingdom
571216,2011-10-14 13:06:00,20761,BLUE PAISLEY SKETCHBOOK,1,3.75,16081,United Kingdom
571216,2011-10-14 13:06:00,22756,LARGE YELLOW BABUSHKA NOTEBOOK ,1,1.25,16081,United Kingdom
571216,2011-10-14 13:06:00,20992,JAZZ HEARTS PURSE NOTEBOOK,1,0.39,16081,United Kingdom
571216,2011-10-14 13:06:00,21850,BLUE  DIAMANTE PEN IN GIFT BOX,1,4.95,16081,United Kingdom
571216,2011-10-14 13:06:00,21851,LILAC DIAMANTE PEN IN GIFT BOX,1,4.95,16081,United Kingdom
571216,2011-10-14 13:06:00,20682,RED RETROSPOT CHILDRENS UMBRELLA,1,3.25,16081,United Kingdom
571216,2011-10-14 13:06:00,85099B,JUMBO BAG RED RETROSPOT,1,2.08,16081,United Kingdom
571216,2011-10-14 13:06:00,21355,TOAST ITS - I LOVE YOU ,1,1.25,16081,United Kingdom
571216,2011-10-14 13:06:00,22305,COFFEE MUG PINK PAISLEY DESIGN,1,2.55,16081,United Kingdom
571216,2011-10-14 13:06:00,84988,SET OF 72 PINK HEART PAPER DOILIES,1,1.45,16081,United Kingdom
571216,2011-10-14 13:06:00,84987,SET OF 36 TEATIME PAPER DOILIES,2,1.45,16081,United Kingdom
571216,2011-10-14 13:06:00,22697,GREEN REGENCY TEACUP AND SAUCER,1,2.95,16081,United Kingdom
571216,2011-10-14 13:06:00,22348,TEA BAG PLATE RED RETROSPOT,4,0.85,16081,United Kingdom
571216,2011-10-14 13:06:00,71053,WHITE METAL LANTERN,1,3.75,16081,United Kingdom
571216,2011-10-14 13:06:00,35924,HANGING FAIRY CAKE DECORATION,2,2.1,16081,United Kingdom
571216,2011-10-14 13:06:00,22798,ANTIQUE GLASS DRESSING TABLE POT,1,2.95,16081,United Kingdom
571216,2011-10-14 13:06:00,22645,CERAMIC HEART FAIRY CAKE MONEY BANK,2,1.45,16081,United Kingdom
571216,2011-10-14 13:06:00,71053,WHITE METAL LANTERN,1,3.75,16081,United Kingdom
571216,2011-10-14 13:06:00,85123A,WHITE HANGING HEART T-LIGHT HOLDER,3,2.95,16081,United Kingdom
571216,2011-10-14 13:06:00,20992,JAZZ HEARTS PURSE NOTEBOOK,1,0.39,16081,United Kingdom
571216,2011-10-14 13:06:00,22649,STRAWBERRY FAIRY CAKE TEAPOT,1,4.95,16081,United Kingdom
571216,2011-10-14 13:06:00,22055,MINI CAKE STAND  HANGING STRAWBERY,2,1.65,16081,United Kingdom
571216,2011-10-14 13:06:00,37446,MINI CAKE STAND WITH HANGING CAKES,2,1.45,16081,United Kingdom
571216,2011-10-14 13:06:00,37446,MINI CAKE STAND WITH HANGING CAKES,1,1.45,16081,United Kingdom
571216,2011-10-14 13:06:00,22064,PINK DOUGHNUT TRINKET POT ,2,1.65,16081,United Kingdom
571216,2011-10-14 13:06:00,37450,CERAMIC CAKE BOWL + HANGING CAKES,1,2.95,16081,United Kingdom
571216,2011-10-14 13:06:00,21231,SWEETHEART CERAMIC TRINKET BOX,4,1.25,16081,United Kingdom
571216,2011-10-14 13:06:00,37449,CERAMIC CAKE STAND + HANGING CAKES,1,9.95,16081,United Kingdom
571216,2011-10-14 13:06:00,23170,REGENCY TEA PLATE ROSES ,2,1.65,16081,United Kingdom
571216,2011-10-14 13:06:00,23171,REGENCY TEA PLATE GREEN ,2,1.65,16081,United Kingdom
571216,2011-10-14 13:06:00,84535B,FAIRY CAKES NOTEBOOK A6 SIZE,3,0.65,16081,United Kingdom
571216,2011-10-14 13:06:00,84536B,FAIRY CAKES NOTEBOOK A7 SIZE,3,0.42,16081,United Kingdom
571216,2011-10-14 13:06:00,37500,TEA TIME TEAPOT IN GIFT BOX,2,4.95,16081,United Kingdom
571216,2011-10-14 13:06:00,20992,JAZZ HEARTS PURSE NOTEBOOK,1,0.39,16081,United Kingdom
571216,2011-10-14 13:06:00,47591D,PINK FAIRY CAKE CHILDRENS APRON,2,1.95,16081,United Kingdom
571216,2011-10-14 13:06:00,47559B,TEA TIME OVEN GLOVE,2,1.25,16081,United Kingdom
571216,2011-10-14 13:06:00,22423,REGENCY CAKESTAND 3 TIER,1,12.75,16081,United Kingdom
571216,2011-10-14 13:06:00,22697,GREEN REGENCY TEACUP AND SAUCER,1,2.95,16081,United Kingdom
571360,2011-10-17 11:51:00,22041,"RECORD FRAME 7"" SINGLE SIZE ",12,2.55,16563,United Kingdom
571360,2011-10-17 11:51:00,22109,FULL ENGLISH BREAKFAST PLATE,4,3.75,16563,United Kingdom
571360,2011-10-17 11:51:00,82001S,VINYL RECORD FRAME SILVER,48,3.39,16563,United Kingdom
571360,2011-10-17 11:51:00,22635,CHILDS BREAKFAST SET DOLLY GIRL ,2,9.95,16563,United Kingdom
571360,2011-10-17 11:51:00,23079,TOADSTOOL BEDSIDE LIGHT ,2,8.95,16563,United Kingdom
571360,2011-10-17 11:51:00,79321,CHILLI LIGHTS,24,4.95,16563,United Kingdom
571360,2011-10-17 11:51:00,22892,SET OF SALT AND PEPPER TOADSTOOLS,12,1.25,16563,United Kingdom
571360,2011-10-17 11:51:00,21137,BLACK RECORD COVER FRAME,48,3.39,16563,United Kingdom
571360,2011-10-17 11:51:00,22972,CHILDREN'S SPACEBOY MUG,12,1.65,16563,United Kingdom
571360,2011-10-17 11:51:00,23146,TRIPLE HOOK ANTIQUE IVORY ROSE,4,3.29,16563,United Kingdom
571360,2011-10-17 11:51:00,22138,BAKING SET 9 PIECE RETROSPOT ,6,4.95,16563,United Kingdom
571360,2011-10-17 11:51:00,85179C,PINK BITTY LIGHT CHAIN,24,1.25,16563,United Kingdom
571360,2011-10-17 11:51:00,84879,ASSORTED COLOUR BIRD ORNAMENT,160,1.45,16563,United Kingdom
571360,2011-10-17 11:51:00,84946,ANTIQUE SILVER T-LIGHT GLASS,12,1.25,16563,United Kingdom
571360,2011-10-17 11:51:00,85179A,GREEN BITTY LIGHT CHAIN,12,1.25,16563,United Kingdom
571360,2011-10-17 11:51:00,22634,CHILDS BREAKFAST SET SPACEBOY ,8,8.5,16563,United Kingdom
571360,2011-10-17 11:51:00,22029,SPACEBOY BIRTHDAY CARD,12,0.42,16563,United Kingdom
571360,2011-10-17 11:51:00,22585,PACK OF 6 BIRDY GIFT TAGS,72,1.25,16563,United Kingdom
571360,2011-10-17 11:51:00,23147,SINGLE ANTIQUE ROSE HOOK IVORY,12,1.45,16563,United Kingdom
571561,2011-10-18 10:02:00,23535,WALL ART BICYCLE SAFETY,12,5.95,14015,United Kingdom
571561,2011-10-18 10:02:00,22623,BOX OF VINTAGE JIGSAW BLOCKS ,12,5.95,14015,United Kingdom
571561,2011-10-18 10:02:00,21790,VINTAGE SNAP CARDS,72,0.72,14015,United Kingdom
571561,2011-10-18 10:02:00,21888,BINGO SET,8,3.75,14015,United Kingdom
571561,2011-10-18 10:02:00,22550,HOLIDAY FUN LUDO,12,3.75,14015,United Kingdom
571561,2011-10-18 10:02:00,23193,BUFFALO BILL TREASURE BOOK BOX,8,2.25,14015,United Kingdom
571561,2011-10-18 10:02:00,23194,GYMKHANA TREASURE BOOK BOX,8,2.25,14015,United Kingdom
571561,2011-10-18 10:02:00,23177,TREASURE ISLAND BOOK BOX,8,2.25,14015,United Kingdom
571561,2011-10-18 10:02:00,23536,WALL ART VILLAGE SHOW ,12,5.95,14015,United Kingdom
571561,2011-10-18 10:02:00,23176,ABC TREASURE BOOK BOX ,8,2.25,14015,United Kingdom
571561,2011-10-18 10:02:00,23493,VINTAGE DOILY TRAVEL SEWING KIT,10,1.95,14015,United Kingdom
571561,2011-10-18 10:02:00,22138,BAKING SET 9 PIECE RETROSPOT ,24,4.25,14015,United Kingdom
571561,2011-10-18 10:02:00,22109,FULL ENGLISH BREAKFAST PLATE,32,3.39,14015,United Kingdom
571561,2011-10-18 10:02:00,22725,ALARM CLOCK BAKELIKE CHOCOLATE,4,3.75,14015,United Kingdom
571561,2011-10-18 10:02:00,22966,GINGERBREAD MAN COOKIE CUTTER,36,1.25,14015,United Kingdom
571561,2011-10-18 10:02:00,22728,ALARM CLOCK BAKELIKE PINK,4,3.75,14015,United Kingdom
571561,2011-10-18 10:02:00,21174,POTTERING IN THE SHED METAL SIGN,24,2.08,14015,United Kingdom
571561,2011-10-18 10:02:00,21877,HOME SWEET HOME MUG,36,1.45,14015,United Kingdom
571561,2011-10-18 10:02:00,21876,POTTERING MUG,36,1.45,14015,United Kingdom
571561,2011-10-18 10:02:00,23229,VINTAGE DONKEY TAIL GAME ,12,3.75,14015,United Kingdom
571660,2011-10-18 12:49:00,85049A,TRADITIONAL CHRISTMAS RIBBONS,12,1.25,16191,United Kingdom
571660,2011-10-18 12:49:00,22983,CARD BILLBOARD FONT,12,0.42,16191,United Kingdom
571660,2011-10-18 12:49:00,22734,SET OF 6 RIBBONS VINTAGE CHRISTMAS,6,2.89,16191,United Kingdom
571660,2011-10-18 12:49:00,22818,CARD CHRISTMAS VILLAGE,12,0.42,16191,United Kingdom
571660,2011-10-18 12:49:00,22798,ANTIQUE GLASS DRESSING TABLE POT,8,2.95,16191,United Kingdom
571660,2011-10-18 12:49:00,23275,SET OF 3 HANGING OWLS OLLIE BEAK,12,1.25,16191,United Kingdom
571660,2011-10-18 12:49:00,22988,SOLDIERS EGG CUP ,12,1.25,16191,United Kingdom
571660,2011-10-18 12:49:00,22816,CARD MOTORBIKE SANTA,12,0.42,16191,United Kingdom
571660,2011-10-18 12:49:00,22781,GUMBALL MAGAZINE RACK,2,7.65,16191,United Kingdom
571660,2011-10-18 12:49:00,22937,BAKING MOULD CHOCOLATE CUPCAKES,6,2.55,16191,United Kingdom
571660,2011-10-18 12:49:00,22964,3 PIECE SPACEBOY COOKIE CUTTER SET,6,2.1,16191,United Kingdom
571660,2011-10-18 12:49:00,22966,GINGERBREAD MAN COOKIE CUTTER,12,1.25,16191,United Kingdom
571660,2011-10-18 12:49:00,23341,PINK DINER WALL CLOCK,4,8.5,16191,United Kingdom
571660,2011-10-18 12:49:00,22192,BLUE DINER WALL CLOCK,4,8.5,16191,United Kingdom
571660,2011-10-18 12:49:00,22728,ALARM CLOCK BAKELIKE PINK,4,3.75,16191,United Kingdom
571660,2011-10-18 12:49:00,22726,ALARM CLOCK BAKELIKE GREEN,4,3.75,16191,United Kingdom
571660,2011-10-18 12:49:00,22952,60 CAKE CASES VINTAGE CHRISTMAS,24,0.55,16191,United Kingdom
571660,2011-10-18 12:49:00,22930,BAKING MOULD HEART MILK CHOCOLATE,6,2.55,16191,United Kingdom
571660,2011-10-18 12:49:00,22732,3D VINTAGE CHRISTMAS STICKERS ,20,1.25,16191,United Kingdom
571660,2011-10-18 12:49:00,23263,SET OF 3 WOODEN HEART DECORATIONS,12,1.25,16191,United Kingdom
571660,2011-10-18 12:49:00,22086,PAPER CHAIN KIT 50'S CHRISTMAS ,6,2.95,16191,United Kingdom
571660,2011-10-18 12:49:00,22959,WRAP CHRISTMAS VILLAGE,25,0.42,16191,United Kingdom
571660,2011-10-18 12:49:00,22705,WRAP GREEN PEARS ,25,0.42,16191,United Kingdom
571660,2011-10-18 12:49:00,23354,6 GIFT TAGS 50'S CHRISTMAS ,12,0.83,16191,United Kingdom
571660,2011-10-18 12:49:00,23232,WRAP VINTAGE LEAF DESIGN,25,0.42,16191,United Kingdom
571660,2011-10-18 12:49:00,22704,WRAP RED APPLES ,25,0.42,16191,United Kingdom
571660,2011-10-18 12:49:00,23233,WRAP POPPIES  DESIGN,25,0.42,16191,United Kingdom
571660,2011-10-18 12:49:00,22713,CARD I LOVE LONDON ,24,0.42,16191,United Kingdom
571660,2011-10-18 12:49:00,23568,EGG CUP HENRIETTA HEN CREAM ,12,1.25,16191,United Kingdom
571660,2011-10-18 12:49:00,16161P,WRAP ENGLISH ROSE ,25,0.42,16191,United Kingdom
571660,2011-10-18 12:49:00,84970S,HANGING HEART ZINC T-LIGHT HOLDER,12,0.85,16191,United Kingdom
571660,2011-10-18 12:49:00,23270,SET OF 2 CERAMIC PAINTED HEARTS ,12,1.45,16191,United Kingdom
571660,2011-10-18 12:49:00,23212,HEART WREATH DECORATION WITH BELL,12,1.25,16191,United Kingdom
571660,2011-10-18 12:49:00,23224,CHERUB HEART DECORATION GOLD,12,0.83,16191,United Kingdom
571660,2011-10-18 12:49:00,23220,REINDEER HEART DECORATION GOLD,12,0.83,16191,United Kingdom
571660,2011-10-18 12:49:00,23222,CHRISTMAS TREE HANGING GOLD,12,0.83,16191,United Kingdom
571660,2011-10-18 12:49:00,22601,CHRISTMAS RETROSPOT ANGEL WOOD,12,0.85,16191,United Kingdom
571660,2011-10-18 12:49:00,23567,EGG CUP HENRIETTA HEN PINK,12,1.25,16191,United Kingdom
571726,2011-10-19 09:00:00,23220,REINDEER HEART DECORATION GOLD,12,0.83,16191,United Kingdom
571726,2011-10-19 09:00:00,23222,CHRISTMAS TREE HANGING GOLD,12,0.83,16191,United Kingdom
571726,2011-10-19 09:00:00,22601,CHRISTMAS RETROSPOT ANGEL WOOD,12,0.85,16191,United Kingdom
571726,2011-10-19 09:00:00,22086,PAPER CHAIN KIT 50'S CHRISTMAS ,6,2.95,16191,United Kingdom
571726,2011-10-19 09:00:00,85049A,TRADITIONAL CHRISTMAS RIBBONS,24,1.25,16191,United Kingdom
571726,2011-10-19 09:00:00,22866,HAND WARMER SCOTTY DOG DESIGN,96,1.85,16191,United Kingdom
571726,2011-10-19 09:00:00,22988,SOLDIERS EGG CUP ,12,1.25,16191,United Kingdom
571726,2011-10-19 09:00:00,22983,CARD BILLBOARD FONT,12,0.42,16191,United Kingdom
571726,2011-10-19 09:00:00,22865,HAND WARMER OWL DESIGN,96,1.85,16191,United Kingdom
571726,2011-10-19 09:00:00,22930,BAKING MOULD HEART MILK CHOCOLATE,6,2.55,16191,United Kingdom
571726,2011-10-19 09:00:00,23224,CHERUB HEART DECORATION GOLD,12,0.83,16191,United Kingdom
571726,2011-10-19 09:00:00,23275,SET OF 3 HANGING OWLS OLLIE BEAK,12,1.25,16191,United Kingdom
571726,2011-10-19 09:00:00,23212,HEART WREATH DECORATION WITH BELL,12,1.25,16191,United Kingdom
571726,2011-10-19 09:00:00,22734,SET OF 6 RIBBONS VINTAGE CHRISTMAS,6,2.89,16191,United Kingdom
571726,2011-10-19 09:00:00,23263,SET OF 3 WOODEN HEART DECORATIONS,12,1.25,16191,United Kingdom
571726,2011-10-19 09:00:00,23567,EGG CUP HENRIETTA HEN PINK,12,1.25,16191,United Kingdom
571726,2011-10-19 09:00:00,23568,EGG CUP HENRIETTA HEN CREAM ,12,1.25,16191,United Kingdom
571726,2011-10-19 09:00:00,22178,VICTORIAN GLASS HANGING T-LIGHT,96,1.65,16191,United Kingdom
571726,2011-10-19 09:00:00,22964,3 PIECE SPACEBOY COOKIE CUTTER SET,6,2.1,16191,United Kingdom
571726,2011-10-19 09:00:00,22937,BAKING MOULD CHOCOLATE CUPCAKES,6,2.55,16191,United Kingdom
571726,2011-10-19 09:00:00,22728,ALARM CLOCK BAKELIKE PINK,4,3.75,16191,United Kingdom
571726,2011-10-19 09:00:00,22726,ALARM CLOCK BAKELIKE GREEN,4,3.75,16191,United Kingdom
571726,2011-10-19 09:00:00,71477,COLOUR GLASS. STAR T-LIGHT HOLDER,24,3.29,16191,United Kingdom
571726,2011-10-19 09:00:00,23342,MINT DINER WALL CLOCK,4,8.5,16191,United Kingdom
571726,2011-10-19 09:00:00,22816,CARD MOTORBIKE SANTA,12,0.42,16191,United Kingdom
571726,2011-10-19 09:00:00,22818,CARD CHRISTMAS VILLAGE,12,0.42,16191,United Kingdom
571726,2011-10-19 09:00:00,23270,SET OF 2 CERAMIC PAINTED HEARTS ,12,1.45,16191,United Kingdom
571730,2011-10-19 09:48:00,84978,HANGING HEART JAR T-LIGHT HOLDER,12,1.25,16851,United Kingdom
571730,2011-10-19 09:48:00,22969,HOMEMADE JAM SCENTED CANDLES,12,1.45,16851,United Kingdom
571730,2011-10-19 09:48:00,23313,VINTAGE CHRISTMAS BUNTING,5,4.95,16851,United Kingdom
571730,2011-10-19 09:48:00,35970,ZINC FOLKART SLEIGH BELLS,12,1.69,16851,United Kingdom
571730,2011-10-19 09:48:00,22596,CHRISTMAS STAR WISH LIST CHALKBOARD,12,1.25,16851,United Kingdom
571730,2011-10-19 09:48:00,22578,WOODEN STAR CHRISTMAS SCANDINAVIAN,24,0.29,16851,United Kingdom
571730,2011-10-19 09:48:00,22178,VICTORIAN GLASS HANGING T-LIGHT,6,1.95,16851,United Kingdom
571848,2011-10-19 12:50:00,21618,4 WILDFLOWER BOTANICAL CANDLES,12,1.25,13576,United Kingdom
571848,2011-10-19 12:50:00,85127,SMALL SQUARE CUT GLASS CANDLESTICK,6,4.95,13576,United Kingdom
571848,2011-10-19 12:50:00,72807C,SET/3 VANILLA SCENTED CANDLE IN BOX,4,4.25,13576,United Kingdom
571848,2011-10-19 12:50:00,72122,COFFEE SCENT PILLAR CANDLE,12,0.95,13576,United Kingdom
571848,2011-10-19 12:50:00,72799E,IVORY PILLAR CANDLE SILVER FLOCK,6,2.95,13576,United Kingdom
571848,2011-10-19 12:50:00,72131,COLUMBIAN CANDLE RECTANGLE,4,1.95,13576,United Kingdom
571848,2011-10-19 12:50:00,22818,CARD CHRISTMAS VILLAGE,12,0.42,13576,United Kingdom
571848,2011-10-19 12:50:00,22816,CARD MOTORBIKE SANTA,12,0.42,13576,United Kingdom
571848,2011-10-19 12:50:00,22043,CHRISTMAS CARD SCREEN PRINT ,24,0.19,13576,United Kingdom
571848,2011-10-19 12:50:00,22768,FAMILY PHOTO FRAME CORNICE,2,9.95,13576,United Kingdom
571848,2011-10-19 12:50:00,23072,MARIE ANTOINETTE TRINKET BOX SILVER,1,12.5,13576,United Kingdom
571848,2011-10-19 12:50:00,22766,PHOTO FRAME CORNICE,8,2.95,13576,United Kingdom
571848,2011-10-19 12:50:00,22169,FAMILY ALBUM WHITE PICTURE FRAME,2,8.5,13576,United Kingdom
571848,2011-10-19 12:50:00,22794,SWEETHEART WIRE MAGAZINE RACK,2,7.95,13576,United Kingdom
571848,2011-10-19 12:50:00,22457,NATURAL SLATE HEART CHALKBOARD ,6,2.95,13576,United Kingdom
571848,2011-10-19 12:50:00,22464,HANGING METAL HEART LANTERN,12,1.65,13576,United Kingdom
571848,2011-10-19 12:50:00,22947,WOODEN ADVENT CALENDAR RED,2,7.95,13576,United Kingdom
571848,2011-10-19 12:50:00,22278,OVERNIGHT BAG VINTAGE ROSE PAISLEY,3,4.95,13576,United Kingdom
571848,2011-10-19 12:50:00,22106,MIRROR MOSAIC HURRICANE LAMP ,2,6.75,13576,United Kingdom
572098,2011-10-20 15:38:00,23486,ANTIQUE HEART SHELF UNIT,1,16.65,15117,United Kingdom
572098,2011-10-20 15:38:00,22144,CHRISTMAS CRAFT LITTLE FRIENDS,6,2.1,15117,United Kingdom
572098,2011-10-20 15:38:00,22142,CHRISTMAS CRAFT WHITE FAIRY ,12,1.45,15117,United Kingdom
572098,2011-10-20 15:38:00,23376,PACK OF 12 VINTAGE CHRISTMAS TISSUE,24,0.39,15117,United Kingdom
572098,2011-10-20 15:38:00,23377,PACK OF 12 DOLLY GIRL TISSUES,24,0.39,15117,United Kingdom
572098,2011-10-20 15:38:00,22750,FELTCRAFT PRINCESS LOLA DOLL,4,3.75,15117,United Kingdom
572098,2011-10-20 15:38:00,22150,3 STRIPEY MICE FELTCRAFT,6,1.95,15117,United Kingdom
572098,2011-10-20 15:38:00,21484,CHICK GREY HOT WATER BOTTLE,4,4.25,15117,United Kingdom
572098,2011-10-20 15:38:00,22865,HAND WARMER OWL DESIGN,12,2.1,15117,United Kingdom
572098,2011-10-20 15:38:00,22113,GREY HEART HOT WATER BOTTLE,4,4.25,15117,United Kingdom
572098,2011-10-20 15:38:00,23295,SET OF 12 MINI LOAF BAKING CASES,8,0.83,15117,United Kingdom
572098,2011-10-20 15:38:00,23189,SET OF 12 FORK CANDLES,6,2.89,15117,United Kingdom
572098,2011-10-20 15:38:00,22086,PAPER CHAIN KIT 50'S CHRISTMAS ,6,2.95,15117,United Kingdom
572098,2011-10-20 15:38:00,22776,SWEETHEART 3 TIER CAKE STAND ,1,9.95,15117,United Kingdom
572098,2011-10-20 15:38:00,22867,HAND WARMER BIRD DESIGN,12,2.1,15117,United Kingdom
572098,2011-10-20 15:38:00,85099B,JUMBO BAG RED RETROSPOT,10,2.08,15117,United Kingdom
572098,2011-10-20 15:38:00,85099F,JUMBO BAG STRAWBERRY,10,2.08,15117,United Kingdom
572098,2011-10-20 15:38:00,23202,JUMBO BAG VINTAGE LEAF,10,2.08,15117,United Kingdom
572098,2011-10-20 15:38:00,22728,ALARM CLOCK BAKELIKE PINK,4,3.75,15117,United Kingdom
572098,2011-10-20 15:38:00,22664,TOY TIDY DOLLY GIRL DESIGN,5,2.1,15117,United Kingdom
572098,2011-10-20 15:38:00,22662,LUNCH BAG DOLLY GIRL DESIGN,10,1.65,15117,United Kingdom
572098,2011-10-20 15:38:00,22385,JUMBO BAG SPACEBOY DESIGN,10,2.08,15117,United Kingdom
572098,2011-10-20 15:38:00,22380,TOY TIDY SPACEBOY  ,5,2.1,15117,United Kingdom
572098,2011-10-20 15:38:00,22661,CHARLOTTE BAG DOLLY GIRL DESIGN,10,0.85,15117,United Kingdom
572098,2011-10-20 15:38:00,22663,JUMBO BAG DOLLY GIRL DESIGN,10,2.08,15117,United Kingdom
572098,2011-10-20 15:38:00,23208,LUNCH BAG VINTAGE LEAF DESIGN,10,1.65,15117,United Kingdom
572098,2011-10-20 15:38:00,22355,CHARLOTTE BAG SUKI DESIGN,10,0.85,15117,United Kingdom
572098,2011-10-20 15:38:00,20723,STRAWBERRY CHARLOTTE BAG,10,0.85,15117,United Kingdom
572098,2011-10-20 15:38:00,23201,JUMBO BAG ALPHABET,10,2.08,15117,United Kingdom
572098,2011-10-20 15:38:00,23203,JUMBO BAG VINTAGE DOILY ,10,2.08,15117,United Kingdom
572098,2011-10-20 15:38:00,21930,JUMBO STORAGE BAG SKULLS,10,2.08,15117,United Kingdom
572098,2011-10-20 15:38:00,21931,JUMBO STORAGE BAG SUKI,10,2.08,15117,United Kingdom
572098,2011-10-20 15:38:00,22382,LUNCH BAG SPACEBOY DESIGN ,10,1.65,15117,United Kingdom
572315,2011-10-23 16:00:00,22470,HEART OF WICKER LARGE,4,2.95,14504,United Kingdom
572315,2011-10-23 16:00:00,21906,PHARMACIE FIRST AID TIN,4,6.75,14504,United Kingdom
572315,2011-10-23 16:00:00,21260,FIRST AID TIN,4,3.25,14504,United Kingdom
572315,2011-10-23 16:00:00,21745,GAOLERS KEYS DECORATIVE GARDEN ,7,3.75,14504,United Kingdom
572315,2011-10-23 16:00:00,22457,NATURAL SLATE HEART CHALKBOARD ,3,2.95,14504,United Kingdom
572315,2011-10-23 16:00:00,23109,PACK OF SIX LED TEA LIGHTS,2,2.89,14504,United Kingdom
572315,2011-10-23 16:00:00,23014,GLASS APOTHECARY BOTTLE ELIXIR,1,3.95,14504,United Kingdom
572315,2011-10-23 16:00:00,84947,ANTIQUE SILVER TEA GLASS ENGRAVED,4,1.25,14504,United Kingdom
572315,2011-10-23 16:00:00,84879,ASSORTED COLOUR BIRD ORNAMENT,8,1.69,14504,United Kingdom
572315,2011-10-23 16:00:00,22791,T-LIGHT GLASS FLUTED ANTIQUE,6,1.25,14504,United Kingdom
572315,2011-10-23 16:00:00,23012,GLASS APOTHECARY BOTTLE PERFUME,2,3.95,14504,United Kingdom
572442,2011-10-24 12:09:00,48194,DOORMAT HEARTS,2,8.25,12546,Spain
572442,2011-10-24 12:09:00,23480,MINI LIGHTS WOODLAND MUSHROOMS,4,3.75,12546,Spain
572442,2011-10-24 12:09:00,23434,3 RAFFIA RIBBONS 50'S CHRISTMAS ,10,0.79,12546,Spain
572442,2011-10-24 12:09:00,21580,RABBIT  DESIGN  COTTON TOTE BAG,6,2.25,12546,Spain
572442,2011-10-24 12:09:00,21576,LETS GO SHOPPING COTTON TOTE BAG,6,2.25,12546,Spain
572442,2011-10-24 12:09:00,20719,WOODLAND CHARLOTTE BAG,10,0.85,12546,Spain
572442,2011-10-24 12:09:00,22739,RIBBON REEL CHRISTMAS SOCK BAUBLE,10,1.65,12546,Spain
572442,2011-10-24 12:09:00,22735,RIBBON REEL SOCKS AND MITTENS,10,1.65,12546,Spain
572442,2011-10-24 12:09:00,POST,POSTAGE,2,28.0,12546,Spain
572442,2011-10-24 12:09:00,22505,MEMO BOARD COTTAGE DESIGN,4,4.95,12546,Spain
572442,2011-10-24 12:09:00,23388,WOODLAND MINI BACKPACK,4,4.15,12546,Spain
572442,2011-10-24 12:09:00,22445,PENCIL CASE LIFE IS BEAUTIFUL,6,2.95,12546,Spain
572442,2011-10-24 12:09:00,22747,POPPY'S PLAYHOUSE BATHROOM,6,2.1,12546,Spain
572442,2011-10-24 12:09:00,22746,POPPY'S PLAYHOUSE LIVINGROOM ,6,2.1,12546,Spain
572442,2011-10-24 12:09:00,22748,POPPY'S PLAYHOUSE KITCHEN,6,2.1,12546,Spain
572442,2011-10-24 12:09:00,22745,POPPY'S PLAYHOUSE BEDROOM ,6,2.1,12546,Spain
572442,2011-10-24 12:09:00,21452,TOADSTOOL MONEY BOX,6,2.95,12546,Spain
572442,2011-10-24 12:09:00,20969,RED FLORAL FELTCRAFT SHOULDER BAG,4,3.75,12546,Spain
572442,2011-10-24 12:09:00,22564,ALPHABET STENCIL CRAFT,12,1.25,12546,Spain
572442,2011-10-24 12:09:00,22750,FELTCRAFT PRINCESS LOLA DOLL,4,3.75,12546,Spain
572442,2011-10-24 12:09:00,20970,PINK FLORAL FELTCRAFT SHOULDER BAG,4,3.75,12546,Spain
572442,2011-10-24 12:09:00,22141,CHRISTMAS CRAFT TREE TOP ANGEL,6,2.1,12546,Spain
572442,2011-10-24 12:09:00,22142,CHRISTMAS CRAFT WHITE FAIRY ,12,1.45,12546,Spain
572442,2011-10-24 12:09:00,22144,CHRISTMAS CRAFT LITTLE FRIENDS,12,2.1,12546,Spain
572928,2011-10-27 09:27:00,22637,PIGGY BANK RETROSPOT ,6,2.55,14623,United Kingdom
572928,2011-10-27 09:27:00,22968,ROSE COTTAGE KEEPSAKE BOX ,2,9.95,14623,United Kingdom
572928,2011-10-27 09:27:00,23298,SPOTTY BUNTING,6,4.95,14623,United Kingdom
572928,2011-10-27 09:27:00,22752,SET 7 BABUSHKA NESTING BOXES,2,8.5,14623,United Kingdom
572928,2011-10-27 09:27:00,23080,RED METAL BOX TOP SECRET,2,8.25,14623,United Kingdom
572928,2011-10-27 09:27:00,22505,MEMO BOARD COTTAGE DESIGN,4,4.95,14623,United Kingdom
573026,2011-10-27 13:25:00,22586,FELTCRAFT HAIRBAND PINK AND BLUE,12,0.85,17459,United Kingdom
573026,2011-10-27 13:25:00,22778,GLASS CLOCHE SMALL,2,3.95,17459,United Kingdom
573026,2011-10-27 13:25:00,23263,SET OF 3 WOODEN HEART DECORATIONS,12,1.25,17459,United Kingdom
573026,2011-10-27 13:25:00,23264,SET OF 3 WOODEN SLEIGH DECORATIONS,12,1.25,17459,United Kingdom
573026,2011-10-27 13:25:00,23265,SET OF 3 WOODEN TREE DECORATIONS,12,1.25,17459,United Kingdom
573026,2011-10-27 13:25:00,22587,FELTCRAFT HAIRBAND RED AND BLUE,12,0.85,17459,United Kingdom
573026,2011-10-27 13:25:00,23078,ICE CREAM PEN LIP GLOSS ,24,1.25,17459,United Kingdom
573026,2011-10-27 13:25:00,22736,RIBBON REEL MAKING SNOWMEN ,5,1.65,17459,United Kingdom
573026,2011-10-27 13:25:00,22737,RIBBON REEL CHRISTMAS PRESENT ,5,1.65,17459,United Kingdom
573026,2011-10-27 13:25:00,22739,RIBBON REEL CHRISTMAS SOCK BAUBLE,10,1.65,17459,United Kingdom
573026,2011-10-27 13:25:00,23350,ROLL WRAP VINTAGE SPOT ,12,1.25,17459,United Kingdom
573026,2011-10-27 13:25:00,23351,ROLL WRAP 50'S CHRISTMAS,12,1.25,17459,United Kingdom
573026,2011-10-27 13:25:00,23349,ROLL WRAP VINTAGE CHRISTMAS,12,1.25,17459,United Kingdom
573026,2011-10-27 13:25:00,23352,ROLL WRAP 50'S RED CHRISTMAS ,12,1.25,17459,United Kingdom
573026,2011-10-27 13:25:00,23266,SET OF 3 WOODEN STOCKING DECORATION,12,1.25,17459,United Kingdom
573026,2011-10-27 13:25:00,22738,RIBBON REEL SNOWY VILLAGE,5,1.65,17459,United Kingdom
573026,2011-10-27 13:25:00,23439,HAND WARMER RED LOVE HEART,2,2.1,17459,United Kingdom
573026,2011-10-27 13:25:00,22489,PACK OF 12 TRADITIONAL CRAYONS,5,0.42,17459,United Kingdom
573026,2011-10-27 13:25:00,22865,HAND WARMER OWL DESIGN,2,2.1,17459,United Kingdom
573026,2011-10-27 13:25:00,23318,BOX OF 6 MINI VINTAGE CRACKERS,2,2.49,17459,United Kingdom
573026,2011-10-27 13:25:00,23319,BOX OF 6 MINI 50'S CRACKERS,2,2.49,17459,United Kingdom
573026,2011-10-27 13:25:00,23310,BUBBLEGUM RING ASSORTED,72,0.42,17459,United Kingdom
573026,2011-10-27 13:25:00,21992,VINTAGE PAISLEY STATIONERY SET,5,1.25,17459,United Kingdom
573026,2011-10-27 13:25:00,23192,BUNDLE OF 3 ALPHABET EXERCISE BOOKS,5,1.65,17459,United Kingdom
573026,2011-10-27 13:25:00,22564,ALPHABET STENCIL CRAFT,2,1.25,17459,United Kingdom
573026,2011-10-27 13:25:00,22563,HAPPY STENCIL CRAFT,2,1.25,17459,United Kingdom
573026,2011-10-27 13:25:00,22211,WOOD STAMP SET FLOWERS,2,0.83,17459,United Kingdom
573026,2011-10-27 13:25:00,22491,PACK OF 12 COLOURED PENCILS,5,0.85,17459,United Kingdom
573026,2011-10-27 13:25:00,22778,GLASS CLOCHE SMALL,3,3.95,17459,United Kingdom
573026,2011-10-27 13:25:00,23077,DOUGHNUT LIP GLOSS ,20,1.25,17459,United Kingdom
573026,2011-10-27 13:25:00,22086,PAPER CHAIN KIT 50'S CHRISTMAS ,2,2.95,17459,United Kingdom
573026,2011-10-27 13:25:00,22910,PAPER CHAIN KIT VINTAGE CHRISTMAS,2,2.95,17459,United Kingdom
573026,2011-10-27 13:25:00,22632,HAND WARMER RED RETROSPOT,2,2.1,17459,United Kingdom
573026,2011-10-27 13:25:00,22633,HAND WARMER UNION JACK,2,2.1,17459,United Kingdom
573026,2011-10-27 13:25:00,22866,HAND WARMER SCOTTY DOG DESIGN,2,2.1,17459,United Kingdom
573262,2011-10-28 12:33:00,23103,JINGLE BELL HEART DECORATION,24,1.65,16851,United Kingdom
573262,2011-10-28 12:33:00,23313,VINTAGE CHRISTMAS BUNTING,5,4.95,16851,United Kingdom
573262,2011-10-28 12:33:00,22469,HEART OF WICKER SMALL,12,1.65,16851,United Kingdom
573262,2011-10-28 12:33:00,23311,VINTAGE CHRISTMAS STOCKING ,6,2.55,16851,United Kingdom
573262,2011-10-28 12:33:00,22577,WOODEN HEART CHRISTMAS SCANDINAVIAN,24,0.29,16851,United Kingdom
573262,2011-10-28 12:33:00,22578,WOODEN STAR CHRISTMAS SCANDINAVIAN,24,0.29,16851,United Kingdom
573262,2011-10-28 12:33:00,20956,PORCELAIN T-LIGHT HOLDERS ASSORTED,12,1.25,16851,United Kingdom
573543,2011-10-31 13:05:00,21165,BEWARE OF THE CAT METAL SIGN ,2,1.69,17777,United Kingdom
573543,2011-10-31 13:05:00,23405,HOME SWEET HOME 2 DRAWER CABINET,2,4.95,17777,United Kingdom
573543,2011-10-31 13:05:00,22227,HANGING HEART MIRROR DECORATION ,2,0.65,17777,United Kingdom
573543,2011-10-31 13:05:00,23408,PHOTO FRAME LINEN AND LACE SMALL,2,2.08,17777,United Kingdom
573543,2011-10-31 13:05:00,22789,T-LIGHT HOLDER SWEETHEART HANGING,2,1.95,17777,United Kingdom
573543,2011-10-31 13:05:00,85184C,SET 4 VALENTINE DECOUPAGE HEART BOX,1,2.95,17777,United Kingdom
573543,2011-10-31 13:05:00,84536A,ENGLISH ROSE NOTEBOOK A7 SIZE,6,0.42,17777,United Kingdom
573543,2011-10-31 13:05:00,21430,SET/3 RED GINGHAM ROSE STORAGE BOX,1,3.75,17777,United Kingdom
573543,2011-10-31 13:05:00,84580,MOUSE TOY WITH PINK T-SHIRT,2,3.75,17777,United Kingdom
573543,2011-10-31 13:05:00,22151,PLACE SETTING WHITE HEART,24,0.42,17777,United Kingdom
573543,2011-10-31 13:05:00,22768,FAMILY PHOTO FRAME CORNICE,1,9.95,17777,United Kingdom
573543,2011-10-31 13:05:00,85061W,WHITE JEWELLED HEART DECORATION,2,0.85,17777,United Kingdom
573543,2011-10-31 13:05:00,23490,T-LIGHT HOLDER HANGING LOVE BIRD,2,3.75,17777,United Kingdom
573543,2011-10-31 13:05:00,21429,RED GINGHAM ROSE JEWELLERY BOX,2,1.95,17777,United Kingdom
573543,2011-10-31 13:05:00,23301,GARDENERS KNEELING PAD KEEP CALM ,1,1.65,17777,United Kingdom
573543,2011-10-31 13:05:00,22702,BLACK AND WHITE CAT BOWL,1,2.1,17777,United Kingdom
573543,2011-10-31 13:05:00,85036C,ROSE 1 WICK MORRIS BOXED CANDLE,1,1.25,17777,United Kingdom
573543,2011-10-31 13:05:00,22219,LOVEBIRD HANGING DECORATION WHITE ,6,0.85,17777,United Kingdom
573543,2011-10-31 13:05:00,85123A,WHITE HANGING HEART T-LIGHT HOLDER,2,2.95,17777,United Kingdom
573543,2011-10-31 13:05:00,23152,IVORY SWEETHEART WIRE LETTER RACK ,2,3.75,17777,United Kingdom
573543,2011-10-31 13:05:00,85039B,S/4 IVORY MINI ROSE CANDLE IN BOWL,2,1.65,17777,United Kingdom
573543,2011-10-31 13:05:00,21485,RETROSPOT HEART HOT WATER BOTTLE,1,4.95,17777,United Kingdom
573543,2011-10-31 13:05:00,23012,GLASS APOTHECARY BOTTLE PERFUME,2,3.95,17777,United Kingdom
573543,2011-10-31 13:05:00,22131,FOOD CONTAINER SET 3 LOVE HEART ,3,1.95,17777,United Kingdom
573543,2011-10-31 13:05:00,23581,JUMBO BAG PAISLEY PARK,3,2.08,17777,United Kingdom
573543,2011-10-31 13:05:00,23343,JUMBO BAG VINTAGE CHRISTMAS ,3,2.08,17777,United Kingdom
573543,2011-10-31 13:05:00,22311,OFFICE MUG WARMER BLACK+SILVER ,3,2.95,17777,United Kingdom
573543,2011-10-31 13:05:00,22845,VINTAGE CREAM CAT FOOD CONTAINER,1,6.35,17777,United Kingdom
573543,2011-10-31 13:05:00,22624,IVORY KITCHEN SCALES,1,8.5,17777,United Kingdom
573543,2011-10-31 13:05:00,35646,VINTAGE BEAD PINK EVENING BAG,2,1.25,17777,United Kingdom
573543,2011-10-31 13:05:00,70006,LOVE HEART POCKET WARMER,2,1.65,17777,United Kingdom
573543,2011-10-31 13:05:00,22158,3 HEARTS HANGING DECORATION RUSTIC,2,2.95,17777,United Kingdom
573543,2011-10-31 13:05:00,85123A,WHITE HANGING HEART T-LIGHT HOLDER,2,2.95,17777,United Kingdom
573543,2011-10-31 13:05:00,23493,VINTAGE DOILY TRAVEL SEWING KIT,2,1.95,17777,United Kingdom
573543,2011-10-31 13:05:00,22219,LOVEBIRD HANGING DECORATION WHITE ,1,0.85,17777,United Kingdom
573543,2011-10-31 13:05:00,23217,LAUREL HEART ANTIQUE SILVER,2,1.25,17777,United Kingdom
573543,2011-10-31 13:05:00,23138,SINGLE WIRE HOOK IVORY HEART,2,1.45,17777,United Kingdom
573543,2011-10-31 13:05:00,21824,PAINTED METAL STAR WITH HOLLY BELLS,1,0.39,17777,United Kingdom
573543,2011-10-31 13:05:00,22212,FOUR HOOK  WHITE LOVEBIRDS,1,2.1,17777,United Kingdom
573543,2011-10-31 13:05:00,22219,LOVEBIRD HANGING DECORATION WHITE ,3,0.85,17777,United Kingdom
573543,2011-10-31 13:05:00,21642,ASSORTED TUTTI FRUTTI PEN,6,0.29,17777,United Kingdom
573543,2011-10-31 13:05:00,22576,SWALLOW WOODEN CHRISTMAS DECORATION,2,0.85,17777,United Kingdom
573543,2011-10-31 13:05:00,22575,METAL MERRY CHRISTMAS WREATH,2,1.95,17777,United Kingdom
573543,2011-10-31 13:05:00,22597,MUSICAL ZINC HEART DECORATION ,4,0.29,17777,United Kingdom
573543,2011-10-31 13:05:00,22337,ANGEL DECORATION PAINTED ZINC ,2,0.65,17777,United Kingdom
573543,2011-10-31 13:05:00,22335,HEART DECORATION PAINTED ZINC ,2,0.65,17777,United Kingdom
573543,2011-10-31 13:05:00,21823,PAINTED METAL HEART WITH HOLLY BELL,1,0.39,17777,United Kingdom
573543,2011-10-31 13:05:00,23481,PEARLISED IVORY HEART SMALL ,2,1.25,17777,United Kingdom
573543,2011-10-31 13:05:00,23482,PEARLISED IVORY HEART LARGE ,2,1.65,17777,United Kingdom
573543,2011-10-31 13:05:00,85061W,WHITE JEWELLED HEART DECORATION,4,0.85,17777,United Kingdom
573543,2011-10-31 13:05:00,47503H,ASS FLORAL PRINT SPIRIT LEVEL ,3,0.79,17777,United Kingdom
573543,2011-10-31 13:05:00,22766,PHOTO FRAME CORNICE,1,2.95,17777,United Kingdom
573543,2011-10-31 13:05:00,21174,POTTERING IN THE SHED METAL SIGN,1,2.08,17777,United Kingdom
573543,2011-10-31 13:05:00,23103,JINGLE BELL HEART DECORATION,2,1.65,17777,United Kingdom
573543,2011-10-31 13:05:00,23084,RABBIT NIGHT LIGHT,4,2.08,17777,United Kingdom
573543,2011-10-31 13:05:00,22217,T-LIGHT HOLDER HANGING LACE,4,1.25,17777,United Kingdom
573543,2011-10-31 13:05:00,23267,SET OF 4 SANTA PLACE SETTINGS,2,1.25,17777,United Kingdom
573543,2011-10-31 13:05:00,72817,SET OF 2 CHRISTMAS DECOUPAGE CANDLE,4,0.79,17777,United Kingdom
573543,2011-10-31 13:05:00,22131,FOOD CONTAINER SET 3 LOVE HEART ,1,1.95,17777,United Kingdom
573543,2011-10-31 13:05:00,84692,BOX OF 24 COCKTAIL PARASOLS,2,0.42,17777,United Kingdom
573543,2011-10-31 13:05:00,35648,VINTAGE BEAD PINK PURSE ,4,0.83,17777,United Kingdom
573543,2011-10-31 13:05:00,22136,LOVE HEART SOCK HANGER,1,1.65,17777,United Kingdom
573543,2011-10-31 13:05:00,23152,IVORY SWEETHEART WIRE LETTER RACK ,2,3.75,17777,United Kingdom
573543,2011-10-31 13:05:00,47504K,ENGLISH ROSE GARDEN SECATEURS,2,0.79,17777,United Kingdom
573543,2011-10-31 13:05:00,23348,CHILDRENS TOY COOKING UTENSIL SET,1,2.08,17777,United Kingdom
573744,2011-11-01 08:16:00,23145,ZINC T-LIGHT HOLDER STAR LARGE,12,0.95,17733,United Kingdom
573744,2011-11-01 08:16:00,23414,ZINC BOX SIGN HOME,12,8.49,17733,United Kingdom
573744,2011-11-01 08:16:00,23439,HAND WARMER RED LOVE HEART,12,2.1,17733,United Kingdom
573744,2011-11-01 08:16:00,23503,PLAYING CARDS KEEP CALM & CARRY ON,12,1.25,17733,United Kingdom
573744,2011-11-01 08:16:00,82494L,WOODEN FRAME ANTIQUE WHITE ,6,2.95,17733,United Kingdom
573744,2011-11-01 08:16:00,35970,ZINC FOLKART SLEIGH BELLS,12,1.69,17733,United Kingdom
573744,2011-11-01 08:16:00,84946,ANTIQUE SILVER T-LIGHT GLASS,24,1.25,17733,United Kingdom
573744,2011-11-01 08:16:00,84978,HANGING HEART JAR T-LIGHT HOLDER,36,1.06,17733,United Kingdom
573744,2011-11-01 08:16:00,23144,ZINC T-LIGHT HOLDER STARS SMALL,12,0.83,17733,United Kingdom
573744,2011-11-01 08:16:00,23571,TRADITIONAL NAUGHTS & CROSSES,12,1.65,17733,United Kingdom
573744,2011-11-01 08:16:00,22865,HAND WARMER OWL DESIGN,12,2.1,17733,United Kingdom
573744,2011-11-01 08:16:00,22065,CHRISTMAS PUDDING TRINKET POT ,48,0.39,17733,United Kingdom
573744,2011-11-01 08:16:00,22621,TRADITIONAL KNITTING NANCY,12,1.65,17733,United Kingdom
573744,2011-11-01 08:16:00,22768,FAMILY PHOTO FRAME CORNICE,2,9.95,17733,United Kingdom
573744,2011-11-01 08:16:00,21704,BAG 250g SWIRLY MARBLES,12,0.85,17733,United Kingdom
573744,2011-11-01 08:16:00,21791,VINTAGE HEADS AND TAILS CARD GAME ,12,1.25,17733,United Kingdom
573744,2011-11-01 08:16:00,21892,TRADITIONAL WOODEN CATCH CUP GAME ,12,1.25,17733,United Kingdom
573744,2011-11-01 08:16:00,21915,RED  HARMONICA IN BOX ,12,1.25,17733,United Kingdom
573744,2011-11-01 08:16:00,21314,SMALL GLASS HEART TRINKET POT,8,2.1,17733,United Kingdom
573744,2011-11-01 08:16:00,22340,NOEL GARLAND PAINTED ZINC ,24,0.39,17733,United Kingdom
573744,2011-11-01 08:16:00,22577,WOODEN HEART CHRISTMAS SCANDINAVIAN,24,0.29,17733,United Kingdom
573744,2011-11-01 08:16:00,22578,WOODEN STAR CHRISTMAS SCANDINAVIAN,24,0.29,17733,United Kingdom
573744,2011-11-01 08:16:00,22579,WOODEN TREE CHRISTMAS SCANDINAVIAN,24,0.29,17733,United Kingdom
573757,2011-11-01 09:46:00,22726,ALARM CLOCK BAKELIKE GREEN,6,3.75,17166,United Kingdom
573757,2011-11-01 09:46:00,22727,ALARM CLOCK BAKELIKE RED ,15,3.75,17166,United Kingdom
574054,2011-11-02 14:07:00,22594,CHRISTMAS GINGHAM TREE,12,0.85,18104,United Kingdom
574054,2011-11-02 14:07:00,48138,DOORMAT UNION FLAG,4,8.25,18104,United Kingdom
574054,2011-11-02 14:07:00,48194,DOORMAT HEARTS,4,8.25,18104,United Kingdom
574054,2011-11-02 14:07:00,22366,DOORMAT AIRMAIL ,4,8.25,18104,United Kingdom
574054,2011-11-02 14:07:00,48185,DOORMAT FAIRY CAKE,4,8.25,18104,United Kingdom
574054,2011-11-02 14:07:00,22593,CHRISTMAS GINGHAM STAR,12,0.85,18104,United Kingdom
574054,2011-11-02 14:07:00,23284,DOORMAT KEEP CALM AND COME IN,4,8.25,18104,United Kingdom
574054,2011-11-02 14:07:00,35970,ZINC FOLKART SLEIGH BELLS,12,1.69,18104,United Kingdom
574054,2011-11-02 14:07:00,23224,CHERUB HEART DECORATION GOLD,12,0.83,18104,United Kingdom
574054,2011-11-02 14:07:00,22508,DOORSTOP RETROSPOT HEART,4,3.75,18104,United Kingdom
574054,2011-11-02 14:07:00,21411,GINGHAM HEART  DOORSTOP RED,3,4.25,18104,United Kingdom
574054,2011-11-02 14:07:00,23213,STAR WREATH DECORATION WITH BELL,12,1.25,18104,United Kingdom
574054,2011-11-02 14:07:00,23220,REINDEER HEART DECORATION GOLD,12,0.83,18104,United Kingdom
574054,2011-11-02 14:07:00,23221,REINDEER HEART DECORATION SILVER,12,0.83,18104,United Kingdom
574054,2011-11-02 14:07:00,23225,CHERUB HEART DECORATION SILVER ,12,0.83,18104,United Kingdom
574054,2011-11-02 14:07:00,23283,DOORMAT VINTAGE LEAF,4,8.25,18104,United Kingdom
574054,2011-11-02 14:07:00,22691,DOORMAT WELCOME SUNRISE,4,8.25,18104,United Kingdom
574054,2011-11-02 14:07:00,21624,VINTAGE UNION JACK DOORSTOP,3,5.95,18104,United Kingdom
574054,2011-11-02 14:07:00,22690,DOORMAT HOME SWEET HOME BLUE ,4,8.25,18104,United Kingdom
574054,2011-11-02 14:07:00,85199L,LARGE HANGING IVORY & RED WOOD BIRD,12,0.65,18104,United Kingdom
574054,2011-11-02 14:07:00,20685,DOORMAT RED RETROSPOT,4,8.25,18104,United Kingdom
574054,2011-11-02 14:07:00,21523,DOORMAT FANCY FONT HOME SWEET HOME,4,8.25,18104,United Kingdom
574054,2011-11-02 14:07:00,23355,HOT WATER BOTTLE KEEP CALM,4,4.95,18104,United Kingdom
574054,2011-11-02 14:07:00,21485,RETROSPOT HEART HOT WATER BOTTLE,6,4.95,18104,United Kingdom
574054,2011-11-02 14:07:00,22468,BABUSHKA LIGHTS STRING OF 10,4,6.75,18104,United Kingdom
574054,2011-11-02 14:07:00,79321,CHILLI LIGHTS,4,5.75,18104,United Kingdom
574054,2011-11-02 14:07:00,22573,STAR WOODEN CHRISTMAS DECORATION,24,0.85,18104,United Kingdom
574054,2011-11-02 14:07:00,22574,HEART WOODEN CHRISTMAS DECORATION,24,0.85,18104,United Kingdom
574054,2011-11-02 14:07:00,22578,WOODEN STAR CHRISTMAS SCANDINAVIAN,24,0.29,18104,United Kingdom
574054,2011-11-02 14:07:00,23356,LOVE HOT WATER BOTTLE,6,5.95,18104,United Kingdom
574054,2011-11-02 14:07:00,22579,WOODEN TREE CHRISTMAS SCANDINAVIAN,24,0.29,18104,United Kingdom
574054,2011-11-02 14:07:00,22595,GINGHAM HEART DECORATION,12,0.85,18104,United Kingdom
574054,2011-11-02 14:07:00,23263,SET OF 3 WOODEN HEART DECORATIONS,12,1.25,18104,United Kingdom
574054,2011-11-02 14:07:00,23266,SET OF 3 WOODEN STOCKING DECORATION,12,1.25,18104,United Kingdom
574054,2011-11-02 14:07:00,22571,ROCKING HORSE RED CHRISTMAS ,12,0.85,18104,United Kingdom
574054,2011-11-02 14:07:00,22572,ROCKING HORSE GREEN CHRISTMAS ,12,0.85,18104,United Kingdom
574054,2011-11-02 14:07:00,23212,HEART WREATH DECORATION WITH BELL,12,1.25,18104,United Kingdom
574054,2011-11-02 14:07:00,22576,SWALLOW WOODEN CHRISTMAS DECORATION,12,0.85,18104,United Kingdom
574665,2011-11-06 12:09:00,23489,VINTAGE BELLS GARLAND,6,2.89,16168,United Kingdom
574665,2011-11-06 12:09:00,23300,GARDENERS KNEELING PAD CUP OF TEA ,48,1.45,16168,United Kingdom
574665,2011-11-06 12:09:00,23301,GARDENERS KNEELING PAD KEEP CALM ,48,1.45,16168,United Kingdom
574666,2011-11-06 12:10:00,23084,RABBIT NIGHT LIGHT,144,1.79,16168,United Kingdom
574883,2011-11-07 13:56:00,22693,GROW A FLYTRAP OR SUNFLOWER IN TIN,48,1.25,14623,United Kingdom
574883,2011-11-07 13:56:00,22721,SET OF 3 CAKE TINS SKETCHBOOK,1,4.95,14623,United Kingdom
574883,2011-11-07 13:56:00,22195,LARGE HEART MEASURING SPOONS,1,1.65,14623,United Kingdom
574883,2011-11-07 13:56:00,22964,3 PIECE SPACEBOY COOKIE CUTTER SET,1,2.1,14623,United Kingdom
574883,2011-11-07 13:56:00,21354,TOAST ITS - BEST MUM,2,1.25,14623,United Kingdom
574883,2011-11-07 13:56:00,21356,TOAST ITS - FAIRY FLOWER,3,1.25,14623,United Kingdom
574883,2011-11-07 13:56:00,22617,BAKING SET SPACEBOY DESIGN,1,4.95,14623,United Kingdom
574883,2011-11-07 13:56:00,22138,BAKING SET 9 PIECE RETROSPOT ,2,4.95,14623,United Kingdom
574883,2011-11-07 13:56:00,23201,JUMBO BAG ALPHABET,3,2.08,14623,United Kingdom
574883,2011-11-07 13:56:00,22816,CARD MOTORBIKE SANTA,12,0.42,14623,United Kingdom
574883,2011-11-07 13:56:00,23581,JUMBO BAG PAISLEY PARK,5,2.08,14623,United Kingdom
574883,2011-11-07 13:56:00,84378,SET OF 3 HEART COOKIE CUTTERS,2,1.45,14623,United Kingdom
574883,2011-11-07 13:56:00,84519B,CARROT CHARLIE+LOLA COASTER SET,5,1.25,14623,United Kingdom
574883,2011-11-07 13:56:00,21355,TOAST ITS - I LOVE YOU ,2,1.25,14623,United Kingdom
574883,2011-11-07 13:56:00,84519A,TOMATO CHARLIE+LOLA COASTER SET,6,1.25,14623,United Kingdom
574883,2011-11-07 13:56:00,23424,GINGHAM RECIPE BOOK BOX,2,4.95,14623,United Kingdom
574883,2011-11-07 13:56:00,79164,BLACK WINE GLASS,18,0.39,14623,United Kingdom
574883,2011-11-07 13:56:00,23365,SET 12 COLOUR PENCILS LOVE LONDON,2,0.65,14623,United Kingdom
574883,2011-11-07 13:56:00,23347,I LOVE LONDON BEAKER,1,1.25,14623,United Kingdom
574883,2011-11-07 13:56:00,90018A,SILVER M.O.P ORBIT DROP EARRINGS,1,4.25,14623,United Kingdom
574883,2011-11-07 13:56:00,90014A,SILVER M.O.P. ORBIT NECKLACE,1,2.95,14623,United Kingdom
574883,2011-11-07 13:56:00,22818,CARD CHRISTMAS VILLAGE,12,0.42,14623,United Kingdom
575007,2011-11-08 11:20:00,23367,SET 12 COLOUR PENCILS SPACEBOY ,16,0.65,14140,United Kingdom
575007,2011-11-08 11:20:00,22972,CHILDREN'S SPACEBOY MUG,12,1.65,14140,United Kingdom
575007,2011-11-08 11:20:00,22367,CHILDRENS APRON SPACEBOY DESIGN,8,1.95,14140,United Kingdom
575007,2011-11-08 11:20:00,23377,PACK OF 12 DOLLY GIRL TISSUES,24,0.39,14140,United Kingdom
575007,2011-11-08 11:20:00,23368,SET 12 COLOUR PENCILS DOLLY GIRL ,16,0.65,14140,United Kingdom
575007,2011-11-08 11:20:00,22974,CHILDRENS DOLLY GIRL MUG,12,1.65,14140,United Kingdom
575007,2011-11-08 11:20:00,22614,PACK OF 12 SPACEBOY TISSUES,24,0.39,14140,United Kingdom
575007,2011-11-08 11:20:00,23508,MINI PLAYING CARDS DOLLY GIRL ,20,0.42,14140,United Kingdom
575007,2011-11-08 11:20:00,23118,PARISIENNE JEWELLERY DRAWER ,2,7.5,14140,United Kingdom
575007,2011-11-08 11:20:00,23475,WOODLAND SMALL PINK FELT HEART,12,0.83,14140,United Kingdom
575007,2011-11-08 11:20:00,22577,WOODEN HEART CHRISTMAS SCANDINAVIAN,24,0.29,14140,United Kingdom
575007,2011-11-08 11:20:00,23263,SET OF 3 WOODEN HEART DECORATIONS,12,1.25,14140,United Kingdom
575007,2011-11-08 11:20:00,22086,PAPER CHAIN KIT 50'S CHRISTMAS ,6,2.95,14140,United Kingdom
575007,2011-11-08 11:20:00,23473,WOODLAND SMALL RED FELT HEART,12,0.83,14140,United Kingdom
575007,2011-11-08 11:20:00,23571,TRADITIONAL NAUGHTS & CROSSES,12,1.65,14140,United Kingdom
575007,2011-11-08 11:20:00,23480,MINI LIGHTS WOODLAND MUSHROOMS,4,3.75,14140,United Kingdom
575007,2011-11-08 11:20:00,23570,TRADITIONAL PICK UP STICKS GAME ,12,1.25,14140,United Kingdom
575007,2011-11-08 11:20:00,22899,CHILDREN'S APRON DOLLY GIRL ,6,2.1,14140,United Kingdom
575007,2011-11-08 11:20:00,23506,MINI PLAYING CARDS SPACEBOY ,20,0.42,14140,United Kingdom
575007,2011-11-08 11:20:00,22423,REGENCY CAKESTAND 3 TIER,1,12.75,14140,United Kingdom
575007,2011-11-08 11:20:00,21114,LAVENDER SCENTED FABRIC HEART,10,1.25,14140,United Kingdom
575007,2011-11-08 11:20:00,22534,MAGIC DRAWING SLATE SPACEBOY ,24,0.42,14140,United Kingdom
575007,2011-11-08 11:20:00,22530,MAGIC DRAWING SLATE DOLLY GIRL ,24,0.42,14140,United Kingdom
575007,2011-11-08 11:20:00,23493,VINTAGE DOILY TRAVEL SEWING KIT,10,1.95,14140,United Kingdom
575007,2011-11-08 11:20:00,23433,HANGING QUILTED PATCHWORK APPLES,12,0.83,14140,United Kingdom
575007,2011-11-08 11:20:00,23376,PACK OF 12 VINTAGE CHRISTMAS TISSUE,24,0.39,14140,United Kingdom
575007,2011-11-08 11:20:00,22909,SET OF 20 VINTAGE CHRISTMAS NAPKINS,12,0.85,14140,United Kingdom
575007,2011-11-08 11:20:00,20975,12 PENCILS SMALL TUBE RED RETROSPOT,24,0.65,14140,United Kingdom
575007,2011-11-08 11:20:00,22908,PACK OF 20 NAPKINS RED APPLES,12,0.85,14140,United Kingdom
575007,2011-11-08 11:20:00,23551,PACK OF 12 PAISLEY PARK TISSUES ,24,0.39,14140,United Kingdom
575007,2011-11-08 11:20:00,23311,VINTAGE CHRISTMAS STOCKING ,12,2.55,14140,United Kingdom
575007,2011-11-08 11:20:00,22483,RED GINGHAM TEDDY BEAR ,6,2.95,14140,United Kingdom
575007,2011-11-08 11:20:00,22175,PINK OWL SOFT TOY,6,2.95,14140,United Kingdom
575007,2011-11-08 11:20:00,84581,DOG TOY WITH PINK CROCHET SKIRT,4,3.75,14140,United Kingdom
575007,2011-11-08 11:20:00,84580,MOUSE TOY WITH PINK T-SHIRT,4,3.75,14140,United Kingdom
575007,2011-11-08 11:20:00,20972,PINK CREAM FELT CRAFT TRINKET BOX ,12,1.25,14140,United Kingdom
575007,2011-11-08 11:20:00,22150,3 STRIPEY MICE FELTCRAFT,6,1.95,14140,United Kingdom
575007,2011-11-08 11:20:00,22595,GINGHAM HEART DECORATION,12,0.85,14140,United Kingdom
575007,2011-11-08 11:20:00,22469,HEART OF WICKER SMALL,12,1.65,14140,United Kingdom
575007,2011-11-08 11:20:00,23398,HANGING HEART BONHEUR,12,0.85,14140,United Kingdom
575415,2011-11-09 15:51:00,23313,VINTAGE CHRISTMAS BUNTING,50,4.15,16168,United Kingdom
575623,2011-11-10 13:14:00,23330,DECORATIVE WICKER HEART MEDIUM,3,1.25,14064,United Kingdom
575623,2011-11-10 13:14:00,23333,IVORY WICKER HEART MEDIUM,3,1.25,14064,United Kingdom
575623,2011-11-10 13:14:00,23275,SET OF 3 HANGING OWLS OLLIE BEAK,12,1.25,14064,United Kingdom
575623,2011-11-10 13:14:00,35953,FOLKART STAR CHRISTMAS DECORATIONS,72,0.39,14064,United Kingdom
575623,2011-11-10 13:14:00,23202,JUMBO BAG VINTAGE LEAF,1,2.08,14064,United Kingdom
575623,2011-11-10 13:14:00,22598,CHRISTMAS MUSICAL ZINC TREE,21,0.29,14064,United Kingdom
575623,2011-11-10 13:14:00,23321,SMALL WHITE HEART OF WICKER,3,1.65,14064,United Kingdom
575623,2011-11-10 13:14:00,22469,HEART OF WICKER SMALL,3,1.65,14064,United Kingdom
575623,2011-11-10 13:14:00,23329,DECORATIVE WICKER HEART LARGE,6,1.65,14064,United Kingdom
575623,2011-11-10 13:14:00,22597,MUSICAL ZINC HEART DECORATION ,21,0.29,14064,United Kingdom
575623,2011-11-10 13:14:00,23265,SET OF 3 WOODEN TREE DECORATIONS,24,1.25,14064,United Kingdom
575623,2011-11-10 13:14:00,23411, TRELLIS COAT RACK,1,4.95,14064,United Kingdom
575623,2011-11-10 13:14:00,23263,SET OF 3 WOODEN HEART DECORATIONS,24,1.25,14064,United Kingdom
575623,2011-11-10 13:14:00,23264,SET OF 3 WOODEN SLEIGH DECORATIONS,24,1.25,14064,United Kingdom
575623,2011-11-10 13:14:00,23275,SET OF 3 HANGING OWLS OLLIE BEAK,12,1.25,14064,United Kingdom
575623,2011-11-10 13:14:00,23329,DECORATIVE WICKER HEART LARGE,2,1.65,14064,United Kingdom
575623,2011-11-10 13:14:00,23332,IVORY WICKER HEART LARGE,6,1.65,14064,United Kingdom
575623,2011-11-10 13:14:00,23333,IVORY WICKER HEART MEDIUM,3,1.25,14064,United Kingdom
575623,2011-11-10 13:14:00,23330,DECORATIVE WICKER HEART MEDIUM,5,1.25,14064,United Kingdom
575623,2011-11-10 13:14:00,23058,CHRISTMAS HANGING SNOWFLAKE,3,0.79,14064,United Kingdom
575623,2011-11-10 13:14:00,21733,RED HANGING HEART T-LIGHT HOLDER,2,2.95,14064,United Kingdom
575623,2011-11-10 13:14:00,23266,SET OF 3 WOODEN STOCKING DECORATION,24,1.25,14064,United Kingdom
575659,2011-11-10 14:35:00,22118,JOY WOODEN BLOCK LETTERS,3,4.95,13576,United Kingdom
575659,2011-11-10 14:35:00,35599B,BLACK CHRISTMAS TREE 120CM,6,1.95,13576,United Kingdom
575659,2011-11-10 14:35:00,22119,PEACE WOODEN BLOCK LETTERS,3,6.95,13576,United Kingdom
575659,2011-11-10 14:35:00,21137,BLACK RECORD COVER FRAME,72,3.39,13576,United Kingdom
575659,2011-11-10 14:35:00,35599D,PINK AND WHITE CHRISTMAS TREE 120CM,6,1.95,13576,United Kingdom
575659,2011-11-10 14:35:00,22065,CHRISTMAS PUDDING TRINKET POT ,48,0.39,13576,United Kingdom
575659,2011-11-10 14:35:00,20829,GLITTER HANGING BUTTERFLY STRING,8,2.1,13576,United Kingdom
575659,2011-11-10 14:35:00,85036B,CHOCOLATE 1 WICK MORRIS BOX CANDLE,18,1.25,13576,United Kingdom
575659,2011-11-10 14:35:00,82001S,SILVER RECORD COVER FRAME,24,3.39,13576,United Kingdom
575659,2011-11-10 14:35:00,22041,"RECORD FRAME 7"" SINGLE SIZE ",48,2.1,13576,United Kingdom
575701,2011-11-10 16:59:00,79321,CHILLI LIGHTS,24,4.95,13396,United Kingdom
575701,2011-11-10 16:59:00,48187,DOORMAT NEW ENGLAND,4,8.25,13396,United Kingdom
575701,2011-11-10 16:59:00,22632,HAND WARMER RED RETROSPOT,12,2.1,13396,United Kingdom
575701,2011-11-10 16:59:00,23301,GARDENERS KNEELING PAD KEEP CALM ,12,1.65,13396,United Kingdom
575701,2011-11-10 16:59:00,23029,DRAWER KNOB CRACKLE GLAZE GREEN,12,1.65,13396,United Kingdom
575701,2011-11-10 16:59:00,20685,DOORMAT RED RETROSPOT,4,8.25,13396,United Kingdom
575701,2011-11-10 16:59:00,22423,REGENCY CAKESTAND 3 TIER,4,12.75,13396,United Kingdom
575701,2011-11-10 16:59:00,23397,FOOT STOOL HOME SWEET HOME ,2,9.95,13396,United Kingdom
575701,2011-11-10 16:59:00,23027,DRAWER KNOB VINTAGE GLASS HEXAGON,6,2.08,13396,United Kingdom
575701,2011-11-10 16:59:00,23026,DRAWER KNOB VINTAGE GLASS STAR,6,2.08,13396,United Kingdom
575701,2011-11-10 16:59:00,21670,BLUE SPOT CERAMIC DRAWER KNOB,12,1.45,13396,United Kingdom
575701,2011-11-10 16:59:00,21671,RED SPOT CERAMIC DRAWER KNOB,12,1.45,13396,United Kingdom
575701,2011-11-10 16:59:00,23031,DRAWER KNOB CRACKLE GLAZE PINK,12,1.65,13396,United Kingdom
575701,2011-11-10 16:59:00,22558,CLOTHES PEGS RETROSPOT PACK 24 ,12,1.65,13396,United Kingdom
575701,2011-11-10 16:59:00,23485,BOTANICAL GARDENS WALL CLOCK ,1,25.0,13396,United Kingdom
575701,2011-11-10 16:59:00,84879,ASSORTED COLOUR BIRD ORNAMENT,32,1.69,13396,United Kingdom
575701,2011-11-10 16:59:00,22086,PAPER CHAIN KIT 50'S CHRISTMAS ,24,2.95,13396,United Kingdom
575701,2011-11-10 16:59:00,23129,HEART SHAPED HOLLY WREATH,12,4.15,13396,United Kingdom
575701,2011-11-10 16:59:00,23213,STAR WREATH DECORATION WITH BELL,24,1.25,13396,United Kingdom
575701,2011-11-10 16:59:00,23318,BOX OF 6 MINI VINTAGE CRACKERS,24,2.49,13396,United Kingdom
575701,2011-11-10 16:59:00,22910,PAPER CHAIN KIT VINTAGE CHRISTMAS,30,2.95,13396,United Kingdom
575701,2011-11-10 16:59:00,35970,ZINC FOLKART SLEIGH BELLS,24,1.69,13396,United Kingdom
575701,2011-11-10 16:59:00,22909,SET OF 20 VINTAGE CHRISTMAS NAPKINS,24,0.85,13396,United Kingdom
575701,2011-11-10 16:59:00,22816,CARD MOTORBIKE SANTA,48,0.42,13396,United Kingdom
575701,2011-11-10 16:59:00,22818,CARD CHRISTMAS VILLAGE,48,0.42,13396,United Kingdom
575701,2011-11-10 16:59:00,23489,"GARLAND, VINTAGE BELLS",12,2.89,13396,United Kingdom
575701,2011-11-10 16:59:00,23267,SET OF 4 SANTA PLACE SETTINGS,12,1.25,13396,United Kingdom
575701,2011-11-10 16:59:00,23215,JINGLE BELL HEART ANTIQUE SILVER,12,2.08,13396,United Kingdom
575706,2011-11-10 17:13:00,23681,LUNCH BAG RED VINTAGE DOILY,3,1.65,14713,United Kingdom
575706,2011-11-10 17:13:00,20725,LUNCH BAG RED RETROSPOT,3,1.65,14713,United Kingdom
575706,2011-11-10 17:13:00,23206,LUNCH BAG APPLE DESIGN,3,1.65,14713,United Kingdom
575706,2011-11-10 17:13:00,23583,LUNCH BAG PAISLEY PARK  ,3,1.65,14713,United Kingdom
575706,2011-11-10 17:13:00,22382,LUNCH BAG SPACEBOY DESIGN ,3,1.65,14713,United Kingdom
575706,2011-11-10 17:13:00,22383,LUNCH BAG SUKI DESIGN ,3,1.65,14713,United Kingdom
575706,2011-11-10 17:13:00,20728,LUNCH BAG CARS BLUE,3,1.65,14713,United Kingdom
575706,2011-11-10 17:13:00,22113,GREY HEART HOT WATER BOTTLE,6,4.25,14713,United Kingdom
575706,2011-11-10 17:13:00,22367,CHILDRENS APRON SPACEBOY DESIGN,2,1.95,14713,United Kingdom
575706,2011-11-10 17:13:00,23208,LUNCH BAG VINTAGE LEAF DESIGN,3,1.65,14713,United Kingdom
575706,2011-11-10 17:13:00,22898,CHILDRENS APRON APPLES DESIGN,2,1.95,14713,United Kingdom
575706,2011-11-10 17:13:00,84879,ASSORTED COLOUR BIRD ORNAMENT,8,1.69,14713,United Kingdom
575706,2011-11-10 17:13:00,22633,HAND WARMER UNION JACK,3,2.1,14713,United Kingdom
575706,2011-11-10 17:13:00,23439,HAND WARMER RED LOVE HEART,5,2.1,14713,United Kingdom
575706,2011-11-10 17:13:00,22865,HAND WARMER OWL DESIGN,6,2.1,14713,United Kingdom
575706,2011-11-10 17:13:00,22866,HAND WARMER SCOTTY DOG DESIGN,12,2.1,14713,United Kingdom
575706,2011-11-10 17:13:00,20992,JAZZ HEARTS PURSE NOTEBOOK,24,0.39,14713,United Kingdom
575706,2011-11-10 17:13:00,23301,GARDENERS KNEELING PAD KEEP CALM ,6,1.65,14713,United Kingdom
575706,2011-11-10 17:13:00,23300,GARDENERS KNEELING PAD CUP OF TEA ,6,1.65,14713,United Kingdom
575706,2011-11-10 17:13:00,22045,SPACEBOY GIFT WRAP,25,0.42,14713,United Kingdom
575706,2011-11-10 17:13:00,21495,SKULLS AND CROSSBONES WRAP,25,0.42,14713,United Kingdom
575706,2011-11-10 17:13:00,21481,FAWN BLUE HOT WATER BOTTLE,2,3.75,14713,United Kingdom
575706,2011-11-10 17:13:00,47591D,PINK FAIRY CAKE CHILDRENS APRON,2,1.95,14713,United Kingdom
575706,2011-11-10 17:13:00,21479,WHITE SKULL HOT WATER BOTTLE ,1,4.25,14713,United Kingdom
575706,2011-11-10 17:13:00,82483,WOOD 2 DRAWER CABINET WHITE FINISH,2,6.95,14713,United Kingdom
575706,2011-11-10 17:13:00,23571,TRADITIONAL NAUGHTS & CROSSES,3,1.65,14713,United Kingdom
575706,2011-11-10 17:13:00,23355,HOT WATER BOTTLE KEEP CALM,2,4.95,14713,United Kingdom
575706,2011-11-10 17:13:00,23582,VINTAGE DOILY JUMBO BAG RED ,2,2.08,14713,United Kingdom
575706,2011-11-10 17:13:00,23199,JUMBO BAG APPLES,2,2.08,14713,United Kingdom
575706,2011-11-10 17:13:00,23581,JUMBO BAG PAISLEY PARK,2,2.08,14713,United Kingdom
575706,2011-11-10 17:13:00,85099C,JUMBO  BAG BAROQUE BLACK WHITE,2,2.08,14713,United Kingdom
575706,2011-11-10 17:13:00,21930,JUMBO STORAGE BAG SKULLS,2,2.08,14713,United Kingdom
575706,2011-11-10 17:13:00,21928,JUMBO BAG SCANDINAVIAN BLUE PAISLEY,2,2.08,14713,United Kingdom
575706,2011-11-10 17:13:00,22411,JUMBO SHOPPER VINTAGE RED PAISLEY,2,2.08,14713,United Kingdom
575706,2011-11-10 17:13:00,21931,JUMBO STORAGE BAG SUKI,2,2.08,14713,United Kingdom
575706,2011-11-10 17:13:00,22385,JUMBO BAG SPACEBOY DESIGN,2,2.08,14713,United Kingdom
575706,2011-11-10 17:13:00,22385,JUMBO BAG SPACEBOY DESIGN,2,2.08,14713,United Kingdom
575706,2011-11-10 17:13:00,85099B,JUMBO BAG RED RETROSPOT,2,2.08,14713,United Kingdom
575706,2011-11-10 17:13:00,21916,SET 12 RETRO WHITE CHALK STICKS,12,0.42,14713,United Kingdom
575706,2011-11-10 17:13:00,20719,WOODLAND CHARLOTTE BAG,3,0.85,14713,United Kingdom
575706,2011-11-10 17:13:00,21918,SET 12 KIDS COLOUR  CHALK STICKS,12,0.42,14713,United Kingdom
575706,2011-11-10 17:13:00,21705,BAG 500g SWIRLY MARBLES,9,1.65,14713,United Kingdom
575706,2011-11-10 17:13:00,22637,PIGGY BANK RETROSPOT ,4,2.55,14713,United Kingdom
575706,2011-11-10 17:13:00,22646,CERAMIC STRAWBERRY CAKE MONEY BANK,2,1.45,14713,United Kingdom
575706,2011-11-10 17:13:00,20713,JUMBO BAG OWLS,2,2.08,14713,United Kingdom
575706,2011-11-10 17:13:00,22645,CERAMIC HEART FAIRY CAKE MONEY BANK,2,1.45,14713,United Kingdom
575706,2011-11-10 17:13:00,21135,VICTORIAN  METAL POSTCARD SPRING,8,1.69,14713,United Kingdom
575706,2011-11-10 17:13:00,23237,SET OF 4 KNICK KNACK TINS LEAF,3,4.15,14713,United Kingdom
575706,2011-11-10 17:13:00,23229,VINTAGE DONKEY TAIL GAME ,2,3.75,14713,United Kingdom
575706,2011-11-10 17:13:00,23204,CHARLOTTE BAG APPLES DESIGN,3,0.85,14713,United Kingdom
576395,2011-11-15 10:38:00,21464,DISCO BALL ROTATOR BATTERY OPERATED,6,4.25,16168,United Kingdom
576395,2011-11-15 10:38:00,21463,MIRRORED DISCO BALL ,6,5.95,16168,United Kingdom
576508,2011-11-15 12:02:00,23227,FILIGREE HEART BUTTERFLY WHITE ,3,1.25,17777,United Kingdom
576508,2011-11-15 12:02:00,23275,SET OF 3 HANGING OWLS OLLIE BEAK,1,1.25,17777,United Kingdom
576508,2011-11-15 12:02:00,23265,SET OF 3 WOODEN TREE DECORATIONS,1,1.25,17777,United Kingdom
576508,2011-11-15 12:02:00,23264,SET OF 3 WOODEN SLEIGH DECORATIONS,1,1.25,17777,United Kingdom
576508,2011-11-15 12:02:00,22577,WOODEN HEART CHRISTMAS SCANDINAVIAN,1,0.29,17777,United Kingdom
576508,2011-11-15 12:02:00,22578,WOODEN STAR CHRISTMAS SCANDINAVIAN,1,0.29,17777,United Kingdom
576508,2011-11-15 12:02:00,22579,WOODEN TREE CHRISTMAS SCANDINAVIAN,1,0.29,17777,United Kingdom
576508,2011-11-15 12:02:00,23212,HEART WREATH DECORATION WITH BELL,6,1.25,17777,United Kingdom
576508,2011-11-15 12:02:00,22572,ROCKING HORSE GREEN CHRISTMAS ,5,0.85,17777,United Kingdom
576508,2011-11-15 12:02:00,22576,SWALLOW WOODEN CHRISTMAS DECORATION,2,0.85,17777,United Kingdom
576508,2011-11-15 12:02:00,22574,HEART WOODEN CHRISTMAS DECORATION,2,0.85,17777,United Kingdom
576508,2011-11-15 12:02:00,23226,FILIGREE HEART DAISY WHITE,3,1.25,17777,United Kingdom
576508,2011-11-15 12:02:00,23228,FILIGREE HEART BIRD WHITE ,3,1.25,17777,United Kingdom
576508,2011-11-15 12:02:00,23452,HEART MINI PORTRAIT FRAME,2,1.95,17777,United Kingdom
576508,2011-11-15 12:02:00,21640,ASSORTED TUTTI FRUTTI  FOB NOTEBOOK,2,0.85,17777,United Kingdom
576508,2011-11-15 12:02:00,47503A,ASS FLORAL PRINT MULTI SCREWDRIVER,2,0.42,17777,United Kingdom
576508,2011-11-15 12:02:00,35646,VINTAGE BEAD PINK EVENING BAG,4,1.25,17777,United Kingdom
576508,2011-11-15 12:02:00,23102,SILVER HEARTS TABLE DECORATION,1,0.83,17777,United Kingdom
576508,2011-11-15 12:02:00,22621,TRADITIONAL KNITTING NANCY,3,1.65,17777,United Kingdom
576508,2011-11-15 12:02:00,23084,RABBIT NIGHT LIGHT,6,2.08,17777,United Kingdom
576508,2011-11-15 12:02:00,22158,3 HEARTS HANGING DECORATION RUSTIC,4,2.95,17777,United Kingdom
576508,2011-11-15 12:02:00,22652,TRAVEL SEWING KIT,1,1.65,17777,United Kingdom
576508,2011-11-15 12:02:00,23451,SQUARE MINI PORTRAIT FRAME,2,1.95,17777,United Kingdom
576508,2011-11-15 12:02:00,23493,VINTAGE DOILY TRAVEL SEWING KIT,3,1.95,17777,United Kingdom
576508,2011-11-15 12:02:00,22150,3 STRIPEY MICE FELTCRAFT,2,1.95,17777,United Kingdom
576508,2011-11-15 12:02:00,23213,STAR WREATH DECORATION WITH BELL,6,1.25,17777,United Kingdom
576508,2011-11-15 12:02:00,23581,JUMBO BAG PAISLEY PARK,2,2.08,17777,United Kingdom
576508,2011-11-15 12:02:00,22411,JUMBO SHOPPER VINTAGE RED PAISLEY,2,2.08,17777,United Kingdom
576508,2011-11-15 12:02:00,21642,ASSORTED TUTTI FRUTTI PEN,6,0.29,17777,United Kingdom
576508,2011-11-15 12:02:00,21811,HANGING HEART WITH BELL,6,0.39,17777,United Kingdom
576508,2011-11-15 12:02:00,22571,ROCKING HORSE RED CHRISTMAS ,6,0.85,17777,United Kingdom
576508,2011-11-15 12:02:00,22340,NOEL GARLAND PAINTED ZINC ,3,0.39,17777,United Kingdom
576508,2011-11-15 12:02:00,23217,LAUREL HEART ANTIQUE SILVER,6,1.25,17777,United Kingdom
576508,2011-11-15 12:02:00,20992,JAZZ HEARTS PURSE NOTEBOOK,2,0.39,17777,United Kingdom
576508,2011-11-15 12:02:00,23301,GARDENERS KNEELING PAD KEEP CALM ,1,1.65,17777,United Kingdom
576508,2011-11-15 12:02:00,22720,SET OF 3 CAKE TINS PANTRY DESIGN ,2,4.95,17777,United Kingdom
576508,2011-11-15 12:02:00,23211,RED ROCKING HORSE HAND PAINTED,6,1.25,17777,United Kingdom
576508,2011-11-15 12:02:00,23210,WHITE ROCKING HORSE HAND PAINTED,6,1.25,17777,United Kingdom
576508,2011-11-15 12:02:00,22339,CHRISTMAS TREE PAINTED ZINC ,2,0.19,17777,United Kingdom
576508,2011-11-15 12:02:00,23481,PEARLISED IVORY HEART SMALL ,3,1.25,17777,United Kingdom
576508,2011-11-15 12:02:00,22154,ANGEL DECORATION 3 BUTTONS ,7,0.42,17777,United Kingdom
576508,2011-11-15 12:02:00,23490,T-LIGHT HOLDER HANGING LOVE BIRD,3,3.75,17777,United Kingdom
576508,2011-11-15 12:02:00,23348,CHILDRENS TOY COOKING UTENSIL SET,2,2.08,17777,United Kingdom
576508,2011-11-15 12:02:00,22296,HEART IVORY TRELLIS LARGE,2,1.65,17777,United Kingdom
576508,2011-11-15 12:02:00,22297,HEART IVORY TRELLIS SMALL,4,1.25,17777,United Kingdom
576508,2011-11-15 12:02:00,21810,CHRISTMAS HANGING STAR WITH BELL,6,0.39,17777,United Kingdom
576508,2011-11-15 12:02:00,21430,SET/3 RED GINGHAM ROSE STORAGE BOX,1,3.75,17777,United Kingdom
576508,2011-11-15 12:02:00,23148,MINIATURE ANTIQUE ROSE HOOK IVORY,2,0.83,17777,United Kingdom
576508,2011-11-15 12:02:00,23219,LAUREL STAR ANTIQUE SILVER ,3,1.25,17777,United Kingdom
576508,2011-11-15 12:02:00,21818,GLITTER HEART DECORATION,4,0.39,17777,United Kingdom
576508,2011-11-15 12:02:00,23221,REINDEER HEART DECORATION SILVER,3,0.83,17777,United Kingdom
576508,2011-11-15 12:02:00,21823,PAINTED METAL HEART WITH HOLLY BELL,1,0.39,17777,United Kingdom
576508,2011-11-15 12:02:00,21824,PAINTED METAL STAR WITH HOLLY BELLS,1,0.39,17777,United Kingdom
576508,2011-11-15 12:02:00,22131,FOOD CONTAINER SET 3 LOVE HEART ,2,1.95,17777,United Kingdom
576508,2011-11-15 12:02:00,22227,HANGING HEART MIRROR DECORATION ,4,0.65,17777,United Kingdom
576508,2011-11-15 12:02:00,21819,GLITTER CHRISTMAS STAR ,4,0.39,17777,United Kingdom
576508,2011-11-15 12:02:00,22209,WOOD STAMP SET HAPPY BIRTHDAY,1,0.83,17777,United Kingdom
576508,2011-11-15 12:02:00,22212,FOUR HOOK  WHITE LOVEBIRDS,2,2.1,17777,United Kingdom
576508,2011-11-15 12:02:00,22210,WOOD STAMP SET BEST WISHES,1,0.83,17777,United Kingdom
576508,2011-11-15 12:02:00,22208,WOOD STAMP SET THANK YOU,1,0.83,17777,United Kingdom
576508,2011-11-15 12:02:00,85061W,WHITE JEWELLED HEART DECORATION,4,0.85,17777,United Kingdom
576508,2011-11-15 12:02:00,22211,WOOD STAMP SET FLOWERS,1,0.83,17777,United Kingdom
576592,2011-11-15 14:47:00,22421,LIPSTICK PEN FUSCHIA,5,0.42,13614,United Kingdom
576592,2011-11-15 14:47:00,22419,LIPSTICK PEN RED,1,0.42,13614,United Kingdom
576592,2011-11-15 14:47:00,20992,JAZZ HEARTS PURSE NOTEBOOK,7,0.39,13614,United Kingdom
576592,2011-11-15 14:47:00,21868,POTTING SHED TEA MUG,12,1.65,13614,United Kingdom
576592,2011-11-15 14:47:00,21401,BLUE PUDDING SPOON,2,0.12,13614,United Kingdom
576592,2011-11-15 14:47:00,23309,SET OF 60 I LOVE LONDON CAKE CASES ,6,0.55,13614,United Kingdom
576592,2011-11-15 14:47:00,23511,EMBROIDERED RIBBON REEL EMILY ,1,2.08,13614,United Kingdom
576592,2011-11-15 14:47:00,84991,60 TEATIME FAIRY CAKE CASES,6,0.55,13614,United Kingdom
576592,2011-11-15 14:47:00,20996,JAZZ HEARTS ADDRESS BOOK,6,0.19,13614,United Kingdom
576592,2011-11-15 14:47:00,23367,SET 12 COLOUR PENCILS SPACEBOY ,2,0.65,13614,United Kingdom
576592,2011-11-15 14:47:00,23301,GARDENERS KNEELING PAD KEEP CALM ,2,1.65,13614,United Kingdom
576592,2011-11-15 14:47:00,23365,SET 12 COLOUR PENCILS LOVE LONDON,2,0.65,13614,United Kingdom
576592,2011-11-15 14:47:00,22211,WOOD STAMP SET FLOWERS,2,0.83,13614,United Kingdom
576592,2011-11-15 14:47:00,22210,WOOD STAMP SET BEST WISHES,1,0.83,13614,United Kingdom
576592,2011-11-15 14:47:00,21533,RETROSPOT LARGE MILK JUG,1,4.95,13614,United Kingdom
576592,2011-11-15 14:47:00,20914,SET/5 RED RETROSPOT LID GLASS BOWLS,7,2.95,13614,United Kingdom
576592,2011-11-15 14:47:00,21535,RED RETROSPOT SMALL MILK JUG,3,2.55,13614,United Kingdom
576592,2011-11-15 14:47:00,21531,RED RETROSPOT SUGAR JAM BOWL,3,2.55,13614,United Kingdom
576592,2011-11-15 14:47:00,22070,SMALL RED RETROSPOT MUG IN BOX ,1,3.75,13614,United Kingdom
576592,2011-11-15 14:47:00,84989A,75 GREEN FAIRY CAKE CASES,3,0.55,13614,United Kingdom
576592,2011-11-15 14:47:00,23368,SET 12 COLOUR PENCILS DOLLY GIRL ,2,0.65,13614,United Kingdom
576592,2011-11-15 14:47:00,20733,GOLD MINI TAPE MEASURE ,1,0.85,13614,United Kingdom
576592,2011-11-15 14:47:00,22423,REGENCY CAKESTAND 3 TIER,1,12.75,13614,United Kingdom
576592,2011-11-15 14:47:00,21975,PACK OF 60 DINOSAUR CAKE CASES,1,0.55,13614,United Kingdom
576592,2011-11-15 14:47:00,21530,DAIRY MAID TOASTRACK,3,0.79,13614,United Kingdom
576592,2011-11-15 14:47:00,23284,DOORMAT KEEP CALM AND COME IN,2,8.25,13614,United Kingdom
576592,2011-11-15 14:47:00,22743,MAKE YOUR OWN FLOWERPOWER CARD KIT,3,2.95,13614,United Kingdom
576592,2011-11-15 14:47:00,47566,PARTY BUNTING,1,4.95,13614,United Kingdom
576592,2011-11-15 14:47:00,22633,HAND WARMER UNION JACK,1,2.1,13614,United Kingdom
576592,2011-11-15 14:47:00,23439,HAND WARMER RED LOVE HEART,1,2.1,13614,United Kingdom
576592,2011-11-15 14:47:00,22632,HAND WARMER RED RETROSPOT,1,2.1,13614,United Kingdom
576592,2011-11-15 14:47:00,22637,PIGGY BANK RETROSPOT ,1,2.55,13614,United Kingdom
576592,2011-11-15 14:47:00,21888,BINGO SET,1,3.75,13614,United Kingdom
576592,2011-11-15 14:47:00,21215,IVORY PAPER CUP CAKE CASES ,3,0.55,13614,United Kingdom
576592,2011-11-15 14:47:00,22623,BOX OF VINTAGE JIGSAW BLOCKS ,2,5.95,13614,United Kingdom
576592,2011-11-15 14:47:00,23320,GIANT 50'S CHRISTMAS CRACKER,2,2.89,13614,United Kingdom
576592,2011-11-15 14:47:00,22910,PAPER CHAIN KIT VINTAGE CHRISTMAS,2,2.95,13614,United Kingdom
576592,2011-11-15 14:47:00,22904,CALENDAR PAPER CUT DESIGN,2,2.95,13614,United Kingdom
576592,2011-11-15 14:47:00,22723,SET OF 6 HERB TINS SKETCHBOOK,1,3.95,13614,United Kingdom
576592,2011-11-15 14:47:00,21949,SET OF 6 STRAWBERRY CHOPSTICKS,1,1.25,13614,United Kingdom
576592,2011-11-15 14:47:00,21906,PHARMACIE FIRST AID TIN,2,6.75,13614,United Kingdom
576592,2011-11-15 14:47:00,21915,RED  HARMONICA IN BOX ,1,1.25,13614,United Kingdom
576592,2011-11-15 14:47:00,21977,PACK OF 60 PINK PAISLEY CAKE CASES,4,0.55,13614,United Kingdom
576592,2011-11-15 14:47:00,20616,CHERRY BLOSSOM PASSPORT COVER,1,0.75,13614,United Kingdom
576592,2011-11-15 14:47:00,23342,MINT DINER WALL CLOCK,1,8.5,13614,United Kingdom
576592,2011-11-15 14:47:00,21533,RETROSPOT LARGE MILK JUG,1,4.95,13614,United Kingdom
576592,2011-11-15 14:47:00,21402,RED  EGG  SPOON,2,0.12,13614,United Kingdom
576592,2011-11-15 14:47:00,85032A,ROMANTIC IMAGES GIFT WRAP SET,3,0.65,13614,United Kingdom
576592,2011-11-15 14:47:00,23493,VINTAGE DOILY TRAVEL SEWING KIT,9,1.95,13614,United Kingdom
576592,2011-11-15 14:47:00,22865,HAND WARMER OWL DESIGN,1,2.1,13614,United Kingdom
576592,2011-11-15 14:47:00,23479,WIRE EGG BASKET ,1,7.85,13614,United Kingdom
576592,2011-11-15 14:47:00,22952,60 CAKE CASES VINTAGE CHRISTMAS,6,0.55,13614,United Kingdom
576592,2011-11-15 14:47:00,23350,ROLL WRAP VINTAGE SPOT ,1,1.25,13614,United Kingdom
576592,2011-11-15 14:47:00,85159A,"BLACK TEA,COFFEE,SUGAR JARS",4,1.95,13614,United Kingdom
576592,2011-11-15 14:47:00,23598,PAPER BUNTING VINTAGE PARTY,7,2.95,13614,United Kingdom
576592,2011-11-15 14:47:00,23597,PAPER BUNTING PAISLEY PARK,2,2.95,13614,United Kingdom
576592,2011-11-15 14:47:00,23571,TRADITIONAL NAUGHTS & CROSSES,6,1.65,13614,United Kingdom
576592,2011-11-15 14:47:00,22993,SET OF 4 PANTRY JELLY MOULDS,2,1.25,13614,United Kingdom
576592,2011-11-15 14:47:00,72817,SET OF 2 CHRISTMAS DECOUPAGE CANDLE,10,0.79,13614,United Kingdom
576592,2011-11-15 14:47:00,23497,CLASSIC CHROME BICYCLE BELL ,12,1.45,13614,United Kingdom
576592,2011-11-15 14:47:00,47593B,SCOTTIE DOGS BABY BIB,2,0.39,13614,United Kingdom
576592,2011-11-15 14:47:00,22367,CHILDRENS APRON SPACEBOY DESIGN,2,1.95,13614,United Kingdom
576592,2011-11-15 14:47:00,21156,RETROSPOT CHILDRENS APRON,2,1.95,13614,United Kingdom
576592,2011-11-15 14:47:00,23184,BULL DOG BOTTLE OPENER,1,4.95,13614,United Kingdom
576592,2011-11-15 14:47:00,22966,GINGERBREAD MAN COOKIE CUTTER,2,1.25,13614,United Kingdom
576592,2011-11-15 14:47:00,23320,GIANT 50'S CHRISTMAS CRACKER,4,2.89,13614,United Kingdom
576592,2011-11-15 14:47:00,23183,MOTHER'S KITCHEN SPOON REST ,2,3.75,13614,United Kingdom
576592,2011-11-15 14:47:00,85032C,CURIOUS IMAGES GIFT WRAP SET,3,0.65,13614,United Kingdom
576592,2011-11-15 14:47:00,47591D,PINK FAIRY CAKE CHILDRENS APRON,2,1.95,13614,United Kingdom
576592,2011-11-15 14:47:00,84378,SET OF 3 HEART COOKIE CUTTERS,3,1.45,13614,United Kingdom
576592,2011-11-15 14:47:00,23570,TRADITIONAL PICK UP STICKS GAME ,3,1.25,13614,United Kingdom
576592,2011-11-15 14:47:00,84880,WHITE WIRE EGG HOLDER,2,7.5,13614,United Kingdom
576592,2011-11-15 14:47:00,22627,MINT KITCHEN SCALES,1,8.5,13614,United Kingdom
576592,2011-11-15 14:47:00,22723,SET OF 6 HERB TINS SKETCHBOOK,1,3.95,13614,United Kingdom
576592,2011-11-15 14:47:00,84375,SET OF 20 KIDS COOKIE CUTTERS,2,2.1,13614,United Kingdom
576592,2011-11-15 14:47:00,22349,DOG BOWL CHASING BALL DESIGN,2,3.75,13614,United Kingdom
576592,2011-11-15 14:47:00,22795,SWEETHEART RECIPE BOOK STAND,2,6.75,13614,United Kingdom
576592,2011-11-15 14:47:00,22722,SET OF 6 SPICE TINS PANTRY DESIGN,3,3.95,13614,United Kingdom
576592,2011-11-15 14:47:00,71406C,BLACK ORANGE SQUEEZER,6,0.42,13614,United Kingdom
576592,2011-11-15 14:47:00,22097,SWALLOW SQUARE TISSUE BOX,2,0.39,13614,United Kingdom
576592,2011-11-15 14:47:00,21328,BALLOONS  WRITING SET ,3,1.65,13614,United Kingdom
576592,2011-11-15 14:47:00,21169,YOU'RE CONFUSING ME METAL SIGN ,4,1.69,13614,United Kingdom
576592,2011-11-15 14:47:00,21905,MORE BUTTER METAL SIGN ,2,0.79,13614,United Kingdom
576592,2011-11-15 14:47:00,23295,SET OF 12 MINI LOAF BAKING CASES,2,0.83,13614,United Kingdom
576592,2011-11-15 14:47:00,84509B,SET OF 4 FAIRY CAKE PLACEMATS,1,3.75,13614,United Kingdom
576592,2011-11-15 14:47:00,22720,SET OF 3 CAKE TINS PANTRY DESIGN ,3,4.95,13614,United Kingdom
576592,2011-11-15 14:47:00,84509G,SET OF 4 FAIRY CAKE PLACEMATS ,1,3.75,13614,United Kingdom
576592,2011-11-15 14:47:00,22139,RETROSPOT TEA SET CERAMIC 11 PC ,1,4.95,13614,United Kingdom
576592,2011-11-15 14:47:00,47580,TEA TIME DES TEA COSY,2,2.55,13614,United Kingdom
576592,2011-11-15 14:47:00,20751,FUNKY WASHING UP GLOVES ASSORTED,2,2.1,13614,United Kingdom
576592,2011-11-15 14:47:00,21200,MULTICOLOUR HONEYCOMB PAPER GARLAND,2,1.65,13614,United Kingdom
576592,2011-11-15 14:47:00,47567B,TEA TIME KITCHEN APRON,2,5.95,13614,United Kingdom
576592,2011-11-15 14:47:00,21896,POTTING SHED TWINE,2,2.1,13614,United Kingdom
576592,2011-11-15 14:47:00,21991,BOHEMIAN COLLAGE STATIONERY SET,1,1.25,13614,United Kingdom
576836,2011-11-16 15:14:00,22798,ANTIQUE GLASS DRESSING TABLE POT,8,2.95,16191,United Kingdom
576836,2011-11-16 15:14:00,23263,SET OF 3 WOODEN HEART DECORATIONS,60,1.25,16191,United Kingdom
576836,2011-11-16 15:14:00,23275,SET OF 3 HANGING OWLS OLLIE BEAK,60,1.25,16191,United Kingdom
576836,2011-11-16 15:14:00,22952,60 CAKE CASES VINTAGE CHRISTMAS,72,0.55,16191,United Kingdom
576836,2011-11-16 15:14:00,23568,EGG CUP HENRIETTA HEN CREAM ,36,1.25,16191,United Kingdom
576836,2011-11-16 15:14:00,22983,CARD BILLBOARD FONT,24,0.42,16191,United Kingdom
576836,2011-11-16 15:14:00,22726,ALARM CLOCK BAKELIKE GREEN,6,3.75,16191,United Kingdom
576836,2011-11-16 15:14:00,23341,PINK DINER WALL CLOCK,2,8.5,16191,United Kingdom
576836,2011-11-16 15:14:00,22248,DECORATION  PINK CHICK MAGIC GARDEN,16,0.85,16191,United Kingdom
576836,2011-11-16 15:14:00,23342,MINT DINER WALL CLOCK,6,8.5,16191,United Kingdom
576836,2011-11-16 15:14:00,22192,BLUE DINER WALL CLOCK,2,8.5,16191,United Kingdom
576836,2011-11-16 15:14:00,23567,EGG CUP HENRIETTA HEN PINK,12,1.25,16191,United Kingdom
576836,2011-11-16 15:14:00,22086,PAPER CHAIN KIT 50'S CHRISTMAS ,12,2.95,16191,United Kingdom
576836,2011-11-16 15:14:00,22728,ALARM CLOCK BAKELIKE PINK,6,3.75,16191,United Kingdom
577530,2011-11-20 13:48:00,23460,SWEETHEART WALL TIDY ,2,9.95,14950,United Kingdom
577530,2011-11-20 13:48:00,22766,PHOTO FRAME CORNICE,8,2.95,14950,United Kingdom
577530,2011-11-20 13:48:00,21175,GIN + TONIC DIET METAL SIGN,12,2.55,14950,United Kingdom
577530,2011-11-20 13:48:00,22767,TRIPLE PHOTO FRAME CORNICE ,2,9.95,14950,United Kingdom
577530,2011-11-20 13:48:00,22171,3 HOOK PHOTO SHELF ANTIQUE WHITE,2,8.5,14950,United Kingdom
577530,2011-11-20 13:48:00,22578,WOODEN STAR CHRISTMAS SCANDINAVIAN,24,0.29,14950,United Kingdom
577530,2011-11-20 13:48:00,22768,FAMILY PHOTO FRAME CORNICE,2,9.95,14950,United Kingdom
577530,2011-11-20 13:48:00,21770,OPEN CLOSED METAL SIGN,2,4.95,14950,United Kingdom
577530,2011-11-20 13:48:00,22577,WOODEN HEART CHRISTMAS SCANDINAVIAN,24,0.29,14950,United Kingdom
577530,2011-11-20 13:48:00,35970,ZINC FOLKART SLEIGH BELLS,12,1.69,14950,United Kingdom
577530,2011-11-20 13:48:00,85123A,WHITE HANGING HEART T-LIGHT HOLDER,12,2.95,14950,United Kingdom
577530,2011-11-20 13:48:00,23075,PARLOUR CERAMIC WALL HOOK,12,4.15,14950,United Kingdom
577530,2011-11-20 13:48:00,22726,ALARM CLOCK BAKELIKE GREEN,4,3.75,14950,United Kingdom
577530,2011-11-20 13:48:00,22730,ALARM CLOCK BAKELIKE IVORY,4,3.75,14950,United Kingdom
577530,2011-11-20 13:48:00,22728,ALARM CLOCK BAKELIKE PINK,4,3.75,14950,United Kingdom
577530,2011-11-20 13:48:00,22727,ALARM CLOCK BAKELIKE RED ,4,3.75,14950,United Kingdom
577530,2011-11-20 13:48:00,23342,MINT DINER WALL CLOCK,2,8.5,14950,United Kingdom
577530,2011-11-20 13:48:00,23341,PINK DINER WALL CLOCK,2,8.5,14950,United Kingdom
577530,2011-11-20 13:48:00,22193,RED DINER WALL CLOCK,2,8.5,14950,United Kingdom
577556,2011-11-20 15:36:00,37495,FAIRY CAKE BIRTHDAY CANDLE SET,4,3.75,13832,United Kingdom
577556,2011-11-20 15:36:00,22645,CERAMIC HEART FAIRY CAKE MONEY BANK,12,1.45,13832,United Kingdom
577556,2011-11-20 15:36:00,23301,GARDENERS KNEELING PAD KEEP CALM ,12,1.65,13832,United Kingdom
577771,2011-11-21 15:42:00,23199,JUMBO BAG APPLES,10,2.08,16168,United Kingdom
577771,2011-11-21 15:42:00,23200,JUMBO BAG PEARS,10,2.08,16168,United Kingdom
577790,2011-11-21 16:35:00,23029,DRAWER KNOB CRACKLE GLAZE GREEN,6,1.65,14198,United Kingdom
577790,2011-11-21 16:35:00,84968A,SET OF 16 VINTAGE ROSE CUTLERY,1,12.75,14198,United Kingdom
577790,2011-11-21 16:35:00,23240,SET OF 4 KNICK KNACK TINS DOILY ,6,4.15,14198,United Kingdom
577790,2011-11-21 16:35:00,22802,FAUX FUR CHOCOLATE THROW,1,19.95,14198,United Kingdom
577790,2011-11-21 16:35:00,23035,DRAWER KNOB CERAMIC IVORY,6,1.45,14198,United Kingdom
577790,2011-11-21 16:35:00,23175,REGENCY MILK JUG PINK ,4,3.25,14198,United Kingdom
577790,2011-11-21 16:35:00,20802,SMALL GLASS SUNDAE DISH CLEAR,6,1.65,14198,United Kingdom
577790,2011-11-21 16:35:00,82486,3 DRAWER ANTIQUE WHITE WOOD CABINET,4,8.95,14198,United Kingdom
577790,2011-11-21 16:35:00,82483,WOOD 2 DRAWER CABINET WHITE FINISH,4,6.95,14198,United Kingdom
577790,2011-11-21 16:35:00,23031,DRAWER KNOB CRACKLE GLAZE PINK,6,1.65,14198,United Kingdom
578103,2011-11-23 08:42:00,22695,WICKER WREATH SMALL,12,1.45,17554,United Kingdom
578103,2011-11-23 08:42:00,84946,ANTIQUE SILVER T-LIGHT GLASS,72,1.06,17554,United Kingdom
578103,2011-11-23 08:42:00,23087,ZINC  HEART T-LIGHT HOLDER,16,1.25,17554,United Kingdom
578103,2011-11-23 08:42:00,22726,ALARM CLOCK BAKELIKE GREEN,12,3.75,17554,United Kingdom
578103,2011-11-23 08:42:00,22725,ALARM CLOCK BAKELIKE CHOCOLATE,4,3.75,17554,United Kingdom
578103,2011-11-23 08:42:00,22727,ALARM CLOCK BAKELIKE RED ,4,3.75,17554,United Kingdom
578103,2011-11-23 08:42:00,23322,LARGE WHITE HEART OF WICKER,6,2.95,17554,United Kingdom
578103,2011-11-23 08:42:00,22470,HEART OF WICKER LARGE,6,2.95,17554,United Kingdom
578103,2011-11-23 08:42:00,22693,GROW A FLYTRAP OR SUNFLOWER IN TIN,24,1.25,17554,United Kingdom
578154,2011-11-23 11:30:00,20728,LUNCH BAG CARS BLUE,1,1.65,15117,United Kingdom
578174,2011-11-23 11:37:00,23534,WALL ART STOP FOR TEA ,3,5.95,13576,United Kingdom
578174,2011-11-23 11:37:00,21790,VINTAGE SNAP CARDS,12,0.85,13576,United Kingdom
578174,2011-11-23 11:37:00,72127,COLUMBIAN CANDLE ROUND ,10,1.06,13576,United Kingdom
578174,2011-11-23 11:37:00,23541,WALL ART CLASSIC PUDDINGS ,2,8.25,13576,United Kingdom
578174,2011-11-23 11:37:00,22810,SET OF 6 T-LIGHTS SNOWMEN,6,2.95,13576,United Kingdom
578174,2011-11-23 11:37:00,21810,CHRISTMAS HANGING STAR WITH BELL,48,0.39,13576,United Kingdom
578174,2011-11-23 11:37:00,22946,WOODEN ADVENT CALENDAR CREAM,2,16.95,13576,United Kingdom
578174,2011-11-23 11:37:00,35967,FOLK ART METAL STAR T-LIGHT HOLDER,12,0.38,13576,United Kingdom
578174,2011-11-23 11:37:00,22947,WOODEN ADVENT CALENDAR RED,6,7.95,13576,United Kingdom
578174,2011-11-23 11:37:00,23535,WALL ART BICYCLE SAFETY,4,5.95,13576,United Kingdom
578174,2011-11-23 11:37:00,22809,SET OF 6 T-LIGHTS SANTA,6,2.95,13576,United Kingdom
578196,2011-11-23 11:43:00,85048,15CM CHRISTMAS GLASS BALL 20 LIGHTS,12,6.95,16168,United Kingdom
578533,2011-11-24 14:42:00,72349B,SET/6 PURPLE BUTTERFLY T-LIGHTS,12,2.1,17767,United Kingdom
578533,2011-11-24 14:42:00,23103,JINGLE BELL HEART DECORATION,10,1.65,17767,United Kingdom
578533,2011-11-24 14:42:00,21464,DISCO BALL ROTATOR BATTERY OPERATED,4,4.25,17767,United Kingdom
578533,2011-11-24 14:42:00,20828,GLITTER BUTTERFLY CLIPS,6,2.55,17767,United Kingdom
578533,2011-11-24 14:42:00,85034C,3 ROSE MORRIS BOXED CANDLES,12,1.25,17767,United Kingdom
578533,2011-11-24 14:42:00,85034B,3 WHITE CHOC MORRIS BOXED CANDLES,12,1.25,17767,United Kingdom
578533,2011-11-24 14:42:00,20829,GLITTER HANGING BUTTERFLY STRING,6,2.1,17767,United Kingdom
578533,2011-11-24 14:42:00,23321,SMALL WHITE HEART OF WICKER,8,1.65,17767,United Kingdom
578533,2011-11-24 14:42:00,85123A,WHITE HANGING HEART T-LIGHT HOLDER,4,2.95,17767,United Kingdom
578533,2011-11-24 14:42:00,21733,RED HANGING HEART T-LIGHT HOLDER,2,2.95,17767,United Kingdom
578533,2011-11-24 14:42:00,22154,ANGEL DECORATION 3 BUTTONS ,10,0.42,17767,United Kingdom
578533,2011-11-24 14:42:00,23491,VINTAGE JINGLE BELLS HEART,1,8.25,17767,United Kingdom
578533,2011-11-24 14:42:00,21494,ROTATING LEAVES T-LIGHT HOLDER,6,1.25,17767,United Kingdom
578533,2011-11-24 14:42:00,21820,GLITTER HEART GARLAND WITH BELLS ,6,3.75,17767,United Kingdom
578533,2011-11-24 14:42:00,21821,GLITTER STAR GARLAND WITH BELLS ,6,3.75,17767,United Kingdom
578533,2011-11-24 14:42:00,22306,SILVER MUG BONE CHINA TREE OF LIFE,6,1.06,17767,United Kingdom
578533,2011-11-24 14:42:00,23082,SET 6 PAPER TABLE LANTERN HEARTS ,1,3.75,17767,United Kingdom
578533,2011-11-24 14:42:00,23102,SILVER HEARTS TABLE DECORATION,6,0.83,17767,United Kingdom
578533,2011-11-24 14:42:00,23067,HANGING ENGRAVED METAL HEART,2,4.15,17767,United Kingdom
578533,2011-11-24 14:42:00,21463,MIRRORED DISCO BALL ,4,5.95,17767,United Kingdom
578533,2011-11-24 14:42:00,23489,VINTAGE BELLS GARLAND,4,2.89,17767,United Kingdom
578679,2011-11-25 08:12:00,22749,FELTCRAFT PRINCESS CHARLOTTE DOLL,6,3.75,15117,United Kingdom
578679,2011-11-25 08:12:00,22750,FELTCRAFT PRINCESS LOLA DOLL,6,3.75,15117,United Kingdom
578679,2011-11-25 08:12:00,22113,GREY HEART HOT WATER BOTTLE,4,4.25,15117,United Kingdom
578679,2011-11-25 08:12:00,22273,FELTCRAFT DOLL MOLLY,12,2.95,15117,United Kingdom
578679,2011-11-25 08:12:00,22150,3 STRIPEY MICE FELTCRAFT,6,1.95,15117,United Kingdom
578679,2011-11-25 08:12:00,16014,SMALL CHINESE STYLE SCISSOR,500,0.32,15117,United Kingdom
578679,2011-11-25 08:12:00,22633,HAND WARMER UNION JACK,12,2.1,15117,United Kingdom
578679,2011-11-25 08:12:00,20725,LUNCH BAG RED RETROSPOT,10,1.65,15117,United Kingdom
578679,2011-11-25 08:12:00,22414,DOORMAT NEIGHBOURHOOD WITCH ,2,8.25,15117,United Kingdom
578679,2011-11-25 08:12:00,85099C,JUMBO  BAG BAROQUE BLACK WHITE,10,2.08,15117,United Kingdom
578688,2011-11-25 09:27:00,20829,GLITTER HANGING BUTTERFLY STRING,3,2.1,16719,United Kingdom
578688,2011-11-25 09:27:00,22942,CHRISTMAS LIGHTS 10 SANTAS ,1,8.5,16719,United Kingdom
578688,2011-11-25 09:27:00,23333,IVORY WICKER HEART MEDIUM,4,1.25,16719,United Kingdom
578688,2011-11-25 09:27:00,23332,IVORY WICKER HEART LARGE,5,1.65,16719,United Kingdom
578688,2011-11-25 09:27:00,20769,DAISY JOURNAL ,2,2.55,16719,United Kingdom
578688,2011-11-25 09:27:00,20765,CHRYSANTHEMUM SKETCHBOOK ,1,3.75,16719,United Kingdom
578688,2011-11-25 09:27:00,22727,ALARM CLOCK BAKELIKE RED ,2,3.75,16719,United Kingdom
578688,2011-11-25 09:27:00,22726,ALARM CLOCK BAKELIKE GREEN,1,3.75,16719,United Kingdom
578688,2011-11-25 09:27:00,79321,CHILLI LIGHTS,2,5.75,16719,United Kingdom
578688,2011-11-25 09:27:00,23079,TOADSTOOL BEDSIDE LIGHT ,1,8.95,16719,United Kingdom
578688,2011-11-25 09:27:00,22199,FRYING PAN RED RETROSPOT,2,4.25,16719,United Kingdom
578688,2011-11-25 09:27:00,22939,ADULT APRON APPLE DELIGHT,1,4.95,16719,United Kingdom
578688,2011-11-25 09:27:00,23471,SIX DRAWER OFFICE TIDY,1,9.95,16719,United Kingdom
578688,2011-11-25 09:27:00,23472, NINE DRAWER OFFICE TIDY,1,14.95,16719,United Kingdom
578688,2011-11-25 09:27:00,37413,ICON MUG REVOLUTIONARY,12,0.39,16719,United Kingdom
578688,2011-11-25 09:27:00,82483,WOOD 2 DRAWER CABINET WHITE FINISH,2,6.95,16719,United Kingdom
578688,2011-11-25 09:27:00,84360,TABLE LAMP WHITE SHADE WOOD BASE,1,5.95,16719,United Kingdom
578688,2011-11-25 09:27:00,22959,WRAP CHRISTMAS VILLAGE,25,0.42,16719,United Kingdom
578688,2011-11-25 09:27:00,16169E,WRAP 50'S  CHRISTMAS,25,0.42,16719,United Kingdom
578688,2011-11-25 09:27:00,20828,GLITTER BUTTERFLY CLIPS,3,2.55,16719,United Kingdom
578688,2011-11-25 09:27:00,85123A,WHITE HANGING HEART T-LIGHT HOLDER,1,2.95,16719,United Kingdom
578688,2011-11-25 09:27:00,23232,WRAP VINTAGE LEAF DESIGN,25,0.42,16719,United Kingdom
578688,2011-11-25 09:27:00,22704,WRAP RED APPLES ,25,0.42,16719,United Kingdom
578688,2011-11-25 09:27:00,84030E,ENGLISH ROSE HOT WATER BOTTLE,2,4.25,16719,United Kingdom
578688,2011-11-25 09:27:00,17003,BROCADE RING PURSE ,36,0.39,16719,United Kingdom
578688,2011-11-25 09:27:00,23323,WHITE WICKER STAR ,1,2.1,16719,United Kingdom
578688,2011-11-25 09:27:00,22891,TEA FOR ONE POLKADOT,1,4.25,16719,United Kingdom
578688,2011-11-25 09:27:00,22139,RETROSPOT TEA SET CERAMIC 11 PC ,1,4.95,16719,United Kingdom
578688,2011-11-25 09:27:00,22686,FRENCH BLUE METAL DOOR SIGN No,1,1.25,16719,United Kingdom
578688,2011-11-25 09:27:00,21497,FANCY FONTS BIRTHDAY WRAP,25,0.42,16719,United Kingdom
578688,2011-11-25 09:27:00,22679,FRENCH BLUE METAL DOOR SIGN 4,1,1.25,16719,United Kingdom
578688,2011-11-25 09:27:00,22684,FRENCH BLUE METAL DOOR SIGN 9,1,1.25,16719,United Kingdom
578688,2011-11-25 09:27:00,22679,FRENCH BLUE METAL DOOR SIGN 4,1,1.25,16719,United Kingdom
578688,2011-11-25 09:27:00,22865,HAND WARMER OWL DESIGN,3,2.1,16719,United Kingdom
578688,2011-11-25 09:27:00,22632,HAND WARMER RED RETROSPOT,4,2.1,16719,United Kingdom
578688,2011-11-25 09:27:00,22939,ADULT APRON APPLE DELIGHT,1,4.95,16719,United Kingdom
578688,2011-11-25 09:27:00,85123A,WHITE HANGING HEART T-LIGHT HOLDER,2,2.95,16719,United Kingdom
578688,2011-11-25 09:27:00,22179,SET 10 NIGHT OWL LIGHTS,3,6.75,16719,United Kingdom
578688,2011-11-25 09:27:00,23323,WHITE WICKER STAR ,5,2.1,16719,United Kingdom
578688,2011-11-25 09:27:00,23322,LARGE WHITE HEART OF WICKER,1,2.95,16719,United Kingdom
579005,2011-11-28 09:08:00,71477,COLOURED GLASS STAR T-LIGHT HOLDER,48,3.29,16191,United Kingdom
579005,2011-11-28 09:08:00,22178,VICTORIAN GLASS HANGING T-LIGHT,96,1.65,16191,United Kingdom
579005,2011-11-28 09:08:00,23275,SET OF 3 HANGING OWLS OLLIE BEAK,60,1.25,16191,United Kingdom
579410,2011-11-29 12:45:00,21174,POTTERING IN THE SHED METAL SIGN,12,2.08,16168,United Kingdom
579410,2011-11-29 12:45:00,21868,POTTING SHED TEA MUG,12,1.65,16168,United Kingdom
579410,2011-11-29 12:45:00,21876,POTTERING MUG,12,1.65,16168,United Kingdom
579495,2011-11-29 15:34:00,21137,BLACK RECORD COVER FRAME,72,3.39,13576,United Kingdom
579495,2011-11-29 15:34:00,35598B,BLACK CHRISTMAS TREE 60CM,24,0.65,13576,United Kingdom
579495,2011-11-29 15:34:00,35599B,BLACK CHRISTMAS TREE 120CM,6,1.95,13576,United Kingdom
579495,2011-11-29 15:34:00,22577,WOODEN HEART CHRISTMAS SCANDINAVIAN,24,0.29,13576,United Kingdom
579495,2011-11-29 15:34:00,22578,WOODEN STAR CHRISTMAS SCANDINAVIAN,24,0.29,13576,United Kingdom
579495,2011-11-29 15:34:00,20828,GLITTER BUTTERFLY CLIPS,6,2.55,13576,United Kingdom
579495,2011-11-29 15:34:00,82580,BATHROOM METAL SIGN,12,0.55,13576,United Kingdom
579495,2011-11-29 15:34:00,21165,BEWARE OF THE CAT METAL SIGN ,12,1.69,13576,United Kingdom
579534,2011-11-30 09:33:00,84978,HANGING HEART JAR T-LIGHT HOLDER,36,1.06,13784,United Kingdom
579854,2011-11-30 16:26:00,23355,HOT WATER BOTTLE KEEP CALM,6,4.95,14713,United Kingdom
579854,2011-11-30 16:26:00,23199,JUMBO BAG APPLES,2,2.08,14713,United Kingdom
579854,2011-11-30 16:26:00,23202,JUMBO BAG VINTAGE LEAF,2,2.08,14713,United Kingdom
579854,2011-11-30 16:26:00,22113,GREY HEART HOT WATER BOTTLE,4,4.25,14713,United Kingdom
579854,2011-11-30 16:26:00,23300,GARDENERS KNEELING PAD CUP OF TEA ,12,1.65,14713,United Kingdom
579854,2011-11-30 16:26:00,82484,WOOD BLACK BOARD ANT WHITE FINISH,2,7.95,14713,United Kingdom
579854,2011-11-30 16:26:00,23301,GARDENERS KNEELING PAD KEEP CALM ,12,1.65,14713,United Kingdom
579854,2011-11-30 16:26:00,22086,PAPER CHAIN KIT 50'S CHRISTMAS ,40,2.55,14713,United Kingdom
579854,2011-11-30 16:26:00,22111,SCOTTIE DOG HOT WATER BOTTLE,3,4.95,14713,United Kingdom
579854,2011-11-30 16:26:00,22633,HAND WARMER UNION JACK,4,2.1,14713,United Kingdom
579854,2011-11-30 16:26:00,23504,PLAYING CARDS JUBILEE UNION JACK,4,1.25,14713,United Kingdom
579854,2011-11-30 16:26:00,23502,PLAYING CARDS VINTAGE DOILY ,4,1.25,14713,United Kingdom
579854,2011-11-30 16:26:00,23503,PLAYING CARDS KEEP CALM & CARRY ON,6,1.25,14713,United Kingdom
579854,2011-11-30 16:26:00,21918,SET 12 KIDS COLOUR  CHALK STICKS,12,0.42,14713,United Kingdom
579854,2011-11-30 16:26:00,23499,SET 12 VINTAGE DOILY CHALK ,12,0.42,14713,United Kingdom
579854,2011-11-30 16:26:00,22865,HAND WARMER OWL DESIGN,4,2.1,14713,United Kingdom
580651,2011-12-05 13:32:00,84949,SILVER HANGING T-LIGHT HOLDER,6,1.65,16851,United Kingdom
580651,2011-12-05 13:32:00,22154,ANGEL DECORATION 3 BUTTONS ,48,0.42,16851,United Kingdom
580651,2011-12-05 13:32:00,23298,SPOTTY BUNTING,3,4.95,16851,United Kingdom
580651,2011-12-05 13:32:00,23489,VINTAGE BELLS GARLAND,12,2.89,16851,United Kingdom
580651,2011-12-05 13:32:00,22178,VICTORIAN GLASS HANGING T-LIGHT,6,1.95,16851,United Kingdom
580651,2011-12-05 13:32:00,23452,HEART MINI PORTRAIT FRAME,6,1.95,16851,United Kingdom
580685,2011-12-05 15:16:00,22865,HAND WARMER OWL DESIGN,12,2.1,17676,United Kingdom
580685,2011-12-05 15:16:00,48194,DOORMAT HEARTS,2,8.25,17676,United Kingdom
580685,2011-12-05 15:16:00,84029E,RED WOOLLY HOTTIE WHITE HEART.,4,4.25,17676,United Kingdom
580685,2011-12-05 15:16:00,23209,LUNCH BAG VINTAGE DOILY ,10,1.65,17676,United Kingdom
580685,2011-12-05 15:16:00,23445,ICE CREAM BUBBLES,40,0.83,17676,United Kingdom
580685,2011-12-05 15:16:00,23204,CHARLOTTE BAG APPLES DESIGN,10,0.85,17676,United Kingdom
580685,2011-12-05 15:16:00,22867,HAND WARMER BIRD DESIGN,24,2.1,17676,United Kingdom
580685,2011-12-05 15:16:00,22866,HAND WARMER SCOTTY DOG DESIGN,24,2.1,17676,United Kingdom
580685,2011-12-05 15:16:00,22633,HAND WARMER UNION JACK,12,2.1,17676,United Kingdom
580685,2011-12-05 15:16:00,21877,HOME SWEET HOME MUG,12,1.65,17676,United Kingdom
580685,2011-12-05 15:16:00,23264,SET OF 3 WOODEN SLEIGH DECORATIONS,12,1.25,17676,United Kingdom
580685,2011-12-05 15:16:00,23207,LUNCH BAG ALPHABET DESIGN,10,1.65,17676,United Kingdom
580685,2011-12-05 15:16:00,22923,FRIDGE MAGNETS LES ENFANTS ASSORTED,12,0.85,17676,United Kingdom
580685,2011-12-05 15:16:00,22924,FRIDGE MAGNETS LA VIE EN ROSE,12,0.85,17676,United Kingdom
580685,2011-12-05 15:16:00,23583,LUNCH BAG PAISLEY PARK  ,10,1.65,17676,United Kingdom
580685,2011-12-05 15:16:00,23681,LUNCH BAG RED VINTAGE DOILY,10,1.65,17676,United Kingdom
580737,2011-12-06 09:05:00,22142,CHRISTMAS CRAFT WHITE FAIRY ,12,1.45,14140,United Kingdom
580737,2011-12-06 09:05:00,22086,PAPER CHAIN KIT 50'S CHRISTMAS ,6,2.95,14140,United Kingdom
580737,2011-12-06 09:05:00,22909,SET OF 20 VINTAGE CHRISTMAS NAPKINS,12,0.85,14140,United Kingdom
580737,2011-12-06 09:05:00,20972,PINK CREAM FELT CRAFT TRINKET BOX ,12,1.25,14140,United Kingdom
580737,2011-12-06 09:05:00,22150,3 STRIPEY MICE FELTCRAFT,6,1.95,14140,United Kingdom
580737,2011-12-06 09:05:00,22300,COFFEE MUG DOG + BALL DESIGN,6,2.55,14140,United Kingdom
580737,2011-12-06 09:05:00,22274,FELTCRAFT DOLL EMILY,6,2.95,14140,United Kingdom
580737,2011-12-06 09:05:00,22302,COFFEE MUG PEARS  DESIGN,6,2.55,14140,United Kingdom
580737,2011-12-06 09:05:00,23082,SET 6 PAPER TABLE LANTERN HEARTS ,6,3.75,14140,United Kingdom
580737,2011-12-06 09:05:00,22303,COFFEE MUG APPLES DESIGN,6,2.55,14140,United Kingdom
580737,2011-12-06 09:05:00,22301,COFFEE MUG CAT + BIRD DESIGN,6,2.55,14140,United Kingdom
580737,2011-12-06 09:05:00,20971,PINK BLUE FELT CRAFT TRINKET BOX,12,1.25,14140,United Kingdom
580737,2011-12-06 09:05:00,23480,MINI LIGHTS WOODLAND MUSHROOMS,4,3.75,14140,United Kingdom
580737,2011-12-06 09:05:00,23291,DOLLY GIRL CHILDRENS CUP,8,1.25,14140,United Kingdom
580737,2011-12-06 09:05:00,21314,SMALL GLASS HEART TRINKET POT,8,2.1,14140,United Kingdom
580737,2011-12-06 09:05:00,21731,RED TOADSTOOL LED NIGHT LIGHT,12,1.65,14140,United Kingdom
580737,2011-12-06 09:05:00,23493,VINTAGE DOILY TRAVEL SEWING KIT,10,1.95,14140,United Kingdom
580737,2011-12-06 09:05:00,22951,60 CAKE CASES DOLLY GIRL DESIGN,24,0.55,14140,United Kingdom
580737,2011-12-06 09:05:00,21889,WOODEN BOX OF DOMINOES,12,1.25,14140,United Kingdom
580737,2011-12-06 09:05:00,21703,BAG 125g SWIRLY MARBLES,12,0.42,14140,United Kingdom
580737,2011-12-06 09:05:00,22539,MINI JIGSAW DOLLY GIRL,48,0.19,14140,United Kingdom
580737,2011-12-06 09:05:00,21891,TRADITIONAL WOODEN SKIPPING ROPE,12,1.45,14140,United Kingdom
580737,2011-12-06 09:05:00,22549,PICTURE DOMINOES,12,1.45,14140,United Kingdom
580737,2011-12-06 09:05:00,21914,BLUE HARMONICA IN BOX ,12,1.25,14140,United Kingdom
580737,2011-12-06 09:05:00,22620,4 TRADITIONAL SPINNING TOPS,12,1.45,14140,United Kingdom
580737,2011-12-06 09:05:00,21791,VINTAGE HEADS AND TAILS CARD GAME ,12,1.25,14140,United Kingdom
581068,2011-12-07 11:26:00,23232,WRAP VINTAGE LEAF DESIGN,25,0.42,16191,United Kingdom
581068,2011-12-07 11:26:00,22798,ANTIQUE GLASS DRESSING TABLE POT,12,2.95,16191,United Kingdom
581068,2011-12-07 11:26:00,71477,COLOURED GLASS STAR T-LIGHT HOLDER,24,3.29,16191,United Kingdom
581068,2011-12-07 11:26:00,22952,60 CAKE CASES VINTAGE CHRISTMAS,36,0.55,16191,United Kingdom
581068,2011-12-07 11:26:00,23275,SET OF 3 HANGING OWLS OLLIE BEAK,80,1.25,16191,United Kingdom
581411,2011-12-08 14:15:00,22730,ALARM CLOCK BAKELIKE IVORY,4,3.75,17554,United Kingdom
581411,2011-12-08 14:15:00,22727,ALARM CLOCK BAKELIKE RED ,16,3.75,17554,United Kingdom
581411,2011-12-08 14:15:00,16016,LARGE CHINESE STYLE SCISSOR,10,0.85,17554,United Kingdom
581411,2011-12-08 14:15:00,22725,ALARM CLOCK BAKELIKE CHOCOLATE,16,3.75,17554,United Kingdom
581411,2011-12-08 14:15:00,22726,ALARM CLOCK BAKELIKE GREEN,20,3.75,17554,United Kingdom
581411,2011-12-08 14:15:00,23188,VINTAGE  2 METRE FOLDING RULER,12,1.65,17554,United Kingdom
581428,2011-12-08 15:37:00,23234,BISCUIT TIN VINTAGE CHRISTMAS,6,2.89,13404,United Kingdom
581428,2011-12-08 15:37:00,23247,BISCUIT TIN 50'S CHRISTMAS,6,2.89,13404,United Kingdom
