engagement,tenure,campaign,value
-0.3251419871468946,22.38710227564963,1,110.23366709177166
-0.6535918650700386,29.37765104440414,1,134.22768109441452
-0.36232630608130156,20.422203867936382,0,106.010556241238
-1.3031196437277046,20.112612293197138,0,94.95990530019003
-0.3772125829929971,21.790191987359243,1,124.75941203376368
-1.2925329137300876,16.342177223664287,1,81.87378614171567
-0.5038741799954433,26.855924788214256,0,128.89812166176196
-1.1873481329928661,20.28688135860876,0,79.0512119914638
-0.28324285847623704,28.757690075763804,0,127.78292045511313
0.08097427961866514,27.272947391823703,0,142.0853321038948
-0.6630491740379529,13.549823345729349,0,87.40224642107647
0.010596057301107374,20.317632829404584,1,117.6599340854784
-0.7908847696275746,19.843162287167235,0,81.72923507809821
0.2369731299165827,26.482094292260985,0,153.60875673637057
0.05437949611686499,24.99801394699134,0,130.4879571903235
0.5213350387049371,25.35300484202493,0,121.57136831443177
-0.6154110412137506,15.338356615786681,0,77.16533273570786
-1.0823433846032222,22.531016247309832,0,107.22359261920018
0.42259096085385883,21.505179240835552,1,132.79892862521464
-0.4224685441246878,31.042378535544273,0,144.1726973391199
-1.4819543269345785,21.74687827735066,0,87.28817483031095
-0.9491044318717391,26.932472313128624,1,119.82334235369694
-0.1944978016487212,14.959441043897556,0,93.96712788140641
-0.8804547319186341,27.537169593618753,0,116.2449224361626
1.0347299485018262,30.80869908452888,1,184.82601072721357
0.94097160385168,22.88898469643816,0,150.96564879399824
1.4682471064215592,21.897930214095968,1,146.02645364493958
-1.4620964843274522,31.017550696325962,0,124.40263685408291
0.6536141340832017,19.33336184611013,0,111.43971541285033
2.1281091289795784,16.460246010297556,1,139.78233307911492
0.6383076513712048,12.118685764801196,1,112.50523898790354
1.50275648516859,22.584651054676392,1,150.49118128962564
-0.37591230323115277,16.573582584726772,1,91.92737662858096
-0.14229082221283426,27.894168522523728,1,130.02572035843616
0.3343000018284018,25.904955995646006,0,133.78764468931547
0.7711120404309518,28.98680829909422,0,153.94264247155888
-1.6404298821333358,21.573594308829062,0,88.48698466383577
-0.6604997334403488,18.36803893572583,0,78.81422929812383
-0.4631573603878805,39.480216187092594,0,160.41133857668902
1.3901452612429526,21.728345370779813,0,146.52130293563062
-0.2953334886702817,21.11125045417527,1,105.87379197850635
-0.041326514786101186,17.11550714869616,0,112.13868751652254
-0.7836573410084746,31.215226334978105,1,138.2196942181574
1.1408226524030067,35.91984090377697,0,176.44473029041913
-0.08238263087856576,13.323033860041313,0,86.9952202242867
-0.1358310647471796,28.387444084473184,1,135.9822755589973
-0.3176600218067579,30.91939297917879,0,118.236203648503
0.4913009045937202,19.675046705479094,0,120.80502275327967
-1.106293993720502,42.433389266202674,0,150.28208923334438
-1.2478186092588968,15.51863875662093,0,76.80762099450143
-1.5094426507213106,27.804789022888578,0,110.86472754831836
0.39257481188066734,8.763989393937859,1,86.35217535975559
0.3279531785187323,18.718029649205885,0,110.20298408353486
-1.6357527598724935,33.45329318189127,0,105.48421969146672
0.6967791912680029,31.30850217834591,0,161.23285946186238
-0.26496332425786195,16.381775443471643,0,78.94742591895852
1.2374063887304143,24.70647631821585,0,145.87029807931472
0.7833926422923738,23.878086137947154,1,146.4903897905155
-0.4665956002127644,22.257867981809202,0,104.96359427693125
0.15715234196568767,21.442858669678778,0,121.2106170134453
0.07425977868665681,30.7026456071833,1,153.69052010546596
-0.034401717998432516,35.819111325360346,1,173.3813811151784
0.9718723203206195,19.657263002864426,1,139.48878413278257
-2.1284632655259217,29.38838617490311,0,93.17412142926273
0.17629889361484166,13.430817061697965,1,94.2076700660276
-1.2099094001917459,11.117159452583788,0,54.93853403494318
0.970347503858568,32.10486977194806,1,170.22821684538428
-0.5181771902764839,18.27497326015947,0,100.7017379499248
-0.3085993551163998,24.599665651450117,1,129.90235544997336
-0.14481804481195729,24.138111336007448,0,112.52859695001837
-1.4380991759697133,24.924726340918323,0,92.09926824446696
-2.5354308522951237,32.06214509600344,0,96.62701148373475
-0.3644380359105141,29.49036221327653,0,122.52605291635643
-0.34909052121187395,38.751692111056855,0,149.37829585378068
-0.4783101409599259,28.86167334408453,1,142.02729990083964
1.1461656296229592,29.283843013935016,1,168.16217311660637
-0.04145944302741895,11.630891180961871,1,79.48557983387923
-0.36975792920191475,29.84561831871234,0,124.81406691173339
1.8899582492115394,28.83864384626722,0,176.26922648933632
1.8672842541962447,26.647261547766647,0,173.35284800748974
-1.5086797629083304,24.08010587431418,0,83.82770829145963
-1.0115383508906286,28.25327994892382,1,128.50573048990583
1.5405974000056935,30.05317338139062,1,176.928757278658
-0.29279610368553344,25.36559366768898,1,129.89013959071133
-0.20972938720435144,32.32084228519435,1,147.12325152203914
0.15795045866406304,13.195134290062818,0,89.42889874312543
-0.3962624684959404,28.66032062564154,1,135.97751210643796
1.099794577858826,41.16291077863874,1,210.31476779324407
0.5118521705417551,26.865444822422646,1,137.88982300497204
-0.5033864365205772,16.871762244357903,0,92.76432223815394
-1.0730592471079772,15.809496772446963,0,82.8145598581743
0.5494738833828104,28.25902701941104,0,142.3131601617531
1.418163955813626,21.863344238193918,0,137.03995897830467
0.4353647640890326,25.79162179598303,0,139.03082479135026
1.6284207219179336,21.37986421704739,1,154.21060322383002
-0.5693305818375937,19.516305277744276,0,103.9652805731888
-0.6141653881748823,22.531978097583185,0,113.80502847754178
1.8677363489172076,22.43123360757979,1,158.267623726267
0.19232176641195825,15.856716866784073,1,103.11347236229315
-0.8961130205954789,17.662411147537803,0,72.86628517297092
-0.65609529405095,13.288215217889345,0,65.65041111359591
0.9114225258991622,25.696915888365393,1,168.914694251479
0.5225017037033524,16.138594669977262,1,120.43656274437691
1.6677053328234779,18.99202094374752,1,152.86225288815598
-1.2502137936113582,25.31473828274833,0,92.98574541177206
-0.8933778227005816,31.33892847234995,1,139.6417521729498
-1.8803199776760502,25.27611106933326,0,77.26861077161996
0.7547616162513698,26.32066291832088,0,138.98571771324143
-0.19406248423551542,33.53319828937197,0,140.0369920653094
-0.6072689837224885,22.173977108382765,0,114.58999869853294
0.4592151736585703,20.00416675947153,0,124.09272128502043
-0.908267091022058,16.020552887888922,1,96.5945025781769
0.04598759475511356,29.84479809056181,0,136.12662446996964
0.7046708928789301,19.77433382335328,1,139.75502400568735
0.0781754480258897,31.051734581000588,0,139.69851707079314
-0.4437146908147044,23.572257341801702,0,108.09570247226723
-0.17307314475180607,22.955441766908855,0,112.95031176141096
1.4894908158510551,8.044910133920812,1,109.72772649692203
0.8280025515238407,22.59091302461453,1,149.41119115634893
0.5270139189696591,24.881018930386865,1,138.59799861074825
-0.3036264392904294,24.386917193165875,0,113.98378351781967
-0.764158707649614,23.07541358639691,0,105.8227654004831
-0.7790271104097685,21.393495307569353,0,109.72619449453046
1.341849815692953,28.98977283297624,0,162.28312094300972
-0.7444151755654779,17.617727377230736,1,97.93850861571458
0.005738106949307978,25.194627864552025,1,138.13642888012353
0.4632160803221198,21.95774982453004,1,134.95731917774108
-0.24713324169449838,14.664348337759503,0,89.12471817040264
-0.6920937517997819,25.168003898335915,1,114.53558415103163
-0.6185099283689334,32.65268331806932,1,137.91569166347642
-0.0591427208307887,35.102893727828686,1,167.81661822936334
2.9790544985598033,25.99479011608089,1,212.67916919930443
-0.20510733124554473,22.279899414001992,1,131.71587119641896
0.5175326161014842,15.92605287439259,1,107.98455976994444
0.37573720180054454,24.276893979075233,1,128.60446722403464
-1.472571534289382,25.06384621161757,0,88.74628925613683
-0.424466636739146,21.85727539961754,0,107.80317423331047
0.20489456795920666,18.420272944995233,0,99.08253925592598
0.6865205854982049,20.872178371141064,1,131.7308349900765
-0.24043610489848288,20.869938538169656,0,94.76817599461276
0.23753588882788565,29.462703379795535,1,159.0136563208268
2.708747199265664,20.7254493468929,1,167.09330799404333
-0.23527916622784834,24.39714683241255,0,127.85874172553704
0.08981990098377357,23.61319543423649,1,130.65123566325363
-0.1470796561717318,33.715795623335126,1,156.89992159177282
-0.7349639969024657,25.058182680442762,0,104.8415663011299
-1.478752220435887,26.11383429967431,1,116.65549709053418
1.0783538637106533,18.514487181414975,1,131.28091609471034
2.287115811465456,19.776559202454763,1,153.50235765996553
-0.046290058942132374,17.792516297095354,1,93.57771525795837
-0.5197458333719085,36.42641477181842,0,143.78236683438854
0.1273589025806554,25.411203953369824,0,138.60150384969543
-0.30734442642159376,28.59860917026253,1,123.85213296776298
0.5150941887923224,25.939728042816053,1,152.50755538597286
-0.9055854893054422,30.021753534472985,0,121.91261375442377
-0.9023580338279822,30.985289073847422,0,117.71793354761841
-2.0731385504372994,27.4047565435386,0,89.69905168163312
-1.2550394986102242,21.43769034935427,0,90.71796130271001
-1.0555643088020337,16.51773568240121,0,95.52412685556178
2.395164265074341,39.18172194316237,1,222.17938212695793
-0.6112338507811861,21.65495986617156,1,109.72789300785826
-1.36014103913201,20.22902423419831,1,91.44742420063011
-1.5169244318457844,19.89070389373331,0,78.89326043992955
0.6477621426011044,22.643322199434465,0,140.33528927054795
0.9908149776462214,16.373123863752255,1,117.93395206968437
0.25394229633559395,22.834136736139065,1,127.92622744709873
0.8898952187390584,19.879951145352365,1,140.11873904645455
1.365647219848179,15.033249882287196,1,142.75536558568322
2.2000702966730965,24.904718958446054,1,157.58199158794304
-0.5318393671800706,25.03160020758649,0,113.0254612442258
-0.17502961026109604,17.801656166648748,1,118.2685516952298
1.8206725617540729,29.94976699094778,1,176.9293816762337
-0.3868687014181014,20.217311048446707,1,118.87123337793146
-1.0635466586063804,19.27872701862261,1,88.75281368078515
0.9001607340333027,24.100108344605225,0,146.62449434754808
0.5135652511724721,23.388195441205337,1,143.6520674098079
1.2810418663035057,17.65532240876713,1,140.11064049315203
-0.1341837262538088,20.4295107067231,0,110.84785745026005
1.086285220366677,22.291979701368106,0,150.05509608658932
1.267556407657293,19.947426917246446,1,148.99997296080744
-0.8733063922435438,20.489782415163344,0,115.01541979971333
-2.141153023129449,28.51931377873443,0,94.1388228455828
-1.5730028024741447,28.45381195031416,0,111.1838493488254
1.4110112042126999,19.57228700166324,1,150.94068529664418
1.3676022022975758,31.721296683178632,0,172.20349699382012
-1.1030368899787943,29.321782644744488,1,143.3603324529244
-0.6042908527812506,20.485693511808254,0,101.62984016238421
-0.04466429713024419,35.078283844922325,0,175.07604833629796
1.1180730441190085,21.69670529912443,0,147.35004707980733
0.6715240292477972,38.5167345607284,1,194.69604437692848
-0.3631861375687586,30.90648945410604,0,137.72941651609514
-0.7331334877066381,27.589341674687745,0,123.4859269530254
0.9481414197458836,11.108234211569947,1,101.34432251283306
-0.3332129719470845,20.75535480808802,0,102.73208549213082
-0.45172486468164313,8.056887960517939,1,74.03626352059167
-0.44659753766899307,24.031377933188114,0,117.60427333821369
0.6883540220831337,19.148481060910655,0,107.98444407319565
0.6702665198567326,26.2716047835319,0,151.54451993395014
1.1706738664424872,17.6086315101959,1,125.70051244997822
-1.956909583102514,26.30885106967484,0,96.22750545485724
-0.7822549614973289,21.089908973680924,1,100.04382540643313
-1.5960383022630567,26.199317673861653,0,101.6314011501298
-0.7438166691761224,27.59740888371459,1,128.2710109445292
-0.3654610357839587,24.39870341994275,1,109.51703223496129
-1.35820474027633,20.908718480926417,0,87.6151554820508
-0.09792425562812487,41.596283768486586,1,179.30816165783773
-0.8433986257265876,25.778392695854624,0,121.46703987903892
-0.9986730423590222,23.094800434818215,0,96.1270672021118
-0.7955532781164919,24.283835422460097,0,104.93379065631296
1.9345279235343866,33.989273333738986,1,201.87007770125126
1.2621617241443874,14.743826969262326,1,130.53097861050304
-0.527043667751049,28.266914290754475,0,119.75662658936854
-2.2524839063250286,27.83210444457326,1,103.72752720362487
1.3635774688092464,19.516934999714337,1,152.18151036156948
1.3253908708317865,19.758367209669185,1,151.95750047465864
0.2619338108650008,18.244726253431637,0,104.4020315630973
0.26806566089676276,25.846131083679698,1,141.08627106013716
-0.08178943178750797,18.486398163252915,0,95.35352493370905
0.25112404509252384,15.517002461347415,0,91.14530666416938
-0.2936858013812808,31.837662814719565,0,130.36117916754932
-0.41431707441059884,30.297804590167026,0,141.4749972275466
-0.48466554126333344,17.459685925230083,0,101.02495352931352
-1.0906510170643315,25.31126924195193,0,94.28199538792862
-0.04651483159186268,15.454509089076387,0,108.09279407557237
1.9050839169295175,29.570998156904995,1,176.33302928570524
-1.091106325861006,20.271862437544538,0,90.26314407249573
1.372043425578131,26.44111265659088,1,159.83767734071222
-0.2848268438091648,31.39495462694671,0,136.2033353237533
-0.7229756404260925,26.67230744633013,0,125.94591232118898
2.188212376903101,27.03032552048124,1,198.82501064584986
0.7878779031184687,27.752798353300083,1,154.28393735172455
0.0859695123052732,20.79053607485148,1,126.58091367579239
-0.9471628847952605,18.575327138440286,0,86.12656506720741
0.38145345579026296,29.744259339868954,1,146.1416759070467
-0.20092959698161833,36.92438285569197,1,172.7285674598946
0.21688768078219023,19.02174728289732,1,108.59963383978979
0.7000305628715362,26.2455963961845,1,147.23625627879593
1.469465970262855,24.457938388190687,0,166.8430504334632
-0.20904875987248617,29.456761400917323,0,129.18864774377147
0.623359822299334,24.76859751435262,0,147.24506239411875
-0.24397752714906837,25.076923097638165,1,119.49447206748638
-2.0018540549631494,21.565254192481003,0,79.29956309274874
1.292790766120429,21.867667291315584,1,157.41024243574145
-0.5834473505290698,18.145331467206198,0,107.97684097030637
1.4347867680727155,19.369320442760277,0,133.61826906576704
-0.8556964919965383,27.858688813371845,0,121.67866268822497
0.9066870429501843,23.766100795401726,0,151.0590102231424
-1.2582709324216244,28.907637218059282,0,100.5864765537378
-0.20909527083209842,24.579056004709024,1,137.27919425168326
-1.5727286120866228,32.534557235266625,0,125.37654506937362
1.0334553245444813,30.627073578306835,1,166.4286138653318
-0.20522060264551625,27.897512104719915,0,119.69505855416533
-0.6232182069866902,20.074175841158205,0,112.67816231422275
-1.1677060756506021,27.2856974990337,0,115.8502406832839
-1.03951585629442,20.67460258654605,1,99.57398921633595
0.19189723860805147,29.006228660387087,0,135.80963723060114
-0.27816720335967715,32.939266160594315,0,143.1944604424667
1.4619521056975044,27.25246342146344,1,164.28343316267916
0.5553227540509866,17.310930396676895,1,113.96890142800068
0.8083226864148959,20.51672530957139,1,135.58447812739013
-0.8632589454090656,28.50179047572971,1,131.73582059845012
1.5321644871640072,17.83070390344428,1,149.15486952321612
0.6161600199378925,17.781099371927883,0,113.2413179076323
0.3600117321799543,18.04918839343788,1,116.40639469222167
-0.5699725650113846,21.877045158567007,0,96.53441334585784
-2.244057268648432,29.836297474069436,0,85.24524859838762
1.3247722078039554,28.619780760055995,0,151.95830508216065
0.0579642043542767,17.41697661376449,0,96.25095066160392
1.9688305484947635,18.93139909832753,1,158.32758884440665
-0.6205200843589715,22.271246160423328,1,113.6951157589141
-0.960102332997696,24.258559311092284,0,101.63091294051479
1.4419922691948774,21.461801999849364,1,147.0255694416103
-0.509083749102112,29.37086089906831,1,138.20969913664058
-0.058279705258922,26.922391054647942,0,131.55095942328444
-1.1336749974264742,29.202975504114068,0,115.92310201990125
0.9143816825434584,24.593302727189982,0,140.64582489450157
-1.082065191446259,19.49269179077661,1,97.98078635942801
0.0777469055598189,28.662129534454465,0,141.55461995509347
-0.34295077242644856,28.060979785912807,1,129.54311001597947
-0.7000429458978851,13.913986032563649,0,83.42081483652477
-1.6401009189084381,26.401614079570933,0,101.41567230532608
-0.6531774194973591,21.26642373752674,1,109.9879031379279
0.03687011635654646,24.4222913076394,1,132.21560196556146
-0.5110459753178682,20.510439978551737,1,109.00749102454941
1.6715991546721587,24.193546854399735,1,164.55863078960581
-0.25799423879644134,20.351687464204232,0,110.28416430307311
-0.16204904249067184,29.85424565758764,1,137.18129104746671
0.6414928581218702,23.22796769378255,1,144.08633070804746
0.5716430223706953,22.574117170710654,1,144.43224566953032
-0.7792802868253134,30.659658488863272,0,119.093411683432
1.463315162074562,19.563011150692677,1,146.8842286652823
-0.38617503883766247,23.340698677300765,0,115.49378444290682
0.7314908484496085,27.266405486380627,1,142.52245894796616
-0.8237122423024408,26.877599945882928,0,137.95415248525725
-0.7219799337254327,30.176299801134896,0,129.42756183112303
1.7556523917405298,24.99102766389379,1,160.1048788154883
-0.7409094893929192,32.79465434330483,0,137.08344158893178
2.2301150689694533,30.847986351673818,1,196.70289722140447
0.5239144073110755,15.242509867200024,0,104.86722151528181
1.4708096698600344,23.377485419024246,1,156.8680955238988
-0.6434755689688582,19.703225996139203,1,111.4755693688235
-1.102352550423532,28.32878561055486,0,134.72486380208585
0.35005544754099416,24.139667700394117,1,142.78318990879907
1.0623266714571444,23.042822601345947,1,147.24445548676138
-0.289678808369326,17.808574755158467,0,99.12079479719851
-0.4406478807766258,16.834830830614596,0,90.65675675683421
0.1168571287495713,23.67222140145632,1,137.67602567423478
-0.052947042662338475,25.97041676429434,0,121.20327801090687
0.2531348337029696,17.817050139753242,1,109.27489125771812
-0.4818027020082479,35.39803981828478,0,170.6477722155456
2.48600353265165,16.725113898191427,1,162.53705571176604
-0.7550127676069514,20.336004306573372,1,99.7593533854428
-0.21210810441961406,27.38948126763755,0,142.44111609000646
0.07060787056978161,30.939446187808237,0,152.65518241322226
-0.006482482609613947,19.054381711736436,1,109.36298009311588
-1.629775606051687,25.024518687704237,0,88.61296366586797
-0.3440999398561354,35.61936459546601,1,155.6124931716281
-0.9414471532641482,25.836438840764313,1,117.47362943995955
-0.6733037551540115,27.873715793773577,0,128.08542537810266
-0.38019282088388134,18.511285656416668,1,105.31551107104157
0.06079513930080559,22.282968428577636,0,119.99846382601245
-0.10357255388961506,14.331859365570683,0,97.24406726648124
1.3781889527730453,18.612150385696875,0,130.7722765304342
1.1085947312196371,15.809315260502615,0,120.24951967288908
-0.7574026925940325,25.47570934145248,1,122.04018040141322
-1.0232600004031782,29.609787633507842,1,125.04166002056027
1.5567928031612617,21.819632009910727,1,144.76184183730234
-0.2462191139656345,22.68223298959736,1,130.47174822200066
-0.8553927042671663,20.439673512750705,1,89.75573980967626
2.002778726642941,25.060244770811885,0,154.07827850305895
0.652347173926179,20.22042936978127,1,127.73188289589575
-0.3658765950650056,24.02066266674755,0,105.6574083663227
-1.9068940914075567,31.656450992306553,0,111.61489091936636
0.23612775795008353,26.934725594057134,0,145.28443243282348
-2.1665395043776443,16.01298223125896,0,66.4512602017365
-0.6289152469187247,17.88841952306897,0,76.25516023037733
-0.11011725347603929,24.57028812247768,0,132.07891730992822
0.5456452719668269,21.90588744738511,1,142.2648504253031
0.0543347019536977,22.18240573349576,1,129.95377454073596
-0.8372418100409191,13.257679118541802,0,71.51397106656184
0.6075111899977345,30.319707858230956,1,145.33758012067017
-0.6892207028738739,37.9066559667056,0,152.6521706331534
-0.09432638139627558,7.786957899349158,1,95.28894136533327
0.40544164712235214,31.162818327741952,1,159.28706656428264
-0.37935919700872284,25.689536695728176,0,115.4456014353819
-1.5288488422788358,24.57249459167535,0,79.00104046091286
-1.1965446324589661,16.111035670325315,0,88.03008198412566
-0.16558167759423081,24.126976191094396,1,129.62705245484196
-1.5379574524951727,27.87739893735123,0,87.90203334043763
-1.229736860329461,31.26906384025033,0,112.19025406276377
0.5653544127614881,28.565095776673093,0,141.48531545001822
2.4717896780856976,23.343035502743675,1,189.39144262016336
-0.6823010410292062,22.30873862227547,0,105.68876016376986
-1.7540236758598862,29.922176932635423,0,110.04597981533813
-0.41313004076415566,24.475362205769173,1,121.95569264455392
0.15272217537967697,32.90148846155246,1,166.07961415521962
-0.38123278954621825,12.577977317247914,1,83.8286574276715
0.21948102175943038,34.442006717443945,0,142.24922273320217
0.711281603867912,15.78173398303254,1,121.49509814417266
-2.0305418467577874,20.600188057011458,0,80.30852602948171
1.3401283538126445,28.25739375331033,1,161.78734526025477
-0.6994799791105853,32.432525156581086,0,138.10275891164025
0.15264478267472925,29.171107753967377,0,137.14055108363982
0.8572614076694952,24.984755324003654,1,144.41871825727182
-0.7298346597728206,31.392128409205704,0,116.66122532501113
1.3541800979781111,30.090145660197354,1,178.02603534288818
0.049023558213507304,28.20330805323502,1,140.08838556944235
1.0270813204785463,29.538049220230135,1,164.88066796206328
0.8785942426582766,27.594558263576957,1,160.56653706339253
-1.0171367747165587,22.157685067816672,0,101.04630573177614
-0.2645713234206878,25.337762650304295,1,123.14546869135117
1.3280306294662365,23.935939226914154,0,157.97624843537238
1.570534767011377,31.54718317514235,0,170.30190947166489
1.0271094591780783,27.207553215958537,1,159.23903403096207
0.38477379124106337,38.579584815314746,0,186.86816640313396
0.08354592671218279,33.38387494157898,1,154.86609943950268
0.3577702752767899,24.49026174718829,0,122.19092883583504
-0.5577232159614477,11.573395058251979,0,68.40580065230463
-0.9536721654104071,19.45219965096541,1,89.2085101838281
-0.7601658503310347,21.102640862798136,0,110.37506060511112
0.36566953518247025,15.929994210975796,0,98.01083420718369
1.035865772704487,30.140977526353737,1,167.12531286592622
-0.5437091466293258,25.10412188401122,0,114.39816221353146
-1.2383982356757373,28.427362348512887,0,113.32793667477023
-0.24943097533528208,32.563700508253916,1,146.2279126506727
0.6242541053750115,18.69360254910098,0,120.74250663700712
0.38399892449409956,26.033096367141123,0,119.10419186511469
0.45258980308851404,24.566643838203984,1,135.22499552956216
-0.0410143865556461,37.432102816110785,0,151.27099164111047
0.7582775710366728,22.442527099410512,1,151.64447980748844
-0.7690134694212745,23.834339068188463,1,109.97453276474913
-1.0641477850996124,35.77972362207684,0,138.06312122707917
-1.4920328110242587,25.642407423575,0,103.14310413384334
0.2802735870304639,19.406345002574284,1,119.21422654054592
1.0078481407214226,22.414214726430696,0,120.07025376040997
-0.8182035854665616,29.72316459494663,0,125.130352774277
0.726140412305413,31.666209634230214,1,162.2531037709323
2.2682743261089167,26.69303226243006,1,188.8018321175284
0.7136835604349189,27.199965351138196,0,143.52789732675922
0.5244160821087228,19.62400523256664,0,120.5878041997163
-0.19734020423481005,33.23166943777814,1,151.5977957506631
0.11036027167468133,28.44182288419655,0,141.07864900876808
1.2833419665195,9.848080236544146,0,111.58193846123699
0.5630648758443918,32.2750312823554,1,167.64526472189291
-0.6892548257079808,18.89715841867838,1,95.31738848633908
0.7063303362014528,27.896034617952374,0,145.78919999409055
0.37031199028014644,27.475358637720092,0,144.9420203413587
-0.2724750059870151,24.885013106059994,0,113.7207675874849
-0.8170553611162377,28.15910818992775,0,114.01454816144857
-0.0020407885143654035,24.07470001154532,0,112.88543939559605
-0.5004157917773946,23.039084381691467,0,95.91562625133096
-1.1647418670606988,18.17062360289091,1,81.38810107116228
0.24076471899606833,27.283612888898066,0,135.785410981452
0.15749080894794554,27.148387491700703,0,132.7834316962774
-0.9233991110347272,19.583992535852776,1,100.9889490640995
3.1681987446266886,19.68406439561894,1,189.27464038354705
0.4504906652555848,18.414798143494878,0,115.95371153904027
0.14649734276533588,30.94632443539814,0,154.7193578274738
-1.4707092968603248,30.713254526971937,1,111.75133667205279
0.30031866930415396,26.01345197158795,1,147.28113362255664
0.8780007044183714,28.596092491397368,1,149.05509006106843
1.2149966151457456,18.763632336549733,1,133.544718578146
-0.32139237268570764,24.745432705278937,1,114.75847049799158
0.5201295759457171,22.73369867905513,1,129.53730063030645
-0.3586961371889271,22.686154585312348,0,114.02730271468748
-0.6464026718824512,18.71361468803819,1,112.37117626958204
2.7361588105059456,30.736920826397935,1,185.71172475499506
0.7219109182346892,24.685991193716617,1,151.97343878680888
-0.40467624094758176,30.151268166999554,0,135.15222830220245
-0.4567248088081637,19.153709250241256,0,102.58079122110807
-1.4742623443041787,28.128964545740654,1,104.13594097058753
-0.8465350006035524,24.665760257996247,1,115.6413981895015
1.062585629100005,18.31501342305759,1,129.69246564500537
-0.6221415420663118,25.118691217366305,0,125.02942790103982
0.6109511518774696,17.660963397978573,1,128.42021889843403
0.49696181546597756,26.52347309269414,0,148.13845337944878
1.5250753491180844,14.819971724307557,0,111.13076917289843
-0.11475563609072885,20.15959288972492,0,95.29651819620985
-0.7030278800802049,29.78802500817418,0,133.8139157631388
0.9215946863526857,12.199710821614135,1,119.53709124013832
-0.10196360110432066,31.446285045735873,0,141.26738424654272
0.7309407298318792,23.08867269008827,0,131.85522236631547
-2.242800997210359,20.733857497372863,0,55.79764446956159
0.5132569356226718,27.891823528610622,1,138.27628049360925
2.110393241969725,15.387506012528263,1,147.65849837544326
1.5265486107757458,33.08924381852309,1,199.0768271860786
-1.2123817029952866,26.11723918587927,0,120.19404297718961
1.6230566724729463,33.99127208106644,1,204.3558523665227
1.7336920975677426,17.312182380193157,1,144.83073466250787
0.5298206512358177,16.860390316117932,1,109.66746277454268
-1.3816707912235073,22.224561192455464,0,92.81307710352802
1.9038158655450041,32.78711563802368,0,179.4266716273753
2.1697090836887964,24.346489885529323,1,184.33241870754748
-1.8979898292105795,20.58140480289061,0,71.57632538765291
-0.027612658282289444,21.65485633629591,1,125.37481927996146
1.534097424006344,23.72936565596813,1,141.58720951637284
0.09416566176705574,27.48502462343771,1,140.36443336968003
0.8541796425291251,33.104036939614076,1,163.00726455837776
0.3549435287892547,21.990085075653816,0,119.66706966628523
-0.6387084305771443,25.429090297935463,0,98.15043291480366
2.7564577141470554,23.17257997123325,1,188.79982404121392
-1.1292535582467138,35.90024620700658,0,156.14571969364965
0.9232838729836051,18.52769802985465,0,129.60385640376262
0.5572631767283752,20.546290162954644,1,130.700829741615
-1.1837285733426919,15.744100974280364,0,82.29667402615102
1.341092200671424,23.687836451521722,1,156.64894124370275
-0.32992085206009586,33.495582545054745,1,135.56990687588845
0.5502630822632426,19.612740964120686,1,134.52024704300192
0.8214053352172392,27.774561530751026,1,158.89997760017778
-0.13107711924355242,27.579703422716193,1,136.6582547577857
0.24388305198500831,27.652884763415138,0,131.22050198860848
-0.0696517116142732,12.26002644048259,1,91.80667525573118
-1.3890631588999218,26.982396882952493,0,94.07765205580705
-1.2806270106738356,33.67925721943719,0,131.5104980445931
0.10055125902788456,26.3278915594974,0,139.82695370992013
-0.005172535166909301,26.060820493488983,0,145.36732932713434
-0.47511654177861445,19.841714614474636,1,107.06821239692124
0.025585766862759908,27.28046509828867,0,141.37101994065327
-0.6321281172704352,27.816752487057215,1,122.78438171073346
-1.4391722183783302,21.951543502080106,0,91.46761794576571
-1.2719157408587305,27.856345298792046,0,97.43511284147463
-1.7338158666170433,30.490108453537673,0,102.4466453005631
0.22181881390496255,16.207171313314397,0,113.9618050631327
-0.6312966043053516,28.712853391616967,0,119.07412732086816
-1.0626349333547607,18.830946549837584,0,86.20029676722581
1.5089172057932476,25.786953444583833,1,169.49378199445164
1.416396102906625,22.948580604472077,1,142.41166233209455
0.5747639192671121,27.122005544487727,1,162.45619077144966
0.5587528388692531,23.67072942531992,1,152.14707472114998
-1.5154451398608237,23.718153950600936,0,107.08546708888477
-0.7146215495044191,32.900896133447304,0,135.1038871576609
0.9286823986910246,28.171947145090677,0,154.320153864757
-1.350002281513607,31.031166975205963,0,124.02806629539951
-0.28288248190555776,23.22618996496441,1,119.34139549430652
0.043332325507172295,15.775872737971888,0,93.52488817736146
0.5541219969671688,25.022358449688046,1,145.6636698038599
-1.0300002758644229,29.060377160853804,0,116.29641009290047
-0.49102378797714946,17.480266621770966,1,103.15643488707084
-0.16317465069108064,20.3505901367297,0,114.43523762309997
-0.2963924125844614,22.985550493569786,0,120.51089098377993
1.4522791213018509,24.20011848767898,1,166.75186605717673
-0.2972640514742974,14.988231891796655,0,92.2516969370436
-0.44700815018542855,19.98863523751147,0,100.1919831736503
-0.5243148863102652,24.309739856141693,1,122.68616346950964
-0.7318349886974769,34.00714713156174,0,149.84029274416025
0.5968903139619154,27.648114030654696,1,152.9700245355637
1.5437880248380678,23.60902204533272,0,157.96778833081856
0.1205913616649244,15.460319065304262,0,107.97501013763659
0.9159992941602427,21.942666050805776,1,141.58726302610265
-0.7208363605057901,22.918661662709855,0,115.5983758259827
-0.35654251024553346,22.147629239357812,0,116.41771420218734
-0.0010478960328287733,18.479128129381227,0,90.41655272881862
-0.6888056417244846,24.365484937506768,0,110.80701842583854
-0.2955592483271003,29.228697652908235,0,128.29600264352194
1.2775169287361683,20.89194611601755,1,152.2710421675824
-0.8924888048232456,34.09241585880568,1,147.34715723939365
0.3063710101167334,23.576726607854926,0,109.37928124440816
1.763912530253412,26.62973869251415,1,168.5583467122229
-0.5349581968123089,25.60416883649796,1,124.78400786814176
0.3957675867289024,16.07222717122815,1,111.69663264778302
0.09447080147493234,27.911535277075018,1,140.0312792240688
-2.33755592006223,25.258709100670007,0,87.48867227190563
-0.03489158817716456,24.96592515215404,1,130.55290631671465
1.781116691416164,15.712282400460118,1,145.75470152473721
-1.413243248549908,23.27896149962819,0,88.66139241540054
-0.3086713469887535,26.096359760197394,0,115.58527598405735
0.0802343177234986,41.39114647202945,0,181.0616680653347
-1.5223544483149642,18.446785526049997,1,72.4345541303022
-0.15695697667600556,17.697986401348885,1,111.93892120666978
-1.812177569082609,19.712976399755853,0,70.7703742404587
-1.5087177425987963,27.708527640795268,1,98.71364452755816
1.6100573756665022,18.210975295394846,1,142.22100762948915
-1.778168047830916,31.404354747165883,0,123.08583790719426
-1.1557476375585982,28.376755148621122,0,98.31404882217689
-0.8618022667956309,27.14309012690724,0,120.82636371195775
0.6734208472264819,22.38782423667226,0,134.1005021214356
0.9462562091718212,17.97419578932353,1,125.8178085151898
-0.11894607854921255,28.324835512851198,0,134.44482516536218
0.7262142706543693,19.911586662018575,1,126.50728543063568
-0.8015673334760413,20.341372285294685,0,98.683114726133
0.6833729162592027,29.879247734339234,0,146.79159610347867
-3.429127281402764,33.2924559417651,1,72.07768780770331
1.6004849313286482,16.65902994986522,1,148.19279142124623
0.1958013501498181,35.64007934972291,0,146.8679783904359
-0.4873928950159954,23.604684733126106,0,103.2673597241978
0.6839127486789356,18.842580429259918,0,124.97247022600988
-1.2836811875117116,22.30839401087482,0,93.83489452560381
0.43977040696394337,25.460082344297817,0,158.1406997056102
1.2714417245912457,21.51856152032848,1,153.46292348756558
0.18240453863146314,24.23061964728411,1,142.14845861455973
-0.604105321811139,31.87822294940428,0,131.7215144996775
-2.586737856564158,22.34787239723204,0,67.18804066679827
-2.2176637853335377,16.211203069381313,1,43.11432996308411
-0.19219170534279933,29.61437129003164,0,144.56288476087815
1.5587290304102503,17.583704225913284,1,141.56014437998687
-0.42615140840667004,21.72053281168842,0,108.49633516861232
-1.8537427785517533,31.762771691779804,0,112.24542572474034
1.8654930391703983,21.270517557259332,1,166.15769266694272
0.022416626675176913,24.624144870502093,1,129.05988545743375
-1.4144577460276833,26.82831525446582,0,103.8492319544262
1.0833902483490312,30.299778766086085,1,172.97846353124092
0.4415497029766362,20.35306250760529,0,121.83190392031715
0.8396421924942901,27.026122496513324,1,152.53572934052008
-1.1755451755634556,24.11900920586105,1,102.4420921132064
1.495516651079491,20.400756930883155,1,152.91446198830678
-0.16196745240069788,19.91144916184878,0,117.28573003092157
0.715063374758178,25.7003740662373,0,150.26259696473545
2.080288985172904,28.44685824495282,1,183.3860762761924
-1.4944030407804292,20.60542802452582,0,90.67993244125572
0.1494245881349484,27.605623158376826,0,134.89336015575637
-0.5249126202580019,27.416402882897973,0,124.22278001035974
-0.4760525374171358,25.433476138747977,0,107.25120319587052
-0.10608766082607024,21.067633292746223,1,120.9979421517751
1.7842263010940815,29.196825401195774,1,179.58262391504888
1.3982699297815875,26.27423438983868,1,160.5745398766465
-0.8234733796980189,15.214759964673254,0,76.45643752338071
0.322808387400227,24.072256274132616,0,140.34914730551964
-0.39003148270699367,31.388797109046997,0,136.6259459100261
-0.45212767268189613,26.940159836878106,0,113.73684172618448
1.133863222666723,29.22811638605838,0,158.70862981075373
-0.6345831100688345,28.18899632636184,0,116.95591379603084
-0.9489139751282819,26.125885525776003,0,108.65660291500923
0.2162205317409127,19.65345749330651,0,111.55753065050324
-0.9776023516650906,27.533456227762642,1,105.01905499562874
-1.476537417663592,29.990656504298073,0,109.66872280865583
-1.3099641936623294,15.68143970455399,1,69.17999662138382
-1.8672342444997292,17.427449280856486,0,59.659594874203634
0.36967496053981647,20.32090959946747,0,110.58647904468314
-0.2919690084504319,28.01106671420265,1,143.57916631332324
-0.19211382869340968,24.29467042795631,1,137.96420120619143
1.182415045449995,27.273231148989517,1,151.96213706354158
0.010191889849112535,25.93501345554393,0,119.04550979494933
-0.3355357202015007,31.23002041478601,0,138.45478394829283
-1.6323809503136157,22.78688729630047,0,99.25261623675944
0.1257867493444815,38.15608115687667,1,181.5064383566133
-1.180257575725437,31.956916425818644,0,125.6346236174851
1.032823709305628,27.941249061739253,1,177.72509058382383
0.12653473200762083,25.98542786799527,1,139.11241556542882
-0.48550062107757275,22.893684017058852,1,120.3326864681652
0.4928337808375665,19.926851395307743,0,126.19944507983983
-0.6135564326693934,28.326336235341714,1,138.6909392467945
0.595900034665427,20.758758392923085,0,121.51594296793994
-1.233882564190443,20.169267850785786,0,79.19292539199735
-0.3118885681966754,24.3750184951509,0,124.44886419472701
-0.40999838201175565,15.881870574077904,0,97.79138264432429
1.5171402973641348,24.746212767261284,1,169.51584958011014
-0.7854583879149957,27.57863438381406,0,124.67398584033606
-0.9797800905510644,29.175403674782768,0,118.6245216461586
0.19337834504424664,30.147072241533877,1,151.23340882492334
-0.020415529507828482,31.664946562016702,0,153.85987457126538
-0.8998350393476988,26.752850900237195,0,126.80315665887929
1.0416792599505267,12.500111318695469,1,126.17187219325302
-0.8674931272296802,23.41006980933764,1,101.93280636370346
0.07821401169346655,26.187456508723177,1,135.15544664243288
0.9450250914525101,29.48736728236517,1,156.6595527942513
1.62575698081989,26.2818255008244,1,175.131071041661
2.639734850515893,25.22999956578609,1,189.4723870743898
-2.201326002073089,22.849210195562808,0,69.28757916148615
0.7025216004256555,32.12280904111098,1,148.79788856220878
0.32269056154716463,24.2486983879617,0,125.48529079732566
-0.5235641929803969,13.860655012921232,0,91.08393118811502
-1.559380446240839,24.514115158807584,0,79.01529017516253
-0.023256301147963024,17.060866382976272,1,99.27718390611008
-0.677427330896546,16.650300763917265,0,88.6556002116963
1.7680807772532878,27.46387985334939,1,179.81522618665298
0.8763818545984174,18.662134315014924,1,113.4161836327577
0.2414963605748745,20.56918342849624,0,109.8422325168487
-0.5817527103445386,26.037755158535305,0,105.86454934074851
-0.3685986735684419,15.160567061792651,1,107.52833408820491
-1.7039543468655038,17.149095001195402,0,70.15953225937703
-0.9549315211943836,25.609618663358773,1,120.54302109025045
0.2021188953331005,23.798052922783633,0,123.69913702886842
0.012449425101009822,28.210194136428143,0,142.0602937212546
0.8416701583218666,17.02707600830724,0,121.21536042858185
-0.39953579148341184,15.73068247843958,1,104.71719122012757
0.19107076682985064,21.95093234979464,1,132.8875767894281
-0.24932826740671626,23.388832305496926,0,114.66638559646437
1.779051091554968,21.664157910424727,1,170.62276372282764
0.40898678640684305,29.788518205587827,1,154.6872840478099
0.3343682155223278,35.147932745764386,1,162.19407940526864
1.4478593523004741,18.309169427104504,1,154.08409620539516
-0.5878780501478446,24.696034298694745,0,109.16982768071777
-0.15715750519938215,22.20033420466212,0,109.72054922423978
-1.0526572212779635,25.277687792182853,0,111.0675378484933
-0.3232921558052185,23.812508844986617,1,124.48885394250708
0.5942519387356707,26.224537941894727,1,140.7449894816621
-0.5295291054603027,31.342999513131094,0,128.07216160819652
0.1850921671517462,23.615980721778847,0,116.53886530399605
0.2190341945452807,32.64802339945895,1,149.34041727054802
0.9125322983890383,19.243640748457388,0,140.65471114653687
-0.6906563000972834,28.924209037724555,0,110.00872414304158
0.8080517017421542,17.698785920589327,1,124.98380187029296
1.9169078484037678,19.69492464034867,0,156.0663922769422
0.12105976290558301,22.578405355165557,0,123.3318072842254
0.4213213535527746,23.32734509775152,0,126.08263098207327
-1.8688908320489908,33.154607717129316,0,113.6952755341623
-0.5434747595636845,17.21295940771469,0,88.93072873933264
-0.05938033331656984,27.895084208351616,0,134.97555474926907
-0.42170146819388926,29.340501875510608,0,120.07963950567792
0.7976729074216116,21.27183582546587,1,118.04937241975473
0.3078132452778028,20.959620986134105,1,133.13406429469626
0.4205398480218654,32.20964715906646,1,165.31982831485917
0.1386168078090694,19.010564526876163,1,119.7603879722396
-1.4930248169723135,24.354108348899715,0,96.32145694631754
-0.9379964247198811,26.803356252388237,0,119.01396456194175
1.6095599342829086,24.931465962348817,1,164.8587873219623
0.60954995711286,23.817194314937808,1,134.45472503920635
-0.3113207193206889,23.205003063377628,0,115.91088659382731
-0.24915218035166256,27.66174307616921,0,126.02214186699601
-0.38073551038464926,30.29622473972752,0,134.18232400356274
0.7241985310829656,23.650183204418035,1,149.54899244294816
0.7006133896119023,22.260990420649783,0,134.11343454753487
-0.545454128281578,17.654555082084777,0,86.3023297422829
-0.500264768043493,28.71957320534333,1,142.74068692236247
-1.2663487595891028,26.81273758792791,0,102.54803655773316
0.20926036057968408,24.149419325982745,0,122.77166116227941
-0.9105445684047184,24.132828118216317,0,104.81189547264869
-0.4291669002993808,27.497899544856107,0,138.8188971737849
-1.821208559319331,21.402672418082147,0,84.07265044625045
-1.207249599481131,21.384151683434116,0,87.80437703512744
0.33749800443483263,29.908846665609374,1,157.477348751204
-0.2045683511666805,30.84348140861809,1,156.3533218927012
0.3685826773781796,20.721645475831465,1,117.02053594519955
1.75686899665707,35.78883333623523,0,197.1026327246562
-1.495246766244035,29.571858367126094,0,110.90210204476797
0.3020766108176831,18.696364079410444,1,120.84155708218465
-0.5310436886259312,21.640342128712714,1,104.18826916656246
-2.4217762743415854,30.999495568372684,0,105.71120119725533
0.19842382559371816,24.791579728050213,0,128.56932464008656
-1.2218864703480425,22.457767404842887,0,101.51303806646521
-0.7274723156246943,23.650739321749242,1,114.72747765978886
-1.2744380521428744,16.14966609509617,0,78.6514467421624
0.7454530017130078,24.8159975313564,1,149.08263839210667
-0.14804359869530248,10.63654664379502,0,66.04472491604383
0.11603910956351626,32.43856164483152,0,160.38624394613024
1.4110717919802849,17.91586884550984,0,124.19103184009701
-1.9245140819463329,16.28035525034683,0,51.8304798106997
-1.232692633108833,27.984748559033985,0,108.06072711494748
-0.5986822816798221,34.49457117146944,0,152.7989190936668
0.19256410957517078,22.667057752025855,0,131.7733780035779
-0.45130268247876737,26.60254758204727,0,117.48062234494118
1.0720258634590973,26.612044854823665,1,153.62271159482634
-0.9869191453368455,23.257771387227063,0,91.37292741528127
-1.3997674361314352,18.841167164818984,0,85.28845369400716
-0.7974329204243514,28.270145390786215,0,110.50489083895053
0.32997948027137153,21.593762379251743,0,125.30025607473941
1.0570777775446276,29.092334553986582,1,167.62309988405164
0.49904359726375175,30.436884807448862,0,152.946424975246
-1.7205274230979928,16.884731761869677,0,70.10085788109977
-1.3218163792610413,25.95831253255287,0,107.19174388972976
-0.6682174970154866,25.634646584785877,0,99.95992091175131
0.26509949216414275,22.672127721567733,1,130.54188987489673
-1.5875696398449608,24.32431588588062,0,89.8426671315454
-0.5257265841443804,21.617415277790037,0,99.15378075121669
2.5195701569218225,27.937241691386756,1,201.0761186313959
-0.8400739474277785,27.132511519743908,0,114.13422888714415
-0.01435415264858907,26.53484138736277,0,138.70871201803908
0.12961425906039037,22.82226408877733,0,116.84028243717124
-1.4961099262555053,16.16836272658103,0,67.45170030470257
-1.4032807382294858,13.54277850477846,0,65.53474635511536
1.3760353101882474,15.347055597375503,1,114.16809526988315
-2.036784659522236,18.691253816123574,0,66.35730363786867
0.9899147931637466,27.87413973211118,0,145.25724914106874
-0.4034750368494203,16.880657108441152,1,108.0821107567626
-0.004715974446176256,34.51077209060725,0,152.12386375465937
0.572211579363399,37.865401460559994,0,180.08950074434472
0.06677765539686419,27.977338027299396,0,122.94984641392779
-0.5792447543381762,-0.7065954168665414,0,42.52870919764682
0.230707871425002,21.157217905019053,1,106.16653694520492
-0.25435844293533083,21.81596247626313,0,122.35821118704109
0.7966785770443712,19.00624251948519,1,127.24485320732863
0.7574331207257062,30.766446464727498,1,162.78834758616537
0.7367006211543916,24.40034197098007,1,140.94928806703106
-0.37000440091305353,32.09321294973884,0,123.60805599889862
-0.7864885141819614,24.012012944874265,1,132.83215448067844
-2.1654501360307656,25.885231981127117,0,98.78494976912478
0.3017632747565382,23.282668159846732,0,127.41090025155152
-0.16174514391574263,26.23396491907879,0,125.37421154327521
1.072332446274312,19.577951251399217,0,135.31339171391886
1.1929881668558133,20.231486787334184,1,140.51167330221864
-0.03684306411521861,27.035890191539174,0,125.08846951431966
-0.7197618608222653,28.02240897237862,0,132.8089729134346
0.40771190665942303,26.675992043079205,0,142.32281507048503
-0.2526569316365441,22.27212096620182,1,126.35231762454093
1.128685745236586,19.87171424976939,1,135.14217273928898
-0.6730489903578386,29.434538128283883,0,122.58427711041949
0.0068407928054436224,24.299521049647993,1,134.92103727484124
-0.7392175738368492,31.097047710225134,0,136.87900068975037
0.02333731355706477,28.702455183228082,1,149.0852378125641
0.15726790367512158,40.32138218980988,1,185.1010381351831
-1.3953592265636714,22.78382461942694,1,110.48232209019704
-0.24584312186609775,24.278086123351986,1,127.80274109050497
-0.5846567080017554,19.48851776617854,0,97.86380154199972
-1.489210261910837,35.544023503745336,0,113.1694649658022
-1.0259465355969968,23.24374630264686,0,99.82463273705572
-0.656440830905642,29.721746068023574,0,120.04016004391421
-2.247616064687666,28.428542352589073,0,93.01594513373375
1.3842657001873708,17.852973653957125,1,128.5046859224045
-0.6304416838206236,18.346670851096054,1,114.03874614738687
-1.1252500184438874,12.41180833483985,0,68.73856032286743
-1.8195589990149963,29.31965330157755,0,111.5914138602117
-0.8615803405541546,29.88575051172627,1,134.15966289370027
-0.25909111497764814,22.43795145114382,1,127.94985163265419
-0.19231027733286288,25.329593409510576,0,137.66526736477675
-0.740125865998982,22.093011848055163,0,96.86181984111869
-0.5765458641093648,23.695039969118454,0,98.82117891921078
-0.08514622460797722,22.654397326179236,1,124.746263096501
1.4039796962580298,20.734877965268492,1,135.85413664984574
0.39792387053636197,27.880304736825458,1,131.20411285402122
0.9587433850804703,29.664654953151825,0,158.61596286459488
0.6554448233049869,24.532431716199145,1,146.4428347205964
-0.6521111690029615,23.17096589561799,0,110.65591120773553
0.43008507950486485,23.948898085663885,1,125.70085969168804
0.26993224980566627,27.06235871989679,0,139.159752472925
0.17585524882624054,18.22357134188592,1,108.7819629338498
0.5909180308621543,28.30293131202627,1,153.98840179344995
0.4792248771359981,14.007983753257113,0,88.1728140029421
-2.2844641718316665,17.358203121036382,0,61.74270188774338
-0.6057693830712054,16.479348689109937,0,85.06304370878175
0.8042104963959598,32.04948326077616,1,157.9019091125855
-1.3045090171896563,27.05128350053161,0,121.98103105662412
-0.10985009397015665,19.363730633667018,1,95.81473718057434
-1.4709458950138714,24.102359724006387,0,96.8448322368539
1.6327033571369813,26.194716275096695,1,166.21776121616674
-0.5330533838665193,20.521885651666317,0,106.83723059760317
0.2136976450890559,25.164725161770754,1,143.55631675441995
0.6136358268765854,29.77906875982994,1,173.49513431097245
0.2088683978820926,12.911213453407399,0,81.23046142450447
1.3826623954757356,29.332192934364613,1,164.5025641840699
1.3745683817186678,31.994128112181144,1,186.3900039039956
0.44961272238360545,20.667367893722318,0,119.42606843848228
-2.1014099613873674,29.49120051240679,0,101.07835768733585
-0.20575020428855173,19.498818760957526,1,119.34091628068862
-2.154394348534257,23.72625502502999,1,76.09195243026753
-0.726703797834636,28.592693098015296,0,128.90649797898539
1.9833200496037957,19.22429024215465,1,158.53457393178434
0.6899996207286728,24.846341608670645,1,152.57286514318685
2.0556034663852865,26.026879371929574,1,170.89956610852235
0.9713741734962587,25.562898448202958,0,151.64436051608993
0.43200505958447394,24.006043086687914,1,125.93716353801199
-0.2398808157396948,22.49634243003744,1,109.42498159838205
-0.8415224679198028,24.16742128508586,1,107.99144820720872
0.05182776328502058,32.31586550526821,0,140.5133676657521
0.14120109351254662,27.19016245932636,0,136.72452444232036
1.3227303984674017,35.227972081855356,1,175.60360791231614
-0.2273408703957479,30.12763382195991,0,139.4561152233623
-0.5798538155043729,28.39805062544292,0,120.36228195191312
0.26379717233427186,15.047042793756571,1,131.2700782186497
0.5069752125109718,35.58301740866566,1,183.26701589083595
-0.07264053339128772,33.974003629260174,0,142.11469909198092
-1.2052064300428869,11.10340942647741,0,50.29081833719366
-1.690667839229911,17.028523238112903,0,73.73514109276022
-0.35885093238360105,26.65069515218219,0,138.5735761759636
0.6770061977555316,11.919712028405145,1,95.28884780868366
-1.4524766840888141,30.223004840619044,0,108.47452548920222
0.0781891168766685,23.135241084078245,0,118.43415814136127
-0.1324531546117874,42.688535503232075,0,188.39536161428387
0.8815673304984342,27.565782124461617,1,163.42817556377892
0.6797821179242859,28.035342183250883,0,149.55391401791925
-0.3926762519431003,20.023608203424683,0,94.11113256727226
-0.3257576201662356,20.24029268324056,0,113.35620931250007
1.1398036517270562,31.557442998763882,1,168.4210744651495
0.937391165995331,30.83400165303511,1,181.7558723284178
0.0460764004245183,26.808099661938808,1,129.3642942013774
-0.8545174858191239,23.933176047608207,1,109.47708732451576
-0.9450007782009476,35.44495229638835,1,142.68952174812802
1.8652340622602883,27.53620022727109,0,178.15854831429291
1.4560852892321634,27.425321942916057,1,167.70670251398744
0.15975715131958393,16.299630092784422,0,105.34677058986611
0.03376743799858116,28.900513751179663,1,144.5504745827604
-0.03212311665605486,21.17413866735042,1,123.63569913815117
0.6573233206882084,14.388518310115778,1,115.14474249637522
0.49098586344930734,25.27495851137786,1,151.00921649084177
-0.45996484331328324,30.622812564769234,0,137.36171422431605
2.792592882285633,21.333534394183623,1,179.38448465089667
0.5425729166512135,23.697812753032593,1,139.92641878870137
-0.2498733960039061,33.26799259916115,1,136.5936853733657
1.4334752715504349,26.790131293312964,1,187.721281674443
-1.269248136241644,22.585800918889937,0,98.52511764747082
-1.0370744204738762,30.00218222432929,0,120.33369117093696
0.4733179836223366,24.075213198040178,0,144.32537349055684
0.9741639200564846,27.413086494155937,1,160.86794929314613
0.2945100790222394,23.8305459423382,1,141.01842063148482
-0.5885038469527627,19.40077237014787,1,93.21142250523273
1.1564982748375856,29.057181938590062,1,163.33121771249597
-0.8180694211885039,28.749840139221718,0,127.73700607501074
0.2935762361797434,20.46434874826719,0,118.29732139639961
-0.7580636897042337,28.898587343992705,0,125.87870140820716
-0.41677238997042054,31.179524491616434,1,137.6962711859774
0.1999956264258448,24.43719146785762,1,123.23239264885261
-0.6945875004922101,23.611111373194504,0,97.83755528075307
-0.9317039019512983,23.963029960807223,1,106.17428357445958
-1.412010244277849,27.384622622851232,0,110.87058012839756
0.06970664222715758,30.060179220584068,0,142.382654137933
-1.0292930913951401,19.34185991641793,0,104.5135567149458
1.2605447289432636,22.03641610002394,0,132.79148878463997
0.1993937287863714,28.546949547435446,1,149.34001912604205
0.8797741825200273,30.09868794128092,0,169.7103582365866
-0.17743018855250403,26.4429406460921,0,125.54418486546301
-0.6990971384255944,15.816115694109364,0,77.96182224683834
-0.8293094148086696,28.229192139070808,0,116.09776368389572
0.5436168853557991,27.367902204400533,1,151.55118783698686
-0.40038782427900393,25.69856803136709,0,105.17399722872946
-1.0535966379994093,19.85649953977197,0,85.45245132036368
-0.40249098345638423,37.10933498198628,1,158.2643487723443
-0.5316304405262448,22.74658581386305,1,110.79322631609134
0.7073555373467681,35.96429476381278,0,175.49579096028546
2.1290642998704223,37.121009435403884,1,202.12559412319376
1.977437132739369,21.024101804899267,1,162.5103711442506
1.6381203843019696,24.723664126579905,1,170.6176782755192
0.10549476185684899,16.055944380345473,1,110.13753141962454
-1.6787956479858976,27.821038486712794,0,96.98744132854961
-0.6992253749565441,34.28614952594199,0,133.67925150381012
-0.3332267741502366,26.18538169869195,1,142.81791379487083
-0.17870032180061696,31.97474587246014,1,166.33726957096113
0.9048072228460812,21.316024784873186,0,134.28622587450178
-1.2479646206224484,15.80979373420719,0,74.78508840919028
-0.6666451048278524,20.343899318918147,0,82.9969536257737
0.3125414232208684,30.901053734821765,0,156.49318867332607
-0.6494556521875009,33.50318054230064,0,131.69826440674092
0.5752094385717602,17.314453784426682,0,112.31580920834418
-0.6658035156652543,14.924320648619396,0,78.16209224215147
-0.2523309119864926,20.291731380759842,0,106.37848521861702
-1.2006669577520963,26.25850155126648,0,109.18611611695809
-1.033598677369576,25.229053283244554,0,94.77357012473637
0.553388107425489,11.974285223370153,0,77.8526975517218
-1.4293886698529175,32.547718410766635,0,119.40667119913518
0.037749168500212885,22.299513798331482,0,121.61439992546035
-0.05318254570476974,27.751095414668516,0,136.53395190375485
-0.8200285620939661,31.04347680196975,1,156.9296296763241
1.1522955849228973,15.849190066907411,1,125.12165267464204
1.2207399893706192,20.04690190928013,1,123.01344063605826
-1.0904246680979461,29.64308453720038,0,122.75777093318524
0.2946020583685343,19.15743667520918,0,131.66169495221618
-0.35537855705210425,29.78506027387705,0,141.7445533586663
0.20344073528959558,16.830419052449916,0,115.18361685882196
0.023468215595676287,27.417187740138843,1,143.25079381097956
-0.14116231458080744,27.154907557271358,0,115.01853596159053
-1.3354777385261516,19.742956080460004,0,97.47179161147297
0.6528884573574464,14.429247845253407,0,102.97874784306637
1.6878751472184912,25.635248738317756,0,160.1998852301549
-1.4544499348189959,28.904022159512397,0,88.68027911902206
0.030700848394136542,30.55134252505581,1,161.33814134001852
0.7987297470471934,19.19115017123197,1,136.08597065608697
-0.5198488214724589,30.902576107726823,1,131.51677089990605
1.7430603397356663,19.001017009029873,1,163.05102147557866
1.1548953987387887,27.50114537306997,1,164.89283913453124
0.20005416003447898,33.64667090488225,0,155.65442698251607
-0.38686423027425193,33.834701939000865,0,151.31537850850663
0.9876127628379704,32.616221383312705,1,175.9031804126605
-0.11543473782476812,18.359734283133264,0,96.46265910540137
-1.2377981305812173,24.558570029642006,0,104.02817737766163
-1.447813402162,25.263966216706496,1,100.17275251898724
0.37191419687193034,23.505866352462125,1,136.61825698151435
-1.328733535639697,23.790485929041605,0,109.12327591976182
-1.2466312289568866,27.902360524942846,0,125.1899323914634
1.1105108223775524,25.486850098370297,1,149.93847824006676
-0.5282564512777038,25.044623772292553,1,112.03243540908274
0.2096403214145511,35.796001222507265,0,168.9169163584665
-2.392929517210979,29.864804131311818,0,94.29518647810303
0.18522236475299042,27.23940358257096,0,134.21132562679426
1.9147539934304931,27.087778524859303,1,176.78189824965156
-1.6033346608540544,17.609130232538032,0,78.53209571989284
-1.2679782423313235,26.36194306452032,1,116.2083194419182
0.43417850080086556,15.064718710655528,0,100.22483515403194
-0.3987293658012628,28.495983690004774,0,125.57638676608452
1.1116589717070657,29.68325080778998,1,170.87871180355054
0.5341942859859915,24.024041239254526,1,140.85832504253773
2.174352855314574,19.121051194258794,1,160.15747585389707
-0.031584480670257535,27.47190264485363,0,120.9504252799614
-1.00985005943123,28.372504580446652,0,112.52075665436685
-1.5601306176682974,32.86512985708687,0,114.64484792288059
-0.6785937148877239,20.35414307504486,0,92.54819610802178
-2.332145004226311,27.45039499708006,0,95.89494295692968
-0.9594113110771277,21.793560109721586,0,96.86773324315166
1.076295243439082,32.7293155049936,1,189.76293429323596
-1.2111926490921134,23.57660530494739,0,91.81436780502356
0.04614193292753697,21.597926592706315,0,98.37483255250062
0.3905184840824498,33.110066298544744,1,164.90345147227643
1.5247546986171703,15.668358672460416,1,148.6449239086514
0.11067330607779198,23.680659459209277,1,111.87038005478848
-0.468667606654889,22.196149546006616,1,115.408317041585
1.292972338884898,22.680865785009942,1,150.99731043364585
1.31961022023355,19.852712579473312,1,135.11334379834528
-0.13582655754541373,29.302583884055874,1,144.4976383555402
0.37816720895669964,26.160022725748547,1,139.15647154731923
-2.2301602235707256,24.153499996279084,0,72.65406148169423
1.3484696553371671,38.07963269857706,1,189.84802707602222
-1.4773608888346843,34.73112001087603,0,115.97156675867492
2.349595788699525,18.498445265694052,1,161.41163512465062
0.39755043348288205,20.965913666790314,1,122.78801405975149
-0.016812756524153864,20.114246683651402,1,120.02559572249584
2.5771228975133957,21.375410428932916,1,171.60801846012237
0.8676181349752542,20.655184784125865,1,136.3443335593624
0.8180394525050545,27.48178407706564,0,150.39646665975135
-1.67345904591802,19.01464355631957,0,77.41735111744242
-0.11378066958041007,27.57729052634449,0,129.53898022853832
1.9164582842470497,16.71575139871152,1,141.6961879242608
0.16006496308132873,27.622687904598525,0,150.89386784192817
0.4851415387809222,23.452632393205644,1,133.34078845176134
-1.75092160581758,29.402641647529947,0,108.4311807465178
0.5764161365977152,22.459539659351535,0,123.93225682116508
0.2007992533275957,33.00722653746292,0,151.8440984611328
-1.5423498779898628,24.36869701332538,0,86.3932224076472
1.5401249999999538,18.204580240136178,0,140.63967497499027
-0.7268713312034919,26.701711617192075,0,126.46310937237908
-0.876419969457604,28.88422167136583,0,105.72231485112091
-0.46844871099234625,29.383116427266238,0,136.584604696406
1.1845643419529488,27.350015953293834,0,158.83821165397893
0.08236174117794971,23.836670486256764,1,147.06613190078636
-0.4637057468035332,22.42669974139918,0,127.08361777178023
1.237313222178138,32.814690742940726,1,191.26615567672468
0.33601306664895686,23.238584295046582,0,129.18620235126423
-0.7299967613258649,24.26979025758144,1,124.70734845880156
0.0663845729525304,14.9813177682848,1,105.68401480519567
0.6590247078526409,23.791402353245655,1,147.68089649428612
-1.5656421017727256,31.706462262993938,0,121.02952133878271
-1.7530208137665444,26.559662476084906,0,90.31579785101748
0.9067080241604067,29.69924641986548,1,155.7555159844917
0.5170795367773825,23.559903379651804,0,143.76709314332115
1.4237847971147122,31.108273376489514,1,188.5635490238391
-0.5222982163490419,31.570534059723116,0,136.22949980584218
-1.3762373088957434,14.961396281409542,0,57.863841598106625
-0.12339236039751787,27.39045979959959,1,156.31724730999323
0.9900094935572437,21.058954732481624,1,140.01742788870536
0.7052896879910923,30.53083858538431,1,153.1597046693521
-0.36982663644558905,23.059996969107022,1,115.66809676562642
1.9813881215077218,23.687028226776587,0,182.1716196499558
0.10222346383677115,24.288606607739197,0,137.21586731832258
0.5631925023709076,14.217510248288505,1,106.70574189663495
-2.06812354747492,23.61240453126415,0,74.45304306514475
-0.10777208626956622,23.28837748994694,0,114.91447149955724
-0.30803690946372436,18.149935762596222,1,110.29537363311832
-0.7289568826146394,12.160054380915271,0,83.61867621175858
0.262331579256274,15.58939226392914,1,112.49664290583348
0.022043255198545508,27.323070500343537,0,134.23666117235055
1.047774365909558,32.91774509332071,0,154.9143688344432
-0.1628808670987964,16.243165136394197,0,100.35935324300554
-0.440864448074866,19.433851104127427,1,82.50803786360134
-1.3002795207088116,30.123799733370973,0,115.31284208725394
-1.3517695555591223,7.316242651767663,1,57.03442561983724
0.518490403627769,29.356013538219425,0,154.8298586939631
0.4761080941453063,28.5535702911912,1,150.5269844909486
-0.5665659432239132,27.63527241821898,0,124.0063692859808
0.08870234372341863,17.35038135916963,1,101.59765076107084
2.018023484412806,26.667270602370714,0,168.15693621086675
0.3927684342554152,14.666650452638326,1,103.64069008516059
0.4902311338818262,17.436618435047045,1,120.48752207451231
1.064493071394679,28.360510609499855,1,155.73583078341773
0.3375022323010377,28.507615461783942,1,147.3920272846437
0.21542440163548324,24.40912209545172,1,142.19946156684986
-1.5022030605613115,30.538206588259367,1,116.30152180734295
1.7439157401265053,29.325611590784174,0,187.19980222707935
0.6952102575494101,20.90832634938286,1,118.97833409304484
-0.10341660900303826,31.08008125757373,0,139.9669329808428
0.3576336809775147,17.192304985478444,0,98.9989502343814
1.9337479823869848,24.387539539669834,1,160.7630725911243
0.08834143368800518,19.46476786964204,1,132.48609393221017
0.1948373557300793,35.810829332724595,1,160.1104006557924
-0.4829408115415016,29.995984170958337,1,149.4411799935157
1.374151904801741,23.172342738051924,0,151.75933590397767
-0.6134758422648257,29.00992060768732,0,124.0475008723747
0.7364963700417789,23.323602970701106,1,123.26886028396794
-0.11696636548874689,31.161429478333215,1,145.70594996205202
-0.09084032276017276,28.517717979520118,0,139.66639366745156
0.23937494735148415,17.151330777837764,0,115.95178260006176
-1.580539225094796,27.651096753226085,0,100.39176077348091
1.0047851087650377,21.099247171148114,1,148.33682495541004
1.5757142061336205,27.581741321220758,1,175.25287734721283
0.6797313884731769,22.083319201965192,1,132.3710638775157
1.0791366058448022,15.428775796314651,1,134.00754288017276
2.1385004336100355,25.262343658148687,1,174.00814147109529
-0.41486672247445816,21.980276372041313,0,103.0525260594784
1.163844775900302,22.06935453363979,0,136.95445117958712
-2.229068521468423,38.517789861389005,0,144.08353187097046
-0.6068354256217883,20.05808205086049,1,99.77251103119639
0.49454510911455624,19.988872669901667,1,125.79366969292498
0.19038570019758366,21.59301104214628,0,116.45693823753705
0.2895868969868489,23.8764455230705,1,126.91499542736463
-1.048462091653767,23.520181843233516,0,94.91092176248559
-0.08394997424175829,18.359182245363844,1,106.44197867465643
1.406185488947778,22.74867593350673,1,153.63069690532404
1.5171348883948625,20.650332272121307,1,134.2926356528094
-0.6601873143038149,25.94703127996425,1,113.4220042909553
0.8133063641280702,13.60537465770529,0,105.47650706159733
0.9156084673530365,29.819590377052634,1,162.94871730073
-0.5661475025761574,19.430918543567447,1,111.77172579082898
0.6998204339357887,13.984931015142362,1,109.1247235157912
0.49939743641210443,21.302617402836994,1,139.65224319316226
-0.9342425410609642,24.432339145286285,0,107.6119043659256
1.3730060870354983,35.746704848946756,0,195.55565783467097
-0.9740199547883717,26.07433133263921,0,108.52936095416486
-0.0422128017096947,22.989149541004416,0,124.31865921812899
-0.9553510770288686,26.491289847369355,0,102.85838083123271
-0.24901252492331508,33.54140454745716,1,158.30522213138158
1.0630400760729817,17.694994586880533,0,128.05483114290783
0.7620123036875791,29.525656001197156,1,153.25741381283123
-0.336481797300832,23.561799745007747,0,115.94472694824421
0.7564097779910662,31.489181902586935,0,159.31794351400356
-0.10849476388772776,21.402784872429045,0,118.14736733304699
1.3951470257270464,17.89377954331779,1,145.98973626735636
0.011376426985841745,32.32214863767301,1,152.34712149864598
0.9310601288367211,27.073718839618927,0,152.39822331941784
0.5848535843558623,11.261611400857603,1,99.65959225528617
0.36899801185095915,34.71263444804896,1,174.33219103502543
-0.35939510887053855,23.846420070239887,0,110.68443923048483
-1.2759825463676853,24.902391825498594,0,104.97158639484546
-0.1449825077047471,41.912111184699924,1,180.74506612290187
-0.9308341830087163,21.171145089141916,0,98.2303555232406
-0.5412535311063194,31.24991228084879,1,136.3864916433959
0.35289895128635346,22.256107760348694,0,112.67726603449043
1.3046000145470418,27.951413014121794,1,165.6726454203717
-1.5859241699550022,24.703665647228878,0,115.90154435367192
-2.8157950027302747,29.701993335262646,0,87.90662985501216
-1.3430494704227711,33.76950857563041,0,115.13560703467898
-0.36744812817259254,29.05176822328646,1,143.17256950746307
0.006185283094341517,28.672700548218625,1,150.27218444567646
1.292461167466487,21.894157329195302,1,143.62827762396643
-0.5915732800021681,22.939874388465302,0,123.08135432976476
0.24825854128805802,25.665236496395543,1,135.1542476828481
-0.9009362255919251,23.783294189713963,0,100.84112193582594
0.9408780361051791,25.37524528995738,1,148.49551602665937
0.9328691874145899,18.488766282385072,1,122.69733314602796
-0.43609233622218224,29.946018144887237,0,140.09885491615313
-0.04765844681450173,25.247430178125224,0,123.33200100757722
0.9518893731521788,20.004238070340993,0,120.5387608659813
-1.2002965040954758,30.498973440318288,0,123.9241557950511
-0.6104944124160557,26.73259906318944,1,109.31922475017197
-0.05030702107517219,42.50713870442179,0,172.58708526114663
0.901984474659053,15.126793856106682,1,125.20431914034225
0.5703443136172383,24.933690223817038,0,145.55455570425514
0.6563156694733352,26.83344554901771,1,153.65121399096196
2.533090871320162,23.804374939039892,1,164.4704320794337
-1.4159445763685592,31.325989115139414,0,121.94739008157323
1.111333761817011,23.535835121302448,1,157.5546133554982
0.9920064009991281,28.302644505653063,1,166.94725954563077
-0.586609951413518,33.113393463327924,0,132.98965049822812
0.6307069544447563,24.22679532483597,1,153.2981480203499
0.9652665872106956,22.62351655908273,1,142.12885421203006
-1.5010455830405687,27.376141425912905,0,103.92098638097889
0.6323764194989624,22.316747949623096,0,140.80348695039012
1.226731962885808,20.02536114498122,1,149.34217890076695
0.806557208940143,30.332601887673086,0,160.28467778249848
-0.12112797383279326,29.406807700930475,1,146.47895953038315
-0.3009138305589646,15.928377704636514,0,86.00333127614469
-1.3467724546129478,25.112614456483783,0,91.67557517902038
0.34576285665202666,13.834411649814964,0,106.57069154064475
-0.6776500401376054,19.227935584542738,1,96.03615882126122
-1.3856276497375233,29.577283365793168,0,105.94865069926787
-0.15071937542288782,15.265252363341336,1,94.77455670433028
0.9716360795277332,25.71454317674342,1,159.9076593387327
-0.1086513848679482,30.379995696665134,0,138.7035288447304
-1.413678756605216,21.189183852102488,0,71.44100443682491
0.27269666305902734,23.928927433997025,1,136.72530795971997
-0.34033148889340825,18.50707012131337,1,100.11954537224555
2.6482394237120435,32.59177454913376,1,205.64650128859287
0.637907281495218,20.629782011441335,1,115.31311940835661
1.3861098938146672,28.29909034482662,1,177.58743445753464
-0.49965127345893046,26.683842482080447,1,137.6877757537241
0.413060709868309,22.22064464430856,0,124.05872052280273
2.0144532217852125,21.165907348613523,1,148.9035123521091
0.5468074240352201,29.89551019642596,1,163.93816687990596
-0.8387439360188571,28.500767275906906,0,104.19396707208297
0.17206836329717395,36.27807840082582,0,160.1411918268729
-0.3394765655485194,12.54654460403203,0,78.68914968559625
-0.747880950512792,26.576156051610997,0,110.940208731426
-0.07315881159963031,15.974263601553833,0,97.7678046545365
-0.9998426139686923,25.22201066373567,0,109.97108848634969
-0.07869164611051996,27.431603421481174,0,123.72491680837157
0.2316708698515287,28.331994891284115,1,142.0557763220844
-0.29157632861533667,21.925112664462002,0,100.05437598665326
1.2888877781487387,11.935316628903298,0,113.0931318441359
0.9457863440924412,21.3816776404101,1,132.95632417743292
-1.8980374341307102,24.144431721459238,0,91.52720908502357
-1.0070687083267469,25.64697065398613,0,110.1047950685977
-0.4931330264933851,32.03457566289498,1,151.42646447963548
1.6275463279433162,29.50467444175645,1,172.7830510064034
-0.5426618417013541,29.496561176783864,1,140.22667501526055
1.3972152481196296,18.688775050250612,0,134.17127003959982
-0.03314164793873362,28.729057893194366,0,142.50367564725397
0.01842696839669885,21.078239538662185,0,105.5936182222365
-0.9449765991230447,29.62265256731704,0,119.74446750023432
0.2880050396442458,18.54663276652576,0,109.65217824545135
1.2166457405445634,23.08983854042597,0,146.46796830864687
-0.2041694783892443,33.281130193069615,1,143.48850671532
-1.2857595201832726,17.590527680174613,0,76.54968703994523
-0.5483789608245412,22.897896613578872,0,99.8272521372108
-1.1572478656659926,18.15756746427225,0,86.63334764631055
-0.030550001034094054,15.455104905041084,0,100.54613863767572
-0.6669049538381203,27.313993194972326,0,117.02775295002255
-0.7988910281879207,20.186970644634584,1,96.78367091080062
-0.8774629615495453,25.036665104033982,0,121.01457929675172
2.588559052574447,21.87931837624699,1,170.12043071569485
1.630304167097397,22.816075507271268,0,136.91965468531666
-0.2998169629451351,26.567522093974308,1,135.5434543219323
-1.8843399077642897,21.841549380601794,0,72.27708673070374
-1.1417572056890235,15.333349430664283,0,73.69528579548069
1.4799940238022125,19.020265999526003,0,151.51205123386023
0.5073056131749716,19.20272905203228,1,126.18449399202517
-0.8417629091792013,15.224770446818223,0,75.3554190658322
1.0915610799825803,24.892480924931323,0,136.32296827515927
0.05598565480044671,33.432305168513054,0,144.1701290365282
-2.0951781782997063,25.31258251516671,0,76.76153532743152
0.1829905985400677,24.943998840888046,1,136.91725449117416
-1.9193163986920854,20.60384955259645,0,76.94228507026226
-0.793255530342262,18.02812585306899,0,96.95009090789023
0.4814639457050389,19.635170266332796,1,126.72316527935499
0.9586233355324338,18.660567892927883,1,134.9661973098964
0.051771137979228124,26.36994492975225,1,144.23584966160374
0.41561741497657284,31.078792504081264,0,152.76844626918157
2.4689257512297527,27.227073038448534,1,170.1194504909983
1.6402860638199215,17.336021217457155,1,144.4496534981643
0.48459043789279915,18.868415296354904,1,125.06383414655092
-0.6473882545436669,21.630197253006166,0,102.48637766328025
-1.456571643094256,9.352194337101226,0,41.17555908438521
-1.0876707258136176,16.702313680919126,0,80.30255027155081
0.9941665788368567,22.022129828876952,1,139.35622665051062
-0.9590387014216645,23.918183165311163,1,109.96130456975233
-1.3043443502115355,25.288179981973332,0,86.24576231661717
0.8062919169647628,23.904319526130028,1,148.91625228202625
-0.7669660777249759,20.439887536198636,0,89.66159259108512
-0.48637850748516165,35.89278936932719,1,158.1133790061918
0.40894268259128,15.85113442019713,0,116.294914675008
0.3405557665466092,25.04481829128188,0,145.5975330487255
0.7730338748937607,20.526735076297,0,122.16953976681917
0.5500011089587887,21.522226549951434,0,132.89751707751546
-0.37362193603241417,33.65342756259669,0,140.5865329109483
1.0206376698251496,26.632910042449964,1,156.29682585894173
0.05753174996299924,27.053635324271355,1,144.2890312575255
1.9834020654782085,32.75817876962725,1,191.58207032710297
0.08719505553117989,25.42508610145069,1,134.86617219849433
-0.28531721762165785,20.021348931200077,0,98.26326775749223
0.5825290574427514,24.199125131550296,1,146.74303691440338
-0.9847428015515799,27.960774017609232,0,120.63754411050978
-0.28335731800327285,23.967851351179505,1,121.601336290237
1.1994585146550647,32.41234388062845,1,181.30106017457263
0.14481233136687136,23.972032152724147,0,129.939766912108
1.357202174392758,22.933889173994526,1,160.02382743555327
0.18412121892486355,21.84277263185151,0,99.20698548095609
-1.2082067259699352,31.77245111381582,0,126.65969255572446
-1.0362689226215753,37.71457880708012,0,156.8356928154222
1.7280114745186892,18.42923923958593,1,144.46730478539743
1.0908528756750429,19.216951355214157,1,135.4468621990588
-1.039330101725986,14.640657111936772,0,68.27411833171519
-0.8567764181748413,29.966331421271935,0,124.51863436168752
1.1097473780215938,24.63087684371663,1,155.35758494776036
0.4524374441247309,28.674391393449824,0,145.758658180612
-1.4549235673327248,33.78810830434283,1,140.90406058012155
-0.2614575503671689,12.945432647998024,0,71.39036965454538
-0.2859647038607973,30.105817920906226,1,146.02323674620578
0.21332445758230173,14.169398592106486,1,87.20457383953435
-0.5620422553836463,23.13276016182948,0,114.41888228856948
-1.4239532588147088,19.460530160471066,0,99.68940805598304
0.531749030827651,25.373588253747894,0,146.82421270001257
0.7442740739432513,20.310538337627847,0,122.69547244336303
0.041437360769821706,23.557740455528105,0,120.73822889650894
-0.3237718337414607,16.49263765401303,0,94.81836095214804
0.024263476962699815,25.49241272623987,1,144.924236201695
-0.6976392706214737,11.427480562269803,0,76.80947594945773
0.6648608456479308,20.882240951819014,1,133.94944851282165
0.1412939074042225,23.06858444607446,0,114.54574466794622
-0.7679287494451514,25.304236691623945,0,104.44161262892689
-0.5318223368530804,23.566971787383153,0,99.04730606436972
0.46478530065654006,22.182249860478773,1,129.5995670166206
0.5376872949090378,20.306132218065333,1,124.23466595123647
1.7099920982224586,14.543313407216841,0,130.6415519308731
0.42397063155404713,9.21618727653033,0,84.37044039164556
-2.464997874316145,18.26786652330786,0,45.760105546506054
-1.8751259103853162,17.271697709953497,1,67.47983665497406
1.5828241049488718,37.185527495250895,0,197.11994884294793
-0.7340883218316897,29.596614050723563,0,126.4563770782384
-0.8339368118451542,28.45084998354003,1,138.44395140707718
0.6561803929820544,21.848157494814746,0,125.12659904435684
-0.15072884559598265,14.989073983827348,0,90.02677876334586
0.3092773084716804,13.916841051649737,1,113.06207485998164
0.9951034595931862,15.753218467105642,0,115.76729442916694
0.6811899692844661,27.433358944090816,1,168.20317436462508
0.37450876081558915,31.590559717453868,1,150.47661418381708
0.6386597682955498,17.06268320012166,1,112.23528773789539
0.2779439772334556,20.97758274573402,1,126.31697390944225
0.5974560731553722,27.451808755681974,1,148.092071558256
-0.093412856201846,30.111788295006907,1,137.37865709370496
2.2879920690434337,27.197678403158164,1,169.2707695368356
-1.163898081502714,31.893950490320236,0,121.56573266088598
0.28355392282844166,28.76212612378693,1,144.0395569310313
0.8319458435869982,22.631429290382776,0,115.32712385206095
-0.48874495595434875,19.486625218465193,1,98.09962322842733
-1.503583266224733,21.428215341712296,0,76.25192090267176
0.8434672608639736,21.28868438289588,0,127.41010426752347
0.5526931009813744,18.01898793503582,0,111.6982532961477
0.2580075379378352,30.044433873769165,1,161.25482910236346
-0.47042093150895853,37.746691632503385,1,165.12248811747222
1.1472304673166487,16.80614872749225,1,111.48229353970889
-0.35314230688986,18.686632254018907,0,110.51150014378625
0.16596350791174522,28.494900241789576,0,137.36657638292905
-1.6254377964761673,15.131419246723377,1,76.88524675063552
0.9404984158500793,21.526831320695866,1,159.58448460863707
-2.2742030713577193,27.617700853371435,0,83.97768440182496
2.813436353383001,21.734172759575145,1,184.84086835626442
1.1366733558591047,31.377895599935542,1,183.60392376012643
-1.304520180029628,30.48762573020653,0,115.36955467584619
-1.1192527991050996,22.521402599592143,1,93.80647359944456
0.096804043957924,27.608212465225943,1,140.56759769214634
0.12974873266939976,24.447164727373462,0,124.5942290951357
1.2221240443076975,22.21628688005686,1,152.0658232761453
0.2061661717111371,30.128310821158088,1,143.01572387399705
1.4827653537355547,34.11128771718519,1,189.31727235390633
-0.6147575373109683,26.709985474556607,1,115.076396789392
-2.135825237280095,19.82352215912246,0,62.87919453854481
-0.08305352622085749,30.92642275371574,0,145.23129566058614
-0.1106176908967821,19.93760562541792,1,122.66804848771928
0.2834458861403216,19.646698267780184,0,116.82178339200804
0.4393387939486292,31.51998690361082,1,157.90918794917806
-0.640183767236698,34.86385820151091,1,151.00774128662187
-1.3179516082586653,22.865439236380936,1,109.4278939351297
0.5441197072419658,21.80901068580826,1,126.71451090280239
-1.6055218557229858,23.677526434076807,0,83.86001947064324
-0.9462953162837325,33.47673270949033,1,129.66597582318872
0.001334760200910223,25.85726719740025,1,134.45770683090294
0.02966605962171595,25.259977853743006,0,131.48528415693073
-1.2269909790998519,25.008364668697006,0,100.74286759202032
-1.0457161298386985,20.194601936441977,0,92.51477796091223
0.5465804128550299,18.312529608255407,1,129.89840451841198
0.49424149589199823,33.98065321600902,0,156.84137438593126
2.0752720038086934,30.450408757376522,0,171.0677326048066
0.6504803568438158,22.80549439447899,1,146.89206618495797
-0.3173814825017986,18.691437880573922,0,104.4014606388891
0.6537007913001993,13.937250410507726,1,113.86499052453907
0.24189562402776557,20.24759018586517,0,126.66358596105955
-0.29936477743135825,20.215817686595404,0,99.79167106268373
0.7400792747684926,16.47565298085394,1,118.39442644367618
-0.117201806782097,36.07974631329572,0,148.6731961766815
-1.0084405681258215,27.06835418511222,1,134.12616146544795
1.6756908652237004,30.20292808180766,1,195.78321933543444
1.0634854989381195,27.025836665559083,1,167.18307739722422
0.8688578230525812,33.68732159669191,1,178.88086013451777
-0.6592018955529713,25.348458535712865,1,106.576196560554
-1.082761830095914,10.856244974706433,0,53.67945470660696
-0.2941397514032852,28.005621255684623,1,138.1639827785609
1.321096361526016,21.957529714773425,1,155.0198037387793
-1.1200951658332146,12.590285363043183,1,59.672877548423465
-1.3772853545148585,18.27218316988359,0,68.96896865969401
-1.7028100549503775,26.70856632551603,0,98.75214945769177
-1.2797806508866871,25.222252513126644,0,105.32789913947032
-1.0368534243940932,26.38707977548259,0,116.5177269505037
-1.0255055507754813,22.503395726314018,1,120.18127972150597
-0.22618673367360498,19.849619797207403,1,104.26285120236615
1.281646154498478,19.922327827566097,1,150.5121533160917
1.8542625642626283,22.731685038040045,1,158.25075311807333
-0.9995120495079368,21.635847520533595,0,99.39923317524415
1.2041928268476931,30.625053077006303,1,185.83985289816218
-2.1270629845165825,15.443262802204318,0,59.4403447439046
1.4944114637802424,27.657280137493494,1,176.76357914520543
-0.13193452580769124,15.61412308389504,0,88.46873892854302
-0.10817149250684219,24.175052171654084,0,120.01784062634452
2.223331692849746,12.143805687586582,1,127.92885446097321
-1.8131859242887909,38.894006004686204,0,139.27069054772875
-0.32550330350669865,23.24118067083996,1,122.11590000027734
0.9561157400559595,18.637894770890576,0,118.90997980038459
-0.6195927689916121,32.744434070704855,0,132.0547531274419
1.2691231949784754,26.01444137164026,1,163.18673960980334
1.1021727216822328,21.73205299057217,1,154.82594718270605
-0.20160294956943184,32.66465791014933,0,149.55984769530116
-0.5538146715028812,23.845871177056548,0,115.56365274909055
0.619418487245982,26.555707843765347,1,167.832959931757
1.9305533079516655,31.684049864980185,1,186.91269785173372
-0.4437200882096959,27.454996805550742,0,120.64648939799058
0.3991706875917639,38.49384021741523,1,171.6471026509236
-0.7331750700743253,34.78147627953861,1,142.72734955583743
0.1897503622999493,19.066431332209604,0,116.90075390116822
-1.331741600224493,29.86767937429746,0,113.36278186551198
-1.0605466624672697,16.82759176179809,0,74.43339545495773
1.2346120495427182,26.82425315552385,1,173.77685373124828
-0.5007542781167433,26.404178540128186,0,133.23377379012098
0.4801785635089321,24.845087607516547,1,134.64705591284962
-0.24022629889258137,29.478182933911604,1,142.22955234871577
0.8467091671700255,32.634685844868784,1,170.63303306453489
-1.8121208725148032,26.505160972072254,0,95.79918729871383
-1.0851254485800677,17.76289565471869,0,73.92763167039568
0.1062856143027975,23.3098321652067,1,130.77104841561462
-1.7804402205626346,33.390062478401326,0,117.28415090796167
0.36880283935595887,18.33898734004697,1,106.31946464127047
-1.2720216171974852,26.117217209912862,0,101.16169831391115
-0.53397560207683,24.201585025954866,0,123.7341030955608
-0.1894638069113853,25.5246692531506,0,131.98215755528494
-0.017819309120804136,27.29894566828574,0,134.68825137673332
-0.26549671265457686,26.35319266201984,0,110.56725675607035
-2.9841841891691976,21.96325171154683,0,55.140948860784306
-0.08717223151816106,27.649977510345828,1,137.50999706935406
0.6969554317367049,29.912281997574663,0,150.03800829409556
-1.0233187704542934,26.8506679939744,1,130.27902174334398
0.3940057202829478,28.497045135805443,1,164.21352090089343
1.0024971392579463,31.204000513000995,1,177.1316802670431
0.26718049955975903,17.25631714883456,1,119.00150905411292
0.33422730151989305,26.885797439121,1,147.09771711984368
0.10053574256702258,20.175119076360104,0,101.34974482609253
-0.8934660280576882,31.87197761561667,0,132.00756866954737
-0.5454259727441693,32.3092897171874,1,144.92378806599683
0.6312015118111298,29.482505401644943,1,147.97123390978774
0.6270361720826149,30.301664315483745,1,166.9215542417586
0.7263129128543456,20.25796203934556,1,130.0446925673005
1.926044905305605,29.793564469058456,1,185.6620160625897
0.5071229413789197,29.336152378486684,0,147.94151508219795
-0.3197852641336115,29.883826668319333,1,143.8310198143674
1.4533018318951891,14.237836218607878,1,119.63587441080506
2.4400274119818675,23.94644864869827,1,171.6612197485621
-0.013798189671737519,27.968310423764486,0,136.3449006659615
0.43148157211922694,22.414638790482133,0,143.02989202328055
-0.6844135676813412,19.917644687321932,0,91.99994720760927
0.12604017811738594,30.503653393993538,1,143.17378983231782
1.0749626944301107,23.46408057067696,0,160.66335318601517
-0.023631758668822042,17.133899288781514,0,100.97761305156025
-0.36440119252252834,15.428956444494133,0,87.12624689486553
1.7649907620689573,24.425554490920728,1,170.14824954200515
-0.8086514426725836,25.34900388824629,0,101.40741120460035
1.2179647581063513,28.21319754575149,1,166.93367532066512
-0.6357137674773551,17.01663823342372,0,83.20853496699891
0.8052925025780969,16.9136405601775,0,107.81560116556707
1.17464127687451,10.195056308375323,0,101.57598555497259
-0.9540899176320669,26.41641146008236,1,116.1064359314238
-1.8204108985572294,14.402829787457126,0,62.861492102932715
-1.2731545287249935,23.735236255062482,1,97.24007611517072
0.29510696210523757,23.676563231567997,1,138.8067714378454
-2.826109479978062,20.130908523219816,0,45.4395061087795
1.0749945020367464,30.127966045858006,1,170.7952958141481
-1.3982802886416617,30.976443790289768,0,117.81121363979135
-0.49298027606089156,18.34159142658918,0,105.67877959073515
-0.4978314079077016,14.805274988114485,0,88.3034839782453
-1.0299488939797075,29.340769080969913,0,124.50051453860341
0.5323909922337027,28.947659253762048,0,132.5482139094208
-0.6723222201675056,15.48515052371327,1,98.71818290659084
-0.7233891568309635,28.13653645791901,0,119.86324347469454
0.884571843538589,15.269052601442809,1,118.96274828466709
-0.22995430057280475,29.16867788779697,1,139.6837463735521
0.9415177541500275,33.513456672340666,1,175.4501370057883
1.466061367556048,10.55440738975427,1,126.65219524651003
-1.1173579284316058,15.681977910310286,1,80.88981801867821
-1.5638262073695455,20.198419736006414,1,84.4417985095976
-0.6920268591356604,24.032936987955384,0,115.73583707401535
-0.048668460823393316,22.5009292692753,0,114.84186529194753
-1.806759227598896,25.17391166661151,0,107.25489554330342
1.8310838790869122,22.9536789097223,1,176.52390762981125
-0.4752940033383676,23.423886124309867,1,113.0089517836035
-0.4965500229303582,40.69086497700084,0,151.65044649923672
-1.1946165077899724,25.800995721934516,0,110.58548764562154
0.22304313004558282,26.107397404664255,0,131.98789851964682
-0.49490477636264885,30.891512539115038,0,135.55104786762928
0.2903756297917531,28.953813997266927,0,141.9129456352779
1.0083461499102382,24.573325239643882,1,148.6126039585994
-1.5729247075747537,26.473119102489864,0,96.6987411998732
-0.4271843602769613,24.772877748398148,0,121.13794468972303
-0.3401720215581481,21.269381343564238,0,112.4027000097254
-0.773856097326844,22.369247254407828,1,107.23107093090583
1.3424122081858725,35.62502745621025,1,187.07606928676918
1.2493371339696118,16.95518624159506,1,127.99009121133042
1.1771664615736215,27.062967574087136,0,168.76796144185238
1.3399092584862196,17.88838988509669,0,128.17549745053742
-0.5558886257307544,15.914383357135216,0,104.38370075808047
1.5983029890609135,22.98403613674356,1,162.98821516997515
0.3358845462575706,25.71167434613463,1,136.0765226009028
-0.3469690533444029,22.144129724879758,1,133.44781358675093
-0.8279453190370074,21.327000499680484,0,91.395650899379
0.818966271479701,25.827482348926292,0,126.20336345918946
0.4277004560353525,17.222401691870182,0,113.66848833077955
1.319209834262904,22.419454914835363,0,135.17748551700097
-0.6477015680837754,24.540002643109062,0,103.83367366133504
0.1622706116711014,15.930182301166896,1,113.3781764082435
1.5201196393248309,27.34587642290169,1,169.01467768370782
0.7484645357731285,34.621043408249825,1,171.2851808016652
0.18279017460564453,16.045929761539178,0,99.05318209944485
-1.9702430450664765,19.29219649847861,0,69.09009344040936
-0.5854371006539995,18.23074338934286,1,103.61709441508928
0.2348047652527052,20.326725809357356,1,127.10097503320208
-0.3307929307992008,34.035334222270365,0,158.06492008351043
-0.25090264140087704,30.75482175461773,0,125.22331847258218
-0.19028689059834894,13.578448905365997,1,99.47028832853913
0.4119705312166408,33.101307757443735,0,165.63606313763432
0.7837477927893318,25.36341942807735,1,140.2603042860734
1.5815356391602036,13.249745404463495,1,123.66425437702132
-0.42757570763831615,26.299398948601123,0,123.71105701092368
-0.5851598964003013,24.21206116677922,0,111.33837917708627
-1.0806618101032721,25.785063391617506,0,96.25860240361627
0.4511870820132378,26.014611487394774,0,132.23095135209292
-1.1833118310533481,25.526745743764206,0,102.79763467339772
0.2676891329337272,27.05138940901988,1,161.22849631601193
0.1566964957657011,26.223662095667777,0,131.3368622572813
1.6451530477957022,22.982609929237476,1,175.41924379295037
-0.7819068579406823,25.215543841191103,0,111.72523317408229
0.5653557025333233,17.92405574344709,1,118.5558973712969
-0.6323037076438588,13.43061606670948,0,82.75964092693083
0.31422820615320696,24.917677619656672,0,138.66964384183603
0.02834917993533896,16.97158000467838,1,121.89552045033491
0.22538658264059047,19.895933996816677,1,124.7741174123263
0.794691676629435,32.59860176487794,1,168.42983846252227
-1.285917993678903,26.18763841076167,0,94.90553728297886
-1.2021593477400323,16.171701587479852,1,84.60104028980247
-1.3926150163370257,13.001237316232464,0,64.61659329081462
1.4287230430316558,26.22389189510928,1,182.29395757724438
0.0966548660014297,39.00147289642699,1,163.8722739426833
-0.7660227100553754,34.523170240521736,1,140.7487070088684
-1.0901465761723332,25.334686117103146,0,112.33267240852719
-2.041214339777653,30.315958536707903,0,99.53077911691855
0.6697038521211771,19.23221873136464,1,127.98408754788917
-0.029868298523052447,22.54580182865878,0,126.14419536049972
0.20176771865333204,32.08204678689021,0,156.66633590893426
0.14301233308316721,26.90857031839816,0,126.82860344132476
-1.4453395090604206,26.753335881464203,0,103.1673143499281
1.5745751934591907,22.020305078206114,1,157.49341882814778
-0.12632582368776932,31.309392308248615,1,139.3907975222705
0.8267531180474742,23.827218385616973,1,149.12476788837415
-2.3862115800194807,27.895250828834634,0,90.94120832876591
-0.4625149849225757,16.185122420216803,0,84.56355703724215
-1.0767389007279031,34.843655152694375,0,128.92235262619178
-0.018095525226835968,24.158595748220566,0,136.85270931691628
-0.6292557405129979,25.536648810731542,0,104.80372492514084
0.3102619601795582,22.96303474937307,0,123.8693152068619
0.4524986247214811,28.712131097273534,1,146.91624818910128
0.897444251611822,16.099285210952374,0,114.32279929406897
0.23723977857440331,22.801454162749643,1,141.40475285596472
-0.4473085671692887,26.18987845466282,0,101.38808590680443
-0.3447143028994948,33.82819576110981,0,144.16672378772896
-0.8057133349053682,23.00936729872789,0,94.5242402045634
-1.12246062175932,23.227239159613905,0,122.06790182593151
1.3491587641333178,19.376728328616878,1,134.88216618152669
-0.8374183740703368,30.695618090232863,0,124.35273671520731
-0.6490854434843163,30.00132520052751,1,131.63230541702575
0.7275648091006529,20.022688607688316,1,137.71837608330875
0.8239864829266196,13.599435862716907,1,116.34587624968886
-1.347233051513971,25.487078655949503,0,115.45248885102257
1.1637822228116175,22.449187345061258,0,143.53078849718858
0.07054469711302308,18.866381245822783,0,115.42498978165654
-0.19280782130832846,17.28868579711829,1,118.72730028700371
-0.0990849166376871,27.17624129477676,0,127.15986938422269
-1.0357256742494028,23.795481168026342,1,107.29330406316328
0.9268250565706722,28.574507700291477,0,162.09353004582115
-0.7034798623933617,18.70317608289041,1,106.34245264205269
-0.07395618840463263,23.833692232677475,0,132.5082309211309
1.9450270771932017,22.506980148882406,1,169.26059992085848
-0.3369552135385287,20.82974788856472,0,116.46913260134916
0.8799550424466266,16.205962398605728,0,118.21759301612336
0.09211808957437766,31.45285602361862,0,132.05312465238606
1.0790763923848978,33.28755928453765,1,180.1284213421307
0.45390682864490434,20.177183172197644,1,114.2979395865961
0.10732487593430101,22.365696666786775,0,118.60962826098866
-1.4015503229839166,23.04047574589795,0,100.31301013923084
-0.424066859000708,24.269858005797317,0,113.42839376267018
0.29455976883299534,34.452016547215706,1,162.44768288482854
-0.49368205665433323,10.012267772846211,0,58.02457479550042
2.389766415297456,34.393727686778576,1,206.69513419954606
0.24710559080056504,19.183939592752672,0,119.66352530325408
-0.3594831551864186,22.443035565225312,1,123.29010681513702
1.3154392757641724,20.837788190311826,0,145.54998978820456
0.45794844248842775,22.711891107146503,1,133.31822980148542
-0.5926749062946909,29.77092185243799,0,135.04614173251252
-1.5198387830610351,18.538337377171356,0,81.80786748406415
0.015231837271536194,24.95178361068223,1,136.57061419624716
1.2058784753405565,41.201564932903175,0,199.97133661587665
1.8766970102300151,25.474381416102364,0,176.18749660974402
-0.6536866682258168,34.836891636464614,0,135.93680745736222
0.13207373155069885,34.79562401860859,1,168.4886922800212
0.4182778948810518,16.205463210771402,0,96.87838910181699
1.2743185172585614,30.986260765725365,0,161.44873819721917
-0.08066504499396321,24.750019280669758,1,135.3763489837208
-0.8203208550748066,33.12193725663573,0,122.69748065218565
-0.23871288569302646,25.199841043654445,1,133.6192198815042
-0.9553706150364827,25.89632056601877,0,104.98283730390925
-1.6940134971640972,27.364657196996795,0,114.4601117195141
0.7900191641948396,29.647974469589034,1,151.1058768994217
-1.558143686773122,17.90550262499533,0,62.86331363421544
-1.4150725462372662,28.037275411007315,0,105.27221070383983
-0.684120882811617,30.412585757420658,1,123.74821122689072
1.8865194846869344,29.561755052781095,1,205.60881190114534
-0.03252689185748807,15.73578867114255,1,113.18894014952515
-0.838253152904559,22.236694524155205,1,107.34788248837091
-0.7599914208805024,34.945143542247955,0,137.1432483344862
-1.2089699286309856,27.28674840778985,0,102.76722132231558
-3.4457351933027294,24.18282614589414,0,55.97126515666262
-0.5825000066038515,29.695194770756295,0,129.45794506029847
0.7153428498714601,27.447053567775594,1,170.40847972398294
0.9923705719068893,28.047229939442918,1,159.03242476123253
-0.440492673084782,25.46233105669124,0,121.59317176544782
-0.598286100755725,30.172207903819803,0,133.1522741149991
1.351700272335258,27.978056559296277,0,166.85230524048472
0.10513763711275755,20.960268598163935,1,131.22310734941456
0.24698762565732485,15.38275034210596,1,106.87852741438743
-0.3359907845555045,19.584829084685502,1,126.75469028579002
0.44451710182744586,33.60587507076196,0,155.9534598632999
-2.025020660951271,23.738267827166705,0,88.02439966752505
0.4908194700491622,31.071216710548512,1,180.92848463727182
-1.1672165146459652,28.720504015873743,0,112.26396804932376
-1.2308734545921174,24.954809851107782,0,96.31983420845344
-0.08111097003933765,22.563054726645305,1,121.97592044559407
0.029461337472454757,32.85158441223783,1,165.43908943595963
-0.7737412077914461,22.50431875574191,0,103.6638056730459
-0.03079394693899912,31.34669491309769,1,149.4080199073689
-0.8233544762026652,29.969156053986765,0,123.7685895626299
0.23972149700291326,13.750309791962145,0,94.2724790273911
1.3055252447218406,23.05789622993208,0,145.97517543448367
1.2069286045057004,27.92398513899811,1,161.21957758647727
-0.09294799487839779,17.093463565127156,1,101.49571447110472
-0.9859776470214162,18.25970680238712,0,87.48129652437702
-0.736773830742717,22.632723343012785,0,103.33784134100753
-0.12298172811481776,8.30631459308243,0,77.12569382055598
-0.5050738658281041,22.502910637711928,0,106.44744957741956
1.0267545942063177,28.037231999724497,1,165.6562686650283
0.08837177063984508,30.87956044494904,0,133.12808759891425
-0.9606208417067813,22.896709979231865,0,98.63672512040874
-0.10843619135623928,27.847241215066227,0,120.21335840081095
0.38409981360463286,14.065308496371589,1,114.83711093235652
1.8820731271496334,28.774806382912832,1,178.75258155813592
-1.4025944558674162,21.166280548353864,1,100.91515310445918
-0.11490258288671407,12.827105060707916,0,81.71420749352033
0.6368274858867208,29.997526091549304,0,151.24748295583572
-0.48975384592034266,22.575932451046516,0,114.20566103273282
0.035581373028135584,23.663303572226216,0,105.86555219454542
0.8238677264730996,28.675905473981203,0,149.20327699817443
-0.01003630938673993,35.8233939941887,0,161.2611050037139
-1.3615444462191377,16.280875155741494,0,51.63968826630999
0.09236483848845355,28.04955848829076,0,134.37942838012884
0.36006653633873104,18.334168452334186,1,119.6571385959903
1.7494113498493167,22.198123824552617,1,149.23147546006476
0.5706275782686231,14.305012534759545,1,112.5922508337457
2.0294095069640252,19.258324102965254,1,155.60644888792464
0.7726356224432576,27.661929616947056,1,151.01500415609343
-0.05590935509979584,22.131649414521757,0,97.28524973750422
-0.42200005742751645,23.425969442500566,0,110.61401091041515
1.6430506816351633,25.950233177860042,1,165.23721750374978
0.7404293862181482,31.81865297529097,1,163.25791881822593
-0.985692854175549,26.114996234482778,1,124.56051210913866
-0.38173251596345825,19.706943435896317,0,124.1917572375101
0.6191015849446598,17.21037799015725,1,105.95393244595925
0.3274441330710681,19.27048962865215,0,111.10453682098341
0.6189406353588752,22.35377821638938,1,140.7183153775132
-1.1113196633864286,20.09119325751451,1,83.02674410297529
0.9527251098298688,20.837799732268138,0,124.74560923936697
-0.9803957358087101,22.69642578994492,0,101.26697700850397
-1.827070118169701,24.537688099402228,1,101.43059706607143
-1.0874792708514267,12.214819021499238,0,70.46362956615471
0.8492723130211369,21.79812124730594,1,136.2761328402639
0.42338077272548424,19.30067950341325,1,116.85155147142557
-1.0274195417328449,19.119518319278487,0,69.49244395293782
1.4069467216513807,21.508282892405003,1,169.02712341396057
-1.0717312708592162,14.66304776913916,1,81.22915045673665
-0.47427295535010683,30.977401722994017,1,140.89289546950593
-0.14116177498763594,15.414861661872319,1,84.62707296096593
0.7908783127008134,30.44930448493774,1,171.2980824540845
1.0002501407361062,15.974649108314988,1,135.0024848938987
-0.17582693673530178,22.524281484226993,1,121.84436368431471
-0.445471631727736,22.511788715612326,1,127.12866861861917
-0.21927755961485512,24.754892893809597,1,134.79765831022186
1.5643838319227938,22.639331419895267,1,148.45525897020735
-1.985349586193644,24.86669119801349,0,80.01469326048337
0.853701248558694,27.503373816249525,1,165.82741358055472
-0.08264181334741968,27.61906351555298,0,122.9270173102833
-1.345717880397263,19.764717477847643,0,81.30048231479213
1.6065269789449295,16.331380198541048,1,142.11636483385576
-0.2516277836031176,21.237288830103452,0,112.54033368238447
-0.4559530579413319,36.47724169644556,1,161.98949132841437
0.2884550298533856,17.436380068636623,0,115.86449257475496
0.18729721347703318,21.308730534565377,0,121.16158618720995
1.4873583465249933,16.8784632008786,0,114.3325650786316
-0.32106204580413944,24.08484653493163,1,140.61408259739164
-1.1558742855659359,22.845782885849637,0,100.13777480621356
1.8556584027348362,22.90593241653734,0,155.71671464743375
2.643487365364224,23.15117493751589,0,166.1001057617034
0.9679333599869705,30.99457779790256,1,175.62636501107363
0.009590635029646355,31.67928972075741,1,146.08733571849737
0.844984113963237,28.076246221013665,1,148.95260569356765
1.062564946397236,19.184881590312905,1,127.26907066947264
1.4100169470354356,29.139871176523343,1,175.79888321458333
-0.15392552309980892,22.638172190521672,1,133.95422160880537
-0.97206093440674,15.900526698311127,0,78.68132338062495
1.3755447208488532,19.063005559535128,1,149.9760153751839
-0.5578814460296162,19.222748701070444,0,121.3272878401537
-0.9106561622788407,36.00897200307671,0,143.56356384750654
-2.158775749182277,14.917102553584025,0,65.22907770686183
-0.3026947913557586,9.968889045100532,0,67.55818191086294
0.17182830915966837,23.609480699636404,1,131.93168363528397
-0.5660995913099899,25.19578450282305,1,119.7333483004363
1.1340643531648844,20.08179469146749,1,139.10849332619688
-0.9523066305426233,18.250916732405134,0,90.29346969624805
-1.3252040973395365,17.124917538978735,0,68.63255746119384
-1.615819373969134,21.86054042988838,0,93.9516462330521
1.0497373819242424,20.36868188850609,0,121.11177841890738
-0.886530168126417,23.469008282154952,0,89.81381652413155
0.5852455202789659,23.064336625532015,1,145.2855001474567
0.6482017660074079,29.859878044263098,1,162.0351125706856
1.4318222412949606,19.73569084203971,0,131.29006530254787
1.1148017918354074,28.02278365762112,0,150.54340601962468
-0.26189505986614814,31.55617232800975,1,155.55089543091512
-0.31352968160466116,28.980669778653635,1,142.2510688611439
0.28927687643167427,17.04119621254175,0,96.65513251318689
0.5440836787940748,23.84300588053686,1,143.29808728940537
0.8490809946926291,21.60350646738551,0,125.12183430825449
0.6631942448314351,22.114423701607254,1,139.58390666598794
0.5651234411808224,35.26818575727279,1,172.71516111721587
-1.6163767245417493,22.772256261354215,0,84.35452819505643
-1.3076271604929508,22.96817510835194,0,105.96625969805342
-1.0390017014694133,29.11539163948812,0,111.06749164343333
0.16605539765237828,29.658355360918087,0,147.46815059653957
-1.4882311422559549,21.56758073277189,0,87.19423224370304
3.230856483865616,24.178176510111072,1,186.36977165350928
-0.25305865859307186,27.50434864743867,1,132.5870751620713
-0.36810178319467896,20.916276972797895,1,109.89994777465553
-1.3077473764723608,24.410897776704957,0,95.92494908655445
0.7759936253505587,22.816421354632052,1,140.61258483902327
1.9830455476663025,18.933594872401503,1,157.58911265401198
0.3807039023666753,30.72685481306126,1,169.76376276300786
-0.32975762094241473,21.864385885187783,1,120.49093141969598
-1.1894282953156545,24.450598258083776,0,95.30442153564543
-0.5785610589163996,26.50739634054138,0,118.5422445230552
0.04135186109377547,11.301137625849485,0,84.36852234365841
0.5561897652491792,17.630773000893093,1,138.41017498892313
-0.7751778275849553,28.24920786973358,0,117.93898367087286
0.9157491676655279,31.604130774098746,1,175.38655101000688
-0.8168102029519945,27.115593054488567,1,127.22838382771847
-1.613107469130481,21.694009937507847,0,80.36895357379451
-0.7052531171263974,23.847203402707606,0,101.93829890973088
-0.06590663763526451,24.49658728654345,0,130.01335483707956
2.1703182616934296,19.312914964047934,1,154.79270713366728
1.3402724836648243,17.257191485607827,1,135.9241577477845
-0.1098475744227473,21.506902733407433,0,110.26618260356585
0.24206677096683146,24.653699370061748,0,139.80172029040762
-0.03895303911508501,32.7248027119481,0,143.25562342379249
-1.1903064778449413,26.793713303801997,1,112.09071129842866
1.229743646439652,20.70545836993629,1,149.20398287923763
-0.7742384568408259,19.845116038547836,0,94.44923329375312
0.7438426982351504,29.898634207951567,1,161.79192142375038
-0.08387831795519225,20.784361437932464,0,117.48129691433911
-0.03602841574729209,14.885198186758121,0,88.4600707042959
-0.758867449765269,34.19777292943627,0,139.68832931381266
0.15832949521591855,20.33290812892359,0,109.25791856699446
1.2901001009989954,23.299993393376955,0,144.4323046189382
1.7909551400233281,16.342670189320664,1,164.3795820463874
-0.28088601082736225,24.872406978203426,0,119.35431437000538
0.23680671827341843,24.418762356625948,1,141.73490007570177
0.20551156793614161,23.855065696265935,0,114.73632167097344
2.473893616176175,23.369342183299345,0,159.1717416810175
-1.0547337783535728,23.826262442466692,0,109.31095309430955
1.0626522412817117,26.163293322012265,1,167.0840499553664
1.1430041356754534,24.73699343333921,1,150.38473303494388
-1.850333381151891,30.829029512904036,0,127.12894269099169
-0.9781710514862254,29.033457139909935,0,111.62730866887782
-1.736312645881239,29.71415070003375,0,109.66027645691806
-0.6329644204780174,27.477701003233932,0,109.47360641381647
1.318322311457062,27.050378053379482,1,158.7710056347153
0.1592090067620261,24.154599051239828,1,138.950781936109
-0.8961623696272863,29.724613429064792,1,124.02971525993777
1.2275326043509218,18.50898457797348,0,138.46154595076388
1.102786734380257,20.51795305770674,0,145.27846695128028
1.4546064079293188,18.063426516150685,0,121.66068868612298
1.0541553585951522,27.912064632981036,0,155.553594065491
-0.135225945117842,25.60459979126203,1,133.72145933229626
-0.6599905485254446,18.418052269352195,1,101.52326553494596
1.5933040409278556,22.969562926309166,0,148.91391714164502
1.4395522559039342,21.124548179400787,1,160.38640818711067
1.8851491137827154,24.29426643925839,0,162.56770916009228
-0.38675544451895794,22.560129265211145,0,106.18511627510277
-1.992765500720968,9.505178500517996,0,47.75712718321734
-1.3810326343325814,23.63538945411254,0,89.07344545751536
-1.3579646399782446,26.58352862903416,0,113.94562531862807
0.8579566967989405,21.35900639306833,0,143.4315406809662
0.28172550148894254,36.25964755470336,1,165.55908844400633
1.1343640499698526,28.670038672617814,1,170.03879783089963
0.5871927502740835,29.335791884272755,0,156.65986110756614
0.9225983672783563,22.77537304989664,1,137.16951652893525
0.8440122191023487,20.15182878770385,1,148.67818433672355
0.13544665531057748,21.930085594957998,0,115.46564522774591
0.7256873701822484,20.159816466524006,1,124.1447167727144
-0.7199340408567737,16.630270385074066,1,101.07421733221332
0.7844013004420973,15.008277593332943,1,132.44286166233266
1.719724392451887,18.163133419368727,1,146.04730714520616
0.810928209485881,32.10847686148902,1,169.02937345903953
-0.8059910280501912,15.31520793226364,0,79.34572235539173
0.23406185729786633,18.88767862220888,1,108.58746234465119
-2.131078601047485,14.52492186753257,1,70.93546607197746
-0.9850727393777533,26.144326555139298,0,99.2437578692707
0.7824068428909119,27.784977079787886,1,165.64559037966123
0.9417913643289557,28.30815531790233,1,168.0046645445481
1.2181813854791284,16.12170433003435,1,133.35751951194194
-1.0060698295899047,22.23634784916529,0,108.99515341149845
1.9200530102345459,24.01187005788261,1,159.3612043710363
0.5850278965194202,36.46604325878122,1,190.7450324190893
-0.3875648918962034,29.366275929860393,0,131.90349394934321
-1.229569813661775,15.274603048155313,0,68.79401513442546
0.09557202475297302,32.37571272985336,1,165.38233355401334
0.21393841740237673,27.889999620201973,1,140.12135553083206
0.19795245228545744,23.18943541097639,0,112.20058109133689
0.17059224513224033,32.874970711734804,1,160.36419134934224
0.3287877626567407,24.91510328593709,1,144.18704786434
0.4679007075795505,29.44356751704245,0,150.36933227727684
-0.9530871941924423,27.532052242567275,1,113.67691045228048
-0.4865389481368478,30.234840766062312,0,138.38781228778092
-0.49624932816087214,25.864819008746903,1,133.48856884889048
-1.4447642913927563,28.825555689193564,0,97.11636543347156
-0.3942862876378837,27.852956199679458,0,124.26205462759563
0.13249579555213378,20.636728047745848,1,129.5672271166031
0.5513221381087878,14.545569191043125,1,110.70707997799363
0.8290609690605681,35.38718400286547,1,183.89146278994585
-0.16689182532524735,33.59878968089538,1,146.3937716005036
-0.08617835832267576,21.716475173084874,1,112.95309302573132
-0.644793248433911,22.71452325348383,0,110.74786310288565
-2.4615262181412816,29.99790602685134,0,101.72249671726539
1.199642854867393,15.63828900867385,1,128.4356051395
0.688739108306663,22.452146942698416,0,132.8412839633599
-1.0267155828178027,25.337342567026997,1,118.89965296254653
-0.00812842500509043,21.450663162443973,0,114.04487968607395
0.41605197021163937,27.319901308959597,1,154.2199943515257
-1.0745033760427347,22.099447788890274,0,103.35964214453057
0.6663062942739456,30.71750998853022,1,165.93361904539373
2.6328441990629328,19.257624462058633,1,178.66274019143992
-0.8066530809452959,22.470948457831614,1,110.7420847409638
0.5474234882964665,30.969697183511407,1,158.94232980596968
-0.943287856030872,25.21659668227406,1,112.93949575493691
0.5901595768342847,25.21807898288024,1,142.38126153067583
1.6024999062893301,22.09934816680938,1,149.1168424114853
-0.713989028947086,20.54269657901616,0,107.3574923193144
1.2255832102689528,28.268386001461188,0,179.99996700127718
2.125996524092771,27.17028002189214,1,185.25853267742087
-0.9062294183480833,18.03257781363653,0,85.00488698192716
-0.3157609698346089,16.716978844233548,1,106.62939730925538
1.2909128379238306,18.666980716125813,1,151.6156984648415
0.8188120414531185,23.52415013024253,0,127.2655356163107
-1.760271589865729,32.91612713082279,0,109.53825625422616
0.4518094259697807,26.976949154560344,1,149.36468700862596
-0.9674302865093881,22.32926215875942,0,118.56119768061774
-0.8892851346611873,25.37881469544841,0,105.09142249062792
-1.4495960635800664,29.50362745400028,0,98.03058681261037
-0.7426637481833065,24.341771227330746,0,119.43614128694267
-0.01266828353982377,10.592762450749422,0,87.7941375493855
-0.9977135570491422,23.285699848325756,0,95.94623238256288
-0.3292225974321665,14.682583037074625,1,97.54321832178117
-1.011009198084667,29.047700989385675,0,112.15961298915632
0.45151974626481967,27.973596107737777,0,142.4974927169124
-0.6320603748730859,25.217401079861396,0,119.63949762782173
-1.2001294000041431,20.743489007279216,0,77.23635632626818
1.3942730896851314,17.036488719615956,1,153.47530612329444
-0.381283539335753,23.541346639709147,0,113.36002023367192
0.5514015076565766,24.123604254085624,0,135.93491826617583
-2.04690088280786,20.679281466407787,0,59.11842291079402
0.6373895031160145,28.443438794123114,1,149.61663709756377
-2.0721121357574668,24.839672589229245,0,91.37854587458499
0.0999952713689179,27.35442848910086,1,155.9383031664875
-1.271045667196651,3.5022861931047657,0,28.00741675535678
0.9553307853708294,14.319698078793579,1,116.41908235848923
-0.08244243697374631,18.297752343798024,0,97.0483356101744
0.9649112463597114,29.56471314316574,1,162.29480662410072
0.49728598047879996,22.579157477204166,1,133.48796656660474
1.1568433922051724,25.846757454374487,1,144.62130818823871
-1.3628327036285905,26.733075972919266,0,114.48067308691643
-2.6140136989687117,29.27427023686166,0,89.56815117350325
0.598385150592668,25.20465708261944,1,138.27010529269077
-0.18538478103356382,32.7694102958543,1,158.85184089772736
-0.22978910564411353,29.212354865510513,1,136.26157368197568
0.621973676603246,23.84755254639408,1,129.8628118354219
-0.8476050815101773,21.88281116310514,0,93.87813345518182
0.977887963496844,18.81443441244207,1,132.24224137675793
-1.917624080695644,26.82224072034619,0,89.19906018186897
0.17059841485186714,25.382857612918254,1,131.4339152322829
0.9393984369953423,26.17017841786366,1,163.00623688323188
-0.29336244983897813,25.80918608263324,1,123.23203402506029
0.022733433653194267,21.55135269643182,1,138.31508909598563
1.7964248405210776,34.894217568975336,1,205.16117661907623
1.1225655145513702,27.818789551144228,1,166.69692277082535
0.11345335366909493,28.626537095281655,1,149.43971332055642
0.38942114002255673,20.025482387406832,0,123.6639947057443
-0.7888485221348045,23.496049584931225,1,110.85292653825634
-0.15140615912850663,22.52321172875872,0,126.64204039412014
0.2117494537931614,26.19958968638521,1,141.83781323136287
0.1502705420777961,15.611055455207076,0,89.13475525172012
-1.4081132802802527,28.69146005142183,0,105.49448651212246
0.16825306964456802,20.06622089535644,1,116.33432888123652
0.49753625454761796,22.325059050852193,1,126.89365966492917
-0.14579158543290674,21.30821315643058,1,128.5615764008356
2.5855804317248676,28.071451076989252,1,199.35228261954887
0.7571557930804531,21.65006237893953,1,131.99244590065643
0.10920380939072181,28.172516293529654,0,132.10805924983083
0.7079198896780667,28.68513907691485,0,145.31163604719092
-0.7643373192952498,25.840118645677524,0,113.21719628879106
-1.294871765014502,15.86367712551077,0,82.27561903559366
0.6571518799733806,33.485858138958264,1,175.18727735237593
0.19788410383550592,26.42575713152193,0,130.430387916328
1.060470648848247,26.554218613051184,1,159.7049628392635
-0.7474445522904012,24.401048112948903,0,107.73186033540803
0.532534666209966,27.34219723557091,1,167.4444359980202
-0.22536488515600953,33.29620027725555,0,151.0868162283579
-0.968034465344762,23.09381330878157,0,107.45337265146323
0.35506259731802237,16.060103485825778,0,107.0790644944131
-0.709511061984716,25.252127122107993,1,110.3477784446903
-0.20874713488515442,17.947438665748873,0,99.86322110743124
0.1896329538164553,18.87382445152722,0,110.087821357366
0.13808500091550022,25.892708721539535,1,144.8740845374068
-1.8613419149463066,26.237030006150206,0,96.49490365438034
0.54837967705868,21.44651789240895,0,134.51131963826157
-0.3455808428540128,34.13675205976669,0,128.8224388478737
0.21056711107892112,22.092285059916737,1,116.569757413796
-0.626375210593784,28.948024376874674,0,124.68644926541234
-0.15456102139552125,25.624718602520378,0,123.34473749372697
-0.6438303250923237,11.192243300109215,0,55.812102808573314
-0.12750995500840223,23.248909358959416,0,102.91976839407899
0.6998583694543086,14.715996884599388,0,99.37188973160319
0.4638844239531639,19.668393090068164,1,139.53552814366566
0.16240090729746534,13.5575700472637,0,103.29475324745219
-2.1768441046950713,15.228282776261748,0,51.42020550337842
-0.25948563018119947,27.25123794115709,1,122.06698903110895
1.380050401598718,21.828476378881426,0,132.59488844877654
-1.150441656626357,16.365461065729654,0,69.53467700026664
1.5490638394998126,24.32459934279745,1,170.09803240057212
-0.19550193607922273,23.779321820866492,1,122.25762589502212
-0.5359605561552265,9.295200154659796,0,76.93736388977008
0.9723751431645703,25.275639865302637,1,153.06789875500118
-1.1703463072127536,24.58714522023238,0,100.01970961298147
3.6553397421091693,27.9336178575641,1,203.51692358332895
0.05921276680070387,22.312831439486807,0,114.77896051363786
-0.19859751451402316,7.142913745162019,0,75.0354173890513
-1.2061530404724263,23.49863451252034,1,98.08497393368536
-0.09048711030225681,37.53329780373039,0,163.9632532688817
0.12426572736994979,17.5283429605468,0,102.96083790600079
-0.16393388991180072,27.463463629269068,0,123.85043942302002
0.2083355592704458,24.42808696732404,0,138.1050578997043
0.2838300168518402,29.397460100906777,1,151.4430419012894
0.3474422344535497,32.715674308556615,1,150.0919418691483
0.025715178320413853,22.894289240989757,0,117.55313883680866
-1.3848699608910666,17.0122145566572,0,72.11106191816498
0.7055729160210494,24.01199899007966,1,158.19754975598335
-0.4101402681163646,12.646905479685953,1,82.231380032291
-0.047180751649013315,22.73252007286444,0,115.67150946950814
0.5067242665019411,21.915567359795116,1,139.49237123185654
-0.5323645187606441,22.886631018168114,1,111.87682418907708
-1.3732798898230918,34.27245812928677,1,119.8185395512578
-1.0156437192776027,18.87450216356138,1,93.45029190485626
0.3616069301368041,25.54621405376891,0,135.72444655048506
0.20957816558639766,28.718390732747928,1,149.21606169302632
0.11804238440414469,22.899730694183198,0,110.93509349523869
0.18223465026233596,15.610631579836477,1,98.0730207782267
0.6210122761235181,23.908946316861243,1,139.20994807603435
-1.2401621412589707,34.93815460080555,1,144.09274211253808
0.40867370648506124,24.97762105855924,1,127.82765953144309
-0.6391644769799812,22.487093683538294,1,123.03069051892344
0.22975930444111978,19.479965468252296,0,104.0053387304849
-0.7910713627463468,31.482712245431205,0,135.47371850857525
1.0855123172523555,22.852259044384258,1,143.71666458771836
-0.8037739358091419,21.48652323807869,1,95.25852691166722
0.8234884618486347,20.20083186617587,1,130.11502443881704
0.5723720574068486,40.23818977737641,0,175.613517102415
-1.0747514988161608,28.300923822569363,0,122.36207319904867
0.2242436884491937,8.666130941852382,1,95.25513161687469
0.1349575324771053,28.925545572915027,1,146.09415702222904
-1.1621631338537657,30.55739888398402,1,126.49710793386672
1.3752619050411812,29.56626594709796,1,160.0661278865387
0.4745761988420883,26.06732969704094,1,159.03637856186896
-0.7913578501010584,31.169545097836878,0,126.82666603710292
-0.5919701418295874,17.676680686129906,1,103.61467951004121
0.5430342987037923,31.097166125808574,1,164.63761549417225
1.4268213449756135,16.662119709157125,1,136.41411010208634
0.07213992042889915,27.031597914138143,1,142.42550293019323
0.5494102823345884,24.931634006069924,0,146.01458362684753
2.073906979505423,25.246096535617628,1,173.07094801312914
0.2515758025805446,19.089602840759888,1,127.20798389185167
-1.1798980815200688,19.68960206768797,0,93.3475613086833
-0.2303786011495626,23.644743992336608,0,129.93819027090166
-1.24085672009272,20.196765127189423,0,96.82429259868944
0.3062650598785636,12.176682145134029,1,91.90579651431183
-0.13875459710704147,22.745703328370602,0,121.91991738400753
1.3901638742113165,24.215861194209058,1,161.69581121952135
1.9867622557767886,25.61593632588443,1,185.57740909409713
-1.4206685763898999,31.096333690698046,0,110.30739623061808
1.0562482980220322,21.311338490299516,1,131.49652113434271
-0.2881617088292241,20.422419274636727,0,123.16828727631906
-1.2474516565425648,28.72322316778716,0,113.90484171588162
1.3837808687507254,31.60051898986172,1,188.2840837704165
-2.4580611365253837,25.661530784802125,0,86.08616078994152
0.5581434710866903,24.054979480155335,1,140.65126106330678
-0.531745000497,31.04572950554396,0,137.1770888322245
0.853549462089803,26.862604225144388,0,162.23762855143136
1.4604785158824076,17.724883782458903,0,132.24145414752806
-0.32655465510933784,26.531911847067523,1,144.38778956848248
-0.9577767779190494,21.547828832224543,1,94.70783654375857
0.01971580359249539,27.309516040450685,1,141.98962290454583
0.05371525843720955,31.75112622042997,0,155.35557297469256
0.9059190744466625,25.654897480212355,1,166.78762773283438
0.8965907637636404,29.718663130879914,1,164.23516298504308
0.7730084343265043,15.266323095540276,1,104.43972462543904
0.44327440784756045,30.63239108425833,0,145.3370343912215
-0.06328266301512361,19.00615907837976,1,101.71619875580913
0.6995455812805453,18.903825283042078,0,118.4528308759362
0.3311806651639188,15.938856228888465,0,116.46683851155348
0.5092441875150993,19.39197717753751,1,131.20096413126288
-0.14528279221295093,26.59357424789077,1,121.43608854806904
-0.15371090153995545,24.089011888272427,0,107.6853936109951
1.428938126027843,24.618413166341526,1,145.1521750529801
-1.6342873454649218,22.339005968188378,0,65.34969580381241
1.0700478356158873,26.954386918414826,1,160.65242663066564
1.9262816559744265,15.755228699570578,1,139.13667709641905
0.3545178102275225,14.167204800048932,1,101.07302151059572
2.087591018550805,19.47201215535401,1,169.79554456873603
-2.35827909755283,28.927122628462172,0,85.17086557853303
-0.13339571028872013,30.257784602873095,0,151.05346212971892
1.0951663255133295,25.395733365839515,0,140.2145991151551
1.6332766875217735,19.818299582142377,0,151.29124986794398
1.0706710214768385,28.084472752807866,0,155.44801285103898
1.2427790285008236,16.880205049781736,0,137.4386321104277
-0.09102641462754268,26.854903006064916,0,136.3413910467307
0.8704303451059606,24.189601716020718,1,154.05400597196856
-0.6045120772676142,22.317882826701172,0,118.98918676996493
-0.1440701720348526,24.79060214846799,0,116.98484297767125
-1.0404393793334819,26.527194455818506,0,107.34164051837884
-0.6163769826818174,34.35357295263748,1,151.55694491780636
1.1505420824743637,30.062134899624656,0,158.58206043757752
-0.8698371231032248,33.88520698091225,1,143.02265181333638
0.9995453452493286,26.585495772565803,1,157.97457559537307
-1.6094298900526753,21.481379326758592,0,78.76128434405699
0.7229726965471303,23.70280622062592,0,139.57902474904176
1.4262826963748998,22.72765896159742,0,131.89649585901074
-0.4504181775938722,13.686006512063443,0,91.24222007856594
-1.336870355596899,24.155350779731243,0,96.90516797942573
0.09074849198938856,23.040406620011343,0,116.74452598228908
-0.44314703221752644,29.253340856523042,0,129.39929034844448
0.12223745612338487,26.573034124363424,1,142.90786723766806
-1.1487349604342987,32.24439347618303,1,144.15066053729507
0.4316711697031072,23.736130822195896,0,146.44514271916117
3.007135641924236,26.116591092494183,1,206.06305626273317
0.5346406079830233,28.366666211422302,0,141.66712753306774
-0.9791082439067721,9.035592809498993,0,43.36885862806485
0.1716004526740711,19.216467658362276,0,107.43100136674374
-0.08100823521086938,20.634446352720172,1,121.83386216058419
1.381355850685654,26.256161778991327,1,156.55642686768786
0.4853968264948567,25.195109894679398,1,150.43922637754574
0.5657163863342769,15.311546278910278,1,110.72295164241764
-0.8106583550014369,19.756885066505802,0,91.4509144020774
0.04020966330487902,18.64097878797017,1,124.0110641120985
-0.3401538311257793,21.89645042402301,0,107.26992494118785
0.43279084999274575,29.321853195580648,0,157.4836545676766
-1.5505322976017744,14.548484342173431,0,57.86190693586693
-0.18526465838130446,22.247420921027373,0,103.18086805124402
0.846525760427161,13.18952660359603,1,111.94425725197341
1.161049435287424,23.931374389628935,1,165.5316910538547
0.839916301082884,30.690799997584094,0,144.7278944397278
-0.9646532068632511,20.95709181848942,0,81.07686928800541
0.1221716301872099,37.71200175197497,1,164.38513180842148
2.7971310790263977,29.720273067834086,1,204.6114129322117
-1.284710019225642,16.014873466056645,0,65.91705653368119
0.18426429667940816,20.275563301078275,0,127.88570316840384
0.9089970200757821,18.70810023927126,1,132.54685754141616
0.7017186645636466,19.55331817383147,0,141.05426519247501
-1.9010714585857897,34.36084077583065,0,110.64403041725501
1.152837852636996,31.521162613373484,1,181.68803176027458
0.41572926560108003,16.96820306673991,0,101.08688171986809
-0.34384134978184283,23.975352614091715,1,114.26827491090899
1.391085092184619,31.01449999430254,1,180.79708068352514
-1.302440528707071,19.425704938409034,0,80.11558721326078
-0.8666028344809292,25.54041740257945,1,122.82854663004974
0.39264319063690406,32.10075363433147,0,163.65170461384923
0.4962049404151539,22.531711106808114,1,137.85734853654895
-0.34746200143689504,21.168731194838593,0,105.13170892449097
0.38063289649754284,20.575833336757196,1,124.8488094535535
0.5460130199097571,13.304204409665966,0,100.8680101571835
1.4337890366088761,22.899143226831278,0,127.15422651070351
0.5343359868841512,24.69621325266437,0,148.9435015740523
-1.692942483249055,18.248750874830712,0,77.4936559890977
-1.266767069535802,17.357592126154454,0,92.06585955788684
-0.4532562342634234,15.00499619837028,1,93.87544399225571
1.0634800434455856,21.229379457717176,1,133.2288499279656
-1.334497403899556,21.446100675042707,0,94.92933013569659
-0.5681465648812265,27.042238905818262,0,117.0911291032141
-1.0159581725691809,22.660901745026152,0,91.55404918287417
-0.6322824799612031,15.017053126908465,0,68.93511751533583
-0.5426166008244084,24.665459354390798,0,96.52876506070146
1.5576670984660799,36.44065058889733,0,187.73163615009034
-0.8853671896774,33.64035305456752,0,132.4050649514565
-0.3906946885429155,40.46055118881101,0,162.4109207022363
-0.5662494823562437,33.156875343041676,1,144.94673991364684
-0.08082986671214243,27.291198099759647,1,115.91880842753537
-1.1540291495185737,22.367956918283497,0,90.6601758658843
0.2844695717685445,25.196077152786426,0,135.0244049825494
0.7809824488193777,29.579061152682648,1,167.8837113614033
-1.1700411984777452,26.24744842134111,0,114.8161663121545
1.972330200888631,22.601005750503198,0,160.22386692272104
0.8547026487604754,21.07354982670901,0,123.32610705405531
1.043007002733017,23.693355281998826,1,153.9144491855833
-1.7448056937548078,22.409360765951156,0,81.77842812861924
0.56874322541024,20.069013985959458,0,129.7013481113798
0.3133266067088692,20.64854812337262,1,131.12355201014077
0.8481627703313349,32.03341972574394,1,169.09065125324724
0.621429559852842,32.31213665862157,1,168.4516013497202
0.1298459513519434,28.490126201919914,0,137.47484727964616
-0.45898058843882494,31.349981167991587,1,138.84002587694872
-0.35494459427114416,16.056143520176207,0,97.28391072861143
1.1295190497157026,31.771997736898356,0,168.40458986841654
-0.6154080265720793,24.53669606157057,0,119.59285568977252
0.28052236890224386,23.596096201577115,0,146.93515827903443
-1.032491637149339,28.24166702410328,1,113.84339117801917
-0.8033844950833215,35.412711891525554,1,153.41601575167775
1.4629536492813966,23.46671912886539,0,148.0478419006277
-1.6925612487087662,26.48224891289891,0,94.2455862363966
1.2710341061691715,25.79254856724956,1,134.93175840120497
-0.7325132200791654,24.983781126243045,0,121.92771896652033
1.0472334134873245,23.32258951412522,1,154.54808048154572
2.581923874603921,22.452444627513323,0,168.62048990529632
1.7666826921435872,21.504912871739755,1,171.7999754049833
-0.36653702543986055,16.908601382725426,0,92.66588613821587
-0.6036730047050636,31.231783689618304,0,143.0963015013013
0.7869447383851599,29.127139208033853,0,145.68135796254816
-0.8895326921533431,20.351890567330457,0,87.20549200112855
-0.8598267795616997,26.276525789523728,0,105.98521877567693
-1.4497077982455673,20.6710644742693,0,88.25378291043128
0.9659836984036595,23.181458473146996,0,150.18142269906892
-0.5669515889623845,23.2836651295523,0,107.599982266356
-0.6517068703941763,26.441146803413748,1,118.34314167889234
0.6414085875905796,22.84524487579355,0,136.920284454836
1.0419070260813026,24.941443329071255,1,146.37672978302166
0.4418887965719197,33.607325297611,1,161.6813859081361
0.0029489102117777046,33.35952407697476,1,161.04339006082472
-0.5216306856787692,22.355583287499172,1,119.88069593880107
0.3036443209194017,17.11051570625348,0,108.86321065972729
-1.19586539049149,23.218220772210763,0,104.84254207748069
-1.7091894428462395,32.696159076637855,0,117.64634123127628
-0.6280527467540665,18.39972454448513,0,107.5503506884677
-0.40837840742668674,25.297201532424943,1,127.74779273793577
-2.0003268321871523,35.51774248213576,0,108.7233456317033
0.9099587929781533,24.10121025899197,1,131.9841101211526
3.3002340805709394,22.42575485046698,1,193.3601284877241
1.6788224941716485,16.508750790069826,1,140.26465033579123
0.8925803951138965,20.453962257855594,1,135.17159112576272
-0.10378644335914983,25.548981472915024,0,154.27117941352878
1.1651391765485004,36.348460243142604,1,188.4972109342881
0.854430458268712,23.384343840051084,1,136.13157222328707
-0.5907693533279861,28.87567054090519,0,107.35504951824251
-0.7269363136307618,24.43149433515149,0,108.71986441997718
-2.489601721472342,20.697590724612287,1,71.20432840460298
-1.014733036364149,29.57136190680086,0,113.69771692275349
-0.20202834967193448,20.679426559011258,1,110.72481048733205
0.5854706832718124,18.777456591243155,1,136.2707416812952
1.2087826791180134,17.42000250636964,1,141.41887335386878
0.01177564926007011,21.37650211433195,0,119.54098422628945
-0.12553750022268015,28.544825549849122,0,140.5465600914362
0.2116601533429135,33.93366817434712,1,163.72214327704668
0.718385548994556,18.49703437976082,1,133.32331033829337
0.40593654047460925,22.32194224350855,0,125.34046676727228
1.121997882578117,21.88918930095278,1,156.31972355255817
-1.65223965292368,17.57030392079212,0,71.21130166604706
-1.2178188073351355,21.714781633244314,1,100.00092969203033
0.09389160061856722,29.652681428114544,0,155.49059733984257
0.026635831571263584,24.838784761201676,0,122.47203936679148
-0.3634720952984116,27.412633374058796,1,139.26439239373067
-2.5385402870637916,19.84761278284143,0,72.0250192332799
-0.31717208410230185,18.852207150115234,1,106.33287245542465
0.17770902616994672,21.406855947023658,1,127.0738065399221
-1.4672240578135944,27.660249956450066,0,107.01157644688068
1.3158017001894478,24.501264064905467,0,158.7458308260022
-0.10040211841850145,12.66892902574917,0,76.17371324617271
-0.62980748018675,24.98491880201786,1,119.58085198754553
-0.6363917054227385,26.979013986596296,0,117.21151473179283
-0.139954395527239,21.600699162935047,1,120.80402271188119
-0.4778446740230533,26.99397204255326,0,125.44045492533871
0.7411152920145248,23.919813687066515,1,128.25525309944913
-0.7876970036144989,25.82910535089382,1,119.25494866755471
-0.3794642375059435,8.668595222990751,0,59.14283480706014
-0.26979971791964497,27.428980548907155,0,114.40473555898835
-0.1485330844540047,19.307769057630576,1,116.09126745820735
0.19454370154253192,21.850871229287737,0,119.09684214994323
1.1022764723258875,37.08449149320043,1,196.30520908649333
-0.0564996138036036,17.88709187836486,1,103.63044837695662
-0.013958430533871018,18.477350562278538,1,106.99055624868598
-1.1792155449118857,28.585674156837342,1,132.31836814507457
0.8504270048877236,23.637461063806704,1,151.82237779088038
1.4946770245948808,14.524374804193684,1,152.6321372102017
-2.281354456379967,20.777984963540902,0,57.94171796641898
-0.07399447170227025,29.78852156637694,1,149.56478382811247
-0.3919580322987004,32.36452180698628,1,148.01701983564854
0.20699498154443316,31.597456803227505,0,141.87111651428634
2.102460285225342,22.009368948789056,1,168.2288049386969
-0.007693725005788561,22.459513424867687,0,117.58341658786142
-0.17691892535374207,25.996523860037172,0,130.92850906168684
0.7337245087161796,27.698341482709825,0,141.27792237670806
-1.021703783752416,22.056477257339015,0,93.22735076607326
-0.21259895710124485,23.439089530233538,0,114.11788141969551
1.3214697688590549,31.65944350007356,1,184.14904858985773
-1.5252769701419195,19.730185415773953,0,80.53725592549044
0.3079359126575367,7.97868983271789,1,92.57876094937845
0.1373007463488206,19.40618273968282,1,119.42490789789001
-0.6807624596724476,26.588206011761237,0,108.09338507379293
0.8433893657434448,33.61018337732093,1,165.7759122041345
0.23746945222788404,28.368282696487118,0,134.7859103245728
-0.1863313062384167,33.77482768346222,1,143.71277457629435
-1.893828829395581,22.808573864721655,0,87.30712786008648
-0.6878606742835325,22.90858933489453,0,107.56621529596019
0.8228901003339847,20.83168942952382,1,135.12148947496243
-0.6831212801967974,19.142148446817465,0,84.6922244653265
0.6947544154266071,15.383159166600032,1,117.14209638137072
-0.3351798110118857,25.473947618957276,0,111.33397208034827
-0.029776899473333156,20.262740947655352,0,109.26725192796962
1.0798462804281312,29.34580280455807,1,170.0882046628741
-0.7890950904034771,15.302816187009853,0,83.36353290449527
-0.28925445904716385,24.75723525602135,0,126.77338908114321
-1.725129687763333,33.34206430632507,1,129.54084106264762
0.02448870008741816,30.55011143640391,0,132.92778946865818
0.6774032113605326,16.723188254565983,1,129.32122010225228
-1.6508373853514562,24.596970736480618,0,99.60283769938039
1.448616915498517,23.73729724695371,0,153.43449046264226
0.2854192656054751,32.4401636424878,0,155.01152382494234
1.6086500153709158,23.043141676174706,1,161.71904571216012
0.18153203873007323,21.189339442992292,0,115.6077652301401
0.7345653087166426,20.878286587283217,0,125.8052627456434
0.3207981058917231,16.077503165522856,0,91.92807332088313
-0.27392328379148995,21.146002793226916,0,107.31183784808063
0.07855014886837483,19.04937782737241,0,124.68101171102671
-0.7668459514011883,24.852221189818565,1,110.54981114882631
0.745263946904867,10.464363386402006,1,115.88077086940872
0.2928979609738353,22.129438709907312,1,130.28089820067612
0.2269295905348033,26.80231989118023,0,137.382015379075
-0.12066903239105994,19.434218085684993,0,100.2607787941103
-1.0091906758664229,26.049794993100484,0,102.88579183052569
-0.6873939336033524,26.49538145284307,0,108.0352362232428
-0.7580742269654628,22.438639334049093,0,107.0157121913396
0.5561921377693729,17.79593532188956,1,108.31512771193505
-0.6141507322397757,22.934724474298445,0,117.69201462642101
-1.4514730883690812,20.268522760739696,1,94.60865610680243
-1.053115438367429,16.443851832837034,0,88.31665583755462
1.0571034575912837,15.31506780514867,0,105.85702215933665
-0.37572948372091985,25.021069231042723,0,129.2512354850979
-1.3680801213402884,25.96547413203122,0,88.17684162319726
0.8161989148893631,15.074183270215254,0,97.05463125857445
-0.18385196120547323,13.312523691794077,0,82.66958494235458
1.2769208316014797,24.389192094326997,1,157.3890182822048
-0.025727491426384422,32.24366311804507,0,147.26661484073568
1.062549598913006,23.110014509199566,1,150.25859436297884
1.304053200426345,22.695010149557174,1,156.23860191426317
0.5126192200472388,24.37819918844007,1,136.0419492321013
1.3442660406459523,25.94146816564938,1,168.63932035821145
0.0782453326150968,11.735940864211747,1,91.33919880145717
1.420682785784121,19.3182596092691,1,143.7608610021172
0.34932434856219136,27.30651840583618,1,146.22664904438574
-1.3992290005537065,27.947922415132144,1,112.80884516799112
-0.6596628724488478,28.11765936020368,0,117.30348170962505
1.5026785617250467,23.88116472080198,1,160.5454379100051
-0.3755232505594949,18.603874651266786,1,103.44420359117905
-0.041161939514346456,24.206132512860357,1,130.1233187319338
-0.7846596729397487,26.576626004123373,0,121.37639240290221
-2.003371364062353,18.414247942061007,0,74.09696388220108
0.6970642569059655,34.321265706038815,0,162.65890643167322
-0.4822716765169723,28.906213910937367,1,147.0756570728493
-0.6657341497834783,18.398927504572168,0,103.97009022036737
-1.4257619180310588,11.399756977046025,0,57.5368730250017
1.1414034163599487,16.214058070637158,1,133.46965356244456
-0.3224612410612244,21.1595287828976,1,111.76785649660299
1.2257092163647965,17.600630041221535,1,126.60128721459432
1.2315029061932214,20.53963007005845,1,134.95864171619056
0.44242026824530517,29.702414223442766,0,153.31265667391978
-0.7575800286859667,33.05598078310292,0,131.31211436721716
-0.598515076284836,16.410324209824097,0,73.9560293212775
-0.25111379917407156,32.00446434695541,1,146.458604411513
-0.05706108881817988,26.953675442384508,0,119.89729973335642
-0.09809307307211523,20.59718176182293,1,112.59576811572099
0.5844417446406514,26.345052765124436,1,143.38944549978476
-0.5282298743978034,28.015948705805688,0,115.94203887204091
0.12375270414063974,27.79487822645186,1,134.93073235285706
1.1782737621931747,25.57655200918122,1,157.66306173221454
1.8274293562925759,21.470457124321765,1,163.84956397182367
0.5191131543031196,26.119295041632217,1,148.66621969678502
-0.6239615844090494,16.863775854630838,0,87.24016220480954
0.9004036674432516,24.34652161235135,1,152.4986920473578
1.306698220579686,18.86040109884691,0,143.40241104062412
-0.5010019395970452,30.207542350706618,0,136.36324483280546
1.1766483638204648,19.92180964075952,0,135.30552639914478
0.04129685042126332,28.23291433714192,0,138.7383865417377
-0.07283230306285302,15.816116275639033,0,94.89161430783362
-1.644307681817818,15.13535897250781,0,53.923159182727716
-0.7061995153604563,33.82782702505483,0,145.12380352331388
-1.5170388784404283,16.174956379399408,0,78.97182399466402
0.7382403701380785,24.56818775621514,0,138.1025539992272
-0.15677738384699644,24.057270162248496,0,136.278608262277
0.3868462101067165,21.839765111665336,0,119.37164028315071
-1.2380713723113677,25.30104695307324,0,102.90545888707304
-0.0007079996853272479,20.769135701808782,0,107.60484957203154
-0.29014241338529895,25.37140458973574,0,117.31318749389199
-1.670111999519054,25.231775273557886,1,104.7466329786851
0.45112080690854794,32.33076664993957,1,160.55504844289933
1.3878162746556328,20.033543435737304,1,144.00657122860306
-1.1652855251152863,25.46998735543955,0,100.32784536011877
-0.27192084806560235,26.509056019105383,1,123.57685846539862
1.5692818980924144,29.737818662102082,1,173.88995928449975
-0.7133587566032046,21.838492104572918,1,113.50010462076102
2.270134260431051,21.773213546299225,1,161.94657909459107
-0.659540546415995,32.08426029614438,0,131.07642223648375
0.07288299843203443,25.347155088422763,1,126.23130753255975
-1.3853302372240843,17.42273613969274,0,77.26444294650496
0.28601445545265286,25.51646071804171,0,149.57810686268994
1.479271979143921,29.949147670184026,0,191.41368354515973
-0.36613626055970194,30.96225052837709,0,129.2151067811183
0.9975127534651302,22.353807013093746,1,148.50325889695682
-0.6189216879749707,28.04331883902765,0,124.40794750804969
-1.0962074849976338,21.159235339026818,0,90.80032823806894
0.29434391423881806,22.350470503661544,1,124.62635635286412
-1.4860742108649196,33.796775203448775,0,121.69345538062343
0.5597990701100215,24.757117716310333,1,155.71120062507106
-0.5888945109264826,22.891999327461694,1,115.11829047518253
0.04254246898446593,22.855256169981928,1,135.5893892947883
0.6352894001565111,30.053483577560822,0,167.97697159169212
0.6020555043024909,29.215582059864246,0,142.9307742004945
1.8715143661573939,27.563972675153515,1,175.69334474634604
-0.885471145965907,30.316723115878517,1,137.79853296749127
1.2474081995478954,25.8663335490858,0,142.86486152949033
-0.9133570209226992,31.59506149396334,0,127.04487822094866
0.02121128498186227,24.615946928955953,1,142.6485381484157
0.8825270334456324,24.995790253229508,1,145.4873807820742
-0.35468693491525166,23.938791907125644,0,120.71666074003943
0.010474148580999359,21.539369130517482,0,121.83092222618912
-1.0485021553940288,30.833103328298055,0,127.19651561626407
0.6990379092465864,14.410457606367581,1,115.11419263336306
-1.009049708771599,20.786756653555067,0,92.68583827953576
1.4307229640543222,17.58238027408791,1,123.55225363078799
1.0206903663209528,32.04223790452303,0,162.93665081593232
-0.9651479152314635,28.591576045162736,0,125.02797349129968
-1.3446143838918834,20.3332469926582,0,83.81763659689742
-1.5526928300147353,25.041490439690826,0,101.72862634293875
-0.34456509800904517,15.656962380961097,0,83.46132434536953
0.621158284917868,20.06600688877414,1,111.76614688975566
-0.35258252118072525,24.71117369077324,1,126.97690225462414
0.08964906931613537,16.82035311178521,0,108.41895353701241
0.8914567074011502,13.08099492208592,1,106.77140863646193
-0.5094906827381691,16.026664298517982,0,89.3767187161957
1.4283521650371225,38.43386041214717,1,209.81670990035866
-0.7108015801508285,23.045905722992472,0,114.78329748370143
-0.3130599517648735,17.780124170793243,0,101.72859448524184
-0.9034302033001248,27.71713977273687,0,110.18543398417064
0.06502804000236262,32.49480323735834,0,152.92540663504352
-1.1509552092837054,24.247631691725395,0,98.25734462041834
-0.11348989308065764,29.103296972112503,0,135.49957901877278
1.5545758245451446,22.919217681846572,1,161.07917103135674
-0.2773582889079769,35.150451389127895,1,158.88215037945724
1.2754289151255724,18.457766983902843,0,127.85992083213814
1.7664308907878206,27.937152391597103,1,187.03928448771856
-0.8797694627228729,19.995336316158465,0,84.96960823418361
-0.7125253349566698,30.396504566379953,0,124.02514501357224
0.45649524573785666,27.240210237985437,0,148.73198085694224
-0.9789381748542255,28.24550974521808,0,121.9925240774211
-0.5844526327890635,30.69619588341438,0,137.17267317708365
-0.20127504315638864,17.294202109287916,1,105.74587983972852
1.0067818718630364,25.3589270231019,0,125.12371233175746
1.7987949044596407,16.242999773562957,1,140.08691756077346
-2.1889716076880616,17.833469106393203,0,43.380104501192505
-0.9138296427559721,16.575413094585805,1,89.296249367206
-0.38449812034284553,27.898351996929733,1,126.12955895927207
-0.6832817153060116,17.770825323123624,0,90.86187927475423
0.4830380043068427,23.238744030198603,1,127.96045982611412
-0.010196081330433147,30.537748435604076,0,148.431833675949
-0.20356451043223703,26.095883582721257,1,124.7723199882987
-0.8500154279358364,35.83553982439402,0,138.24667852336222
0.6056166929895893,29.99911251028049,1,162.55281509212563
-1.7235155296834375,22.399784172792167,1,94.5944482519614
0.4330030669743673,21.92416396680518,1,133.9719749527362
0.3331768629881716,34.15842116886772,0,158.2098755362742
-1.249857857020145,18.40588402580618,0,61.66925642779757
-1.4119244524133836,27.679595575172588,0,116.23123113160061
0.38955169720737204,20.50217747450349,0,121.54530759887197
2.401155169221965,24.833653249819246,1,180.42539638653568
0.15673670963016595,25.76538493165017,0,124.73448265339157
0.14298097361735262,31.01023549592606,0,157.9824850485138
-0.7080422030433519,21.382364075861947,0,101.8881661990209
0.5548373530308689,21.819489430412332,1,135.10214682022115
1.684468405877785,24.12260115506029,1,158.39724530572872
-0.0730755697848811,20.975244618481604,1,111.82865860700595
-1.2696649687586146,35.66102487869544,0,126.6838451480689
0.49069789861968055,20.65909497054205,0,126.92300814355586
-1.5470449534656288,20.534481266743796,1,62.64079041838146
0.9502307291558006,18.08996373711036,1,123.93457947694375
-0.6559271303237982,24.16843173846929,0,107.9665886992853
-0.37577639469152013,33.05683079858893,0,140.91341034509472
-0.6533114516896696,18.14630147135142,0,97.35106668929922
-0.5591038871352083,26.350163173048188,0,124.09067817763432
-0.275469961788754,30.412050233685967,0,144.2655307972066
0.6039019093636426,29.019371119295734,0,140.028391789784
0.15779578665391436,28.528200772297662,0,124.02588433398249
0.9305496329044495,30.86831546956336,0,151.19735157206506
3.404421711066161,21.934125014996468,1,193.367441712852
0.7426425442022524,30.736022019020638,1,170.24133371504544
0.230848707183705,35.21492702182255,1,161.9932349694392
-0.013065790834533984,25.78550054745715,1,121.96327636256078
1.3174488790919556,18.994706922788556,1,143.2872121132543
-0.08743473815482533,14.92939829169796,1,99.77955807675585
0.9220231734695021,18.320828657881997,1,118.55997947615752
-0.751764879085181,23.213752047690186,0,111.85740401342119
0.4233907678499224,25.145264031378293,1,154.88542080149264
0.9927822380942853,29.59737871033255,1,164.920479482901
-0.6181889159802794,38.15833918577118,1,159.6340854203393
0.064603888783904,10.756553210050583,1,94.17952335279293
0.034634132434687895,20.169183426810324,1,124.61736893643752
-0.5887804889416135,22.23580499934666,0,102.47493384523065
-0.7006166278428909,21.76047426096067,0,99.16372278923315
-0.34682447925302373,19.58374186422043,0,98.78205223123369
0.0888342366724605,18.45342112483038,1,115.29890115729066
-1.45492454167687,24.12936938620799,0,82.50682328534654
0.24982172698897478,22.835563363670804,0,130.46673459852514
3.390762594389743,16.48378700224289,1,180.17456263528038
-0.3037775599974966,17.668721597044815,0,80.22697323303372
-0.6604251586052932,25.456343010949432,0,101.42084510819193
-0.6803296869572247,31.053317475819966,1,141.46338080088458
-0.9135682932947797,33.743777362852164,0,138.7196736926278
-0.6506199972602646,17.72862683350378,1,98.51158581010259
-0.7435893932913042,26.087118519159894,0,104.24804516720391
-0.1348690949646255,20.964850211716257,0,104.32291437433523
0.31948518197864906,16.24194659417305,0,104.09709401902931
-0.8084790223421571,30.143591773972183,0,122.80602784011143
0.6309461384640266,17.150411706387587,1,127.13231866174819
-0.3251977186715879,30.50856048005015,1,138.86586781052813
0.03787598997357744,25.992993219579667,1,129.0895669212619
0.18613815470959935,24.449732330284384,1,138.04677975464892
-0.1404723375734761,25.783237142630718,0,125.20352391256624
1.8046490906156565,21.508763775277693,1,161.53813742327355
-0.7235939709622361,26.775912933314693,0,106.32921105385418
-2.1658463053436106,21.35439284850417,0,66.01815697272527
-1.5250533122597094,33.49820372435303,0,124.75286121097609
-0.6372316277138441,23.120761600829113,1,117.07289932822079
-0.3967016176268784,18.018830523472115,0,83.63244393221824
-0.3787066711964815,30.06579241061575,1,134.93965109276783
0.3475500523941138,9.60352356246359,1,93.07708539237613
0.5980854515182763,13.927670340448394,0,97.7689889333779
-1.0432226584976987,22.19484951666734,0,97.90836493052271
-0.6874115689851776,23.72647742666894,0,119.34585589937397
0.1028891329439259,20.452154188933868,0,110.63163087106066
1.4179563843744099,20.94913509780115,1,147.81984492761228
-0.44414945683082496,31.985619422535247,0,129.29122637237404
-0.3457565202061825,28.11036552955787,1,136.07707683564476
-0.24193734560112679,17.888118507763455,0,94.10004266388492
-0.7494788070467646,29.084731212366595,0,123.05985571593418
0.8907397961584624,20.366383620812492,1,142.6555596420006
0.5781723484539543,31.40479392266132,0,159.5766025554179
-0.7829296380421698,25.570479352802916,0,116.08562829866746
-0.6807775342467615,27.411863327135563,0,118.15878593965063
0.5342958840775095,23.40586347875399,1,148.4193591783747
0.8270246189121784,21.69452883879719,0,139.98109782179645
0.21599095540794985,28.296432122493755,0,130.65299773197822
1.8541939139803418,26.776587250761374,1,179.82435422930837
-0.3293156642766499,23.48279864336567,0,112.87859788213
-0.8038004598784229,25.893847271647612,1,122.38132656003548
-1.0159857768052671,24.162135862303707,1,115.26247173862505
0.7883715259581416,21.71054011086909,1,149.08177905073572
1.3208182385041236,26.800047498707148,0,144.44346621099047
-0.5745088493365109,10.003495400026981,0,72.70724114880642
0.10365448294789174,15.932950520724578,1,106.20787781353415
0.2372109389311494,26.544219533772296,0,127.02193384973874
1.5138363823158423,23.575257420598927,1,165.56954898100872
0.07225703843491985,23.684536668639318,0,132.76958243992945
-1.0772270648113627,21.456166544552005,0,89.94737657679637
0.3379576678884836,23.725780706062785,0,128.92790683998825
1.4096441498638268,22.804472750932437,1,153.4332542086956
0.2736962574095143,22.11640921038722,1,125.08842338433277
-1.4244220213099834,16.496938968813275,0,73.16826817909472
-0.8813997554416819,25.15418496871975,0,110.60642916817667
-0.9505878981476625,21.13593706407082,0,96.13958599231702
-0.5920935622573192,29.712098179667706,1,144.64659228474676
-0.22093861403163967,35.68010922619962,0,157.70373660564243
-0.3215406315538777,26.287849750373248,1,125.03861693522059
1.6892642169882777,24.934153813996804,1,161.93933522666015
-0.9402200956017948,27.2430315849195,0,120.86244699247922
-1.312014653987871,22.04905219815011,0,82.75162314052605
-0.22628453676025218,34.24710439270066,0,143.14325880327434
0.33678303544693683,23.19609131574771,1,140.43367848153088
0.037997377928192584,13.938580816484855,0,97.34968559236604
-0.2556591050065177,21.422732324468203,0,98.52851621100099
0.5038927635760554,14.989484717638723,1,112.53129154014111
-2.073600068498544,27.12757250258171,1,90.13121461328896
0.28878553205683133,31.44880547266063,1,156.25327229790997
0.8531512552675478,23.855404906916664,1,145.9580619630471
0.5502855970100459,26.90479352618459,0,136.20435161720494
1.6233612154270196,18.243767627160036,1,150.43550897702022
-0.42233539127907027,25.44390220930231,1,122.37471834812328
-0.6762045044933734,26.06846335022182,0,114.98154277321991
-0.756161080615675,18.896811407846524,0,86.35247963506758
-0.3105918001174667,28.21482953093141,1,130.0191228883979
-0.1046899571933732,27.8110330551999,0,127.1234173857898
1.5333714562969232,21.767789673264257,1,148.12779175221706
-0.04328918580053586,23.068551891802986,0,108.89396455068783
0.602186889138329,23.329452747343055,0,128.11699861827742
1.0926003382915508,23.642135801172497,1,144.21566561646668
-1.1155204634917775,36.051518030913705,0,148.31623809751065
-0.9636139202170854,29.27385026770773,1,134.04857715846208
1.02798701035789,32.08628985694418,1,164.96488901744365
0.1698877784015096,17.67876660108263,0,108.37420612429231
-0.09647079094855927,16.48114311690775,1,97.50557119028733
-0.6631519785244608,39.67439867407072,1,155.171486209749
-0.38762899992628075,24.057361264000566,0,113.05384760461126
-0.06876852473439535,28.478168414753945,1,151.16429402441764
-1.1403069951123443,15.473091292084169,0,89.43992248829305
1.5469008834968092,18.747877082072904,1,152.31128352992275
-0.030564535158831938,21.152211953962254,1,121.11783520212781
0.7040885718376894,24.156007879979324,1,136.03415286149271
-1.17697016172342,22.510330805277544,0,100.73207558590393
-2.040431435236551,19.78671371877944,0,73.34928036886902
0.003901942307291927,25.596204815779156,0,125.02278251665972
-0.3107324674318404,23.52330256349066,0,118.28559476112432
1.3956420087582715,24.564371549547175,1,158.5871211739778
-0.45977630698088096,17.275455646708505,0,86.91451523267577
-0.09987530566179476,26.98374096911737,0,130.75535628366725
-0.32888143252208335,12.560006050073675,0,81.4974131567835
1.0021372621912499,20.541392440376022,1,132.66734780387065
1.0800017688463255,26.01064245078333,1,154.5077182305843
0.4645541381838104,24.110433089678782,0,133.06431283391407
0.1728043987298177,13.077192922985992,0,98.84922919615126
-0.16088934200337368,34.074221778934316,0,153.62175284547018
-0.7961873910303429,17.980967190681906,0,86.61504461589428
-0.64649763663038,26.4358845272836,1,127.90406943516213
-1.459773597370897,24.372008156539643,0,101.33796270344095
0.907266197431373,26.519407942016837,1,156.53630206656865
-1.152188473925421,21.256054981171566,0,77.93490449531264
1.2538010639468398,30.354423538389888,1,171.87462954279727
-1.5737864754757909,16.121663081038996,0,71.87244234919409
1.4401973645757868,28.271708468148756,1,181.92571227421678
1.5860952953744467,20.127246410256312,1,149.93068687810415
0.06471395008591244,21.22280996089109,0,118.17397189769846
1.5264690106583625,21.434276424776655,1,155.93285212131184
-1.5182999695036676,28.20949946358737,1,122.43183289144561
0.7040966661226855,19.59808409489539,0,124.67959921639239
-1.3676884171852015,24.306903924340546,1,96.57883669855127
0.17478568400984126,31.08655790585378,1,149.21318786842116
0.6689411611573595,27.17046742392646,0,151.8305899380983
-1.0456312338770712,21.812546864572695,1,89.36856017369537
-0.7238965256849972,30.471246089941317,0,120.77577703322667
0.616444566739939,23.211458637743977,1,143.5681718959918
1.2609152054954926,33.93693780370546,1,186.98584749906323
2.5696222365164134,25.56974735260538,1,192.8619600539524
0.19568024992822905,22.39257649286237,0,111.94273217265012
0.6802386955272021,24.83457970714849,0,147.97365132815094
1.2132671797939754,22.481263211121366,1,148.50166991298155
1.2089104903231602,27.015537816589465,0,152.7029951708663
-0.2697761601091789,20.321415579979856,0,95.4207310589884
-0.05413525208041561,34.44510299345789,1,166.7603942611682
0.44050203035824637,30.41577449898241,0,140.04761736358307
0.814828560459073,19.922510069495974,1,121.1582080757263
1.3268020572325092,16.028806196286137,0,120.72167713309742
-2.6485733549500656,25.008339067937357,0,78.90703590053373
0.007369684654544652,19.385427209481904,1,121.12340067042935
1.163842970469825,12.604891942024585,0,120.19135732358464
0.13201473761902846,19.38338255026975,1,124.06133815238563
-1.2464128378363695,19.023904619812534,1,83.54752133379601
-0.04212550030393946,29.931179785708434,1,144.2611704484715
0.027055805374229788,21.02600904902872,0,116.28722736066815
0.3793522901421171,24.50358258275098,0,133.89705209074455
-0.3962441139733182,27.112355292260403,0,125.19658005282652
0.6025834596227096,17.34182016012972,1,127.84070752964341
-1.2354110687653566,20.996970973743654,0,88.77653645260769
0.138620989632957,19.06540733997085,1,102.16005186651365
0.7526377886515069,19.557973682684445,1,124.60439275165324
0.389210472960974,26.25851593816706,1,144.16204941221017
-0.20910134013806286,27.53015898673239,0,138.45787387560435
-1.296374738810963,26.565189087801862,0,111.50793793877511
1.4450939112485277,22.37597657839144,0,146.46270908919664
0.7213169588845916,13.644153350171877,0,103.71991356531238
2.920528253755436,25.263139282332904,1,196.17855702066828
1.1880098675645705,26.98892896820292,1,163.8785536617678
-1.0428250930858467,16.651282289132034,1,100.33278838240324
-1.0988086081518034,20.8470422056858,0,88.65213826500013
-0.5504404976999943,27.546079011071914,1,134.55712430044252
-0.2511051471508959,23.002690839648725,0,109.87755010157868
-0.26191507800477776,30.525963992181072,0,130.4860603626825
0.16600357371523014,24.006879059053567,1,125.11570477922464
-0.9567700371850757,21.92916448428692,0,94.20031469631225
-0.1616362561576415,17.843042321490287,1,103.44457269490366
-0.7559438303709619,28.019295367900295,0,112.10709952691535
-0.29247607405160864,15.088068910557308,0,75.24026373092971
0.7814824385572527,16.184571161775,1,128.15128368062864
-1.4939241098007674,16.595529725822132,0,90.51650930650143
-0.8533134220580793,25.239326334813953,0,113.81708216531771
-1.1489928518249672,29.576093911531796,0,113.59432432944445
0.1523072973828603,27.933110025624774,0,132.3887575098651
0.6832319964646102,34.893602220624935,0,167.15938533239483
0.33735844125628234,19.7738354728981,1,119.4131669382037
-0.8062619073773724,23.665233798841044,0,102.71664275659587
1.3143349131411481,27.68259357502069,1,168.63581371616758
-0.8181902511580036,34.66233555012087,0,131.65281810640965
-0.1543760475515904,17.912362068228404,0,91.23675238318604
-0.441288036743195,28.67858688615441,0,125.77653881900028
0.7277714509045734,29.174061522684056,1,146.97721103788484
-1.4172988631024221,31.07809191185987,0,133.57250027502275
-0.18596261131043282,29.550215958626698,0,133.21983364165473
-0.14072718748946983,31.439975442559668,1,139.97628003108986
-0.4628613446668592,19.103505805858045,0,89.3946124920843
0.6636368120515542,22.69937407630442,1,126.72844774097692
0.14987202387617787,22.970692387740407,0,119.18346076379855
0.15516798703630408,34.33800615417117,1,147.69214556997602
1.0346544220587925,28.5424586953367,1,163.56344116488665
-0.6151681182039151,30.217031139835292,1,148.85558190458113
1.1878954269488011,19.639032765018655,1,139.2152086559191
-0.2114613784256497,34.6541029369529,0,141.34871078605067
-0.2630834740913864,17.281049971548406,0,86.62074060505547
-0.5938985043960071,20.612908424759905,1,106.22951011680671
-0.8861042847312655,27.48950717084309,0,105.59713303159918
1.2373237280412517,23.283866217344677,1,150.44124033059865
0.5426694807502461,11.522173821437654,0,93.62178146265454
0.8572110385538156,29.43614091859625,1,158.20227407973175
-0.524647517667397,38.15602990437505,0,150.54644263081477
-1.3187659377118994,32.31123453694801,0,116.58034640204984
0.5022974224911073,20.032367345561426,1,105.15637810542432
-0.7975746967909435,30.129268949039236,0,108.31308467064126
2.227583956716379,20.9131555635621,1,159.0907268970923
1.3385956074578633,21.562798036350845,1,147.65493577749734
0.7985530645984564,22.395450302646978,0,118.54913693564038
1.4097820630746505,19.633997377290832,1,149.607468810217
1.2919024091961058,19.36712965680963,0,137.39886884474794
1.8404146419091765,30.08399231939994,1,182.50506077296515
-1.4261502894652949,18.452274855599796,0,92.68475853741138
0.2540788751851497,24.394405932139893,1,135.5401960696177
0.2270687581412812,13.153822198336455,0,86.61750934406247
0.033649585273998875,19.305066648246488,1,117.91893709289886
-0.6119673520215458,25.01391544655454,0,111.24915808497217
0.47837614443236026,30.033736529335364,1,167.70828497739865
-0.8870311077382869,29.13330875359403,0,138.42484151509612
0.26284188712723555,21.345605114478374,0,120.40864587691266
-0.6081841715189819,13.115966662118842,0,66.27771970210095
-1.5769238510414665,25.23599084266833,1,101.79669819199103
-0.41876835839475135,30.270137698334253,0,129.92056469615156
-1.9786845560102355,26.76129222546958,0,95.52142587969622
-1.1490869363367937,20.434782860302125,0,83.75116240111707
0.026277205384359962,24.331710841012804,1,138.15227360618036
-0.12642545170431624,19.088707536108046,1,118.22394366427866
-0.3094905944514421,29.934744157048875,1,132.34504707858494
-0.07161776512214633,31.835916463871246,1,153.3861475113313
-2.4328652132465454,22.426857913259838,0,50.414524753609065
-0.4336730248135178,22.581418469511796,0,104.92852264821559
-0.813179339691138,23.01494549832305,0,100.71108208240324
0.3456580329602518,29.079643026758298,1,164.0236230933501
-0.9469801659236353,27.428928456730045,0,114.12665097794313
0.378923326743717,28.824232660013152,1,153.98657954375503
-1.4557219152452048,22.79944009596318,1,99.7887333182714
-0.221844107876438,23.466182538368102,0,106.65089341971782
1.7048342838620838,27.501081467128206,1,174.08876888600471
-0.06290254934323873,23.37807938562908,0,112.42865427103051
0.8897874301220907,18.288666167357025,1,142.6883951313566
-1.2049628191579338,24.635784694516797,0,99.0737373484565
0.8568354145154876,22.448268497588156,0,146.27528681856455
0.5446026393118746,31.2455679715206,0,162.41388814348485
-0.9474357942268559,19.25896966541301,0,81.35573602243448
0.5441494911303753,30.5076551903816,1,164.22720809044324
-1.3549631386892058,10.52885965889778,1,73.51583454540426
1.2198030182691502,22.257304431615932,1,150.65862390618852
-1.8325523371313015,11.488435022038017,0,53.25506082003561
-1.2616362290579162,25.050675520700274,1,107.4843053845909
2.0865402608808306,16.330448043338578,1,156.55958771640178
0.6681290188272464,26.9396290297405,0,158.25631331794864
1.8699688843849591,19.572360399222966,1,151.66074931288776
0.5606963308030178,23.793613535008877,1,147.87664876313818
-0.3606088372907765,20.12004493802573,0,108.18366172991142
-0.3796418004606986,20.141107490293408,0,102.84806217426038
0.5144647155539391,22.39369613291667,0,129.03133788343877
1.143726156693269,22.10187058498079,1,148.61578284535057
2.0870157445328044,24.10001138068715,1,185.29456625484005
0.675597877956599,25.890861184259155,1,140.3090364561609
1.0542894721718816,23.306354557782292,1,139.80067488514484
0.4582832381385477,27.196670964575105,1,141.52896733171764
-0.3818322841100171,9.313944561642453,0,51.08223437736897
-1.2036641275858049,13.037915939885032,0,62.39720788713568
0.008094985693319163,15.867034920055351,1,102.43284080120033
0.6190451929646948,28.05056416187565,0,137.38286865851643
-1.2208954374725272,21.901922876733625,0,99.06856501403756
1.3406892183241426,29.470410637695995,1,175.3460702640197
-1.9151196100217023,23.75625190493106,0,75.85776742654251
1.5356155739895092,29.87092856751522,1,174.60297551261817
-1.1688013915681141,25.112517344897388,0,98.50752361174591
0.6826114861101684,30.298532013636503,0,145.84762891811383
-0.6050286314863993,30.663756293849353,0,132.99679441429387
-2.7761425374486968,20.390375578382354,0,38.491520239622176
0.7473990895346798,27.642089726382245,0,151.5504200827491
-0.2358193958468558,18.96868874404911,0,115.88440151921925
-0.05843704697005003,26.89670807721854,0,127.18466073460861
1.2329233922078173,15.46635980559903,1,130.22090968735867
2.258077438901453,26.523344714440263,1,174.60369720466474
-1.4964077754035439,7.533565317326936,0,65.89536643679304
-0.9683759770709124,29.968864993590017,0,120.22010933291111
-0.7309765416195338,24.42551623791116,0,114.96100582679442
0.49592460690649304,23.095553058685862,0,116.8299256882869
-1.3155149014919723,24.706175283084555,0,99.18978169130699
-0.20916410547454747,23.57872442411529,0,127.7933207811892
0.21102706304890084,20.29946899518743,1,134.43957895066058
0.2990204074363136,21.73458047044499,0,118.99559837999098
-1.338805761957415,23.25571584648637,0,92.8027362711434
-0.05558147022843027,29.528299903546895,0,150.97071090058807
-0.8622490592218242,28.845912683875405,0,115.3731650748491
1.2909795091589262,37.88043351266445,0,185.2089896737904
-1.5973318785155757,17.370821337848398,0,66.1571431267031
0.8877133857719927,24.945947234222334,0,126.92900088100544
0.661062840474955,28.643869923432902,1,155.69401274273756
-0.18436312885975722,18.380944358435308,0,106.43378765629782
1.4458008626859529,27.264092832938132,1,169.7071073466847
-0.022692886802360854,18.06915079208763,0,94.96617388889877
-0.7686549062853573,20.115038628529945,0,99.90655234555435
-1.0533973448635934,25.891791792990887,0,117.75877474376044
-0.05112764900572017,30.65738842471997,0,141.38124386437815
-1.6866433455675793,12.6611102843029,1,62.91851296311101
0.1956661662608953,27.351963607679416,1,143.0407110183886
0.4302417337129119,14.770156265842912,1,111.3598299044704
0.7379517232235254,30.512339023795,0,147.2047966580727
-0.24189254390358042,14.42371745317389,0,77.6574810073946
0.7479458936514314,24.611964107106882,0,140.70507165623687
0.036940257435093694,29.77388413065474,0,122.9072120245041
1.411361753658282,19.978716198033737,1,147.1058632594171
-1.2786588998848618,24.420694628729226,0,96.16855453413166
-0.2833307497799433,24.853684780461496,1,141.91468849500862
-0.6465040656073123,23.51073913306427,0,99.80222250759891
1.107108318468154,23.53472986276367,0,144.79751886910793
0.13218966001323795,17.674261465780468,1,108.22787971466698
-1.154024997635213,25.641671746523674,1,124.01916269109643
-1.3749466624280031,24.45984153180073,0,101.86557067343533
0.7332594372246268,19.102762102022453,0,117.98545720737988
-0.7698949508534033,22.188628656729865,0,99.69972452334282
-0.320699202981637,25.32587994659416,1,142.92503463632156
1.6576389996592231,26.779076077512244,0,160.06514350017883
-2.341977744441247,33.38883947756934,0,100.69426744986882
-0.4995431027454463,24.77507402754565,0,124.00827898893314
-0.1501339292090884,26.756822036349476,0,119.98989776687833
-0.8026895260619179,22.16488047283485,1,97.19108056896482
1.3657688733317273,28.967410782259527,0,160.29666844196396
0.613768805717797,18.823952661361922,1,133.1233106332995
1.3945812721163338,26.107271459736552,0,150.2005545471604
-1.5286628318280944,17.452588013412715,0,74.2676157097358
-0.050733227489308134,12.901374764182048,1,108.41015482790058
-1.0645305347338934,35.65690002861133,0,122.36152195315317
1.0349061868489937,28.649547254917543,1,164.64472578871926
-1.12577404448968,23.742522794495073,0,94.15395071889984
-0.8667772270713212,22.637233476562436,1,104.36560035922115
0.009543906060281099,20.647025873770566,0,93.88733057789509
1.5376596575720707,28.878232418870294,1,164.84907007228972
1.4034893733542129,30.179684212529832,0,160.51736007578592
0.1638141593869387,27.722195875568467,0,120.84573428722705
-1.3012595769516326,23.333188409195103,0,108.84760341334257
0.10678222844497856,23.877207132056796,1,134.84001585160607
-0.1269533469525028,26.25154599529711,0,128.17424292453964
1.7397969969421943,14.656672244197797,1,135.63031727387803
0.6810097827111034,25.33257687607971,1,145.99855514528406
1.4808608738177302,23.924065329813068,1,156.9796893174029
0.31032115590602544,21.611821341234712,0,121.79461103691864
2.1024414776648856,7.150924590484934,1,118.59938770770648
1.0896632383765703,26.196907913292904,1,157.93982815458412
0.6127614565651504,27.674421524084014,1,163.18009853779245
-0.2705986731116795,14.383380582431403,0,94.32130537155527
0.46680042181636144,24.761563503536212,1,132.66721720279497
-0.1243207164500715,28.29078096147478,0,128.6172038264292
-0.4347077776768177,37.86068912646718,1,170.88557330196156
-2.613777174078411,28.963993181412228,0,89.57321777713716
-0.6891181254542247,24.18398801635729,0,103.049759039029
1.3584620990505374,27.28830987235167,1,168.1927493955755
-0.1971808016186489,20.452790982235456,0,104.7443940840479
-1.0578608385821628,24.61599971786584,0,109.19021402185852
1.8857305293060238,17.156995349383095,1,146.9220318120725
0.7523311972568426,24.737155185578427,0,128.4993690306948
-0.13395924470024942,25.481821673819002,0,136.03825809376337
0.8166104976108444,21.741959501708827,1,145.01416553365408
-0.8707061721934178,30.36758752624112,0,117.28130861252336
-0.6252133717183982,23.180464628036127,0,110.72464383853368
-1.0689702299396342,28.607159975146175,0,108.51964385674299
-0.8401485682184473,17.803643617164425,1,90.26625129925486
1.0788864884938643,18.78861968811191,0,126.80249334663125
0.2565450833147607,28.863047468648148,0,129.70070040416158
0.7912377083775268,25.668601892020398,1,151.34819698082455
1.357163987834801,21.853612928877745,1,159.16847549173193
-0.026491973551808174,25.274544698689223,0,118.3561823158952
0.09240449729043596,21.915191066087772,0,109.33526211946563
-0.37264290375616194,31.31523114238838,0,136.3739149311698
1.3028348836679302,27.48732335068428,0,141.5822643984505
1.5360489532538102,26.273896349844655,1,170.4441578200156
-0.7268284174028459,17.794435890614643,0,78.37912171915993
-1.6034298961986404,25.498883414650933,0,90.41733087563999
-0.7730819985811338,24.572249121448895,0,127.76016892947209
-0.723174235342557,32.22738322255993,0,133.0741234452619
-1.2602132937614907,24.994676056213766,0,91.27980020733636
-0.5453235555501544,20.909237888927102,1,111.81286278148174
-0.6046464276589126,27.228473841347142,0,114.67088578884226
-0.28015299583299164,24.27516082362449,1,130.86358652485228
-0.38623391417011615,15.355118129657471,0,77.54809625790818
0.536680189005913,25.061857323314886,0,148.33357570397465
-0.5667058052945525,30.60084891277608,0,138.0538194298179
-0.16976055511971996,20.292249707228514,0,117.05177318289306
1.1109535951956726,21.761234587314664,1,138.0111178565375
-0.09860131274096276,27.01265370846999,1,129.78164276072167
-0.5363212903027825,32.69016413881724,1,161.89981972264013
-0.17024700913635557,28.98080728329776,0,127.591395594071
-1.1233398792076041,22.509731188395815,1,92.07572290066472
-1.4814306980274161,13.382379668090282,0,55.5881565709873
0.09234342006770169,24.86313779469208,1,135.886468425754
0.06784034377262538,18.58845049291501,1,114.57640760674641
-0.7674118121733507,31.175189378035594,0,126.96222519733179
-0.27357647456258855,28.199961884332044,1,142.58190085908132
-0.653349661437759,22.527757921808238,0,111.28125449438127
0.5805311012176153,29.58874894325296,0,142.14700248734414
-0.5853744769355349,17.78647811131971,0,96.05916145446182
1.2358542520639684,26.32090473408631,1,159.16636412272052
-0.8377800095453272,9.90096656637419,0,62.3174660247386
-0.4634220958460242,23.71908894040811,0,108.5770390448939
1.941671813371755,24.445232586739237,1,171.2021679257162
0.45421783571656577,23.65211715512445,0,137.44252185754192
-1.1555808967578018,32.74315664067572,0,128.52250144592972
-0.5135464051059989,15.17771044094957,0,74.04588362334744
-0.4751581368035866,20.543114071138902,1,101.3374568059144
2.0586221250723806,19.437425114169514,1,161.64609126204644
-0.7954653639607226,24.230723885294545,0,109.73241486847637
1.284886826371089,25.529392317396816,1,155.75914874620872
-0.04243512703449348,27.063787122577278,1,136.36893038692693
-0.5129999366551881,18.74844560913982,0,85.15664493430234
-0.054597314820163986,25.689629291323232,0,128.57223008198318
-0.09921277349296792,27.426037603475315,0,138.833365003063
0.15591799890627933,25.378323518387578,0,142.24457376425397
-0.28695405758704134,33.03216222579506,0,146.52202055531632
-2.0959061285500713,18.276923648695565,0,64.71247022950784
0.5196337990979754,28.782989812117606,1,150.57169534971942
1.4387517868497095,25.143670301666315,1,152.59711097972718
-0.7142528570783035,18.76920444684483,0,82.15350003346754
-0.03038060993965803,13.679455112527489,0,88.76738581415265
0.42339650992721733,25.475538998584373,0,133.0277375768774
0.301363382460134,28.4343742177671,1,145.94314177424727
0.009504367670531092,30.971872945732624,0,140.31826052039395
0.2163034102447854,10.266139227578986,0,74.12352541380798
-0.03734532675565581,15.948982521486325,0,99.36674534134137
-0.1289697943463491,26.80748508971988,0,125.13753125399332
0.8302116927612299,22.826255535547787,0,122.05079583025439
-0.6743657173054229,29.56065245667806,0,126.8668583990992
0.5705544541491879,23.30619073899217,1,138.07923028415723
-0.13396716010042709,26.03994355968687,0,128.67050558864312
0.32884177107489254,25.30890719907354,0,136.11227902107078
-0.15381731266604667,23.3175338413055,0,109.87534070788308
0.7052742318565687,20.932230620481235,1,134.7385698469992
0.07837262137250292,17.343850273360168,0,95.16989338020136
1.0587477101968201,11.389813129307838,1,125.45381528790722
1.313169610022646,25.655241636671413,1,158.38068033732
1.1069742903244355,26.360765905063964,1,160.87336572436243
0.4853206016844238,33.93184889201636,0,162.54248281974512
-1.325096236980681,31.18934645722668,0,110.88615848572384
1.687899912333891,26.204229647358112,1,163.9388225028336
-0.21775111870404984,24.833316973287502,0,119.4920625518709
0.6824085606942766,29.49325577894296,0,140.6538948024691
-0.0625001508323682,24.253073692382266,0,116.88859980329116
-0.9045918659209266,24.95911235219117,0,112.46643079681579
-0.6506527758609731,29.574200184314712,0,114.93013846233299
0.0468982640557212,25.83051648750359,1,137.70807565178163
0.36794803389224584,26.80055124019221,1,141.2477563114262
-0.10005300061984881,14.879033956303045,1,98.56005300074604
-0.44856697944012824,16.46800177805239,0,73.14882118065695
0.38473506220799664,21.56343897840099,1,131.0907558631594
1.0287814532004607,25.084131258586606,0,143.34719572059527
1.1137553270424592,25.044584200568643,1,157.9277000321443
-0.17865631216940345,27.536519108464525,1,145.94698274534636
0.021169996282638007,15.46248278230264,0,101.31621356966261
0.8427859971213539,24.854359745821757,1,156.3280829628546
-0.9780348373601558,18.178247638834616,0,90.78360207883159
2.1586848178373983,23.40775988704223,1,174.34194824054362
-0.07463538142049211,19.560422454632654,0,96.81419878641434
0.14129329027828233,26.762183592013407,0,142.75897972683074
0.3449090081434665,30.984855820566075,0,136.17496322740524
-1.9871551249676245,25.9849019538051,0,84.89488111497279
0.6477030288666097,15.110760170123054,1,126.6515213403452
-0.24864902742406272,24.042276916057492,0,102.18513403153727
0.4645824244558208,23.30982241780093,1,146.27726173491902
0.6901943443481031,32.1573795116635,1,182.0617537909326
0.8112028872070778,27.069395921933673,1,155.6390274592863
-3.476333891808329,23.914154505947593,0,48.433404348750756
0.11123437711664348,29.806957517697235,1,138.6942997888783
0.718262143187562,21.878193145267787,1,144.81737432465812
0.6401236845840854,32.19246318783547,1,176.63894499124044
1.1591455814711746,15.369203587105178,0,112.71892965873681
-0.4371359775112946,19.516890920013665,1,107.67519335866793
-0.3561373907203812,25.444536448614983,1,132.0917237241159
-1.12208640488602,15.242597792418023,0,81.61331735787823
-0.6415128009428568,22.347725681547306,0,97.60088189712813
-0.643282547469455,30.21855499778635,0,122.13225545198725
-2.1097192251105548,26.835592214438314,0,91.63026323330243
0.4927018855707376,26.30480306311578,0,151.1995413320458
2.129777720836889,22.860648071360178,1,164.14776258824256
1.8436231878773373,25.98397450248039,1,182.81001388771415
0.33797079684923986,22.747079042770714,1,142.94400574049328
-1.6728134250886026,19.487327198760468,0,72.64855116355443
-2.3530687484017685,24.982644819124953,0,81.5841415057907
-0.05204644682883248,19.421382829851414,1,118.6955797993527
1.6649528148660122,19.175608317274182,0,140.54110811695972
0.7063961419278074,20.182854154571032,1,134.99975622843303
-0.7132477879899375,26.740232876107648,1,134.0413617088598
0.9620546406912311,30.5420953304496,0,156.4413534387743
-0.6178097153496898,23.342607652176717,1,114.71089434491411
0.12264883906266799,30.349305876085992,1,163.9364619533003
0.5017444344502539,26.253875013104775,1,148.3165925679792
-1.1323465274179498,16.19570968893418,0,74.59599630487713
0.49281100922972076,27.00444737897231,0,144.02476196886485
-0.5627572443755507,21.015445564612335,0,117.17240637654469
-0.3563657755129403,29.52180249723893,0,142.30800552497075
-0.17135890485116134,26.54205780087222,0,133.10961630015615
0.4277007137228348,26.148452253936174,1,136.187779952983
-0.2108991523745809,7.50528818740295,0,68.8950035247899
0.14951469335669695,26.611602782901844,1,133.6274756621248
0.05331410670291481,26.59478031701385,1,124.58135375683183
-0.9252831624145063,27.873802724383136,0,111.00175387558517
-1.1613700605392443,21.691928902135864,0,87.23305377848092
-0.2659159069944606,28.552607834920195,1,134.33307641086915
-1.7022860658393677,23.047384620940008,0,69.32358336806351
0.12098960224556457,26.840169148912466,0,122.24668900719487
-0.1292284008225441,21.754687606826536,0,124.4102046560333
1.8235296697115,26.520184574214746,1,176.5431765553703
0.5731069699018491,27.313413891645187,1,137.8459988859918
-0.6226217441932745,25.548290053549398,0,125.20372374806848
-0.11749812928844054,32.11662190910771,0,141.96586929351875
-0.44370712000106277,22.058572669986063,0,113.22610253708402
-0.4819817994857753,15.13840354020595,1,93.65513067288025
0.4409526603470109,37.511590715791186,1,181.07780826416575
-1.7544454898133286,19.15703936352574,0,70.88321136754878
-0.4643554501743474,24.966299716969377,0,133.07187990392214
-2.7377075821160246,24.26988603231497,0,77.4646483576915
0.17056526184395923,29.46403568484674,0,139.3396289342353
0.4716776938807657,19.232679794761445,0,113.87338648802921
0.8069702538882157,23.662502262180134,1,136.10714874592745
-1.8494585268972712,24.055298661838602,0,82.40509121225865
0.8857192385169965,27.45362274983948,1,151.58248878660203
0.34483026539435724,31.375730875301063,1,175.2401104608105
0.8796961368199258,30.774583926146267,1,174.62325545950213
-0.6778317233214298,22.50905743428597,1,107.67081806470716
1.7756373475755771,23.60166809978168,1,161.9298631030508
0.09358999577578876,14.476371778936912,1,116.4467852257381
-0.7527033531634111,20.5728254942457,0,96.56280409926822
-1.6253203605653608,35.88631555127279,0,124.91134164272547
0.27471631365394067,21.816799534745456,0,117.32496591052168
1.6090448551631413,13.725115307581948,1,127.3919114638932
-0.6879963406860332,28.694117992529996,0,127.41680094251394
1.4114454352202066,35.420145237731354,1,200.90278264909668
1.5176632650265562,27.78633651692053,1,172.63095820573355
-1.5386619504752126,18.9312059030771,0,78.76193864386913
-0.3444221841428954,29.856046173392876,1,136.13349839546592
-1.3507641178661476,35.49917734278442,0,131.6936109340553
1.656465989030566,15.368101625926235,0,127.42880648247535
-0.34608029135332474,30.810024505512736,0,122.76293409202819
-0.7969605154204215,10.772536871030573,0,64.9154346793442
0.06788565224159061,23.846384343983704,0,117.28317968137696
-0.427512998631021,30.140152593240792,0,134.65384471779922
-0.008230202263242475,15.912285755406714,0,98.96968857133841
-0.7123603126111141,19.28987332244604,1,100.20743881470621
-0.5222017748441358,24.22313421255999,0,105.69654283282864
1.7805979060780799,16.18981845417968,0,137.32728970442398
-1.2277223732399303,29.02970729569305,0,104.21684625562872
-0.36922832219869045,20.006231970681934,0,98.66162330976715
1.2866712788143582,34.19781436461571,1,182.72254273645444
-0.4233577444129087,14.902324321410404,0,90.79724524057373
-1.2846539532225694,14.135843744762642,0,69.88928132505706
1.8749445337992028,28.356455648023136,1,187.65136592996015
-1.1776341224991382,23.061008227595167,1,97.57923640292431
2.0496467046299762,22.78633816257546,1,167.9245301044681
0.5060314511495154,33.69356080779216,1,161.6315475627108
-0.13481886024094863,26.59815948591742,0,127.93361383680939
-0.7329607450710306,15.426188770465162,0,81.17375470971335
0.7525164307178938,26.767346980798692,0,158.90115634763154
0.8783828471413082,34.668825992345674,1,167.7732434468303
-0.6484505205660985,43.47399239988732,0,159.07348638090235
0.04464009237331201,15.314429758170485,0,103.62640831680866
1.3412458445217705,19.48092336658485,1,134.0677677089666
1.4732828131348261,30.992731012840714,1,197.65536800406537
0.4399710805185024,13.662478507007382,1,103.80603239783036
-0.29998434580694994,29.034839678132105,0,124.01257363135663
0.7111162835839245,24.514100978819318,1,147.23593121157992
-0.18546814237473574,15.8341819145366,0,108.7982079412185
-0.2583079085960578,23.12629634715605,0,120.79606158540984
-0.9214715441655099,15.116892718852252,0,81.34886565928981
-0.33970764755252847,15.323492916181166,1,98.7577552699837
0.1306884840069136,28.94203252773653,0,134.16590454225226
2.3670629101454534,20.893182458746537,1,171.14472997211865
1.6733532012866652,21.32446555275703,1,152.6799954200374
1.0240472350728929,27.805368742076617,1,162.0810268587358
0.4451834260096831,24.059974621411133,0,122.46997771005329
-0.1751864557052103,20.66472280940065,0,110.51059184124044
-0.318102162768741,31.801271870671663,1,160.5363269647966
-0.2872972638028877,36.21382577377467,1,167.62024887355958
-1.3632535073158565,25.146899758138556,1,101.29932749457058
1.362738542726773,21.348401793595656,1,142.09944648911534
0.3199315571887946,15.586118428198635,0,114.55812459745653
2.499863782398256,23.654675766889426,1,190.91771703797747
0.36745992992336834,23.176895146939103,1,135.2888424419421
-0.39242828043843847,33.59989954760047,0,155.565184831475
-1.2385295577034765,22.560173495747957,1,109.99019023635891
-1.0840058334718334,26.548206703245214,0,112.71084820245676
1.356956964099562,27.78253756264608,1,180.68989928768673
0.09463930408976826,35.36829390000753,0,166.0430659962606
0.3547588086841794,29.52102369275028,1,147.37417994248233
0.5654786438373541,30.44486496607273,0,163.50789515098694
-0.4412793898042242,30.808047078262398,1,147.0244052441588
-0.2355912888138388,30.700061875610118,1,134.4327999130031
-0.20264949408772623,33.22216925932594,0,140.01854383915187
-1.104646720749332,28.361207335295504,0,107.77012132965518
-1.996721105389717,32.25489811103773,1,119.62991728067323
-0.1673995823514198,16.467690816866693,1,108.7313879520267
-0.28846714191476164,20.20272426381776,1,115.118378816074
-0.5696679593628211,27.517650443029293,1,129.242602706654
-0.3380073104000521,21.755629112040403,1,115.96612036605786
-0.20570640016832653,16.90703564278622,0,104.93164092596122
0.473901490107614,24.567818501402385,0,133.86398147238754
-1.053506222152069,28.919458852777073,1,122.5735029576591
-0.22900481138439485,24.316051220769594,1,123.11120847983872
0.7113575006520723,27.217562224201867,1,149.99995976623137
0.9797393630805187,18.409692163634958,0,118.31737450611095
-0.3015651399890975,27.6228798595911,0,131.8817173076568
0.5852707106715611,24.91734419449183,1,133.36029915293437
-1.5226698703168262,17.079294440300096,0,78.74479588355746
0.32353425993911045,24.484018426905156,1,149.42537473254913
-1.0486572520429884,18.866298603688964,0,78.02383240161079
-0.28795888765984473,20.097955774904307,1,96.67897610900684
-1.9695660352806068,29.84219809786244,0,97.14227039561803
-0.20713339521951207,23.794004035329582,1,121.48131906489154
-1.3856667660199702,31.84441407310038,0,125.63065192246087
-1.1621565037429231,23.47875296378458,0,98.25198086749648
1.4707754016402033,26.734412610318774,1,165.1184551262077
0.8373992790977138,23.064786726933598,0,139.5932747421082
0.6611650831855573,24.075323716057362,0,127.70648144320336
0.45588818831566236,14.459347381530085,1,103.78316611087148
-1.3217643791639944,19.672753116079953,0,82.6645193324181
0.5183691021795753,24.879607805094675,1,160.0391252133805
0.6436120457094451,20.149230748871936,1,126.65790396910093
-0.637058578162647,28.618743725320037,1,111.02847412351917
-0.0399956458921613,28.239478841024077,1,133.08882386765706
-1.236316233952265,27.52095017136332,0,115.40652856327107
0.3764589784960611,21.741759866135602,1,130.6670982123005
0.5069750177401657,27.329583982335723,1,143.13541059926266
-0.031542204604925926,25.484038237220023,0,125.18014491377846
1.2775770282177359,27.067486768255083,1,165.45906358543448
-1.122479740137455,30.594359162074547,0,125.19103758580235
-0.7850887511279349,30.61745972086706,0,122.43616031192964
0.007347119541279241,31.19247569279205,1,163.75884477721857
0.058089157805477576,20.16641393617336,1,108.55527160773435
0.10938197700683815,21.138295711535893,1,112.55462687019306
0.8070907415373219,20.707419560417044,0,129.276045580261
-0.47158733729676106,23.466033783158633,0,112.97850469650945
-0.7194017132875435,23.573365954113516,0,115.37155810925312
0.48840295261730127,25.319838187589053,1,139.5765177576335
0.43614139529358287,23.32535583921162,1,114.8992699183327
-1.0953053318167074,14.54183573776793,0,69.72318847934442
0.5639811131933379,29.31001398295377,0,143.83655318830574
-0.7568296236130108,22.808988436361894,1,113.75643172811904
-1.511853973863304,23.987633194032124,0,103.38163251784883
0.018899002356136802,25.492404244568824,0,133.5186075747462
-1.6291919550358,31.369419424385505,0,120.75087884907317
-0.5467473196106006,32.47346829770286,1,148.84082883742664
0.1941007130645268,19.06218378808383,0,117.66193853657069
0.09163102728310232,24.60361358857684,1,141.47967671485517
0.23490493271872376,23.182198552332324,1,137.18723194103035
-1.0618896362974741,17.148516126117787,0,70.39274291959863
1.5938015514503021,36.613907915181294,1,208.80890810088187
-0.5246906008248938,26.854870953631384,0,115.98507254431888
-0.5294408056864346,21.290240879569065,1,109.31604051976116
-0.023091855270116163,30.97247727250483,0,126.10915081541138
0.7428904917975575,15.16418637656658,0,113.22482803067284
1.1144887159460029,23.277077152504216,1,145.55900440353773
-1.1329405454078005,15.625772076439443,0,80.29354393592624
-2.151812261193638,32.137806008617666,0,110.00160781590043
-0.6827024282524831,20.65231728093343,0,97.5423474910264
-1.3449746403850613,32.76993402803264,0,120.40552871115038
-0.13428620160294646,18.869677700037556,0,110.58189055967257
-0.49712528095614417,25.401474778608474,1,133.55984607119197
-1.6041825609289033,16.46893300285229,0,70.83299224271528
0.4033029065457783,24.848720840925797,1,121.27707086496754
-1.2795451492431018,26.0488647085199,0,96.86161174933166
0.7789168071339342,31.20940383199485,1,164.68252612486398
-0.011901789027725058,18.25696383839677,0,104.34566594326354
-1.110121306315856,24.148262701869847,0,102.5071542424626
-0.4022762727089974,17.147419731861913,0,80.70698825954759
1.5296981111090526,23.660251137055905,1,165.7337723419224
1.601602338234386,22.585117804033835,0,150.36090865328413
1.8056658964620729,19.905249553537253,0,150.04307273448273
-1.6093599951689015,29.719807889284684,1,106.693392420816
-0.07268961317991335,26.786738561545967,1,131.71544881285544
0.024706568784269977,15.864750255605555,1,104.4124598788139
0.6481056485320554,30.82819967467258,1,165.01208600465495
0.2955892648656132,28.352629116642277,0,143.80024220615115
1.2503846478126628,27.160881158124837,1,174.81500114786098
1.4282040429301743,25.066596612133274,0,159.5381244753787
1.0308662750271562,30.516531887342097,1,161.68672474514523
0.40423683919474845,14.58519976534049,1,125.56336293961431
-2.6309043637505,20.816762088280964,0,63.71901885796451
0.2064931373526596,30.778671905920955,1,143.9375325526094
0.08936088102925986,20.098933947389682,1,132.8154228786192
-0.9190553344212,25.16495273979506,0,105.73116340211102
0.4287054460855316,27.57015725968117,1,148.1542063615606
0.6596797267550798,14.676940631192075,1,122.04812878447032
0.3101223642042178,21.326132137283505,1,123.94258148733559
1.0125005663978166,21.381947769114134,1,154.57670373286004
0.011461387677688069,31.56150599103625,1,139.088475317741
-0.791263132142216,23.8301306628057,1,111.34801182775284
-0.8541559867521503,24.17034657285819,0,107.60731318419717
0.6966337385557602,24.645563631504437,0,126.1600005868722
-1.04471840513215,23.25295220221535,0,93.21952099010805
0.2224311103917969,17.4450142770118,0,101.92354726889435
0.7058084122509429,23.31043922977173,1,141.42520781167812
0.37311259748275843,17.890893454622148,0,113.48587141844784
0.17440382940356164,29.100626170848727,1,151.88969470537307
0.0939982910133651,31.360362155530616,1,150.49488808482155
-1.3738164224334852,16.505157777564428,1,70.37240552730347
0.28018749061930365,26.45619089959272,1,137.7701535654591
1.8462475619359628,25.39169286820463,1,163.9483336464924
1.1031304017038162,24.262265750869876,1,144.74242088459735
-0.3132591109231266,16.056141389600864,0,84.6712668595886
0.4796270290900081,23.446989911802376,0,108.74112416601392
-1.5874772528124703,21.41095057444103,0,91.72427551776737
-0.42114967873031756,14.253404076488593,1,113.2370993428507
-0.8025928823713901,23.577912287148514,1,109.8190022303046
-0.07776589835869119,21.216269688324733,1,106.32246578628697
-0.7643004769294697,44.21896030268578,1,171.90212045885644
0.43411362812556903,23.207839922940526,1,131.61477805258414
-3.7110365655338557,27.99937702448818,0,52.789640818846664
-0.41231212576255044,21.26889446054008,0,100.7349434159738
-0.34959031448103156,25.461621803964675,1,130.04218979991032
1.3997262161561905,25.718223906037096,0,165.1601698272811
-0.13965968367950024,22.648443625947603,0,129.40080891353938
0.07392433725019139,20.91098166354903,0,112.31705979559774
-0.47784893866156286,17.63719821309011,0,93.14618395200898
0.41254893522304814,24.90211643546862,1,140.60381433417191
0.2635144759447764,25.380614953561707,0,139.18953158791157
0.11093387909909982,18.790943531089347,0,107.31825426734024
1.4301999509296244,21.313804404080813,1,142.7183874894228
-1.7245242331900075,21.842814621975688,0,101.83793033184496
0.6690693050425708,27.840980669932698,1,142.52041364187087
0.3013658320966786,23.50215943313211,0,132.60346087145783
0.05613343917506214,22.05435650513807,1,123.20499335563036
-0.43687692916896304,21.50518998652672,0,101.80081563402379
2.084499622357537,17.78396760861296,1,157.75768656906752
0.24021920130678504,24.887934491465778,0,138.9369400026755
-0.22943605880849,23.04990488023372,0,114.65126717145556
1.270812735438954,28.33187494571913,0,173.47253344458082
-0.6227425005449342,24.920502330402034,0,92.99750889163147
0.952096891484833,24.67382331824551,1,150.38242297547689
0.33128345375014756,36.815470133017655,1,175.94891917361156
0.05277736069933184,22.876548398667953,1,123.68461609692703
1.745034061604282,23.72189421745754,0,155.9414014102361
-1.6692789210898518,22.77767677547833,0,79.02205201600353
-1.6332550591357908,29.16149834827127,0,107.64213140181803
-0.6803454406271742,22.630705029441884,0,87.57449656795312
2.1002141060517414,32.44845962931106,1,193.40772952495973
1.2936726331831638,25.92368745768866,0,156.04255297438576
1.1321167781783559,27.471692937659405,1,168.27039715689847
0.9724074683032955,20.13153176555314,1,125.02254873204998
-0.34768801306285485,16.01071960606659,0,99.8816595643018
-2.4973822789204054,20.622083554580787,1,62.23940278286992
-0.7755818287258116,24.441165794493635,0,109.26854633358569
-0.7782320291374324,20.782610821187017,1,100.69473039169537
-0.5449683719168305,15.14908279605529,0,79.05088755277627
1.5919531499032007,20.525053960081372,1,152.73047117191743
0.7487736112795165,15.032754659651962,0,111.28575226736525
0.29197349815099705,27.274882834224346,0,127.71635918151387
-0.5870090972903819,19.964460574481567,0,106.47805172436857
0.820815976751972,18.108091381594186,1,127.4269490027892
-0.5534174185409129,18.910159351863612,1,118.97890045353093
0.3701096598741857,19.93506108574318,0,126.99323183631029
2.0618031229535982,20.382047238887978,0,149.2297919350122
-1.0678161137710636,20.60481523595207,0,87.26128374207434
1.1665229953780536,25.46324690221226,1,148.05523759114337
1.945885942906114,20.382752344431132,1,163.8814678393945
-0.924963673363844,36.373151271056145,0,139.79909594098257
-0.9443089872469826,26.00555114137306,0,109.50777003117469
0.07264820159916825,26.958660516157583,0,127.25151946508592
-1.7520090946495834,15.754579672966809,0,60.045709373085494
1.3095970305113216,22.848290306586495,1,150.60136635481868
1.1799150420555649,25.509122300459428,0,135.91506919175436
0.1996763647252653,19.124167103111215,1,128.5949461979928
-0.1864481336851668,24.4253602142365,1,131.76857474871662
-0.6304241935439372,33.02280332215963,0,133.92987138156562
-0.5048376467131913,19.570659381904004,0,95.46019550889916
0.4454514953060517,18.82832787413698,1,119.39910431555072
0.19518009823727495,22.17879710047211,0,118.53209206139711
1.3787792095190328,23.33259365748029,1,160.6941949797669
-1.0097931570601086,21.26374765346686,0,98.34333452180614
-0.7874841576645946,28.70999535086729,1,121.44003985766665
0.31924727522894475,27.199890348241972,1,150.57900741443828
-0.1233816915606766,23.33674839178018,1,135.93750412773292
0.21735912960832077,29.391117962759424,1,158.28935356445336
0.6892157373756992,25.78129794728644,1,153.5380933121995
-0.1192530425570031,32.27092649550808,1,147.17798818588201
-0.07320222916898134,18.179723470708275,1,101.412147874387
0.6963938520426245,24.078549927140816,0,138.0877242413777
0.262598921222506,41.357870377407274,0,172.5281835524759
-1.2097909802477294,23.80909409359327,0,94.95156546084071
-1.319934885206067,23.038945697790265,1,97.4268315470219
0.3208453789919378,35.41744127469352,1,159.29307166594668
0.8756121207019955,18.955194282488947,0,112.73354292867519
1.733052960160327,23.20714106048208,0,165.84905245317418
-1.2476028169603577,25.64544358918935,0,116.7526054658851
0.318582745650064,14.272922882723714,1,116.48274070883627
2.564849676017479,21.203236294913175,1,174.9470039949996
-0.07036066410747055,30.362815749968252,1,156.07885152958767
0.5790152960472196,20.84399038433018,0,133.24077894021315
1.069552713416172,26.792005358360328,0,151.48038257166095
0.1112036488051552,22.615830822876084,1,113.96523573103227
0.36332713803113637,21.194993410474442,1,143.79167514446837
-0.681971489246734,25.14593091126728,0,112.20060986916415
1.1009500289553096,14.887165493259893,0,123.91117554563957
0.010653320276854944,16.38935603184189,0,100.40466491000615
1.8808103921931065,27.549359853832602,0,168.81300729187578
0.758959195823217,30.561923432686072,1,164.63028837929232
-0.8069067325174135,26.007205425341787,0,120.63348361664315
0.11412787826186059,11.97455165756869,1,85.44658339231569
-0.01294253283499774,27.264371453488696,0,129.57203114348857
-0.10001502835819315,24.33626721880294,0,116.25111228345015
-2.267903279196011,35.68335830708085,0,118.367669086884
-0.5285712461393245,26.499701943256152,1,133.76435798138192
-0.13803134516018548,32.20537930689329,1,161.10774633177206
1.5503810611570352,11.411776652992327,1,129.95874541404496
-0.005184883876149908,28.75950662011942,0,120.63862665226453
1.894226331637956,38.67213649600599,1,197.61426308809817
0.011768648555537838,27.064418396087248,0,136.23766352478424
-1.0844972031302516,16.545240148767274,0,87.41543825242839
0.29102084780987925,20.103364679872517,1,139.50322606090018
-0.7571028634973768,21.912727362817115,0,116.32251836716348
-1.0172575973379807,29.226618572433914,0,115.98360601401619
-0.13072335303746663,30.674428048564142,1,153.9989148181617
-2.21841872558122,26.793524222251314,0,101.22156327524178
-1.394759047350388,27.02978370217479,0,99.84939744078258
0.20824771311400025,19.393932703184447,1,125.34691940382758
-1.6128893115230614,21.126209102549684,0,83.14443990954464
-0.8682683769957167,29.253535308861423,1,133.12181498496557
-1.1933834555937581,22.109386044884957,0,95.43544226147225
-1.0632801725940058,23.37615261872687,0,98.98443338438351
1.8879247018268823,11.229313519544391,1,115.35529065618148
0.6718733825934204,23.92984238488495,0,141.37886085767568
0.6699704279103402,28.770754215226376,0,148.13400219065565
-0.8280313749235593,17.286757840095188,1,80.75831509568108
-1.3591939568862366,21.36284448603932,0,83.92160376271875
-0.4787330143445203,27.46837027586303,0,120.1335472312259
-0.4846576866618332,23.32130306016119,1,110.06205761561728
0.12560898729744074,25.649501698097016,1,143.39766699404544
-1.0121394438499227,15.361151735585665,0,73.01004928037034
-0.1555418271149229,12.534755929140728,1,82.32407654916648
0.2622960795257621,22.67770678582585,1,128.0535191278114
1.6076500195925663,27.664007360354184,1,179.90014243474036
0.6734795540720216,23.11019729986989,1,149.27576693077592
-1.4999779787209444,26.9151377886414,1,112.31509061901565
1.665806417287118,20.19211365753025,1,136.15371003428706
-0.189682064734657,25.484651097517915,0,118.48036429637789
1.7099366830566864,21.12550462046766,1,157.8649557770612
-0.42329322198467795,27.748963828514995,1,126.9824281580376
-1.8152167564583834,17.00451526817862,0,72.58950495824013
1.0458328595278628,32.29081808135059,1,178.7703469308429
0.4086130413194853,22.94012928522327,0,139.0118917202024
-1.2511438415212803,24.008370796350206,0,103.71004090497865
-0.7646777766697693,28.00176882943971,1,120.77684647869809
-1.4339443564332266,28.346622580497787,0,112.55654578109504
0.4002493359019635,30.48444759684086,1,153.44238465359382
-2.4719567338841046,18.341517061021186,0,62.545303525515195
1.5711340424511306,27.077223647552408,0,171.59517671877524
1.7367307624511659,20.32347643776621,1,133.20149960608532
-0.738805593263879,36.88104076439747,0,136.6167062997289
-0.8872699853281611,16.879497324074798,1,105.23264111347365
0.570717682935893,20.62201416743398,0,119.12042680165071
-0.12154974876043581,27.09859465277302,0,122.36810837433613
-1.0467048754384083,35.97586271099302,1,159.58581184139132
2.030902902452044,30.873192959671965,1,195.973926301164
-1.2449122022283023,16.86735560380793,0,81.5943230323751
1.5655076256487446,12.590921386635872,0,109.3861423629947
-1.3483124796193684,16.479723929781063,1,79.20544675318527
1.312837263527445,22.558468274752176,0,134.33991246311876
1.349954128631752,33.40617962892364,1,202.4125434126567
1.8573030853144306,13.304440508236972,0,122.34759178024811
0.7388586348544022,21.459890494124792,1,148.69383911401025
-1.095108733554354,30.56662668273609,1,125.51368858879813
-0.5547302287736976,19.492130969516406,0,94.57220252588051
1.3355892895372667,27.327000553548476,1,149.2163221027751
2.5883090821193013,22.102108958077366,1,183.18392609147656
0.8819720356582339,16.775934515902552,0,117.21015652060565
-0.8984246364462829,27.404766338670427,1,127.63964933943066
1.3369254491582876,16.820096031796105,1,138.37468485713777
1.4254310739086444,24.27516253963289,1,168.5771160666058
0.020379520103000603,23.697794070190756,1,121.87957513011806
-0.4848570444214433,25.47965716636417,1,122.60450977636795
-2.222038521278062,26.396326144934804,0,81.47886103948713
-1.3828708219091586,34.29737958010978,0,123.57332169990535
0.4560591457002642,21.602495983809618,0,138.637130049323
-1.1878977143263658,19.534266918224528,0,94.9143520453903
1.1079817606089966,9.524011743511279,0,102.32193967235848
-0.5052605132785472,15.515822393673734,1,92.41147343864755
-2.9157324484567178,26.23335860277779,0,69.54017907209486
-1.7007290213731403,11.50089412029913,0,56.11898051703499
1.0733239576119726,12.537782547023436,1,119.26729157278008
-1.0371817976415831,23.60705061366921,0,94.23368331377948
-0.11725224515784653,32.744275336747336,0,137.46204499902615
-0.12635356988504157,29.133095053851847,1,140.70894607901354
1.0885042241134277,24.879858627885863,1,132.92795725453604
-1.1420118992728057,26.736952606062438,0,105.28312571593018
0.6166111397133288,27.120744342990378,1,161.07511524655615
1.1080211845281505,15.65697382327299,0,108.43082652217929
-0.9734485873271163,12.999352625913367,1,72.63344486567229
-1.8361303932676771,31.697095227860345,0,107.18647283474535
-0.047086265827620065,21.40469480843282,1,118.20766158727285
1.496399550351874,13.243974697164928,1,111.78126075998543
-0.13803459175691157,19.58657252373965,1,123.78015685075661
1.6808427846751735,32.43086999948904,1,195.93747447871456
-1.6439181839395582,28.084119694514598,0,98.38663356878709
-1.208581403784329,17.379242439490284,0,74.36065901925606
0.6764167447594475,21.107603688830466,1,126.13385736071854
-3.0480519332346883,20.53923753103601,0,59.74283542000531
-0.4157763642200884,19.309854370554806,0,108.74892368997718
-0.7832084892892015,30.635585127924926,0,125.13639292418051
1.2059707981263197,27.106277857964724,0,148.3815302002466
1.1403982403307857,32.48885706246257,1,178.79189844932927
1.1981659515551328,23.176794259194608,1,156.72907906035454
-0.0700165734857782,23.859315708825427,0,119.22621446461194
1.0296971786042477,26.737498960629267,0,153.0266906334956
-1.8656356117578048,19.46580129965423,0,81.40475076245626
0.1903016735456245,20.6186719130864,1,119.69279709150082
-1.4408708837217485,14.899899160482082,0,66.83261490343651
-0.9254887127240895,28.57302591799692,1,112.92489699967747
0.21824390958929266,33.75221020085512,1,162.24200512632623
0.4402887161653949,25.996398856133048,1,142.6035865114909
0.7423890303902781,19.56326094742115,0,128.05187889223583
0.9168255842294409,18.039112463358798,0,111.51538393298574
0.16163425302699078,24.693989988260345,1,126.43220317371132
0.5393869942914147,23.531022455940132,1,149.73925973313823
0.8331848435099521,29.938448672196845,1,161.85030989687644
0.22369337654666713,24.880735002544846,0,123.32398765683504
-0.10224146237621767,17.990750827179617,1,117.65109631426114
-0.8492193092032337,31.30686627360027,0,118.64695167383559
1.8857184814097407,25.11983019997636,0,170.27871542735355
0.05225454863712726,18.488919892936032,0,98.48198305746783
1.283343407605643,18.802702133274856,1,139.57394826187894
-1.8618283454020668,17.59704896343614,0,62.814364773996815
-1.4964571777591913,16.799762326245684,0,77.69531997326406
-0.10619758166166518,27.95649303124373,0,127.11614195917696
-1.4175927833199864,25.71444962196514,0,95.70633968468812
-0.8324556943108,19.765964730076064,0,84.35426753013486
0.3879392103625295,26.603246949407097,1,113.75469481562435
-1.1553293526592838,16.155548746908796,0,80.75170124723
-0.4623218079321578,25.56004056790485,1,121.17020501325133
1.0648568958579034,20.702500557373973,1,141.93777071412495
-0.08225737819154712,22.746393533931588,1,127.84783248841875
-0.38353956645570864,26.279510352364248,0,120.2975321790466
0.5342367418927133,17.162453288508914,1,109.68958145037661
-0.19894668968395393,20.238441118904895,1,121.79891798342513
-0.09790793190555155,26.36297911212417,1,139.53775132137153
-0.08656098368038646,20.365580370862354,1,114.6009337255107
-0.44015652290836776,26.839168787004297,1,139.40691471422505
-0.5500890325846635,20.68195675778686,1,94.77237681384226
-0.16419387109046765,20.274021107781472,1,132.86457204372996
-0.30854204871026536,27.837964934182356,0,139.89099040989095
-0.41645887034136764,25.949152483379592,0,114.02611864914438
2.1124413419490127,33.55327556178155,1,210.62453094379063
-1.399148453370278,25.833769975203403,0,87.75964037923195
-0.16720893018502628,17.45927177934402,0,109.0976756606202
1.6500691985430322,20.654145689162412,1,147.96322496125867
-1.3237787458498784,24.905879358869548,0,101.90638382806232
-1.5135677250323032,25.976269818167207,0,86.2593982498595
0.3569937371503042,14.133524269738219,1,111.49820917827857
1.0384859315196413,27.537230850022304,0,165.12212592941222
1.4892551729215773,22.105889739368774,1,147.22773315975166
1.322967106777717,26.43601348510822,1,167.52852062967008
0.3037646607985837,31.685317749546833,0,157.32663739884873
-1.0205933945349162,24.429303991805853,0,100.98065747041112
0.34080548723082416,16.790949597478022,0,100.95523471307709
-1.1095906397855493,23.51147339497203,0,102.57794201470186
-1.023957444298441,15.739175056918956,0,88.33454092297954
0.11464560726162855,22.217108467652377,1,124.91470756973945
-1.0734039735917535,29.899827590176784,1,115.21117072551912
-1.0313341330335963,33.03650154058983,0,117.38143200332424
-1.8807494976691614,17.192844413479865,0,58.002920910329266
0.17397088158142432,21.37216008897324,1,117.58169903657434
0.5811815609393027,26.94567072348474,1,139.23357655087182
-1.420389297293599,26.389285354167257,0,102.39892654301333
0.30826632947117644,29.364584090649814,0,157.702868437808
0.5595543577125828,24.495177384323092,0,136.89079283528963
0.7325590891978138,36.11533290219434,1,180.59929367026064
3.0712087766872256,29.2610614669899,1,209.53256411996173
-1.3425676246401481,28.802969286715133,0,116.00554120666541
-1.0764815331204511,14.839316064457805,1,79.81610644399234
-0.6281874319299922,19.565843760346716,0,102.86462206939302
0.5228697895131145,13.520391657966734,1,109.59428609256793
-0.8556480533355528,14.00173897550503,0,74.19566831637779
-1.1879484275224959,17.522739960706033,0,79.05066753079244
-0.06085853827327057,10.199512287147897,1,84.23468843052554
-2.513892832573961,30.229813963761,0,95.60119335759258
0.4357192174318574,32.620604890899116,0,174.77770642628408
-2.0612602287099855,31.8109643491424,0,101.91510367961345
2.166676988243953,26.772464090800465,1,170.22700954125932
-0.6668451583357401,29.735703511804566,0,121.345721960547
-0.6066151142518531,31.880923518804238,1,133.81731977858973
-0.6316166478634209,18.815093284304396,0,94.87623844073337
0.8045098762960292,26.90456425122411,1,162.5014539342196
1.2285973758271527,23.195095940863677,1,142.96983936592778
-0.6398883318430046,24.988169177708738,0,138.17068783752038
-0.0753240860225403,37.2506645106223,0,171.24454172538947
1.2391304614916252,21.921906327071557,0,140.0444308548197
1.1739915493664488,25.97882376083574,1,170.9809782074936
-0.9414734085972523,20.11667856019463,1,97.79657659503911
-0.833206021636505,40.20814292347323,0,137.60100689186507
0.13298581374756058,32.221517863135944,1,147.42014453976816
-0.99818864857898,22.835515313971747,0,93.53273723462543
0.6083441724947916,22.65807143109004,0,118.50922087800292
-0.23105742436080676,33.41847986844161,0,135.95374097777838
-1.4661468310045929,27.424287149240048,0,102.17298609229289
0.09581199776675839,35.96231532140163,1,175.08380381343767
-1.9202649661630602,30.985302055506345,0,89.37401174745452
-0.6234396818776147,19.882483409655816,1,109.6183795064284
-0.8494477049051224,17.257095976924674,0,87.98541660096754
0.38505056597333776,34.69673154326037,1,174.19581013672263
1.0878645109823593,19.23288275236377,0,132.04048918720025
-0.19653261378726233,27.66286624046231,1,142.94055241505328
0.0902793112243689,11.678981588061655,1,90.02343579847285
-0.6965455554384101,24.036853641086537,0,86.87676362789705
-0.9887132739710557,27.133426735890865,1,136.47309196137866
0.5607540053939731,15.64662833314365,1,119.54199841527998
0.19065260650367208,23.659294330782984,1,140.8483577655382
1.5057057016556505,13.334150015969344,1,122.86133188453661
0.7099228562952336,31.081726777609713,1,173.729221934374
-0.2600090894649142,23.734396829852784,1,128.13315762788488
-0.48421686143235887,18.729494294081878,0,101.52523511410129
-0.5502875277682209,21.78150729760357,0,93.90982063174962
0.9526105938934595,22.686866369015668,1,144.4284273720695
-0.9732943274161493,18.779547740142732,0,79.16312503730202
-0.49725739347822895,22.736401048241763,0,116.74581401680572
0.9922986611035091,27.26446972668066,1,140.31291633134157
-0.7771508747898334,24.247859254406567,0,108.22397554246778
-0.3672218242421158,26.970715795806093,0,143.10079238620688
-0.7085599193624431,21.08771347248762,0,112.83202946253944
1.103858117456338,22.356248474454517,1,143.19528384976178
-0.8961247951986727,26.94927261369753,0,106.5101015181576
0.1379756723861344,20.14752871649111,0,115.08628335329655
0.9550976277416459,24.785615564794444,1,151.16915503278054
0.941019779614318,17.53773661788991,1,110.77958504996494
0.10075963731040727,27.0129580533576,1,152.67860750814225
-0.48466988820719703,32.30925689823548,0,115.29742786130964
-0.018572408259991426,10.829377005150866,1,106.21818758013883
-0.022290468692205165,18.140444622573984,1,112.3424784302058
0.6155462243549131,17.314359943120838,0,109.06368304366653
-0.11415619395333933,18.568053502886652,1,109.18598043790615
-1.3398668370474516,14.908351024001238,0,64.2486792381005
0.9499974002846903,27.76569680323485,1,161.1311328578279
1.3389496890206714,18.073679266946453,1,142.47904322873694
-1.8475214778738214,29.144345414369248,0,93.6721674505692
0.9368699848807197,19.186968203465625,1,130.20635116624933
-0.514470253293749,34.81041610939412,0,140.17970948586742
0.6720053079061687,13.518676166398023,1,97.99885871054097
0.007505755775866673,32.705919613687435,1,167.94740432779346
-0.46753896657369876,24.09123230853911,0,114.14183425043318
0.06001824846136003,29.469936782201465,0,149.12740338384518
1.616917390953382,27.978944389529172,0,156.3527149280516
-0.3398707330195382,15.366648359202427,1,99.85270934843442
-0.20188992176308482,14.873593353286747,1,105.28442231338796
-2.3568496564436736,27.63590735755759,0,82.82075309627561
0.3991555860248805,28.233769907258747,1,147.82874506882726
-0.919735164798273,27.826749911970964,0,112.8141038778109
-0.07784416200625786,34.29638229686725,0,155.15459727684285
0.7978771445188598,17.68151906711004,1,113.8458199287168
-1.1110350926593136,26.30182819483768,0,107.42693441751805
0.4893256561160043,31.214914798789465,0,145.5503850119821
-1.161103318871432,18.989546263851437,0,89.99069835307633
0.6369248614278469,27.29350406747025,0,140.84967914684464
0.09087881546153502,13.354183579628128,1,89.39786742076978
0.5707395882136813,18.291465360580478,0,116.74045425393686
0.6414142468375722,26.277800875059473,0,126.95693868825363
-0.1429170303029014,10.185667187629276,0,74.73906608709783
1.2040559162012656,25.876730579905853,1,140.56362398986784
-0.9738833830183512,20.938200193175973,0,76.09814043893306
-1.5917011137591857,23.608620894828736,0,88.11680548961836
0.9830177624343793,26.569029394114132,0,142.12922646223726
-2.656452757664909,20.14552368047309,0,49.21240825426146
-0.38705354055691604,23.772475172368697,0,125.42709001849288
-0.2654638661264037,37.7315914478341,1,152.85059388925015
0.5216638874560092,20.224131061632626,1,129.22532388140783
1.6135447799055505,13.78013578213388,1,130.0184422540764
-0.24655507509376337,30.673994045450375,0,139.8225101484129
0.2327426878477616,24.882301305171833,1,146.18992274798202
0.5739362580193218,39.469343352932235,1,176.1615550158367
1.119667041168019,20.63511933240083,1,134.9229719948217
0.0933736660904522,29.725581996334995,0,145.00735787714993
-0.28796388082242996,10.22793379967411,1,90.26719644343858
0.821966049874816,22.88610700138055,1,142.79136243436753
0.5469007296686936,19.922094865082293,1,137.32166039960663
0.928530953594975,19.040867465255698,1,149.5760651280426
1.011434768406806,29.330656930323336,1,167.7819879289564
-0.8694641189213275,28.047809380349676,0,112.86033208457407
-0.19845754758051243,26.624366548704522,1,123.86134905834015
-1.1489707853627467,20.054030106183777,0,93.11041697483584
-0.4176175646161107,26.63165518627404,1,121.07455179069994
-0.5324416405698389,28.59556383407916,0,124.08554282423084
-0.28379297496695033,36.52841202015652,1,171.74136573710626
-2.4928841942581488,21.177814601172564,0,60.355479260588055
-1.3307694835522839,20.371761943823927,0,86.42731541371481
-0.5052340067126637,23.849207358784337,1,107.622432334565
-0.48314144898859157,11.425029248347041,0,74.26774414067964
1.8746693185827616,19.326488275535503,1,151.59690167292854
-0.7395783549442648,26.1068722971395,0,117.03632576977402
0.08070109490770923,26.610335124658814,0,135.01508183763755
-0.426507766428742,28.49570509086022,0,143.07745099371422
-0.4256985165143957,23.52776381405563,0,108.29060944174178
0.737050635204945,31.611266234596428,0,148.27402078474074
0.9495582729626476,22.36895356815316,1,152.12680966815446
-0.3602719986966426,27.98172647580384,0,130.13014043755038
1.5488141072680768,21.381278745467156,1,147.5760866311865
1.0549702619484966,16.34393344745429,0,111.21041661680451
-1.232809257969558,25.428429118804683,0,99.2230488081665
-0.18896494130997077,22.05672857864258,1,130.48985262160957
-0.08868884523732871,20.114882027856826,0,107.27687093770749
0.35404258960671553,31.887091094338793,0,151.6696010069466
-0.5840092030833225,21.20261951779046,0,101.37343203604476
1.306666689087312,28.013540798601944,0,160.0062856160239
-0.3119988733557133,22.718073407632954,1,112.0793361511779
-0.1562716924593073,38.54888728794211,1,179.23706650860962
1.4588981591083778,31.150425787411976,1,180.10745151349025
1.3379224796643892,15.684268903065343,0,114.1612857220882
-1.0156881306641559,30.692470051395816,0,135.58671466462005
-0.6100074625152503,17.948680714522517,0,85.27628163783035
1.5444271131160954,19.451794278108704,0,130.4701947351088
-1.0364430401917366,25.189167188315043,1,106.51132664013724
-1.3515355022708482,27.723518418825606,0,97.70116698900338
0.13538998423451173,23.31614599160306,1,115.13014850292703
-0.3867571473181216,22.55378515143619,1,125.60556097438027
0.742897518351005,25.109611123829993,0,158.01575043419527
0.20962872725176268,23.123347886112096,1,124.11266399480559
2.3018466550780388,29.501204354434016,1,198.63828185868496
1.8627829325180305,28.211886650294918,1,181.42456244793206
-1.8805253228913645,25.396401426853625,0,92.72085053883158
0.2838748144003645,14.959763254824077,0,112.29649149070497
0.6707610200247748,28.684538231642968,1,160.52954178655267
1.95821013151337,22.42887073829361,1,171.70196908361442
0.5867026647778117,36.402036465051026,0,160.4086487847826
-0.47564441814824426,20.525331669877367,1,100.30867337384532
2.562349082656411,15.901829090720547,1,131.4763854536533
0.06867625962286684,20.26572234566431,1,126.31994199766774
-0.74137234759636,22.737210284443158,0,96.72732530126021
-0.6500261895814846,19.227690440912465,0,107.49996787280662
-1.1275086596846813,25.770729240187368,0,98.86086061680165
0.1315975480447847,17.059695957285218,1,126.88309330034363
1.0124104021279932,20.58906618949706,0,140.01893848941324
-0.1486106283732458,14.208853128588284,1,95.27233539212449
1.7300918355090753,25.355607382963832,1,174.19326137931137
0.3356626990341726,27.66846951770882,1,143.18669938229485
1.5063368703880824,22.404975738266337,0,144.4055528733218
-0.9790926356225753,25.365214176595675,0,112.82805233916291
0.6732432323087244,27.24643134083317,0,141.6763889780478
-0.7962097891710295,32.681784393354434,0,140.69485609684224
0.08463731931063437,18.621815881472795,0,100.5147533609166
-0.6990235189805489,23.10830756159167,0,108.413528870337
-0.8987329440560308,24.883119903975164,0,94.75933461882848
-0.3197209888096722,15.341265525922763,0,97.3775732993079
-0.7731456583805436,25.67212259664686,0,128.85349911444408
0.022072127496961615,15.504383336292758,0,91.93828937863746
-0.24482576416789414,24.051464580743843,0,133.30750805477552
0.027199824371015775,19.392327031540045,1,117.72570161291829
0.20385699522463796,22.149742087460073,0,115.67315796730875
-1.0953339478343782,26.916566923001845,0,107.87274991194707
0.6241521158731526,30.133858876249803,1,147.51141704821953
-0.6726159933244615,21.604473176927257,0,101.46056883470442
0.4819920900500703,25.381078780818378,0,131.92761326062055
-0.6586067149959817,25.997448567724295,0,113.77720841656837
-1.1480160270631,20.304743291047483,0,90.12755159772574
0.527168296150854,34.26140822544575,1,194.5168359861393
1.0586893583941361,24.5029294404648,1,163.05016257164567
1.8695432737065543,19.507715185830996,1,149.6538027403503
0.32327048804996183,32.24372658312706,1,173.18395756999274
0.05342665137657353,22.373653761143178,1,127.38671893015922
-0.07785661050591566,28.401025308388768,1,149.08520236661454
0.6715228817116481,16.318875088647772,0,112.79246704006756
1.4376644049014193,28.406705377010734,1,164.6876397137287
0.80765576983652,21.182882367652155,1,134.2492253004054
-0.5632473592305954,27.671148790505217,0,119.1509129906806
-0.29170360308065885,32.502467596562425,0,144.76238514927684
0.6037621255045553,21.093864953019697,0,125.90348149598958
-0.06672071363631847,24.829372151795887,0,130.52350110798878
-0.12904545226386083,23.474263347419956,1,128.969631502184
0.4588314728028852,30.21889575183772,1,152.38134660756907
-0.7001350842099384,27.223359190820037,1,117.36118111501796
0.37357587958077887,28.48615885751756,0,155.33349185133454
-2.7305180430302873,19.67230561143247,0,51.002810543045854
0.5642245783924005,25.502712712251522,0,138.02276826573512
-2.0130091305483284,23.310933437737656,0,69.54034932476448
-0.1713810983002553,29.402587822826533,1,142.01303164843904
-0.8053341957010604,35.444119852274795,0,133.810297181934
0.4939074968171634,23.6279600838669,0,120.56825276705574
-1.0912978383268184,14.268512122977173,0,69.73756126795125
0.3539393883798795,25.549100517040422,1,145.97268435989128
1.5194451378711622,18.19274347452135,1,151.2322953682585
-0.1313477305583046,21.73892471490548,0,123.00787012800822
-0.43186859375956366,29.27568648995406,0,121.89522664129689
1.1557667796220932,17.20777151923391,1,134.34767632384563
0.20925270547924055,20.331998920081496,1,124.54289068372682
0.19475542876017082,18.10125508730247,1,108.42591556712357
0.6011387080780967,27.79226797266524,1,144.75051231495823
-2.3483087727602023,28.190439045102067,1,101.66041291278655
-1.0839075977311428,19.577807296840188,0,99.03764875243532
-1.658650702047597,29.566570198966804,0,93.22837595989603
1.1599746590857782,30.3176570120777,0,172.47862424683117
0.7513752404460513,21.300140647293205,1,134.98453698971596
0.499117519725354,27.078215539309614,1,135.30483000275484
-1.535224358205884,16.55003791569767,0,65.71279910879973
0.5910355997491573,29.645628873017525,0,156.748465180678
0.1141240249334225,37.53128157883399,1,171.55546996581947
-0.537772717721507,22.921557094966946,0,116.4684235895671
-0.5786369498313747,22.407481052786974,0,106.19035094311688
-1.0945227455978517,23.575655685925017,0,95.59534526921445
1.7487014494789712,18.888431639090975,1,162.9852584466211
-0.46131207846424876,14.850900357296275,0,83.67334819271102
1.498647573893947,27.77378467818574,1,167.78989360578356
-0.22515370364327925,39.37723269047858,0,169.46158843805412
-0.2918806535305539,17.332207171800793,1,109.17991308641001
-0.6176607685211749,24.757634453253726,0,106.43799130633087
0.4031133020608477,28.126986611164735,0,144.12171648476087
-0.2347413693073724,15.084797357838946,1,98.29345077570312
0.07925081811337224,26.26837741065322,0,132.47528346395057
1.9898965312318635,23.615660425404826,1,174.05026379050256
0.3720046100438248,27.459232920484848,0,145.23508645530558
-1.104411615444888,38.263606367224526,0,158.2365305745973
-0.6634151214256708,22.84235736565043,1,113.20943675940585
1.7413057405171286,22.904645934966982,1,183.15195231866142
0.3320570959734951,24.27894175752768,0,125.15591448081324
-0.29476449275900835,26.045839721927706,0,119.75237750910156
-1.2166837487770477,20.793865357827613,0,73.37502596890187
0.38765929420042944,17.476484943819578,0,110.10456079382367
1.981147672371615,22.76090971414543,1,178.16857035738133
0.636330623633466,15.428426865894432,0,109.99202807718305
-0.6643791917856908,24.75718250801703,0,107.8988706594597
-0.3935698772078398,26.887898716418277,1,128.6143531656497
0.11941101762649259,24.76833124678845,1,137.2017621160325
1.0346940412334635,27.68861862159715,1,175.8426050878863
0.12497147632168523,28.602113609279677,1,140.96655057791222
1.9050718967750897,33.445492828281076,0,186.82313492858884
-0.4324760878408005,23.75949994859769,0,97.1322198468141
-1.7762273688765393,19.187851498794956,0,71.22572421196328
-0.46192903721883904,23.452187769129488,1,114.46682892262002
-0.7195628157260253,37.67546463672748,0,151.49064483408938
-1.003434794059549,30.5541809432902,1,124.21258667340075
0.5075657950608882,25.864013824378997,0,144.7665745892843
-1.9082992077611018,38.27127765999249,0,137.00849476277875
0.21022801018829956,9.467834917951922,1,92.3494310105204
0.6842309290593739,22.790095335679815,1,143.6767811978215
-2.4761030147256142,25.62979218957943,0,80.60248156487832
0.7326474466501983,20.23505024823827,0,120.73511248474527
1.1210094223249645,25.492754031064287,0,150.7045594198481
0.0988688213775627,9.628072438304326,0,74.66857578003301
-0.24519388959981564,20.969389546006788,1,130.13959551322117
-1.1067656486679516,19.462326453197957,1,90.1744830025645
-0.044718988842196175,11.007570427031158,0,104.75325076373132
-0.5421995844170474,29.215272541354324,0,148.1479846557992
0.2255150765047498,24.276104980782502,0,129.74544678259568
-0.6707689935159654,25.893940573973314,0,115.8757821087324
0.15391099665442534,20.468895193708832,0,106.02031667432581
-0.0025188361736958095,26.495304842368718,1,133.27934217606304
0.3066530093693069,27.371618571660843,1,136.8054121641525
0.4514147669344194,21.82416816344625,0,127.8961795198546
0.2088507670204638,22.854151374222823,0,116.53139790326962
0.037971246391029216,22.249162732613954,0,104.42412136704831
0.07485532799631962,28.384408994240978,1,153.71380052618719
-0.20205665949085533,31.649887478752383,0,142.7412536957929
0.3208686111168889,29.80582131144644,0,143.4409362133443
0.3358113565029365,19.924788914252748,0,115.8416709942986
-0.6134877715865421,40.81862665683381,0,172.0854113131939
0.23451573481744725,23.168646136339333,0,129.8582092887099
0.5493635169185499,23.90490873716741,0,135.46983564024504
-0.19219222379495088,29.915514529806106,0,122.45366899464422
-0.03561102723154712,24.814720174274846,0,104.79069591552907
1.2041969676410418,22.564903488933957,1,163.00162064427846
-0.6587388960172522,18.920005318526186,0,92.26103623690621
-0.8631768794226836,25.22001243883185,0,120.78000642662298
0.6940376291475573,26.985645832436568,1,142.2325591573096
-2.882635333389998,17.78565464045989,0,43.02515887662033
-0.3608187361152269,15.876964415432024,1,94.72777424162642
-1.6159387587732803,37.52681095717185,0,131.04337351392033
0.9316496051168748,22.56243708878602,0,137.79989106148335
-0.11072274879234852,21.131022256205362,0,116.333385862269
-2.0512648141651577,28.597337398949975,0,96.46202509300821
-1.1373884202358864,21.819305774188944,0,102.15918151917829
-0.6868745274968241,32.68357176455851,0,130.69585375002768
-0.3168280652587872,30.861706360917857,0,130.7515506170498
-0.1417065165397292,19.048466134639533,1,111.03018978645497
0.0401849293599339,18.716684653291324,0,107.00559431487547
-0.7298725726118718,23.216179756120624,1,124.6230786807551
-1.2394714155540443,26.023402027182026,1,103.43158279789381
0.16145668252131481,30.44863227144796,1,156.72843100926877
-0.9053910457921002,19.027629269888006,0,80.2404269809202
0.632458712149102,23.847936752617986,0,138.81158354121348
0.5584155393435297,20.612501572952254,0,127.42423272521911
-0.04921531327220288,25.03681590518694,0,119.16193034553906
-1.7787586827972992,24.090802453320805,0,86.04260534782199
0.3340795600340423,26.029731641627077,1,146.4125565866046
0.8048024377347529,23.348186311560806,1,138.02291328053624
0.5370393829942198,16.701915247628385,1,111.58589206340773
-2.518322667210024,8.993824193069937,0,34.21431820344525
0.05490577384362801,28.207098835212026,1,144.7468677405676
0.47974273244005,28.16988647800529,0,133.90024198262387
1.9744890920854365,20.674216368996273,1,174.59842008679774
-0.7585202048863091,27.72098048541379,0,115.82020865758192
0.6360550644344035,19.41222866371165,0,115.73673141812127
-0.9763545147334536,24.87244211661281,0,103.75027437260819
-1.0853525572415146,28.559938231877968,0,117.77503143135444
0.7397951454077745,21.91668322620537,0,120.02174858069914
0.9133699447541954,24.861927532114812,1,153.78852169961127
0.08718660529280385,18.612703812991732,1,121.2007678792813
0.0429948608092151,29.167278456295804,1,159.95935966679673
-1.2662142702240953,28.8245902894957,0,120.70141879374941
-2.398323035845366,24.94760470943147,0,84.45901404079095
1.4008767609339188,33.52173232732076,0,182.75602248491745
-0.4699476864997924,28.312009390847198,1,128.29344107476646
0.4151867392140479,30.11063878293207,0,151.33678647436312
-0.4613190990363823,32.75069742106426,0,146.62997780837327
-0.1305121745500258,20.69404129569282,1,128.989662623596
-1.5743961799870843,16.63262494848627,0,67.03337149115615
-1.2935866569726642,16.139694094756145,0,65.18217088905477
-0.305005454329803,25.657265336870772,0,116.04386038251272
2.2630826207539165,16.571716091086422,1,155.77554275417344
0.17738083119575407,28.2160714279956,1,161.59782682068595
-2.6634824418754897,25.821061277661645,0,67.358659382002
-0.5570352797705636,19.125462354887013,1,97.61088815164449
1.163086728931124,23.890472059203603,1,166.16037018937402
0.46043454416603613,26.160362911938975,0,126.7789431967711
0.8367345706061138,17.154167971454434,1,117.09830581875363
-1.1596272670544212,22.608580188833823,0,99.90423592189299
0.8079450384535044,20.17452962849169,1,138.90832611712852
0.29049426455738747,25.082739679397527,0,121.36476448211003
0.000934747932931435,26.042170840219242,1,139.54588806958395
-0.7200070256976518,25.58756923541062,0,99.54083988605751
0.028619255888493386,17.326538994500783,0,98.15201425348258
-1.371217703569883,19.083792074774166,0,68.01092801340877
1.6430055157368126,20.57042658633386,1,155.2525194759793
-3.266947702169099,22.875004575311618,0,77.87566182840034
-0.7264429748881144,13.027421659090443,1,69.97502194429612
-1.93759271180062,29.50700787812696,0,88.82150410235069
-0.28771193551406116,25.300167729270903,0,109.90091351417901
0.11200791957613258,26.423696872645277,1,118.04937425849121
-1.310533899579713,23.978557165685086,0,89.93819838119396
1.7536063546308918,18.919837966950293,1,135.52423605277716
0.005593028907273137,30.13744063600127,1,142.30400750570163
0.5225087940472515,32.088480067213,0,150.1247472209778
-0.335241811122725,25.685589261808666,0,120.2123554346975
1.9738342332185606,22.76871572215688,1,166.7468375350905
-0.6161365790393906,10.809701256406026,1,90.29692970723485
1.3631245007055182,26.635413809507998,0,163.39262606130694
-0.6503496960712332,10.962977483792358,1,85.86722661439079
-0.8612348335391866,15.511522806829086,0,99.46831897286066
1.05853356684972,18.667876060766474,0,130.91332573972568
0.023867102658104947,23.988937984108894,0,114.23843115097243
-0.35938400198094245,13.49046166856532,1,104.43946518355087
-0.6063328096780628,24.141643697271025,1,124.85122969889022
-0.2553536391873215,14.293820766337266,0,76.58136497227149
-0.04083729736291623,22.14856307252096,1,119.40690510153969
-0.9475555404023044,16.773668241897717,1,89.1712525086862
-0.0697308110656726,25.448366270038377,0,131.44975471412485
0.7131700729274182,22.48298958159628,1,130.15686062990167
-0.951577868328744,25.813653459275983,0,117.02115864539141
-0.9071879034912005,33.66116130655102,0,127.9759979306221
0.15579450142610934,26.08315618294553,1,134.06466321641392
-0.033621456349484984,39.96005140703472,0,172.3034037213211
0.41226747588824003,20.33181943897207,1,104.52516115425756
-0.7728009416219445,20.8007430796532,0,98.42636841973275
3.078369724576584,26.96960965980779,0,188.41182555559692
-0.8593146295806746,16.299570716234797,0,91.10513053176386
-0.3572365480261605,25.003659761627446,1,123.02592936153953
1.1440002255655095,20.54964456016058,1,142.02581920752553
-0.19154326862238974,22.41931159021919,0,119.82417872779644
-0.39091070277260165,29.24366819923216,1,148.27307401095962
0.3417714757332553,24.894285000468596,0,132.02623152872974
1.4387925473823384,25.944913648070468,1,157.76302392929307
0.7129757569166851,16.85543675357539,0,119.9839330393718
-2.019826741629637,26.107246900741934,0,78.45865691299777
-1.1729440614029676,26.869040936687476,0,105.8240765239644
-1.4190085721224266,23.28520869122896,0,97.3964396243562
-0.518859301280242,32.135005138919944,0,143.34163946168576
-1.3682613516172921,19.239698269552168,1,89.01383857160451
0.33114533639717314,30.788492441448966,1,155.7977191645088
0.045350445303406955,25.200482539527954,1,126.83066951401207
-1.0769540963115525,23.996226323544832,1,117.619122598172
1.170892015580388,24.498886477851645,1,151.71397366641273
1.3317827248574043,16.792962702734535,1,137.1629176211428
-2.9080935621080193,16.990739421497196,0,36.5362812878668
1.1436627612683783,24.9643742819363,1,154.38039067458968
0.35566705231558343,22.76176454638348,0,118.25686751949175
0.7020255188951349,31.482029889738925,1,164.04108607473773
0.2586992302200463,23.89069041829695,0,127.72107944715071
-0.2577129857768576,27.05055794053809,0,115.16593519240284
-1.0827110143032759,14.355085196147717,0,79.30441159547209
0.039752886514596304,17.620495657777965,1,110.79035607688573
0.5974725462568465,29.486007079480924,0,143.46416241153838
-0.29222961688734594,19.148498213144183,0,98.45150111504172
-1.3795737487371689,19.136628716471975,0,73.38191702080073
0.44922514492130916,15.492702537069956,0,106.23048286382219
-0.18836099980826182,28.939570247655336,1,144.02857669741988
1.0002089909156031,19.20328056121312,1,125.41443857876102
-0.3480161701023581,20.901795960537328,0,107.37132292293362
-0.9283535471522829,24.961254664951518,0,107.53465775247945
1.110314855014331,19.053274633556626,1,142.29334949569758
1.017800009412519,20.27450703189641,1,130.34413443462716
-1.045322648823569,26.82933856641732,0,111.08879154023157
-0.8309408342002023,26.151984136582378,0,112.80905827996334
-0.02159176689454237,16.217651269450997,1,115.38570370029231
0.1771340201137626,16.784880330548685,1,95.47832391797306
0.19535454943523478,23.519513663678904,1,122.71613955805044
0.4354407382631791,25.925634830660535,1,153.42773559505946
0.7006357998106324,24.384005526242735,1,154.0024225862843
-0.31634307877081985,22.583169781566447,0,105.62788993412315
-0.12500735919658765,24.391164705471212,1,129.68280351963134
-0.10222897314009996,14.962533460311708,1,83.81454977542904
-0.5273714798478117,18.66430170748344,0,91.61635780990666
0.21871976626822964,21.00407149612916,0,127.94081611404289
-0.3255743186122653,20.9422185309067,0,100.55033165816796
2.032574744627975,24.235944342580176,1,181.56343496930108
-1.3947470251630085,27.020664049319905,0,114.24533984190941
-0.7206781196569284,25.38018081269364,0,135.1459314170118
1.7303608288998353,28.810300930340542,1,174.369899905178
0.7591227205020317,20.434850443678457,1,136.60750717876698
1.675763972410866,26.38777457199791,1,173.84973809477157
-1.4145934462577658,23.48955439183805,0,93.40906635998986
1.9240387967107992,16.836192825206993,1,148.01742445570918
-1.401118818148921,21.64054900928082,0,79.83262591798412
1.5864891618913466,24.015938696564,1,167.34034872321806
0.2308518576745048,29.312898059378426,0,156.38466941058638
-0.12265011875588944,12.852229951228908,0,83.50679272912764
0.20336782660939748,21.089938404175392,1,136.8007396764153
-1.1199254151578373,23.860145673371004,1,114.12248773205924
-1.0013024175446086,15.786346795473342,0,53.10076842545134
0.47968459494253723,26.54690743241561,1,154.09472156294254
0.02938164644625283,29.864687988966065,0,142.22262465138374
-1.7107699423299905,23.970664101205013,1,99.20005132071802
0.5006026616610493,21.156852868835667,1,115.35126044528097
0.8796566911904212,18.86278354047758,0,121.54387753348067
0.8540720912401993,23.028728609156232,1,143.6045044450298
-1.3757975674999863,23.202514662553018,0,93.09937314342166
0.28787178773290567,36.983337229515975,1,180.39985532697213
-0.24982597026035822,16.019936059389625,0,83.98655689966267
-0.7396161269351096,19.467596064265628,1,94.9908746743192
0.022809749355507638,25.087322646968403,0,113.55344499835192
-0.9356115286870533,28.787186530176527,0,109.49710578308141
-0.39333892722478664,32.40939409178443,0,144.7126331119309
0.4486960051248157,18.292511113299287,1,121.22229254653064
-0.5319399679663149,28.30866301561319,0,132.19536572285122
-0.8185876630523249,18.669519264634634,0,97.52607902365556
-0.22791722846900844,29.64776349564889,0,137.40824831757683
-0.7437671530419826,18.024227972791046,0,81.74035500173629
-0.5942478595179498,24.018614840451406,0,109.43713863224578
-0.02606887180740934,29.76778129297618,1,152.3501254904721
-0.7399987057886092,26.930016262697773,0,134.02906598811614
-0.6930326921202786,28.645907332306685,0,129.7332811666196
1.446265593642369,21.59795348754876,1,151.56709562710986
0.9989121655238108,35.987125924073645,1,186.38723319058724
0.783121196398228,12.099130976624242,0,94.73924834648696
0.5954742071845697,25.11367727369285,1,140.32469563254907
-0.3879396138667834,38.35565055194819,1,157.21840413945816
-0.13851028236203902,24.93770421178088,1,117.0639012495595
0.53520695794049,22.195571343637667,1,115.4555141496884
-0.7800393565229542,31.53952699198441,0,130.81225939999632
-0.4371360797431192,22.970295413695446,0,118.07099215619094
-0.2761332479586352,16.358628480820315,0,75.91362807509303
-0.8379331102857032,27.96828983966178,0,127.47139554758905
-2.497184867492166,33.885722075658094,0,97.98304173276294
-0.24874578846976947,32.79563068081096,1,155.41711997393801
0.38212376753589933,22.684050268562466,0,126.74101189471573
0.3579963487755848,28.78470311958714,1,149.8095127654073
1.290773291261908,14.478902800369882,1,133.83421182576726
0.6021498396152128,21.832193516642533,1,126.05759920875357
2.7560296203512826,29.67490069743405,1,205.49297092703188
-0.460238730171208,35.47454154377951,0,140.92228406164813
-0.30644760087062567,28.86345366015526,0,128.95597428341165
-0.31473523270059484,26.48581505564251,0,121.6295299736085
-0.6650646720071056,23.86988948432746,0,107.98720265187592
-0.36488214344333075,30.030683925985805,1,137.93414440329215
0.11899869698036036,28.225526497740784,0,140.9960574236143
0.16743017341049896,26.789824604183288,0,127.64242687486654
-0.1328556904350101,23.504313711886738,0,124.10582090568106
0.9454984558643488,22.30193074580393,0,144.01795582002734
-0.30791815870088707,34.387736261693355,0,151.79620656155336
-1.910206208973648,21.26997314693696,0,71.88957347210506
-1.40862048508999,24.133475403118485,0,90.06461363319976
0.6466004281381564,24.704726511946298,0,142.39567731914326
0.6322072741962237,24.343456013463612,1,159.4385044375489
0.9291107197866847,37.046757459317874,0,172.36578672908394
-1.481192081609358,32.26345913101377,1,127.464856403526
2.7145642458306094,30.27913437660378,1,213.77955737193312
0.35268663629242486,24.49384885105577,0,134.85766436118993
0.12289899760562524,21.926128236705736,0,121.8357598857205
1.19117846951636,16.52416917830641,0,134.86510169082254
0.3570324001323703,20.682134994669106,1,127.04672887862499
0.39250219503993816,30.802488291378758,0,135.84441568568522
-0.3146736722465236,20.538596541192536,0,103.58978111000529
1.9719783107551672,28.262178828150276,1,189.2834453260825
-2.6958268807105132,24.308993912848905,0,73.15736164020531
-0.19392445156624458,19.322340927701454,0,89.14196779009681
-0.40236133422661285,15.633926051697758,0,81.31088572984915
1.2910612425250818,21.065705782098846,1,155.8376949818598
0.8367646131100738,19.179502890754726,0,124.67680760190694
-1.4966484134350864,19.7645589412184,0,75.47978483223383
-0.05737250140759314,16.543945558348256,1,101.21967520340353
-1.0816596307224273,21.888416532420983,0,101.13429733925786
-0.3668996716719132,25.125332971995153,0,102.35855453392416
-0.9425449787070477,28.261902562007506,1,135.5674594795865
1.0469536456456887,16.8236404340501,0,126.99440643624001
-0.4693808860103827,33.04719918088315,0,141.00427377966784
-1.4887670737588885,28.798024461490588,0,104.8329280902909
0.8120663600279036,18.064688060155746,0,121.5920070391128
0.02459665319321423,34.45102285788095,1,159.3284267675029
0.5469923930864491,25.35886035542086,1,148.446903713194
-0.15236876295254656,18.990996295623265,0,107.89502541782669
-0.6221809182337972,15.034765671813584,1,88.99393601050589
-2.1747313282870167,24.860872153241424,0,72.59225786169893
0.8950363402651502,20.154042250302737,1,131.29725748137682
1.312469670566023,30.631911060173447,1,180.8696529286233
-0.8389860421485933,22.92320141278526,0,116.16419404461776
-0.13232308872574902,23.79809431491263,1,134.06963256144454
-0.6197104223529923,33.281265450369254,0,142.95898519958152
1.074864084354925,20.63517252495356,0,118.37904110117304
0.5042713131601931,19.808922567878046,1,118.61099618376068
-0.7426633704990341,31.164786122740335,0,126.64444370311807
-0.4817494083712682,20.989558193297736,0,110.11423292340714
-0.8327551423209941,29.35013728379227,1,125.9641626712949
0.06940784868451591,17.071937816642095,1,115.6551309037468
1.101225659765743,33.19785039385003,1,179.88600355471465
0.16658744236794906,18.311164080103076,1,109.13638904359426
0.5859744924623421,26.761666763382593,1,155.81258129967634
-0.3412422218664184,22.478090615748545,0,116.25749979994544
1.667094401582026,21.884958636077236,1,159.99196822183313
-2.959330689992785,25.7586302437437,1,65.4579161266489
-1.178432805550607,29.917463607495115,0,113.27901200355839
-0.7463154309096169,24.349330072776542,0,115.14525357275734
-0.7677908581052052,24.49063671672988,1,109.35737741015467
0.46357311153335246,12.217914508882457,1,111.71652170674865
1.0509208422439034,25.06539656888173,1,157.5544459354063
-0.38131298969290156,27.905191666494535,0,127.7570868907275
1.339363675074481,27.50792751712249,1,169.98678704235158
-1.1883211721473976,26.462798605889198,0,107.63616756994065
-1.230491775899545,21.329112064232234,0,93.24364653358714
-0.5882718793633598,26.929767829084078,0,121.50935110287358
0.2759078694589554,25.840252450173022,0,130.8215619426067
1.5083579170292374,30.16019619439461,1,164.9657122750834
-0.6962409266659727,26.625100327262228,0,114.56232031532998
-0.6317531553229498,22.740974359990368,1,113.88301414584191
-2.2845782842386644,30.686643177118192,0,99.09969683968139
0.14754180331134947,19.354494559611844,1,113.56791340450225
-0.24857297331699021,20.8751477491621,0,116.41472253764563
0.4794263732884896,29.901132093735267,0,163.4296120653125
-0.20476806505193493,30.996365953394935,0,134.864998962957
-0.21971127620341163,23.73934962546698,0,112.81063643715328
0.014279611814511371,19.948752196210318,0,125.09905280245803
1.2971046835512219,24.78324424006274,1,163.82346084090344
0.8423039695520987,21.79495062166449,1,146.049973480356
1.0260243464594678,14.432273472369092,1,119.72828783969784
1.3450347170789427,26.979759477640936,1,163.80020492232853
0.6828076863851827,23.950607247475844,1,143.415773855585
-0.2326366504654554,26.011205555413536,0,116.9911336818125
0.815361761678064,22.00388704464877,1,142.22981791484784
-1.8456812770290933,30.81044444579056,0,93.28900392227246
0.4685936394871863,21.79983181067464,0,123.10038649302672
0.18395785516199667,18.30946336074276,1,132.5442337360919
-0.676121540808308,32.707690351970385,1,147.34991166103606
0.20986771084626102,36.59807603453643,1,153.97581874246225
-0.2620357150344472,16.549921979990867,1,117.77866865048757
0.35658640560784743,9.546371713017269,1,97.6691627185418
0.8813973355573436,12.427261796214786,0,107.39574551357688
0.002997178233148891,26.11486447719645,0,126.24377362942096
0.7515419050027252,27.794090433860468,1,158.20114615399368
-0.21721998401417186,24.303467753456196,0,118.03788858861762
-0.6246770199044489,18.213483630179105,0,91.39685013980859
0.5521265858735849,35.650911599518096,1,189.3902662562189
-1.1648432573594534,23.75655348782271,0,90.12209819251008
-0.43622288962661315,7.017114695533952,1,64.40985276914836
-0.013547375141875892,23.83454212194906,0,117.46746162655572
-0.7039607213543809,24.49809504497419,0,114.21356875279152
0.38266049771499355,29.076337532462276,0,133.5968384782796
-0.6701475012988587,26.83028041628611,1,126.85584731719564
-0.33142645985884095,27.958887706547877,1,135.56958659411427
1.06076295839695,21.378395607374816,0,139.7133612272969
0.5428455983780597,26.72815829139678,0,146.54878565247202
-0.8088557856239816,22.681988996556925,0,108.74387367605836
1.2335990051753762,35.302848784330884,1,194.88834192097505
0.4546903369106046,21.66857572966234,1,107.23940233210773
0.8066614066127245,18.497745153103104,0,119.99555707493606
0.326896439470551,25.80727875515786,1,141.5959118469386
0.6858533130338748,27.167022411473546,1,158.03298039062727
0.9475929986782372,21.25981895547796,0,145.4093983078248
-1.795618396380794,20.170299315545485,1,72.94408650893034
0.3051897398389369,34.13376318579355,0,153.68764351562575
0.5398576338123806,24.85382748713583,0,121.82211885693815
-0.9622080611169473,23.515595158229257,0,90.9332139337074
-1.5627169071032598,18.13407205812015,1,81.43104510646052
-1.4949160981936112,23.368798547463783,0,77.82634241652222
-1.5135268711474892,20.32530522311566,1,103.72294896224993
0.584951262647426,21.87361395817186,0,115.31418657612797
-1.241644144533458,20.81983715842395,1,102.68349618368268
0.5033754373216507,23.334990533315757,0,119.45469562328007
0.7870141985483956,27.033540536980404,0,157.8884317263985
-0.10612590905618487,13.635860634817767,0,81.426146755482
-0.4396786499620749,24.63181591763151,1,110.22650295533731
-0.6365211277169279,29.117973799574962,0,125.4309360274266
0.20109166366044584,23.438563173060796,1,123.5142873372184
0.28280723955902143,27.73336298380404,1,145.2044287239824
2.4606264045200623,29.735055527059178,1,189.0780267582527
0.7474117001293444,28.69539577420702,0,146.52007146174486
0.10457899261664048,23.898589426623257,1,132.46017862417114
-0.8915780295758777,11.248725258767607,1,68.98285240946183
0.7846710564205229,26.951347078507048,1,144.24389814691932
-0.9144589766011404,26.7419127114753,0,116.96977249915763
-0.0933299371706231,24.611086143993454,0,125.59999121051982
1.2670418918019086,19.302326035338247,1,148.36197317948398
0.48303746937570047,31.351613216304013,1,148.93381554052792
-0.6021129070176884,14.038110274784762,0,71.80856747577289
0.7233572607622047,26.901751259131657,1,149.0776748830925
-0.31453737147422123,20.117303001438337,1,99.22172322833617
1.1102000168386548,23.22296116629209,0,146.45942607617016
0.27957313033222214,24.734154034560852,0,139.86101883670167
-0.097488375515739,22.127979913110586,1,126.7282957503391
1.0094215212186468,19.664028884282853,1,131.52372073066203
-0.448999406701261,22.413802503614917,1,95.8376754718599
1.5513112176843211,34.52283314339665,1,200.30279033206966
0.8332273116941326,18.102048948278423,1,122.63741883289946
0.2471186082600825,17.718962110572143,1,117.71545354799007
0.7027700696305867,26.69926896881947,1,160.03257631005715
1.154426898733767,24.164411868729424,0,137.98453526294472
0.31561976448009343,22.74226511811191,1,133.96063694496428
-0.09214790722675521,18.39860360192357,0,99.86258803892002
-0.6280299661135614,15.310256899238109,0,76.54022397830292
-0.7450267950537507,22.20954004755227,0,115.78262796243537
0.4110932924395148,28.627484942815915,0,142.6924788891984
0.1710749232620408,29.936810453319456,0,137.1494848618175
1.2917391296375538,22.19621311806475,0,152.2776243544142
-0.8084310117303835,21.33316805081544,0,106.51862492855892
-0.6902133696952265,34.52997332176821,0,144.95003348120258
0.6143011839211041,28.44487342852893,0,163.61132504220984
-0.30843604216015214,15.369507132414343,1,99.33133943378554
1.7566350237945845,25.478080255532685,1,157.35719822213667
-1.1335299551187132,31.03632223114338,0,131.57225387954333
-0.06303866853000431,14.938564927113593,1,85.80346777283036
-0.5550212795978703,22.98055525264921,1,122.0953528241889
1.3070921009344412,30.260330633729588,0,174.54256238297432
0.2378858701904687,23.966041585523612,0,143.4200305507339
-1.3657782594136088,22.91841844885371,0,80.37777836674572
-1.046032697119976,23.25885200824756,0,95.62135285873718
-1.841293462977725,22.30298910837086,0,84.31519155076931
0.5677184427706247,13.701842909408745,1,102.38448888647696
-0.25964135682406325,19.408431945958284,0,99.43247308846205
2.0150654147899507,17.72616463698575,1,160.26262557575026
-0.08550722090861751,21.11139222596855,0,108.564821940857
-0.30782166402013916,25.69377284209996,0,124.16092164719363
0.2989361871456705,25.987591042709827,0,135.66793447986598
-1.0426345554586631,31.229455911363335,0,132.71816736069607
1.4966189428577366,24.343625434022133,0,149.0924923718181
-1.148385201649311,22.965738010159548,0,92.04042077005315
0.06996875812899633,17.562743237374846,1,120.37181949094077
0.1464597054858108,18.843617915038607,1,113.67401628899074
-0.6636859951498708,22.64989772298678,0,92.37143275056383
1.5732904305089113,17.393277364548304,0,144.4011602512826
1.0327887099596573,22.134552374489992,1,147.96264214067088
1.4232482571072216,22.136387319804108,1,160.1045011901205
0.5209666723626468,13.454862020949372,0,99.78915425726672
-1.4517935446991483,19.569178643974354,0,71.42632114495655
0.7229588247620505,21.902360666419003,0,115.80661028423677
0.01853502163717613,21.49055148574071,0,113.97536193744041
0.17771459017280639,28.726096120045188,1,141.95472904081632
0.7898236691210572,30.481748331389305,0,145.43543524681516
-0.2546376749336691,33.32221923292717,0,142.44111212289442
1.4141921502816972,37.761355459098844,1,199.88400265074898
1.442437221886839,22.622439197530746,1,155.36930103701275
0.10951809910855197,22.878882485493204,1,123.7998074700455
1.3698787774972971,8.355634333678108,0,108.13331709970394
-0.6856990084449693,23.156532319856062,0,95.40804920263321
-1.1382438015553626,26.453691156839064,0,93.15726899089199
0.45508958463375726,28.809267314971194,1,151.6472074199591
0.31907200232514654,23.32055413556396,0,132.58737899134152
-0.8408753712580279,24.93869351590019,0,113.19287647671172
-1.2005558493193689,20.655901118807527,0,87.00585464732612
0.25915381328535286,27.796821339591737,1,134.535225314955
-1.1252506141999141,32.40393629040955,0,114.44885906219008
0.8570869922801622,22.354007315948905,0,140.23984026075206
-1.7139523171817241,29.14303897143427,0,98.85264687939721
-0.7671720620129796,21.463051806801438,1,105.09028523427341
-0.0824930406351284,21.22169028843757,0,126.17806805504928
-0.6168249937786471,32.15521721813157,0,131.16032246437086
0.2895819598795174,18.820602827346,1,129.08677949614687
0.21228099972920703,23.19152021054511,1,130.92019036816066
0.0607865460776929,21.20320523269323,1,119.38441562716407
-0.3773349069860668,26.758024542034903,0,130.52370038688412
0.3040846345856713,26.76098372646144,1,138.65757038871843
-0.7063990459898593,24.01540317287603,0,111.15338612692503
-0.9092459399717017,20.576199836269367,1,101.16966395818396
1.148926376590115,21.18593737115593,1,143.00069138211887
-0.1902785796612415,20.046294132015824,0,110.35064630440677
-0.8246815679159961,21.318353072437898,0,109.66939432738799
1.4854165124874859,26.33011411592182,1,167.82588911110088
-1.3210815256576163,15.788620726239262,0,76.83897852896257
0.5429380324557761,15.107819148387856,1,101.06370060688722
-0.7890044283640621,24.823339350706483,0,101.94232376773148
-1.2664632079349516,30.528583746879466,0,118.5311448421904
-2.4611546216604747,19.784763239460908,0,58.14225552849522
-1.5751243755018403,37.36162365641118,0,128.600077161278
-1.5224980447288041,27.624606585790634,0,110.1603269417619
-1.7064730497182174,21.447021931921473,0,74.1567969027938
2.2990679962948337,22.415309084777398,1,167.1554964114926
-0.36095049054703554,31.13265723434764,0,138.62842363147357
-2.855968947475962,26.687320884387194,0,66.94667648611141
0.6119911717911077,32.61760253493887,0,156.0408616453534
-0.6646161843505798,17.11453108846304,0,106.13406118373302
0.6946796825618629,28.347547929091306,0,160.20340917410053
0.6135806053272421,16.70471807235364,1,118.93721771440815
-1.3791875624088465,19.656500139352048,0,83.91173522101377
-0.22961435518757284,24.572475719813372,1,117.60305267335369
-0.8065843432448752,20.144672148620167,0,102.9442342934322
-0.17804213478194011,33.50359398596894,1,154.31318609956435
0.5163009018206757,18.92803964334589,1,129.86528292838733
-1.097221772166415,26.005111859385437,1,111.33989515689869
0.8993385719515333,16.16486109283766,1,126.16036635238304
-0.6293012242317232,26.02035911870697,1,119.63840593942962
-0.6395001536476433,14.8074318529311,0,87.04926047856077
1.2494163729059489,12.315918742875205,0,116.35590611613685
0.29041023522116316,21.519371742168897,0,133.1960520379701
-0.48523828108824946,26.48154366221171,0,128.8252754240491
1.046245206850684,13.007101050135704,1,123.85693411360732
0.5799308807551463,26.9063385629461,0,146.1029737963565
-0.0012159827660595077,23.182567153252446,0,129.25978001993744
0.37487423975506257,23.09657839224021,1,139.82324618676913
0.39128708265610207,25.146070217596183,1,153.3912040017867
1.4763838249553825,25.32624729105967,1,162.30051846057754
-0.1259077729621328,34.73122803594052,1,163.54486055169897
-0.6537320620267613,24.967874046954144,0,104.6352702832376
-0.9547619092021198,35.429958861241445,0,131.80143820681798
0.4613016538280218,14.318716078303868,1,115.77404096846915
0.7530094190420585,27.132662719965516,0,144.23472610601831
-0.40079121457550293,15.048381024754573,0,77.52553372698753
0.5986976031420623,25.0792719203939,1,144.66061416465016
-1.1280632024240254,28.354853616308016,0,125.54996742100776
-1.073899315590447,23.636854866949545,0,88.34937514060057
0.9930837740112433,22.61823340839539,0,140.67333759760723
-0.003044442752627396,22.44481920177804,0,115.6556435331816
-0.14781389326789696,27.553011202928886,1,130.1590321697534
1.6655826933968043,14.692664199573981,0,131.58861141325812
0.7200231690759427,29.764380429841708,0,139.5125523978179
-1.9899980350428417,18.510717027230495,0,77.8524698507967
-0.17887121697695435,22.816430820062287,0,121.225235307176
0.4813240698727713,14.452078843150524,1,104.01275734963998
0.7445976413388296,22.411306176486868,1,149.81395891589762
-0.17596096073192136,20.5390148207518,1,118.47720835775813
-0.6663245272923629,13.79778607305567,0,75.64681502834841
-0.9222330537530488,16.699180401564213,1,86.89351968324856
-1.827965271609426,16.834149855990745,0,56.52424183673796
-1.112292889566564,14.57026702197295,0,73.31631833158265
0.20503585956114637,31.474262806633064,0,144.71672566141515
0.37886522175569215,26.457593899765765,0,134.3605227849621
0.19283951842700672,24.92032987462552,0,133.84915131285018
0.3539824985404664,24.88173956770738,1,144.38808593085875
1.0191245804518752,16.265537619961172,1,132.5268036268454
1.4815378865952358,15.622959564493641,1,131.55983704274686
-0.4817810585797761,17.95948227595011,1,108.51392984594642
-0.16762044224596664,24.432033171068692,0,111.27893495578763
0.10418952712409033,22.742766512464936,0,123.34062352852295
-0.8629507811038324,28.22425267932147,0,108.17748797764392
-0.11824547106740436,24.859812987160606,1,129.2123449032186
0.6721436292886503,15.023534828965367,0,102.17368706697113
1.4251180994225772,13.5422511954976,1,119.91916244619341
0.7493854045070543,31.954613733504946,0,153.61964124840733
-0.2292992879543121,25.533519157879795,0,118.2357965589576
1.098539887212433,22.23705015046943,0,129.78309263427377
0.5909609527754901,20.34841289663147,1,131.772972973738
-0.7808840142557886,9.186715484923372,0,64.11899020160571
-0.1726229546546636,18.97469899848742,1,115.20973504395515
0.7152149875809013,27.118690488088113,0,155.71585007052238
0.39883284051438544,25.53291479515721,0,124.96046336296969
0.3793418520589465,20.518968913265983,0,126.3005783236408
0.6391359974009685,16.08129946746908,0,109.94904974424226
-1.1686448977563442,29.397449222030883,0,110.34289230903428
0.8565165050626233,15.415224600794296,1,126.99307624388086
-0.4542494378367307,23.414436501126474,0,110.65183325180877
-0.8295972152590341,39.495886039455264,0,133.05518455541795
0.04146117977975841,35.49791266466527,1,177.06626015201124
-2.21276325348891,14.405420328356385,0,51.815773055215686
0.05867795991101706,22.32773490832279,1,128.96438491435055
1.139840285271346,23.079266491613485,1,143.26470592846496
-0.43795422011195656,25.296925401474926,1,131.1456775715155
-0.48443370534912333,31.550785917170714,1,134.41060015568095
-1.0068225679048979,13.868110819110031,0,82.50406607900489
0.0017143620134662607,18.9064558790412,0,107.91270954715831
1.025451463921824,22.368614834492924,1,146.20998965536307
1.0474653864306311,27.234194817612632,1,167.28828907901686
0.6384217110034797,11.676933398430114,0,98.90867706254774
1.2245370812676637,13.930168675642335,0,123.28731447943308
0.741618744076109,27.209035677394937,1,140.01399538107515
1.2175790010611496,14.175041302191808,1,117.95475274028317
0.5885887505332809,11.802442908791571,0,109.15271585296594
-0.3395126410855181,22.46086467253077,1,108.5675419752302
0.25295675213318003,22.410133176708765,1,134.92211370447305
0.3026426823619125,24.8062037449974,0,144.22994558733916
1.455071737508936,31.891813178437644,1,182.49286913466628
-2.231814794370686,24.181272563621064,0,80.3490496653408
-0.9652884354847956,16.14001760258514,0,75.89230478907925
-0.3272088979769017,25.567225417653745,0,125.01376994337707
-0.19524080406476563,13.661685696245296,0,102.96623836498901
0.24968969443759131,21.493484800268376,0,115.63474824008512
-0.13920840374874013,29.155448117910417,1,138.29232279475818
-0.12580273919898233,19.74979026576227,1,110.77486159544807
1.6061166784888106,43.6806488265907,1,213.5191010225414
-1.8629814929279478,27.513230966830406,0,106.84361783962035
-0.24300721834920114,24.160108120886814,0,99.8467313359267
-0.8025406992588029,25.447419412892938,0,109.43253266782476
-1.2510046308539373,33.41565293339738,0,130.1890173452104
1.3871912709319147,26.680902821537806,0,154.17968265461752
0.5366318080536996,31.666813150431622,1,162.25968111135313
-0.7093809173171837,16.76290916787426,1,94.35402105765333
1.1617505921924447,21.61432333733928,1,149.75770862250909
-0.6111013310419452,28.657801824359538,0,137.7555323840239
-1.0800111234598095,24.487499858937273,0,116.59136562008902
1.0475086311560808,33.804452668165894,0,184.47966429011385
-0.6369133743521856,28.057580874666886,0,123.20090493438045
0.6273212201456068,12.96492151594498,1,111.49930405268303
-0.16927931509089564,23.384406053056782,1,132.94009207133655
-0.9129551110162448,19.33920365825418,0,80.36587605002572
-1.1486913717592504,14.972323693926517,0,73.87343749040848
-0.17097298340150227,20.205618859960964,0,102.6201130981036
-1.0306223147767855,27.5528389361168,1,120.33461127859702
0.5646949388238711,14.610864362378921,0,110.26086028518338
0.5332185776403885,26.27340211862304,0,143.86707455700878
0.9026476102673533,29.411045009647644,0,154.78690737333002
-0.006925539417451923,24.865855980241307,0,130.6068209481556
-1.1029536296691094,18.197211543723256,0,70.7888131309969
-0.2196250352733854,14.575454936588349,0,90.1368528532589
-0.7340070767102169,29.738402532479153,0,137.78543085423422
0.8961966296756408,18.230462573835823,1,140.05770840818272
0.14726477541390254,16.62126931424999,1,110.76942348104053
-0.72884340529409,23.909459430952857,1,125.80209991914629
-0.6347849351572712,38.429972036365925,0,164.11127846505315
0.24590330048720124,27.46295768470547,1,149.33358479360948
0.28073427882630936,18.12873134704519,0,109.57586795588146
-0.18263439399272732,25.952471205849367,1,134.16374905616107
0.10156576061895761,30.038264151858556,1,149.84316658388062
-0.7644924146343863,27.172131222613512,0,111.26486283090046
-0.27079641203279636,6.026374431884236,1,91.30932666523412
-1.9341697235700168,18.790996740199102,0,69.9850122002395
0.32967504762138905,24.80850042791956,1,144.09955290001926
1.2046396699082809,34.10192446373535,1,183.78350476584035
-0.09338396768336633,30.315268976025514,0,126.16151934830987
-0.49875441956635463,17.850458738186866,1,98.97208136773358
-1.3150639563202957,35.91647229934311,0,121.2910783949625
-0.2805253211913517,16.177554141003533,0,93.65574193017903
0.9557222698837966,24.47839976624354,1,154.21864767776484
1.2103203348581293,18.82991828573204,1,137.90210703917862
2.7655700273247854,16.278277404643234,1,153.0789449566519
0.7604970233802593,14.874814110647296,1,114.70566148947626
-1.3817710240025498,19.404651277604557,0,76.75713850813972
-1.1089240398205704,31.360327463014162,0,128.139630010315
1.0663498468889852,19.808365614395683,0,138.20615257484954
-0.3111238103812335,22.324224920832467,1,109.91034696508436
1.7169528713438498,17.264916773609947,1,148.26369218833074
0.4343607866192486,20.196044631216022,1,123.31375258308994
-0.7563040129935132,23.645455471102842,1,130.43511007731573
-0.16108834922513438,29.60535902465123,1,150.62548114386504
-0.1236604695805301,19.70823291422444,1,102.57607197339458
-0.4262374921206965,29.28018798552462,0,135.46987069676777
1.2977567374697823,30.267428173767577,0,151.50039444681752
1.68438411595759,24.636648089756736,1,160.4868326640328
0.3384562496479316,19.384281150711328,0,119.02520608110503
0.1447873497183649,24.772249497035396,0,135.1531012642755
0.901636472640227,27.696973631383276,1,151.90361152699919
0.7013959623485296,21.78595948826551,0,118.30037754341325
0.6154054293713309,24.182173607949515,0,119.47933574273789
-0.43856452518828004,29.933274781751518,1,135.26429087440872
-1.3248731597844725,19.07835574894046,0,93.42726460972987
0.145575204095329,37.03388871506249,0,158.17920150466375
-0.7413384785464106,20.93470341172342,0,102.85665261057966
0.4439221748183951,18.424717556237482,1,123.05503025937111
0.9019057143091223,27.72778280812514,1,149.51345519469078
0.7347293278147315,25.670976657039173,1,155.06068709689524
0.9956384151733084,14.019967005137389,1,129.1972405495429
-0.5262768016743923,13.59420948518017,0,88.54081652710278
-0.7707338090472485,23.874989726238663,1,118.0119980821611
1.8914173671409389,30.486342952406233,0,180.62265061232415
1.0965732013560174,34.562285887312584,1,201.2821049684105
0.5829304047574203,15.976946544807074,0,122.30026337453135
-1.0888048402102424,28.57248360361527,0,110.7141776383968
-1.4798087834904912,23.163429972417525,0,76.58709715888862
0.4885459866436841,21.55842376333241,1,142.70246102079645
-0.26993384420450134,14.094522378322907,0,65.37054374173302
-2.479137620435373,17.56508696987924,0,46.98825142685975
0.2791234819571788,32.57359569383873,1,160.12769921250344
0.23983450561326142,30.956905772587227,1,157.31688829578806
-1.7462375306248867,32.33795790232731,0,108.61737686684005
-1.722202640975437,16.43077600893007,0,58.846709302771444
-0.13351109167103412,12.350760814258456,0,69.03330777568252
0.3670618349353921,30.10292256033758,1,165.9885407204281
1.461454215959912,34.01689030792284,1,194.1787787094764
-0.5030058818696651,32.08516914927338,0,137.78277704055475
-0.691771507315992,30.66988417176326,0,117.2062073248687
1.5411762278861616,33.852801440663605,1,195.8130691704343
-2.077956534888929,17.616779198179604,0,69.32075846795233
-0.3881017420105361,23.557341030453387,1,115.29804663994011
0.22460800208410944,24.188812649038436,1,129.1783207562142
-1.180909878307226,22.69964265757778,0,97.10956484437676
-0.0030683918512541264,28.90682080628371,0,133.7656796268359
0.5170719481971121,24.19261804378209,1,136.49700791126824
-0.00814196751207704,17.68034778974426,0,116.99073205422418
0.5545239460093141,27.873972699118138,1,156.68454874402937
0.23311463712856836,21.934989446506684,1,136.73679056412445
-0.161394791832514,23.34363230001446,0,118.60472816989022
-0.08262695806997702,20.635389356090812,1,98.98159315956869
0.7000014589164452,17.41568034754388,0,120.798928223619
1.4123640803164808,26.382493147470942,1,165.11986071283218
0.029993585086189316,31.4859555273174,0,135.7831937366109
0.18115876851206153,23.550153366077414,0,121.52250987055562
0.14002330474416874,26.1612849922405,1,139.54044363209147
0.4371063576805776,32.94951096289475,0,158.06941060628634
-0.8610539010172987,19.43632738226288,1,88.94438037614891
0.3451864130127939,22.834656676141314,1,127.82180262731765
1.518054572718722,31.371223468486043,1,186.9808075578446
-0.6728542676714107,17.929604678625054,0,100.77042325544504
-0.9138628636934283,40.958723629589535,0,146.26446193091732
0.510235628362795,29.974314360832942,0,156.1411435975145
-1.4247155755350887,18.48398996856722,0,92.08691287653701
0.7425244030006777,29.424525637258895,0,145.66771106872028
0.5786449688498071,24.299252331830708,0,142.4527600895755
-0.24056156385852165,17.418045000845538,0,107.32036835731066
0.014750363354934093,27.304241331783455,0,127.21540795636857
0.7020402763897758,15.24027732889991,1,126.89382038625925
-1.6208976026087343,30.064342263187715,1,117.30089919476802
-0.02372586296507601,26.75872737778793,0,122.49187848725683
-1.2695813079673353,28.824780372215137,0,98.3387423027849
-1.7422706500309708,24.419545064299562,0,76.24580721110117
0.852859287039178,14.219486226222573,1,107.39805322203784
-0.23828482401434697,35.96020240805807,0,157.6480770462754
-0.24744059760863185,26.491455670171437,1,133.75475803244044
0.0310589508252571,12.792319256044763,1,114.66661156179262
-1.32555896475007,34.84315233839993,0,113.78919109896049
-0.13840234599548612,22.484566354079444,0,116.93019080999213
1.2552044123703276,17.357993408346807,1,141.5603753608869
1.4549705449281234,29.782267385263744,1,181.3307889809972
-0.651643930013348,30.247236244444096,0,116.08906592642262
-0.5617670797878775,23.635265434527014,0,102.78364598591423
-0.30109389769020545,17.472262227952385,0,104.2791746874458
-1.0355336214245472,22.10229759542821,0,85.22376554506637
-0.13713937322140532,25.504247254546218,0,113.72283631755735
-0.14842614590562028,16.298429824406043,0,93.05964924683622
0.460304991512975,21.474306536703207,1,143.63705892310654
1.4323966249715812,29.458318296229063,1,171.6676679131987
0.8050107894501242,19.01025702886914,1,118.04827573069234
-0.8304607577389618,26.748557966579646,0,122.6298239407844
-1.6419630660940872,16.351265940703218,0,59.13094311847209
1.7505178813175009,24.880341029369273,0,149.46598106491962
1.7743915600385398,31.048590083706742,1,186.25461937496266
-1.020266501622838,26.64369454409714,0,107.55411221157848
1.010535915750405,25.645492265066267,1,155.69868606179813
-0.6995985260454758,24.96271686944373,0,106.48436254456925
0.07412385212277042,29.73224360269577,1,148.66606782781068
0.9614151203958776,22.34317414266959,0,134.10967864210807
-0.7934593270600673,17.36601562289262,0,93.26250286749911
1.7487968052091238,17.798931378675594,1,138.4008314940333
0.13596338746433234,27.88747540860583,1,145.92102852909784
-0.6039345994796484,26.2018869032017,0,120.3457182398881
0.1315164187811515,33.749482291014495,0,161.5775132600485
-0.9568751533745442,11.332649288870007,0,59.94417288389695
0.38651239005995064,26.486364044293598,1,135.81883328388136
-0.8693505020843183,26.373566987453383,1,128.9495856251094
0.3978041750752961,17.221025376499814,0,107.61984743764552
0.05630445176767747,26.20392113854364,1,152.11459886208692
-0.4788530602063831,30.393302590375885,0,133.72274546091046
-0.6692682573274474,15.411638964426473,0,72.56382447551837
2.352834266407899,16.638558153080353,1,144.97812685549007
-0.6104686901317383,24.27734062253705,0,94.39465684956139
-0.4639643101851452,28.604426999450833,1,125.74752933969654
-1.1703372373146355,29.62517667259354,0,108.5212163087418
0.33709915515143807,28.040323404106644,1,154.37344765834516
-1.3748838959624174,14.391283222186528,0,58.50126249407705
-0.3168477846083288,19.253691736912685,1,114.94257621177265
-0.5632276937481585,22.443475579866654,0,117.62199457631945
2.022816955471553,16.60254608595637,1,140.72506517093828
0.03851788463126973,33.57103920320898,0,143.72572856811482
-0.8802656805676624,35.586729207859754,1,156.48665493018822
1.560035955705403,25.43034740386515,1,166.34149959141257
1.3192316883078772,21.330051629260115,1,154.3506218423669
0.1573519790876181,23.682201234968886,1,122.64669390375668
-0.05166723670425356,27.0209591696306,0,136.62325548403857
-0.37230404146476,21.55803358957814,0,98.94380451735451
-0.7490841089431611,20.511365746863905,0,79.34661486143172
1.1024179276081258,15.367464242860226,1,124.3701613027868
0.5737587886410866,15.984991258479141,0,117.59020081363057
0.014662446684083856,20.592082972647358,0,113.38609516410123
2.102539058384465,19.495085823204924,0,152.4820172966618
0.982051882032866,34.93097453707006,0,170.97088782841575
-0.9682293038699596,27.005512528174584,0,111.30624184327434
-0.13991123547699622,32.30588882333454,0,146.4158682362079
-0.2494884874977838,23.660728674305307,1,114.99081757754813
-0.0010235752993129118,20.86161088987426,0,117.41821916810812
-0.8823634098706393,24.28498301012617,0,122.84671794237362
0.9269608415603731,26.800113352570335,0,139.7384688624528
-0.8683549188669294,21.518251513177738,0,95.27296353127736
-0.7458012473093169,26.485079305028314,1,119.74483984720077
0.7427029502973901,31.06139837345142,0,178.58955278229547
0.5497166045721122,21.494086943391956,0,111.5712407303263
-0.21560200972640098,30.135654425367093,0,112.58482671064722
-1.1867609877146394,14.630938372254164,1,65.79364329046572
-1.0273627630656421,17.33997052694932,1,81.5307491199596
-0.3438235597407613,29.915992141529827,0,131.97915573256523
1.5164174383133993,16.7381975570461,0,130.75053511891798
-0.2521109343039027,29.38775091984313,1,136.63317326725036
0.018738392186617304,19.718162960654517,1,117.3475865531096
-1.188421588490541,21.538873391572636,0,73.95789881652485
-0.2724869832828994,12.51803115125026,0,82.36069616082258
1.0730487374898197,28.824712033590625,1,164.29859466379986
0.8001597823731555,30.066142734064925,1,159.70750077366182
1.3871183048368476,14.231068137832496,0,123.7493619035845
-0.8984185384794517,28.374506703140256,0,110.68001142130551
0.6683885830136164,26.48420588916396,1,140.73503187983516
-1.4561350671697957,9.9139240672882,0,47.22494044826206
0.731344814075835,21.92275793542185,1,133.75564737955625
-0.10173358909412199,25.295259367971603,1,129.60890246585024
-2.0771271466724084,33.86841413224161,0,108.31770225011626
0.536086077103812,18.29451795346196,0,117.55314621847401
-0.07095885204855477,15.460604833605656,1,107.7629284667066
1.322259504244555,27.583625193064396,1,157.84708151165373
-0.953596193512857,23.392781764899713,1,106.49510712762671
-1.4366709600482916,27.93367497244452,1,100.94804000484899
0.03431936077018547,19.603858450350298,1,130.2044530095015
0.4637065166785347,19.710937929888832,0,120.22293250791775
-0.1844398761937938,27.252858912465815,0,130.1707172956631
-0.7038032462540726,23.62092754883453,0,108.57154283030481
1.3321633438252523,21.786792445257166,1,139.17741510502583
1.0748092147355668,27.040017832074472,0,156.56703594433796
-0.5751757850304063,34.71903683115622,0,136.47684747339648
0.1940355429221996,17.846692382513492,1,119.70301875139228
0.8668129266430595,19.828022556002338,1,125.08592015205261
0.11849958353274552,22.018561874063376,1,123.96595038514391
-0.9212022391714647,30.112794921107565,1,116.74262652355362
-0.8959441288469506,35.915854936119054,0,138.5842941748387
-0.3201084497688862,25.02688868536392,0,120.7302373064372
-0.45787282412675623,23.554042578486612,0,110.87316722464726
-0.7629068203543661,19.54193212898986,0,90.16126221599376
0.5201502920734866,29.65774565806818,0,158.233786691501
-0.8063084264239221,19.9619166279211,0,83.77104813011238
-0.42570984484044405,24.30604662444501,1,128.32821168833271
-0.4865184628470923,26.26482201502815,0,126.61852651716147
0.35885629939954783,18.074112286422753,0,105.22321954253131
0.6776447138404746,32.69640044418496,1,180.3303984348287
-1.1318788811815084,29.255148187985615,0,110.06537338791854
-0.4865996514788158,26.12005529329751,0,114.19020616714727
-1.3938692273962743,19.01795658721283,0,78.04266801274609
-0.015565711034630525,30.732644707879942,0,141.73249680623246
-2.3896156250164715,32.14646350196905,0,105.9062776215328
0.7545574058387491,32.70080506198276,0,158.46014972839023
-0.5770329340495108,31.46851109243108,1,142.5614943274416
-0.006529576558286282,23.889606666465433,0,130.6534154926675
1.2543736000991998,26.132837358820936,1,161.4146543750612
0.27519039760812586,24.548150118334597,1,145.39350619339777
-0.46713733837810967,33.10161619252104,0,140.92580458336374
-1.2060475353273263,29.677855508887397,0,112.73313078207104
-0.3237412903783186,29.172440070915094,1,144.35060952448816
-0.2728735957875827,19.56235526186841,0,101.4937922934046
0.9527815734848902,23.93480383312555,1,143.35034469029785
-1.6600980816214643,17.930503771308526,0,72.94810230826872
-0.04881989774868463,18.252017692260054,0,97.66364175661992
1.0005111446844093,23.811209885584258,1,150.42492949902731
-0.8740705365313297,25.970406066431416,0,109.84560421698724
-0.8773415229713988,32.08047873408829,0,131.05906994248633
-0.14970875135640058,22.642527770291355,0,127.36772875469029
0.30089384282466536,24.346700794775206,0,124.23434960622919
-1.0086460733299538,30.687380308725366,0,106.99178165186416
0.8843892168459535,32.05042892338557,1,165.8143061018861
-0.249906620909706,21.837517781761903,0,114.99620964886184
0.23187847782379853,24.082650880087314,1,138.97396034621934
1.374415403778274,33.45749084941205,0,181.13530932339862
-1.432105168827945,30.9722356944013,0,115.14154218140186
-0.9080423173940042,21.990705107291713,0,93.50020979682704
-0.3419338826073839,22.721208588085712,1,134.0521824741418
-1.414907046897844,23.323324426770608,0,100.24263223050104
0.5116154817434051,18.876879991113547,0,108.4485937031243
0.3376861893760698,23.058186546012845,0,137.7104569374665
0.30980472311100216,24.26174882958836,1,138.83165936188703
-0.16362778578359702,27.14447568046188,1,137.6211892261095
0.41920777786054514,21.30593629834183,1,122.2504986964942
-0.6277798662545232,19.179909282478782,0,92.98617573354515
0.7259968378915714,29.862436728721676,0,154.19138255381014
0.1500729159801986,21.30627445232534,0,107.62665484427828
-0.7372455982528339,17.16506164580258,0,82.90705605312534
-0.14054091386077913,25.449886167203275,0,111.86005883880695
2.6865158532777946,26.738036452800337,1,188.95308507734416
0.36322212294643696,16.706420105467377,1,128.7706710921246
-0.9124971342566808,23.53178143954928,1,109.03878025559571
1.6812680655139989,18.593145421895763,0,144.42356433298434
1.321483306764343,9.952551927295904,1,116.47234188598068
-1.2692134699073636,33.25811827451201,0,115.97119518904651
0.03609516518276021,15.093945857784483,1,104.49558424285966
-0.7441904102334327,26.77862476620165,0,115.35713044098614
-0.13193469568925498,18.49224374934346,1,119.88026187466556
-0.07282119990318725,25.793434587476728,1,127.62691816279049
0.25550073124678413,28.517203008101678,1,152.39629553567667
0.611781269854273,19.01943922349966,0,121.79700714530081
-0.24020655681622866,24.93865184690608,0,121.6484783824487
-0.8253056605898972,19.83266557402064,0,97.9014372956844
0.009134960645718017,32.18396753330724,1,155.37672053563017
-0.6644146395365467,25.091768085372966,0,111.58514596634103
0.5020090700390961,12.749221192146724,0,93.62622380623132
0.7680616719760966,9.598990944308403,0,98.2817885323597
-0.19989197039991194,29.77227533143386,1,139.39924587142318
0.1406471163224911,23.240594994790982,1,137.36557862393545
0.28618900335711633,30.34040346344179,1,149.75486475547467
0.7308312307232139,21.992363388512064,0,115.30216823728117
-1.1702339823441346,20.94329525176722,0,89.84877570717542
-0.3302465360042858,19.280155615208017,0,97.05072445768141
0.8635683607017219,32.980671107809634,0,159.29752150388728
-0.2813454629834053,21.900231001684343,0,118.61370528521124
0.42419388198329006,20.764539612182165,0,118.00598432780811
-1.8473897912170818,13.62984191757422,0,56.88356781115802
1.0258884923632976,31.2529453231508,1,175.12592928951017
-0.8775194255439048,27.03856248500156,1,125.54692081706925
0.7442299630421823,28.322724002058706,1,158.55133500651186
-0.10338753875710834,24.686718248410166,1,135.08705104780566
-0.2717101525944755,20.002527109266296,1,105.54893407180494
0.38683033438695597,27.003594791003703,1,142.04075778641766
-1.7184511568195129,30.783839620479107,0,105.15566287120326
0.3259117687843372,26.337393547909834,0,142.486488589468
-2.6353565501884586,16.7002940138805,0,55.87874184535314
2.9452253910112765,30.134122890991407,1,200.81928745451268
1.935775426940913,30.243043404514633,1,189.91385584100328
-1.0153472781030302,25.204141773076767,0,117.92016665898211
2.3126411720347386,23.4650017957945,1,183.71757361177822
-0.18780417319652676,25.2809728038746,1,138.29049962525679
0.200209988438059,21.999669594039432,1,143.88961131931913
-2.385241332729948,31.321194619982812,0,85.6144910553821
0.5484736979299435,27.523638249692468,0,135.7118291927845
-0.4627585257861466,27.60868070431547,0,94.64791977478349
-0.5737654529452887,22.66430603356305,1,111.27097600255193
2.3746960186822172,22.413184727133242,1,181.6186377501232
-1.4090720923836455,28.490407200159154,0,104.24664424455082
1.1508830329213975,26.65615964530779,1,145.90920166263297
1.4132407689820508,23.929445799310372,1,147.9062012448891
1.3110133846451375,36.61446326825351,1,196.35170865672015
1.4230738474205051,37.840651781954165,0,199.9342664232549
0.16216621701030093,28.08298747200055,1,146.5069879408413
0.10772957821520641,23.200643245739474,1,118.81276982640546
-0.6638914304670138,17.5216490087799,0,87.71260395001929
0.28230758632895186,23.822179049563456,0,124.90388972020769
-0.9645374719348357,24.719698353435447,1,111.10144478701937
-1.100371257720219,23.8967043590973,0,102.66322109701973
0.5459967888969808,22.311738240996984,0,117.45219926877786
-0.6122937019217168,24.661175090965614,0,113.93976178181832
-0.28352070862134787,18.849364414343846,0,101.35097506684879
-0.7547709316438282,25.092961698969184,0,109.10510145723543
1.3735333956623703,27.588498030590006,1,167.5909058634579
1.7629345444610032,10.387677989436757,1,117.16969811581573
2.1799010047724128,29.179102759479917,1,190.92285916272425
0.8645618543223901,23.351244079888836,1,145.2717360407883
-0.29875578488910465,40.06687898705079,0,165.7892666086214
0.5121116324774735,22.65381445364452,0,127.30773049295544
-0.9046087086195979,19.909963572802152,0,101.32925686027211
-0.2264042433942711,23.528251025557413,0,111.18151809273965
-0.8159106094999172,22.515649077359413,0,87.19759991821269
0.21461352819663765,22.20557131418803,0,113.7159037967701
0.34714968841869126,17.40058115735743,1,111.84711179576335
0.011695197836231304,22.176594755816453,1,113.55343086700533
-0.7623408937300653,17.90556549191888,0,94.08165931862113
-1.2614924581802307,29.365394826407496,1,123.85265719882788
-0.29932806228335035,34.33369550696917,0,160.8948774853783
0.9323915942134029,28.309879200300173,1,141.8992591260718
-0.060148238908824515,26.060846913057905,1,141.03758053404385
1.7022230453761906,25.9830320995872,1,167.89421542990104
-0.03648359191339387,24.673970998418813,0,119.31324770635695
0.9534757609072053,23.660655242382564,0,142.87923165850677
-0.001791329354194264,15.764875208795868,1,106.69719199098282
0.6756334094705507,19.773270674311267,1,125.8050451978864
3.073454732553585,11.330842552469475,1,139.68520264937257
1.983272421285555,18.056901941408256,0,142.33243339118349
1.0903148771563191,25.54981721218187,1,154.4259259966603
1.8587646111079896,27.837349292096143,0,171.96909571128901
1.0074151385911787,16.486366862641862,0,121.64317808446555
-2.0817071991625653,21.952329880764747,0,74.71625157431585
1.1717989492089118,18.044424429294683,0,134.12561803034424
-0.41609600286262227,18.401061730260757,1,94.07253258391042
-0.4511577386628408,20.335432431384753,0,102.51735167972863
0.770956964039065,20.371990974394755,0,132.98736341323516
0.0804274691465577,27.249169740081857,0,136.4653171321717
1.2657599558908965,24.284491465991135,1,147.72659379285193
-0.8216621207165474,22.748284527080376,1,109.99244414282879
0.5221451736332441,18.446279404180338,1,130.45504714112136
-0.9287600160230548,21.053319496918576,0,95.44089239430777
-0.9577811686965956,25.231375613172485,0,104.844476519721
0.331429921691985,13.436086711589255,1,99.70521576825301
1.966498951443513,19.16873215558314,1,151.8770411754235
0.7946537440529786,35.03918193503874,1,181.14270255349666
0.2315774685856643,36.25516491962026,1,181.6021441952467
-0.03245139851220255,30.897182605026977,1,139.015600475543
-1.2543000030133358,26.181025132624203,1,104.15933914982226
0.09887292118951897,19.159245494449085,1,124.00142872191168
-2.4240392315704953,19.79610569144826,0,62.74707620662269
-0.020584672242307225,12.376534197998735,0,89.45143326256776
-1.8180699496355708,25.882837585217946,1,102.79657280278938
-0.7001140718601941,24.278811013042287,0,115.35664644720185
-0.8731685601295702,26.2869762141098,0,119.75140558694757
-0.231450311686999,25.632921824842732,1,129.72838178104345
-0.9644909060135285,23.68082578040665,0,96.65170385276252
1.5623159377221827,36.90692706157807,0,190.16412518025814
-1.4275786036895457,35.72220391844242,0,112.7504298725268
-0.15762758024322973,25.506333161323862,0,119.69373201264834
0.6455764833287124,30.789812931889372,1,155.28680073774782
0.24951725347619105,22.45011670251992,0,118.070336283613
-0.20383499513661904,23.15589184352268,0,124.03835049794726
0.8723772491787799,17.74054369099451,0,125.47897954968924
-0.40018889753150355,30.20344073293036,0,122.958796139097
0.6730533999584595,33.267609106406894,0,156.8597446624264
1.265497234123419,13.03784150899905,1,117.24102300816539
-0.49244751069519704,20.908845039327517,0,96.71967998847006
-0.10662496608750187,23.862362721379576,1,136.32174715979463
-0.49714787046894726,21.39163865604358,0,107.7915951634403
0.4741128139085152,22.22719702981037,1,126.5008159863257
-0.3804510311468345,23.33544921602614,1,132.44986545659307
0.1957412488189018,20.476543899497184,1,133.82736326623328
1.6677256126307904,12.820018986525506,1,122.5042633976006
1.6427905393870177,24.95890085383247,1,159.49733380914412
-1.7937662677308903,27.900838538392996,0,103.19541839081369
0.4168735471432548,13.801931150521167,0,96.58268930717357
-0.07592183836676283,29.100696855705866,0,142.63348775372683
1.0728290235821236,33.47885805757883,0,168.82107129066011
-0.3690467427247866,28.28055606195509,0,130.55654409567535
1.3815587903880806,31.542524832571363,0,172.23315932976288
-0.3254697570200073,26.360675849167574,1,121.79436367940903
-0.7189898374962438,30.66527558694155,0,119.17622597782848
0.9040855135033306,21.72148512534328,0,135.24182475500317
-0.20129738784442913,16.17602560279792,1,105.79730837152702
0.9791450437622723,18.954581302437628,1,126.7876867570239
-0.2527597606080957,17.257865645546005,1,122.42543301491737
-1.696083889370449,17.603040389721638,0,73.1317685058564
2.1179609116033147,23.168214270930573,0,162.57645111280735
0.3441091100083154,25.521110960813147,1,140.558401997957
-0.5496164102808364,29.47886796403707,0,120.43982974566207
-0.22445225993879644,22.153691804751436,1,116.09023655741647
-1.32220275064428,27.20378167888133,0,88.78176932838932
0.29087058130957416,24.068166365457774,1,143.0298882360348
-0.5007927775235579,20.195106315562263,1,97.52808077303533
-0.6214975344020789,35.359499535414315,0,147.45888629073733
-1.5347642685461473,34.00085227556483,0,127.0070305809219
0.7745367466256035,32.24947731105878,1,176.47462785292984
1.3174582656241327,25.519311595602783,1,162.21440414891197
-0.5911096243753355,32.33029067464908,0,143.4420341767734
1.1583166749530007,22.858985199994393,1,152.51852755448968
-1.5206742412004672,16.74513262288818,0,68.7033821973499
0.4205204630590834,21.31396693746704,1,133.54046499769922
-0.708273986697007,15.563833189676835,0,76.31989939308328
-0.8666381758908279,22.439251581432725,0,92.98639155280105
-0.44956009336578634,20.29340260714575,0,109.30084159233036
-0.24849813897864442,28.006256888724675,1,136.0355050580432
0.7688690323444212,25.25023999002167,1,158.98428850768846
-0.9382733163982746,20.77775778866168,0,98.41318103834197
-0.2514402427250414,29.869610044480062,0,128.23759945872544
-0.7740400222772786,22.81633296246275,0,114.84500008600436
0.46212421709228124,27.332788538223653,0,131.7652105723015
1.193985943008942,27.074437483887287,1,167.39252538412666
1.3544360799265973,27.471203365237187,0,158.92158005075353
-1.2781822253481485,29.15375881077484,0,95.79603090216978
-0.1871985592148788,18.451087656268314,0,84.17339535806471
-0.9900875525351285,31.155456893071197,0,118.4805541792909
-2.011298197914698,26.399532976413695,1,104.43725813877155
0.1945918913102977,23.77387630150399,0,122.94931260749264
1.4098542625432893,22.07376224752195,1,155.71377603795145
1.0734632342431114,24.148908619783697,0,128.45880874245483
0.7959066652105047,10.209900053110303,1,101.46076024431937
-0.9141725838189787,20.958708246745257,0,90.99748785264894
-1.3448646277988763,28.207502372556807,0,111.69024297922935
0.56659345179575,-1.1972722330323577,1,74.06674924488787
-0.9420153384053347,17.931064704114643,0,87.43744086582946
-0.7590591304022641,21.685416125863583,0,95.66145510879316
1.0825765443431183,26.0748707704509,1,153.6308151001003
-0.3256544075158125,26.797971516746905,0,119.82613773783174
-1.2929180706013081,22.741594677760176,0,92.17468694690135
0.11414948605765099,22.96411120574538,1,127.75398683556031
-0.25624854909759465,10.729106428220753,0,71.0665743075051
-1.1552348000614336,19.033321405809634,0,81.64249684846227
-1.023314029674132,12.103585235893119,0,69.40258330566542
0.423486875466752,18.31719556013104,1,116.74327441628631
1.0572463492653208,14.520245401577636,1,129.40196435429
0.7824303991918357,25.594876416012585,1,155.52045646139229
0.735864185782488,18.434602371641482,0,117.96391492413562
0.8863429310884196,21.540770273407603,1,150.14088629603435
-0.28436326933269196,39.50602865972,1,165.99356430996477
0.9942878435700293,39.790565308499076,1,191.4397458892012
-0.45703241309769216,19.37877644617023,0,100.34806561586778
-0.8897776967390484,13.843219783347324,0,76.3392384992576
-0.1907738436779145,23.04831692687355,0,115.09512650527024
0.4371921503131906,21.49404856110866,0,119.71607695946021
-0.21426100126225625,27.98991730829377,0,137.71740249024688
-0.9218268547988312,25.883666583084782,0,114.22775097430534
-0.32169120299959497,29.322419852543916,1,144.6116750537745
0.7734409872563173,24.839000512459517,0,142.53610535666277
-0.36932058893097547,22.817836149641796,1,129.30581192697554
-0.26112044504710935,18.664654511238886,0,91.72445778632525
-0.6569193716407504,13.18413768235285,0,73.67122813676522
0.6974034938261549,19.788526792463422,1,121.2080537330266
-0.8961328029659491,20.394666373324483,0,85.75713714599902
-0.7246482706354224,14.150412170219457,0,80.8422175039153
0.7163705261654605,17.90863971764907,0,114.78292370552633
0.07906439161737511,26.986416155337068,0,134.2293063837277
1.0899705368619712,25.863796031389487,0,143.18977296119604
-0.017883064729782277,21.87688326291898,1,124.53121225672494
-0.14605403912127293,34.71949758029515,0,134.1683525572373
-0.7056480419683338,14.027995455098552,1,79.76016163570714
-0.021507603301145144,29.37331310464881,0,142.92811912860944
-0.7526189330687022,18.24522569887967,0,86.70070728482165
-0.6535956820438448,11.859448823317704,1,77.52143671711453
-0.30330480765031914,23.82684881287122,0,114.50501910935931
0.9812153197720981,28.011627700613865,0,143.7899832677199
0.03540025765250371,17.98243148815265,0,106.35088239103086
-0.15390104495016488,31.848252064208477,0,154.8143884306799
0.38574269854102855,20.89095323613752,1,139.80612087182078
-0.28864786776039614,20.11969081901863,1,95.44720874969677
-0.34072667338623447,25.089545995731726,0,125.95486942455678
-0.5681507720566947,34.096476445115115,0,136.77486165712082
-0.4246646983643784,17.35097099640472,0,106.42021170107324
-0.6819415697165085,11.26972430175331,1,89.28241023230564
0.20686160662343486,12.9893807428214,0,89.30632317813027
0.021635604312131174,36.66769491559873,0,154.9372272447439
-0.2919206245314963,23.903787016130835,0,111.28700799608077
-0.024147446367298007,27.39126995579339,0,122.52281812869377
-1.4446199621849882,29.40697580847294,1,110.82520132417251
-0.30609714861636866,23.12883769486215,0,102.045560717954
-1.4228892114907044,22.044592669015607,0,98.01605418027994
-0.3421863903136819,29.773764826855185,1,125.63444518300368
-0.7120430757451955,23.857613852100204,0,92.13685794327706
-1.2215025741409087,11.915342974655982,0,69.5339959399494
1.0528309825885058,29.580978154080025,1,176.8840315109212
-1.0400369315487292,16.982359296761416,1,96.07360875106316
1.0253099004201387,38.807265685370176,1,181.93893317324483
-1.22037954511297,20.356396880159913,0,81.65742689773168
0.011277075288915602,20.754701919220008,1,123.08474606505621
-0.2936021158639554,25.941232303021415,1,125.30476209360965
-0.12071473225546786,24.63951500209464,1,121.38313453794298
-1.2534986019274543,19.90007713526527,0,93.81405858625085
-0.9124925228232735,22.31450849650694,0,98.69786502010959
-0.8179324745850697,13.182889569476952,1,83.29734133443006
2.398642174421345,11.000907813630533,0,128.18193209186532
0.15694402482383793,21.43322432060016,1,129.28571416464484
-0.44366125021281405,15.161885421226783,0,85.18032250405052
1.6848806580027178,22.064370587439978,1,153.7726431618815
0.11593177245560086,18.30007060388281,1,126.60201970580505
0.7163372282067714,7.402437778416363,0,73.01936488884981
0.08923019925294526,26.656819903656626,0,126.22353504300644
0.6422168291113374,27.68862161468007,0,146.32716215245156
-0.7064577191315443,13.895368223165322,1,89.311788457638
-0.23655320796543355,30.274461997746748,0,122.20968399616156
-1.3553929487391752,20.9528785072311,0,85.68543143097476
-1.9146129934569593,24.439834902106497,0,92.2637825842764
1.0862277396520108,28.967092093820984,0,144.3675420343785
-1.0970471701999014,32.436780108078395,0,130.5609392920307
-0.35997930669592754,22.78038553406758,0,114.37199316213983
0.3939528973593742,21.343849685108683,1,136.94727238450352
-0.2280075340046071,16.25523196740673,0,88.38864102803566
-0.9594790024241765,18.052166261438884,0,87.34672499196125
0.5673408461328739,15.488673053190478,1,127.63694817289493
0.5410697560442577,22.462646473663163,1,124.45519365277916
0.058630731629483936,21.10372558104228,0,107.19199468041498
-1.3604515434076396,36.28960377548594,0,143.50312082270742
-0.6140231179983499,22.125041968587446,1,104.24840586205441
0.2246004422926964,37.05305043953538,0,179.52564705081613
-1.0289119786791832,23.9242211599932,0,105.15819185924518
-0.45637858355369315,24.972362949364715,1,125.87539581540183
-0.5303785650191924,23.08423691444021,0,94.49604200541428
0.9064539896318236,31.72272756176997,1,175.94698998788488
0.07433547035502475,23.832706714722118,1,130.60771033644633
-1.552415721973469,29.15501893686932,0,92.81042422717718
0.7971093376399915,24.906331831570323,0,135.95170374539083
0.7960854593068472,30.933598038787565,0,162.82255258359737
-0.6406262861043662,20.089025712380124,0,83.81355595444906
-0.572897265772855,17.394597619994336,0,84.96083925348346
-0.22490587064732642,21.20303121327186,1,110.13409841635803
1.8365995465140121,33.729558894571596,1,195.59245258825507
-0.1701926679631364,22.168818854389958,0,106.21903705345171
2.231835752712643,34.89780006488798,0,203.61627407610717
-1.1886275878615666,19.493444418707252,0,81.57912296475695
0.051123217107170896,34.23555969887836,1,170.46729811729858
0.1267558777274171,22.4913294235694,1,126.29617329050475
-0.18955645171576996,41.387618630092696,0,167.4678823708137
1.7260901231441206,21.077909555886126,1,172.5331402844418
0.6228556857640651,23.691699704157205,0,126.63396235279698
-1.1035447449636884,18.80879834207156,0,82.20209913974284
1.4483511441759533,31.970725591921433,1,187.2119088874808
-0.12042069398880222,21.643011687599486,0,102.95777177171482
-0.817521790077929,20.996902465437383,1,113.58335824838599
1.8635427672214468,19.486544182203584,1,150.5493936168032
-0.3918632637370111,15.774138654612317,1,101.23935311331678
-1.2604992983793242,18.805188797962224,0,81.62119520399692
0.45133052636727233,24.750426726481976,0,124.202753928067
0.7440438110140054,22.387254209366038,1,130.11641891587533
-1.0298381291588368,23.3587108769364,0,94.72059659906866
0.3753533410252489,25.05330122712572,0,129.24162672898152
-0.1145463325850149,23.84394665718005,0,116.87794394480578
-0.028603561561208257,33.3125025383976,0,140.61544647845307
-1.108385040279984,30.778359541660446,0,123.01555184783834
-0.8777229089876071,24.245160913961804,0,113.89509697680349
1.312427160048368,25.136151932823005,1,150.17766819657263
1.7975642654857773,25.39774824799419,1,174.65074704606096
-0.17161210031072965,25.108174372248552,0,109.54040916768511
0.38725385921934974,23.471518371583453,1,140.038358674173
0.13644308172311204,26.061759310436315,1,140.84795958185262
0.6087116646981843,23.01987121862827,1,151.48069415657437
-0.5722729171245156,27.46171892496715,0,117.55455280595373
2.0296976824330017,26.366540829530923,1,177.96407097053577
0.6955916869961772,27.485003441000394,1,159.5514582253933
0.4196855571742544,21.150363422666825,1,125.40672654302607
-0.9506482765614319,33.07639888581251,0,122.54985360447024
1.0924890601389095,22.10528787355622,0,149.42702236177635
0.26538714016187415,22.26812762355398,0,127.84512526167411
0.6643310441518979,16.34867606958374,1,127.90186007824919
0.08056852633741658,34.964025451753265,1,169.13033834310735
1.016580093130859,23.671856950041672,1,146.25485592322417
1.118530664931005,23.75155973448855,1,160.02517740030677
0.7460592414027267,25.209625357797933,0,147.27710136148573
0.037031554406521755,23.117992234703273,1,142.17907317491725
1.818315677371356,23.63136389418983,1,171.73642255217743
0.7378203562948578,17.90255726224138,1,139.87773183045368
0.5474710931156618,25.266280773476595,1,130.21008291693977
-0.38493553123576657,12.505746412577903,0,76.25190607089829
0.251090520206045,28.28402274515592,0,140.30627679914969
0.5465489309886803,17.912095858878033,0,99.90523821958692
-0.7473999782841884,24.770220719282054,1,122.51024645251968
0.7995299348469106,22.452930660731912,0,129.87823110834478
-0.10518792113757607,24.85328017406109,1,129.15295029582123
-0.8454092121461303,30.100306886108942,1,124.72085949333425
0.9354739474922781,21.9499577629841,1,138.13101961870112
0.3833668133892598,17.701898684588215,1,114.7964291637553
0.5575131249716676,20.18096121674536,1,137.48165738947435
-1.239546234021909,21.71351831012883,0,91.9153108708992
0.7806518508785517,29.71669975991763,1,146.24423030897506
0.7228327990248734,16.301250715518115,1,125.87810187442705
-1.4406882836806518,22.992587144750626,0,79.38474544222247
-0.2359672379783515,20.188338056280013,0,103.39619975841862
-0.4433640428773081,18.70596960425014,0,88.07519833783262
-1.7319521239821911,13.199298057281892,0,53.64625563167639
1.2510740558146782,23.820220547533598,0,142.28635241435578
1.132339384978787,23.02885437417138,0,142.68936944919696
-0.4147149544196552,28.882166336852425,0,122.88434632667969
0.3947978820004646,21.43670958509776,1,131.29852850971508
0.4001922299592435,25.896933170293874,0,138.4394121542204
1.5598849962056838,17.270516159661433,1,142.6666053497039
-0.09627200635714374,23.67842913285705,0,120.4729077666919
0.10439760827272432,36.290564332150865,0,161.7462985306937
-0.5721689015786432,29.611285920100507,0,132.19397676732598
-1.0826125071836408,24.125134992434916,0,103.70718284287749
0.38925491741683943,29.488256894376896,1,154.23318400171368
1.0162139118075415,30.266008101780614,1,179.52485022644453
-3.219690669886103,20.836072473785404,0,40.382734746904774
0.28861471808475186,17.379842982763662,0,98.69498773532058
-0.5372493133219856,25.756339340927187,0,120.35099442054629
1.2201128187301271,22.276391377178335,1,146.5633322476712
0.5747736069577721,22.115097401037467,1,145.46804312621555
-1.4305268710735644,30.50521359628793,1,112.72996257442264
0.610576051944049,23.609641759806514,0,126.58034423632132
-2.448376794971686,28.456879424064223,0,94.00182736243107
-0.3661639478531017,18.730842295687317,0,101.7277739864461
0.7048135086715478,26.59999193989142,1,157.55362292946091
0.6190134188822024,18.937152599769448,1,133.0669754357088
0.5110053085089956,24.601223773175747,0,147.09852465395912
0.994705106990433,19.258149723073807,1,140.84963978692832
-1.3196809765402835,17.944775995119777,0,90.48017587946988
1.0132125414871618,15.201426108525235,0,107.6486418487222
0.845694002886488,27.35787915619851,1,154.13849963011756
0.19484241924999524,24.9924423942953,0,133.61729986347157
-1.2071549043997862,21.330711306084222,0,78.90873439780188
-0.22099048788163786,33.24970038414425,0,132.96967019299785
0.7043315723235968,17.57085623133843,0,98.87624168480568
1.321588217864631,30.851851711128443,1,180.47195221141158
-0.9961798706013987,20.653713831392317,0,94.16070785328318
-0.2178391133607124,22.888969074940306,0,124.90990220980888
-0.3510336389859304,28.043251237673832,0,137.7733092097891
-0.8449607585699109,27.289263121500063,1,131.23328208708605
-0.5730074348655534,15.895780567957186,1,90.3310807746702
-0.4199407093358039,22.048819382289775,0,107.7211386153315
0.37773154036727047,18.092541468394096,0,119.39354056622844
-0.6632799839776994,22.81104671521441,0,101.50138362816242
-0.5693838887802238,33.09422734809214,1,153.5582012201854
-0.9232973636239731,22.05305399804755,0,91.44864681310412
-0.29445487344745036,30.350032214818356,0,132.82329044532727
-0.6050350002937774,19.46840235476585,0,98.57342449878203
-0.989825670919205,22.811250104884103,0,105.38978455297466
0.8517411546775725,19.247293003527254,1,140.20980611422956
-0.6438682286502027,20.588346767703605,0,95.9338032771504
-0.6062900227036546,23.02295968413822,0,112.45064127378866
-0.7307039819764329,12.104273066126463,0,58.30767179144305
-0.4588574432475941,20.098878712332702,1,88.92569743858877
1.767663917814143,24.364832797093243,1,158.19584627078828
0.03271855478772327,30.52927709289667,1,131.2766899255897
-1.1903925566737719,14.164221404127845,0,72.24647000257735
-1.3917127767323187,21.87046412455692,0,101.1032716024901
-0.3079532228242892,35.172741244645664,1,168.2072658158058
1.0978677008575388,22.49239645727861,0,128.31230149057927
-0.5841596069011111,25.40143448905915,1,120.69763217377795
0.8733055830914007,27.83160128668998,0,148.0826864546021
-0.6933480397112451,28.72244120796827,0,125.44552162354091
-2.9716938252773333,34.429553629914274,0,103.96447937235352
-0.1378170081495701,26.63719975592787,1,131.5669921890097
-1.45295978312301,25.88792505919648,1,98.17332872811963
-0.7074808453181579,27.737548138676612,1,134.3346220001798
0.5931461251703464,22.89486251668779,1,153.37071873216402
-1.1251886578139207,25.206201179195485,0,101.37593380004824
1.3966755989468091,27.59185913369921,1,160.7931463467518
-0.7423745116344521,18.838889175289722,0,100.72458046743435
-1.3992939873619152,18.187881992382795,0,74.44401780021909
-0.5226390863494272,22.96487039074745,1,120.91026916836695
-1.5277906490382858,25.12189567906996,1,109.65793145508259
1.414494133739989,22.961593454540594,1,166.06638165720096
0.4252311192992861,26.65961899754116,1,138.80944394786385
-0.3104198611634077,26.688355027279755,0,112.51002770312836
0.9561888070662502,28.109104165991347,1,157.91987619286144
-0.20422670326641246,24.611601132386884,1,139.77215791564782
-0.7115277483964304,13.971272895951685,0,50.81527343372694
-0.5263927819924634,29.101455827747962,0,131.7718775241896
1.0203237308096405,12.627836994495048,0,104.43625279816322
0.7236508224325893,27.385286630065863,1,148.13568678572722
1.3165253901217837,18.84367858396705,1,151.50947708734404
-1.5047457350389235,26.71748619815988,1,114.07770273924521
0.6502578721850008,19.956664010857317,1,122.37900885533726
0.3617379948233261,27.035493365849106,1,143.05742492011302
0.258428110676861,27.230963654257465,0,148.52508602927827
-1.1152661733921876,24.0317845512327,0,99.2533697510961
1.136018154238972,29.8207028420537,1,158.2506593060851
0.4846181744414451,26.783197358709195,0,138.6719414859495
1.1728756760658787,22.51246971748862,1,148.6728744903554
-1.348555279267448,18.08102021490027,0,76.70707443600456
-0.10982376086443475,16.716330082027024,1,105.68844943839996
1.0775066036061998,35.476481818088175,1,189.81023874322378
1.3397906169449327,23.962709008309428,1,151.61938423767316
-0.17929011752925042,24.09887671905116,1,108.66639782537092
-0.6899828544807145,26.088550542091326,0,128.24095439954095
-1.5149753434033264,20.94858791687333,0,85.13896542373094
-0.8100434558069449,32.51584790940609,0,128.55520887486756
-1.2544957269748787,28.338870544515874,1,104.70541435096567
2.502794531042774,29.053913824481093,1,193.1370037366268
0.6644252062761951,22.06662342566779,1,119.35003632329597
-0.39555208429331246,27.8951665053494,0,131.45143813861722
-0.31851621741735203,19.32453641191109,1,101.73653898899846
-0.3509008909203877,31.94971715706007,0,140.91441778152682
0.17058305478453353,19.150511648527477,1,124.01575563591193
1.2449083537425323,36.461585217867444,0,172.5791121098679
0.15861893712182212,20.95032257610204,0,118.3534213648272
0.5940034816452056,26.25885054608731,1,160.13286147671135
0.3425112582265334,18.48173715615873,0,109.8086950087614
0.8309300171393744,12.552592383402883,1,111.83913567729444
-0.8020111338178334,29.941705591941208,0,105.96387931329821
2.0137481615767343,18.1914241769294,1,147.07982811922963
-1.9920391871987126,16.383602108927985,0,69.90811596763149
1.2288462259966788,20.705721619910676,1,146.927428833436
-0.5117849853861448,15.700019955557224,0,94.52420701198815
1.0099274736192576,18.34236581029518,1,135.92462696273194
0.6519095269902584,24.6298681367916,1,135.2545216377021
0.024930315833970425,35.51174853013424,0,157.60150577852374
1.0546931162099125,25.180671195346232,1,144.74633783573577
-0.8366647587888485,23.342027795762345,0,106.00988958808556
1.210875091561721,42.946909112731035,1,215.40019007419352
-0.7795766635378648,32.45264469330013,1,146.50617749787318
-1.775968808723388,23.02779313012312,0,93.75022337148233
-0.15237310637315718,17.31741363553834,0,108.14845020762024
-0.7883482349570179,25.44683903462328,0,121.15221011310751
-2.7098757195561896,24.041662688024456,1,76.7606439038681
-1.150239648261427,26.50001091384413,0,99.18999572550652
-0.06525977779214223,22.37575675599202,1,132.1374770119973
1.1983142928099209,15.856158080914861,1,129.36990730300184
1.284399923552095,24.834510218498373,1,157.46064835902487
0.6102876321471946,20.28303916490872,0,126.35887736495118
-0.3505915613843774,27.543791320028404,0,135.8515025090859
0.1890454402330241,13.473177035245168,0,90.77136870355876
-2.305647756744993,28.408641246877263,0,88.07074985712622
-0.44322017298421146,27.816662625040657,0,114.73059917258904
-1.0251226873120596,21.103582103092034,1,96.94411643273155
-0.4858699044289615,23.65393330561627,0,116.08400000318568
1.0173090388471704,36.05765208102749,0,185.75899666183534
-1.1502493108499587,20.56943679547459,0,87.73968252548575
0.16484539179603178,16.250016945283335,1,111.96098611688105
0.3950118151866163,29.786592698453546,0,144.97705182807425
0.19051625267132327,22.155148977159506,0,132.2248435870995
-1.049271669424166,21.028028891302707,0,84.50153631873538
-0.5206692532299964,23.060592214347068,1,129.06571384962575
0.5554118996981422,17.251333371972994,1,143.68187032231776
-0.3150760533019061,22.23226411056263,0,98.56624492801707
0.46460316935487245,31.421258552109265,0,160.44498700409963
-0.7536483928669615,29.79519113313374,0,120.41895320908722
2.0207818019074844,30.70923823264376,1,185.03142587260038
0.8437498682990594,13.934951153036968,1,115.85883867641157
-1.164886840820693,23.038825506747756,1,96.66336268244874
0.35329568875377654,25.295747918018773,0,131.92124985910465
-1.8946505858582139,21.400056180767383,0,69.07150476527804
0.17312134422988135,16.222298186733397,1,103.83095082199378
0.011315073969030367,21.02263862875047,0,125.76262107832281
0.5834595796973762,36.4009549925335,0,177.62805683685303
1.804271321377247,24.30726927618968,1,147.30099225148103
1.0116503921307614,25.05385770743012,1,139.05977899161743
-0.7545511605821771,29.407704220234,0,131.31829452113863
1.4569599229028407,18.111591295968008,1,147.75539381608047
-0.7420432684843793,30.321911500810632,1,130.03775389821956
0.8737763534883675,24.961198559205876,1,152.7281867299722
0.15460234165863762,12.630218729665492,0,72.8750493170374
-0.5291067826062362,20.511545847080356,0,103.12187173576494
-0.88582668358597,15.16659638936954,0,79.11584293718639
1.102476580637363,21.85516694148044,0,134.0747748303283
-0.8442142949845739,31.151145246019524,0,126.93971482027027
0.5212032898434829,24.57326660999979,0,140.40105367430925
0.9286317914996473,24.255358631052435,1,157.0794168749085
-0.6996531131012045,29.347144780781385,0,126.47319580987565
-0.5843782586171975,13.544065043569109,0,87.00269518666431
0.9525482679018957,20.05001998300914,1,134.40192418302126
0.36796006967979716,31.893572639354204,1,154.49763657883787
0.7124558225818477,25.209258106397208,1,150.5889734555387
-2.0482848864602943,28.858185621163233,0,102.91728785617234
0.0029408290013004123,10.922598195428833,0,86.50520070121637
0.14854630511122943,27.583519715639408,1,139.3758850473596
-0.3105298985973931,30.510151316878833,0,146.05031971413484
0.7697919494082585,22.119257698065276,0,125.36413194047324
-0.18223987160778995,20.67644433082208,1,117.77739265022173
1.0360749613045501,18.268180405068133,1,125.78165752191141
-1.1189963649722208,36.933914073958235,0,134.71665087841762
0.2427582663906685,23.93393298996071,0,127.57003078983456
3.089890957098518,28.388535291078004,1,211.53947989334614
0.20775860065601623,18.44792210961137,0,102.03150313710479
-0.17049939332410824,22.664445843899756,0,119.40158296422871
-1.8562126392573872,24.11296020575236,0,80.91742594311808
-1.698693851350638,21.341741019029115,0,85.33614341001895
-0.1196230754469532,14.71482068619015,1,108.5456164809516
0.2928965555398689,25.141856180946625,1,135.6083313853582
-1.9083940236602739,40.34124369734616,0,120.17043681465455
0.7452654258077386,17.80219147123527,1,130.47469041556826
-0.504825277522277,21.66767329961847,0,118.36070331502629
0.4048090359372757,34.24519090362693,0,158.61566974843106
1.5139741375228588,31.627639335568546,1,183.64010363760207
0.19339617282205995,20.755215502715554,1,118.5227218727545
1.1029416759398283,16.995135114545423,1,118.78460743167642
0.7417107855564137,26.093162169845442,0,145.60668072259418
-1.4028463155675184,15.258480504144465,0,61.24756265414375
-0.2924568113754282,20.03670536475129,0,96.2640606424395
2.0168522741534227,26.177124047947842,1,172.41408060717828
-0.8149327244738902,28.49354238127451,0,122.56342772577776
0.059914925701794026,13.245691992403776,1,105.50345927428938
-1.3530676040018712,30.50486280523947,1,128.27850889714057
-1.2073057035793988,24.698989901948497,0,104.52937529143587
-0.893259341362962,12.03311933357083,1,72.78155318290784
-0.8855925525674168,10.60402049389025,0,56.25510668657468
-1.0052165609137085,19.14507112399361,0,72.59193966987903
0.7045200053836935,31.077018319457938,0,156.24619450566954
-0.18368664966937637,19.33448320209299,1,119.63664028743923
1.1483326395325097,25.441136171052456,1,158.76283426519691
1.4211162685978374,18.87633110939346,0,136.64095785174513
0.12781077264734,25.797259596315318,0,119.92049001478064
-0.3240081705730871,23.333978204742028,0,124.63998758789567
-0.2472494568626138,24.947258969857796,0,121.38694602994019
-0.9960495416420382,26.25241750683712,0,105.96056450780479
-0.30277241913551944,15.071325891370703,1,79.86657087063617
-0.15340820022990537,19.87369806125327,0,101.72603408375905
-0.053208542831557314,23.06652900684126,0,123.17378766350905
0.25172483342567764,26.905068572351972,1,155.4177127356043
-1.0091711789249713,28.879764218307578,0,97.33949224399109
1.5286572393954863,25.62176806237835,1,162.27537315040954
0.48981987842357616,23.888893322934333,1,140.42709639952466
0.06183623951893579,27.514239088738414,0,140.21331984239572
0.7190094408774383,17.699401981379555,1,122.50026783086687
0.7577301450292485,30.20735009292877,1,156.9682695574753
0.7052083253300584,30.211950582906415,0,148.02372345235165
1.911486106061964,23.259180225067592,1,169.85799210803552
-0.34535518216953676,18.99694502674923,1,114.704443173725
0.5362434146653597,22.817904004840074,0,136.71191689555621
0.840414837992853,26.820533305071564,0,151.44143162228477
-0.4250034805376773,20.627116381751108,1,118.35116001344419
1.1846405588582447,18.901687347646003,0,134.0153261340218
1.5007367351398218,37.89945884772721,0,203.9680368671522
0.10516689784117048,28.161348472507953,0,134.57966943806943
0.8272739523043523,25.84132440325477,1,142.29222873924616
