date,store,item,sales
2013-01-01,1,1,13
2013-01-02,1,1,11
2013-01-03,1,1,14
2013-01-04,1,1,13
2013-01-05,1,1,10
2013-01-06,1,1,12
2013-01-07,1,1,10
2013-01-08,1,1,9
2013-01-09,1,1,12
2013-01-10,1,1,9
2013-01-11,1,1,9
2013-01-12,1,1,7
2013-01-13,1,1,10
2013-01-14,1,1,12
2013-01-15,1,1,5
2013-01-16,1,1,7
2013-01-17,1,1,16
2013-01-18,1,1,7
2013-01-19,1,1,18
2013-01-20,1,1,15
2013-01-21,1,1,8
2013-01-22,1,1,7
2013-01-23,1,1,9
2013-01-24,1,1,8
2013-01-25,1,1,14
2013-01-26,1,1,12
2013-01-27,1,1,12
2013-01-28,1,1,11
2013-01-29,1,1,6
2013-01-30,1,1,9
2013-01-31,1,1,13
2013-02-01,1,1,11
2013-02-02,1,1,21
2013-02-03,1,1,15
2013-02-04,1,1,14
2013-02-05,1,1,9
2013-02-06,1,1,10
2013-02-07,1,1,13
2013-02-08,1,1,11
2013-02-09,1,1,14
2013-02-10,1,1,11
2013-02-11,1,1,16
2013-02-12,1,1,11
2013-02-13,1,1,14
2013-02-14,1,1,10
2013-02-15,1,1,11
2013-02-16,1,1,7
2013-02-17,1,1,11
2013-02-18,1,1,10
2013-02-19,1,1,10
2013-02-20,1,1,7
2013-02-21,1,1,13
2013-02-22,1,1,12
2013-02-23,1,1,15
2013-02-24,1,1,11
2013-02-25,1,1,7
2013-02-26,1,1,9
2013-02-27,1,1,9
2013-02-28,1,1,10
2013-03-01,1,1,15
2013-03-02,1,1,13
2013-03-03,1,1,20
2013-03-04,1,1,14
2013-03-05,1,1,13
2013-03-06,1,1,17
2013-03-07,1,1,11
2013-03-08,1,1,15
2013-03-09,1,1,16
2013-03-10,1,1,11
2013-03-11,1,1,18
2013-03-12,1,1,14
2013-03-13,1,1,13
2013-03-14,1,1,10
2013-03-15,1,1,14
2013-03-16,1,1,10
2013-03-17,1,1,22
2013-03-18,1,1,11
2013-03-19,1,1,19
2013-03-20,1,1,14
2013-03-21,1,1,17
2013-03-22,1,1,21
2013-03-23,1,1,21
2013-03-24,1,1,19
2013-03-25,1,1,13
2013-03-26,1,1,16
2013-03-27,1,1,11
2013-03-28,1,1,13
2013-03-29,1,1,17
2013-03-30,1,1,19
2013-03-31,1,1,20
2013-04-01,1,1,11
2013-04-02,1,1,19
2013-04-03,1,1,24
2013-04-04,1,1,18
2013-04-05,1,1,19
2013-04-06,1,1,23
2013-04-07,1,1,17
2013-04-08,1,1,19
2013-04-09,1,1,13
2013-04-10,1,1,19
2013-04-11,1,1,16
2013-04-12,1,1,18
2013-04-13,1,1,17
2013-04-14,1,1,26
2013-04-15,1,1,14
2013-04-16,1,1,9
2013-04-17,1,1,17
2013-04-18,1,1,21
2013-04-19,1,1,22
2013-04-20,1,1,22
2013-04-21,1,1,20
2013-04-22,1,1,13
2013-04-23,1,1,11
2013-04-24,1,1,13
2013-04-25,1,1,14
2013-04-26,1,1,20
2013-04-27,1,1,22
2013-04-28,1,1,19
2013-04-29,1,1,11
2013-04-30,1,1,15
2013-05-01,1,1,16
2013-05-02,1,1,23
2013-05-03,1,1,22
2013-05-04,1,1,20
2013-05-05,1,1,14
2013-05-06,1,1,14
2013-05-07,1,1,15
2013-05-08,1,1,14
2013-05-09,1,1,11
2013-05-10,1,1,16
2013-05-11,1,1,19
2013-05-12,1,1,13
2013-05-13,1,1,9
2013-05-14,1,1,13
2013-05-15,1,1,16
2013-05-16,1,1,15
2013-05-17,1,1,16
2013-05-18,1,1,20
2013-05-19,1,1,19
2013-05-20,1,1,14
2013-05-21,1,1,24
2013-05-22,1,1,23
2013-05-23,1,1,14
2013-05-24,1,1,24
2013-05-25,1,1,25
2013-05-26,1,1,27
2013-05-27,1,1,7
2013-05-28,1,1,12
2013-05-29,1,1,10
2013-05-30,1,1,19
2013-05-31,1,1,27
2013-06-01,1,1,26
2013-06-02,1,1,22
2013-06-03,1,1,12
2013-06-04,1,1,15
2013-06-05,1,1,24
2013-06-06,1,1,9
2013-06-07,1,1,21
2013-06-08,1,1,20
2013-06-09,1,1,38
2013-06-10,1,1,20
2013-06-11,1,1,18
2013-06-12,1,1,22
2013-06-13,1,1,21
2013-06-14,1,1,22
2013-06-15,1,1,26
2013-06-16,1,1,23
2013-06-17,1,1,13
2013-06-18,1,1,21
2013-06-19,1,1,18
2013-06-20,1,1,24
2013-06-21,1,1,19
2013-06-22,1,1,23
2013-06-23,1,1,24
2013-06-24,1,1,17
2013-06-25,1,1,21
2013-06-26,1,1,21
2013-06-27,1,1,26
2013-06-28,1,1,17
2013-06-29,1,1,20
2013-06-30,1,1,24
2013-07-01,1,1,23
2013-07-02,1,1,17
2013-07-03,1,1,12
2013-07-04,1,1,24
2013-07-05,1,1,17
2013-07-06,1,1,16
2013-07-07,1,1,34
2013-07-08,1,1,20
2013-07-09,1,1,23
2013-07-10,1,1,14
2013-07-11,1,1,25
2013-07-12,1,1,29
2013-07-13,1,1,22
2013-07-14,1,1,29
2013-07-15,1,1,18
2013-07-16,1,1,12
2013-07-17,1,1,16
2013-07-18,1,1,21
2013-07-19,1,1,25
2013-07-20,1,1,25
2013-07-21,1,1,26
2013-07-22,1,1,18
2013-07-23,1,1,17
2013-07-24,1,1,21
2013-07-25,1,1,21
2013-07-26,1,1,31
2013-07-27,1,1,19
2013-07-28,1,1,25
2013-07-29,1,1,8
2013-07-30,1,1,26
2013-07-31,1,1,27
2013-08-01,1,1,21
2013-08-02,1,1,19
2013-08-03,1,1,24
2013-08-04,1,1,26
2013-08-05,1,1,17
2013-08-06,1,1,10
2013-08-07,1,1,25
2013-08-08,1,1,20
2013-08-09,1,1,19
2013-08-10,1,1,22
2013-08-11,1,1,25
2013-08-12,1,1,10
2013-08-13,1,1,11
2013-08-14,1,1,19
2013-08-15,1,1,22
2013-08-16,1,1,15
2013-08-17,1,1,29
2013-08-18,1,1,27
2013-08-19,1,1,11
2013-08-20,1,1,15
2013-08-21,1,1,20
2013-08-22,1,1,20
2013-08-23,1,1,19
2013-08-24,1,1,19
2013-08-25,1,1,23
2013-08-26,1,1,11
2013-08-27,1,1,16
2013-08-28,1,1,20
2013-08-29,1,1,14
2013-08-30,1,1,20
2013-08-31,1,1,25
2013-09-01,1,1,25
2013-09-02,1,1,10
2013-09-03,1,1,16
2013-09-04,1,1,10
2013-09-05,1,1,16
2013-09-06,1,1,20
2013-09-07,1,1,20
2013-09-08,1,1,19
2013-09-09,1,1,15
2013-09-10,1,1,17
2013-09-11,1,1,26
2013-09-12,1,1,14
2013-09-13,1,1,16
2013-09-14,1,1,27
2013-09-15,1,1,14
2013-09-16,1,1,16
2013-09-17,1,1,20
2013-09-18,1,1,18
2013-09-19,1,1,16
2013-09-20,1,1,11
2013-09-21,1,1,13
2013-09-22,1,1,16
2013-09-23,1,1,18
2013-09-24,1,1,14
2013-09-25,1,1,17
2013-09-26,1,1,20
2013-09-27,1,1,22
2013-09-28,1,1,13
2013-09-29,1,1,20
2013-09-30,1,1,20
2013-10-01,1,1,12
2013-10-02,1,1,11
2013-10-03,1,1,14
2013-10-04,1,1,14
2013-10-05,1,1,14
2013-10-06,1,1,20
2013-10-07,1,1,13
2013-10-08,1,1,13
2013-10-09,1,1,14
2013-10-10,1,1,20
2013-10-11,1,1,17
2013-10-12,1,1,17
2013-10-13,1,1,20
2013-10-14,1,1,15
2013-10-15,1,1,15
2013-10-16,1,1,15
2013-10-17,1,1,10
2013-10-18,1,1,10
2013-10-19,1,1,18
2013-10-20,1,1,25
2013-10-21,1,1,13
2013-10-22,1,1,11
2013-10-23,1,1,16
2013-10-24,1,1,17
2013-10-25,1,1,18
2013-10-26,1,1,19
2013-10-27,1,1,14
2013-10-28,1,1,11
2013-10-29,1,1,17
2013-10-30,1,1,20
2013-10-31,1,1,21
2013-11-01,1,1,20
2013-11-02,1,1,24
2013-11-03,1,1,19
2013-11-04,1,1,12
2013-11-05,1,1,20
2013-11-06,1,1,16
2013-11-07,1,1,17
2013-11-08,1,1,22
2013-11-09,1,1,18
2013-11-10,1,1,23
2013-11-11,1,1,16
2013-11-12,1,1,20
2013-11-13,1,1,20
2013-11-14,1,1,9
2013-11-15,1,1,18
2013-11-16,1,1,13
2013-11-17,1,1,17
2013-11-18,1,1,17
2013-11-19,1,1,18
2013-11-20,1,1,17
2013-11-21,1,1,16
2013-11-22,1,1,17
2013-11-23,1,1,31
2013-11-24,1,1,20
2013-11-25,1,1,16
2013-11-26,1,1,25
2013-11-27,1,1,25
2013-11-28,1,1,17
2013-11-29,1,1,19
2013-11-30,1,1,30
2013-12-01,1,1,16
2013-12-02,1,1,8
2013-12-03,1,1,21
2013-12-04,1,1,6
2013-12-05,1,1,13
2013-12-06,1,1,15
2013-12-07,1,1,17
2013-12-08,1,1,17
2013-12-09,1,1,8
2013-12-10,1,1,14
2013-12-11,1,1,7
2013-12-12,1,1,5
2013-12-13,1,1,13
2013-12-14,1,1,16
2013-12-15,1,1,15
2013-12-16,1,1,15
2013-12-17,1,1,8
2013-12-18,1,1,18
2013-12-19,1,1,7
2013-12-20,1,1,13
2013-12-21,1,1,11
2013-12-22,1,1,9
2013-12-23,1,1,8
2013-12-24,1,1,17
2013-12-25,1,1,6
2013-12-26,1,1,16
2013-12-27,1,1,18
2013-12-28,1,1,17
2013-12-29,1,1,14
2013-12-30,1,1,5
2013-12-31,1,1,15
2014-01-01,1,1,9
2014-01-02,1,1,14
2014-01-03,1,1,11
2014-01-04,1,1,20
2014-01-05,1,1,17
2014-01-06,1,1,14
2014-01-07,1,1,11
2014-01-08,1,1,12
2014-01-09,1,1,17
2014-01-10,1,1,12
2014-01-11,1,1,17
2014-01-12,1,1,12
2014-01-13,1,1,12
2014-01-14,1,1,17
2014-01-15,1,1,17
2014-01-16,1,1,15
2014-01-17,1,1,18
2014-01-18,1,1,15
2014-01-19,1,1,12
2014-01-20,1,1,6
2014-01-21,1,1,7
2014-01-22,1,1,21
2014-01-23,1,1,18
2014-01-24,1,1,18
2014-01-25,1,1,21
2014-01-26,1,1,16
2014-01-27,1,1,8
2014-01-28,1,1,6
2014-01-29,1,1,13
2014-01-30,1,1,11
2014-01-31,1,1,18
2014-02-01,1,1,13
2014-02-02,1,1,16
2014-02-03,1,1,10
2014-02-04,1,1,9
2014-02-05,1,1,21
2014-02-06,1,1,17
2014-02-07,1,1,15
2014-02-08,1,1,15
2014-02-09,1,1,18
2014-02-10,1,1,10
2014-02-11,1,1,10
2014-02-12,1,1,9
2014-02-13,1,1,22
2014-02-14,1,1,20
2014-02-15,1,1,20
2014-02-16,1,1,13
2014-02-17,1,1,11
2014-02-18,1,1,11
2014-02-19,1,1,16
2014-02-20,1,1,19
2014-02-21,1,1,16
2014-02-22,1,1,17
2014-02-23,1,1,13
2014-02-24,1,1,7
2014-02-25,1,1,14
2014-02-26,1,1,17
2014-02-27,1,1,10
2014-02-28,1,1,16
2014-03-01,1,1,20
2014-03-02,1,1,15
2014-03-03,1,1,12
2014-03-04,1,1,11
2014-03-05,1,1,18
2014-03-06,1,1,19
2014-03-07,1,1,21
2014-03-08,1,1,14
2014-03-09,1,1,21
2014-03-10,1,1,13
2014-03-11,1,1,14
2014-03-12,1,1,24
2014-03-13,1,1,17
2014-03-14,1,1,16
2014-03-15,1,1,22
2014-03-16,1,1,31
2014-03-17,1,1,19
2014-03-18,1,1,17
2014-03-19,1,1,24
2014-03-20,1,1,21
2014-03-21,1,1,18
2014-03-22,1,1,20
2014-03-23,1,1,25
2014-03-24,1,1,4
2014-03-25,1,1,15
2014-03-26,1,1,17
2014-03-27,1,1,17
2014-03-28,1,1,16
2014-03-29,1,1,18
2014-03-30,1,1,15
2014-03-31,1,1,15
2014-04-01,1,1,19
2014-04-02,1,1,11
2014-04-03,1,1,16
2014-04-04,1,1,17
2014-04-05,1,1,21
2014-04-06,1,1,26
2014-04-07,1,1,19
2014-04-08,1,1,19
2014-04-09,1,1,20
2014-04-10,1,1,18
2014-04-11,1,1,23
2014-04-12,1,1,19
2014-04-13,1,1,22
2014-04-14,1,1,20
2014-04-15,1,1,22
2014-04-16,1,1,20
2014-04-17,1,1,18
2014-04-18,1,1,20
2014-04-19,1,1,22
2014-04-20,1,1,22
2014-04-21,1,1,17
2014-04-22,1,1,12
2014-04-23,1,1,16
2014-04-24,1,1,25
2014-04-25,1,1,22
2014-04-26,1,1,21
2014-04-27,1,1,20
2014-04-28,1,1,15
2014-04-29,1,1,18
2014-04-30,1,1,13
2014-05-01,1,1,22
2014-05-02,1,1,19
2014-05-03,1,1,22
2014-05-04,1,1,23
2014-05-05,1,1,21
2014-05-06,1,1,19
2014-05-07,1,1,21
2014-05-08,1,1,15
2014-05-09,1,1,18
2014-05-10,1,1,16
2014-05-11,1,1,27
2014-05-12,1,1,16
2014-05-13,1,1,22
2014-05-14,1,1,21
2014-05-15,1,1,22
2014-05-16,1,1,23
2014-05-17,1,1,18
2014-05-18,1,1,36
2014-05-19,1,1,12
2014-05-20,1,1,23
2014-05-21,1,1,16
2014-05-22,1,1,25
2014-05-23,1,1,28
2014-05-24,1,1,25
2014-05-25,1,1,20
2014-05-26,1,1,15
2014-05-27,1,1,13
2014-05-28,1,1,13
2014-05-29,1,1,20
2014-05-30,1,1,29
2014-05-31,1,1,31
2014-06-01,1,1,24
2014-06-02,1,1,16
2014-06-03,1,1,23
2014-06-04,1,1,20
2014-06-05,1,1,24
2014-06-06,1,1,23
2014-06-07,1,1,27
2014-06-08,1,1,29
2014-06-09,1,1,18
2014-06-10,1,1,14
2014-06-11,1,1,22
2014-06-12,1,1,22
2014-06-13,1,1,25
2014-06-14,1,1,29
2014-06-15,1,1,33
2014-06-16,1,1,25
2014-06-17,1,1,32
2014-06-18,1,1,20
2014-06-19,1,1,22
2014-06-20,1,1,19
2014-06-21,1,1,26
2014-06-22,1,1,37
2014-06-23,1,1,19
2014-06-24,1,1,24
2014-06-25,1,1,21
2014-06-26,1,1,18
2014-06-27,1,1,29
2014-06-28,1,1,34
2014-06-29,1,1,19
2014-06-30,1,1,16
2014-07-01,1,1,16
2014-07-02,1,1,24
2014-07-03,1,1,25
2014-07-04,1,1,28
2014-07-05,1,1,25
2014-07-06,1,1,34
2014-07-07,1,1,16
2014-07-08,1,1,25
2014-07-09,1,1,27
2014-07-10,1,1,23
2014-07-11,1,1,25
2014-07-12,1,1,22
2014-07-13,1,1,24
2014-07-14,1,1,21
2014-07-15,1,1,24
2014-07-16,1,1,17
2014-07-17,1,1,26
2014-07-18,1,1,25
2014-07-19,1,1,31
2014-07-20,1,1,26
2014-07-21,1,1,21
2014-07-22,1,1,30
2014-07-23,1,1,19
2014-07-24,1,1,26
2014-07-25,1,1,24
2014-07-26,1,1,29
2014-07-27,1,1,35
2014-07-28,1,1,11
2014-07-29,1,1,19
2014-07-30,1,1,25
2014-07-31,1,1,23
2014-08-01,1,1,12
2014-08-02,1,1,23
2014-08-03,1,1,27
2014-08-04,1,1,20
2014-08-05,1,1,19
2014-08-06,1,1,25
2014-08-07,1,1,21
2014-08-08,1,1,27
2014-08-09,1,1,27
2014-08-10,1,1,22
2014-08-11,1,1,22
2014-08-12,1,1,20
2014-08-13,1,1,11
2014-08-14,1,1,17
2014-08-15,1,1,21
2014-08-16,1,1,20
2014-08-17,1,1,31
2014-08-18,1,1,25
2014-08-19,1,1,15
2014-08-20,1,1,21
2014-08-21,1,1,20
2014-08-22,1,1,21
2014-08-23,1,1,26
2014-08-24,1,1,26
2014-08-25,1,1,12
2014-08-26,1,1,25
2014-08-27,1,1,21
2014-08-28,1,1,19
2014-08-29,1,1,17
2014-08-30,1,1,30
2014-08-31,1,1,28
2014-09-01,1,1,16
2014-09-02,1,1,15
2014-09-03,1,1,22
2014-09-04,1,1,26
2014-09-05,1,1,27
2014-09-06,1,1,21
2014-09-07,1,1,25
2014-09-08,1,1,12
2014-09-09,1,1,22
2014-09-10,1,1,16
2014-09-11,1,1,15
2014-09-12,1,1,25
2014-09-13,1,1,17
2014-09-14,1,1,26
2014-09-15,1,1,12
2014-09-16,1,1,15
2014-09-17,1,1,17
2014-09-18,1,1,18
2014-09-19,1,1,21
2014-09-20,1,1,21
2014-09-21,1,1,20
2014-09-22,1,1,15
2014-09-23,1,1,20
2014-09-24,1,1,14
2014-09-25,1,1,17
2014-09-26,1,1,23
2014-09-27,1,1,13
2014-09-28,1,1,22
2014-09-29,1,1,18
2014-09-30,1,1,15
2014-10-01,1,1,12
2014-10-02,1,1,15
2014-10-03,1,1,24
2014-10-04,1,1,27
2014-10-05,1,1,33
2014-10-06,1,1,9
2014-10-07,1,1,10
2014-10-08,1,1,25
2014-10-09,1,1,18
2014-10-10,1,1,19
2014-10-11,1,1,28
2014-10-12,1,1,29
2014-10-13,1,1,6
2014-10-14,1,1,20
2014-10-15,1,1,21
2014-10-16,1,1,17
2014-10-17,1,1,18
2014-10-18,1,1,22
2014-10-19,1,1,13
2014-10-20,1,1,8
2014-10-21,1,1,19
2014-10-22,1,1,14
2014-10-23,1,1,18
2014-10-24,1,1,17
2014-10-25,1,1,21
2014-10-26,1,1,22
2014-10-27,1,1,15
2014-10-28,1,1,12
2014-10-29,1,1,11
2014-10-30,1,1,12
2014-10-31,1,1,20
2014-11-01,1,1,17
2014-11-02,1,1,33
2014-11-03,1,1,16
2014-11-04,1,1,16
2014-11-05,1,1,15
2014-11-06,1,1,22
2014-11-07,1,1,22
2014-11-08,1,1,12
2014-11-09,1,1,28
2014-11-10,1,1,16
2014-11-11,1,1,12
2014-11-12,1,1,18
2014-11-13,1,1,18
2014-11-14,1,1,25
2014-11-15,1,1,24
2014-11-16,1,1,18
2014-11-17,1,1,17
2014-11-18,1,1,18
2014-11-19,1,1,19
2014-11-20,1,1,17
2014-11-21,1,1,28
2014-11-22,1,1,20
2014-11-23,1,1,29
2014-11-24,1,1,18
2014-11-25,1,1,19
2014-11-26,1,1,23
2014-11-27,1,1,23
2014-11-28,1,1,24
2014-11-29,1,1,28
2014-11-30,1,1,24
2014-12-01,1,1,10
2014-12-02,1,1,17
2014-12-03,1,1,9
2014-12-04,1,1,10
2014-12-05,1,1,14
2014-12-06,1,1,16
2014-12-07,1,1,11
2014-12-08,1,1,13
2014-12-09,1,1,13
2014-12-10,1,1,14
2014-12-11,1,1,12
2014-12-12,1,1,10
2014-12-13,1,1,16
2014-12-14,1,1,13
2014-12-15,1,1,14
2014-12-16,1,1,11
2014-12-17,1,1,15
2014-12-18,1,1,10
2014-12-19,1,1,11
2014-12-20,1,1,19
2014-12-21,1,1,18
2014-12-22,1,1,8
2014-12-23,1,1,13
2014-12-24,1,1,16
2014-12-25,1,1,20
2014-12-26,1,1,12
2014-12-27,1,1,15
2014-12-28,1,1,17
2014-12-29,1,1,9
2014-12-30,1,1,11
2014-12-31,1,1,12
2015-01-01,1,1,11
2015-01-02,1,1,19
2015-01-03,1,1,16
2015-01-04,1,1,14
2015-01-05,1,1,14
2015-01-06,1,1,9
2015-01-07,1,1,13
2015-01-08,1,1,18
2015-01-09,1,1,18
2015-01-10,1,1,17
2015-01-11,1,1,19
2015-01-12,1,1,9
2015-01-13,1,1,9
2015-01-14,1,1,15
2015-01-15,1,1,10
2015-01-16,1,1,15
2015-01-17,1,1,16
2015-01-18,1,1,15
2015-01-19,1,1,12
2015-01-20,1,1,12
2015-01-21,1,1,10
2015-01-22,1,1,8
2015-01-23,1,1,14
2015-01-24,1,1,20
2015-01-25,1,1,19
2015-01-26,1,1,12
2015-01-27,1,1,13
2015-01-28,1,1,13
2015-01-29,1,1,7
2015-01-30,1,1,12
2015-01-31,1,1,19
2015-02-01,1,1,17
2015-02-02,1,1,6
2015-02-03,1,1,10
2015-02-04,1,1,8
2015-02-05,1,1,18
2015-02-06,1,1,13
2015-02-07,1,1,13
2015-02-08,1,1,18
2015-02-09,1,1,12
2015-02-10,1,1,15
2015-02-11,1,1,19
2015-02-12,1,1,15
2015-02-13,1,1,13
2015-02-14,1,1,11
2015-02-15,1,1,18
2015-02-16,1,1,14
2015-02-17,1,1,16
2015-02-18,1,1,16
2015-02-19,1,1,11
2015-02-20,1,1,10
2015-02-21,1,1,19
2015-02-22,1,1,24
2015-02-23,1,1,9
2015-02-24,1,1,8
2015-02-25,1,1,13
2015-02-26,1,1,18
2015-02-27,1,1,17
2015-02-28,1,1,18
2015-03-01,1,1,18
2015-03-02,1,1,17
2015-03-03,1,1,14
2015-03-04,1,1,19
2015-03-05,1,1,10
2015-03-06,1,1,17
2015-03-07,1,1,16
2015-03-08,1,1,13
2015-03-09,1,1,13
2015-03-10,1,1,23
2015-03-11,1,1,21
2015-03-12,1,1,24
2015-03-13,1,1,25
2015-03-14,1,1,15
2015-03-15,1,1,20
2015-03-16,1,1,13
2015-03-17,1,1,15
2015-03-18,1,1,16
2015-03-19,1,1,17
2015-03-20,1,1,31
2015-03-21,1,1,25
2015-03-22,1,1,23
2015-03-23,1,1,16
2015-03-24,1,1,18
2015-03-25,1,1,13
2015-03-26,1,1,10
2015-03-27,1,1,16
2015-03-28,1,1,12
2015-03-29,1,1,25
2015-03-30,1,1,19
2015-03-31,1,1,18
2015-04-01,1,1,24
2015-04-02,1,1,20
2015-04-03,1,1,27
2015-04-04,1,1,26
2015-04-05,1,1,20
2015-04-06,1,1,20
2015-04-07,1,1,19
2015-04-08,1,1,17
2015-04-09,1,1,20
2015-04-10,1,1,24
2015-04-11,1,1,17
2015-04-12,1,1,21
2015-04-13,1,1,14
2015-04-14,1,1,26
2015-04-15,1,1,26
2015-04-16,1,1,20
2015-04-17,1,1,22
2015-04-18,1,1,23
2015-04-19,1,1,24
2015-04-20,1,1,17
2015-04-21,1,1,25
2015-04-22,1,1,19
2015-04-23,1,1,17
2015-04-24,1,1,11
2015-04-25,1,1,29
2015-04-26,1,1,30
2015-04-27,1,1,22
2015-04-28,1,1,27
2015-04-29,1,1,18
2015-04-30,1,1,27
2015-05-01,1,1,20
2015-05-02,1,1,22
2015-05-03,1,1,33
2015-05-04,1,1,14
2015-05-05,1,1,25
2015-05-06,1,1,13
2015-05-07,1,1,23
2015-05-08,1,1,22
2015-05-09,1,1,29
2015-05-10,1,1,29
2015-05-11,1,1,24
2015-05-12,1,1,21
2015-05-13,1,1,14
2015-05-14,1,1,17
2015-05-15,1,1,27
2015-05-16,1,1,31
2015-05-17,1,1,27
2015-05-18,1,1,11
2015-05-19,1,1,28
2015-05-20,1,1,17
2015-05-21,1,1,27
2015-05-22,1,1,22
2015-05-23,1,1,24
2015-05-24,1,1,27
2015-05-25,1,1,19
2015-05-26,1,1,19
2015-05-27,1,1,22
2015-05-28,1,1,23
2015-05-29,1,1,18
2015-05-30,1,1,36
2015-05-31,1,1,27
2015-06-01,1,1,23
2015-06-02,1,1,15
2015-06-03,1,1,23
2015-06-04,1,1,25
2015-06-05,1,1,18
2015-06-06,1,1,43
2015-06-07,1,1,22
2015-06-08,1,1,18
2015-06-09,1,1,19
2015-06-10,1,1,22
2015-06-11,1,1,29
2015-06-12,1,1,23
2015-06-13,1,1,28
2015-06-14,1,1,30
2015-06-15,1,1,19
2015-06-16,1,1,17
2015-06-17,1,1,28
2015-06-18,1,1,29
2015-06-19,1,1,20
2015-06-20,1,1,30
2015-06-21,1,1,34
2015-06-22,1,1,14
2015-06-23,1,1,27
2015-06-24,1,1,26
2015-06-25,1,1,21
2015-06-26,1,1,30
2015-06-27,1,1,31
2015-06-28,1,1,35
2015-06-29,1,1,26
2015-06-30,1,1,23
2015-07-01,1,1,21
2015-07-02,1,1,26
2015-07-03,1,1,30
2015-07-04,1,1,40
2015-07-05,1,1,30
2015-07-06,1,1,20
2015-07-07,1,1,24
2015-07-08,1,1,21
2015-07-09,1,1,33
2015-07-10,1,1,26
2015-07-11,1,1,30
2015-07-12,1,1,19
2015-07-13,1,1,22
2015-07-14,1,1,19
2015-07-15,1,1,20
2015-07-16,1,1,41
2015-07-17,1,1,31
2015-07-18,1,1,38
2015-07-19,1,1,38
2015-07-20,1,1,22
2015-07-21,1,1,29
2015-07-22,1,1,27
2015-07-23,1,1,17
2015-07-24,1,1,29
2015-07-25,1,1,34
2015-07-26,1,1,38
2015-07-27,1,1,13
2015-07-28,1,1,27
2015-07-29,1,1,26
2015-07-30,1,1,22
2015-07-31,1,1,29
2015-08-01,1,1,28
2015-08-02,1,1,19
2015-08-03,1,1,20
2015-08-04,1,1,26
2015-08-05,1,1,20
2015-08-06,1,1,25
2015-08-07,1,1,22
2015-08-08,1,1,19
2015-08-09,1,1,33
2015-08-10,1,1,14
2015-08-11,1,1,16
2015-08-12,1,1,24
2015-08-13,1,1,25
2015-08-14,1,1,23
2015-08-15,1,1,26
2015-08-16,1,1,27
2015-08-17,1,1,14
2015-08-18,1,1,18
2015-08-19,1,1,24
2015-08-20,1,1,17
2015-08-21,1,1,29
2015-08-22,1,1,22
2015-08-23,1,1,19
2015-08-24,1,1,19
2015-08-25,1,1,22
2015-08-26,1,1,26
2015-08-27,1,1,23
2015-08-28,1,1,25
2015-08-29,1,1,36
2015-08-30,1,1,25
2015-08-31,1,1,20
2015-09-01,1,1,27
2015-09-02,1,1,22
2015-09-03,1,1,16
2015-09-04,1,1,16
2015-09-05,1,1,34
2015-09-06,1,1,25
2015-09-07,1,1,17
2015-09-08,1,1,25
2015-09-09,1,1,13
2015-09-10,1,1,25
2015-09-11,1,1,28
2015-09-12,1,1,24
2015-09-13,1,1,28
2015-09-14,1,1,22
2015-09-15,1,1,21
2015-09-16,1,1,23
2015-09-17,1,1,19
2015-09-18,1,1,16
2015-09-19,1,1,40
2015-09-20,1,1,28
2015-09-21,1,1,18
2015-09-22,1,1,20
2015-09-23,1,1,22
2015-09-24,1,1,28
2015-09-25,1,1,20
2015-09-26,1,1,20
2015-09-27,1,1,32
2015-09-28,1,1,15
2015-09-29,1,1,19
2015-09-30,1,1,15
2015-10-01,1,1,25
2015-10-02,1,1,12
2015-10-03,1,1,20
2015-10-04,1,1,22
2015-10-05,1,1,13
2015-10-06,1,1,14
2015-10-07,1,1,19
2015-10-08,1,1,21
2015-10-09,1,1,27
2015-10-10,1,1,22
2015-10-11,1,1,25
2015-10-12,1,1,12
2015-10-13,1,1,24
2015-10-14,1,1,26
2015-10-15,1,1,19
2015-10-16,1,1,23
2015-10-17,1,1,22
2015-10-18,1,1,25
2015-10-19,1,1,19
2015-10-20,1,1,21
2015-10-21,1,1,24
2015-10-22,1,1,17
2015-10-23,1,1,28
2015-10-24,1,1,24
2015-10-25,1,1,33
2015-10-26,1,1,18
2015-10-27,1,1,18
2015-10-28,1,1,8
2015-10-29,1,1,17
2015-10-30,1,1,19
2015-10-31,1,1,30
2015-11-01,1,1,26
2015-11-02,1,1,16
2015-11-03,1,1,25
2015-11-04,1,1,26
2015-11-05,1,1,21
2015-11-06,1,1,24
2015-11-07,1,1,25
2015-11-08,1,1,25
2015-11-09,1,1,16
2015-11-10,1,1,15
2015-11-11,1,1,24
2015-11-12,1,1,19
2015-11-13,1,1,21
2015-11-14,1,1,37
2015-11-15,1,1,31
2015-11-16,1,1,14
2015-11-17,1,1,19
2015-11-18,1,1,30
2015-11-19,1,1,26
2015-11-20,1,1,27
2015-11-21,1,1,22
2015-11-22,1,1,30
2015-11-23,1,1,21
2015-11-24,1,1,20
2015-11-25,1,1,16
2015-11-26,1,1,19
2015-11-27,1,1,33
2015-11-28,1,1,24
2015-11-29,1,1,27
2015-11-30,1,1,5
2015-12-01,1,1,13
2015-12-02,1,1,12
2015-12-03,1,1,14
2015-12-04,1,1,29
2015-12-05,1,1,12
2015-12-06,1,1,14
2015-12-07,1,1,14
2015-12-08,1,1,13
2015-12-09,1,1,18
2015-12-10,1,1,14
2015-12-11,1,1,21
2015-12-12,1,1,23
2015-12-13,1,1,14
2015-12-14,1,1,10
2015-12-15,1,1,12
2015-12-16,1,1,19
2015-12-17,1,1,9
2015-12-18,1,1,19
2015-12-19,1,1,21
2015-12-20,1,1,17
2015-12-21,1,1,10
2015-12-22,1,1,13
2015-12-23,1,1,14
2015-12-24,1,1,7
2015-12-25,1,1,19
2015-12-26,1,1,13
2015-12-27,1,1,17
2015-12-28,1,1,4
2015-12-29,1,1,12
2015-12-30,1,1,15
2015-12-31,1,1,18
2016-01-01,1,1,21
2016-01-02,1,1,13
2016-01-03,1,1,12
2016-01-04,1,1,12
2016-01-05,1,1,12
2016-01-06,1,1,16
2016-01-07,1,1,12
2016-01-08,1,1,12
2016-01-09,1,1,16
2016-01-10,1,1,26
2016-01-11,1,1,7
2016-01-12,1,1,13
2016-01-13,1,1,9
2016-01-14,1,1,18
2016-01-15,1,1,13
2016-01-16,1,1,8
2016-01-17,1,1,13
2016-01-18,1,1,7
2016-01-19,1,1,17
2016-01-20,1,1,13
2016-01-21,1,1,12
2016-01-22,1,1,15
2016-01-23,1,1,23
2016-01-24,1,1,21
2016-01-25,1,1,15
2016-01-26,1,1,18
2016-01-27,1,1,14
2016-01-28,1,1,17
2016-01-29,1,1,16
2016-01-30,1,1,14
2016-01-31,1,1,14
2016-02-01,1,1,16
2016-02-02,1,1,16
2016-02-03,1,1,19
2016-02-04,1,1,9
2016-02-05,1,1,14
2016-02-06,1,1,14
2016-02-07,1,1,18
2016-02-08,1,1,12
2016-02-09,1,1,14
2016-02-10,1,1,16
2016-02-11,1,1,14
2016-02-12,1,1,15
2016-02-13,1,1,10
2016-02-14,1,1,23
2016-02-15,1,1,8
2016-02-16,1,1,19
2016-02-17,1,1,29
2016-02-18,1,1,17
2016-02-19,1,1,18
2016-02-20,1,1,18
2016-02-21,1,1,21
2016-02-22,1,1,16
2016-02-23,1,1,16
2016-02-24,1,1,10
2016-02-25,1,1,12
2016-02-26,1,1,9
2016-02-27,1,1,21
2016-02-28,1,1,12
2016-02-29,1,1,14
2016-03-01,1,1,16
2016-03-02,1,1,17
2016-03-03,1,1,20
2016-03-04,1,1,17
2016-03-05,1,1,17
2016-03-06,1,1,22
2016-03-07,1,1,17
2016-03-08,1,1,9
2016-03-09,1,1,18
2016-03-10,1,1,15
2016-03-11,1,1,22
2016-03-12,1,1,17
2016-03-13,1,1,23
2016-03-14,1,1,13
2016-03-15,1,1,11
2016-03-16,1,1,23
2016-03-17,1,1,19
2016-03-18,1,1,21
2016-03-19,1,1,25
2016-03-20,1,1,25
2016-03-21,1,1,22
2016-03-22,1,1,17
2016-03-23,1,1,19
2016-03-24,1,1,18
2016-03-25,1,1,27
2016-03-26,1,1,22
2016-03-27,1,1,28
2016-03-28,1,1,16
2016-03-29,1,1,22
2016-03-30,1,1,14
2016-03-31,1,1,17
2016-04-01,1,1,32
2016-04-02,1,1,24
2016-04-03,1,1,29
2016-04-04,1,1,18
2016-04-05,1,1,20
2016-04-06,1,1,25
2016-04-07,1,1,18
2016-04-08,1,1,23
2016-04-09,1,1,22
2016-04-10,1,1,36
2016-04-11,1,1,18
2016-04-12,1,1,30
2016-04-13,1,1,24
2016-04-14,1,1,22
2016-04-15,1,1,23
2016-04-16,1,1,22
2016-04-17,1,1,18
2016-04-18,1,1,23
2016-04-19,1,1,23
2016-04-20,1,1,18
2016-04-21,1,1,20
2016-04-22,1,1,22
2016-04-23,1,1,23
2016-04-24,1,1,26
2016-04-25,1,1,15
2016-04-26,1,1,20
2016-04-27,1,1,19
2016-04-28,1,1,21
2016-04-29,1,1,30
2016-04-30,1,1,30
2016-05-01,1,1,30
2016-05-02,1,1,18
2016-05-03,1,1,29
2016-05-04,1,1,24
2016-05-05,1,1,17
2016-05-06,1,1,23
2016-05-07,1,1,23
2016-05-08,1,1,26
2016-05-09,1,1,18
2016-05-10,1,1,29
2016-05-11,1,1,21
2016-05-12,1,1,19
2016-05-13,1,1,26
2016-05-14,1,1,30
2016-05-15,1,1,39
2016-05-16,1,1,13
2016-05-17,1,1,25
2016-05-18,1,1,33
2016-05-19,1,1,26
2016-05-20,1,1,28
2016-05-21,1,1,35
2016-05-22,1,1,32
2016-05-23,1,1,22
2016-05-24,1,1,26
2016-05-25,1,1,29
2016-05-26,1,1,17
2016-05-27,1,1,26
2016-05-28,1,1,33
2016-05-29,1,1,29
2016-05-30,1,1,18
2016-05-31,1,1,18
2016-06-01,1,1,24
2016-06-02,1,1,25
2016-06-03,1,1,38
2016-06-04,1,1,28
2016-06-05,1,1,35
2016-06-06,1,1,23
2016-06-07,1,1,22
2016-06-08,1,1,22
2016-06-09,1,1,24
2016-06-10,1,1,34
2016-06-11,1,1,31
2016-06-12,1,1,22
2016-06-13,1,1,22
2016-06-14,1,1,25
2016-06-15,1,1,22
2016-06-16,1,1,30
2016-06-17,1,1,22
2016-06-18,1,1,27
2016-06-19,1,1,28
2016-06-20,1,1,15
2016-06-21,1,1,25
2016-06-22,1,1,25
2016-06-23,1,1,23
2016-06-24,1,1,31
2016-06-25,1,1,31
2016-06-26,1,1,32
2016-06-27,1,1,26
2016-06-28,1,1,28
2016-06-29,1,1,25
2016-06-30,1,1,25
2016-07-01,1,1,42
2016-07-02,1,1,32
2016-07-03,1,1,35
2016-07-04,1,1,18
2016-07-05,1,1,31
2016-07-06,1,1,22
2016-07-07,1,1,33
2016-07-08,1,1,34
2016-07-09,1,1,35
2016-07-10,1,1,28
2016-07-11,1,1,18
2016-07-12,1,1,27
2016-07-13,1,1,30
2016-07-14,1,1,22
2016-07-15,1,1,33
2016-07-16,1,1,34
2016-07-17,1,1,37
2016-07-18,1,1,24
2016-07-19,1,1,25
2016-07-20,1,1,22
2016-07-21,1,1,34
2016-07-22,1,1,26
2016-07-23,1,1,34
2016-07-24,1,1,25
2016-07-25,1,1,21
2016-07-26,1,1,24
2016-07-27,1,1,28
2016-07-28,1,1,30
2016-07-29,1,1,30
2016-07-30,1,1,38
2016-07-31,1,1,31
2016-08-01,1,1,21
2016-08-02,1,1,22
2016-08-03,1,1,28
2016-08-04,1,1,34
2016-08-05,1,1,24
2016-08-06,1,1,20
2016-08-07,1,1,31
2016-08-08,1,1,11
2016-08-09,1,1,26
2016-08-10,1,1,21
2016-08-11,1,1,23
2016-08-12,1,1,16
2016-08-13,1,1,27
2016-08-14,1,1,36
2016-08-15,1,1,24
2016-08-16,1,1,15
2016-08-17,1,1,25
2016-08-18,1,1,26
2016-08-19,1,1,29
2016-08-20,1,1,30
2016-08-21,1,1,22
2016-08-22,1,1,15
2016-08-23,1,1,24
2016-08-24,1,1,32
2016-08-25,1,1,17
2016-08-26,1,1,25
2016-08-27,1,1,24
2016-08-28,1,1,34
2016-08-29,1,1,14
2016-08-30,1,1,14
2016-08-31,1,1,17
2016-09-01,1,1,18
2016-09-02,1,1,20
2016-09-03,1,1,31
2016-09-04,1,1,25
2016-09-05,1,1,32
2016-09-06,1,1,28
2016-09-07,1,1,18
2016-09-08,1,1,28
2016-09-09,1,1,26
2016-09-10,1,1,25
2016-09-11,1,1,24
2016-09-12,1,1,24
2016-09-13,1,1,24
2016-09-14,1,1,19
2016-09-15,1,1,20
2016-09-16,1,1,19
2016-09-17,1,1,19
2016-09-18,1,1,27
2016-09-19,1,1,19
2016-09-20,1,1,23
2016-09-21,1,1,25
2016-09-22,1,1,25
2016-09-23,1,1,24
2016-09-24,1,1,26
2016-09-25,1,1,27
2016-09-26,1,1,17
2016-09-27,1,1,18
2016-09-28,1,1,27
2016-09-29,1,1,28
2016-09-30,1,1,23
2016-10-01,1,1,25
2016-10-02,1,1,26
2016-10-03,1,1,20
2016-10-04,1,1,28
2016-10-05,1,1,17
2016-10-06,1,1,22
2016-10-07,1,1,19
2016-10-08,1,1,24
2016-10-09,1,1,29
2016-10-10,1,1,18
2016-10-11,1,1,18
2016-10-12,1,1,16
2016-10-13,1,1,16
2016-10-14,1,1,32
2016-10-15,1,1,32
2016-10-16,1,1,26
2016-10-17,1,1,20
2016-10-18,1,1,21
2016-10-19,1,1,20
2016-10-20,1,1,30
2016-10-21,1,1,25
2016-10-22,1,1,26
2016-10-23,1,1,21
2016-10-24,1,1,16
2016-10-25,1,1,13
2016-10-26,1,1,16
2016-10-27,1,1,25
2016-10-28,1,1,18
2016-10-29,1,1,23
2016-10-30,1,1,33
2016-10-31,1,1,24
2016-11-01,1,1,22
2016-11-02,1,1,23
2016-11-03,1,1,23
2016-11-04,1,1,22
2016-11-05,1,1,29
2016-11-06,1,1,18
2016-11-07,1,1,17
2016-11-08,1,1,19
2016-11-09,1,1,22
2016-11-10,1,1,18
2016-11-11,1,1,26
2016-11-12,1,1,26
2016-11-13,1,1,36
2016-11-14,1,1,17
2016-11-15,1,1,22
2016-11-16,1,1,20
2016-11-17,1,1,19
2016-11-18,1,1,21
2016-11-19,1,1,36
2016-11-20,1,1,22
2016-11-21,1,1,14
2016-11-22,1,1,18
2016-11-23,1,1,20
2016-11-24,1,1,18
2016-11-25,1,1,26
2016-11-26,1,1,20
2016-11-27,1,1,20
2016-11-28,1,1,22
2016-11-29,1,1,27
2016-11-30,1,1,19
2016-12-01,1,1,13
2016-12-02,1,1,11
2016-12-03,1,1,19
2016-12-04,1,1,24
2016-12-05,1,1,13
2016-12-06,1,1,10
2016-12-07,1,1,17
2016-12-08,1,1,15
2016-12-09,1,1,7
2016-12-10,1,1,12
2016-12-11,1,1,20
2016-12-12,1,1,12
2016-12-13,1,1,23
2016-12-14,1,1,12
2016-12-15,1,1,10
2016-12-16,1,1,15
2016-12-17,1,1,19
2016-12-18,1,1,22
2016-12-19,1,1,17
2016-12-20,1,1,18
2016-12-21,1,1,12
2016-12-22,1,1,20
2016-12-23,1,1,21
2016-12-24,1,1,13
2016-12-25,1,1,20
2016-12-26,1,1,16
2016-12-27,1,1,10
2016-12-28,1,1,16
2016-12-29,1,1,21
2016-12-30,1,1,24
2016-12-31,1,1,14
2017-01-01,1,1,19
2017-01-02,1,1,15
2017-01-03,1,1,10
2017-01-04,1,1,16
2017-01-05,1,1,14
2017-01-06,1,1,24
2017-01-07,1,1,14
2017-01-08,1,1,20
2017-01-09,1,1,18
2017-01-10,1,1,11
2017-01-11,1,1,14
2017-01-12,1,1,17
2017-01-13,1,1,7
2017-01-14,1,1,16
2017-01-15,1,1,29
2017-01-16,1,1,15
2017-01-17,1,1,14
2017-01-18,1,1,10
2017-01-19,1,1,16
2017-01-20,1,1,22
2017-01-21,1,1,13
2017-01-22,1,1,21
2017-01-23,1,1,9
2017-01-24,1,1,18
2017-01-25,1,1,14
2017-01-26,1,1,13
2017-01-27,1,1,10
2017-01-28,1,1,16
2017-01-29,1,1,24
2017-01-30,1,1,9
2017-01-31,1,1,17
2017-02-01,1,1,15
2017-02-02,1,1,17
2017-02-03,1,1,24
2017-02-04,1,1,25
2017-02-05,1,1,25
2017-02-06,1,1,16
2017-02-07,1,1,12
2017-02-08,1,1,20
2017-02-09,1,1,16
2017-02-10,1,1,16
2017-02-11,1,1,18
2017-02-12,1,1,19
2017-02-13,1,1,11
2017-02-14,1,1,15
2017-02-15,1,1,22
2017-02-16,1,1,11
2017-02-17,1,1,17
2017-02-18,1,1,22
2017-02-19,1,1,18
2017-02-20,1,1,5
2017-02-21,1,1,14
2017-02-22,1,1,12
2017-02-23,1,1,26
2017-02-24,1,1,15
2017-02-25,1,1,16
2017-02-26,1,1,28
2017-02-27,1,1,12
2017-02-28,1,1,20
2017-03-01,1,1,16
2017-03-02,1,1,23
2017-03-03,1,1,22
2017-03-04,1,1,13
2017-03-05,1,1,25
2017-03-06,1,1,11
2017-03-07,1,1,14
2017-03-08,1,1,17
2017-03-09,1,1,16
2017-03-10,1,1,18
2017-03-11,1,1,15
2017-03-12,1,1,21
2017-03-13,1,1,14
2017-03-14,1,1,24
2017-03-15,1,1,22
2017-03-16,1,1,23
2017-03-17,1,1,17
2017-03-18,1,1,20
2017-03-19,1,1,25
2017-03-20,1,1,14
2017-03-21,1,1,13
2017-03-22,1,1,23
2017-03-23,1,1,18
2017-03-24,1,1,19
2017-03-25,1,1,20
2017-03-26,1,1,17
2017-03-27,1,1,21
2017-03-28,1,1,13
2017-03-29,1,1,12
2017-03-30,1,1,22
2017-03-31,1,1,13
2017-04-01,1,1,26
2017-04-02,1,1,21
2017-04-03,1,1,17
2017-04-04,1,1,22
2017-04-05,1,1,21
2017-04-06,1,1,25
2017-04-07,1,1,25
2017-04-08,1,1,23
2017-04-09,1,1,20
2017-04-10,1,1,19
2017-04-11,1,1,21
2017-04-12,1,1,17
2017-04-13,1,1,25
2017-04-14,1,1,15
2017-04-15,1,1,20
2017-04-16,1,1,32
2017-04-17,1,1,13
2017-04-18,1,1,21
2017-04-19,1,1,19
2017-04-20,1,1,26
2017-04-21,1,1,27
2017-04-22,1,1,19
2017-04-23,1,1,22
2017-04-24,1,1,17
2017-04-25,1,1,26
2017-04-26,1,1,22
2017-04-27,1,1,26
2017-04-28,1,1,25
2017-04-29,1,1,32
2017-04-30,1,1,33
2017-05-01,1,1,15
2017-05-02,1,1,21
2017-05-03,1,1,29
2017-05-04,1,1,19
2017-05-05,1,1,28
2017-05-06,1,1,34
2017-05-07,1,1,31
2017-05-08,1,1,24
2017-05-09,1,1,32
2017-05-10,1,1,17
2017-05-11,1,1,18
2017-05-12,1,1,26
2017-05-13,1,1,25
2017-05-14,1,1,32
2017-05-15,1,1,17
2017-05-16,1,1,24
2017-05-17,1,1,16
2017-05-18,1,1,32
2017-05-19,1,1,35
2017-05-20,1,1,34
2017-05-21,1,1,25
2017-05-22,1,1,20
2017-05-23,1,1,15
2017-05-24,1,1,30
2017-05-25,1,1,22
2017-05-26,1,1,24
2017-05-27,1,1,35
2017-05-28,1,1,33
2017-05-29,1,1,23
2017-05-30,1,1,17
2017-05-31,1,1,20
2017-06-01,1,1,29
2017-06-02,1,1,25
2017-06-03,1,1,36
2017-06-04,1,1,27
2017-06-05,1,1,22
2017-06-06,1,1,22
2017-06-07,1,1,29
2017-06-08,1,1,26
2017-06-09,1,1,16
2017-06-10,1,1,41
2017-06-11,1,1,28
2017-06-12,1,1,23
2017-06-13,1,1,26
2017-06-14,1,1,32
2017-06-15,1,1,30
2017-06-16,1,1,26
2017-06-17,1,1,31
2017-06-18,1,1,38
2017-06-19,1,1,30
2017-06-20,1,1,22
2017-06-21,1,1,26
2017-06-22,1,1,24
2017-06-23,1,1,26
2017-06-24,1,1,30
2017-06-25,1,1,26
2017-06-26,1,1,21
2017-06-27,1,1,32
2017-06-28,1,1,50
2017-06-29,1,1,28
2017-06-30,1,1,28
2017-07-01,1,1,31
2017-07-02,1,1,38
2017-07-03,1,1,18
2017-07-04,1,1,23
2017-07-05,1,1,23
2017-07-06,1,1,31
2017-07-07,1,1,32
2017-07-08,1,1,27
2017-07-09,1,1,32
2017-07-10,1,1,16
2017-07-11,1,1,23
2017-07-12,1,1,29
2017-07-13,1,1,22
2017-07-14,1,1,38
2017-07-15,1,1,40
2017-07-16,1,1,36
2017-07-17,1,1,20
2017-07-18,1,1,26
2017-07-19,1,1,24
2017-07-20,1,1,37
2017-07-21,1,1,27
2017-07-22,1,1,35
2017-07-23,1,1,32
2017-07-24,1,1,27
2017-07-25,1,1,20
2017-07-26,1,1,28
2017-07-27,1,1,35
2017-07-28,1,1,25
2017-07-29,1,1,30
2017-07-30,1,1,26
2017-07-31,1,1,22
2017-08-01,1,1,18
2017-08-02,1,1,19
2017-08-03,1,1,25
2017-08-04,1,1,26
2017-08-05,1,1,35
2017-08-06,1,1,29
2017-08-07,1,1,20
2017-08-08,1,1,28
2017-08-09,1,1,28
2017-08-10,1,1,31
2017-08-11,1,1,25
2017-08-12,1,1,32
2017-08-13,1,1,32
2017-08-14,1,1,26
2017-08-15,1,1,18
2017-08-16,1,1,24
2017-08-17,1,1,21
2017-08-18,1,1,35
2017-08-19,1,1,29
2017-08-20,1,1,27
2017-08-21,1,1,19
2017-08-22,1,1,28
2017-08-23,1,1,26
2017-08-24,1,1,15
2017-08-25,1,1,30
2017-08-26,1,1,38
2017-08-27,1,1,26
2017-08-28,1,1,15
2017-08-29,1,1,21
2017-08-30,1,1,22
2017-08-31,1,1,26
2017-09-01,1,1,38
2017-09-02,1,1,26
2017-09-03,1,1,23
2017-09-04,1,1,12
2017-09-05,1,1,26
2017-09-06,1,1,24
2017-09-07,1,1,29
2017-09-08,1,1,28
2017-09-09,1,1,28
2017-09-10,1,1,30
2017-09-11,1,1,16
2017-09-12,1,1,20
2017-09-13,1,1,13
2017-09-14,1,1,26
2017-09-15,1,1,28
2017-09-16,1,1,27
2017-09-17,1,1,30
2017-09-18,1,1,22
2017-09-19,1,1,21
2017-09-20,1,1,20
2017-09-21,1,1,20
2017-09-22,1,1,28
2017-09-23,1,1,37
2017-09-24,1,1,24
2017-09-25,1,1,14
2017-09-26,1,1,18
2017-09-27,1,1,27
2017-09-28,1,1,23
2017-09-29,1,1,28
2017-09-30,1,1,30
2017-10-01,1,1,21
2017-10-02,1,1,12
2017-10-03,1,1,18
2017-10-04,1,1,15
2017-10-05,1,1,20
2017-10-06,1,1,19
2017-10-07,1,1,22
2017-10-08,1,1,19
2017-10-09,1,1,9
2017-10-10,1,1,23
2017-10-11,1,1,14
2017-10-12,1,1,24
2017-10-13,1,1,23
2017-10-14,1,1,26
2017-10-15,1,1,28
2017-10-16,1,1,19
2017-10-17,1,1,17
2017-10-18,1,1,15
2017-10-19,1,1,26
2017-10-20,1,1,22
2017-10-21,1,1,26
2017-10-22,1,1,32
2017-10-23,1,1,20
2017-10-24,1,1,23
2017-10-25,1,1,22
2017-10-26,1,1,28
2017-10-27,1,1,20
2017-10-28,1,1,22
2017-10-29,1,1,29
2017-10-30,1,1,22
2017-10-31,1,1,24
2017-11-01,1,1,16
2017-11-02,1,1,21
2017-11-03,1,1,18
2017-11-04,1,1,34
2017-11-05,1,1,23
2017-11-06,1,1,17
2017-11-07,1,1,23
2017-11-08,1,1,14
2017-11-09,1,1,21
2017-11-10,1,1,19
2017-11-11,1,1,24
2017-11-12,1,1,27
2017-11-13,1,1,22
2017-11-14,1,1,16
2017-11-15,1,1,19
2017-11-16,1,1,22
2017-11-17,1,1,25
2017-11-18,1,1,31
2017-11-19,1,1,32
2017-11-20,1,1,21
2017-11-21,1,1,29
2017-11-22,1,1,27
2017-11-23,1,1,25
2017-11-24,1,1,22
2017-11-25,1,1,29
2017-11-26,1,1,24
2017-11-27,1,1,10
2017-11-28,1,1,14
2017-11-29,1,1,28
2017-11-30,1,1,15
2017-12-01,1,1,19
2017-12-02,1,1,16
2017-12-03,1,1,31
2017-12-04,1,1,7
2017-12-05,1,1,20
2017-12-06,1,1,17
2017-12-07,1,1,18
2017-12-08,1,1,17
2017-12-09,1,1,27
2017-12-10,1,1,20
2017-12-11,1,1,20
2017-12-12,1,1,13
2017-12-13,1,1,17
2017-12-14,1,1,14
2017-12-15,1,1,16
2017-12-16,1,1,15
2017-12-17,1,1,22
2017-12-18,1,1,19
2017-12-19,1,1,7
2017-12-20,1,1,16
2017-12-21,1,1,12
2017-12-22,1,1,6
2017-12-23,1,1,18
2017-12-24,1,1,19
2017-12-25,1,1,13
2017-12-26,1,1,16
2017-12-27,1,1,14
2017-12-28,1,1,19
2017-12-29,1,1,15
2017-12-30,1,1,27
2017-12-31,1,1,23
2013-01-01,1,2,33
2013-01-02,1,2,43
2013-01-03,1,2,23
2013-01-04,1,2,18
2013-01-05,1,2,34
2013-01-06,1,2,38
2013-01-07,1,2,27
2013-01-08,1,2,28
2013-01-09,1,2,34
2013-01-10,1,2,27
2013-01-11,1,2,28
2013-01-12,1,2,39
2013-01-13,1,2,28
2013-01-14,1,2,30
2013-01-15,1,2,27
2013-01-16,1,2,19
2013-01-17,1,2,29
2013-01-18,1,2,29
2013-01-19,1,2,44
2013-01-20,1,2,34
2013-01-21,1,2,15
2013-01-22,1,2,29
2013-01-23,1,2,21
2013-01-24,1,2,33
2013-01-25,1,2,29
2013-01-26,1,2,33
2013-01-27,1,2,32
2013-01-28,1,2,16
2013-01-29,1,2,35
2013-01-30,1,2,29
2013-01-31,1,2,27
2013-02-01,1,2,30
2013-02-02,1,2,26
2013-02-03,1,2,39
2013-02-04,1,2,30
2013-02-05,1,2,34
2013-02-06,1,2,22
2013-02-07,1,2,42
2013-02-08,1,2,27
2013-02-09,1,2,28
2013-02-10,1,2,34
2013-02-11,1,2,25
2013-02-12,1,2,39
2013-02-13,1,2,17
2013-02-14,1,2,35
2013-02-15,1,2,34
2013-02-16,1,2,39
2013-02-17,1,2,46
2013-02-18,1,2,31
2013-02-19,1,2,30
2013-02-20,1,2,24
2013-02-21,1,2,31
2013-02-22,1,2,40
2013-02-23,1,2,37
2013-02-24,1,2,33
2013-02-25,1,2,13
2013-02-26,1,2,33
2013-02-27,1,2,19
2013-02-28,1,2,35
2013-03-01,1,2,42
2013-03-02,1,2,49
2013-03-03,1,2,49
2013-03-04,1,2,33
2013-03-05,1,2,42
2013-03-06,1,2,43
2013-03-07,1,2,48
2013-03-08,1,2,43
2013-03-09,1,2,43
2013-03-10,1,2,43
2013-03-11,1,2,34
2013-03-12,1,2,30
2013-03-13,1,2,36
2013-03-14,1,2,44
2013-03-15,1,2,52
2013-03-16,1,2,58
2013-03-17,1,2,46
2013-03-18,1,2,37
2013-03-19,1,2,48
2013-03-20,1,2,43
2013-03-21,1,2,43
2013-03-22,1,2,30
2013-03-23,1,2,51
2013-03-24,1,2,40
2013-03-25,1,2,34
2013-03-26,1,2,27
2013-03-27,1,2,33
2013-03-28,1,2,38
2013-03-29,1,2,45
2013-03-30,1,2,51
2013-03-31,1,2,44
2013-04-01,1,2,40
2013-04-02,1,2,44
2013-04-03,1,2,40
2013-04-04,1,2,53
2013-04-05,1,2,45
2013-04-06,1,2,46
2013-04-07,1,2,57
2013-04-08,1,2,44
2013-04-09,1,2,31
2013-04-10,1,2,49
2013-04-11,1,2,41
2013-04-12,1,2,53
2013-04-13,1,2,50
2013-04-14,1,2,53
2013-04-15,1,2,28
2013-04-16,1,2,45
2013-04-17,1,2,45
2013-04-18,1,2,45
2013-04-19,1,2,58
2013-04-20,1,2,26
2013-04-21,1,2,48
2013-04-22,1,2,27
2013-04-23,1,2,38
2013-04-24,1,2,40
2013-04-25,1,2,51
2013-04-26,1,2,48
2013-04-27,1,2,42
2013-04-28,1,2,53
2013-04-29,1,2,36
2013-04-30,1,2,40
2013-05-01,1,2,51
2013-05-02,1,2,54
2013-05-03,1,2,49
2013-05-04,1,2,49
2013-05-05,1,2,60
2013-05-06,1,2,38
2013-05-07,1,2,43
2013-05-08,1,2,45
2013-05-09,1,2,46
2013-05-10,1,2,58
2013-05-11,1,2,63
2013-05-12,1,2,53
2013-05-13,1,2,49
2013-05-14,1,2,35
2013-05-15,1,2,43
2013-05-16,1,2,49
2013-05-17,1,2,45
2013-05-18,1,2,53
2013-05-19,1,2,53
2013-05-20,1,2,38
2013-05-21,1,2,53
2013-05-22,1,2,38
2013-05-23,1,2,69
2013-05-24,1,2,48
2013-05-25,1,2,45
2013-05-26,1,2,64
2013-05-27,1,2,38
2013-05-28,1,2,48
2013-05-29,1,2,44
2013-05-30,1,2,48
2013-05-31,1,2,58
2013-06-01,1,2,55
2013-06-02,1,2,51
2013-06-03,1,2,43
2013-06-04,1,2,41
2013-06-05,1,2,67
2013-06-06,1,2,43
2013-06-07,1,2,69
2013-06-08,1,2,52
2013-06-09,1,2,65
2013-06-10,1,2,48
2013-06-11,1,2,49
2013-06-12,1,2,56
2013-06-13,1,2,57
2013-06-14,1,2,58
2013-06-15,1,2,52
2013-06-16,1,2,52
2013-06-17,1,2,55
2013-06-18,1,2,45
2013-06-19,1,2,48
2013-06-20,1,2,44
2013-06-21,1,2,47
2013-06-22,1,2,60
2013-06-23,1,2,55
2013-06-24,1,2,60
2013-06-25,1,2,50
2013-06-26,1,2,69
2013-06-27,1,2,64
2013-06-28,1,2,71
2013-06-29,1,2,56
2013-06-30,1,2,61
2013-07-01,1,2,46
2013-07-02,1,2,48
2013-07-03,1,2,57
2013-07-04,1,2,50
2013-07-05,1,2,58
2013-07-06,1,2,73
2013-07-07,1,2,52
2013-07-08,1,2,47
2013-07-09,1,2,49
2013-07-10,1,2,56
2013-07-11,1,2,54
2013-07-12,1,2,46
2013-07-13,1,2,62
2013-07-14,1,2,82
2013-07-15,1,2,39
2013-07-16,1,2,57
2013-07-17,1,2,55
2013-07-18,1,2,58
2013-07-19,1,2,57
2013-07-20,1,2,78
2013-07-21,1,2,62
2013-07-22,1,2,45
2013-07-23,1,2,51
2013-07-24,1,2,47
2013-07-25,1,2,57
2013-07-26,1,2,68
2013-07-27,1,2,67
2013-07-28,1,2,74
2013-07-29,1,2,40
2013-07-30,1,2,60
2013-07-31,1,2,48
2013-08-01,1,2,53
2013-08-02,1,2,53
2013-08-03,1,2,62
2013-08-04,1,2,55
2013-08-05,1,2,47
2013-08-06,1,2,60
2013-08-07,1,2,41
2013-08-08,1,2,54
2013-08-09,1,2,69
2013-08-10,1,2,53
2013-08-11,1,2,64
2013-08-12,1,2,36
2013-08-13,1,2,42
2013-08-14,1,2,40
2013-08-15,1,2,45
2013-08-16,1,2,47
2013-08-17,1,2,60
2013-08-18,1,2,60
2013-08-19,1,2,39
2013-08-20,1,2,48
2013-08-21,1,2,52
2013-08-22,1,2,44
2013-08-23,1,2,44
2013-08-24,1,2,64
2013-08-25,1,2,54
2013-08-26,1,2,37
2013-08-27,1,2,55
2013-08-28,1,2,49
2013-08-29,1,2,48
2013-08-30,1,2,56
2013-08-31,1,2,60
2013-09-01,1,2,42
2013-09-02,1,2,38
2013-09-03,1,2,45
2013-09-04,1,2,42
2013-09-05,1,2,45
2013-09-06,1,2,43
2013-09-07,1,2,60
2013-09-08,1,2,44
2013-09-09,1,2,36
2013-09-10,1,2,40
2013-09-11,1,2,47
2013-09-12,1,2,59
2013-09-13,1,2,50
2013-09-14,1,2,44
2013-09-15,1,2,46
2013-09-16,1,2,34
2013-09-17,1,2,43
2013-09-18,1,2,47
2013-09-19,1,2,47
2013-09-20,1,2,44
2013-09-21,1,2,56
2013-09-22,1,2,60
2013-09-23,1,2,39
2013-09-24,1,2,40
2013-09-25,1,2,39
2013-09-26,1,2,47
2013-09-27,1,2,54
2013-09-28,1,2,44
2013-09-29,1,2,56
2013-09-30,1,2,22
2013-10-01,1,2,36
2013-10-02,1,2,44
2013-10-03,1,2,31
2013-10-04,1,2,38
2013-10-05,1,2,52
2013-10-06,1,2,42
2013-10-07,1,2,40
2013-10-08,1,2,30
2013-10-09,1,2,45
2013-10-10,1,2,58
2013-10-11,1,2,45
2013-10-12,1,2,43
2013-10-13,1,2,53
2013-10-14,1,2,44
2013-10-15,1,2,32
2013-10-16,1,2,40
2013-10-17,1,2,51
2013-10-18,1,2,38
2013-10-19,1,2,46
2013-10-20,1,2,57
2013-10-21,1,2,33
2013-10-22,1,2,49
2013-10-23,1,2,45
2013-10-24,1,2,43
2013-10-25,1,2,32
2013-10-26,1,2,52
2013-10-27,1,2,54
2013-10-28,1,2,38
2013-10-29,1,2,34
2013-10-30,1,2,41
2013-10-31,1,2,44
2013-11-01,1,2,51
2013-11-02,1,2,50
2013-11-03,1,2,52
2013-11-04,1,2,32
2013-11-05,1,2,40
2013-11-06,1,2,41
2013-11-07,1,2,47
2013-11-08,1,2,43
2013-11-09,1,2,53
2013-11-10,1,2,68
2013-11-11,1,2,40
2013-11-12,1,2,41
2013-11-13,1,2,40
2013-11-14,1,2,53
2013-11-15,1,2,60
2013-11-16,1,2,54
2013-11-17,1,2,46
2013-11-18,1,2,24
2013-11-19,1,2,47
2013-11-20,1,2,40
2013-11-21,1,2,46
2013-11-22,1,2,53
2013-11-23,1,2,49
2013-11-24,1,2,63
2013-11-25,1,2,30
2013-11-26,1,2,55
2013-11-27,1,2,49
2013-11-28,1,2,54
2013-11-29,1,2,50
2013-11-30,1,2,56
2013-12-01,1,2,42
2013-12-02,1,2,31
2013-12-03,1,2,24
2013-12-04,1,2,31
2013-12-05,1,2,24
2013-12-06,1,2,33
2013-12-07,1,2,33
2013-12-08,1,2,43
2013-12-09,1,2,24
2013-12-10,1,2,24
2013-12-11,1,2,21
2013-12-12,1,2,32
2013-12-13,1,2,36
2013-12-14,1,2,40
2013-12-15,1,2,50
2013-12-16,1,2,19
2013-12-17,1,2,28
2013-12-18,1,2,38
2013-12-19,1,2,30
2013-12-20,1,2,30
2013-12-21,1,2,38
2013-12-22,1,2,37
2013-12-23,1,2,29
2013-12-24,1,2,24
2013-12-25,1,2,38
2013-12-26,1,2,48
2013-12-27,1,2,40
2013-12-28,1,2,32
2013-12-29,1,2,46
2013-12-30,1,2,28
2013-12-31,1,2,30
2014-01-01,1,2,33
2014-01-02,1,2,37
2014-01-03,1,2,52
2014-01-04,1,2,33
2014-01-05,1,2,49
2014-01-06,1,2,29
2014-01-07,1,2,46
2014-01-08,1,2,35
2014-01-09,1,2,44
2014-01-10,1,2,41
2014-01-11,1,2,39
2014-01-12,1,2,34
2014-01-13,1,2,22
2014-01-14,1,2,34
2014-01-15,1,2,33
2014-01-16,1,2,33
2014-01-17,1,2,31
2014-01-18,1,2,52
2014-01-19,1,2,41
2014-01-20,1,2,28
2014-01-21,1,2,25
2014-01-22,1,2,35
2014-01-23,1,2,34
2014-01-24,1,2,42
2014-01-25,1,2,27
2014-01-26,1,2,43
2014-01-27,1,2,19
2014-01-28,1,2,39
2014-01-29,1,2,29
2014-01-30,1,2,37
2014-01-31,1,2,40
2014-02-01,1,2,43
2014-02-02,1,2,51
2014-02-03,1,2,24
2014-02-04,1,2,27
2014-02-05,1,2,40
2014-02-06,1,2,43
2014-02-07,1,2,46
2014-02-08,1,2,43
2014-02-09,1,2,41
2014-02-10,1,2,35
2014-02-11,1,2,30
2014-02-12,1,2,43
2014-02-13,1,2,40
2014-02-14,1,2,41
2014-02-15,1,2,44
2014-02-16,1,2,48
2014-02-17,1,2,37
2014-02-18,1,2,42
2014-02-19,1,2,28
2014-02-20,1,2,46
2014-02-21,1,2,35
2014-02-22,1,2,42
2014-02-23,1,2,47
2014-02-24,1,2,39
2014-02-25,1,2,36
2014-02-26,1,2,44
2014-02-27,1,2,47
2014-02-28,1,2,53
2014-03-01,1,2,45
2014-03-02,1,2,60
2014-03-03,1,2,44
2014-03-04,1,2,38
2014-03-05,1,2,38
2014-03-06,1,2,46
2014-03-07,1,2,45
2014-03-08,1,2,49
2014-03-09,1,2,57
2014-03-10,1,2,44
2014-03-11,1,2,36
2014-03-12,1,2,42
2014-03-13,1,2,43
2014-03-14,1,2,52
2014-03-15,1,2,55
2014-03-16,1,2,53
2014-03-17,1,2,33
2014-03-18,1,2,47
2014-03-19,1,2,47
2014-03-20,1,2,36
2014-03-21,1,2,50
2014-03-22,1,2,46
2014-03-23,1,2,44
2014-03-24,1,2,28
2014-03-25,1,2,38
2014-03-26,1,2,44
2014-03-27,1,2,41
2014-03-28,1,2,43
2014-03-29,1,2,49
2014-03-30,1,2,70
2014-03-31,1,2,43
2014-04-01,1,2,51
2014-04-02,1,2,48
2014-04-03,1,2,48
2014-04-04,1,2,65
2014-04-05,1,2,47
2014-04-06,1,2,74
2014-04-07,1,2,30
2014-04-08,1,2,61
2014-04-09,1,2,45
2014-04-10,1,2,60
2014-04-11,1,2,68
2014-04-12,1,2,73
2014-04-13,1,2,73
2014-04-14,1,2,47
2014-04-15,1,2,42
2014-04-16,1,2,52
2014-04-17,1,2,41
2014-04-18,1,2,50
2014-04-19,1,2,63
2014-04-20,1,2,87
2014-04-21,1,2,36
2014-04-22,1,2,59
2014-04-23,1,2,59
2014-04-24,1,2,46
2014-04-25,1,2,67
2014-04-26,1,2,61
2014-04-27,1,2,69
2014-04-28,1,2,29
2014-04-29,1,2,48
2014-04-30,1,2,46
2014-05-01,1,2,46
2014-05-02,1,2,74
2014-05-03,1,2,65
2014-05-04,1,2,82
2014-05-05,1,2,39
2014-05-06,1,2,63
2014-05-07,1,2,61
2014-05-08,1,2,60
2014-05-09,1,2,66
2014-05-10,1,2,67
2014-05-11,1,2,78
2014-05-12,1,2,47
2014-05-13,1,2,53
2014-05-14,1,2,52
2014-05-15,1,2,50
2014-05-16,1,2,56
2014-05-17,1,2,71
2014-05-18,1,2,77
2014-05-19,1,2,49
2014-05-20,1,2,62
2014-05-21,1,2,55
2014-05-22,1,2,59
2014-05-23,1,2,57
2014-05-24,1,2,61
2014-05-25,1,2,88
2014-05-26,1,2,43
2014-05-27,1,2,51
2014-05-28,1,2,60
2014-05-29,1,2,51
2014-05-30,1,2,67
2014-05-31,1,2,60
2014-06-01,1,2,76
2014-06-02,1,2,48
2014-06-03,1,2,53
2014-06-04,1,2,63
2014-06-05,1,2,55
2014-06-06,1,2,77
2014-06-07,1,2,62
2014-06-08,1,2,75
2014-06-09,1,2,50
2014-06-10,1,2,57
2014-06-11,1,2,55
2014-06-12,1,2,69
2014-06-13,1,2,69
2014-06-14,1,2,61
2014-06-15,1,2,64
2014-06-16,1,2,48
2014-06-17,1,2,69
2014-06-18,1,2,61
2014-06-19,1,2,48
2014-06-20,1,2,55
2014-06-21,1,2,70
2014-06-22,1,2,59
2014-06-23,1,2,58
2014-06-24,1,2,66
2014-06-25,1,2,58
2014-06-26,1,2,64
2014-06-27,1,2,74
2014-06-28,1,2,70
2014-06-29,1,2,64
2014-06-30,1,2,51
2014-07-01,1,2,61
2014-07-02,1,2,59
2014-07-03,1,2,68
2014-07-04,1,2,56
2014-07-05,1,2,58
2014-07-06,1,2,77
2014-07-07,1,2,38
2014-07-08,1,2,56
2014-07-09,1,2,58
2014-07-10,1,2,55
2014-07-11,1,2,58
2014-07-12,1,2,73
2014-07-13,1,2,102
2014-07-14,1,2,52
2014-07-15,1,2,61
2014-07-16,1,2,53
2014-07-17,1,2,73
2014-07-18,1,2,71
2014-07-19,1,2,72
2014-07-20,1,2,75
2014-07-21,1,2,70
2014-07-22,1,2,71
2014-07-23,1,2,66
2014-07-24,1,2,65
2014-07-25,1,2,74
2014-07-26,1,2,73
2014-07-27,1,2,92
2014-07-28,1,2,48
2014-07-29,1,2,71
2014-07-30,1,2,64
2014-07-31,1,2,69
2014-08-01,1,2,66
2014-08-02,1,2,71
2014-08-03,1,2,86
2014-08-04,1,2,50
2014-08-05,1,2,48
2014-08-06,1,2,48
2014-08-07,1,2,63
2014-08-08,1,2,49
2014-08-09,1,2,63
2014-08-10,1,2,64
2014-08-11,1,2,56
2014-08-12,1,2,57
2014-08-13,1,2,47
2014-08-14,1,2,47
2014-08-15,1,2,62
2014-08-16,1,2,52
2014-08-17,1,2,57
2014-08-18,1,2,53
2014-08-19,1,2,56
2014-08-20,1,2,51
2014-08-21,1,2,55
2014-08-22,1,2,63
2014-08-23,1,2,71
2014-08-24,1,2,75
2014-08-25,1,2,38
2014-08-26,1,2,56
2014-08-27,1,2,70
2014-08-28,1,2,53
2014-08-29,1,2,67
2014-08-30,1,2,58
2014-08-31,1,2,71
2014-09-01,1,2,43
2014-09-02,1,2,49
2014-09-03,1,2,46
2014-09-04,1,2,45
2014-09-05,1,2,57
2014-09-06,1,2,59
2014-09-07,1,2,63
2014-09-08,1,2,49
2014-09-09,1,2,41
2014-09-10,1,2,46
2014-09-11,1,2,56
2014-09-12,1,2,42
2014-09-13,1,2,57
2014-09-14,1,2,61
2014-09-15,1,2,32
2014-09-16,1,2,51
2014-09-17,1,2,54
2014-09-18,1,2,46
2014-09-19,1,2,71
2014-09-20,1,2,58
2014-09-21,1,2,50
2014-09-22,1,2,40
2014-09-23,1,2,35
2014-09-24,1,2,54
2014-09-25,1,2,58
2014-09-26,1,2,63
2014-09-27,1,2,64
2014-09-28,1,2,51
2014-09-29,1,2,51
2014-09-30,1,2,47
2014-10-01,1,2,37
2014-10-02,1,2,46
2014-10-03,1,2,55
2014-10-04,1,2,59
2014-10-05,1,2,70
2014-10-06,1,2,40
2014-10-07,1,2,45
2014-10-08,1,2,45
2014-10-09,1,2,43
2014-10-10,1,2,51
2014-10-11,1,2,61
2014-10-12,1,2,52
2014-10-13,1,2,34
2014-10-14,1,2,43
2014-10-15,1,2,35
2014-10-16,1,2,44
2014-10-17,1,2,43
2014-10-18,1,2,46
2014-10-19,1,2,49
2014-10-20,1,2,42
2014-10-21,1,2,55
2014-10-22,1,2,43
2014-10-23,1,2,34
2014-10-24,1,2,63
2014-10-25,1,2,69
2014-10-26,1,2,70
2014-10-27,1,2,41
2014-10-28,1,2,41
2014-10-29,1,2,43
2014-10-30,1,2,46
2014-10-31,1,2,61
2014-11-01,1,2,50
2014-11-02,1,2,63
2014-11-03,1,2,38
2014-11-04,1,2,58
2014-11-05,1,2,62
2014-11-06,1,2,51
2014-11-07,1,2,48
2014-11-08,1,2,65
2014-11-09,1,2,59
2014-11-10,1,2,46
2014-11-11,1,2,47
2014-11-12,1,2,50
2014-11-13,1,2,53
2014-11-14,1,2,51
2014-11-15,1,2,53
2014-11-16,1,2,76
2014-11-17,1,2,43
2014-11-18,1,2,61
2014-11-19,1,2,50
2014-11-20,1,2,56
2014-11-21,1,2,53
2014-11-22,1,2,60
2014-11-23,1,2,57
2014-11-24,1,2,42
2014-11-25,1,2,48
2014-11-26,1,2,48
2014-11-27,1,2,53
2014-11-28,1,2,52
2014-11-29,1,2,50
2014-11-30,1,2,52
2014-12-01,1,2,36
2014-12-02,1,2,42
2014-12-03,1,2,37
2014-12-04,1,2,47
2014-12-05,1,2,45
2014-12-06,1,2,44
2014-12-07,1,2,49
2014-12-08,1,2,34
2014-12-09,1,2,38
2014-12-10,1,2,33
2014-12-11,1,2,44
2014-12-12,1,2,28
2014-12-13,1,2,34
2014-12-14,1,2,50
2014-12-15,1,2,28
2014-12-16,1,2,43
2014-12-17,1,2,32
2014-12-18,1,2,32
2014-12-19,1,2,38
2014-12-20,1,2,44
2014-12-21,1,2,40
2014-12-22,1,2,27
2014-12-23,1,2,44
2014-12-24,1,2,36
2014-12-25,1,2,36
2014-12-26,1,2,41
2014-12-27,1,2,52
2014-12-28,1,2,42
2014-12-29,1,2,32
2014-12-30,1,2,37
2014-12-31,1,2,46
2015-01-01,1,2,36
2015-01-02,1,2,45
2015-01-03,1,2,41
2015-01-04,1,2,49
2015-01-05,1,2,25
2015-01-06,1,2,27
2015-01-07,1,2,26
2015-01-08,1,2,42
2015-01-09,1,2,39
2015-01-10,1,2,32
2015-01-11,1,2,43
2015-01-12,1,2,17
2015-01-13,1,2,32
2015-01-14,1,2,27
2015-01-15,1,2,34
2015-01-16,1,2,39
2015-01-17,1,2,44
2015-01-18,1,2,33
2015-01-19,1,2,30
2015-01-20,1,2,39
2015-01-21,1,2,41
2015-01-22,1,2,34
2015-01-23,1,2,36
2015-01-24,1,2,47
2015-01-25,1,2,49
2015-01-26,1,2,30
2015-01-27,1,2,36
2015-01-28,1,2,29
2015-01-29,1,2,38
2015-01-30,1,2,34
2015-01-31,1,2,40
2015-02-01,1,2,55
2015-02-02,1,2,33
2015-02-03,1,2,36
2015-02-04,1,2,28
2015-02-05,1,2,38
2015-02-06,1,2,44
2015-02-07,1,2,40
2015-02-08,1,2,50
2015-02-09,1,2,37
2015-02-10,1,2,46
2015-02-11,1,2,34
2015-02-12,1,2,43
2015-02-13,1,2,47
2015-02-14,1,2,45
2015-02-15,1,2,53
2015-02-16,1,2,26
2015-02-17,1,2,47
2015-02-18,1,2,39
2015-02-19,1,2,43
2015-02-20,1,2,30
2015-02-21,1,2,50
2015-02-22,1,2,53
2015-02-23,1,2,33
2015-02-24,1,2,41
2015-02-25,1,2,32
2015-02-26,1,2,39
2015-02-27,1,2,54
2015-02-28,1,2,41
2015-03-01,1,2,57
2015-03-02,1,2,33
2015-03-03,1,2,32
2015-03-04,1,2,39
2015-03-05,1,2,61
2015-03-06,1,2,64
2015-03-07,1,2,65
2015-03-08,1,2,61
2015-03-09,1,2,50
2015-03-10,1,2,55
2015-03-11,1,2,45
2015-03-12,1,2,46
2015-03-13,1,2,50
2015-03-14,1,2,63
2015-03-15,1,2,58
2015-03-16,1,2,48
2015-03-17,1,2,39
2015-03-18,1,2,44
2015-03-19,1,2,33
2015-03-20,1,2,61
2015-03-21,1,2,41
2015-03-22,1,2,60
2015-03-23,1,2,45
2015-03-24,1,2,42
2015-03-25,1,2,46
2015-03-26,1,2,42
2015-03-27,1,2,61
2015-03-28,1,2,65
2015-03-29,1,2,55
2015-03-30,1,2,32
2015-03-31,1,2,43
2015-04-01,1,2,48
2015-04-02,1,2,60
2015-04-03,1,2,47
2015-04-04,1,2,64
2015-04-05,1,2,79
2015-04-06,1,2,55
2015-04-07,1,2,51
2015-04-08,1,2,53
2015-04-09,1,2,61
2015-04-10,1,2,53
2015-04-11,1,2,69
2015-04-12,1,2,61
2015-04-13,1,2,39
2015-04-14,1,2,43
2015-04-15,1,2,41
2015-04-16,1,2,69
2015-04-17,1,2,58
2015-04-18,1,2,60
2015-04-19,1,2,65
2015-04-20,1,2,41
2015-04-21,1,2,56
2015-04-22,1,2,49
2015-04-23,1,2,67
2015-04-24,1,2,61
2015-04-25,1,2,70
2015-04-26,1,2,66
2015-04-27,1,2,40
2015-04-28,1,2,57
2015-04-29,1,2,53
2015-04-30,1,2,64
2015-05-01,1,2,62
2015-05-02,1,2,77
2015-05-03,1,2,85
2015-05-04,1,2,51
2015-05-05,1,2,50
2015-05-06,1,2,60
2015-05-07,1,2,69
2015-05-08,1,2,60
2015-05-09,1,2,61
2015-05-10,1,2,78
2015-05-11,1,2,57
2015-05-12,1,2,57
2015-05-13,1,2,58
2015-05-14,1,2,61
2015-05-15,1,2,59
2015-05-16,1,2,77
2015-05-17,1,2,61
2015-05-18,1,2,50
2015-05-19,1,2,58
2015-05-20,1,2,48
2015-05-21,1,2,60
2015-05-22,1,2,68
2015-05-23,1,2,65
2015-05-24,1,2,81
2015-05-25,1,2,44
2015-05-26,1,2,66
2015-05-27,1,2,57
2015-05-28,1,2,72
2015-05-29,1,2,45
2015-05-30,1,2,65
2015-05-31,1,2,79
2015-06-01,1,2,49
2015-06-02,1,2,55
2015-06-03,1,2,56
2015-06-04,1,2,66
2015-06-05,1,2,65
2015-06-06,1,2,82
2015-06-07,1,2,76
2015-06-08,1,2,44
2015-06-09,1,2,62
2015-06-10,1,2,61
2015-06-11,1,2,38
2015-06-12,1,2,55
2015-06-13,1,2,71
2015-06-14,1,2,76
2015-06-15,1,2,45
2015-06-16,1,2,46
2015-06-17,1,2,78
2015-06-18,1,2,53
2015-06-19,1,2,68
2015-06-20,1,2,71
2015-06-21,1,2,69
2015-06-22,1,2,60
2015-06-23,1,2,50
2015-06-24,1,2,65
2015-06-25,1,2,52
2015-06-26,1,2,48
2015-06-27,1,2,55
2015-06-28,1,2,74
2015-06-29,1,2,67
2015-06-30,1,2,71
2015-07-01,1,2,48
2015-07-02,1,2,65
2015-07-03,1,2,62
2015-07-04,1,2,90
2015-07-05,1,2,84
2015-07-06,1,2,43
2015-07-07,1,2,62
2015-07-08,1,2,57
2015-07-09,1,2,74
2015-07-10,1,2,60
2015-07-11,1,2,67
2015-07-12,1,2,59
2015-07-13,1,2,53
2015-07-14,1,2,54
2015-07-15,1,2,72
2015-07-16,1,2,62
2015-07-17,1,2,76
2015-07-18,1,2,71
2015-07-19,1,2,76
2015-07-20,1,2,41
2015-07-21,1,2,60
2015-07-22,1,2,57
2015-07-23,1,2,44
2015-07-24,1,2,68
2015-07-25,1,2,72
2015-07-26,1,2,65
2015-07-27,1,2,47
2015-07-28,1,2,67
2015-07-29,1,2,53
2015-07-30,1,2,78
2015-07-31,1,2,80
2015-08-01,1,2,64
2015-08-02,1,2,82
2015-08-03,1,2,44
2015-08-04,1,2,58
2015-08-05,1,2,54
2015-08-06,1,2,65
2015-08-07,1,2,74
2015-08-08,1,2,58
2015-08-09,1,2,69
2015-08-10,1,2,45
2015-08-11,1,2,56
2015-08-12,1,2,59
2015-08-13,1,2,63
2015-08-14,1,2,70
2015-08-15,1,2,67
2015-08-16,1,2,66
2015-08-17,1,2,54
2015-08-18,1,2,50
2015-08-19,1,2,62
2015-08-20,1,2,48
2015-08-21,1,2,76
2015-08-22,1,2,75
2015-08-23,1,2,73
2015-08-24,1,2,46
2015-08-25,1,2,54
2015-08-26,1,2,66
2015-08-27,1,2,68
2015-08-28,1,2,73
2015-08-29,1,2,63
2015-08-30,1,2,66
2015-08-31,1,2,47
2015-09-01,1,2,54
2015-09-02,1,2,55
2015-09-03,1,2,49
2015-09-04,1,2,58
2015-09-05,1,2,65
2015-09-06,1,2,67
2015-09-07,1,2,46
2015-09-08,1,2,37
2015-09-09,1,2,44
2015-09-10,1,2,53
2015-09-11,1,2,63
2015-09-12,1,2,74
2015-09-13,1,2,64
2015-09-14,1,2,37
2015-09-15,1,2,42
2015-09-16,1,2,55
2015-09-17,1,2,47
2015-09-18,1,2,68
2015-09-19,1,2,61
2015-09-20,1,2,44
2015-09-21,1,2,43
2015-09-22,1,2,55
2015-09-23,1,2,48
2015-09-24,1,2,50
2015-09-25,1,2,50
2015-09-26,1,2,68
2015-09-27,1,2,67
2015-09-28,1,2,46
2015-09-29,1,2,51
2015-09-30,1,2,64
2015-10-01,1,2,47
2015-10-02,1,2,53
2015-10-03,1,2,66
2015-10-04,1,2,64
2015-10-05,1,2,48
2015-10-06,1,2,39
2015-10-07,1,2,42
2015-10-08,1,2,45
2015-10-09,1,2,56
2015-10-10,1,2,46
2015-10-11,1,2,81
2015-10-12,1,2,38
2015-10-13,1,2,46
2015-10-14,1,2,40
2015-10-15,1,2,59
2015-10-16,1,2,55
2015-10-17,1,2,69
2015-10-18,1,2,71
2015-10-19,1,2,45
2015-10-20,1,2,54
2015-10-21,1,2,46
2015-10-22,1,2,68
2015-10-23,1,2,46
2015-10-24,1,2,62
2015-10-25,1,2,55
2015-10-26,1,2,36
2015-10-27,1,2,50
2015-10-28,1,2,35
2015-10-29,1,2,44
2015-10-30,1,2,59
2015-10-31,1,2,57
2015-11-01,1,2,68
2015-11-02,1,2,42
2015-11-03,1,2,56
2015-11-04,1,2,65
2015-11-05,1,2,54
2015-11-06,1,2,67
2015-11-07,1,2,55
2015-11-08,1,2,68
2015-11-09,1,2,35
2015-11-10,1,2,53
2015-11-11,1,2,58
2015-11-12,1,2,55
2015-11-13,1,2,54
2015-11-14,1,2,51
2015-11-15,1,2,68
2015-11-16,1,2,47
2015-11-17,1,2,52
2015-11-18,1,2,62
2015-11-19,1,2,67
2015-11-20,1,2,51
2015-11-21,1,2,54
2015-11-22,1,2,66
2015-11-23,1,2,44
2015-11-24,1,2,53
2015-11-25,1,2,50
2015-11-26,1,2,60
2015-11-27,1,2,55
2015-11-28,1,2,69
2015-11-29,1,2,62
2015-11-30,1,2,39
2015-12-01,1,2,42
2015-12-02,1,2,32
2015-12-03,1,2,43
2015-12-04,1,2,42
2015-12-05,1,2,50
2015-12-06,1,2,54
2015-12-07,1,2,34
2015-12-08,1,2,38
2015-12-09,1,2,33
2015-12-10,1,2,43
2015-12-11,1,2,37
2015-12-12,1,2,38
2015-12-13,1,2,46
2015-12-14,1,2,23
2015-12-15,1,2,36
2015-12-16,1,2,42
2015-12-17,1,2,37
2015-12-18,1,2,36
2015-12-19,1,2,48
2015-12-20,1,2,47
2015-12-21,1,2,33
2015-12-22,1,2,22
2015-12-23,1,2,41
2015-12-24,1,2,31
2015-12-25,1,2,37
2015-12-26,1,2,59
2015-12-27,1,2,55
2015-12-28,1,2,35
2015-12-29,1,2,43
2015-12-30,1,2,34
2015-12-31,1,2,36
2016-01-01,1,2,32
2016-01-02,1,2,43
2016-01-03,1,2,47
2016-01-04,1,2,22
2016-01-05,1,2,34
2016-01-06,1,2,38
2016-01-07,1,2,45
2016-01-08,1,2,34
2016-01-09,1,2,52
2016-01-10,1,2,44
2016-01-11,1,2,33
2016-01-12,1,2,52
2016-01-13,1,2,36
2016-01-14,1,2,45
2016-01-15,1,2,48
2016-01-16,1,2,35
2016-01-17,1,2,54
2016-01-18,1,2,30
2016-01-19,1,2,23
2016-01-20,1,2,41
2016-01-21,1,2,48
2016-01-22,1,2,48
2016-01-23,1,2,48
2016-01-24,1,2,48
2016-01-25,1,2,38
2016-01-26,1,2,38
2016-01-27,1,2,31
2016-01-28,1,2,35
2016-01-29,1,2,40
2016-01-30,1,2,42
2016-01-31,1,2,44
2016-02-01,1,2,53
2016-02-02,1,2,34
2016-02-03,1,2,52
2016-02-04,1,2,45
2016-02-05,1,2,49
2016-02-06,1,2,48
2016-02-07,1,2,55
2016-02-08,1,2,30
2016-02-09,1,2,45
2016-02-10,1,2,41
2016-02-11,1,2,52
2016-02-12,1,2,46
2016-02-13,1,2,44
2016-02-14,1,2,44
2016-02-15,1,2,33
2016-02-16,1,2,39
2016-02-17,1,2,45
2016-02-18,1,2,56
2016-02-19,1,2,46
2016-02-20,1,2,43
2016-02-21,1,2,49
2016-02-22,1,2,41
2016-02-23,1,2,44
2016-02-24,1,2,28
2016-02-25,1,2,48
2016-02-26,1,2,41
2016-02-27,1,2,43
2016-02-28,1,2,41
2016-02-29,1,2,35
2016-03-01,1,2,57
2016-03-02,1,2,45
2016-03-03,1,2,58
2016-03-04,1,2,61
2016-03-05,1,2,71
2016-03-06,1,2,66
2016-03-07,1,2,44
2016-03-08,1,2,35
2016-03-09,1,2,54
2016-03-10,1,2,42
2016-03-11,1,2,44
2016-03-12,1,2,61
2016-03-13,1,2,59
2016-03-14,1,2,43
2016-03-15,1,2,44
2016-03-16,1,2,46
2016-03-17,1,2,54
2016-03-18,1,2,62
2016-03-19,1,2,53
2016-03-20,1,2,63
2016-03-21,1,2,39
2016-03-22,1,2,52
2016-03-23,1,2,49
2016-03-24,1,2,54
2016-03-25,1,2,61
2016-03-26,1,2,53
2016-03-27,1,2,66
2016-03-28,1,2,39
2016-03-29,1,2,47
2016-03-30,1,2,49
2016-03-31,1,2,57
2016-04-01,1,2,73
2016-04-02,1,2,58
2016-04-03,1,2,85
2016-04-04,1,2,48
2016-04-05,1,2,52
2016-04-06,1,2,67
2016-04-07,1,2,54
2016-04-08,1,2,71
2016-04-09,1,2,68
2016-04-10,1,2,74
2016-04-11,1,2,36
2016-04-12,1,2,55
2016-04-13,1,2,56
2016-04-14,1,2,71
2016-04-15,1,2,60
2016-04-16,1,2,66
2016-04-17,1,2,60
2016-04-18,1,2,45
2016-04-19,1,2,50
2016-04-20,1,2,57
2016-04-21,1,2,60
2016-04-22,1,2,65
2016-04-23,1,2,71
2016-04-24,1,2,56
2016-04-25,1,2,36
2016-04-26,1,2,59
2016-04-27,1,2,62
2016-04-28,1,2,59
2016-04-29,1,2,52
2016-04-30,1,2,65
2016-05-01,1,2,87
2016-05-02,1,2,54
2016-05-03,1,2,67
2016-05-04,1,2,57
2016-05-05,1,2,50
2016-05-06,1,2,85
2016-05-07,1,2,82
2016-05-08,1,2,64
2016-05-09,1,2,49
2016-05-10,1,2,58
2016-05-11,1,2,71
2016-05-12,1,2,68
2016-05-13,1,2,61
2016-05-14,1,2,74
2016-05-15,1,2,65
2016-05-16,1,2,50
2016-05-17,1,2,61
2016-05-18,1,2,51
2016-05-19,1,2,69
2016-05-20,1,2,78
2016-05-21,1,2,65
2016-05-22,1,2,76
2016-05-23,1,2,50
2016-05-24,1,2,62
2016-05-25,1,2,54
2016-05-26,1,2,65
2016-05-27,1,2,60
2016-05-28,1,2,81
2016-05-29,1,2,79
2016-05-30,1,2,48
2016-05-31,1,2,62
2016-06-01,1,2,68
2016-06-02,1,2,60
2016-06-03,1,2,77
2016-06-04,1,2,103
2016-06-05,1,2,66
2016-06-06,1,2,52
2016-06-07,1,2,63
2016-06-08,1,2,61
2016-06-09,1,2,62
2016-06-10,1,2,51
2016-06-11,1,2,84
2016-06-12,1,2,77
2016-06-13,1,2,51
2016-06-14,1,2,70
2016-06-15,1,2,56
2016-06-16,1,2,61
2016-06-17,1,2,71
2016-06-18,1,2,97
2016-06-19,1,2,96
2016-06-20,1,2,54
2016-06-21,1,2,62
2016-06-22,1,2,69
2016-06-23,1,2,80
2016-06-24,1,2,66
2016-06-25,1,2,82
2016-06-26,1,2,70
2016-06-27,1,2,57
2016-06-28,1,2,60
2016-06-29,1,2,65
2016-06-30,1,2,71
2016-07-01,1,2,85
2016-07-02,1,2,95
2016-07-03,1,2,90
2016-07-04,1,2,63
2016-07-05,1,2,74
2016-07-06,1,2,75
2016-07-07,1,2,82
2016-07-08,1,2,90
2016-07-09,1,2,74
2016-07-10,1,2,89
2016-07-11,1,2,61
2016-07-12,1,2,75
2016-07-13,1,2,61
2016-07-14,1,2,79
2016-07-15,1,2,66
2016-07-16,1,2,84
2016-07-17,1,2,104
2016-07-18,1,2,74
2016-07-19,1,2,59
2016-07-20,1,2,63
2016-07-21,1,2,74
2016-07-22,1,2,75
2016-07-23,1,2,79
2016-07-24,1,2,80
2016-07-25,1,2,62
2016-07-26,1,2,66
2016-07-27,1,2,70
2016-07-28,1,2,71
2016-07-29,1,2,84
2016-07-30,1,2,89
2016-07-31,1,2,94
2016-08-01,1,2,60
2016-08-02,1,2,53
2016-08-03,1,2,58
2016-08-04,1,2,56
2016-08-05,1,2,61
2016-08-06,1,2,65
2016-08-07,1,2,84
2016-08-08,1,2,48
2016-08-09,1,2,65
2016-08-10,1,2,55
2016-08-11,1,2,64
2016-08-12,1,2,76
2016-08-13,1,2,65
2016-08-14,1,2,100
2016-08-15,1,2,55
2016-08-16,1,2,52
2016-08-17,1,2,57
2016-08-18,1,2,67
2016-08-19,1,2,60
2016-08-20,1,2,66
2016-08-21,1,2,88
2016-08-22,1,2,47
2016-08-23,1,2,58
2016-08-24,1,2,71
2016-08-25,1,2,60
2016-08-26,1,2,82
2016-08-27,1,2,81
2016-08-28,1,2,89
2016-08-29,1,2,60
2016-08-30,1,2,50
2016-08-31,1,2,63
2016-09-01,1,2,53
2016-09-02,1,2,74
2016-09-03,1,2,84
2016-09-04,1,2,77
2016-09-05,1,2,47
2016-09-06,1,2,55
2016-09-07,1,2,59
2016-09-08,1,2,56
2016-09-09,1,2,51
2016-09-10,1,2,59
2016-09-11,1,2,62
2016-09-12,1,2,46
2016-09-13,1,2,51
2016-09-14,1,2,67
2016-09-15,1,2,52
2016-09-16,1,2,47
2016-09-17,1,2,66
2016-09-18,1,2,71
2016-09-19,1,2,52
2016-09-20,1,2,52
2016-09-21,1,2,64
2016-09-22,1,2,56
2016-09-23,1,2,60
2016-09-24,1,2,76
2016-09-25,1,2,91
2016-09-26,1,2,51
2016-09-27,1,2,45
2016-09-28,1,2,57
2016-09-29,1,2,59
2016-09-30,1,2,67
2016-10-01,1,2,69
2016-10-02,1,2,64
2016-10-03,1,2,39
2016-10-04,1,2,51
2016-10-05,1,2,56
2016-10-06,1,2,61
2016-10-07,1,2,56
2016-10-08,1,2,70
2016-10-09,1,2,66
2016-10-10,1,2,51
2016-10-11,1,2,54
2016-10-12,1,2,51
2016-10-13,1,2,67
2016-10-14,1,2,80
2016-10-15,1,2,62
2016-10-16,1,2,66
2016-10-17,1,2,46
2016-10-18,1,2,50
2016-10-19,1,2,59
2016-10-20,1,2,62
2016-10-21,1,2,51
2016-10-22,1,2,70
2016-10-23,1,2,69
2016-10-24,1,2,49
2016-10-25,1,2,58
2016-10-26,1,2,49
2016-10-27,1,2,52
2016-10-28,1,2,67
2016-10-29,1,2,59
2016-10-30,1,2,58
2016-10-31,1,2,44
2016-11-01,1,2,50
2016-11-02,1,2,67
2016-11-03,1,2,55
2016-11-04,1,2,79
2016-11-05,1,2,57
2016-11-06,1,2,66
2016-11-07,1,2,43
2016-11-08,1,2,54
2016-11-09,1,2,68
2016-11-10,1,2,76
2016-11-11,1,2,69
2016-11-12,1,2,64
2016-11-13,1,2,76
2016-11-14,1,2,49
2016-11-15,1,2,57
2016-11-16,1,2,50
2016-11-17,1,2,53
2016-11-18,1,2,61
2016-11-19,1,2,72
2016-11-20,1,2,79
2016-11-21,1,2,47
2016-11-22,1,2,49
2016-11-23,1,2,50
2016-11-24,1,2,49
2016-11-25,1,2,58
2016-11-26,1,2,62
2016-11-27,1,2,78
2016-11-28,1,2,50
2016-11-29,1,2,49
2016-11-30,1,2,52
2016-12-01,1,2,43
2016-12-02,1,2,44
2016-12-03,1,2,40
2016-12-04,1,2,51
2016-12-05,1,2,29
2016-12-06,1,2,45
2016-12-07,1,2,39
2016-12-08,1,2,35
2016-12-09,1,2,41
2016-12-10,1,2,47
2016-12-11,1,2,53
2016-12-12,1,2,36
2016-12-13,1,2,45
2016-12-14,1,2,41
2016-12-15,1,2,52
2016-12-16,1,2,42
2016-12-17,1,2,55
2016-12-18,1,2,40
2016-12-19,1,2,33
2016-12-20,1,2,47
2016-12-21,1,2,46
2016-12-22,1,2,35
2016-12-23,1,2,64
2016-12-24,1,2,47
2016-12-25,1,2,39
2016-12-26,1,2,30
2016-12-27,1,2,41
2016-12-28,1,2,38
2016-12-29,1,2,56
2016-12-30,1,2,37
2016-12-31,1,2,47
2017-01-01,1,2,40
2017-01-02,1,2,26
2017-01-03,1,2,33
2017-01-04,1,2,41
2017-01-05,1,2,39
2017-01-06,1,2,43
2017-01-07,1,2,46
2017-01-08,1,2,58
2017-01-09,1,2,31
2017-01-10,1,2,36
2017-01-11,1,2,42
2017-01-12,1,2,39
2017-01-13,1,2,34
2017-01-14,1,2,29
2017-01-15,1,2,47
2017-01-16,1,2,21
2017-01-17,1,2,37
2017-01-18,1,2,41
2017-01-19,1,2,51
2017-01-20,1,2,48
2017-01-21,1,2,42
2017-01-22,1,2,49
2017-01-23,1,2,25
2017-01-24,1,2,44
2017-01-25,1,2,38
2017-01-26,1,2,30
2017-01-27,1,2,32
2017-01-28,1,2,48
2017-01-29,1,2,47
2017-01-30,1,2,28
2017-01-31,1,2,37
2017-02-01,1,2,34
2017-02-02,1,2,47
2017-02-03,1,2,45
2017-02-04,1,2,42
2017-02-05,1,2,38
2017-02-06,1,2,38
2017-02-07,1,2,33
2017-02-08,1,2,37
2017-02-09,1,2,39
2017-02-10,1,2,38
2017-02-11,1,2,52
2017-02-12,1,2,47
2017-02-13,1,2,45
2017-02-14,1,2,46
2017-02-15,1,2,38
2017-02-16,1,2,46
2017-02-17,1,2,59
2017-02-18,1,2,47
2017-02-19,1,2,55
2017-02-20,1,2,32
2017-02-21,1,2,26
2017-02-22,1,2,45
2017-02-23,1,2,50
2017-02-24,1,2,49
2017-02-25,1,2,46
2017-02-26,1,2,41
2017-02-27,1,2,44
2017-02-28,1,2,37
2017-03-01,1,2,48
2017-03-02,1,2,54
2017-03-03,1,2,47
2017-03-04,1,2,70
2017-03-05,1,2,57
2017-03-06,1,2,36
2017-03-07,1,2,57
2017-03-08,1,2,51
2017-03-09,1,2,43
2017-03-10,1,2,53
2017-03-11,1,2,54
2017-03-12,1,2,63
2017-03-13,1,2,52
2017-03-14,1,2,56
2017-03-15,1,2,59
2017-03-16,1,2,52
2017-03-17,1,2,52
2017-03-18,1,2,55
2017-03-19,1,2,65
2017-03-20,1,2,34
2017-03-21,1,2,47
2017-03-22,1,2,33
2017-03-23,1,2,51
2017-03-24,1,2,62
2017-03-25,1,2,55
2017-03-26,1,2,55
2017-03-27,1,2,40
2017-03-28,1,2,45
2017-03-29,1,2,45
2017-03-30,1,2,44
2017-03-31,1,2,57
2017-04-01,1,2,61
2017-04-02,1,2,66
2017-04-03,1,2,43
2017-04-04,1,2,53
2017-04-05,1,2,76
2017-04-06,1,2,62
2017-04-07,1,2,62
2017-04-08,1,2,77
2017-04-09,1,2,86
2017-04-10,1,2,52
2017-04-11,1,2,68
2017-04-12,1,2,59
2017-04-13,1,2,71
2017-04-14,1,2,78
2017-04-15,1,2,79
2017-04-16,1,2,60
2017-04-17,1,2,58
2017-04-18,1,2,51
2017-04-19,1,2,64
2017-04-20,1,2,48
2017-04-21,1,2,61
2017-04-22,1,2,71
2017-04-23,1,2,88
2017-04-24,1,2,54
2017-04-25,1,2,61
2017-04-26,1,2,59
2017-04-27,1,2,58
2017-04-28,1,2,61
2017-04-29,1,2,84
2017-04-30,1,2,80
2017-05-01,1,2,60
2017-05-02,1,2,66
2017-05-03,1,2,51
2017-05-04,1,2,63
2017-05-05,1,2,79
2017-05-06,1,2,76
2017-05-07,1,2,67
2017-05-08,1,2,64
2017-05-09,1,2,73
2017-05-10,1,2,55
2017-05-11,1,2,83
2017-05-12,1,2,82
2017-05-13,1,2,85
2017-05-14,1,2,85
2017-05-15,1,2,54
2017-05-16,1,2,61
2017-05-17,1,2,68
2017-05-18,1,2,76
2017-05-19,1,2,72
2017-05-20,1,2,89
2017-05-21,1,2,91
2017-05-22,1,2,48
2017-05-23,1,2,62
2017-05-24,1,2,73
2017-05-25,1,2,66
2017-05-26,1,2,66
2017-05-27,1,2,82
2017-05-28,1,2,48
2017-05-29,1,2,39
2017-05-30,1,2,57
2017-05-31,1,2,60
2017-06-01,1,2,83
2017-06-02,1,2,85
2017-06-03,1,2,106
2017-06-04,1,2,103
2017-06-05,1,2,54
2017-06-06,1,2,67
2017-06-07,1,2,67
2017-06-08,1,2,68
2017-06-09,1,2,75
2017-06-10,1,2,85
2017-06-11,1,2,87
2017-06-12,1,2,66
2017-06-13,1,2,79
2017-06-14,1,2,63
2017-06-15,1,2,77
2017-06-16,1,2,76
2017-06-17,1,2,82
2017-06-18,1,2,77
2017-06-19,1,2,54
2017-06-20,1,2,66
2017-06-21,1,2,56
2017-06-22,1,2,64
2017-06-23,1,2,75
2017-06-24,1,2,88
2017-06-25,1,2,101
2017-06-26,1,2,48
2017-06-27,1,2,53
2017-06-28,1,2,63
2017-06-29,1,2,64
2017-06-30,1,2,82
2017-07-01,1,2,83
2017-07-02,1,2,98
2017-07-03,1,2,52
2017-07-04,1,2,66
2017-07-05,1,2,67
2017-07-06,1,2,67
2017-07-07,1,2,80
2017-07-08,1,2,94
2017-07-09,1,2,97
2017-07-10,1,2,49
2017-07-11,1,2,65
2017-07-12,1,2,76
2017-07-13,1,2,63
2017-07-14,1,2,84
2017-07-15,1,2,86
2017-07-16,1,2,115
2017-07-17,1,2,64
2017-07-18,1,2,76
2017-07-19,1,2,81
2017-07-20,1,2,76
2017-07-21,1,2,81
2017-07-22,1,2,94
2017-07-23,1,2,89
2017-07-24,1,2,53
2017-07-25,1,2,70
2017-07-26,1,2,67
2017-07-27,1,2,73
2017-07-28,1,2,73
2017-07-29,1,2,86
2017-07-30,1,2,86
2017-07-31,1,2,59
2017-08-01,1,2,58
2017-08-02,1,2,59
2017-08-03,1,2,72
2017-08-04,1,2,77
2017-08-05,1,2,65
2017-08-06,1,2,89
2017-08-07,1,2,54
2017-08-08,1,2,81
2017-08-09,1,2,58
2017-08-10,1,2,72
2017-08-11,1,2,74
2017-08-12,1,2,67
2017-08-13,1,2,78
2017-08-14,1,2,50
2017-08-15,1,2,59
2017-08-16,1,2,48
2017-08-17,1,2,64
2017-08-18,1,2,70
2017-08-19,1,2,78
2017-08-20,1,2,90
2017-08-21,1,2,46
2017-08-22,1,2,62
2017-08-23,1,2,65
2017-08-24,1,2,69
2017-08-25,1,2,91
2017-08-26,1,2,70
2017-08-27,1,2,94
2017-08-28,1,2,55
2017-08-29,1,2,42
2017-08-30,1,2,77
2017-08-31,1,2,55
2017-09-01,1,2,67
2017-09-02,1,2,78
2017-09-03,1,2,87
2017-09-04,1,2,51
2017-09-05,1,2,54
2017-09-06,1,2,69
2017-09-07,1,2,59
2017-09-08,1,2,65
2017-09-09,1,2,71
2017-09-10,1,2,64
2017-09-11,1,2,44
2017-09-12,1,2,58
2017-09-13,1,2,57
2017-09-14,1,2,71
2017-09-15,1,2,60
2017-09-16,1,2,75
2017-09-17,1,2,58
2017-09-18,1,2,47
2017-09-19,1,2,66
2017-09-20,1,2,61
2017-09-21,1,2,66
2017-09-22,1,2,70
2017-09-23,1,2,85
2017-09-24,1,2,73
2017-09-25,1,2,49
2017-09-26,1,2,61
2017-09-27,1,2,57
2017-09-28,1,2,55
2017-09-29,1,2,66
2017-09-30,1,2,79
2017-10-01,1,2,60
2017-10-02,1,2,56
2017-10-03,1,2,55
2017-10-04,1,2,55
2017-10-05,1,2,59
2017-10-06,1,2,54
2017-10-07,1,2,61
2017-10-08,1,2,60
2017-10-09,1,2,46
2017-10-10,1,2,52
2017-10-11,1,2,55
2017-10-12,1,2,48
2017-10-13,1,2,53
2017-10-14,1,2,64
2017-10-15,1,2,64
2017-10-16,1,2,44
2017-10-17,1,2,47
2017-10-18,1,2,70
2017-10-19,1,2,45
2017-10-20,1,2,51
2017-10-21,1,2,70
2017-10-22,1,2,61
2017-10-23,1,2,45
2017-10-24,1,2,56
2017-10-25,1,2,66
2017-10-26,1,2,44
2017-10-27,1,2,66
2017-10-28,1,2,61
2017-10-29,1,2,77
2017-10-30,1,2,53
2017-10-31,1,2,50
2017-11-01,1,2,63
2017-11-02,1,2,67
2017-11-03,1,2,75
2017-11-04,1,2,68
2017-11-05,1,2,74
2017-11-06,1,2,69
2017-11-07,1,2,68
2017-11-08,1,2,58
2017-11-09,1,2,62
2017-11-10,1,2,58
2017-11-11,1,2,69
2017-11-12,1,2,76
2017-11-13,1,2,61
2017-11-14,1,2,57
2017-11-15,1,2,55
2017-11-16,1,2,53
2017-11-17,1,2,75
2017-11-18,1,2,78
2017-11-19,1,2,73
2017-11-20,1,2,54
2017-11-21,1,2,55
2017-11-22,1,2,51
2017-11-23,1,2,73
2017-11-24,1,2,68
2017-11-25,1,2,63
2017-11-26,1,2,78
2017-11-27,1,2,58
2017-11-28,1,2,57
2017-11-29,1,2,66
2017-11-30,1,2,80
2017-12-01,1,2,56
2017-12-02,1,2,64
2017-12-03,1,2,59
2017-12-04,1,2,33
2017-12-05,1,2,45
2017-12-06,1,2,50
2017-12-07,1,2,47
2017-12-08,1,2,44
2017-12-09,1,2,50
2017-12-10,1,2,50
2017-12-11,1,2,43
2017-12-12,1,2,37
2017-12-13,1,2,50
2017-12-14,1,2,42
2017-12-15,1,2,52
2017-12-16,1,2,48
2017-12-17,1,2,55
2017-12-18,1,2,37
2017-12-19,1,2,41
2017-12-20,1,2,35
2017-12-21,1,2,39
2017-12-22,1,2,41
2017-12-23,1,2,52
2017-12-24,1,2,47
2017-12-25,1,2,37
2017-12-26,1,2,43
2017-12-27,1,2,55
2017-12-28,1,2,50
2017-12-29,1,2,50
2017-12-30,1,2,56
2017-12-31,1,2,67
2013-01-01,1,3,15
2013-01-02,1,3,30
2013-01-03,1,3,14
2013-01-04,1,3,10
2013-01-05,1,3,23
2013-01-06,1,3,23
2013-01-07,1,3,10
2013-01-08,1,3,13
2013-01-09,1,3,16
2013-01-10,1,3,15
2013-01-11,1,3,24
2013-01-12,1,3,19
2013-01-13,1,3,19
2013-01-14,1,3,15
2013-01-15,1,3,12
2013-01-16,1,3,26
2013-01-17,1,3,14
2013-01-18,1,3,21
2013-01-19,1,3,13
2013-01-20,1,3,21
2013-01-21,1,3,18
2013-01-22,1,3,20
2013-01-23,1,3,14
2013-01-24,1,3,20
2013-01-25,1,3,21
2013-01-26,1,3,17
2013-01-27,1,3,17
2013-01-28,1,3,14
2013-01-29,1,3,15
2013-01-30,1,3,14
2013-01-31,1,3,24
2013-02-01,1,3,22
2013-02-02,1,3,32
2013-02-03,1,3,29
2013-02-04,1,3,21
2013-02-05,1,3,21
2013-02-06,1,3,19
2013-02-07,1,3,15
2013-02-08,1,3,26
2013-02-09,1,3,24
2013-02-10,1,3,24
2013-02-11,1,3,18
2013-02-12,1,3,17
2013-02-13,1,3,21
2013-02-14,1,3,12
2013-02-15,1,3,23
2013-02-16,1,3,23
2013-02-17,1,3,22
2013-02-18,1,3,16
2013-02-19,1,3,19
2013-02-20,1,3,25
2013-02-21,1,3,21
2013-02-22,1,3,24
2013-02-23,1,3,29
2013-02-24,1,3,15
2013-02-25,1,3,19
2013-02-26,1,3,17
2013-02-27,1,3,19
2013-02-28,1,3,24
2013-03-01,1,3,31
2013-03-02,1,3,32
2013-03-03,1,3,27
2013-03-04,1,3,19
2013-03-05,1,3,18
2013-03-06,1,3,19
2013-03-07,1,3,22
2013-03-08,1,3,22
2013-03-09,1,3,35
2013-03-10,1,3,33
2013-03-11,1,3,21
2013-03-12,1,3,27
2013-03-13,1,3,21
2013-03-14,1,3,22
2013-03-15,1,3,23
2013-03-16,1,3,30
2013-03-17,1,3,24
2013-03-18,1,3,19
2013-03-19,1,3,21
2013-03-20,1,3,25
2013-03-21,1,3,24
2013-03-22,1,3,31
2013-03-23,1,3,41
2013-03-24,1,3,27
2013-03-25,1,3,14
2013-03-26,1,3,30
2013-03-27,1,3,23
2013-03-28,1,3,23
2013-03-29,1,3,21
2013-03-30,1,3,30
2013-03-31,1,3,34
2013-04-01,1,3,23
2013-04-02,1,3,25
2013-04-03,1,3,18
2013-04-04,1,3,31
2013-04-05,1,3,43
2013-04-06,1,3,34
2013-04-07,1,3,37
2013-04-08,1,3,19
2013-04-09,1,3,17
2013-04-10,1,3,24
2013-04-11,1,3,34
2013-04-12,1,3,37
2013-04-13,1,3,31
2013-04-14,1,3,39
2013-04-15,1,3,24
2013-04-16,1,3,13
2013-04-17,1,3,25
2013-04-18,1,3,21
2013-04-19,1,3,40
2013-04-20,1,3,29
2013-04-21,1,3,35
2013-04-22,1,3,33
2013-04-23,1,3,32
2013-04-24,1,3,33
2013-04-25,1,3,31
2013-04-26,1,3,21
2013-04-27,1,3,32
2013-04-28,1,3,28
2013-04-29,1,3,16
2013-04-30,1,3,28
2013-05-01,1,3,38
2013-05-02,1,3,26
2013-05-03,1,3,41
2013-05-04,1,3,40
2013-05-05,1,3,33
2013-05-06,1,3,23
2013-05-07,1,3,29
2013-05-08,1,3,17
2013-05-09,1,3,23
2013-05-10,1,3,42
2013-05-11,1,3,34
2013-05-12,1,3,38
2013-05-13,1,3,17
2013-05-14,1,3,26
2013-05-15,1,3,34
2013-05-16,1,3,34
2013-05-17,1,3,34
2013-05-18,1,3,36
2013-05-19,1,3,41
2013-05-20,1,3,16
2013-05-21,1,3,35
2013-05-22,1,3,24
2013-05-23,1,3,39
2013-05-24,1,3,43
2013-05-25,1,3,34
2013-05-26,1,3,34
2013-05-27,1,3,26
2013-05-28,1,3,29
2013-05-29,1,3,33
2013-05-30,1,3,38
2013-05-31,1,3,36
2013-06-01,1,3,34
2013-06-02,1,3,34
2013-06-03,1,3,26
2013-06-04,1,3,32
2013-06-05,1,3,29
2013-06-06,1,3,29
2013-06-07,1,3,38
2013-06-08,1,3,36
2013-06-09,1,3,42
2013-06-10,1,3,27
2013-06-11,1,3,38
2013-06-12,1,3,30
2013-06-13,1,3,26
2013-06-14,1,3,25
2013-06-15,1,3,42
2013-06-16,1,3,46
2013-06-17,1,3,33
2013-06-18,1,3,27
2013-06-19,1,3,30
2013-06-20,1,3,35
2013-06-21,1,3,39
2013-06-22,1,3,23
2013-06-23,1,3,33
2013-06-24,1,3,27
2013-06-25,1,3,37
2013-06-26,1,3,29
2013-06-27,1,3,36
2013-06-28,1,3,33
2013-06-29,1,3,39
2013-06-30,1,3,41
2013-07-01,1,3,32
2013-07-02,1,3,33
2013-07-03,1,3,43
2013-07-04,1,3,37
2013-07-05,1,3,29
2013-07-06,1,3,27
2013-07-07,1,3,39
2013-07-08,1,3,27
2013-07-09,1,3,24
2013-07-10,1,3,36
2013-07-11,1,3,38
2013-07-12,1,3,47
2013-07-13,1,3,33
2013-07-14,1,3,45
2013-07-15,1,3,28
2013-07-16,1,3,41
2013-07-17,1,3,29
2013-07-18,1,3,37
2013-07-19,1,3,29
2013-07-20,1,3,43
2013-07-21,1,3,45
2013-07-22,1,3,22
2013-07-23,1,3,45
2013-07-24,1,3,43
2013-07-25,1,3,34
2013-07-26,1,3,42
2013-07-27,1,3,31
2013-07-28,1,3,50
2013-07-29,1,3,21
2013-07-30,1,3,38
2013-07-31,1,3,37
2013-08-01,1,3,28
2013-08-02,1,3,35
2013-08-03,1,3,36
2013-08-04,1,3,24
2013-08-05,1,3,18
2013-08-06,1,3,42
2013-08-07,1,3,27
2013-08-08,1,3,35
2013-08-09,1,3,39
2013-08-10,1,3,43
2013-08-11,1,3,30
2013-08-12,1,3,21
2013-08-13,1,3,34
2013-08-14,1,3,28
2013-08-15,1,3,36
2013-08-16,1,3,37
2013-08-17,1,3,29
2013-08-18,1,3,34
2013-08-19,1,3,36
2013-08-20,1,3,31
2013-08-21,1,3,22
2013-08-22,1,3,30
2013-08-23,1,3,38
2013-08-24,1,3,46
2013-08-25,1,3,34
2013-08-26,1,3,22
2013-08-27,1,3,29
2013-08-28,1,3,28
2013-08-29,1,3,26
2013-08-30,1,3,44
2013-08-31,1,3,34
2013-09-01,1,3,42
2013-09-02,1,3,28
2013-09-03,1,3,29
2013-09-04,1,3,21
2013-09-05,1,3,30
2013-09-06,1,3,31
2013-09-07,1,3,37
2013-09-08,1,3,40
2013-09-09,1,3,18
2013-09-10,1,3,34
2013-09-11,1,3,27
2013-09-12,1,3,32
2013-09-13,1,3,29
2013-09-14,1,3,34
2013-09-15,1,3,28
2013-09-16,1,3,20
2013-09-17,1,3,25
2013-09-18,1,3,31
2013-09-19,1,3,33
2013-09-20,1,3,27
2013-09-21,1,3,33
2013-09-22,1,3,37
2013-09-23,1,3,13
2013-09-24,1,3,34
2013-09-25,1,3,25
2013-09-26,1,3,30
2013-09-27,1,3,34
2013-09-28,1,3,36
2013-09-29,1,3,32
2013-09-30,1,3,21
2013-10-01,1,3,21
2013-10-02,1,3,32
2013-10-03,1,3,32
2013-10-04,1,3,30
2013-10-05,1,3,26
2013-10-06,1,3,30
2013-10-07,1,3,16
2013-10-08,1,3,21
2013-10-09,1,3,21
2013-10-10,1,3,32
2013-10-11,1,3,19
2013-10-12,1,3,23
2013-10-13,1,3,23
2013-10-14,1,3,19
2013-10-15,1,3,29
2013-10-16,1,3,23
2013-10-17,1,3,27
2013-10-18,1,3,21
2013-10-19,1,3,23
2013-10-20,1,3,37
2013-10-21,1,3,19
2013-10-22,1,3,22
2013-10-23,1,3,22
2013-10-24,1,3,28
2013-10-25,1,3,28
2013-10-26,1,3,31
2013-10-27,1,3,31
2013-10-28,1,3,16
2013-10-29,1,3,23
2013-10-30,1,3,23
2013-10-31,1,3,28
2013-11-01,1,3,38
2013-11-02,1,3,24
2013-11-03,1,3,33
2013-11-04,1,3,33
2013-11-05,1,3,27
2013-11-06,1,3,19
2013-11-07,1,3,30
2013-11-08,1,3,37
2013-11-09,1,3,31
2013-11-10,1,3,30
2013-11-11,1,3,22
2013-11-12,1,3,26
2013-11-13,1,3,14
2013-11-14,1,3,26
2013-11-15,1,3,35
2013-11-16,1,3,33
2013-11-17,1,3,37
2013-11-18,1,3,32
2013-11-19,1,3,34
2013-11-20,1,3,22
2013-11-21,1,3,34
2013-11-22,1,3,30
2013-11-23,1,3,32
2013-11-24,1,3,29
2013-11-25,1,3,25
2013-11-26,1,3,36
2013-11-27,1,3,31
2013-11-28,1,3,28
2013-11-29,1,3,36
2013-11-30,1,3,36
2013-12-01,1,3,20
2013-12-02,1,3,20
2013-12-03,1,3,21
2013-12-04,1,3,16
2013-12-05,1,3,22
2013-12-06,1,3,19
2013-12-07,1,3,21
2013-12-08,1,3,26
2013-12-09,1,3,19
2013-12-10,1,3,19
2013-12-11,1,3,19
2013-12-12,1,3,28
2013-12-13,1,3,21
2013-12-14,1,3,35
2013-12-15,1,3,26
2013-12-16,1,3,20
2013-12-17,1,3,19
2013-12-18,1,3,18
2013-12-19,1,3,19
2013-12-20,1,3,23
2013-12-21,1,3,23
2013-12-22,1,3,33
2013-12-23,1,3,18
2013-12-24,1,3,19
2013-12-25,1,3,27
2013-12-26,1,3,15
2013-12-27,1,3,19
2013-12-28,1,3,17
2013-12-29,1,3,23
2013-12-30,1,3,14
2013-12-31,1,3,18
2014-01-01,1,3,21
2014-01-02,1,3,24
2014-01-03,1,3,20
2014-01-04,1,3,19
2014-01-05,1,3,24
2014-01-06,1,3,15
2014-01-07,1,3,20
2014-01-08,1,3,22
2014-01-09,1,3,25
2014-01-10,1,3,27
2014-01-11,1,3,24
2014-01-12,1,3,24
2014-01-13,1,3,24
2014-01-14,1,3,19
2014-01-15,1,3,14
2014-01-16,1,3,22
2014-01-17,1,3,20
2014-01-18,1,3,29
2014-01-19,1,3,21
2014-01-20,1,3,21
2014-01-21,1,3,19
2014-01-22,1,3,20
2014-01-23,1,3,22
2014-01-24,1,3,22
2014-01-25,1,3,17
2014-01-26,1,3,24
2014-01-27,1,3,14
2014-01-28,1,3,31
2014-01-29,1,3,17
2014-01-30,1,3,16
2014-01-31,1,3,17
2014-02-01,1,3,27
2014-02-02,1,3,28
2014-02-03,1,3,13
2014-02-04,1,3,22
2014-02-05,1,3,25
2014-02-06,1,3,23
2014-02-07,1,3,38
2014-02-08,1,3,33
2014-02-09,1,3,34
2014-02-10,1,3,27
2014-02-11,1,3,19
2014-02-12,1,3,21
2014-02-13,1,3,26
2014-02-14,1,3,25
2014-02-15,1,3,26
2014-02-16,1,3,28
2014-02-17,1,3,17
2014-02-18,1,3,25
2014-02-19,1,3,18
2014-02-20,1,3,27
2014-02-21,1,3,21
2014-02-22,1,3,26
2014-02-23,1,3,24
2014-02-24,1,3,22
2014-02-25,1,3,20
2014-02-26,1,3,25
2014-02-27,1,3,15
2014-02-28,1,3,19
2014-03-01,1,3,29
2014-03-02,1,3,36
2014-03-03,1,3,28
2014-03-04,1,3,20
2014-03-05,1,3,18
2014-03-06,1,3,23
2014-03-07,1,3,31
2014-03-08,1,3,32
2014-03-09,1,3,33
2014-03-10,1,3,17
2014-03-11,1,3,26
2014-03-12,1,3,25
2014-03-13,1,3,32
2014-03-14,1,3,30
2014-03-15,1,3,33
2014-03-16,1,3,32
2014-03-17,1,3,27
2014-03-18,1,3,19
2014-03-19,1,3,30
2014-03-20,1,3,26
2014-03-21,1,3,30
2014-03-22,1,3,33
2014-03-23,1,3,25
2014-03-24,1,3,23
2014-03-25,1,3,24
2014-03-26,1,3,23
2014-03-27,1,3,36
2014-03-28,1,3,35
2014-03-29,1,3,37
2014-03-30,1,3,47
2014-03-31,1,3,25
2014-04-01,1,3,27
2014-04-02,1,3,40
2014-04-03,1,3,34
2014-04-04,1,3,40
2014-04-05,1,3,35
2014-04-06,1,3,30
2014-04-07,1,3,33
2014-04-08,1,3,32
2014-04-09,1,3,31
2014-04-10,1,3,26
2014-04-11,1,3,31
2014-04-12,1,3,28
2014-04-13,1,3,36
2014-04-14,1,3,26
2014-04-15,1,3,26
2014-04-16,1,3,25
2014-04-17,1,3,39
2014-04-18,1,3,37
2014-04-19,1,3,35
2014-04-20,1,3,46
2014-04-21,1,3,37
2014-04-22,1,3,30
2014-04-23,1,3,30
2014-04-24,1,3,28
2014-04-25,1,3,34
2014-04-26,1,3,35
2014-04-27,1,3,29
2014-04-28,1,3,25
2014-04-29,1,3,30
2014-04-30,1,3,38
2014-05-01,1,3,33
2014-05-02,1,3,41
2014-05-03,1,3,46
2014-05-04,1,3,40
2014-05-05,1,3,33
2014-05-06,1,3,23
2014-05-07,1,3,43
2014-05-08,1,3,30
2014-05-09,1,3,35
2014-05-10,1,3,38
2014-05-11,1,3,46
2014-05-12,1,3,27
2014-05-13,1,3,37
2014-05-14,1,3,28
2014-05-15,1,3,42
2014-05-16,1,3,43
2014-05-17,1,3,49
2014-05-18,1,3,49
2014-05-19,1,3,30
2014-05-20,1,3,37
2014-05-21,1,3,41
2014-05-22,1,3,37
2014-05-23,1,3,37
2014-05-24,1,3,38
2014-05-25,1,3,57
2014-05-26,1,3,30
2014-05-27,1,3,37
2014-05-28,1,3,36
2014-05-29,1,3,37
2014-05-30,1,3,31
2014-05-31,1,3,37
2014-06-01,1,3,45
2014-06-02,1,3,44
2014-06-03,1,3,34
2014-06-04,1,3,22
2014-06-05,1,3,31
2014-06-06,1,3,40
2014-06-07,1,3,33
2014-06-08,1,3,52
2014-06-09,1,3,33
2014-06-10,1,3,33
2014-06-11,1,3,42
2014-06-12,1,3,44
2014-06-13,1,3,33
2014-06-14,1,3,48
2014-06-15,1,3,49
2014-06-16,1,3,28
2014-06-17,1,3,31
2014-06-18,1,3,33
2014-06-19,1,3,45
2014-06-20,1,3,33
2014-06-21,1,3,36
2014-06-22,1,3,47
2014-06-23,1,3,30
2014-06-24,1,3,38
2014-06-25,1,3,32
2014-06-26,1,3,43
2014-06-27,1,3,30
2014-06-28,1,3,45
2014-06-29,1,3,53
2014-06-30,1,3,22
2014-07-01,1,3,27
2014-07-02,1,3,35
2014-07-03,1,3,34
2014-07-04,1,3,48
2014-07-05,1,3,53
2014-07-06,1,3,39
2014-07-07,1,3,37
2014-07-08,1,3,37
2014-07-09,1,3,27
2014-07-10,1,3,44
2014-07-11,1,3,46
2014-07-12,1,3,35
2014-07-13,1,3,38
2014-07-14,1,3,36
2014-07-15,1,3,39
2014-07-16,1,3,31
2014-07-17,1,3,28
2014-07-18,1,3,52
2014-07-19,1,3,58
2014-07-20,1,3,65
2014-07-21,1,3,24
2014-07-22,1,3,25
2014-07-23,1,3,43
2014-07-24,1,3,38
2014-07-25,1,3,37
2014-07-26,1,3,51
2014-07-27,1,3,43
2014-07-28,1,3,31
2014-07-29,1,3,36
2014-07-30,1,3,37
2014-07-31,1,3,30
2014-08-01,1,3,34
2014-08-02,1,3,43
2014-08-03,1,3,45
2014-08-04,1,3,40
2014-08-05,1,3,36
2014-08-06,1,3,39
2014-08-07,1,3,34
2014-08-08,1,3,41
2014-08-09,1,3,38
2014-08-10,1,3,50
2014-08-11,1,3,27
2014-08-12,1,3,36
2014-08-13,1,3,34
2014-08-14,1,3,39
2014-08-15,1,3,32
2014-08-16,1,3,34
2014-08-17,1,3,57
2014-08-18,1,3,24
2014-08-19,1,3,25
2014-08-20,1,3,30
2014-08-21,1,3,34
2014-08-22,1,3,39
2014-08-23,1,3,42
2014-08-24,1,3,40
2014-08-25,1,3,30
2014-08-26,1,3,22
2014-08-27,1,3,22
2014-08-28,1,3,40
2014-08-29,1,3,33
2014-08-30,1,3,39
2014-08-31,1,3,37
2014-09-01,1,3,25
2014-09-02,1,3,21
2014-09-03,1,3,34
2014-09-04,1,3,21
2014-09-05,1,3,44
2014-09-06,1,3,34
2014-09-07,1,3,34
2014-09-08,1,3,24
2014-09-09,1,3,27
2014-09-10,1,3,29
2014-09-11,1,3,25
2014-09-12,1,3,44
2014-09-13,1,3,39
2014-09-14,1,3,52
2014-09-15,1,3,29
2014-09-16,1,3,32
2014-09-17,1,3,29
2014-09-18,1,3,38
2014-09-19,1,3,34
2014-09-20,1,3,40
2014-09-21,1,3,41
2014-09-22,1,3,32
2014-09-23,1,3,22
2014-09-24,1,3,34
2014-09-25,1,3,25
2014-09-26,1,3,22
2014-09-27,1,3,39
2014-09-28,1,3,43
2014-09-29,1,3,26
2014-09-30,1,3,32
2014-10-01,1,3,26
2014-10-02,1,3,31
2014-10-03,1,3,34
2014-10-04,1,3,37
2014-10-05,1,3,39
2014-10-06,1,3,28
2014-10-07,1,3,33
2014-10-08,1,3,25
2014-10-09,1,3,28
2014-10-10,1,3,33
2014-10-11,1,3,36
2014-10-12,1,3,54
2014-10-13,1,3,33
2014-10-14,1,3,20
2014-10-15,1,3,20
2014-10-16,1,3,34
2014-10-17,1,3,35
2014-10-18,1,3,38
2014-10-19,1,3,25
2014-10-20,1,3,21
2014-10-21,1,3,35
2014-10-22,1,3,31
2014-10-23,1,3,30
2014-10-24,1,3,28
2014-10-25,1,3,33
2014-10-26,1,3,44
2014-10-27,1,3,25
2014-10-28,1,3,27
2014-10-29,1,3,27
2014-10-30,1,3,39
2014-10-31,1,3,32
2014-11-01,1,3,31
2014-11-02,1,3,52
2014-11-03,1,3,26
2014-11-04,1,3,35
2014-11-05,1,3,25
2014-11-06,1,3,27
2014-11-07,1,3,28
2014-11-08,1,3,38
2014-11-09,1,3,33
2014-11-10,1,3,26
2014-11-11,1,3,39
2014-11-12,1,3,36
2014-11-13,1,3,30
2014-11-14,1,3,43
2014-11-15,1,3,40
2014-11-16,1,3,48
2014-11-17,1,3,21
2014-11-18,1,3,22
2014-11-19,1,3,41
2014-11-20,1,3,41
2014-11-21,1,3,44
2014-11-22,1,3,38
2014-11-23,1,3,41
2014-11-24,1,3,30
2014-11-25,1,3,34
2014-11-26,1,3,25
2014-11-27,1,3,24
2014-11-28,1,3,32
2014-11-29,1,3,31
2014-11-30,1,3,39
2014-12-01,1,3,24
2014-12-02,1,3,22
2014-12-03,1,3,25
2014-12-04,1,3,24
2014-12-05,1,3,27
2014-12-06,1,3,28
2014-12-07,1,3,29
2014-12-08,1,3,25
2014-12-09,1,3,21
2014-12-10,1,3,14
2014-12-11,1,3,19
2014-12-12,1,3,27
2014-12-13,1,3,22
2014-12-14,1,3,32
2014-12-15,1,3,15
2014-12-16,1,3,17
2014-12-17,1,3,25
2014-12-18,1,3,18
2014-12-19,1,3,25
2014-12-20,1,3,27
2014-12-21,1,3,29
2014-12-22,1,3,22
2014-12-23,1,3,22
2014-12-24,1,3,24
2014-12-25,1,3,17
2014-12-26,1,3,25
2014-12-27,1,3,25
2014-12-28,1,3,27
2014-12-29,1,3,25
2014-12-30,1,3,22
2014-12-31,1,3,25
2015-01-01,1,3,18
2015-01-02,1,3,25
2015-01-03,1,3,28
2015-01-04,1,3,28
2015-01-05,1,3,20
2015-01-06,1,3,16
2015-01-07,1,3,19
2015-01-08,1,3,20
2015-01-09,1,3,29
2015-01-10,1,3,19
2015-01-11,1,3,33
2015-01-12,1,3,24
2015-01-13,1,3,24
2015-01-14,1,3,26
2015-01-15,1,3,27
2015-01-16,1,3,28
2015-01-17,1,3,24
2015-01-18,1,3,35
2015-01-19,1,3,19
2015-01-20,1,3,17
2015-01-21,1,3,15
2015-01-22,1,3,22
2015-01-23,1,3,26
2015-01-24,1,3,24
2015-01-25,1,3,30
2015-01-26,1,3,20
2015-01-27,1,3,17
2015-01-28,1,3,25
2015-01-29,1,3,21
2015-01-30,1,3,15
2015-01-31,1,3,25
2015-02-01,1,3,32
2015-02-02,1,3,13
2015-02-03,1,3,15
2015-02-04,1,3,24
2015-02-05,1,3,20
2015-02-06,1,3,20
2015-02-07,1,3,38
2015-02-08,1,3,38
2015-02-09,1,3,19
2015-02-10,1,3,25
2015-02-11,1,3,22
2015-02-12,1,3,19
2015-02-13,1,3,15
2015-02-14,1,3,28
2015-02-15,1,3,35
2015-02-16,1,3,22
2015-02-17,1,3,23
2015-02-18,1,3,22
2015-02-19,1,3,29
2015-02-20,1,3,21
2015-02-21,1,3,27
2015-02-22,1,3,26
2015-02-23,1,3,21
2015-02-24,1,3,19
2015-02-25,1,3,23
2015-02-26,1,3,26
2015-02-27,1,3,30
2015-02-28,1,3,18
2015-03-01,1,3,26
2015-03-02,1,3,26
2015-03-03,1,3,19
2015-03-04,1,3,21
2015-03-05,1,3,34
2015-03-06,1,3,26
2015-03-07,1,3,30
2015-03-08,1,3,36
2015-03-09,1,3,29
2015-03-10,1,3,30
2015-03-11,1,3,24
2015-03-12,1,3,25
2015-03-13,1,3,33
2015-03-14,1,3,35
2015-03-15,1,3,46
2015-03-16,1,3,20
2015-03-17,1,3,23
2015-03-18,1,3,29
2015-03-19,1,3,33
2015-03-20,1,3,44
2015-03-21,1,3,35
2015-03-22,1,3,32
2015-03-23,1,3,28
2015-03-24,1,3,22
2015-03-25,1,3,22
2015-03-26,1,3,30
2015-03-27,1,3,30
2015-03-28,1,3,35
2015-03-29,1,3,31
2015-03-30,1,3,19
2015-03-31,1,3,35
2015-04-01,1,3,38
2015-04-02,1,3,34
2015-04-03,1,3,37
2015-04-04,1,3,38
2015-04-05,1,3,35
2015-04-06,1,3,36
2015-04-07,1,3,45
2015-04-08,1,3,27
2015-04-09,1,3,37
2015-04-10,1,3,39
2015-04-11,1,3,39
2015-04-12,1,3,41
2015-04-13,1,3,24
2015-04-14,1,3,21
2015-04-15,1,3,29
2015-04-16,1,3,33
2015-04-17,1,3,37
2015-04-18,1,3,35
2015-04-19,1,3,54
2015-04-20,1,3,26
2015-04-21,1,3,33
2015-04-22,1,3,35
2015-04-23,1,3,29
2015-04-24,1,3,32
2015-04-25,1,3,57
2015-04-26,1,3,41
2015-04-27,1,3,22
2015-04-28,1,3,30
2015-04-29,1,3,32
2015-04-30,1,3,42
2015-05-01,1,3,49
2015-05-02,1,3,50
2015-05-03,1,3,60
2015-05-04,1,3,36
2015-05-05,1,3,29
2015-05-06,1,3,31
2015-05-07,1,3,39
2015-05-08,1,3,30
2015-05-09,1,3,42
2015-05-10,1,3,50
2015-05-11,1,3,31
2015-05-12,1,3,26
2015-05-13,1,3,41
2015-05-14,1,3,44
2015-05-15,1,3,52
2015-05-16,1,3,41
2015-05-17,1,3,37
2015-05-18,1,3,33
2015-05-19,1,3,33
2015-05-20,1,3,31
2015-05-21,1,3,39
2015-05-22,1,3,40
2015-05-23,1,3,47
2015-05-24,1,3,38
2015-05-25,1,3,34
2015-05-26,1,3,47
2015-05-27,1,3,37
2015-05-28,1,3,43
2015-05-29,1,3,40
2015-05-30,1,3,37
2015-05-31,1,3,49
2015-06-01,1,3,29
2015-06-02,1,3,30
2015-06-03,1,3,40
2015-06-04,1,3,43
2015-06-05,1,3,46
2015-06-06,1,3,49
2015-06-07,1,3,48
2015-06-08,1,3,36
2015-06-09,1,3,43
2015-06-10,1,3,51
2015-06-11,1,3,42
2015-06-12,1,3,45
2015-06-13,1,3,43
2015-06-14,1,3,41
2015-06-15,1,3,38
2015-06-16,1,3,39
2015-06-17,1,3,40
2015-06-18,1,3,42
2015-06-19,1,3,58
2015-06-20,1,3,34
2015-06-21,1,3,44
2015-06-22,1,3,27
2015-06-23,1,3,51
2015-06-24,1,3,48
2015-06-25,1,3,43
2015-06-26,1,3,50
2015-06-27,1,3,34
2015-06-28,1,3,35
2015-06-29,1,3,25
2015-06-30,1,3,21
2015-07-01,1,3,36
2015-07-02,1,3,37
2015-07-03,1,3,35
2015-07-04,1,3,49
2015-07-05,1,3,53
2015-07-06,1,3,27
2015-07-07,1,3,38
2015-07-08,1,3,39
2015-07-09,1,3,26
2015-07-10,1,3,52
2015-07-11,1,3,59
2015-07-12,1,3,61
2015-07-13,1,3,30
2015-07-14,1,3,46
2015-07-15,1,3,34
2015-07-16,1,3,44
2015-07-17,1,3,49
2015-07-18,1,3,54
2015-07-19,1,3,45
2015-07-20,1,3,38
2015-07-21,1,3,43
2015-07-22,1,3,38
2015-07-23,1,3,41
2015-07-24,1,3,53
2015-07-25,1,3,53
2015-07-26,1,3,57
2015-07-27,1,3,23
2015-07-28,1,3,49
2015-07-29,1,3,38
2015-07-30,1,3,36
2015-07-31,1,3,42
2015-08-01,1,3,41
2015-08-02,1,3,35
2015-08-03,1,3,30
2015-08-04,1,3,31
2015-08-05,1,3,40
2015-08-06,1,3,40
2015-08-07,1,3,42
2015-08-08,1,3,36
2015-08-09,1,3,37
2015-08-10,1,3,28
2015-08-11,1,3,39
2015-08-12,1,3,40
2015-08-13,1,3,34
2015-08-14,1,3,34
2015-08-15,1,3,45
2015-08-16,1,3,47
2015-08-17,1,3,29
2015-08-18,1,3,24
2015-08-19,1,3,33
2015-08-20,1,3,50
2015-08-21,1,3,36
2015-08-22,1,3,45
2015-08-23,1,3,42
2015-08-24,1,3,26
2015-08-25,1,3,37
2015-08-26,1,3,31
2015-08-27,1,3,47
2015-08-28,1,3,41
2015-08-29,1,3,48
2015-08-30,1,3,50
2015-08-31,1,3,40
2015-09-01,1,3,27
2015-09-02,1,3,27
2015-09-03,1,3,33
2015-09-04,1,3,43
2015-09-05,1,3,37
2015-09-06,1,3,35
2015-09-07,1,3,33
2015-09-08,1,3,36
2015-09-09,1,3,39
2015-09-10,1,3,43
2015-09-11,1,3,37
2015-09-12,1,3,60
2015-09-13,1,3,47
2015-09-14,1,3,26
2015-09-15,1,3,25
2015-09-16,1,3,36
2015-09-17,1,3,44
2015-09-18,1,3,26
2015-09-19,1,3,38
2015-09-20,1,3,42
2015-09-21,1,3,36
2015-09-22,1,3,36
2015-09-23,1,3,29
2015-09-24,1,3,37
2015-09-25,1,3,43
2015-09-26,1,3,43
2015-09-27,1,3,55
2015-09-28,1,3,27
2015-09-29,1,3,39
2015-09-30,1,3,33
2015-10-01,1,3,26
2015-10-02,1,3,21
2015-10-03,1,3,40
2015-10-04,1,3,41
2015-10-05,1,3,31
2015-10-06,1,3,31
2015-10-07,1,3,34
2015-10-08,1,3,34
2015-10-09,1,3,32
2015-10-10,1,3,37
2015-10-11,1,3,35
2015-10-12,1,3,28
2015-10-13,1,3,44
2015-10-14,1,3,30
2015-10-15,1,3,26
2015-10-16,1,3,24
2015-10-17,1,3,32
2015-10-18,1,3,36
2015-10-19,1,3,32
2015-10-20,1,3,31
2015-10-21,1,3,36
2015-10-22,1,3,39
2015-10-23,1,3,33
2015-10-24,1,3,32
2015-10-25,1,3,39
2015-10-26,1,3,30
2015-10-27,1,3,40
2015-10-28,1,3,38
2015-10-29,1,3,38
2015-10-30,1,3,37
2015-10-31,1,3,34
2015-11-01,1,3,46
2015-11-02,1,3,22
2015-11-03,1,3,28
2015-11-04,1,3,25
2015-11-05,1,3,37
2015-11-06,1,3,37
2015-11-07,1,3,39
2015-11-08,1,3,47
2015-11-09,1,3,27
2015-11-10,1,3,22
2015-11-11,1,3,42
2015-11-12,1,3,42
2015-11-13,1,3,32
2015-11-14,1,3,43
2015-11-15,1,3,43
2015-11-16,1,3,30
2015-11-17,1,3,34
2015-11-18,1,3,36
2015-11-19,1,3,29
2015-11-20,1,3,43
2015-11-21,1,3,36
2015-11-22,1,3,43
2015-11-23,1,3,25
2015-11-24,1,3,27
2015-11-25,1,3,32
2015-11-26,1,3,38
2015-11-27,1,3,32
2015-11-28,1,3,41
2015-11-29,1,3,49
2015-11-30,1,3,32
2015-12-01,1,3,15
2015-12-02,1,3,22
2015-12-03,1,3,12
2015-12-04,1,3,23
2015-12-05,1,3,33
2015-12-06,1,3,40
2015-12-07,1,3,20
2015-12-08,1,3,24
2015-12-09,1,3,19
2015-12-10,1,3,30
2015-12-11,1,3,25
2015-12-12,1,3,34
2015-12-13,1,3,39
2015-12-14,1,3,22
2015-12-15,1,3,24
2015-12-16,1,3,26
2015-12-17,1,3,23
2015-12-18,1,3,36
2015-12-19,1,3,24
2015-12-20,1,3,22
2015-12-21,1,3,18
2015-12-22,1,3,29
2015-12-23,1,3,22
2015-12-24,1,3,32
2015-12-25,1,3,20
2015-12-26,1,3,23
2015-12-27,1,3,19
2015-12-28,1,3,8
2015-12-29,1,3,28
2015-12-30,1,3,21
2015-12-31,1,3,17
2016-01-01,1,3,23
2016-01-02,1,3,22
2016-01-03,1,3,31
2016-01-04,1,3,23
2016-01-05,1,3,18
2016-01-06,1,3,20
2016-01-07,1,3,24
2016-01-08,1,3,40
2016-01-09,1,3,31
2016-01-10,1,3,35
2016-01-11,1,3,15
2016-01-12,1,3,34
2016-01-13,1,3,24
2016-01-14,1,3,27
2016-01-15,1,3,27
2016-01-16,1,3,27
2016-01-17,1,3,31
2016-01-18,1,3,22
2016-01-19,1,3,21
2016-01-20,1,3,20
2016-01-21,1,3,22
2016-01-22,1,3,29
2016-01-23,1,3,32
2016-01-24,1,3,31
2016-01-25,1,3,21
2016-01-26,1,3,18
2016-01-27,1,3,21
2016-01-28,1,3,22
2016-01-29,1,3,26
2016-01-30,1,3,27
2016-01-31,1,3,31
2016-02-01,1,3,14
2016-02-02,1,3,28
2016-02-03,1,3,26
2016-02-04,1,3,27
2016-02-05,1,3,32
2016-02-06,1,3,34
2016-02-07,1,3,33
2016-02-08,1,3,22
2016-02-09,1,3,35
2016-02-10,1,3,33
2016-02-11,1,3,27
2016-02-12,1,3,24
2016-02-13,1,3,33
2016-02-14,1,3,30
2016-02-15,1,3,18
2016-02-16,1,3,30
2016-02-17,1,3,22
2016-02-18,1,3,25
2016-02-19,1,3,27
2016-02-20,1,3,27
2016-02-21,1,3,37
2016-02-22,1,3,27
2016-02-23,1,3,28
2016-02-24,1,3,32
2016-02-25,1,3,20
2016-02-26,1,3,27
2016-02-27,1,3,21
2016-02-28,1,3,32
2016-02-29,1,3,20
2016-03-01,1,3,32
2016-03-02,1,3,22
2016-03-03,1,3,40
2016-03-04,1,3,36
2016-03-05,1,3,43
2016-03-06,1,3,35
2016-03-07,1,3,26
2016-03-08,1,3,34
2016-03-09,1,3,38
2016-03-10,1,3,46
2016-03-11,1,3,26
2016-03-12,1,3,38
2016-03-13,1,3,34
2016-03-14,1,3,18
2016-03-15,1,3,24
2016-03-16,1,3,28
2016-03-17,1,3,24
2016-03-18,1,3,37
2016-03-19,1,3,44
2016-03-20,1,3,39
2016-03-21,1,3,21
2016-03-22,1,3,25
2016-03-23,1,3,36
2016-03-24,1,3,30
2016-03-25,1,3,44
2016-03-26,1,3,37
2016-03-27,1,3,37
2016-03-28,1,3,27
2016-03-29,1,3,30
2016-03-30,1,3,21
2016-03-31,1,3,29
2016-04-01,1,3,40
2016-04-02,1,3,28
2016-04-03,1,3,43
2016-04-04,1,3,36
2016-04-05,1,3,32
2016-04-06,1,3,35
2016-04-07,1,3,40
2016-04-08,1,3,50
2016-04-09,1,3,36
2016-04-10,1,3,67
2016-04-11,1,3,33
2016-04-12,1,3,29
2016-04-13,1,3,28
2016-04-14,1,3,38
2016-04-15,1,3,34
2016-04-16,1,3,48
2016-04-17,1,3,39
2016-04-18,1,3,26
2016-04-19,1,3,23
2016-04-20,1,3,43
2016-04-21,1,3,43
2016-04-22,1,3,35
2016-04-23,1,3,44
2016-04-24,1,3,43
2016-04-25,1,3,34
2016-04-26,1,3,32
2016-04-27,1,3,31
2016-04-28,1,3,34
2016-04-29,1,3,32
2016-04-30,1,3,37
2016-05-01,1,3,53
2016-05-02,1,3,30
2016-05-03,1,3,35
2016-05-04,1,3,37
2016-05-05,1,3,59
2016-05-06,1,3,50
2016-05-07,1,3,54
2016-05-08,1,3,49
2016-05-09,1,3,40
2016-05-10,1,3,35
2016-05-11,1,3,39
2016-05-12,1,3,39
2016-05-13,1,3,44
2016-05-14,1,3,32
2016-05-15,1,3,46
2016-05-16,1,3,36
2016-05-17,1,3,34
2016-05-18,1,3,43
2016-05-19,1,3,44
2016-05-20,1,3,46
2016-05-21,1,3,51
2016-05-22,1,3,43
2016-05-23,1,3,36
2016-05-24,1,3,34
2016-05-25,1,3,39
2016-05-26,1,3,52
2016-05-27,1,3,34
2016-05-28,1,3,55
2016-05-29,1,3,33
2016-05-30,1,3,36
2016-05-31,1,3,39
2016-06-01,1,3,40
2016-06-02,1,3,48
2016-06-03,1,3,40
2016-06-04,1,3,57
2016-06-05,1,3,48
2016-06-06,1,3,19
2016-06-07,1,3,43
2016-06-08,1,3,36
2016-06-09,1,3,32
2016-06-10,1,3,50
2016-06-11,1,3,36
2016-06-12,1,3,59
2016-06-13,1,3,38
2016-06-14,1,3,43
2016-06-15,1,3,52
2016-06-16,1,3,37
2016-06-17,1,3,50
2016-06-18,1,3,47
2016-06-19,1,3,46
2016-06-20,1,3,35
2016-06-21,1,3,40
2016-06-22,1,3,34
2016-06-23,1,3,46
2016-06-24,1,3,43
2016-06-25,1,3,42
2016-06-26,1,3,57
2016-06-27,1,3,24
2016-06-28,1,3,40
2016-06-29,1,3,38
2016-06-30,1,3,56
2016-07-01,1,3,51
2016-07-02,1,3,35
2016-07-03,1,3,54
2016-07-04,1,3,35
2016-07-05,1,3,53
2016-07-06,1,3,40
2016-07-07,1,3,41
2016-07-08,1,3,31
2016-07-09,1,3,55
2016-07-10,1,3,54
2016-07-11,1,3,41
2016-07-12,1,3,41
2016-07-13,1,3,39
2016-07-14,1,3,57
2016-07-15,1,3,47
2016-07-16,1,3,50
2016-07-17,1,3,60
2016-07-18,1,3,44
2016-07-19,1,3,43
2016-07-20,1,3,46
2016-07-21,1,3,45
2016-07-22,1,3,51
2016-07-23,1,3,49
2016-07-24,1,3,70
2016-07-25,1,3,39
2016-07-26,1,3,35
2016-07-27,1,3,37
2016-07-28,1,3,55
2016-07-29,1,3,45
2016-07-30,1,3,50
2016-07-31,1,3,50
2016-08-01,1,3,17
2016-08-02,1,3,35
2016-08-03,1,3,36
2016-08-04,1,3,35
2016-08-05,1,3,36
2016-08-06,1,3,46
2016-08-07,1,3,38
2016-08-08,1,3,36
2016-08-09,1,3,50
2016-08-10,1,3,26
2016-08-11,1,3,37
2016-08-12,1,3,48
2016-08-13,1,3,52
2016-08-14,1,3,46
2016-08-15,1,3,31
2016-08-16,1,3,35
2016-08-17,1,3,36
2016-08-18,1,3,36
2016-08-19,1,3,41
2016-08-20,1,3,48
2016-08-21,1,3,38
2016-08-22,1,3,30
2016-08-23,1,3,36
2016-08-24,1,3,46
2016-08-25,1,3,43
2016-08-26,1,3,47
2016-08-27,1,3,40
2016-08-28,1,3,43
2016-08-29,1,3,41
2016-08-30,1,3,25
2016-08-31,1,3,43
2016-09-01,1,3,31
2016-09-02,1,3,39
2016-09-03,1,3,48
2016-09-04,1,3,49
2016-09-05,1,3,30
2016-09-06,1,3,35
2016-09-07,1,3,33
2016-09-08,1,3,37
2016-09-09,1,3,49
2016-09-10,1,3,41
2016-09-11,1,3,42
2016-09-12,1,3,34
2016-09-13,1,3,31
2016-09-14,1,3,41
2016-09-15,1,3,39
2016-09-16,1,3,58
2016-09-17,1,3,36
2016-09-18,1,3,45
2016-09-19,1,3,29
2016-09-20,1,3,42
2016-09-21,1,3,34
2016-09-22,1,3,41
2016-09-23,1,3,36
2016-09-24,1,3,44
2016-09-25,1,3,41
2016-09-26,1,3,38
2016-09-27,1,3,31
2016-09-28,1,3,30
2016-09-29,1,3,36
2016-09-30,1,3,43
2016-10-01,1,3,38
2016-10-02,1,3,48
2016-10-03,1,3,30
2016-10-04,1,3,24
2016-10-05,1,3,21
2016-10-06,1,3,42
2016-10-07,1,3,39
2016-10-08,1,3,35
2016-10-09,1,3,40
2016-10-10,1,3,30
2016-10-11,1,3,32
2016-10-12,1,3,39
2016-10-13,1,3,31
2016-10-14,1,3,30
2016-10-15,1,3,42
2016-10-16,1,3,48
2016-10-17,1,3,30
2016-10-18,1,3,27
2016-10-19,1,3,31
2016-10-20,1,3,35
2016-10-21,1,3,28
2016-10-22,1,3,41
2016-10-23,1,3,43
2016-10-24,1,3,26
2016-10-25,1,3,32
2016-10-26,1,3,30
2016-10-27,1,3,29
2016-10-28,1,3,37
2016-10-29,1,3,42
2016-10-30,1,3,44
2016-10-31,1,3,32
2016-11-01,1,3,40
2016-11-02,1,3,29
2016-11-03,1,3,41
2016-11-04,1,3,45
2016-11-05,1,3,35
2016-11-06,1,3,44
2016-11-07,1,3,22
2016-11-08,1,3,31
2016-11-09,1,3,36
2016-11-10,1,3,37
2016-11-11,1,3,39
2016-11-12,1,3,43
2016-11-13,1,3,56
2016-11-14,1,3,26
2016-11-15,1,3,39
2016-11-16,1,3,29
2016-11-17,1,3,36
2016-11-18,1,3,38
2016-11-19,1,3,44
2016-11-20,1,3,53
2016-11-21,1,3,27
2016-11-22,1,3,46
2016-11-23,1,3,40
2016-11-24,1,3,37
2016-11-25,1,3,40
2016-11-26,1,3,50
2016-11-27,1,3,38
2016-11-28,1,3,21
2016-11-29,1,3,44
2016-11-30,1,3,28
2016-12-01,1,3,20
2016-12-02,1,3,28
2016-12-03,1,3,25
2016-12-04,1,3,36
2016-12-05,1,3,19
2016-12-06,1,3,28
2016-12-07,1,3,28
2016-12-08,1,3,23
2016-12-09,1,3,38
2016-12-10,1,3,37
2016-12-11,1,3,33
2016-12-12,1,3,18
2016-12-13,1,3,31
2016-12-14,1,3,21
2016-12-15,1,3,22
2016-12-16,1,3,25
2016-12-17,1,3,23
2016-12-18,1,3,25
2016-12-19,1,3,21
2016-12-20,1,3,24
2016-12-21,1,3,26
2016-12-22,1,3,24
2016-12-23,1,3,26
2016-12-24,1,3,37
2016-12-25,1,3,38
2016-12-26,1,3,23
2016-12-27,1,3,29
2016-12-28,1,3,22
2016-12-29,1,3,26
2016-12-30,1,3,26
2016-12-31,1,3,29
2017-01-01,1,3,36
2017-01-02,1,3,23
2017-01-03,1,3,20
2017-01-04,1,3,23
2017-01-05,1,3,25
2017-01-06,1,3,23
2017-01-07,1,3,26
2017-01-08,1,3,32
2017-01-09,1,3,23
2017-01-10,1,3,17
2017-01-11,1,3,15
2017-01-12,1,3,37
2017-01-13,1,3,31
2017-01-14,1,3,30
2017-01-15,1,3,22
2017-01-16,1,3,19
2017-01-17,1,3,20
2017-01-18,1,3,34
2017-01-19,1,3,22
2017-01-20,1,3,26
2017-01-21,1,3,33
2017-01-22,1,3,33
2017-01-23,1,3,17
2017-01-24,1,3,19
2017-01-25,1,3,25
2017-01-26,1,3,17
2017-01-27,1,3,28
2017-01-28,1,3,30
2017-01-29,1,3,27
2017-01-30,1,3,27
2017-01-31,1,3,28
2017-02-01,1,3,25
2017-02-02,1,3,20
2017-02-03,1,3,31
2017-02-04,1,3,19
2017-02-05,1,3,38
2017-02-06,1,3,23
2017-02-07,1,3,27
2017-02-08,1,3,20
2017-02-09,1,3,30
2017-02-10,1,3,37
2017-02-11,1,3,23
2017-02-12,1,3,31
2017-02-13,1,3,28
2017-02-14,1,3,19
2017-02-15,1,3,22
2017-02-16,1,3,33
2017-02-17,1,3,29
2017-02-18,1,3,39
2017-02-19,1,3,34
2017-02-20,1,3,24
2017-02-21,1,3,29
2017-02-22,1,3,25
2017-02-23,1,3,19
2017-02-24,1,3,35
2017-02-25,1,3,29
2017-02-26,1,3,32
2017-02-27,1,3,25
2017-02-28,1,3,31
2017-03-01,1,3,40
2017-03-02,1,3,34
2017-03-03,1,3,32
2017-03-04,1,3,32
2017-03-05,1,3,41
2017-03-06,1,3,19
2017-03-07,1,3,30
2017-03-08,1,3,35
2017-03-09,1,3,27
2017-03-10,1,3,36
2017-03-11,1,3,35
2017-03-12,1,3,34
2017-03-13,1,3,28
2017-03-14,1,3,34
2017-03-15,1,3,37
2017-03-16,1,3,33
2017-03-17,1,3,28
2017-03-18,1,3,36
2017-03-19,1,3,48
2017-03-20,1,3,22
2017-03-21,1,3,32
2017-03-22,1,3,20
2017-03-23,1,3,33
2017-03-24,1,3,39
2017-03-25,1,3,41
2017-03-26,1,3,44
2017-03-27,1,3,32
2017-03-28,1,3,29
2017-03-29,1,3,28
2017-03-30,1,3,28
2017-03-31,1,3,36
2017-04-01,1,3,40
2017-04-02,1,3,43
2017-04-03,1,3,33
2017-04-04,1,3,32
2017-04-05,1,3,42
2017-04-06,1,3,40
2017-04-07,1,3,45
2017-04-08,1,3,32
2017-04-09,1,3,42
2017-04-10,1,3,31
2017-04-11,1,3,34
2017-04-12,1,3,43
2017-04-13,1,3,39
2017-04-14,1,3,43
2017-04-15,1,3,49
2017-04-16,1,3,49
2017-04-17,1,3,40
2017-04-18,1,3,27
2017-04-19,1,3,38
2017-04-20,1,3,41
2017-04-21,1,3,37
2017-04-22,1,3,44
2017-04-23,1,3,43
2017-04-24,1,3,39
2017-04-25,1,3,52
2017-04-26,1,3,39
2017-04-27,1,3,41
2017-04-28,1,3,39
2017-04-29,1,3,44
2017-04-30,1,3,46
2017-05-01,1,3,25
2017-05-02,1,3,45
2017-05-03,1,3,49
2017-05-04,1,3,43
2017-05-05,1,3,51
2017-05-06,1,3,44
2017-05-07,1,3,66
2017-05-08,1,3,36
2017-05-09,1,3,31
2017-05-10,1,3,44
2017-05-11,1,3,34
2017-05-12,1,3,39
2017-05-13,1,3,59
2017-05-14,1,3,47
2017-05-15,1,3,33
2017-05-16,1,3,38
2017-05-17,1,3,41
2017-05-18,1,3,38
2017-05-19,1,3,48
2017-05-20,1,3,54
2017-05-21,1,3,49
2017-05-22,1,3,33
2017-05-23,1,3,41
2017-05-24,1,3,40
2017-05-25,1,3,37
2017-05-26,1,3,65
2017-05-27,1,3,59
2017-05-28,1,3,62
2017-05-29,1,3,37
2017-05-30,1,3,44
2017-05-31,1,3,55
2017-06-01,1,3,57
2017-06-02,1,3,54
2017-06-03,1,3,37
2017-06-04,1,3,54
2017-06-05,1,3,48
2017-06-06,1,3,41
2017-06-07,1,3,42
2017-06-08,1,3,53
2017-06-09,1,3,49
2017-06-10,1,3,44
2017-06-11,1,3,46
2017-06-12,1,3,44
2017-06-13,1,3,34
2017-06-14,1,3,48
2017-06-15,1,3,49
2017-06-16,1,3,50
2017-06-17,1,3,67
2017-06-18,1,3,57
2017-06-19,1,3,30
2017-06-20,1,3,44
2017-06-21,1,3,47
2017-06-22,1,3,31
2017-06-23,1,3,45
2017-06-24,1,3,51
2017-06-25,1,3,52
2017-06-26,1,3,23
2017-06-27,1,3,39
2017-06-28,1,3,40
2017-06-29,1,3,35
2017-06-30,1,3,45
2017-07-01,1,3,41
2017-07-02,1,3,58
2017-07-03,1,3,36
2017-07-04,1,3,47
2017-07-05,1,3,41
2017-07-06,1,3,43
2017-07-07,1,3,49
2017-07-08,1,3,57
2017-07-09,1,3,59
2017-07-10,1,3,43
2017-07-11,1,3,33
2017-07-12,1,3,48
2017-07-13,1,3,54
2017-07-14,1,3,65
2017-07-15,1,3,47
2017-07-16,1,3,69
2017-07-17,1,3,46
2017-07-18,1,3,43
2017-07-19,1,3,40
2017-07-20,1,3,41
2017-07-21,1,3,59
2017-07-22,1,3,43
2017-07-23,1,3,68
2017-07-24,1,3,46
2017-07-25,1,3,39
2017-07-26,1,3,37
2017-07-27,1,3,41
2017-07-28,1,3,60
2017-07-29,1,3,55
2017-07-30,1,3,56
2017-07-31,1,3,37
2017-08-01,1,3,43
2017-08-02,1,3,31
2017-08-03,1,3,37
2017-08-04,1,3,29
2017-08-05,1,3,68
2017-08-06,1,3,46
2017-08-07,1,3,36
2017-08-08,1,3,35
2017-08-09,1,3,26
2017-08-10,1,3,42
2017-08-11,1,3,41
2017-08-12,1,3,42
2017-08-13,1,3,61
2017-08-14,1,3,33
2017-08-15,1,3,38
2017-08-16,1,3,32
2017-08-17,1,3,29
2017-08-18,1,3,39
2017-08-19,1,3,47
2017-08-20,1,3,59
2017-08-21,1,3,50
2017-08-22,1,3,45
2017-08-23,1,3,48
2017-08-24,1,3,45
2017-08-25,1,3,46
2017-08-26,1,3,51
2017-08-27,1,3,52
2017-08-28,1,3,21
2017-08-29,1,3,40
2017-08-30,1,3,29
2017-08-31,1,3,37
2017-09-01,1,3,41
2017-09-02,1,3,47
2017-09-03,1,3,41
2017-09-04,1,3,40
2017-09-05,1,3,43
2017-09-06,1,3,51
2017-09-07,1,3,44
2017-09-08,1,3,46
2017-09-09,1,3,36
2017-09-10,1,3,36
2017-09-11,1,3,29
2017-09-12,1,3,30
2017-09-13,1,3,34
2017-09-14,1,3,41
2017-09-15,1,3,45
2017-09-16,1,3,41
2017-09-17,1,3,49
2017-09-18,1,3,42
2017-09-19,1,3,32
2017-09-20,1,3,28
2017-09-21,1,3,34
2017-09-22,1,3,46
2017-09-23,1,3,52
2017-09-24,1,3,47
2017-09-25,1,3,26
2017-09-26,1,3,38
2017-09-27,1,3,41
2017-09-28,1,3,37
2017-09-29,1,3,35
2017-09-30,1,3,48
2017-10-01,1,3,38
2017-10-02,1,3,32
2017-10-03,1,3,28
2017-10-04,1,3,34
2017-10-05,1,3,40
2017-10-06,1,3,34
2017-10-07,1,3,34
2017-10-08,1,3,47
2017-10-09,1,3,18
2017-10-10,1,3,35
2017-10-11,1,3,39
2017-10-12,1,3,29
2017-10-13,1,3,33
2017-10-14,1,3,42
2017-10-15,1,3,49
2017-10-16,1,3,31
2017-10-17,1,3,37
2017-10-18,1,3,40
2017-10-19,1,3,38
2017-10-20,1,3,41
2017-10-21,1,3,45
2017-10-22,1,3,31
2017-10-23,1,3,30
2017-10-24,1,3,43
2017-10-25,1,3,32
2017-10-26,1,3,35
2017-10-27,1,3,38
2017-10-28,1,3,43
2017-10-29,1,3,31
2017-10-30,1,3,27
2017-10-31,1,3,26
2017-11-01,1,3,50
2017-11-02,1,3,41
2017-11-03,1,3,43
2017-11-04,1,3,41
2017-11-05,1,3,51
2017-11-06,1,3,43
2017-11-07,1,3,37
2017-11-08,1,3,31
2017-11-09,1,3,37
2017-11-10,1,3,23
2017-11-11,1,3,39
2017-11-12,1,3,53
2017-11-13,1,3,35
2017-11-14,1,3,29
2017-11-15,1,3,37
2017-11-16,1,3,38
2017-11-17,1,3,35
2017-11-18,1,3,43
2017-11-19,1,3,43
2017-11-20,1,3,36
2017-11-21,1,3,40
2017-11-22,1,3,38
2017-11-23,1,3,40
2017-11-24,1,3,37
2017-11-25,1,3,41
2017-11-26,1,3,43
2017-11-27,1,3,23
2017-11-28,1,3,36
2017-11-29,1,3,42
2017-11-30,1,3,31
2017-12-01,1,3,30
2017-12-02,1,3,31
2017-12-03,1,3,34
2017-12-04,1,3,21
2017-12-05,1,3,15
2017-12-06,1,3,32
2017-12-07,1,3,34
2017-12-08,1,3,27
2017-12-09,1,3,36
2017-12-10,1,3,44
2017-12-11,1,3,21
2017-12-12,1,3,28
2017-12-13,1,3,30
2017-12-14,1,3,27
2017-12-15,1,3,30
2017-12-16,1,3,32
2017-12-17,1,3,39
2017-12-18,1,3,21
2017-12-19,1,3,20
2017-12-20,1,3,21
2017-12-21,1,3,23
2017-12-22,1,3,22
2017-12-23,1,3,37
2017-12-24,1,3,33
2017-12-25,1,3,26
2017-12-26,1,3,18
2017-12-27,1,3,26
2017-12-28,1,3,21
2017-12-29,1,3,38
2017-12-30,1,3,27
2017-12-31,1,3,29
2013-01-01,1,4,10
2013-01-02,1,4,11
2013-01-03,1,4,8
2013-01-04,1,4,19
2013-01-05,1,4,12
2013-01-06,1,4,16
2013-01-07,1,4,7
2013-01-08,1,4,9
2013-01-09,1,4,11
2013-01-10,1,4,16
2013-01-11,1,4,19
2013-01-12,1,4,9
2013-01-13,1,4,8
2013-01-14,1,4,5
2013-01-15,1,4,14
2013-01-16,1,4,7
2013-01-17,1,4,11
2013-01-18,1,4,7
2013-01-19,1,4,9
2013-01-20,1,4,20
2013-01-21,1,4,15
2013-01-22,1,4,11
2013-01-23,1,4,7
2013-01-24,1,4,8
2013-01-25,1,4,12
2013-01-26,1,4,5
2013-01-27,1,4,13
2013-01-28,1,4,7
2013-01-29,1,4,13
2013-01-30,1,4,8
2013-01-31,1,4,19
2013-02-01,1,4,21
2013-02-02,1,4,10
2013-02-03,1,4,6
2013-02-04,1,4,11
2013-02-05,1,4,17
2013-02-06,1,4,9
2013-02-07,1,4,15
2013-02-08,1,4,14
2013-02-09,1,4,12
2013-02-10,1,4,13
2013-02-11,1,4,12
2013-02-12,1,4,13
2013-02-13,1,4,13
2013-02-14,1,4,9
2013-02-15,1,4,15
2013-02-16,1,4,13
2013-02-17,1,4,11
2013-02-18,1,4,9
2013-02-19,1,4,8
2013-02-20,1,4,14
2013-02-21,1,4,9
2013-02-22,1,4,9
2013-02-23,1,4,13
2013-02-24,1,4,9
2013-02-25,1,4,8
2013-02-26,1,4,16
2013-02-27,1,4,17
2013-02-28,1,4,14
2013-03-01,1,4,9
2013-03-02,1,4,25
2013-03-03,1,4,19
2013-03-04,1,4,10
2013-03-05,1,4,20
2013-03-06,1,4,13
2013-03-07,1,4,14
2013-03-08,1,4,18
2013-03-09,1,4,20
2013-03-10,1,4,14
2013-03-11,1,4,8
2013-03-12,1,4,14
2013-03-13,1,4,12
2013-03-14,1,4,14
2013-03-15,1,4,15
2013-03-16,1,4,11
2013-03-17,1,4,15
2013-03-18,1,4,10
2013-03-19,1,4,13
2013-03-20,1,4,14
2013-03-21,1,4,15
2013-03-22,1,4,12
2013-03-23,1,4,15
2013-03-24,1,4,22
2013-03-25,1,4,16
2013-03-26,1,4,11
2013-03-27,1,4,14
2013-03-28,1,4,17
2013-03-29,1,4,11
2013-03-30,1,4,23
2013-03-31,1,4,23
2013-04-01,1,4,12
2013-04-02,1,4,14
2013-04-03,1,4,13
2013-04-04,1,4,18
2013-04-05,1,4,24
2013-04-06,1,4,18
2013-04-07,1,4,13
2013-04-08,1,4,6
2013-04-09,1,4,11
2013-04-10,1,4,20
2013-04-11,1,4,14
2013-04-12,1,4,15
2013-04-13,1,4,27
2013-04-14,1,4,27
2013-04-15,1,4,12
2013-04-16,1,4,23
2013-04-17,1,4,21
2013-04-18,1,4,16
2013-04-19,1,4,21
2013-04-20,1,4,21
2013-04-21,1,4,21
2013-04-22,1,4,10
2013-04-23,1,4,21
2013-04-24,1,4,11
2013-04-25,1,4,15
2013-04-26,1,4,14
2013-04-27,1,4,22
2013-04-28,1,4,29
2013-04-29,1,4,9
2013-04-30,1,4,16
2013-05-01,1,4,18
2013-05-02,1,4,25
2013-05-03,1,4,20
2013-05-04,1,4,21
2013-05-05,1,4,27
2013-05-06,1,4,5
2013-05-07,1,4,16
2013-05-08,1,4,24
2013-05-09,1,4,23
2013-05-10,1,4,24
2013-05-11,1,4,28
2013-05-12,1,4,17
2013-05-13,1,4,14
2013-05-14,1,4,16
2013-05-15,1,4,24
2013-05-16,1,4,24
2013-05-17,1,4,22
2013-05-18,1,4,27
2013-05-19,1,4,28
2013-05-20,1,4,12
2013-05-21,1,4,19
2013-05-22,1,4,21
2013-05-23,1,4,20
2013-05-24,1,4,24
2013-05-25,1,4,12
2013-05-26,1,4,26
2013-05-27,1,4,13
2013-05-28,1,4,18
2013-05-29,1,4,18
2013-05-30,1,4,22
2013-05-31,1,4,24
2013-06-01,1,4,21
2013-06-02,1,4,29
2013-06-03,1,4,22
2013-06-04,1,4,18
2013-06-05,1,4,19
2013-06-06,1,4,22
2013-06-07,1,4,18
2013-06-08,1,4,20
2013-06-09,1,4,17
2013-06-10,1,4,16
2013-06-11,1,4,20
2013-06-12,1,4,14
2013-06-13,1,4,22
2013-06-14,1,4,14
2013-06-15,1,4,29
2013-06-16,1,4,21
2013-06-17,1,4,14
2013-06-18,1,4,17
2013-06-19,1,4,16
2013-06-20,1,4,16
2013-06-21,1,4,20
2013-06-22,1,4,24
2013-06-23,1,4,25
2013-06-24,1,4,22
2013-06-25,1,4,23
2013-06-26,1,4,13
2013-06-27,1,4,26
2013-06-28,1,4,17
2013-06-29,1,4,24
2013-06-30,1,4,20
2013-07-01,1,4,9
2013-07-02,1,4,13
2013-07-03,1,4,16
2013-07-04,1,4,21
2013-07-05,1,4,28
2013-07-06,1,4,28
2013-07-07,1,4,29
2013-07-08,1,4,14
2013-07-09,1,4,18
2013-07-10,1,4,14
2013-07-11,1,4,20
2013-07-12,1,4,25
2013-07-13,1,4,30
2013-07-14,1,4,24
2013-07-15,1,4,16
2013-07-16,1,4,21
2013-07-17,1,4,22
2013-07-18,1,4,21
2013-07-19,1,4,24
2013-07-20,1,4,28
2013-07-21,1,4,19
2013-07-22,1,4,14
2013-07-23,1,4,19
2013-07-24,1,4,27
2013-07-25,1,4,18
2013-07-26,1,4,21
2013-07-27,1,4,17
2013-07-28,1,4,27
2013-07-29,1,4,9
2013-07-30,1,4,21
2013-07-31,1,4,13
2013-08-01,1,4,11
2013-08-02,1,4,18
2013-08-03,1,4,17
2013-08-04,1,4,27
2013-08-05,1,4,14
2013-08-06,1,4,20
2013-08-07,1,4,18
2013-08-08,1,4,18
2013-08-09,1,4,18
2013-08-10,1,4,34
2013-08-11,1,4,18
2013-08-12,1,4,14
2013-08-13,1,4,19
2013-08-14,1,4,18
2013-08-15,1,4,21
2013-08-16,1,4,16
2013-08-17,1,4,25
2013-08-18,1,4,15
2013-08-19,1,4,23
2013-08-20,1,4,16
2013-08-21,1,4,13
2013-08-22,1,4,19
2013-08-23,1,4,20
2013-08-24,1,4,27
2013-08-25,1,4,13
2013-08-26,1,4,16
2013-08-27,1,4,22
2013-08-28,1,4,21
2013-08-29,1,4,14
2013-08-30,1,4,17
2013-08-31,1,4,18
2013-09-01,1,4,22
2013-09-02,1,4,15
2013-09-03,1,4,15
2013-09-04,1,4,12
2013-09-05,1,4,25
2013-09-06,1,4,18
2013-09-07,1,4,25
2013-09-08,1,4,28
2013-09-09,1,4,4
2013-09-10,1,4,22
2013-09-11,1,4,22
2013-09-12,1,4,24
2013-09-13,1,4,16
2013-09-14,1,4,24
2013-09-15,1,4,20
2013-09-16,1,4,17
2013-09-17,1,4,20
2013-09-18,1,4,10
2013-09-19,1,4,20
2013-09-20,1,4,17
2013-09-21,1,4,18
2013-09-22,1,4,31
2013-09-23,1,4,9
2013-09-24,1,4,20
2013-09-25,1,4,15
2013-09-26,1,4,15
2013-09-27,1,4,16
2013-09-28,1,4,16
2013-09-29,1,4,20
2013-09-30,1,4,18
2013-10-01,1,4,13
2013-10-02,1,4,13
2013-10-03,1,4,16
2013-10-04,1,4,19
2013-10-05,1,4,22
2013-10-06,1,4,14
2013-10-07,1,4,13
2013-10-08,1,4,14
2013-10-09,1,4,10
2013-10-10,1,4,17
2013-10-11,1,4,14
2013-10-12,1,4,12
2013-10-13,1,4,21
2013-10-14,1,4,7
2013-10-15,1,4,19
2013-10-16,1,4,11
2013-10-17,1,4,11
2013-10-18,1,4,20
2013-10-19,1,4,20
2013-10-20,1,4,18
2013-10-21,1,4,10
2013-10-22,1,4,15
2013-10-23,1,4,19
2013-10-24,1,4,21
2013-10-25,1,4,17
2013-10-26,1,4,19
2013-10-27,1,4,22
2013-10-28,1,4,19
2013-10-29,1,4,10
2013-10-30,1,4,9
2013-10-31,1,4,10
2013-11-01,1,4,22
2013-11-02,1,4,24
2013-11-03,1,4,17
2013-11-04,1,4,12
2013-11-05,1,4,19
2013-11-06,1,4,24
2013-11-07,1,4,18
2013-11-08,1,4,12
2013-11-09,1,4,16
2013-11-10,1,4,14
2013-11-11,1,4,12
2013-11-12,1,4,16
2013-11-13,1,4,11
2013-11-14,1,4,18
2013-11-15,1,4,13
2013-11-16,1,4,25
2013-11-17,1,4,28
2013-11-18,1,4,9
2013-11-19,1,4,18
2013-11-20,1,4,17
2013-11-21,1,4,17
2013-11-22,1,4,19
2013-11-23,1,4,21
2013-11-24,1,4,19
2013-11-25,1,4,11
2013-11-26,1,4,12
2013-11-27,1,4,16
2013-11-28,1,4,29
2013-11-29,1,4,12
2013-11-30,1,4,18
2013-12-01,1,4,17
2013-12-02,1,4,8
2013-12-03,1,4,13
2013-12-04,1,4,17
2013-12-05,1,4,11
2013-12-06,1,4,12
2013-12-07,1,4,20
2013-12-08,1,4,12
2013-12-09,1,4,13
2013-12-10,1,4,5
2013-12-11,1,4,6
2013-12-12,1,4,13
2013-12-13,1,4,15
2013-12-14,1,4,13
2013-12-15,1,4,15
2013-12-16,1,4,7
2013-12-17,1,4,9
2013-12-18,1,4,8
2013-12-19,1,4,15
2013-12-20,1,4,15
2013-12-21,1,4,12
2013-12-22,1,4,13
2013-12-23,1,4,9
2013-12-24,1,4,14
2013-12-25,1,4,10
2013-12-26,1,4,15
2013-12-27,1,4,11
2013-12-28,1,4,22
2013-12-29,1,4,21
2013-12-30,1,4,13
2013-12-31,1,4,9
2014-01-01,1,4,9
2014-01-02,1,4,7
2014-01-03,1,4,10
2014-01-04,1,4,14
2014-01-05,1,4,14
2014-01-06,1,4,14
2014-01-07,1,4,9
2014-01-08,1,4,10
2014-01-09,1,4,13
2014-01-10,1,4,14
2014-01-11,1,4,21
2014-01-12,1,4,15
2014-01-13,1,4,4
2014-01-14,1,4,9
2014-01-15,1,4,18
2014-01-16,1,4,8
2014-01-17,1,4,11
2014-01-18,1,4,15
2014-01-19,1,4,17
2014-01-20,1,4,10
2014-01-21,1,4,12
2014-01-22,1,4,10
2014-01-23,1,4,6
2014-01-24,1,4,18
2014-01-25,1,4,11
2014-01-26,1,4,15
2014-01-27,1,4,11
2014-01-28,1,4,7
2014-01-29,1,4,7
2014-01-30,1,4,17
2014-01-31,1,4,10
2014-02-01,1,4,24
2014-02-02,1,4,15
2014-02-03,1,4,13
2014-02-04,1,4,19
2014-02-05,1,4,14
2014-02-06,1,4,12
2014-02-07,1,4,15
2014-02-08,1,4,13
2014-02-09,1,4,19
2014-02-10,1,4,8
2014-02-11,1,4,13
2014-02-12,1,4,6
2014-02-13,1,4,17
2014-02-14,1,4,24
2014-02-15,1,4,19
2014-02-16,1,4,20
2014-02-17,1,4,14
2014-02-18,1,4,18
2014-02-19,1,4,14
2014-02-20,1,4,17
2014-02-21,1,4,15
2014-02-22,1,4,15
2014-02-23,1,4,19
2014-02-24,1,4,16
2014-02-25,1,4,9
2014-02-26,1,4,10
2014-02-27,1,4,9
2014-02-28,1,4,8
2014-03-01,1,4,19
2014-03-02,1,4,22
2014-03-03,1,4,14
2014-03-04,1,4,19
2014-03-05,1,4,15
2014-03-06,1,4,14
2014-03-07,1,4,15
2014-03-08,1,4,15
2014-03-09,1,4,14
2014-03-10,1,4,15
2014-03-11,1,4,16
2014-03-12,1,4,16
2014-03-13,1,4,20
2014-03-14,1,4,15
2014-03-15,1,4,27
2014-03-16,1,4,13
2014-03-17,1,4,20
2014-03-18,1,4,9
2014-03-19,1,4,20
2014-03-20,1,4,20
2014-03-21,1,4,20
2014-03-22,1,4,15
2014-03-23,1,4,16
2014-03-24,1,4,18
2014-03-25,1,4,13
2014-03-26,1,4,18
2014-03-27,1,4,20
2014-03-28,1,4,19
2014-03-29,1,4,22
2014-03-30,1,4,18
2014-03-31,1,4,7
2014-04-01,1,4,22
2014-04-02,1,4,24
2014-04-03,1,4,22
2014-04-04,1,4,24
2014-04-05,1,4,38
2014-04-06,1,4,23
2014-04-07,1,4,20
2014-04-08,1,4,12
2014-04-09,1,4,23
2014-04-10,1,4,18
2014-04-11,1,4,32
2014-04-12,1,4,17
2014-04-13,1,4,26
2014-04-14,1,4,8
2014-04-15,1,4,11
2014-04-16,1,4,25
2014-04-17,1,4,20
2014-04-18,1,4,17
2014-04-19,1,4,27
2014-04-20,1,4,29
2014-04-21,1,4,13
2014-04-22,1,4,23
2014-04-23,1,4,18
2014-04-24,1,4,14
2014-04-25,1,4,21
2014-04-26,1,4,26
2014-04-27,1,4,23
2014-04-28,1,4,21
2014-04-29,1,4,14
2014-04-30,1,4,20
2014-05-01,1,4,21
2014-05-02,1,4,20
2014-05-03,1,4,35
2014-05-04,1,4,22
2014-05-05,1,4,14
2014-05-06,1,4,16
2014-05-07,1,4,18
2014-05-08,1,4,32
2014-05-09,1,4,20
2014-05-10,1,4,14
2014-05-11,1,4,21
2014-05-12,1,4,17
2014-05-13,1,4,20
2014-05-14,1,4,18
2014-05-15,1,4,22
2014-05-16,1,4,20
2014-05-17,1,4,21
2014-05-18,1,4,29
2014-05-19,1,4,14
2014-05-20,1,4,14
2014-05-21,1,4,14
2014-05-22,1,4,16
2014-05-23,1,4,27
2014-05-24,1,4,24
2014-05-25,1,4,27
2014-05-26,1,4,17
2014-05-27,1,4,20
2014-05-28,1,4,22
2014-05-29,1,4,21
2014-05-30,1,4,29
2014-05-31,1,4,20
2014-06-01,1,4,25
2014-06-02,1,4,17
2014-06-03,1,4,24
2014-06-04,1,4,20
2014-06-05,1,4,15
2014-06-06,1,4,26
2014-06-07,1,4,27
2014-06-08,1,4,27
2014-06-09,1,4,25
2014-06-10,1,4,22
2014-06-11,1,4,21
2014-06-12,1,4,24
2014-06-13,1,4,22
2014-06-14,1,4,35
2014-06-15,1,4,24
2014-06-16,1,4,19
2014-06-17,1,4,25
2014-06-18,1,4,18
2014-06-19,1,4,28
2014-06-20,1,4,23
2014-06-21,1,4,24
2014-06-22,1,4,20
2014-06-23,1,4,15
2014-06-24,1,4,28
2014-06-25,1,4,25
2014-06-26,1,4,21
2014-06-27,1,4,23
2014-06-28,1,4,23
2014-06-29,1,4,29
2014-06-30,1,4,18
2014-07-01,1,4,19
2014-07-02,1,4,24
2014-07-03,1,4,21
2014-07-04,1,4,30
2014-07-05,1,4,31
2014-07-06,1,4,28
2014-07-07,1,4,19
2014-07-08,1,4,29
2014-07-09,1,4,21
2014-07-10,1,4,32
2014-07-11,1,4,29
2014-07-12,1,4,29
2014-07-13,1,4,22
2014-07-14,1,4,25
2014-07-15,1,4,22
2014-07-16,1,4,21
2014-07-17,1,4,26
2014-07-18,1,4,21
2014-07-19,1,4,32
2014-07-20,1,4,40
2014-07-21,1,4,20
2014-07-22,1,4,32
2014-07-23,1,4,26
2014-07-24,1,4,23
2014-07-25,1,4,31
2014-07-26,1,4,30
2014-07-27,1,4,29
2014-07-28,1,4,14
2014-07-29,1,4,17
2014-07-30,1,4,25
2014-07-31,1,4,23
2014-08-01,1,4,21
2014-08-02,1,4,18
2014-08-03,1,4,38
2014-08-04,1,4,20
2014-08-05,1,4,23
2014-08-06,1,4,24
2014-08-07,1,4,25
2014-08-08,1,4,17
2014-08-09,1,4,23
2014-08-10,1,4,35
2014-08-11,1,4,18
2014-08-12,1,4,27
2014-08-13,1,4,22
2014-08-14,1,4,31
2014-08-15,1,4,19
2014-08-16,1,4,23
2014-08-17,1,4,22
2014-08-18,1,4,12
2014-08-19,1,4,23
2014-08-20,1,4,27
2014-08-21,1,4,25
2014-08-22,1,4,15
2014-08-23,1,4,32
2014-08-24,1,4,26
2014-08-25,1,4,14
2014-08-26,1,4,18
2014-08-27,1,4,15
2014-08-28,1,4,22
2014-08-29,1,4,22
2014-08-30,1,4,20
2014-08-31,1,4,28
2014-09-01,1,4,16
2014-09-02,1,4,14
2014-09-03,1,4,15
2014-09-04,1,4,24
2014-09-05,1,4,26
2014-09-06,1,4,25
2014-09-07,1,4,29
2014-09-08,1,4,15
2014-09-09,1,4,16
2014-09-10,1,4,23
2014-09-11,1,4,25
2014-09-12,1,4,16
2014-09-13,1,4,30
2014-09-14,1,4,24
2014-09-15,1,4,24
2014-09-16,1,4,18
2014-09-17,1,4,16
2014-09-18,1,4,18
2014-09-19,1,4,18
2014-09-20,1,4,20
2014-09-21,1,4,26
2014-09-22,1,4,11
2014-09-23,1,4,17
2014-09-24,1,4,24
2014-09-25,1,4,18
2014-09-26,1,4,18
2014-09-27,1,4,15
2014-09-28,1,4,28
2014-09-29,1,4,19
2014-09-30,1,4,17
2014-10-01,1,4,16
2014-10-02,1,4,12
2014-10-03,1,4,12
2014-10-04,1,4,22
2014-10-05,1,4,20
2014-10-06,1,4,16
2014-10-07,1,4,13
2014-10-08,1,4,22
2014-10-09,1,4,17
2014-10-10,1,4,13
2014-10-11,1,4,18
2014-10-12,1,4,26
2014-10-13,1,4,14
2014-10-14,1,4,19
2014-10-15,1,4,23
2014-10-16,1,4,17
2014-10-17,1,4,12
2014-10-18,1,4,25
2014-10-19,1,4,26
2014-10-20,1,4,21
2014-10-21,1,4,11
2014-10-22,1,4,12
2014-10-23,1,4,15
2014-10-24,1,4,18
2014-10-25,1,4,18
2014-10-26,1,4,13
2014-10-27,1,4,18
2014-10-28,1,4,20
2014-10-29,1,4,16
2014-10-30,1,4,12
2014-10-31,1,4,24
2014-11-01,1,4,18
2014-11-02,1,4,20
2014-11-03,1,4,17
2014-11-04,1,4,17
2014-11-05,1,4,16
2014-11-06,1,4,19
2014-11-07,1,4,23
2014-11-08,1,4,24
2014-11-09,1,4,33
2014-11-10,1,4,24
2014-11-11,1,4,23
2014-11-12,1,4,24
2014-11-13,1,4,26
2014-11-14,1,4,25
2014-11-15,1,4,24
2014-11-16,1,4,28
2014-11-17,1,4,12
2014-11-18,1,4,19
2014-11-19,1,4,13
2014-11-20,1,4,26
2014-11-21,1,4,25
2014-11-22,1,4,16
2014-11-23,1,4,29
2014-11-24,1,4,19
2014-11-25,1,4,18
2014-11-26,1,4,16
2014-11-27,1,4,21
2014-11-28,1,4,21
2014-11-29,1,4,24
2014-11-30,1,4,20
2014-12-01,1,4,13
2014-12-02,1,4,18
2014-12-03,1,4,12
2014-12-04,1,4,17
2014-12-05,1,4,17
2014-12-06,1,4,21
2014-12-07,1,4,15
2014-12-08,1,4,14
2014-12-09,1,4,12
2014-12-10,1,4,23
2014-12-11,1,4,16
2014-12-12,1,4,21
2014-12-13,1,4,12
2014-12-14,1,4,17
2014-12-15,1,4,8
2014-12-16,1,4,16
2014-12-17,1,4,13
2014-12-18,1,4,17
2014-12-19,1,4,14
2014-12-20,1,4,19
2014-12-21,1,4,13
2014-12-22,1,4,15
2014-12-23,1,4,19
2014-12-24,1,4,21
2014-12-25,1,4,10
2014-12-26,1,4,13
2014-12-27,1,4,15
2014-12-28,1,4,20
2014-12-29,1,4,7
2014-12-30,1,4,12
2014-12-31,1,4,14
2015-01-01,1,4,15
2015-01-02,1,4,20
2015-01-03,1,4,19
2015-01-04,1,4,23
2015-01-05,1,4,10
2015-01-06,1,4,13
2015-01-07,1,4,21
2015-01-08,1,4,16
2015-01-09,1,4,14
2015-01-10,1,4,28
2015-01-11,1,4,13
2015-01-12,1,4,15
2015-01-13,1,4,6
2015-01-14,1,4,14
2015-01-15,1,4,14
2015-01-16,1,4,11
2015-01-17,1,4,19
2015-01-18,1,4,18
2015-01-19,1,4,15
2015-01-20,1,4,9
2015-01-21,1,4,13
2015-01-22,1,4,6
2015-01-23,1,4,10
2015-01-24,1,4,13
2015-01-25,1,4,18
2015-01-26,1,4,9
2015-01-27,1,4,11
2015-01-28,1,4,14
2015-01-29,1,4,15
2015-01-30,1,4,18
2015-01-31,1,4,14
2015-02-01,1,4,15
2015-02-02,1,4,9
2015-02-03,1,4,17
2015-02-04,1,4,13
2015-02-05,1,4,14
2015-02-06,1,4,13
2015-02-07,1,4,13
2015-02-08,1,4,23
2015-02-09,1,4,5
2015-02-10,1,4,15
2015-02-11,1,4,15
2015-02-12,1,4,17
2015-02-13,1,4,13
2015-02-14,1,4,15
2015-02-15,1,4,20
2015-02-16,1,4,17
2015-02-17,1,4,15
2015-02-18,1,4,6
2015-02-19,1,4,20
2015-02-20,1,4,19
2015-02-21,1,4,12
2015-02-22,1,4,13
2015-02-23,1,4,9
2015-02-24,1,4,14
2015-02-25,1,4,11
2015-02-26,1,4,11
2015-02-27,1,4,21
2015-02-28,1,4,22
2015-03-01,1,4,23
2015-03-02,1,4,10
2015-03-03,1,4,25
2015-03-04,1,4,18
2015-03-05,1,4,19
2015-03-06,1,4,7
2015-03-07,1,4,21
2015-03-08,1,4,25
2015-03-09,1,4,17
2015-03-10,1,4,13
2015-03-11,1,4,14
2015-03-12,1,4,18
2015-03-13,1,4,12
2015-03-14,1,4,25
2015-03-15,1,4,20
2015-03-16,1,4,17
2015-03-17,1,4,18
2015-03-18,1,4,17
2015-03-19,1,4,21
2015-03-20,1,4,15
2015-03-21,1,4,20
2015-03-22,1,4,13
2015-03-23,1,4,12
2015-03-24,1,4,15
2015-03-25,1,4,13
2015-03-26,1,4,17
2015-03-27,1,4,18
2015-03-28,1,4,19
2015-03-29,1,4,26
2015-03-30,1,4,20
2015-03-31,1,4,24
2015-04-01,1,4,12
2015-04-02,1,4,21
2015-04-03,1,4,26
2015-04-04,1,4,30
2015-04-05,1,4,32
2015-04-06,1,4,12
2015-04-07,1,4,28
2015-04-08,1,4,23
2015-04-09,1,4,24
2015-04-10,1,4,20
2015-04-11,1,4,27
2015-04-12,1,4,19
2015-04-13,1,4,15
2015-04-14,1,4,21
2015-04-15,1,4,19
2015-04-16,1,4,26
2015-04-17,1,4,22
2015-04-18,1,4,18
2015-04-19,1,4,27
2015-04-20,1,4,13
2015-04-21,1,4,21
2015-04-22,1,4,21
2015-04-23,1,4,27
2015-04-24,1,4,25
2015-04-25,1,4,25
2015-04-26,1,4,26
2015-04-27,1,4,16
2015-04-28,1,4,24
2015-04-29,1,4,20
2015-04-30,1,4,26
2015-05-01,1,4,26
2015-05-02,1,4,24
2015-05-03,1,4,21
2015-05-04,1,4,21
2015-05-05,1,4,16
2015-05-06,1,4,14
2015-05-07,1,4,18
2015-05-08,1,4,32
2015-05-09,1,4,30
2015-05-10,1,4,25
2015-05-11,1,4,15
2015-05-12,1,4,20
2015-05-13,1,4,18
2015-05-14,1,4,22
2015-05-15,1,4,34
2015-05-16,1,4,21
2015-05-17,1,4,34
2015-05-18,1,4,24
2015-05-19,1,4,22
2015-05-20,1,4,19
2015-05-21,1,4,23
2015-05-22,1,4,29
2015-05-23,1,4,28
2015-05-24,1,4,28
2015-05-25,1,4,15
2015-05-26,1,4,16
2015-05-27,1,4,24
2015-05-28,1,4,21
2015-05-29,1,4,32
2015-05-30,1,4,31
2015-05-31,1,4,29
2015-06-01,1,4,16
2015-06-02,1,4,25
2015-06-03,1,4,24
2015-06-04,1,4,25
2015-06-05,1,4,33
2015-06-06,1,4,26
2015-06-07,1,4,31
2015-06-08,1,4,12
2015-06-09,1,4,30
2015-06-10,1,4,17
2015-06-11,1,4,23
2015-06-12,1,4,16
2015-06-13,1,4,27
2015-06-14,1,4,32
2015-06-15,1,4,21
2015-06-16,1,4,16
2015-06-17,1,4,23
2015-06-18,1,4,21
2015-06-19,1,4,26
2015-06-20,1,4,24
2015-06-21,1,4,26
2015-06-22,1,4,14
2015-06-23,1,4,19
2015-06-24,1,4,21
2015-06-25,1,4,24
2015-06-26,1,4,21
2015-06-27,1,4,29
2015-06-28,1,4,27
2015-06-29,1,4,12
2015-06-30,1,4,25
2015-07-01,1,4,30
2015-07-02,1,4,24
2015-07-03,1,4,30
2015-07-04,1,4,32
2015-07-05,1,4,37
2015-07-06,1,4,17
2015-07-07,1,4,18
2015-07-08,1,4,29
2015-07-09,1,4,20
2015-07-10,1,4,22
2015-07-11,1,4,39
2015-07-12,1,4,16
2015-07-13,1,4,21
2015-07-14,1,4,35
2015-07-15,1,4,16
2015-07-16,1,4,32
2015-07-17,1,4,23
2015-07-18,1,4,18
2015-07-19,1,4,29
2015-07-20,1,4,18
2015-07-21,1,4,19
2015-07-22,1,4,22
2015-07-23,1,4,26
2015-07-24,1,4,26
2015-07-25,1,4,25
2015-07-26,1,4,29
2015-07-27,1,4,14
2015-07-28,1,4,30
2015-07-29,1,4,29
2015-07-30,1,4,30
2015-07-31,1,4,27
2015-08-01,1,4,21
2015-08-02,1,4,24
2015-08-03,1,4,17
2015-08-04,1,4,19
2015-08-05,1,4,27
2015-08-06,1,4,19
2015-08-07,1,4,21
2015-08-08,1,4,19
2015-08-09,1,4,24
2015-08-10,1,4,17
2015-08-11,1,4,19
2015-08-12,1,4,21
2015-08-13,1,4,34
2015-08-14,1,4,16
2015-08-15,1,4,27
2015-08-16,1,4,32
2015-08-17,1,4,26
2015-08-18,1,4,32
2015-08-19,1,4,18
2015-08-20,1,4,13
2015-08-21,1,4,27
2015-08-22,1,4,27
2015-08-23,1,4,30
2015-08-24,1,4,15
2015-08-25,1,4,17
2015-08-26,1,4,16
2015-08-27,1,4,22
2015-08-28,1,4,23
2015-08-29,1,4,23
2015-08-30,1,4,25
2015-08-31,1,4,20
2015-09-01,1,4,18
2015-09-02,1,4,14
2015-09-03,1,4,24
2015-09-04,1,4,20
2015-09-05,1,4,21
2015-09-06,1,4,30
2015-09-07,1,4,16
2015-09-08,1,4,16
2015-09-09,1,4,24
2015-09-10,1,4,20
2015-09-11,1,4,25
2015-09-12,1,4,34
2015-09-13,1,4,23
2015-09-14,1,4,16
2015-09-15,1,4,25
2015-09-16,1,4,26
2015-09-17,1,4,25
2015-09-18,1,4,17
2015-09-19,1,4,31
2015-09-20,1,4,27
2015-09-21,1,4,20
2015-09-22,1,4,16
2015-09-23,1,4,20
2015-09-24,1,4,29
2015-09-25,1,4,13
2015-09-26,1,4,23
2015-09-27,1,4,16
2015-09-28,1,4,25
2015-09-29,1,4,17
2015-09-30,1,4,19
2015-10-01,1,4,21
2015-10-02,1,4,25
2015-10-03,1,4,22
2015-10-04,1,4,28
2015-10-05,1,4,9
2015-10-06,1,4,15
2015-10-07,1,4,23
2015-10-08,1,4,15
2015-10-09,1,4,16
2015-10-10,1,4,17
2015-10-11,1,4,26
2015-10-12,1,4,8
2015-10-13,1,4,18
2015-10-14,1,4,17
2015-10-15,1,4,20
2015-10-16,1,4,24
2015-10-17,1,4,16
2015-10-18,1,4,19
2015-10-19,1,4,16
2015-10-20,1,4,23
2015-10-21,1,4,21
2015-10-22,1,4,27
2015-10-23,1,4,27
2015-10-24,1,4,14
2015-10-25,1,4,36
2015-10-26,1,4,11
2015-10-27,1,4,20
2015-10-28,1,4,20
2015-10-29,1,4,18
2015-10-30,1,4,17
2015-10-31,1,4,15
2015-11-01,1,4,23
2015-11-02,1,4,16
2015-11-03,1,4,19
2015-11-04,1,4,26
2015-11-05,1,4,21
2015-11-06,1,4,17
2015-11-07,1,4,17
2015-11-08,1,4,22
2015-11-09,1,4,19
2015-11-10,1,4,16
2015-11-11,1,4,21
2015-11-12,1,4,21
2015-11-13,1,4,16
2015-11-14,1,4,23
2015-11-15,1,4,27
2015-11-16,1,4,14
2015-11-17,1,4,19
2015-11-18,1,4,9
2015-11-19,1,4,15
2015-11-20,1,4,16
2015-11-21,1,4,17
2015-11-22,1,4,28
2015-11-23,1,4,16
2015-11-24,1,4,23
2015-11-25,1,4,23
2015-11-26,1,4,18
2015-11-27,1,4,28
2015-11-28,1,4,31
2015-11-29,1,4,24
2015-11-30,1,4,20
2015-12-01,1,4,18
2015-12-02,1,4,17
2015-12-03,1,4,12
2015-12-04,1,4,16
2015-12-05,1,4,25
2015-12-06,1,4,16
2015-12-07,1,4,9
2015-12-08,1,4,11
2015-12-09,1,4,13
2015-12-10,1,4,23
2015-12-11,1,4,7
2015-12-12,1,4,18
2015-12-13,1,4,16
2015-12-14,1,4,12
2015-12-15,1,4,11
2015-12-16,1,4,17
2015-12-17,1,4,16
2015-12-18,1,4,24
2015-12-19,1,4,10
2015-12-20,1,4,14
2015-12-21,1,4,11
2015-12-22,1,4,12
2015-12-23,1,4,11
2015-12-24,1,4,16
2015-12-25,1,4,17
2015-12-26,1,4,14
2015-12-27,1,4,18
2015-12-28,1,4,5
2015-12-29,1,4,15
2015-12-30,1,4,15
2015-12-31,1,4,22
2016-01-01,1,4,15
2016-01-02,1,4,15
2016-01-03,1,4,21
2016-01-04,1,4,12
2016-01-05,1,4,12
2016-01-06,1,4,12
2016-01-07,1,4,16
2016-01-08,1,4,10
2016-01-09,1,4,23
2016-01-10,1,4,13
2016-01-11,1,4,11
2016-01-12,1,4,10
2016-01-13,1,4,12
2016-01-14,1,4,14
2016-01-15,1,4,12
2016-01-16,1,4,12
2016-01-17,1,4,19
2016-01-18,1,4,7
2016-01-19,1,4,17
2016-01-20,1,4,14
2016-01-21,1,4,13
2016-01-22,1,4,17
2016-01-23,1,4,10
2016-01-24,1,4,25
2016-01-25,1,4,11
2016-01-26,1,4,12
2016-01-27,1,4,12
2016-01-28,1,4,15
2016-01-29,1,4,19
2016-01-30,1,4,19
2016-01-31,1,4,17
2016-02-01,1,4,10
2016-02-02,1,4,14
2016-02-03,1,4,20
2016-02-04,1,4,20
2016-02-05,1,4,10
2016-02-06,1,4,21
2016-02-07,1,4,17
2016-02-08,1,4,15
2016-02-09,1,4,12
2016-02-10,1,4,25
2016-02-11,1,4,24
2016-02-12,1,4,13
2016-02-13,1,4,17
2016-02-14,1,4,21
2016-02-15,1,4,11
2016-02-16,1,4,8
2016-02-17,1,4,11
2016-02-18,1,4,15
2016-02-19,1,4,24
2016-02-20,1,4,26
2016-02-21,1,4,28
2016-02-22,1,4,13
2016-02-23,1,4,20
2016-02-24,1,4,14
2016-02-25,1,4,15
2016-02-26,1,4,26
2016-02-27,1,4,16
2016-02-28,1,4,14
2016-02-29,1,4,11
2016-03-01,1,4,16
2016-03-02,1,4,21
2016-03-03,1,4,15
2016-03-04,1,4,20
2016-03-05,1,4,20
2016-03-06,1,4,23
2016-03-07,1,4,16
2016-03-08,1,4,18
2016-03-09,1,4,17
2016-03-10,1,4,24
2016-03-11,1,4,20
2016-03-12,1,4,25
2016-03-13,1,4,18
2016-03-14,1,4,10
2016-03-15,1,4,18
2016-03-16,1,4,22
2016-03-17,1,4,24
2016-03-18,1,4,23
2016-03-19,1,4,27
2016-03-20,1,4,18
2016-03-21,1,4,13
2016-03-22,1,4,17
2016-03-23,1,4,20
2016-03-24,1,4,22
2016-03-25,1,4,28
2016-03-26,1,4,12
2016-03-27,1,4,20
2016-03-28,1,4,17
2016-03-29,1,4,16
2016-03-30,1,4,14
2016-03-31,1,4,20
2016-04-01,1,4,26
2016-04-02,1,4,26
2016-04-03,1,4,22
2016-04-04,1,4,18
2016-04-05,1,4,25
2016-04-06,1,4,17
2016-04-07,1,4,25
2016-04-08,1,4,28
2016-04-09,1,4,30
2016-04-10,1,4,21
2016-04-11,1,4,29
2016-04-12,1,4,20
2016-04-13,1,4,20
2016-04-14,1,4,21
2016-04-15,1,4,22
2016-04-16,1,4,27
2016-04-17,1,4,26
2016-04-18,1,4,19
2016-04-19,1,4,22
2016-04-20,1,4,29
2016-04-21,1,4,21
2016-04-22,1,4,23
2016-04-23,1,4,26
2016-04-24,1,4,26
2016-04-25,1,4,18
2016-04-26,1,4,22
2016-04-27,1,4,27
2016-04-28,1,4,20
2016-04-29,1,4,24
2016-04-30,1,4,26
2016-05-01,1,4,22
2016-05-02,1,4,25
2016-05-03,1,4,25
2016-05-04,1,4,20
2016-05-05,1,4,31
2016-05-06,1,4,32
2016-05-07,1,4,24
2016-05-08,1,4,23
2016-05-09,1,4,27
2016-05-10,1,4,29
2016-05-11,1,4,27
2016-05-12,1,4,23
2016-05-13,1,4,25
2016-05-14,1,4,40
2016-05-15,1,4,27
2016-05-16,1,4,24
2016-05-17,1,4,17
2016-05-18,1,4,25
2016-05-19,1,4,19
2016-05-20,1,4,23
2016-05-21,1,4,21
2016-05-22,1,4,29
2016-05-23,1,4,19
2016-05-24,1,4,25
2016-05-25,1,4,28
2016-05-26,1,4,21
2016-05-27,1,4,22
2016-05-28,1,4,22
2016-05-29,1,4,35
2016-05-30,1,4,22
2016-05-31,1,4,27
2016-06-01,1,4,27
2016-06-02,1,4,29
2016-06-03,1,4,25
2016-06-04,1,4,24
2016-06-05,1,4,34
2016-06-06,1,4,27
2016-06-07,1,4,25
2016-06-08,1,4,30
2016-06-09,1,4,27
2016-06-10,1,4,28
2016-06-11,1,4,27
2016-06-12,1,4,32
2016-06-13,1,4,16
2016-06-14,1,4,21
2016-06-15,1,4,29
2016-06-16,1,4,23
2016-06-17,1,4,29
2016-06-18,1,4,30
2016-06-19,1,4,30
2016-06-20,1,4,21
2016-06-21,1,4,25
2016-06-22,1,4,20
2016-06-23,1,4,34
2016-06-24,1,4,24
2016-06-25,1,4,39
2016-06-26,1,4,38
2016-06-27,1,4,28
2016-06-28,1,4,14
2016-06-29,1,4,29
2016-06-30,1,4,25
2016-07-01,1,4,29
2016-07-02,1,4,28
2016-07-03,1,4,19
2016-07-04,1,4,26
2016-07-05,1,4,27
2016-07-06,1,4,23
2016-07-07,1,4,32
2016-07-08,1,4,32
2016-07-09,1,4,30
2016-07-10,1,4,31
2016-07-11,1,4,19
2016-07-12,1,4,25
2016-07-13,1,4,19
2016-07-14,1,4,19
2016-07-15,1,4,35
2016-07-16,1,4,26
2016-07-17,1,4,41
2016-07-18,1,4,27
2016-07-19,1,4,21
2016-07-20,1,4,29
2016-07-21,1,4,27
2016-07-22,1,4,34
2016-07-23,1,4,31
2016-07-24,1,4,40
2016-07-25,1,4,15
2016-07-26,1,4,24
2016-07-27,1,4,33
2016-07-28,1,4,35
2016-07-29,1,4,23
2016-07-30,1,4,25
2016-07-31,1,4,31
2016-08-01,1,4,28
2016-08-02,1,4,29
2016-08-03,1,4,17
2016-08-04,1,4,19
2016-08-05,1,4,31
2016-08-06,1,4,31
2016-08-07,1,4,35
2016-08-08,1,4,15
2016-08-09,1,4,11
2016-08-10,1,4,15
2016-08-11,1,4,28
2016-08-12,1,4,22
2016-08-13,1,4,21
2016-08-14,1,4,29
2016-08-15,1,4,17
2016-08-16,1,4,21
2016-08-17,1,4,16
2016-08-18,1,4,30
2016-08-19,1,4,27
2016-08-20,1,4,27
2016-08-21,1,4,33
2016-08-22,1,4,17
2016-08-23,1,4,18
2016-08-24,1,4,31
2016-08-25,1,4,21
2016-08-26,1,4,28
2016-08-27,1,4,32
2016-08-28,1,4,25
2016-08-29,1,4,23
2016-08-30,1,4,21
2016-08-31,1,4,21
2016-09-01,1,4,13
2016-09-02,1,4,22
2016-09-03,1,4,35
2016-09-04,1,4,23
2016-09-05,1,4,25
2016-09-06,1,4,22
2016-09-07,1,4,18
2016-09-08,1,4,16
2016-09-09,1,4,18
2016-09-10,1,4,24
2016-09-11,1,4,26
2016-09-12,1,4,15
2016-09-13,1,4,22
2016-09-14,1,4,18
2016-09-15,1,4,40
2016-09-16,1,4,25
2016-09-17,1,4,27
2016-09-18,1,4,24
2016-09-19,1,4,21
2016-09-20,1,4,23
2016-09-21,1,4,19
2016-09-22,1,4,21
2016-09-23,1,4,32
2016-09-24,1,4,19
2016-09-25,1,4,31
2016-09-26,1,4,18
2016-09-27,1,4,17
2016-09-28,1,4,26
2016-09-29,1,4,24
2016-09-30,1,4,25
2016-10-01,1,4,25
2016-10-02,1,4,19
2016-10-03,1,4,19
2016-10-04,1,4,12
2016-10-05,1,4,24
2016-10-06,1,4,19
2016-10-07,1,4,16
2016-10-08,1,4,31
2016-10-09,1,4,32
2016-10-10,1,4,23
2016-10-11,1,4,19
2016-10-12,1,4,28
2016-10-13,1,4,25
2016-10-14,1,4,21
2016-10-15,1,4,23
2016-10-16,1,4,27
2016-10-17,1,4,10
2016-10-18,1,4,27
2016-10-19,1,4,17
2016-10-20,1,4,26
2016-10-21,1,4,24
2016-10-22,1,4,35
2016-10-23,1,4,23
2016-10-24,1,4,13
2016-10-25,1,4,25
2016-10-26,1,4,13
2016-10-27,1,4,21
2016-10-28,1,4,31
2016-10-29,1,4,28
2016-10-30,1,4,17
2016-10-31,1,4,14
2016-11-01,1,4,15
2016-11-02,1,4,15
2016-11-03,1,4,22
2016-11-04,1,4,19
2016-11-05,1,4,23
2016-11-06,1,4,29
2016-11-07,1,4,24
2016-11-08,1,4,14
2016-11-09,1,4,19
2016-11-10,1,4,35
2016-11-11,1,4,19
2016-11-12,1,4,26
2016-11-13,1,4,24
2016-11-14,1,4,14
2016-11-15,1,4,15
2016-11-16,1,4,23
2016-11-17,1,4,25
2016-11-18,1,4,21
2016-11-19,1,4,21
2016-11-20,1,4,30
2016-11-21,1,4,14
2016-11-22,1,4,17
2016-11-23,1,4,14
2016-11-24,1,4,23
2016-11-25,1,4,23
2016-11-26,1,4,26
2016-11-27,1,4,24
2016-11-28,1,4,17
2016-11-29,1,4,23
2016-11-30,1,4,29
2016-12-01,1,4,23
2016-12-02,1,4,18
2016-12-03,1,4,22
2016-12-04,1,4,27
2016-12-05,1,4,16
2016-12-06,1,4,16
2016-12-07,1,4,10
2016-12-08,1,4,20
2016-12-09,1,4,22
2016-12-10,1,4,14
2016-12-11,1,4,24
2016-12-12,1,4,15
2016-12-13,1,4,12
2016-12-14,1,4,14
2016-12-15,1,4,15
2016-12-16,1,4,25
2016-12-17,1,4,14
2016-12-18,1,4,25
2016-12-19,1,4,17
2016-12-20,1,4,15
2016-12-21,1,4,16
2016-12-22,1,4,17
2016-12-23,1,4,24
2016-12-24,1,4,14
2016-12-25,1,4,21
2016-12-26,1,4,11
2016-12-27,1,4,15
2016-12-28,1,4,17
2016-12-29,1,4,21
2016-12-30,1,4,20
2016-12-31,1,4,15
2017-01-01,1,4,21
2017-01-02,1,4,15
2017-01-03,1,4,12
2017-01-04,1,4,14
2017-01-05,1,4,10
2017-01-06,1,4,10
2017-01-07,1,4,21
2017-01-08,1,4,16
2017-01-09,1,4,5
2017-01-10,1,4,18
2017-01-11,1,4,16
2017-01-12,1,4,13
2017-01-13,1,4,16
2017-01-14,1,4,19
2017-01-15,1,4,18
2017-01-16,1,4,13
2017-01-17,1,4,19
2017-01-18,1,4,13
2017-01-19,1,4,10
2017-01-20,1,4,19
2017-01-21,1,4,17
2017-01-22,1,4,29
2017-01-23,1,4,18
2017-01-24,1,4,21
2017-01-25,1,4,15
2017-01-26,1,4,13
2017-01-27,1,4,13
2017-01-28,1,4,17
2017-01-29,1,4,20
2017-01-30,1,4,17
2017-01-31,1,4,10
2017-02-01,1,4,15
2017-02-02,1,4,17
2017-02-03,1,4,19
2017-02-04,1,4,18
2017-02-05,1,4,20
2017-02-06,1,4,13
2017-02-07,1,4,13
2017-02-08,1,4,13
2017-02-09,1,4,8
2017-02-10,1,4,20
2017-02-11,1,4,28
2017-02-12,1,4,22
2017-02-13,1,4,15
2017-02-14,1,4,13
2017-02-15,1,4,12
2017-02-16,1,4,15
2017-02-17,1,4,21
2017-02-18,1,4,15
2017-02-19,1,4,32
2017-02-20,1,4,13
2017-02-21,1,4,13
2017-02-22,1,4,16
2017-02-23,1,4,19
2017-02-24,1,4,9
2017-02-25,1,4,9
2017-02-26,1,4,22
2017-02-27,1,4,13
2017-02-28,1,4,21
2017-03-01,1,4,19
2017-03-02,1,4,23
2017-03-03,1,4,25
2017-03-04,1,4,15
2017-03-05,1,4,16
2017-03-06,1,4,12
2017-03-07,1,4,18
2017-03-08,1,4,18
2017-03-09,1,4,25
2017-03-10,1,4,24
2017-03-11,1,4,17
2017-03-12,1,4,22
2017-03-13,1,4,20
2017-03-14,1,4,16
2017-03-15,1,4,21
2017-03-16,1,4,19
2017-03-17,1,4,20
2017-03-18,1,4,27
2017-03-19,1,4,21
2017-03-20,1,4,17
2017-03-21,1,4,27
2017-03-22,1,4,17
2017-03-23,1,4,23
2017-03-24,1,4,18
2017-03-25,1,4,27
2017-03-26,1,4,23
2017-03-27,1,4,19
2017-03-28,1,4,18
2017-03-29,1,4,22
2017-03-30,1,4,17
2017-03-31,1,4,16
2017-04-01,1,4,37
2017-04-02,1,4,28
2017-04-03,1,4,19
2017-04-04,1,4,18
2017-04-05,1,4,16
2017-04-06,1,4,28
2017-04-07,1,4,18
2017-04-08,1,4,28
2017-04-09,1,4,23
2017-04-10,1,4,19
2017-04-11,1,4,28
2017-04-12,1,4,23
2017-04-13,1,4,30
2017-04-14,1,4,19
2017-04-15,1,4,18
2017-04-16,1,4,23
2017-04-17,1,4,15
2017-04-18,1,4,30
2017-04-19,1,4,23
2017-04-20,1,4,29
2017-04-21,1,4,23
2017-04-22,1,4,31
2017-04-23,1,4,36
2017-04-24,1,4,20
2017-04-25,1,4,17
2017-04-26,1,4,16
2017-04-27,1,4,27
2017-04-28,1,4,24
2017-04-29,1,4,26
2017-04-30,1,4,32
2017-05-01,1,4,13
2017-05-02,1,4,26
2017-05-03,1,4,24
2017-05-04,1,4,18
2017-05-05,1,4,23
2017-05-06,1,4,27
2017-05-07,1,4,33
2017-05-08,1,4,11
2017-05-09,1,4,18
2017-05-10,1,4,14
2017-05-11,1,4,33
2017-05-12,1,4,35
2017-05-13,1,4,28
2017-05-14,1,4,17
2017-05-15,1,4,18
2017-05-16,1,4,19
2017-05-17,1,4,23
2017-05-18,1,4,27
2017-05-19,1,4,26
2017-05-20,1,4,33
2017-05-21,1,4,30
2017-05-22,1,4,22
2017-05-23,1,4,22
2017-05-24,1,4,28
2017-05-25,1,4,26
2017-05-26,1,4,33
2017-05-27,1,4,24
2017-05-28,1,4,26
2017-05-29,1,4,14
2017-05-30,1,4,26
2017-05-31,1,4,25
2017-06-01,1,4,22
2017-06-02,1,4,19
2017-06-03,1,4,34
2017-06-04,1,4,36
2017-06-05,1,4,24
2017-06-06,1,4,27
2017-06-07,1,4,20
2017-06-08,1,4,31
2017-06-09,1,4,25
2017-06-10,1,4,40
2017-06-11,1,4,29
2017-06-12,1,4,30
2017-06-13,1,4,28
2017-06-14,1,4,17
2017-06-15,1,4,23
2017-06-16,1,4,27
2017-06-17,1,4,18
2017-06-18,1,4,36
2017-06-19,1,4,22
2017-06-20,1,4,27
2017-06-21,1,4,22
2017-06-22,1,4,27
2017-06-23,1,4,27
2017-06-24,1,4,41
2017-06-25,1,4,34
2017-06-26,1,4,22
2017-06-27,1,4,27
2017-06-28,1,4,18
2017-06-29,1,4,32
2017-06-30,1,4,29
2017-07-01,1,4,37
2017-07-02,1,4,39
2017-07-03,1,4,18
2017-07-04,1,4,30
2017-07-05,1,4,30
2017-07-06,1,4,26
2017-07-07,1,4,35
2017-07-08,1,4,35
2017-07-09,1,4,39
2017-07-10,1,4,17
2017-07-11,1,4,22
2017-07-12,1,4,27
2017-07-13,1,4,35
2017-07-14,1,4,31
2017-07-15,1,4,38
2017-07-16,1,4,26
2017-07-17,1,4,22
2017-07-18,1,4,21
2017-07-19,1,4,22
2017-07-20,1,4,23
2017-07-21,1,4,41
2017-07-22,1,4,28
2017-07-23,1,4,40
2017-07-24,1,4,19
2017-07-25,1,4,29
2017-07-26,1,4,26
2017-07-27,1,4,33
2017-07-28,1,4,40
2017-07-29,1,4,30
2017-07-30,1,4,31
2017-07-31,1,4,27
2017-08-01,1,4,16
2017-08-02,1,4,20
2017-08-03,1,4,24
2017-08-04,1,4,25
2017-08-05,1,4,26
2017-08-06,1,4,23
2017-08-07,1,4,23
2017-08-08,1,4,24
2017-08-09,1,4,26
2017-08-10,1,4,21
2017-08-11,1,4,23
2017-08-12,1,4,39
2017-08-13,1,4,34
2017-08-14,1,4,23
2017-08-15,1,4,16
2017-08-16,1,4,16
2017-08-17,1,4,28
2017-08-18,1,4,31
2017-08-19,1,4,37
2017-08-20,1,4,27
2017-08-21,1,4,16
2017-08-22,1,4,22
2017-08-23,1,4,23
2017-08-24,1,4,33
2017-08-25,1,4,23
2017-08-26,1,4,26
2017-08-27,1,4,43
2017-08-28,1,4,17
2017-08-29,1,4,26
2017-08-30,1,4,22
2017-08-31,1,4,27
2017-09-01,1,4,20
2017-09-02,1,4,22
2017-09-03,1,4,20
2017-09-04,1,4,24
2017-09-05,1,4,20
2017-09-06,1,4,21
2017-09-07,1,4,20
2017-09-08,1,4,20
2017-09-09,1,4,20
2017-09-10,1,4,31
2017-09-11,1,4,15
2017-09-12,1,4,24
2017-09-13,1,4,23
2017-09-14,1,4,26
2017-09-15,1,4,19
2017-09-16,1,4,15
2017-09-17,1,4,22
2017-09-18,1,4,16
2017-09-19,1,4,26
2017-09-20,1,4,22
2017-09-21,1,4,29
2017-09-22,1,4,23
2017-09-23,1,4,27
2017-09-24,1,4,21
2017-09-25,1,4,19
2017-09-26,1,4,19
2017-09-27,1,4,27
2017-09-28,1,4,17
2017-09-29,1,4,19
2017-09-30,1,4,22
2017-10-01,1,4,22
2017-10-02,1,4,21
2017-10-03,1,4,17
2017-10-04,1,4,24
2017-10-05,1,4,25
2017-10-06,1,4,23
2017-10-07,1,4,19
2017-10-08,1,4,21
2017-10-09,1,4,21
2017-10-10,1,4,22
2017-10-11,1,4,26
2017-10-12,1,4,22
2017-10-13,1,4,24
2017-10-14,1,4,26
2017-10-15,1,4,30
2017-10-16,1,4,21
2017-10-17,1,4,14
2017-10-18,1,4,22
2017-10-19,1,4,28
2017-10-20,1,4,20
2017-10-21,1,4,23
2017-10-22,1,4,16
2017-10-23,1,4,17
2017-10-24,1,4,30
2017-10-25,1,4,21
2017-10-26,1,4,17
2017-10-27,1,4,24
2017-10-28,1,4,26
2017-10-29,1,4,31
2017-10-30,1,4,7
2017-10-31,1,4,20
2017-11-01,1,4,23
2017-11-02,1,4,22
2017-11-03,1,4,20
2017-11-04,1,4,17
2017-11-05,1,4,21
2017-11-06,1,4,20
2017-11-07,1,4,25
2017-11-08,1,4,16
2017-11-09,1,4,22
2017-11-10,1,4,31
2017-11-11,1,4,27
2017-11-12,1,4,36
2017-11-13,1,4,16
2017-11-14,1,4,19
2017-11-15,1,4,27
2017-11-16,1,4,21
2017-11-17,1,4,24
2017-11-18,1,4,29
2017-11-19,1,4,30
2017-11-20,1,4,18
2017-11-21,1,4,30
2017-11-22,1,4,24
2017-11-23,1,4,23
2017-11-24,1,4,25
2017-11-25,1,4,29
2017-11-26,1,4,28
2017-11-27,1,4,21
2017-11-28,1,4,23
2017-11-29,1,4,18
2017-11-30,1,4,16
2017-12-01,1,4,23
2017-12-02,1,4,16
2017-12-03,1,4,15
2017-12-04,1,4,10
2017-12-05,1,4,15
2017-12-06,1,4,13
2017-12-07,1,4,14
2017-12-08,1,4,16
2017-12-09,1,4,22
2017-12-10,1,4,18
2017-12-11,1,4,10
2017-12-12,1,4,17
2017-12-13,1,4,11
2017-12-14,1,4,18
2017-12-15,1,4,15
2017-12-16,1,4,19
2017-12-17,1,4,14
2017-12-18,1,4,11
2017-12-19,1,4,17
2017-12-20,1,4,22
2017-12-21,1,4,16
2017-12-22,1,4,16
2017-12-23,1,4,17
2017-12-24,1,4,11
2017-12-25,1,4,11
2017-12-26,1,4,15
2017-12-27,1,4,16
2017-12-28,1,4,20
2017-12-29,1,4,25
2017-12-30,1,4,19
2017-12-31,1,4,15
2013-01-01,1,5,11
2013-01-02,1,5,6
2013-01-03,1,5,8
2013-01-04,1,5,9
2013-01-05,1,5,8
2013-01-06,1,5,13
2013-01-07,1,5,11
2013-01-08,1,5,10
2013-01-09,1,5,7
2013-01-10,1,5,8
2013-01-11,1,5,10
2013-01-12,1,5,8
2013-01-13,1,5,11
2013-01-14,1,5,5
2013-01-15,1,5,10
2013-01-16,1,5,6
2013-01-17,1,5,7
2013-01-18,1,5,10
2013-01-19,1,5,8
2013-01-20,1,5,9
2013-01-21,1,5,4
2013-01-22,1,5,9
2013-01-23,1,5,6
2013-01-24,1,5,12
2013-01-25,1,5,5
2013-01-26,1,5,7
2013-01-27,1,5,18
2013-01-28,1,5,9
2013-01-29,1,5,9
2013-01-30,1,5,9
2013-01-31,1,5,13
2013-02-01,1,5,8
2013-02-02,1,5,16
2013-02-03,1,5,11
2013-02-04,1,5,8
2013-02-05,1,5,15
2013-02-06,1,5,7
2013-02-07,1,5,10
2013-02-08,1,5,7
2013-02-09,1,5,8
2013-02-10,1,5,10
2013-02-11,1,5,13
2013-02-12,1,5,13
2013-02-13,1,5,8
2013-02-14,1,5,10
2013-02-15,1,5,11
2013-02-16,1,5,10
2013-02-17,1,5,11
2013-02-18,1,5,5
2013-02-19,1,5,10
2013-02-20,1,5,7
2013-02-21,1,5,11
2013-02-22,1,5,15
2013-02-23,1,5,13
2013-02-24,1,5,9
2013-02-25,1,5,3
2013-02-26,1,5,6
2013-02-27,1,5,9
2013-02-28,1,5,12
2013-03-01,1,5,11
2013-03-02,1,5,16
2013-03-03,1,5,11
2013-03-04,1,5,6
2013-03-05,1,5,10
2013-03-06,1,5,9
2013-03-07,1,5,15
2013-03-08,1,5,9
2013-03-09,1,5,7
2013-03-10,1,5,18
2013-03-11,1,5,9
2013-03-12,1,5,11
2013-03-13,1,5,15
2013-03-14,1,5,9
2013-03-15,1,5,13
2013-03-16,1,5,15
2013-03-17,1,5,19
2013-03-18,1,5,7
2013-03-19,1,5,12
2013-03-20,1,5,12
2013-03-21,1,5,16
2013-03-22,1,5,7
2013-03-23,1,5,13
2013-03-24,1,5,14
2013-03-25,1,5,10
2013-03-26,1,5,11
2013-03-27,1,5,16
2013-03-28,1,5,11
2013-03-29,1,5,15
2013-03-30,1,5,16
2013-03-31,1,5,15
2013-04-01,1,5,14
2013-04-02,1,5,13
2013-04-03,1,5,8
2013-04-04,1,5,22
2013-04-05,1,5,13
2013-04-06,1,5,18
2013-04-07,1,5,11
2013-04-08,1,5,15
2013-04-09,1,5,7
2013-04-10,1,5,8
2013-04-11,1,5,16
2013-04-12,1,5,15
2013-04-13,1,5,18
2013-04-14,1,5,18
2013-04-15,1,5,11
2013-04-16,1,5,10
2013-04-17,1,5,14
2013-04-18,1,5,17
2013-04-19,1,5,17
2013-04-20,1,5,13
2013-04-21,1,5,20
2013-04-22,1,5,11
2013-04-23,1,5,11
2013-04-24,1,5,16
2013-04-25,1,5,13
2013-04-26,1,5,15
2013-04-27,1,5,15
2013-04-28,1,5,14
2013-04-29,1,5,14
2013-04-30,1,5,10
2013-05-01,1,5,15
2013-05-02,1,5,11
2013-05-03,1,5,18
2013-05-04,1,5,15
2013-05-05,1,5,19
2013-05-06,1,5,12
2013-05-07,1,5,17
2013-05-08,1,5,16
2013-05-09,1,5,20
2013-05-10,1,5,10
2013-05-11,1,5,21
2013-05-12,1,5,15
2013-05-13,1,5,5
2013-05-14,1,5,12
2013-05-15,1,5,23
2013-05-16,1,5,19
2013-05-17,1,5,18
2013-05-18,1,5,18
2013-05-19,1,5,21
2013-05-20,1,5,12
2013-05-21,1,5,10
2013-05-22,1,5,22
2013-05-23,1,5,24
2013-05-24,1,5,20
2013-05-25,1,5,21
2013-05-26,1,5,14
2013-05-27,1,5,14
2013-05-28,1,5,15
2013-05-29,1,5,13
2013-05-30,1,5,14
2013-05-31,1,5,13
2013-06-01,1,5,18
2013-06-02,1,5,18
2013-06-03,1,5,17
2013-06-04,1,5,12
2013-06-05,1,5,10
2013-06-06,1,5,20
2013-06-07,1,5,14
2013-06-08,1,5,22
2013-06-09,1,5,19
2013-06-10,1,5,16
2013-06-11,1,5,14
2013-06-12,1,5,14
2013-06-13,1,5,8
2013-06-14,1,5,18
2013-06-15,1,5,19
2013-06-16,1,5,19
2013-06-17,1,5,11
2013-06-18,1,5,14
2013-06-19,1,5,15
2013-06-20,1,5,16
2013-06-21,1,5,16
2013-06-22,1,5,13
2013-06-23,1,5,17
2013-06-24,1,5,13
2013-06-25,1,5,17
2013-06-26,1,5,15
2013-06-27,1,5,24
2013-06-28,1,5,19
2013-06-29,1,5,19
2013-06-30,1,5,30
2013-07-01,1,5,13
2013-07-02,1,5,9
2013-07-03,1,5,16
2013-07-04,1,5,19
2013-07-05,1,5,16
2013-07-06,1,5,17
2013-07-07,1,5,14
2013-07-08,1,5,16
2013-07-09,1,5,17
2013-07-10,1,5,18
2013-07-11,1,5,19
2013-07-12,1,5,16
2013-07-13,1,5,17
2013-07-14,1,5,15
2013-07-15,1,5,12
2013-07-16,1,5,17
2013-07-17,1,5,11
2013-07-18,1,5,26
2013-07-19,1,5,17
2013-07-20,1,5,20
2013-07-21,1,5,19
2013-07-22,1,5,17
2013-07-23,1,5,17
2013-07-24,1,5,22
2013-07-25,1,5,20
2013-07-26,1,5,18
2013-07-27,1,5,19
2013-07-28,1,5,18
2013-07-29,1,5,14
2013-07-30,1,5,17
2013-07-31,1,5,13
2013-08-01,1,5,9
2013-08-02,1,5,17
2013-08-03,1,5,17
2013-08-04,1,5,15
2013-08-05,1,5,6
2013-08-06,1,5,16
2013-08-07,1,5,12
2013-08-08,1,5,12
2013-08-09,1,5,12
2013-08-10,1,5,17
2013-08-11,1,5,17
2013-08-12,1,5,8
2013-08-13,1,5,16
2013-08-14,1,5,22
2013-08-15,1,5,23
2013-08-16,1,5,29
2013-08-17,1,5,16
2013-08-18,1,5,22
2013-08-19,1,5,16
2013-08-20,1,5,16
2013-08-21,1,5,13
2013-08-22,1,5,17
2013-08-23,1,5,24
2013-08-24,1,5,13
2013-08-25,1,5,25
2013-08-26,1,5,17
2013-08-27,1,5,11
2013-08-28,1,5,10
2013-08-29,1,5,13
2013-08-30,1,5,20
2013-08-31,1,5,27
2013-09-01,1,5,14
2013-09-02,1,5,13
2013-09-03,1,5,18
2013-09-04,1,5,6
2013-09-05,1,5,15
2013-09-06,1,5,8
2013-09-07,1,5,12
2013-09-08,1,5,14
2013-09-09,1,5,14
2013-09-10,1,5,17
2013-09-11,1,5,12
2013-09-12,1,5,19
2013-09-13,1,5,11
2013-09-14,1,5,20
2013-09-15,1,5,15
2013-09-16,1,5,12
2013-09-17,1,5,14
2013-09-18,1,5,10
2013-09-19,1,5,11
2013-09-20,1,5,15
2013-09-21,1,5,16
2013-09-22,1,5,18
2013-09-23,1,5,19
2013-09-24,1,5,19
2013-09-25,1,5,16
2013-09-26,1,5,7
2013-09-27,1,5,17
2013-09-28,1,5,12
2013-09-29,1,5,21
2013-09-30,1,5,15
2013-10-01,1,5,11
2013-10-02,1,5,16
2013-10-03,1,5,19
2013-10-04,1,5,23
2013-10-05,1,5,17
2013-10-06,1,5,19
2013-10-07,1,5,8
2013-10-08,1,5,12
2013-10-09,1,5,8
2013-10-10,1,5,8
2013-10-11,1,5,11
2013-10-12,1,5,13
2013-10-13,1,5,15
2013-10-14,1,5,16
2013-10-15,1,5,17
2013-10-16,1,5,11
2013-10-17,1,5,13
2013-10-18,1,5,10
2013-10-19,1,5,16
2013-10-20,1,5,19
2013-10-21,1,5,7
2013-10-22,1,5,14
2013-10-23,1,5,15
2013-10-24,1,5,23
2013-10-25,1,5,10
2013-10-26,1,5,13
2013-10-27,1,5,11
2013-10-28,1,5,11
2013-10-29,1,5,13
2013-10-30,1,5,13
2013-10-31,1,5,14
2013-11-01,1,5,18
2013-11-02,1,5,11
2013-11-03,1,5,18
2013-11-04,1,5,3
2013-11-05,1,5,21
2013-11-06,1,5,15
2013-11-07,1,5,13
2013-11-08,1,5,12
2013-11-09,1,5,11
2013-11-10,1,5,14
2013-11-11,1,5,11
2013-11-12,1,5,16
2013-11-13,1,5,10
2013-11-14,1,5,11
2013-11-15,1,5,16
2013-11-16,1,5,15
2013-11-17,1,5,14
2013-11-18,1,5,6
2013-11-19,1,5,16
2013-11-20,1,5,22
2013-11-21,1,5,12
2013-11-22,1,5,13
2013-11-23,1,5,19
2013-11-24,1,5,15
2013-11-25,1,5,16
2013-11-26,1,5,19
2013-11-27,1,5,10
2013-11-28,1,5,12
2013-11-29,1,5,19
2013-11-30,1,5,14
2013-12-01,1,5,10
2013-12-02,1,5,13
2013-12-03,1,5,8
2013-12-04,1,5,16
2013-12-05,1,5,9
2013-12-06,1,5,12
2013-12-07,1,5,12
2013-12-08,1,5,15
2013-12-09,1,5,7
2013-12-10,1,5,6
2013-12-11,1,5,13
2013-12-12,1,5,15
2013-12-13,1,5,15
2013-12-14,1,5,15
2013-12-15,1,5,15
2013-12-16,1,5,7
2013-12-17,1,5,10
2013-12-18,1,5,9
2013-12-19,1,5,13
2013-12-20,1,5,10
2013-12-21,1,5,18
2013-12-22,1,5,17
2013-12-23,1,5,12
2013-12-24,1,5,12
2013-12-25,1,5,5
2013-12-26,1,5,12
2013-12-27,1,5,11
2013-12-28,1,5,10
2013-12-29,1,5,14
2013-12-30,1,5,9
2013-12-31,1,5,6
2014-01-01,1,5,6
2014-01-02,1,5,6
2014-01-03,1,5,9
2014-01-04,1,5,11
2014-01-05,1,5,13
2014-01-06,1,5,7
2014-01-07,1,5,12
2014-01-08,1,5,11
2014-01-09,1,5,10
2014-01-10,1,5,8
2014-01-11,1,5,12
2014-01-12,1,5,10
2014-01-13,1,5,10
2014-01-14,1,5,10
2014-01-15,1,5,8
2014-01-16,1,5,10
2014-01-17,1,5,7
2014-01-18,1,5,12
2014-01-19,1,5,9
2014-01-20,1,5,9
2014-01-21,1,5,10
2014-01-22,1,5,11
2014-01-23,1,5,13
2014-01-24,1,5,14
2014-01-25,1,5,8
2014-01-26,1,5,24
2014-01-27,1,5,13
2014-01-28,1,5,8
2014-01-29,1,5,16
2014-01-30,1,5,8
2014-01-31,1,5,15
2014-02-01,1,5,9
2014-02-02,1,5,13
2014-02-03,1,5,12
2014-02-04,1,5,10
2014-02-05,1,5,10
2014-02-06,1,5,5
2014-02-07,1,5,17
2014-02-08,1,5,7
2014-02-09,1,5,11
2014-02-10,1,5,10
2014-02-11,1,5,10
2014-02-12,1,5,11
2014-02-13,1,5,10
2014-02-14,1,5,10
2014-02-15,1,5,13
2014-02-16,1,5,15
2014-02-17,1,5,10
2014-02-18,1,5,6
2014-02-19,1,5,7
2014-02-20,1,5,11
2014-02-21,1,5,14
2014-02-22,1,5,14
2014-02-23,1,5,19
2014-02-24,1,5,11
2014-02-25,1,5,12
2014-02-26,1,5,10
2014-02-27,1,5,14
2014-02-28,1,5,13
2014-03-01,1,5,16
2014-03-02,1,5,16
2014-03-03,1,5,13
2014-03-04,1,5,10
2014-03-05,1,5,14
2014-03-06,1,5,17
2014-03-07,1,5,19
2014-03-08,1,5,7
2014-03-09,1,5,13
2014-03-10,1,5,10
2014-03-11,1,5,9
2014-03-12,1,5,18
2014-03-13,1,5,20
2014-03-14,1,5,19
2014-03-15,1,5,17
2014-03-16,1,5,18
2014-03-17,1,5,19
2014-03-18,1,5,14
2014-03-19,1,5,19
2014-03-20,1,5,13
2014-03-21,1,5,12
2014-03-22,1,5,16
2014-03-23,1,5,15
2014-03-24,1,5,14
2014-03-25,1,5,12
2014-03-26,1,5,15
2014-03-27,1,5,23
2014-03-28,1,5,13
2014-03-29,1,5,20
2014-03-30,1,5,20
2014-03-31,1,5,11
2014-04-01,1,5,18
2014-04-02,1,5,19
2014-04-03,1,5,19
2014-04-04,1,5,18
2014-04-05,1,5,13
2014-04-06,1,5,23
2014-04-07,1,5,9
2014-04-08,1,5,22
2014-04-09,1,5,20
2014-04-10,1,5,15
2014-04-11,1,5,25
2014-04-12,1,5,20
2014-04-13,1,5,19
2014-04-14,1,5,12
2014-04-15,1,5,17
2014-04-16,1,5,15
2014-04-17,1,5,18
2014-04-18,1,5,21
2014-04-19,1,5,19
2014-04-20,1,5,14
2014-04-21,1,5,13
2014-04-22,1,5,15
2014-04-23,1,5,12
2014-04-24,1,5,19
2014-04-25,1,5,17
2014-04-26,1,5,24
2014-04-27,1,5,22
2014-04-28,1,5,12
2014-04-29,1,5,15
2014-04-30,1,5,11
2014-05-01,1,5,10
2014-05-02,1,5,20
2014-05-03,1,5,17
2014-05-04,1,5,23
2014-05-05,1,5,10
2014-05-06,1,5,16
2014-05-07,1,5,19
2014-05-08,1,5,22
2014-05-09,1,5,22
2014-05-10,1,5,25
2014-05-11,1,5,26
2014-05-12,1,5,13
2014-05-13,1,5,11
2014-05-14,1,5,23
2014-05-15,1,5,22
2014-05-16,1,5,22
2014-05-17,1,5,24
2014-05-18,1,5,21
2014-05-19,1,5,13
2014-05-20,1,5,16
2014-05-21,1,5,18
2014-05-22,1,5,25
2014-05-23,1,5,26
2014-05-24,1,5,22
2014-05-25,1,5,24
2014-05-26,1,5,13
2014-05-27,1,5,9
2014-05-28,1,5,20
2014-05-29,1,5,23
2014-05-30,1,5,25
2014-05-31,1,5,18
2014-06-01,1,5,22
2014-06-02,1,5,16
2014-06-03,1,5,16
2014-06-04,1,5,14
2014-06-05,1,5,21
2014-06-06,1,5,23
2014-06-07,1,5,15
2014-06-08,1,5,20
2014-06-09,1,5,15
2014-06-10,1,5,21
2014-06-11,1,5,17
2014-06-12,1,5,24
2014-06-13,1,5,21
2014-06-14,1,5,18
2014-06-15,1,5,20
2014-06-16,1,5,12
2014-06-17,1,5,16
2014-06-18,1,5,19
2014-06-19,1,5,25
2014-06-20,1,5,17
2014-06-21,1,5,21
2014-06-22,1,5,23
2014-06-23,1,5,15
2014-06-24,1,5,17
2014-06-25,1,5,20
2014-06-26,1,5,24
2014-06-27,1,5,17
2014-06-28,1,5,24
2014-06-29,1,5,23
2014-06-30,1,5,9
2014-07-01,1,5,15
2014-07-02,1,5,20
2014-07-03,1,5,20
2014-07-04,1,5,28
2014-07-05,1,5,21
2014-07-06,1,5,24
2014-07-07,1,5,16
2014-07-08,1,5,24
2014-07-09,1,5,26
2014-07-10,1,5,23
2014-07-11,1,5,17
2014-07-12,1,5,28
2014-07-13,1,5,18
2014-07-14,1,5,9
2014-07-15,1,5,17
2014-07-16,1,5,27
2014-07-17,1,5,20
2014-07-18,1,5,24
2014-07-19,1,5,18
2014-07-20,1,5,28
2014-07-21,1,5,15
2014-07-22,1,5,17
2014-07-23,1,5,20
2014-07-24,1,5,21
2014-07-25,1,5,22
2014-07-26,1,5,18
2014-07-27,1,5,26
2014-07-28,1,5,6
2014-07-29,1,5,27
2014-07-30,1,5,13
2014-07-31,1,5,26
2014-08-01,1,5,24
2014-08-02,1,5,15
2014-08-03,1,5,19
2014-08-04,1,5,13
2014-08-05,1,5,17
2014-08-06,1,5,17
2014-08-07,1,5,21
2014-08-08,1,5,22
2014-08-09,1,5,17
2014-08-10,1,5,19
2014-08-11,1,5,16
2014-08-12,1,5,19
2014-08-13,1,5,17
2014-08-14,1,5,17
2014-08-15,1,5,32
2014-08-16,1,5,23
2014-08-17,1,5,17
2014-08-18,1,5,12
2014-08-19,1,5,24
2014-08-20,1,5,13
2014-08-21,1,5,12
2014-08-22,1,5,19
2014-08-23,1,5,13
2014-08-24,1,5,17
2014-08-25,1,5,22
2014-08-26,1,5,17
2014-08-27,1,5,5
2014-08-28,1,5,24
2014-08-29,1,5,29
2014-08-30,1,5,27
2014-08-31,1,5,30
2014-09-01,1,5,8
2014-09-02,1,5,12
2014-09-03,1,5,22
2014-09-04,1,5,18
2014-09-05,1,5,21
2014-09-06,1,5,18
2014-09-07,1,5,14
2014-09-08,1,5,14
2014-09-09,1,5,13
2014-09-10,1,5,9
2014-09-11,1,5,16
2014-09-12,1,5,24
2014-09-13,1,5,19
2014-09-14,1,5,10
2014-09-15,1,5,14
2014-09-16,1,5,12
2014-09-17,1,5,19
2014-09-18,1,5,13
2014-09-19,1,5,17
2014-09-20,1,5,18
2014-09-21,1,5,21
2014-09-22,1,5,15
2014-09-23,1,5,11
2014-09-24,1,5,13
2014-09-25,1,5,23
2014-09-26,1,5,12
2014-09-27,1,5,12
2014-09-28,1,5,24
2014-09-29,1,5,16
2014-09-30,1,5,15
2014-10-01,1,5,14
2014-10-02,1,5,14
2014-10-03,1,5,18
2014-10-04,1,5,16
2014-10-05,1,5,22
2014-10-06,1,5,15
2014-10-07,1,5,16
2014-10-08,1,5,11
2014-10-09,1,5,19
2014-10-10,1,5,11
2014-10-11,1,5,17
2014-10-12,1,5,18
2014-10-13,1,5,12
2014-10-14,1,5,14
2014-10-15,1,5,14
2014-10-16,1,5,19
2014-10-17,1,5,10
2014-10-18,1,5,14
2014-10-19,1,5,20
2014-10-20,1,5,18
2014-10-21,1,5,18
2014-10-22,1,5,11
2014-10-23,1,5,8
2014-10-24,1,5,17
2014-10-25,1,5,20
2014-10-26,1,5,13
2014-10-27,1,5,7
2014-10-28,1,5,14
2014-10-29,1,5,23
2014-10-30,1,5,13
2014-10-31,1,5,9
2014-11-01,1,5,14
2014-11-02,1,5,21
2014-11-03,1,5,18
2014-11-04,1,5,11
2014-11-05,1,5,14
2014-11-06,1,5,17
2014-11-07,1,5,17
2014-11-08,1,5,16
2014-11-09,1,5,25
2014-11-10,1,5,9
2014-11-11,1,5,7
2014-11-12,1,5,24
2014-11-13,1,5,20
2014-11-14,1,5,24
2014-11-15,1,5,17
2014-11-16,1,5,25
2014-11-17,1,5,11
2014-11-18,1,5,16
2014-11-19,1,5,16
2014-11-20,1,5,13
2014-11-21,1,5,17
2014-11-22,1,5,14
2014-11-23,1,5,14
2014-11-24,1,5,15
2014-11-25,1,5,14
2014-11-26,1,5,15
2014-11-27,1,5,21
2014-11-28,1,5,18
2014-11-29,1,5,21
2014-11-30,1,5,17
2014-12-01,1,5,9
2014-12-02,1,5,18
2014-12-03,1,5,7
2014-12-04,1,5,20
2014-12-05,1,5,10
2014-12-06,1,5,9
2014-12-07,1,5,22
2014-12-08,1,5,6
2014-12-09,1,5,12
2014-12-10,1,5,9
2014-12-11,1,5,11
2014-12-12,1,5,7
2014-12-13,1,5,14
2014-12-14,1,5,10
2014-12-15,1,5,4
2014-12-16,1,5,8
2014-12-17,1,5,14
2014-12-18,1,5,7
2014-12-19,1,5,11
2014-12-20,1,5,14
2014-12-21,1,5,12
2014-12-22,1,5,9
2014-12-23,1,5,12
2014-12-24,1,5,13
2014-12-25,1,5,13
2014-12-26,1,5,9
2014-12-27,1,5,16
2014-12-28,1,5,15
2014-12-29,1,5,6
2014-12-30,1,5,6
2014-12-31,1,5,10
2015-01-01,1,5,14
2015-01-02,1,5,10
2015-01-03,1,5,9
2015-01-04,1,5,15
2015-01-05,1,5,12
2015-01-06,1,5,14
2015-01-07,1,5,10
2015-01-08,1,5,17
2015-01-09,1,5,9
2015-01-10,1,5,6
2015-01-11,1,5,19
2015-01-12,1,5,7
2015-01-13,1,5,10
2015-01-14,1,5,12
2015-01-15,1,5,8
2015-01-16,1,5,10
2015-01-17,1,5,12
2015-01-18,1,5,12
2015-01-19,1,5,9
2015-01-20,1,5,10
2015-01-21,1,5,9
2015-01-22,1,5,16
2015-01-23,1,5,13
2015-01-24,1,5,13
2015-01-25,1,5,9
2015-01-26,1,5,7
2015-01-27,1,5,16
2015-01-28,1,5,15
2015-01-29,1,5,13
2015-01-30,1,5,12
2015-01-31,1,5,19
2015-02-01,1,5,13
2015-02-02,1,5,13
2015-02-03,1,5,9
2015-02-04,1,5,8
2015-02-05,1,5,7
2015-02-06,1,5,16
2015-02-07,1,5,17
2015-02-08,1,5,8
2015-02-09,1,5,7
2015-02-10,1,5,17
2015-02-11,1,5,10
2015-02-12,1,5,10
2015-02-13,1,5,17
2015-02-14,1,5,9
2015-02-15,1,5,13
2015-02-16,1,5,13
2015-02-17,1,5,12
2015-02-18,1,5,12
2015-02-19,1,5,19
2015-02-20,1,5,12
2015-02-21,1,5,4
2015-02-22,1,5,19
2015-02-23,1,5,9
2015-02-24,1,5,13
2015-02-25,1,5,4
2015-02-26,1,5,14
2015-02-27,1,5,11
2015-02-28,1,5,19
2015-03-01,1,5,21
2015-03-02,1,5,17
2015-03-03,1,5,21
2015-03-04,1,5,11
2015-03-05,1,5,11
2015-03-06,1,5,10
2015-03-07,1,5,21
2015-03-08,1,5,13
2015-03-09,1,5,10
2015-03-10,1,5,17
2015-03-11,1,5,10
2015-03-12,1,5,17
2015-03-13,1,5,16
2015-03-14,1,5,16
2015-03-15,1,5,12
2015-03-16,1,5,19
2015-03-17,1,5,17
2015-03-18,1,5,16
2015-03-19,1,5,13
2015-03-20,1,5,14
2015-03-21,1,5,20
2015-03-22,1,5,20
2015-03-23,1,5,14
2015-03-24,1,5,13
2015-03-25,1,5,19
2015-03-26,1,5,14
2015-03-27,1,5,15
2015-03-28,1,5,11
2015-03-29,1,5,20
2015-03-30,1,5,10
2015-03-31,1,5,12
2015-04-01,1,5,20
2015-04-02,1,5,9
2015-04-03,1,5,29
2015-04-04,1,5,13
2015-04-05,1,5,25
2015-04-06,1,5,24
2015-04-07,1,5,11
2015-04-08,1,5,15
2015-04-09,1,5,20
2015-04-10,1,5,18
2015-04-11,1,5,22
2015-04-12,1,5,19
2015-04-13,1,5,9
2015-04-14,1,5,22
2015-04-15,1,5,12
2015-04-16,1,5,8
2015-04-17,1,5,13
2015-04-18,1,5,18
2015-04-19,1,5,22
2015-04-20,1,5,12
2015-04-21,1,5,17
2015-04-22,1,5,13
2015-04-23,1,5,18
2015-04-24,1,5,17
2015-04-25,1,5,24
2015-04-26,1,5,18
2015-04-27,1,5,8
2015-04-28,1,5,14
2015-04-29,1,5,10
2015-04-30,1,5,15
2015-05-01,1,5,17
2015-05-02,1,5,23
2015-05-03,1,5,26
2015-05-04,1,5,16
2015-05-05,1,5,19
2015-05-06,1,5,16
2015-05-07,1,5,26
2015-05-08,1,5,18
2015-05-09,1,5,22
2015-05-10,1,5,12
2015-05-11,1,5,16
2015-05-12,1,5,26
2015-05-13,1,5,7
2015-05-14,1,5,16
2015-05-15,1,5,18
2015-05-16,1,5,26
2015-05-17,1,5,22
2015-05-18,1,5,10
2015-05-19,1,5,18
2015-05-20,1,5,13
2015-05-21,1,5,22
2015-05-22,1,5,14
2015-05-23,1,5,22
2015-05-24,1,5,21
2015-05-25,1,5,16
2015-05-26,1,5,20
2015-05-27,1,5,14
2015-05-28,1,5,12
2015-05-29,1,5,19
2015-05-30,1,5,15
2015-05-31,1,5,17
2015-06-01,1,5,16
2015-06-02,1,5,21
2015-06-03,1,5,20
2015-06-04,1,5,20
2015-06-05,1,5,20
2015-06-06,1,5,26
2015-06-07,1,5,28
2015-06-08,1,5,23
2015-06-09,1,5,18
2015-06-10,1,5,26
2015-06-11,1,5,17
2015-06-12,1,5,24
2015-06-13,1,5,29
2015-06-14,1,5,17
2015-06-15,1,5,17
2015-06-16,1,5,17
2015-06-17,1,5,14
2015-06-18,1,5,23
2015-06-19,1,5,21
2015-06-20,1,5,17
2015-06-21,1,5,18
2015-06-22,1,5,19
2015-06-23,1,5,14
2015-06-24,1,5,31
2015-06-25,1,5,17
2015-06-26,1,5,18
2015-06-27,1,5,30
2015-06-28,1,5,27
2015-06-29,1,5,12
2015-06-30,1,5,14
2015-07-01,1,5,14
2015-07-02,1,5,24
2015-07-03,1,5,23
2015-07-04,1,5,22
2015-07-05,1,5,21
2015-07-06,1,5,13
2015-07-07,1,5,18
2015-07-08,1,5,17
2015-07-09,1,5,18
2015-07-10,1,5,24
2015-07-11,1,5,18
2015-07-12,1,5,28
2015-07-13,1,5,22
2015-07-14,1,5,15
2015-07-15,1,5,19
2015-07-16,1,5,20
2015-07-17,1,5,20
2015-07-18,1,5,20
2015-07-19,1,5,27
2015-07-20,1,5,8
2015-07-21,1,5,20
2015-07-22,1,5,31
2015-07-23,1,5,19
2015-07-24,1,5,24
2015-07-25,1,5,24
2015-07-26,1,5,27
2015-07-27,1,5,20
2015-07-28,1,5,10
2015-07-29,1,5,22
2015-07-30,1,5,20
2015-07-31,1,5,24
2015-08-01,1,5,23
2015-08-02,1,5,13
2015-08-03,1,5,16
2015-08-04,1,5,21
2015-08-05,1,5,19
2015-08-06,1,5,19
2015-08-07,1,5,30
2015-08-08,1,5,22
2015-08-09,1,5,24
2015-08-10,1,5,10
2015-08-11,1,5,15
2015-08-12,1,5,22
2015-08-13,1,5,19
2015-08-14,1,5,19
2015-08-15,1,5,24
2015-08-16,1,5,26
2015-08-17,1,5,10
2015-08-18,1,5,22
2015-08-19,1,5,19
2015-08-20,1,5,20
2015-08-21,1,5,23
2015-08-22,1,5,18
2015-08-23,1,5,24
2015-08-24,1,5,17
2015-08-25,1,5,20
2015-08-26,1,5,21
2015-08-27,1,5,23
2015-08-28,1,5,20
2015-08-29,1,5,17
2015-08-30,1,5,26
2015-08-31,1,5,14
2015-09-01,1,5,23
2015-09-02,1,5,15
2015-09-03,1,5,16
2015-09-04,1,5,18
2015-09-05,1,5,22
2015-09-06,1,5,14
2015-09-07,1,5,18
2015-09-08,1,5,11
2015-09-09,1,5,14
2015-09-10,1,5,23
2015-09-11,1,5,17
2015-09-12,1,5,22
2015-09-13,1,5,18
2015-09-14,1,5,18
2015-09-15,1,5,13
2015-09-16,1,5,16
2015-09-17,1,5,14
2015-09-18,1,5,14
2015-09-19,1,5,11
2015-09-20,1,5,22
2015-09-21,1,5,12
2015-09-22,1,5,13
2015-09-23,1,5,15
2015-09-24,1,5,14
2015-09-25,1,5,20
2015-09-26,1,5,24
2015-09-27,1,5,26
2015-09-28,1,5,17
2015-09-29,1,5,15
2015-09-30,1,5,16
2015-10-01,1,5,12
2015-10-02,1,5,10
2015-10-03,1,5,16
2015-10-04,1,5,11
2015-10-05,1,5,17
2015-10-06,1,5,17
2015-10-07,1,5,13
2015-10-08,1,5,21
2015-10-09,1,5,17
2015-10-10,1,5,22
2015-10-11,1,5,19
2015-10-12,1,5,9
2015-10-13,1,5,6
2015-10-14,1,5,12
2015-10-15,1,5,15
2015-10-16,1,5,12
2015-10-17,1,5,17
2015-10-18,1,5,26
2015-10-19,1,5,14
2015-10-20,1,5,14
2015-10-21,1,5,14
2015-10-22,1,5,20
2015-10-23,1,5,17
2015-10-24,1,5,20
2015-10-25,1,5,23
2015-10-26,1,5,7
2015-10-27,1,5,15
2015-10-28,1,5,20
2015-10-29,1,5,15
2015-10-30,1,5,18
2015-10-31,1,5,17
2015-11-01,1,5,13
2015-11-02,1,5,13
2015-11-03,1,5,21
2015-11-04,1,5,15
2015-11-05,1,5,16
2015-11-06,1,5,16
2015-11-07,1,5,19
2015-11-08,1,5,26
2015-11-09,1,5,3
2015-11-10,1,5,14
2015-11-11,1,5,13
2015-11-12,1,5,19
2015-11-13,1,5,11
2015-11-14,1,5,12
2015-11-15,1,5,17
2015-11-16,1,5,14
2015-11-17,1,5,15
2015-11-18,1,5,11
2015-11-19,1,5,18
2015-11-20,1,5,23
2015-11-21,1,5,22
2015-11-22,1,5,19
2015-11-23,1,5,11
2015-11-24,1,5,16
2015-11-25,1,5,17
2015-11-26,1,5,24
2015-11-27,1,5,28
2015-11-28,1,5,19
2015-11-29,1,5,30
2015-11-30,1,5,14
2015-12-01,1,5,14
2015-12-02,1,5,7
2015-12-03,1,5,9
2015-12-04,1,5,17
2015-12-05,1,5,20
2015-12-06,1,5,14
2015-12-07,1,5,10
2015-12-08,1,5,7
2015-12-09,1,5,14
2015-12-10,1,5,18
2015-12-11,1,5,12
2015-12-12,1,5,8
2015-12-13,1,5,12
2015-12-14,1,5,9
2015-12-15,1,5,12
2015-12-16,1,5,10
2015-12-17,1,5,11
2015-12-18,1,5,12
2015-12-19,1,5,15
2015-12-20,1,5,16
2015-12-21,1,5,11
2015-12-22,1,5,15
2015-12-23,1,5,17
2015-12-24,1,5,12
2015-12-25,1,5,9
2015-12-26,1,5,19
2015-12-27,1,5,10
2015-12-28,1,5,10
2015-12-29,1,5,5
2015-12-30,1,5,15
2015-12-31,1,5,10
2016-01-01,1,5,14
2016-01-02,1,5,12
2016-01-03,1,5,14
2016-01-04,1,5,5
2016-01-05,1,5,13
2016-01-06,1,5,8
2016-01-07,1,5,16
2016-01-08,1,5,16
2016-01-09,1,5,13
2016-01-10,1,5,22
2016-01-11,1,5,3
2016-01-12,1,5,9
2016-01-13,1,5,9
2016-01-14,1,5,12
2016-01-15,1,5,13
2016-01-16,1,5,18
2016-01-17,1,5,19
2016-01-18,1,5,8
2016-01-19,1,5,13
2016-01-20,1,5,18
2016-01-21,1,5,15
2016-01-22,1,5,13
2016-01-23,1,5,16
2016-01-24,1,5,14
2016-01-25,1,5,11
2016-01-26,1,5,18
2016-01-27,1,5,15
2016-01-28,1,5,13
2016-01-29,1,5,13
2016-01-30,1,5,16
2016-01-31,1,5,14
2016-02-01,1,5,16
2016-02-02,1,5,17
2016-02-03,1,5,12
2016-02-04,1,5,14
2016-02-05,1,5,16
2016-02-06,1,5,19
2016-02-07,1,5,14
2016-02-08,1,5,6
2016-02-09,1,5,18
2016-02-10,1,5,15
2016-02-11,1,5,18
2016-02-12,1,5,12
2016-02-13,1,5,15
2016-02-14,1,5,12
2016-02-15,1,5,11
2016-02-16,1,5,13
2016-02-17,1,5,15
2016-02-18,1,5,17
2016-02-19,1,5,13
2016-02-20,1,5,21
2016-02-21,1,5,18
2016-02-22,1,5,9
2016-02-23,1,5,14
2016-02-24,1,5,11
2016-02-25,1,5,10
2016-02-26,1,5,13
2016-02-27,1,5,16
2016-02-28,1,5,20
2016-02-29,1,5,12
2016-03-01,1,5,19
2016-03-02,1,5,19
2016-03-03,1,5,19
2016-03-04,1,5,13
2016-03-05,1,5,22
2016-03-06,1,5,22
2016-03-07,1,5,13
2016-03-08,1,5,13
2016-03-09,1,5,20
2016-03-10,1,5,17
2016-03-11,1,5,12
2016-03-12,1,5,15
2016-03-13,1,5,26
2016-03-14,1,5,15
2016-03-15,1,5,7
2016-03-16,1,5,15
2016-03-17,1,5,20
2016-03-18,1,5,11
2016-03-19,1,5,21
2016-03-20,1,5,15
2016-03-21,1,5,14
2016-03-22,1,5,20
2016-03-23,1,5,16
2016-03-24,1,5,15
2016-03-25,1,5,18
2016-03-26,1,5,18
2016-03-27,1,5,23
2016-03-28,1,5,12
2016-03-29,1,5,17
2016-03-30,1,5,8
2016-03-31,1,5,20
2016-04-01,1,5,15
2016-04-02,1,5,21
2016-04-03,1,5,17
2016-04-04,1,5,12
2016-04-05,1,5,17
2016-04-06,1,5,26
2016-04-07,1,5,15
2016-04-08,1,5,18
2016-04-09,1,5,12
2016-04-10,1,5,30
2016-04-11,1,5,14
2016-04-12,1,5,14
2016-04-13,1,5,23
2016-04-14,1,5,15
2016-04-15,1,5,24
2016-04-16,1,5,18
2016-04-17,1,5,24
2016-04-18,1,5,14
2016-04-19,1,5,17
2016-04-20,1,5,16
2016-04-21,1,5,21
2016-04-22,1,5,20
2016-04-23,1,5,36
2016-04-24,1,5,27
2016-04-25,1,5,20
2016-04-26,1,5,15
2016-04-27,1,5,20
2016-04-28,1,5,20
2016-04-29,1,5,20
2016-04-30,1,5,20
2016-05-01,1,5,18
2016-05-02,1,5,17
2016-05-03,1,5,21
2016-05-04,1,5,11
2016-05-05,1,5,16
2016-05-06,1,5,21
2016-05-07,1,5,15
2016-05-08,1,5,17
2016-05-09,1,5,14
2016-05-10,1,5,21
2016-05-11,1,5,24
2016-05-12,1,5,26
2016-05-13,1,5,24
2016-05-14,1,5,26
2016-05-15,1,5,24
2016-05-16,1,5,16
2016-05-17,1,5,16
2016-05-18,1,5,20
2016-05-19,1,5,23
2016-05-20,1,5,23
2016-05-21,1,5,22
2016-05-22,1,5,23
2016-05-23,1,5,18
2016-05-24,1,5,13
2016-05-25,1,5,28
2016-05-26,1,5,22
2016-05-27,1,5,21
2016-05-28,1,5,10
2016-05-29,1,5,28
2016-05-30,1,5,15
2016-05-31,1,5,26
2016-06-01,1,5,26
2016-06-02,1,5,26
2016-06-03,1,5,22
2016-06-04,1,5,23
2016-06-05,1,5,29
2016-06-06,1,5,16
2016-06-07,1,5,20
2016-06-08,1,5,18
2016-06-09,1,5,19
2016-06-10,1,5,29
2016-06-11,1,5,26
2016-06-12,1,5,29
2016-06-13,1,5,20
2016-06-14,1,5,7
2016-06-15,1,5,21
2016-06-16,1,5,22
2016-06-17,1,5,18
2016-06-18,1,5,26
2016-06-19,1,5,28
2016-06-20,1,5,13
2016-06-21,1,5,23
2016-06-22,1,5,20
2016-06-23,1,5,9
2016-06-24,1,5,14
2016-06-25,1,5,29
2016-06-26,1,5,19
2016-06-27,1,5,16
2016-06-28,1,5,20
2016-06-29,1,5,22
2016-06-30,1,5,33
2016-07-01,1,5,29
2016-07-02,1,5,30
2016-07-03,1,5,23
2016-07-04,1,5,20
2016-07-05,1,5,21
2016-07-06,1,5,25
2016-07-07,1,5,27
2016-07-08,1,5,21
2016-07-09,1,5,24
2016-07-10,1,5,31
2016-07-11,1,5,17
2016-07-12,1,5,22
2016-07-13,1,5,14
2016-07-14,1,5,30
2016-07-15,1,5,18
2016-07-16,1,5,36
2016-07-17,1,5,22
2016-07-18,1,5,22
2016-07-19,1,5,25
2016-07-20,1,5,21
2016-07-21,1,5,26
2016-07-22,1,5,28
2016-07-23,1,5,30
2016-07-24,1,5,22
2016-07-25,1,5,17
2016-07-26,1,5,26
2016-07-27,1,5,17
2016-07-28,1,5,18
2016-07-29,1,5,33
2016-07-30,1,5,21
2016-07-31,1,5,28
2016-08-01,1,5,19
2016-08-02,1,5,13
2016-08-03,1,5,21
2016-08-04,1,5,24
2016-08-05,1,5,22
2016-08-06,1,5,28
2016-08-07,1,5,28
2016-08-08,1,5,22
2016-08-09,1,5,19
2016-08-10,1,5,27
2016-08-11,1,5,19
2016-08-12,1,5,13
2016-08-13,1,5,24
2016-08-14,1,5,24
2016-08-15,1,5,17
2016-08-16,1,5,23
2016-08-17,1,5,15
2016-08-18,1,5,22
2016-08-19,1,5,20
2016-08-20,1,5,19
2016-08-21,1,5,33
2016-08-22,1,5,19
2016-08-23,1,5,28
2016-08-24,1,5,15
2016-08-25,1,5,23
2016-08-26,1,5,23
2016-08-27,1,5,21
2016-08-28,1,5,30
2016-08-29,1,5,14
2016-08-30,1,5,14
2016-08-31,1,5,16
2016-09-01,1,5,12
2016-09-02,1,5,14
2016-09-03,1,5,22
2016-09-04,1,5,15
2016-09-05,1,5,20
2016-09-06,1,5,21
2016-09-07,1,5,16
2016-09-08,1,5,19
2016-09-09,1,5,28
2016-09-10,1,5,19
2016-09-11,1,5,26
2016-09-12,1,5,17
2016-09-13,1,5,19
2016-09-14,1,5,15
2016-09-15,1,5,24
2016-09-16,1,5,19
2016-09-17,1,5,22
2016-09-18,1,5,25
2016-09-19,1,5,14
2016-09-20,1,5,21
2016-09-21,1,5,18
2016-09-22,1,5,25
2016-09-23,1,5,19
2016-09-24,1,5,28
2016-09-25,1,5,18
2016-09-26,1,5,15
2016-09-27,1,5,23
2016-09-28,1,5,21
2016-09-29,1,5,12
2016-09-30,1,5,17
2016-10-01,1,5,18
2016-10-02,1,5,16
2016-10-03,1,5,10
2016-10-04,1,5,22
2016-10-05,1,5,8
2016-10-06,1,5,20
2016-10-07,1,5,21
2016-10-08,1,5,24
2016-10-09,1,5,27
2016-10-10,1,5,12
2016-10-11,1,5,16
2016-10-12,1,5,17
2016-10-13,1,5,18
2016-10-14,1,5,13
2016-10-15,1,5,15
2016-10-16,1,5,21
2016-10-17,1,5,19
2016-10-18,1,5,16
2016-10-19,1,5,20
2016-10-20,1,5,13
2016-10-21,1,5,22
2016-10-22,1,5,15
2016-10-23,1,5,26
2016-10-24,1,5,15
2016-10-25,1,5,19
2016-10-26,1,5,16
2016-10-27,1,5,22
2016-10-28,1,5,26
2016-10-29,1,5,25
2016-10-30,1,5,16
2016-10-31,1,5,17
2016-11-01,1,5,17
2016-11-02,1,5,24
2016-11-03,1,5,25
2016-11-04,1,5,21
2016-11-05,1,5,18
2016-11-06,1,5,23
2016-11-07,1,5,20
2016-11-08,1,5,12
2016-11-09,1,5,13
2016-11-10,1,5,17
2016-11-11,1,5,24
2016-11-12,1,5,19
2016-11-13,1,5,21
2016-11-14,1,5,9
2016-11-15,1,5,18
2016-11-16,1,5,17
2016-11-17,1,5,14
2016-11-18,1,5,21
2016-11-19,1,5,17
2016-11-20,1,5,19
2016-11-21,1,5,11
2016-11-22,1,5,19
2016-11-23,1,5,17
2016-11-24,1,5,28
2016-11-25,1,5,19
2016-11-26,1,5,20
2016-11-27,1,5,19
2016-11-28,1,5,16
2016-11-29,1,5,21
2016-11-30,1,5,20
2016-12-01,1,5,19
2016-12-02,1,5,17
2016-12-03,1,5,15
2016-12-04,1,5,22
2016-12-05,1,5,14
2016-12-06,1,5,13
2016-12-07,1,5,14
2016-12-08,1,5,13
2016-12-09,1,5,11
2016-12-10,1,5,15
2016-12-11,1,5,22
2016-12-12,1,5,9
2016-12-13,1,5,4
2016-12-14,1,5,18
2016-12-15,1,5,8
2016-12-16,1,5,12
2016-12-17,1,5,17
2016-12-18,1,5,16
2016-12-19,1,5,9
2016-12-20,1,5,15
2016-12-21,1,5,8
2016-12-22,1,5,11
2016-12-23,1,5,18
2016-12-24,1,5,23
2016-12-25,1,5,11
2016-12-26,1,5,15
2016-12-27,1,5,12
2016-12-28,1,5,19
2016-12-29,1,5,12
2016-12-30,1,5,11
2016-12-31,1,5,17
2017-01-01,1,5,25
2017-01-02,1,5,14
2017-01-03,1,5,13
2017-01-04,1,5,15
2017-01-05,1,5,15
2017-01-06,1,5,18
2017-01-07,1,5,15
2017-01-08,1,5,12
2017-01-09,1,5,17
2017-01-10,1,5,11
2017-01-11,1,5,16
2017-01-12,1,5,8
2017-01-13,1,5,10
2017-01-14,1,5,15
2017-01-15,1,5,15
2017-01-16,1,5,7
2017-01-17,1,5,16
2017-01-18,1,5,14
2017-01-19,1,5,17
2017-01-20,1,5,16
2017-01-21,1,5,12
2017-01-22,1,5,9
2017-01-23,1,5,11
2017-01-24,1,5,14
2017-01-25,1,5,10
2017-01-26,1,5,14
2017-01-27,1,5,12
2017-01-28,1,5,10
2017-01-29,1,5,14
2017-01-30,1,5,4
2017-01-31,1,5,8
2017-02-01,1,5,19
2017-02-02,1,5,10
2017-02-03,1,5,12
2017-02-04,1,5,14
2017-02-05,1,5,13
2017-02-06,1,5,17
2017-02-07,1,5,19
2017-02-08,1,5,14
2017-02-09,1,5,14
2017-02-10,1,5,6
2017-02-11,1,5,20
2017-02-12,1,5,21
2017-02-13,1,5,9
2017-02-14,1,5,7
2017-02-15,1,5,13
2017-02-16,1,5,10
2017-02-17,1,5,26
2017-02-18,1,5,26
2017-02-19,1,5,19
2017-02-20,1,5,9
2017-02-21,1,5,17
2017-02-22,1,5,16
2017-02-23,1,5,11
2017-02-24,1,5,22
2017-02-25,1,5,22
2017-02-26,1,5,17
2017-02-27,1,5,14
2017-02-28,1,5,15
2017-03-01,1,5,17
2017-03-02,1,5,16
2017-03-03,1,5,14
2017-03-04,1,5,17
2017-03-05,1,5,26
2017-03-06,1,5,5
2017-03-07,1,5,9
2017-03-08,1,5,16
2017-03-09,1,5,19
2017-03-10,1,5,28
2017-03-11,1,5,20
2017-03-12,1,5,16
2017-03-13,1,5,9
2017-03-14,1,5,10
2017-03-15,1,5,15
2017-03-16,1,5,16
2017-03-17,1,5,16
2017-03-18,1,5,20
2017-03-19,1,5,14
2017-03-20,1,5,13
2017-03-21,1,5,18
2017-03-22,1,5,19
2017-03-23,1,5,16
2017-03-24,1,5,16
2017-03-25,1,5,19
2017-03-26,1,5,22
2017-03-27,1,5,15
2017-03-28,1,5,12
2017-03-29,1,5,10
2017-03-30,1,5,25
2017-03-31,1,5,24
2017-04-01,1,5,26
2017-04-02,1,5,32
2017-04-03,1,5,18
2017-04-04,1,5,21
2017-04-05,1,5,17
2017-04-06,1,5,19
2017-04-07,1,5,15
2017-04-08,1,5,25
2017-04-09,1,5,24
2017-04-10,1,5,9
2017-04-11,1,5,19
2017-04-12,1,5,22
2017-04-13,1,5,26
2017-04-14,1,5,20
2017-04-15,1,5,26
2017-04-16,1,5,29
2017-04-17,1,5,11
2017-04-18,1,5,20
2017-04-19,1,5,23
2017-04-20,1,5,19
2017-04-21,1,5,20
2017-04-22,1,5,22
2017-04-23,1,5,28
2017-04-24,1,5,15
2017-04-25,1,5,19
2017-04-26,1,5,24
2017-04-27,1,5,21
2017-04-28,1,5,20
2017-04-29,1,5,21
2017-04-30,1,5,22
2017-05-01,1,5,12
2017-05-02,1,5,17
2017-05-03,1,5,19
2017-05-04,1,5,22
2017-05-05,1,5,21
2017-05-06,1,5,16
2017-05-07,1,5,25
2017-05-08,1,5,21
2017-05-09,1,5,18
2017-05-10,1,5,18
2017-05-11,1,5,21
2017-05-12,1,5,24
2017-05-13,1,5,21
2017-05-14,1,5,30
2017-05-15,1,5,17
2017-05-16,1,5,21
2017-05-17,1,5,18
2017-05-18,1,5,21
2017-05-19,1,5,21
2017-05-20,1,5,32
2017-05-21,1,5,28
2017-05-22,1,5,22
2017-05-23,1,5,20
2017-05-24,1,5,25
2017-05-25,1,5,14
2017-05-26,1,5,19
2017-05-27,1,5,23
2017-05-28,1,5,23
2017-05-29,1,5,17
2017-05-30,1,5,20
2017-05-31,1,5,27
2017-06-01,1,5,27
2017-06-02,1,5,19
2017-06-03,1,5,27
2017-06-04,1,5,36
2017-06-05,1,5,21
2017-06-06,1,5,20
2017-06-07,1,5,21
2017-06-08,1,5,24
2017-06-09,1,5,24
2017-06-10,1,5,27
2017-06-11,1,5,25
2017-06-12,1,5,25
2017-06-13,1,5,32
2017-06-14,1,5,21
2017-06-15,1,5,22
2017-06-16,1,5,33
2017-06-17,1,5,23
2017-06-18,1,5,20
2017-06-19,1,5,19
2017-06-20,1,5,24
2017-06-21,1,5,17
2017-06-22,1,5,20
2017-06-23,1,5,24
2017-06-24,1,5,20
2017-06-25,1,5,24
2017-06-26,1,5,16
2017-06-27,1,5,16
2017-06-28,1,5,14
2017-06-29,1,5,23
2017-06-30,1,5,22
2017-07-01,1,5,26
2017-07-02,1,5,26
2017-07-03,1,5,18
2017-07-04,1,5,23
2017-07-05,1,5,22
2017-07-06,1,5,26
2017-07-07,1,5,21
2017-07-08,1,5,25
2017-07-09,1,5,23
2017-07-10,1,5,18
2017-07-11,1,5,12
2017-07-12,1,5,22
2017-07-13,1,5,23
2017-07-14,1,5,20
2017-07-15,1,5,37
2017-07-16,1,5,25
2017-07-17,1,5,21
2017-07-18,1,5,19
2017-07-19,1,5,16
2017-07-20,1,5,29
2017-07-21,1,5,17
2017-07-22,1,5,26
2017-07-23,1,5,21
2017-07-24,1,5,23
2017-07-25,1,5,25
2017-07-26,1,5,22
2017-07-27,1,5,25
2017-07-28,1,5,28
2017-07-29,1,5,27
2017-07-30,1,5,22
2017-07-31,1,5,11
2017-08-01,1,5,18
2017-08-02,1,5,13
2017-08-03,1,5,22
2017-08-04,1,5,21
2017-08-05,1,5,18
2017-08-06,1,5,21
2017-08-07,1,5,15
2017-08-08,1,5,16
2017-08-09,1,5,20
2017-08-10,1,5,19
2017-08-11,1,5,25
2017-08-12,1,5,25
2017-08-13,1,5,25
2017-08-14,1,5,22
2017-08-15,1,5,16
2017-08-16,1,5,21
2017-08-17,1,5,21
2017-08-18,1,5,27
2017-08-19,1,5,19
2017-08-20,1,5,26
2017-08-21,1,5,15
2017-08-22,1,5,21
2017-08-23,1,5,25
2017-08-24,1,5,24
2017-08-25,1,5,18
2017-08-26,1,5,19
2017-08-27,1,5,28
2017-08-28,1,5,19
2017-08-29,1,5,16
2017-08-30,1,5,18
2017-08-31,1,5,24
2017-09-01,1,5,26
2017-09-02,1,5,25
2017-09-03,1,5,23
2017-09-04,1,5,17
2017-09-05,1,5,7
2017-09-06,1,5,19
2017-09-07,1,5,25
2017-09-08,1,5,12
2017-09-09,1,5,26
2017-09-10,1,5,23
2017-09-11,1,5,13
2017-09-12,1,5,17
2017-09-13,1,5,20
2017-09-14,1,5,18
2017-09-15,1,5,18
2017-09-16,1,5,22
2017-09-17,1,5,25
2017-09-18,1,5,14
2017-09-19,1,5,18
2017-09-20,1,5,16
2017-09-21,1,5,16
2017-09-22,1,5,20
2017-09-23,1,5,28
2017-09-24,1,5,35
2017-09-25,1,5,14
2017-09-26,1,5,15
2017-09-27,1,5,19
2017-09-28,1,5,21
2017-09-29,1,5,18
2017-09-30,1,5,19
2017-10-01,1,5,20
2017-10-02,1,5,15
2017-10-03,1,5,22
2017-10-04,1,5,15
2017-10-05,1,5,19
2017-10-06,1,5,22
2017-10-07,1,5,19
2017-10-08,1,5,20
2017-10-09,1,5,14
2017-10-10,1,5,14
2017-10-11,1,5,17
2017-10-12,1,5,12
2017-10-13,1,5,14
2017-10-14,1,5,28
2017-10-15,1,5,18
2017-10-16,1,5,12
2017-10-17,1,5,13
2017-10-18,1,5,21
2017-10-19,1,5,11
2017-10-20,1,5,22
2017-10-21,1,5,31
2017-10-22,1,5,19
2017-10-23,1,5,16
2017-10-24,1,5,12
2017-10-25,1,5,23
2017-10-26,1,5,26
2017-10-27,1,5,22
2017-10-28,1,5,16
2017-10-29,1,5,21
2017-10-30,1,5,14
2017-10-31,1,5,17
2017-11-01,1,5,11
2017-11-02,1,5,18
2017-11-03,1,5,15
2017-11-04,1,5,21
2017-11-05,1,5,28
2017-11-06,1,5,15
2017-11-07,1,5,17
2017-11-08,1,5,18
2017-11-09,1,5,16
2017-11-10,1,5,15
2017-11-11,1,5,22
2017-11-12,1,5,28
2017-11-13,1,5,12
2017-11-14,1,5,15
2017-11-15,1,5,19
2017-11-16,1,5,19
2017-11-17,1,5,20
2017-11-18,1,5,26
2017-11-19,1,5,20
2017-11-20,1,5,15
2017-11-21,1,5,20
2017-11-22,1,5,14
2017-11-23,1,5,23
2017-11-24,1,5,24
2017-11-25,1,5,25
2017-11-26,1,5,32
2017-11-27,1,5,20
2017-11-28,1,5,18
2017-11-29,1,5,9
2017-11-30,1,5,20
2017-12-01,1,5,13
2017-12-02,1,5,18
2017-12-03,1,5,19
2017-12-04,1,5,13
2017-12-05,1,5,16
2017-12-06,1,5,15
2017-12-07,1,5,10
2017-12-08,1,5,6
2017-12-09,1,5,14
2017-12-10,1,5,18
2017-12-11,1,5,11
2017-12-12,1,5,13
2017-12-13,1,5,16
2017-12-14,1,5,9
2017-12-15,1,5,23
2017-12-16,1,5,23
2017-12-17,1,5,16
2017-12-18,1,5,10
2017-12-19,1,5,9
2017-12-20,1,5,11
2017-12-21,1,5,14
2017-12-22,1,5,6
2017-12-23,1,5,19
2017-12-24,1,5,15
2017-12-25,1,5,12
2017-12-26,1,5,10
2017-12-27,1,5,6
2017-12-28,1,5,15
2017-12-29,1,5,17
2017-12-30,1,5,22
2017-12-31,1,5,17
2013-01-01,1,6,31
2013-01-02,1,6,36
2013-01-03,1,6,18
2013-01-04,1,6,19
2013-01-05,1,6,31
2013-01-06,1,6,31
2013-01-07,1,6,25
2013-01-08,1,6,29
2013-01-09,1,6,26
2013-01-10,1,6,39
2013-01-11,1,6,36
2013-01-12,1,6,38
2013-01-13,1,6,36
2013-01-14,1,6,20
2013-01-15,1,6,21
2013-01-16,1,6,24
2013-01-17,1,6,33
2013-01-18,1,6,33
2013-01-19,1,6,31
2013-01-20,1,6,34
2013-01-21,1,6,24
2013-01-22,1,6,29
2013-01-23,1,6,19
2013-01-24,1,6,26
2013-01-25,1,6,38
2013-01-26,1,6,36
2013-01-27,1,6,36
2013-01-28,1,6,30
2013-01-29,1,6,21
2013-01-30,1,6,30
2013-01-31,1,6,30
2013-02-01,1,6,46
2013-02-02,1,6,32
2013-02-03,1,6,35
2013-02-04,1,6,24
2013-02-05,1,6,28
2013-02-06,1,6,20
2013-02-07,1,6,33
2013-02-08,1,6,28
2013-02-09,1,6,31
2013-02-10,1,6,39
2013-02-11,1,6,29
2013-02-12,1,6,24
2013-02-13,1,6,26
2013-02-14,1,6,27
2013-02-15,1,6,28
2013-02-16,1,6,31
2013-02-17,1,6,45
2013-02-18,1,6,27
2013-02-19,1,6,32
2013-02-20,1,6,33
2013-02-21,1,6,28
2013-02-22,1,6,33
2013-02-23,1,6,41
2013-02-24,1,6,45
2013-02-25,1,6,39
2013-02-26,1,6,36
2013-02-27,1,6,29
2013-02-28,1,6,26
2013-03-01,1,6,36
2013-03-02,1,6,50
2013-03-03,1,6,56
2013-03-04,1,6,28
2013-03-05,1,6,38
2013-03-06,1,6,36
2013-03-07,1,6,34
2013-03-08,1,6,41
2013-03-09,1,6,51
2013-03-10,1,6,47
2013-03-11,1,6,35
2013-03-12,1,6,34
2013-03-13,1,6,34
2013-03-14,1,6,37
2013-03-15,1,6,42
2013-03-16,1,6,39
2013-03-17,1,6,41
2013-03-18,1,6,36
2013-03-19,1,6,32
2013-03-20,1,6,50
2013-03-21,1,6,44
2013-03-22,1,6,32
2013-03-23,1,6,55
2013-03-24,1,6,53
2013-03-25,1,6,29
2013-03-26,1,6,40
2013-03-27,1,6,29
2013-03-28,1,6,35
2013-03-29,1,6,49
2013-03-30,1,6,37
2013-03-31,1,6,33
2013-04-01,1,6,44
2013-04-02,1,6,46
2013-04-03,1,6,34
2013-04-04,1,6,33
2013-04-05,1,6,54
2013-04-06,1,6,63
2013-04-07,1,6,58
2013-04-08,1,6,33
2013-04-09,1,6,48
2013-04-10,1,6,48
2013-04-11,1,6,45
2013-04-12,1,6,53
2013-04-13,1,6,56
2013-04-14,1,6,52
2013-04-15,1,6,25
2013-04-16,1,6,60
2013-04-17,1,6,43
2013-04-18,1,6,40
2013-04-19,1,6,56
2013-04-20,1,6,52
2013-04-21,1,6,62
2013-04-22,1,6,43
2013-04-23,1,6,43
2013-04-24,1,6,46
2013-04-25,1,6,42
2013-04-26,1,6,63
2013-04-27,1,6,56
2013-04-28,1,6,59
2013-04-29,1,6,26
2013-04-30,1,6,49
2013-05-01,1,6,57
2013-05-02,1,6,51
2013-05-03,1,6,54
2013-05-04,1,6,66
2013-05-05,1,6,68
2013-05-06,1,6,43
2013-05-07,1,6,53
2013-05-08,1,6,52
2013-05-09,1,6,35
2013-05-10,1,6,54
2013-05-11,1,6,49
2013-05-12,1,6,61
2013-05-13,1,6,37
2013-05-14,1,6,35
2013-05-15,1,6,53
2013-05-16,1,6,42
2013-05-17,1,6,74
2013-05-18,1,6,47
2013-05-19,1,6,45
2013-05-20,1,6,51
2013-05-21,1,6,43
2013-05-22,1,6,42
2013-05-23,1,6,56
2013-05-24,1,6,51
2013-05-25,1,6,59
2013-05-26,1,6,59
2013-05-27,1,6,54
2013-05-28,1,6,48
2013-05-29,1,6,48
2013-05-30,1,6,37
2013-05-31,1,6,43
2013-06-01,1,6,57
2013-06-02,1,6,77
2013-06-03,1,6,40
2013-06-04,1,6,55
2013-06-05,1,6,57
2013-06-06,1,6,48
2013-06-07,1,6,61
2013-06-08,1,6,66
2013-06-09,1,6,69
2013-06-10,1,6,43
2013-06-11,1,6,52
2013-06-12,1,6,52
2013-06-13,1,6,64
2013-06-14,1,6,46
2013-06-15,1,6,59
2013-06-16,1,6,62
2013-06-17,1,6,49
2013-06-18,1,6,52
2013-06-19,1,6,43
2013-06-20,1,6,52
2013-06-21,1,6,54
2013-06-22,1,6,58
2013-06-23,1,6,58
2013-06-24,1,6,57
2013-06-25,1,6,50
2013-06-26,1,6,48
2013-06-27,1,6,40
2013-06-28,1,6,49
2013-06-29,1,6,49
2013-06-30,1,6,53
2013-07-01,1,6,54
2013-07-02,1,6,50
2013-07-03,1,6,55
2013-07-04,1,6,37
2013-07-05,1,6,60
2013-07-06,1,6,63
2013-07-07,1,6,79
2013-07-08,1,6,52
2013-07-09,1,6,58
2013-07-10,1,6,58
2013-07-11,1,6,57
2013-07-12,1,6,54
2013-07-13,1,6,65
2013-07-14,1,6,73
2013-07-15,1,6,42
2013-07-16,1,6,51
2013-07-17,1,6,56
2013-07-18,1,6,48
2013-07-19,1,6,47
2013-07-20,1,6,67
2013-07-21,1,6,66
2013-07-22,1,6,47
2013-07-23,1,6,57
2013-07-24,1,6,49
2013-07-25,1,6,51
2013-07-26,1,6,68
2013-07-27,1,6,69
2013-07-28,1,6,80
2013-07-29,1,6,37
2013-07-30,1,6,62
2013-07-31,1,6,43
2013-08-01,1,6,60
2013-08-02,1,6,50
2013-08-03,1,6,48
2013-08-04,1,6,46
2013-08-05,1,6,36
2013-08-06,1,6,55
2013-08-07,1,6,48
2013-08-08,1,6,41
2013-08-09,1,6,62
2013-08-10,1,6,52
2013-08-11,1,6,71
2013-08-12,1,6,37
2013-08-13,1,6,56
2013-08-14,1,6,63
2013-08-15,1,6,52
2013-08-16,1,6,63
2013-08-17,1,6,61
2013-08-18,1,6,57
2013-08-19,1,6,37
2013-08-20,1,6,50
2013-08-21,1,6,44
2013-08-22,1,6,60
2013-08-23,1,6,50
2013-08-24,1,6,47
2013-08-25,1,6,46
2013-08-26,1,6,43
2013-08-27,1,6,32
2013-08-28,1,6,50
2013-08-29,1,6,46
2013-08-30,1,6,57
2013-08-31,1,6,53
2013-09-01,1,6,62
2013-09-02,1,6,28
2013-09-03,1,6,36
2013-09-04,1,6,37
2013-09-05,1,6,47
2013-09-06,1,6,60
2013-09-07,1,6,63
2013-09-08,1,6,61
2013-09-09,1,6,28
2013-09-10,1,6,41
2013-09-11,1,6,43
2013-09-12,1,6,47
2013-09-13,1,6,49
2013-09-14,1,6,51
2013-09-15,1,6,62
2013-09-16,1,6,39
2013-09-17,1,6,41
2013-09-18,1,6,46
2013-09-19,1,6,41
2013-09-20,1,6,61
2013-09-21,1,6,59
2013-09-22,1,6,49
2013-09-23,1,6,34
2013-09-24,1,6,38
2013-09-25,1,6,37
2013-09-26,1,6,52
2013-09-27,1,6,56
2013-09-28,1,6,52
2013-09-29,1,6,54
2013-09-30,1,6,39
2013-10-01,1,6,33
2013-10-02,1,6,42
2013-10-03,1,6,38
2013-10-04,1,6,47
2013-10-05,1,6,55
2013-10-06,1,6,55
2013-10-07,1,6,23
2013-10-08,1,6,53
2013-10-09,1,6,50
2013-10-10,1,6,38
2013-10-11,1,6,45
2013-10-12,1,6,59
2013-10-13,1,6,44
2013-10-14,1,6,33
2013-10-15,1,6,34
2013-10-16,1,6,37
2013-10-17,1,6,51
2013-10-18,1,6,51
2013-10-19,1,6,53
2013-10-20,1,6,46
2013-10-21,1,6,44
2013-10-22,1,6,38
2013-10-23,1,6,51
2013-10-24,1,6,44
2013-10-25,1,6,50
2013-10-26,1,6,58
2013-10-27,1,6,52
2013-10-28,1,6,28
2013-10-29,1,6,38
2013-10-30,1,6,44
2013-10-31,1,6,37
2013-11-01,1,6,38
2013-11-02,1,6,63
2013-11-03,1,6,58
2013-11-04,1,6,36
2013-11-05,1,6,45
2013-11-06,1,6,45
2013-11-07,1,6,40
2013-11-08,1,6,48
2013-11-09,1,6,58
2013-11-10,1,6,57
2013-11-11,1,6,32
2013-11-12,1,6,50
2013-11-13,1,6,32
2013-11-14,1,6,51
2013-11-15,1,6,40
2013-11-16,1,6,47
2013-11-17,1,6,63
2013-11-18,1,6,36
2013-11-19,1,6,50
2013-11-20,1,6,38
2013-11-21,1,6,43
2013-11-22,1,6,52
2013-11-23,1,6,47
2013-11-24,1,6,43
2013-11-25,1,6,39
2013-11-26,1,6,36
2013-11-27,1,6,47
2013-11-28,1,6,41
2013-11-29,1,6,57
2013-11-30,1,6,50
2013-12-01,1,6,33
2013-12-02,1,6,22
2013-12-03,1,6,25
2013-12-04,1,6,34
2013-12-05,1,6,33
2013-12-06,1,6,46
2013-12-07,1,6,39
2013-12-08,1,6,41
2013-12-09,1,6,30
2013-12-10,1,6,24
2013-12-11,1,6,26
2013-12-12,1,6,38
2013-12-13,1,6,33
2013-12-14,1,6,26
2013-12-15,1,6,43
2013-12-16,1,6,25
2013-12-17,1,6,34
2013-12-18,1,6,27
2013-12-19,1,6,38
2013-12-20,1,6,32
2013-12-21,1,6,51
2013-12-22,1,6,37
2013-12-23,1,6,18
2013-12-24,1,6,27
2013-12-25,1,6,38
2013-12-26,1,6,39
2013-12-27,1,6,36
2013-12-28,1,6,31
2013-12-29,1,6,45
2013-12-30,1,6,24
2013-12-31,1,6,36
2014-01-01,1,6,30
2014-01-02,1,6,41
2014-01-03,1,6,41
2014-01-04,1,6,37
2014-01-05,1,6,47
2014-01-06,1,6,31
2014-01-07,1,6,37
2014-01-08,1,6,34
2014-01-09,1,6,31
2014-01-10,1,6,35
2014-01-11,1,6,45
2014-01-12,1,6,38
2014-01-13,1,6,32
2014-01-14,1,6,27
2014-01-15,1,6,26
2014-01-16,1,6,26
2014-01-17,1,6,31
2014-01-18,1,6,40
2014-01-19,1,6,41
2014-01-20,1,6,22
2014-01-21,1,6,20
2014-01-22,1,6,36
2014-01-23,1,6,37
2014-01-24,1,6,42
2014-01-25,1,6,29
2014-01-26,1,6,40
2014-01-27,1,6,27
2014-01-28,1,6,39
2014-01-29,1,6,26
2014-01-30,1,6,26
2014-01-31,1,6,28
2014-02-01,1,6,43
2014-02-02,1,6,55
2014-02-03,1,6,41
2014-02-04,1,6,41
2014-02-05,1,6,32
2014-02-06,1,6,34
2014-02-07,1,6,44
2014-02-08,1,6,39
2014-02-09,1,6,51
2014-02-10,1,6,19
2014-02-11,1,6,38
2014-02-12,1,6,27
2014-02-13,1,6,40
2014-02-14,1,6,48
2014-02-15,1,6,48
2014-02-16,1,6,36
2014-02-17,1,6,34
2014-02-18,1,6,37
2014-02-19,1,6,44
2014-02-20,1,6,38
2014-02-21,1,6,36
2014-02-22,1,6,36
2014-02-23,1,6,44
2014-02-24,1,6,27
2014-02-25,1,6,39
2014-02-26,1,6,31
2014-02-27,1,6,38
2014-02-28,1,6,49
2014-03-01,1,6,59
2014-03-02,1,6,52
2014-03-03,1,6,37
2014-03-04,1,6,43
2014-03-05,1,6,43
2014-03-06,1,6,44
2014-03-07,1,6,53
2014-03-08,1,6,52
2014-03-09,1,6,57
2014-03-10,1,6,38
2014-03-11,1,6,36
2014-03-12,1,6,49
2014-03-13,1,6,49
2014-03-14,1,6,47
2014-03-15,1,6,54
2014-03-16,1,6,51
2014-03-17,1,6,38
2014-03-18,1,6,43
2014-03-19,1,6,46
2014-03-20,1,6,38
2014-03-21,1,6,53
2014-03-22,1,6,50
2014-03-23,1,6,61
2014-03-24,1,6,37
2014-03-25,1,6,41
2014-03-26,1,6,39
2014-03-27,1,6,46
2014-03-28,1,6,49
2014-03-29,1,6,53
2014-03-30,1,6,65
2014-03-31,1,6,37
2014-04-01,1,6,44
2014-04-02,1,6,63
2014-04-03,1,6,43
2014-04-04,1,6,71
2014-04-05,1,6,66
2014-04-06,1,6,78
2014-04-07,1,6,58
2014-04-08,1,6,45
2014-04-09,1,6,43
2014-04-10,1,6,58
2014-04-11,1,6,54
2014-04-12,1,6,61
2014-04-13,1,6,57
2014-04-14,1,6,33
2014-04-15,1,6,70
2014-04-16,1,6,56
2014-04-17,1,6,53
2014-04-18,1,6,54
2014-04-19,1,6,52
2014-04-20,1,6,51
2014-04-21,1,6,37
2014-04-22,1,6,40
2014-04-23,1,6,44
2014-04-24,1,6,57
2014-04-25,1,6,50
2014-04-26,1,6,60
2014-04-27,1,6,61
2014-04-28,1,6,53
2014-04-29,1,6,40
2014-04-30,1,6,59
2014-05-01,1,6,55
2014-05-02,1,6,69
2014-05-03,1,6,54
2014-05-04,1,6,86
2014-05-05,1,6,41
2014-05-06,1,6,41
2014-05-07,1,6,42
2014-05-08,1,6,58
2014-05-09,1,6,59
2014-05-10,1,6,66
2014-05-11,1,6,58
2014-05-12,1,6,42
2014-05-13,1,6,52
2014-05-14,1,6,47
2014-05-15,1,6,56
2014-05-16,1,6,54
2014-05-17,1,6,79
2014-05-18,1,6,66
2014-05-19,1,6,43
2014-05-20,1,6,63
2014-05-21,1,6,54
2014-05-22,1,6,60
2014-05-23,1,6,46
2014-05-24,1,6,67
2014-05-25,1,6,67
2014-05-26,1,6,45
2014-05-27,1,6,56
2014-05-28,1,6,48
2014-05-29,1,6,56
2014-05-30,1,6,75
2014-05-31,1,6,58
2014-06-01,1,6,63
2014-06-02,1,6,40
2014-06-03,1,6,68
2014-06-04,1,6,50
2014-06-05,1,6,66
2014-06-06,1,6,61
2014-06-07,1,6,55
2014-06-08,1,6,62
2014-06-09,1,6,47
2014-06-10,1,6,43
2014-06-11,1,6,65
2014-06-12,1,6,57
2014-06-13,1,6,61
2014-06-14,1,6,69
2014-06-15,1,6,71
2014-06-16,1,6,36
2014-06-17,1,6,61
2014-06-18,1,6,65
2014-06-19,1,6,65
2014-06-20,1,6,60
2014-06-21,1,6,82
2014-06-22,1,6,82
2014-06-23,1,6,52
2014-06-24,1,6,41
2014-06-25,1,6,80
2014-06-26,1,6,50
2014-06-27,1,6,74
2014-06-28,1,6,74
2014-06-29,1,6,63
2014-06-30,1,6,48
2014-07-01,1,6,56
2014-07-02,1,6,57
2014-07-03,1,6,57
2014-07-04,1,6,73
2014-07-05,1,6,55
2014-07-06,1,6,71
2014-07-07,1,6,59
2014-07-08,1,6,50
2014-07-09,1,6,56
2014-07-10,1,6,71
2014-07-11,1,6,66
2014-07-12,1,6,71
2014-07-13,1,6,73
2014-07-14,1,6,64
2014-07-15,1,6,65
2014-07-16,1,6,79
2014-07-17,1,6,78
2014-07-18,1,6,62
2014-07-19,1,6,74
2014-07-20,1,6,64
2014-07-21,1,6,57
2014-07-22,1,6,65
2014-07-23,1,6,59
2014-07-24,1,6,77
2014-07-25,1,6,70
2014-07-26,1,6,66
2014-07-27,1,6,96
2014-07-28,1,6,54
2014-07-29,1,6,59
2014-07-30,1,6,65
2014-07-31,1,6,72
2014-08-01,1,6,69
2014-08-02,1,6,66
2014-08-03,1,6,64
2014-08-04,1,6,52
2014-08-05,1,6,46
2014-08-06,1,6,60
2014-08-07,1,6,61
2014-08-08,1,6,51
2014-08-09,1,6,66
2014-08-10,1,6,73
2014-08-11,1,6,41
2014-08-12,1,6,58
2014-08-13,1,6,44
2014-08-14,1,6,51
2014-08-15,1,6,52
2014-08-16,1,6,69
2014-08-17,1,6,66
2014-08-18,1,6,54
2014-08-19,1,6,50
2014-08-20,1,6,62
2014-08-21,1,6,51
2014-08-22,1,6,52
2014-08-23,1,6,76
2014-08-24,1,6,72
2014-08-25,1,6,55
2014-08-26,1,6,58
2014-08-27,1,6,60
2014-08-28,1,6,56
2014-08-29,1,6,54
2014-08-30,1,6,66
2014-08-31,1,6,53
2014-09-01,1,6,45
2014-09-02,1,6,60
2014-09-03,1,6,52
2014-09-04,1,6,55
2014-09-05,1,6,61
2014-09-06,1,6,48
2014-09-07,1,6,67
2014-09-08,1,6,57
2014-09-09,1,6,46
2014-09-10,1,6,37
2014-09-11,1,6,63
2014-09-12,1,6,56
2014-09-13,1,6,64
2014-09-14,1,6,63
2014-09-15,1,6,40
2014-09-16,1,6,54
2014-09-17,1,6,50
2014-09-18,1,6,39
2014-09-19,1,6,53
2014-09-20,1,6,68
2014-09-21,1,6,63
2014-09-22,1,6,29
2014-09-23,1,6,51
2014-09-24,1,6,59
2014-09-25,1,6,43
2014-09-26,1,6,65
2014-09-27,1,6,64
2014-09-28,1,6,62
2014-09-29,1,6,35
2014-09-30,1,6,50
2014-10-01,1,6,40
2014-10-02,1,6,50
2014-10-03,1,6,61
2014-10-04,1,6,53
2014-10-05,1,6,42
2014-10-06,1,6,41
2014-10-07,1,6,40
2014-10-08,1,6,49
2014-10-09,1,6,46
2014-10-10,1,6,51
2014-10-11,1,6,40
2014-10-12,1,6,52
2014-10-13,1,6,41
2014-10-14,1,6,54
2014-10-15,1,6,47
2014-10-16,1,6,48
2014-10-17,1,6,52
2014-10-18,1,6,57
2014-10-19,1,6,61
2014-10-20,1,6,36
2014-10-21,1,6,43
2014-10-22,1,6,47
2014-10-23,1,6,50
2014-10-24,1,6,50
2014-10-25,1,6,56
2014-10-26,1,6,56
2014-10-27,1,6,41
2014-10-28,1,6,45
2014-10-29,1,6,55
2014-10-30,1,6,46
2014-10-31,1,6,69
2014-11-01,1,6,55
2014-11-02,1,6,65
2014-11-03,1,6,43
2014-11-04,1,6,62
2014-11-05,1,6,46
2014-11-06,1,6,52
2014-11-07,1,6,50
2014-11-08,1,6,70
2014-11-09,1,6,54
2014-11-10,1,6,33
2014-11-11,1,6,48
2014-11-12,1,6,46
2014-11-13,1,6,53
2014-11-14,1,6,58
2014-11-15,1,6,54
2014-11-16,1,6,63
2014-11-17,1,6,41
2014-11-18,1,6,43
2014-11-19,1,6,38
2014-11-20,1,6,49
2014-11-21,1,6,61
2014-11-22,1,6,64
2014-11-23,1,6,64
2014-11-24,1,6,27
2014-11-25,1,6,60
2014-11-26,1,6,55
2014-11-27,1,6,55
2014-11-28,1,6,49
2014-11-29,1,6,72
2014-11-30,1,6,74
2014-12-01,1,6,27
2014-12-02,1,6,36
2014-12-03,1,6,36
2014-12-04,1,6,28
2014-12-05,1,6,35
2014-12-06,1,6,47
2014-12-07,1,6,32
2014-12-08,1,6,27
2014-12-09,1,6,25
2014-12-10,1,6,26
2014-12-11,1,6,40
2014-12-12,1,6,44
2014-12-13,1,6,45
2014-12-14,1,6,42
2014-12-15,1,6,24
2014-12-16,1,6,49
2014-12-17,1,6,31
2014-12-18,1,6,48
2014-12-19,1,6,34
2014-12-20,1,6,34
2014-12-21,1,6,52
2014-12-22,1,6,28
2014-12-23,1,6,39
2014-12-24,1,6,32
2014-12-25,1,6,41
2014-12-26,1,6,42
2014-12-27,1,6,52
2014-12-28,1,6,50
2014-12-29,1,6,29
2014-12-30,1,6,36
2014-12-31,1,6,40
2015-01-01,1,6,32
2015-01-02,1,6,33
2015-01-03,1,6,32
2015-01-04,1,6,44
2015-01-05,1,6,30
2015-01-06,1,6,34
2015-01-07,1,6,37
2015-01-08,1,6,43
2015-01-09,1,6,41
2015-01-10,1,6,39
2015-01-11,1,6,43
2015-01-12,1,6,17
2015-01-13,1,6,42
2015-01-14,1,6,25
2015-01-15,1,6,35
2015-01-16,1,6,28
2015-01-17,1,6,39
2015-01-18,1,6,43
2015-01-19,1,6,30
2015-01-20,1,6,30
2015-01-21,1,6,28
2015-01-22,1,6,33
2015-01-23,1,6,30
2015-01-24,1,6,43
2015-01-25,1,6,40
2015-01-26,1,6,35
2015-01-27,1,6,38
2015-01-28,1,6,25
2015-01-29,1,6,32
2015-01-30,1,6,39
2015-01-31,1,6,51
2015-02-01,1,6,43
2015-02-02,1,6,29
2015-02-03,1,6,37
2015-02-04,1,6,40
2015-02-05,1,6,39
2015-02-06,1,6,50
2015-02-07,1,6,42
2015-02-08,1,6,48
2015-02-09,1,6,41
2015-02-10,1,6,35
2015-02-11,1,6,38
2015-02-12,1,6,37
2015-02-13,1,6,42
2015-02-14,1,6,49
2015-02-15,1,6,52
2015-02-16,1,6,23
2015-02-17,1,6,40
2015-02-18,1,6,31
2015-02-19,1,6,45
2015-02-20,1,6,38
2015-02-21,1,6,47
2015-02-22,1,6,52
2015-02-23,1,6,31
2015-02-24,1,6,43
2015-02-25,1,6,31
2015-02-26,1,6,39
2015-02-27,1,6,37
2015-02-28,1,6,37
2015-03-01,1,6,44
2015-03-02,1,6,41
2015-03-03,1,6,44
2015-03-04,1,6,49
2015-03-05,1,6,59
2015-03-06,1,6,49
2015-03-07,1,6,52
2015-03-08,1,6,58
2015-03-09,1,6,35
2015-03-10,1,6,41
2015-03-11,1,6,59
2015-03-12,1,6,36
2015-03-13,1,6,68
2015-03-14,1,6,50
2015-03-15,1,6,56
2015-03-16,1,6,35
2015-03-17,1,6,44
2015-03-18,1,6,38
2015-03-19,1,6,40
2015-03-20,1,6,54
2015-03-21,1,6,58
2015-03-22,1,6,61
2015-03-23,1,6,38
2015-03-24,1,6,42
2015-03-25,1,6,40
2015-03-26,1,6,57
2015-03-27,1,6,46
2015-03-28,1,6,42
2015-03-29,1,6,45
2015-03-30,1,6,34
2015-03-31,1,6,49
2015-04-01,1,6,51
2015-04-02,1,6,57
2015-04-03,1,6,69
2015-04-04,1,6,70
2015-04-05,1,6,66
2015-04-06,1,6,41
2015-04-07,1,6,42
2015-04-08,1,6,58
2015-04-09,1,6,57
2015-04-10,1,6,49
2015-04-11,1,6,70
2015-04-12,1,6,54
2015-04-13,1,6,41
2015-04-14,1,6,52
2015-04-15,1,6,52
2015-04-16,1,6,44
2015-04-17,1,6,55
2015-04-18,1,6,62
2015-04-19,1,6,70
2015-04-20,1,6,33
2015-04-21,1,6,49
2015-04-22,1,6,60
2015-04-23,1,6,59
2015-04-24,1,6,56
2015-04-25,1,6,61
2015-04-26,1,6,54
2015-04-27,1,6,40
2015-04-28,1,6,55
2015-04-29,1,6,39
2015-04-30,1,6,57
2015-05-01,1,6,74
2015-05-02,1,6,63
2015-05-03,1,6,78
2015-05-04,1,6,58
2015-05-05,1,6,56
2015-05-06,1,6,56
2015-05-07,1,6,57
2015-05-08,1,6,58
2015-05-09,1,6,65
2015-05-10,1,6,71
2015-05-11,1,6,57
2015-05-12,1,6,44
2015-05-13,1,6,49
2015-05-14,1,6,64
2015-05-15,1,6,69
2015-05-16,1,6,60
2015-05-17,1,6,86
2015-05-18,1,6,52
2015-05-19,1,6,72
2015-05-20,1,6,57
2015-05-21,1,6,62
2015-05-22,1,6,59
2015-05-23,1,6,67
2015-05-24,1,6,74
2015-05-25,1,6,45
2015-05-26,1,6,63
2015-05-27,1,6,58
2015-05-28,1,6,63
2015-05-29,1,6,57
2015-05-30,1,6,62
2015-05-31,1,6,83
2015-06-01,1,6,40
2015-06-02,1,6,60
2015-06-03,1,6,58
2015-06-04,1,6,66
2015-06-05,1,6,76
2015-06-06,1,6,59
2015-06-07,1,6,63
2015-06-08,1,6,51
2015-06-09,1,6,50
2015-06-10,1,6,63
2015-06-11,1,6,62
2015-06-12,1,6,64
2015-06-13,1,6,71
2015-06-14,1,6,59
2015-06-15,1,6,55
2015-06-16,1,6,71
2015-06-17,1,6,51
2015-06-18,1,6,69
2015-06-19,1,6,74
2015-06-20,1,6,69
2015-06-21,1,6,67
2015-06-22,1,6,54
2015-06-23,1,6,59
2015-06-24,1,6,65
2015-06-25,1,6,62
2015-06-26,1,6,71
2015-06-27,1,6,71
2015-06-28,1,6,70
2015-06-29,1,6,43
2015-06-30,1,6,59
2015-07-01,1,6,61
2015-07-02,1,6,57
2015-07-03,1,6,75
2015-07-04,1,6,73
2015-07-05,1,6,73
2015-07-06,1,6,44
2015-07-07,1,6,56
2015-07-08,1,6,69
2015-07-09,1,6,52
2015-07-10,1,6,62
2015-07-11,1,6,85
2015-07-12,1,6,73
2015-07-13,1,6,62
2015-07-14,1,6,56
2015-07-15,1,6,66
2015-07-16,1,6,70
2015-07-17,1,6,76
2015-07-18,1,6,63
2015-07-19,1,6,87
2015-07-20,1,6,48
2015-07-21,1,6,54
2015-07-22,1,6,69
2015-07-23,1,6,63
2015-07-24,1,6,64
2015-07-25,1,6,99
2015-07-26,1,6,91
2015-07-27,1,6,64
2015-07-28,1,6,59
2015-07-29,1,6,70
2015-07-30,1,6,65
2015-07-31,1,6,49
2015-08-01,1,6,68
2015-08-02,1,6,62
2015-08-03,1,6,57
2015-08-04,1,6,56
2015-08-05,1,6,65
2015-08-06,1,6,63
2015-08-07,1,6,66
2015-08-08,1,6,69
2015-08-09,1,6,79
2015-08-10,1,6,39
2015-08-11,1,6,44
2015-08-12,1,6,51
2015-08-13,1,6,56
2015-08-14,1,6,65
2015-08-15,1,6,59
2015-08-16,1,6,74
2015-08-17,1,6,52
2015-08-18,1,6,44
2015-08-19,1,6,49
2015-08-20,1,6,47
2015-08-21,1,6,65
2015-08-22,1,6,67
2015-08-23,1,6,62
2015-08-24,1,6,39
2015-08-25,1,6,62
2015-08-26,1,6,62
2015-08-27,1,6,43
2015-08-28,1,6,51
2015-08-29,1,6,72
2015-08-30,1,6,93
2015-08-31,1,6,42
2015-09-01,1,6,51
2015-09-02,1,6,67
2015-09-03,1,6,58
2015-09-04,1,6,57
2015-09-05,1,6,67
2015-09-06,1,6,69
2015-09-07,1,6,49
2015-09-08,1,6,48
2015-09-09,1,6,47
2015-09-10,1,6,53
2015-09-11,1,6,55
2015-09-12,1,6,61
2015-09-13,1,6,74
2015-09-14,1,6,46
2015-09-15,1,6,51
2015-09-16,1,6,35
2015-09-17,1,6,45
2015-09-18,1,6,67
2015-09-19,1,6,62
2015-09-20,1,6,66
2015-09-21,1,6,44
2015-09-22,1,6,53
2015-09-23,1,6,62
2015-09-24,1,6,53
2015-09-25,1,6,60
2015-09-26,1,6,67
2015-09-27,1,6,63
2015-09-28,1,6,38
2015-09-29,1,6,48
2015-09-30,1,6,59
2015-10-01,1,6,54
2015-10-02,1,6,44
2015-10-03,1,6,48
2015-10-04,1,6,68
2015-10-05,1,6,47
2015-10-06,1,6,50
2015-10-07,1,6,34
2015-10-08,1,6,52
2015-10-09,1,6,54
2015-10-10,1,6,67
2015-10-11,1,6,56
2015-10-12,1,6,39
2015-10-13,1,6,61
2015-10-14,1,6,54
2015-10-15,1,6,36
2015-10-16,1,6,67
2015-10-17,1,6,48
2015-10-18,1,6,61
2015-10-19,1,6,33
2015-10-20,1,6,47
2015-10-21,1,6,61
2015-10-22,1,6,63
2015-10-23,1,6,52
2015-10-24,1,6,58
2015-10-25,1,6,56
2015-10-26,1,6,34
2015-10-27,1,6,50
2015-10-28,1,6,36
2015-10-29,1,6,48
2015-10-30,1,6,66
2015-10-31,1,6,50
2015-11-01,1,6,66
2015-11-02,1,6,41
2015-11-03,1,6,48
2015-11-04,1,6,68
2015-11-05,1,6,64
2015-11-06,1,6,54
2015-11-07,1,6,60
2015-11-08,1,6,60
2015-11-09,1,6,41
2015-11-10,1,6,49
2015-11-11,1,6,51
2015-11-12,1,6,53
2015-11-13,1,6,49
2015-11-14,1,6,49
2015-11-15,1,6,55
2015-11-16,1,6,33
2015-11-17,1,6,47
2015-11-18,1,6,46
2015-11-19,1,6,42
2015-11-20,1,6,75
2015-11-21,1,6,60
2015-11-22,1,6,62
2015-11-23,1,6,46
2015-11-24,1,6,50
2015-11-25,1,6,42
2015-11-26,1,6,58
2015-11-27,1,6,51
2015-11-28,1,6,61
2015-11-29,1,6,62
2015-11-30,1,6,47
2015-12-01,1,6,37
2015-12-02,1,6,39
2015-12-03,1,6,44
2015-12-04,1,6,30
2015-12-05,1,6,54
2015-12-06,1,6,47
2015-12-07,1,6,26
2015-12-08,1,6,35
2015-12-09,1,6,41
2015-12-10,1,6,34
2015-12-11,1,6,51
2015-12-12,1,6,47
2015-12-13,1,6,43
2015-12-14,1,6,32
2015-12-15,1,6,32
2015-12-16,1,6,44
2015-12-17,1,6,36
2015-12-18,1,6,25
2015-12-19,1,6,40
2015-12-20,1,6,41
2015-12-21,1,6,27
2015-12-22,1,6,32
2015-12-23,1,6,42
2015-12-24,1,6,51
2015-12-25,1,6,42
2015-12-26,1,6,53
2015-12-27,1,6,58
2015-12-28,1,6,26
2015-12-29,1,6,41
2015-12-30,1,6,38
2015-12-31,1,6,40
2016-01-01,1,6,34
2016-01-02,1,6,36
2016-01-03,1,6,60
2016-01-04,1,6,23
2016-01-05,1,6,40
2016-01-06,1,6,37
2016-01-07,1,6,41
2016-01-08,1,6,41
2016-01-09,1,6,54
2016-01-10,1,6,37
2016-01-11,1,6,26
2016-01-12,1,6,37
2016-01-13,1,6,40
2016-01-14,1,6,43
2016-01-15,1,6,43
2016-01-16,1,6,40
2016-01-17,1,6,46
2016-01-18,1,6,24
2016-01-19,1,6,39
2016-01-20,1,6,36
2016-01-21,1,6,38
2016-01-22,1,6,41
2016-01-23,1,6,52
2016-01-24,1,6,43
2016-01-25,1,6,32
2016-01-26,1,6,47
2016-01-27,1,6,31
2016-01-28,1,6,45
2016-01-29,1,6,38
2016-01-30,1,6,45
2016-01-31,1,6,56
2016-02-01,1,6,35
2016-02-02,1,6,39
2016-02-03,1,6,43
2016-02-04,1,6,40
2016-02-05,1,6,53
2016-02-06,1,6,59
2016-02-07,1,6,47
2016-02-08,1,6,26
2016-02-09,1,6,49
2016-02-10,1,6,43
2016-02-11,1,6,40
2016-02-12,1,6,46
2016-02-13,1,6,60
2016-02-14,1,6,54
2016-02-15,1,6,43
2016-02-16,1,6,42
2016-02-17,1,6,36
2016-02-18,1,6,48
2016-02-19,1,6,40
2016-02-20,1,6,63
2016-02-21,1,6,60
2016-02-22,1,6,37
2016-02-23,1,6,31
2016-02-24,1,6,35
2016-02-25,1,6,43
2016-02-26,1,6,40
2016-02-27,1,6,58
2016-02-28,1,6,52
2016-02-29,1,6,40
2016-03-01,1,6,53
2016-03-02,1,6,54
2016-03-03,1,6,53
2016-03-04,1,6,74
2016-03-05,1,6,73
2016-03-06,1,6,75
2016-03-07,1,6,51
2016-03-08,1,6,51
2016-03-09,1,6,48
2016-03-10,1,6,46
2016-03-11,1,6,65
2016-03-12,1,6,51
2016-03-13,1,6,66
2016-03-14,1,6,49
2016-03-15,1,6,56
2016-03-16,1,6,46
2016-03-17,1,6,43
2016-03-18,1,6,62
2016-03-19,1,6,55
2016-03-20,1,6,50
2016-03-21,1,6,55
2016-03-22,1,6,49
2016-03-23,1,6,58
2016-03-24,1,6,58
2016-03-25,1,6,56
2016-03-26,1,6,58
2016-03-27,1,6,62
2016-03-28,1,6,42
2016-03-29,1,6,60
2016-03-30,1,6,37
2016-03-31,1,6,50
2016-04-01,1,6,63
2016-04-02,1,6,78
2016-04-03,1,6,59
2016-04-04,1,6,45
2016-04-05,1,6,51
2016-04-06,1,6,54
2016-04-07,1,6,52
2016-04-08,1,6,65
2016-04-09,1,6,62
2016-04-10,1,6,71
2016-04-11,1,6,57
2016-04-12,1,6,47
2016-04-13,1,6,46
2016-04-14,1,6,74
2016-04-15,1,6,65
2016-04-16,1,6,77
2016-04-17,1,6,72
2016-04-18,1,6,43
2016-04-19,1,6,59
2016-04-20,1,6,51
2016-04-21,1,6,65
2016-04-22,1,6,58
2016-04-23,1,6,80
2016-04-24,1,6,75
2016-04-25,1,6,44
2016-04-26,1,6,70
2016-04-27,1,6,47
2016-04-28,1,6,67
2016-04-29,1,6,62
2016-04-30,1,6,70
2016-05-01,1,6,75
2016-05-02,1,6,53
2016-05-03,1,6,51
2016-05-04,1,6,60
2016-05-05,1,6,62
2016-05-06,1,6,73
2016-05-07,1,6,70
2016-05-08,1,6,74
2016-05-09,1,6,49
2016-05-10,1,6,62
2016-05-11,1,6,76
2016-05-12,1,6,76
2016-05-13,1,6,56
2016-05-14,1,6,84
2016-05-15,1,6,95
2016-05-16,1,6,56
2016-05-17,1,6,43
2016-05-18,1,6,47
2016-05-19,1,6,71
2016-05-20,1,6,58
2016-05-21,1,6,71
2016-05-22,1,6,87
2016-05-23,1,6,49
2016-05-24,1,6,63
2016-05-25,1,6,50
2016-05-26,1,6,57
2016-05-27,1,6,69
2016-05-28,1,6,81
2016-05-29,1,6,71
2016-05-30,1,6,65
2016-05-31,1,6,67
2016-06-01,1,6,69
2016-06-02,1,6,60
2016-06-03,1,6,89
2016-06-04,1,6,81
2016-06-05,1,6,81
2016-06-06,1,6,52
2016-06-07,1,6,54
2016-06-08,1,6,71
2016-06-09,1,6,58
2016-06-10,1,6,75
2016-06-11,1,6,76
2016-06-12,1,6,74
2016-06-13,1,6,51
2016-06-14,1,6,59
2016-06-15,1,6,61
2016-06-16,1,6,67
2016-06-17,1,6,80
2016-06-18,1,6,68
2016-06-19,1,6,73
2016-06-20,1,6,56
2016-06-21,1,6,54
2016-06-22,1,6,74
2016-06-23,1,6,70
2016-06-24,1,6,77
2016-06-25,1,6,76
2016-06-26,1,6,73
2016-06-27,1,6,40
2016-06-28,1,6,65
2016-06-29,1,6,66
2016-06-30,1,6,68
2016-07-01,1,6,74
2016-07-02,1,6,83
2016-07-03,1,6,96
2016-07-04,1,6,56
2016-07-05,1,6,57
2016-07-06,1,6,81
2016-07-07,1,6,69
2016-07-08,1,6,87
2016-07-09,1,6,77
2016-07-10,1,6,90
2016-07-11,1,6,65
2016-07-12,1,6,73
2016-07-13,1,6,70
2016-07-14,1,6,70
2016-07-15,1,6,82
2016-07-16,1,6,84
2016-07-17,1,6,94
2016-07-18,1,6,53
2016-07-19,1,6,91
2016-07-20,1,6,75
2016-07-21,1,6,71
2016-07-22,1,6,81
2016-07-23,1,6,63
2016-07-24,1,6,88
2016-07-25,1,6,62
2016-07-26,1,6,83
2016-07-27,1,6,71
2016-07-28,1,6,77
2016-07-29,1,6,76
2016-07-30,1,6,77
2016-07-31,1,6,103
2016-08-01,1,6,46
2016-08-02,1,6,65
2016-08-03,1,6,59
2016-08-04,1,6,59
2016-08-05,1,6,77
2016-08-06,1,6,65
2016-08-07,1,6,77
2016-08-08,1,6,64
2016-08-09,1,6,66
2016-08-10,1,6,55
2016-08-11,1,6,81
2016-08-12,1,6,72
2016-08-13,1,6,71
2016-08-14,1,6,77
2016-08-15,1,6,41
2016-08-16,1,6,73
2016-08-17,1,6,62
2016-08-18,1,6,75
2016-08-19,1,6,67
2016-08-20,1,6,74
2016-08-21,1,6,76
2016-08-22,1,6,50
2016-08-23,1,6,70
2016-08-24,1,6,55
2016-08-25,1,6,74
2016-08-26,1,6,64
2016-08-27,1,6,69
2016-08-28,1,6,93
2016-08-29,1,6,55
2016-08-30,1,6,53
2016-08-31,1,6,62
2016-09-01,1,6,64
2016-09-02,1,6,81
2016-09-03,1,6,56
2016-09-04,1,6,81
2016-09-05,1,6,39
2016-09-06,1,6,54
2016-09-07,1,6,56
2016-09-08,1,6,68
2016-09-09,1,6,64
2016-09-10,1,6,74
2016-09-11,1,6,72
2016-09-12,1,6,45
2016-09-13,1,6,50
2016-09-14,1,6,60
2016-09-15,1,6,64
2016-09-16,1,6,69
2016-09-17,1,6,84
2016-09-18,1,6,59
2016-09-19,1,6,42
2016-09-20,1,6,53
2016-09-21,1,6,63
2016-09-22,1,6,59
2016-09-23,1,6,64
2016-09-24,1,6,59
2016-09-25,1,6,63
2016-09-26,1,6,52
2016-09-27,1,6,50
2016-09-28,1,6,60
2016-09-29,1,6,56
2016-09-30,1,6,75
2016-10-01,1,6,68
2016-10-02,1,6,65
2016-10-03,1,6,57
2016-10-04,1,6,45
2016-10-05,1,6,39
2016-10-06,1,6,55
2016-10-07,1,6,56
2016-10-08,1,6,77
2016-10-09,1,6,53
2016-10-10,1,6,49
2016-10-11,1,6,45
2016-10-12,1,6,77
2016-10-13,1,6,49
2016-10-14,1,6,50
2016-10-15,1,6,51
2016-10-16,1,6,77
2016-10-17,1,6,37
2016-10-18,1,6,60
2016-10-19,1,6,57
2016-10-20,1,6,70
2016-10-21,1,6,76
2016-10-22,1,6,63
2016-10-23,1,6,82
2016-10-24,1,6,49
2016-10-25,1,6,48
2016-10-26,1,6,45
2016-10-27,1,6,49
2016-10-28,1,6,59
2016-10-29,1,6,78
2016-10-30,1,6,79
2016-10-31,1,6,44
2016-11-01,1,6,55
2016-11-02,1,6,59
2016-11-03,1,6,61
2016-11-04,1,6,62
2016-11-05,1,6,66
2016-11-06,1,6,79
2016-11-07,1,6,49
2016-11-08,1,6,54
2016-11-09,1,6,50
2016-11-10,1,6,49
2016-11-11,1,6,54
2016-11-12,1,6,65
2016-11-13,1,6,62
2016-11-14,1,6,60
2016-11-15,1,6,53
2016-11-16,1,6,58
2016-11-17,1,6,62
2016-11-18,1,6,60
2016-11-19,1,6,62
2016-11-20,1,6,61
2016-11-21,1,6,47
2016-11-22,1,6,59
2016-11-23,1,6,69
2016-11-24,1,6,60
2016-11-25,1,6,70
2016-11-26,1,6,75
2016-11-27,1,6,84
2016-11-28,1,6,41
2016-11-29,1,6,58
2016-11-30,1,6,57
2016-12-01,1,6,44
2016-12-02,1,6,51
2016-12-03,1,6,45
2016-12-04,1,6,55
2016-12-05,1,6,48
2016-12-06,1,6,33
2016-12-07,1,6,33
2016-12-08,1,6,47
2016-12-09,1,6,48
2016-12-10,1,6,51
2016-12-11,1,6,47
2016-12-12,1,6,37
2016-12-13,1,6,36
2016-12-14,1,6,41
2016-12-15,1,6,39
2016-12-16,1,6,50
2016-12-17,1,6,51
2016-12-18,1,6,37
2016-12-19,1,6,31
2016-12-20,1,6,52
2016-12-21,1,6,46
2016-12-22,1,6,46
2016-12-23,1,6,43
2016-12-24,1,6,58
2016-12-25,1,6,64
2016-12-26,1,6,31
2016-12-27,1,6,34
2016-12-28,1,6,31
2016-12-29,1,6,46
2016-12-30,1,6,54
2016-12-31,1,6,53
2017-01-01,1,6,52
2017-01-02,1,6,29
2017-01-03,1,6,31
2017-01-04,1,6,50
2017-01-05,1,6,40
2017-01-06,1,6,33
2017-01-07,1,6,43
2017-01-08,1,6,51
2017-01-09,1,6,40
2017-01-10,1,6,39
2017-01-11,1,6,42
2017-01-12,1,6,42
2017-01-13,1,6,49
2017-01-14,1,6,44
2017-01-15,1,6,60
2017-01-16,1,6,24
2017-01-17,1,6,46
2017-01-18,1,6,47
2017-01-19,1,6,38
2017-01-20,1,6,51
2017-01-21,1,6,41
2017-01-22,1,6,46
2017-01-23,1,6,38
2017-01-24,1,6,38
2017-01-25,1,6,32
2017-01-26,1,6,53
2017-01-27,1,6,42
2017-01-28,1,6,38
2017-01-29,1,6,40
2017-01-30,1,6,28
2017-01-31,1,6,36
2017-02-01,1,6,53
2017-02-02,1,6,46
2017-02-03,1,6,47
2017-02-04,1,6,44
2017-02-05,1,6,49
2017-02-06,1,6,38
2017-02-07,1,6,41
2017-02-08,1,6,34
2017-02-09,1,6,52
2017-02-10,1,6,45
2017-02-11,1,6,51
2017-02-12,1,6,58
2017-02-13,1,6,23
2017-02-14,1,6,37
2017-02-15,1,6,55
2017-02-16,1,6,49
2017-02-17,1,6,37
2017-02-18,1,6,70
2017-02-19,1,6,57
2017-02-20,1,6,32
2017-02-21,1,6,47
2017-02-22,1,6,29
2017-02-23,1,6,45
2017-02-24,1,6,47
2017-02-25,1,6,43
2017-02-26,1,6,61
2017-02-27,1,6,36
2017-02-28,1,6,39
2017-03-01,1,6,67
2017-03-02,1,6,43
2017-03-03,1,6,62
2017-03-04,1,6,67
2017-03-05,1,6,73
2017-03-06,1,6,44
2017-03-07,1,6,54
2017-03-08,1,6,52
2017-03-09,1,6,51
2017-03-10,1,6,72
2017-03-11,1,6,65
2017-03-12,1,6,69
2017-03-13,1,6,41
2017-03-14,1,6,51
2017-03-15,1,6,48
2017-03-16,1,6,55
2017-03-17,1,6,59
2017-03-18,1,6,58
2017-03-19,1,6,59
2017-03-20,1,6,59
2017-03-21,1,6,44
2017-03-22,1,6,47
2017-03-23,1,6,50
2017-03-24,1,6,55
2017-03-25,1,6,70
2017-03-26,1,6,74
2017-03-27,1,6,41
2017-03-28,1,6,39
2017-03-29,1,6,45
2017-03-30,1,6,63
2017-03-31,1,6,55
2017-04-01,1,6,72
2017-04-02,1,6,86
2017-04-03,1,6,51
2017-04-04,1,6,66
2017-04-05,1,6,58
2017-04-06,1,6,49
2017-04-07,1,6,58
2017-04-08,1,6,85
2017-04-09,1,6,85
2017-04-10,1,6,56
2017-04-11,1,6,50
2017-04-12,1,6,53
2017-04-13,1,6,60
2017-04-14,1,6,63
2017-04-15,1,6,82
2017-04-16,1,6,72
2017-04-17,1,6,37
2017-04-18,1,6,74
2017-04-19,1,6,51
2017-04-20,1,6,62
2017-04-21,1,6,55
2017-04-22,1,6,84
2017-04-23,1,6,74
2017-04-24,1,6,49
2017-04-25,1,6,72
2017-04-26,1,6,68
2017-04-27,1,6,58
2017-04-28,1,6,65
2017-04-29,1,6,64
2017-04-30,1,6,68
2017-05-01,1,6,42
2017-05-02,1,6,60
2017-05-03,1,6,75
2017-05-04,1,6,62
2017-05-05,1,6,59
2017-05-06,1,6,65
2017-05-07,1,6,68
2017-05-08,1,6,41
2017-05-09,1,6,61
2017-05-10,1,6,57
2017-05-11,1,6,68
2017-05-12,1,6,72
2017-05-13,1,6,90
2017-05-14,1,6,94
2017-05-15,1,6,61
2017-05-16,1,6,49
2017-05-17,1,6,54
2017-05-18,1,6,57
2017-05-19,1,6,84
2017-05-20,1,6,93
2017-05-21,1,6,85
2017-05-22,1,6,51
2017-05-23,1,6,72
2017-05-24,1,6,52
2017-05-25,1,6,72
2017-05-26,1,6,74
2017-05-27,1,6,77
2017-05-28,1,6,81
2017-05-29,1,6,43
2017-05-30,1,6,65
2017-05-31,1,6,69
2017-06-01,1,6,65
2017-06-02,1,6,56
2017-06-03,1,6,56
2017-06-04,1,6,76
2017-06-05,1,6,44
2017-06-06,1,6,65
2017-06-07,1,6,66
2017-06-08,1,6,72
2017-06-09,1,6,75
2017-06-10,1,6,73
2017-06-11,1,6,75
2017-06-12,1,6,58
2017-06-13,1,6,63
2017-06-14,1,6,58
2017-06-15,1,6,74
2017-06-16,1,6,77
2017-06-17,1,6,79
2017-06-18,1,6,81
2017-06-19,1,6,48
2017-06-20,1,6,75
2017-06-21,1,6,71
2017-06-22,1,6,74
2017-06-23,1,6,77
2017-06-24,1,6,73
2017-06-25,1,6,95
2017-06-26,1,6,49
2017-06-27,1,6,67
2017-06-28,1,6,70
2017-06-29,1,6,61
2017-06-30,1,6,74
2017-07-01,1,6,83
2017-07-02,1,6,89
2017-07-03,1,6,73
2017-07-04,1,6,69
2017-07-05,1,6,68
2017-07-06,1,6,83
2017-07-07,1,6,101
2017-07-08,1,6,93
2017-07-09,1,6,92
2017-07-10,1,6,59
2017-07-11,1,6,62
2017-07-12,1,6,71
2017-07-13,1,6,67
2017-07-14,1,6,86
2017-07-15,1,6,95
2017-07-16,1,6,104
2017-07-17,1,6,78
2017-07-18,1,6,61
2017-07-19,1,6,73
2017-07-20,1,6,69
2017-07-21,1,6,77
2017-07-22,1,6,75
2017-07-23,1,6,97
2017-07-24,1,6,57
2017-07-25,1,6,66
2017-07-26,1,6,62
2017-07-27,1,6,66
2017-07-28,1,6,72
2017-07-29,1,6,68
2017-07-30,1,6,98
2017-07-31,1,6,55
2017-08-01,1,6,58
2017-08-02,1,6,46
2017-08-03,1,6,72
2017-08-04,1,6,80
2017-08-05,1,6,76
2017-08-06,1,6,96
2017-08-07,1,6,58
2017-08-08,1,6,53
2017-08-09,1,6,67
2017-08-10,1,6,61
2017-08-11,1,6,59
2017-08-12,1,6,77
2017-08-13,1,6,89
2017-08-14,1,6,54
2017-08-15,1,6,70
2017-08-16,1,6,66
2017-08-17,1,6,66
2017-08-18,1,6,66
2017-08-19,1,6,78
2017-08-20,1,6,79
2017-08-21,1,6,51
2017-08-22,1,6,63
2017-08-23,1,6,73
2017-08-24,1,6,83
2017-08-25,1,6,61
2017-08-26,1,6,75
2017-08-27,1,6,76
2017-08-28,1,6,55
2017-08-29,1,6,61
2017-08-30,1,6,54
2017-08-31,1,6,69
2017-09-01,1,6,58
2017-09-02,1,6,68
2017-09-03,1,6,68
2017-09-04,1,6,63
2017-09-05,1,6,51
2017-09-06,1,6,54
2017-09-07,1,6,48
2017-09-08,1,6,61
2017-09-09,1,6,68
2017-09-10,1,6,73
2017-09-11,1,6,40
2017-09-12,1,6,66
2017-09-13,1,6,55
2017-09-14,1,6,57
2017-09-15,1,6,57
2017-09-16,1,6,68
2017-09-17,1,6,71
2017-09-18,1,6,56
2017-09-19,1,6,56
2017-09-20,1,6,59
2017-09-21,1,6,65
2017-09-22,1,6,75
2017-09-23,1,6,66
2017-09-24,1,6,71
2017-09-25,1,6,57
2017-09-26,1,6,61
2017-09-27,1,6,62
2017-09-28,1,6,57
2017-09-29,1,6,63
2017-09-30,1,6,64
2017-10-01,1,6,70
2017-10-02,1,6,40
2017-10-03,1,6,58
2017-10-04,1,6,61
2017-10-05,1,6,52
2017-10-06,1,6,51
2017-10-07,1,6,72
2017-10-08,1,6,73
2017-10-09,1,6,46
2017-10-10,1,6,45
2017-10-11,1,6,62
2017-10-12,1,6,47
2017-10-13,1,6,53
2017-10-14,1,6,56
2017-10-15,1,6,84
2017-10-16,1,6,47
2017-10-17,1,6,57
2017-10-18,1,6,52
2017-10-19,1,6,43
2017-10-20,1,6,56
2017-10-21,1,6,53
2017-10-22,1,6,77
2017-10-23,1,6,51
2017-10-24,1,6,48
2017-10-25,1,6,46
2017-10-26,1,6,48
2017-10-27,1,6,55
2017-10-28,1,6,65
2017-10-29,1,6,82
2017-10-30,1,6,50
2017-10-31,1,6,73
2017-11-01,1,6,63
2017-11-02,1,6,56
2017-11-03,1,6,64
2017-11-04,1,6,71
2017-11-05,1,6,66
2017-11-06,1,6,75
2017-11-07,1,6,70
2017-11-08,1,6,63
2017-11-09,1,6,62
2017-11-10,1,6,66
2017-11-11,1,6,66
2017-11-12,1,6,88
2017-11-13,1,6,49
2017-11-14,1,6,73
2017-11-15,1,6,57
2017-11-16,1,6,64
2017-11-17,1,6,64
2017-11-18,1,6,67
2017-11-19,1,6,63
2017-11-20,1,6,52
2017-11-21,1,6,58
2017-11-22,1,6,55
2017-11-23,1,6,58
2017-11-24,1,6,66
2017-11-25,1,6,72
2017-11-26,1,6,73
2017-11-27,1,6,50
2017-11-28,1,6,60
2017-11-29,1,6,67
2017-11-30,1,6,63
2017-12-01,1,6,56
2017-12-02,1,6,48
2017-12-03,1,6,62
2017-12-04,1,6,48
2017-12-05,1,6,42
2017-12-06,1,6,31
2017-12-07,1,6,37
2017-12-08,1,6,60
2017-12-09,1,6,57
2017-12-10,1,6,70
2017-12-11,1,6,41
2017-12-12,1,6,52
2017-12-13,1,6,48
2017-12-14,1,6,50
2017-12-15,1,6,50
2017-12-16,1,6,62
2017-12-17,1,6,47
2017-12-18,1,6,31
2017-12-19,1,6,39
2017-12-20,1,6,43
2017-12-21,1,6,53
2017-12-22,1,6,50
2017-12-23,1,6,48
2017-12-24,1,6,50
2017-12-25,1,6,27
2017-12-26,1,6,36
2017-12-27,1,6,32
2017-12-28,1,6,51
2017-12-29,1,6,55
2017-12-30,1,6,55
2017-12-31,1,6,53
2013-01-01,1,7,25
2013-01-02,1,7,23
2013-01-03,1,7,34
2013-01-04,1,7,36
2013-01-05,1,7,38
2013-01-06,1,7,32
2013-01-07,1,7,14
2013-01-08,1,7,31
2013-01-09,1,7,32
2013-01-10,1,7,32
2013-01-11,1,7,28
2013-01-12,1,7,35
2013-01-13,1,7,44
2013-01-14,1,7,17
2013-01-15,1,7,34
2013-01-16,1,7,35
2013-01-17,1,7,32
2013-01-18,1,7,34
2013-01-19,1,7,34
2013-01-20,1,7,42
2013-01-21,1,7,15
2013-01-22,1,7,21
2013-01-23,1,7,24
2013-01-24,1,7,30
2013-01-25,1,7,30
2013-01-26,1,7,38
2013-01-27,1,7,34
2013-01-28,1,7,23
2013-01-29,1,7,28
2013-01-30,1,7,25
2013-01-31,1,7,31
2013-02-01,1,7,38
2013-02-02,1,7,42
2013-02-03,1,7,28
2013-02-04,1,7,33
2013-02-05,1,7,21
2013-02-06,1,7,38
2013-02-07,1,7,43
2013-02-08,1,7,40
2013-02-09,1,7,41
2013-02-10,1,7,36
2013-02-11,1,7,31
2013-02-12,1,7,22
2013-02-13,1,7,27
2013-02-14,1,7,29
2013-02-15,1,7,30
2013-02-16,1,7,52
2013-02-17,1,7,47
2013-02-18,1,7,34
2013-02-19,1,7,30
2013-02-20,1,7,27
2013-02-21,1,7,29
2013-02-22,1,7,31
2013-02-23,1,7,43
2013-02-24,1,7,38
2013-02-25,1,7,29
2013-02-26,1,7,27
2013-02-27,1,7,27
2013-02-28,1,7,28
2013-03-01,1,7,43
2013-03-02,1,7,49
2013-03-03,1,7,41
2013-03-04,1,7,33
2013-03-05,1,7,33
2013-03-06,1,7,48
2013-03-07,1,7,40
2013-03-08,1,7,42
2013-03-09,1,7,51
2013-03-10,1,7,41
2013-03-11,1,7,41
2013-03-12,1,7,39
2013-03-13,1,7,43
2013-03-14,1,7,32
2013-03-15,1,7,49
2013-03-16,1,7,52
2013-03-17,1,7,50
2013-03-18,1,7,29
2013-03-19,1,7,43
2013-03-20,1,7,21
2013-03-21,1,7,38
2013-03-22,1,7,37
2013-03-23,1,7,46
2013-03-24,1,7,38
2013-03-25,1,7,32
2013-03-26,1,7,41
2013-03-27,1,7,41
2013-03-28,1,7,45
2013-03-29,1,7,44
2013-03-30,1,7,53
2013-03-31,1,7,56
2013-04-01,1,7,35
2013-04-02,1,7,47
2013-04-03,1,7,53
2013-04-04,1,7,46
2013-04-05,1,7,43
2013-04-06,1,7,64
2013-04-07,1,7,45
2013-04-08,1,7,40
2013-04-09,1,7,32
2013-04-10,1,7,47
2013-04-11,1,7,50
2013-04-12,1,7,38
2013-04-13,1,7,59
2013-04-14,1,7,55
2013-04-15,1,7,39
2013-04-16,1,7,42
2013-04-17,1,7,40
2013-04-18,1,7,43
2013-04-19,1,7,39
2013-04-20,1,7,64
2013-04-21,1,7,55
2013-04-22,1,7,42
2013-04-23,1,7,36
2013-04-24,1,7,55
2013-04-25,1,7,49
2013-04-26,1,7,44
2013-04-27,1,7,42
2013-04-28,1,7,46
2013-04-29,1,7,56
2013-04-30,1,7,40
2013-05-01,1,7,46
2013-05-02,1,7,53
2013-05-03,1,7,51
2013-05-04,1,7,54
2013-05-05,1,7,57
2013-05-06,1,7,51
2013-05-07,1,7,60
2013-05-08,1,7,50
2013-05-09,1,7,37
2013-05-10,1,7,51
2013-05-11,1,7,60
2013-05-12,1,7,60
2013-05-13,1,7,47
2013-05-14,1,7,44
2013-05-15,1,7,62
2013-05-16,1,7,54
2013-05-17,1,7,61
2013-05-18,1,7,58
2013-05-19,1,7,62
2013-05-20,1,7,48
2013-05-21,1,7,41
2013-05-22,1,7,46
2013-05-23,1,7,48
2013-05-24,1,7,57
2013-05-25,1,7,59
2013-05-26,1,7,68
2013-05-27,1,7,34
2013-05-28,1,7,56
2013-05-29,1,7,49
2013-05-30,1,7,49
2013-05-31,1,7,53
2013-06-01,1,7,64
2013-06-02,1,7,52
2013-06-03,1,7,39
2013-06-04,1,7,47
2013-06-05,1,7,37
2013-06-06,1,7,62
2013-06-07,1,7,40
2013-06-08,1,7,62
2013-06-09,1,7,68
2013-06-10,1,7,53
2013-06-11,1,7,47
2013-06-12,1,7,49
2013-06-13,1,7,41
2013-06-14,1,7,60
2013-06-15,1,7,61
2013-06-16,1,7,58
2013-06-17,1,7,34
2013-06-18,1,7,53
2013-06-19,1,7,52
2013-06-20,1,7,47
2013-06-21,1,7,58
2013-06-22,1,7,58
2013-06-23,1,7,79
2013-06-24,1,7,33
2013-06-25,1,7,44
2013-06-26,1,7,40
2013-06-27,1,7,52
2013-06-28,1,7,62
2013-06-29,1,7,56
2013-06-30,1,7,65
2013-07-01,1,7,40
2013-07-02,1,7,53
2013-07-03,1,7,44
2013-07-04,1,7,58
2013-07-05,1,7,56
2013-07-06,1,7,58
2013-07-07,1,7,73
2013-07-08,1,7,49
2013-07-09,1,7,55
2013-07-10,1,7,52
2013-07-11,1,7,59
2013-07-12,1,7,66
2013-07-13,1,7,53
2013-07-14,1,7,63
2013-07-15,1,7,36
2013-07-16,1,7,71
2013-07-17,1,7,44
2013-07-18,1,7,64
2013-07-19,1,7,58
2013-07-20,1,7,55
2013-07-21,1,7,64
2013-07-22,1,7,45
2013-07-23,1,7,43
2013-07-24,1,7,55
2013-07-25,1,7,64
2013-07-26,1,7,51
2013-07-27,1,7,54
2013-07-28,1,7,69
2013-07-29,1,7,37
2013-07-30,1,7,53
2013-07-31,1,7,67
2013-08-01,1,7,54
2013-08-02,1,7,69
2013-08-03,1,7,62
2013-08-04,1,7,60
2013-08-05,1,7,38
2013-08-06,1,7,48
2013-08-07,1,7,46
2013-08-08,1,7,51
2013-08-09,1,7,56
2013-08-10,1,7,43
2013-08-11,1,7,59
2013-08-12,1,7,39
2013-08-13,1,7,52
2013-08-14,1,7,47
2013-08-15,1,7,52
2013-08-16,1,7,46
2013-08-17,1,7,63
2013-08-18,1,7,54
2013-08-19,1,7,38
2013-08-20,1,7,47
2013-08-21,1,7,55
2013-08-22,1,7,45
2013-08-23,1,7,53
2013-08-24,1,7,59
2013-08-25,1,7,56
2013-08-26,1,7,48
2013-08-27,1,7,46
2013-08-28,1,7,37
2013-08-29,1,7,50
2013-08-30,1,7,46
2013-08-31,1,7,43
2013-09-01,1,7,70
2013-09-02,1,7,47
2013-09-03,1,7,30
2013-09-04,1,7,39
2013-09-05,1,7,45
2013-09-06,1,7,48
2013-09-07,1,7,48
2013-09-08,1,7,56
2013-09-09,1,7,42
2013-09-10,1,7,39
2013-09-11,1,7,48
2013-09-12,1,7,38
2013-09-13,1,7,51
2013-09-14,1,7,56
2013-09-15,1,7,59
2013-09-16,1,7,33
2013-09-17,1,7,33
2013-09-18,1,7,38
2013-09-19,1,7,36
2013-09-20,1,7,40
2013-09-21,1,7,61
2013-09-22,1,7,65
2013-09-23,1,7,44
2013-09-24,1,7,46
2013-09-25,1,7,48
2013-09-26,1,7,46
2013-09-27,1,7,48
2013-09-28,1,7,58
2013-09-29,1,7,61
2013-09-30,1,7,43
2013-10-01,1,7,42
2013-10-02,1,7,43
2013-10-03,1,7,48
2013-10-04,1,7,55
2013-10-05,1,7,45
2013-10-06,1,7,70
2013-10-07,1,7,22
2013-10-08,1,7,34
2013-10-09,1,7,45
2013-10-10,1,7,47
2013-10-11,1,7,55
2013-10-12,1,7,51
2013-10-13,1,7,61
2013-10-14,1,7,42
2013-10-15,1,7,30
2013-10-16,1,7,30
2013-10-17,1,7,48
2013-10-18,1,7,54
2013-10-19,1,7,56
2013-10-20,1,7,49
2013-10-21,1,7,30
2013-10-22,1,7,50
2013-10-23,1,7,41
2013-10-24,1,7,41
2013-10-25,1,7,48
2013-10-26,1,7,53
2013-10-27,1,7,53
2013-10-28,1,7,41
2013-10-29,1,7,29
2013-10-30,1,7,45
2013-10-31,1,7,43
2013-11-01,1,7,57
2013-11-02,1,7,60
2013-11-03,1,7,57
2013-11-04,1,7,39
2013-11-05,1,7,42
2013-11-06,1,7,54
2013-11-07,1,7,55
2013-11-08,1,7,51
2013-11-09,1,7,49
2013-11-10,1,7,63
2013-11-11,1,7,27
2013-11-12,1,7,36
2013-11-13,1,7,50
2013-11-14,1,7,58
2013-11-15,1,7,52
2013-11-16,1,7,47
2013-11-17,1,7,57
2013-11-18,1,7,29
2013-11-19,1,7,38
2013-11-20,1,7,44
2013-11-21,1,7,50
2013-11-22,1,7,51
2013-11-23,1,7,54
2013-11-24,1,7,42
2013-11-25,1,7,23
2013-11-26,1,7,45
2013-11-27,1,7,41
2013-11-28,1,7,40
2013-11-29,1,7,55
2013-11-30,1,7,56
2013-12-01,1,7,38
2013-12-02,1,7,25
2013-12-03,1,7,27
2013-12-04,1,7,40
2013-12-05,1,7,40
2013-12-06,1,7,39
2013-12-07,1,7,42
2013-12-08,1,7,40
2013-12-09,1,7,23
2013-12-10,1,7,41
2013-12-11,1,7,24
2013-12-12,1,7,30
2013-12-13,1,7,49
2013-12-14,1,7,33
2013-12-15,1,7,39
2013-12-16,1,7,23
2013-12-17,1,7,32
2013-12-18,1,7,22
2013-12-19,1,7,36
2013-12-20,1,7,37
2013-12-21,1,7,38
2013-12-22,1,7,47
2013-12-23,1,7,14
2013-12-24,1,7,34
2013-12-25,1,7,35
2013-12-26,1,7,28
2013-12-27,1,7,30
2013-12-28,1,7,31
2013-12-29,1,7,43
2013-12-30,1,7,20
2013-12-31,1,7,35
2014-01-01,1,7,37
2014-01-02,1,7,39
2014-01-03,1,7,39
2014-01-04,1,7,43
2014-01-05,1,7,53
2014-01-06,1,7,25
2014-01-07,1,7,35
2014-01-08,1,7,34
2014-01-09,1,7,26
2014-01-10,1,7,39
2014-01-11,1,7,41
2014-01-12,1,7,48
2014-01-13,1,7,24
2014-01-14,1,7,34
2014-01-15,1,7,28
2014-01-16,1,7,29
2014-01-17,1,7,40
2014-01-18,1,7,39
2014-01-19,1,7,36
2014-01-20,1,7,39
2014-01-21,1,7,34
2014-01-22,1,7,27
2014-01-23,1,7,35
2014-01-24,1,7,35
2014-01-25,1,7,31
2014-01-26,1,7,41
2014-01-27,1,7,24
2014-01-28,1,7,24
2014-01-29,1,7,28
2014-01-30,1,7,36
2014-01-31,1,7,33
2014-02-01,1,7,50
2014-02-02,1,7,41
2014-02-03,1,7,24
2014-02-04,1,7,29
2014-02-05,1,7,40
2014-02-06,1,7,38
2014-02-07,1,7,32
2014-02-08,1,7,52
2014-02-09,1,7,52
2014-02-10,1,7,27
2014-02-11,1,7,43
2014-02-12,1,7,21
2014-02-13,1,7,48
2014-02-14,1,7,40
2014-02-15,1,7,44
2014-02-16,1,7,29
2014-02-17,1,7,21
2014-02-18,1,7,28
2014-02-19,1,7,35
2014-02-20,1,7,37
2014-02-21,1,7,34
2014-02-22,1,7,38
2014-02-23,1,7,38
2014-02-24,1,7,27
2014-02-25,1,7,26
2014-02-26,1,7,27
2014-02-27,1,7,43
2014-02-28,1,7,40
2014-03-01,1,7,54
2014-03-02,1,7,63
2014-03-03,1,7,33
2014-03-04,1,7,53
2014-03-05,1,7,44
2014-03-06,1,7,41
2014-03-07,1,7,46
2014-03-08,1,7,43
2014-03-09,1,7,53
2014-03-10,1,7,25
2014-03-11,1,7,43
2014-03-12,1,7,40
2014-03-13,1,7,42
2014-03-14,1,7,51
2014-03-15,1,7,42
2014-03-16,1,7,50
2014-03-17,1,7,25
2014-03-18,1,7,39
2014-03-19,1,7,40
2014-03-20,1,7,57
2014-03-21,1,7,51
2014-03-22,1,7,58
2014-03-23,1,7,39
2014-03-24,1,7,37
2014-03-25,1,7,38
2014-03-26,1,7,38
2014-03-27,1,7,39
2014-03-28,1,7,49
2014-03-29,1,7,50
2014-03-30,1,7,44
2014-03-31,1,7,36
2014-04-01,1,7,42
2014-04-02,1,7,52
2014-04-03,1,7,66
2014-04-04,1,7,47
2014-04-05,1,7,76
2014-04-06,1,7,70
2014-04-07,1,7,38
2014-04-08,1,7,35
2014-04-09,1,7,47
2014-04-10,1,7,61
2014-04-11,1,7,56
2014-04-12,1,7,67
2014-04-13,1,7,67
2014-04-14,1,7,45
2014-04-15,1,7,38
2014-04-16,1,7,50
2014-04-17,1,7,48
2014-04-18,1,7,47
2014-04-19,1,7,65
2014-04-20,1,7,63
2014-04-21,1,7,40
2014-04-22,1,7,52
2014-04-23,1,7,47
2014-04-24,1,7,60
2014-04-25,1,7,63
2014-04-26,1,7,50
2014-04-27,1,7,58
2014-04-28,1,7,26
2014-04-29,1,7,59
2014-04-30,1,7,53
2014-05-01,1,7,70
2014-05-02,1,7,54
2014-05-03,1,7,77
2014-05-04,1,7,61
2014-05-05,1,7,30
2014-05-06,1,7,56
2014-05-07,1,7,49
2014-05-08,1,7,48
2014-05-09,1,7,58
2014-05-10,1,7,67
2014-05-11,1,7,66
2014-05-12,1,7,43
2014-05-13,1,7,53
2014-05-14,1,7,48
2014-05-15,1,7,60
2014-05-16,1,7,66
2014-05-17,1,7,71
2014-05-18,1,7,71
2014-05-19,1,7,40
2014-05-20,1,7,66
2014-05-21,1,7,48
2014-05-22,1,7,66
2014-05-23,1,7,51
2014-05-24,1,7,57
2014-05-25,1,7,58
2014-05-26,1,7,50
2014-05-27,1,7,48
2014-05-28,1,7,43
2014-05-29,1,7,63
2014-05-30,1,7,67
2014-05-31,1,7,88
2014-06-01,1,7,77
2014-06-02,1,7,42
2014-06-03,1,7,55
2014-06-04,1,7,54
2014-06-05,1,7,64
2014-06-06,1,7,71
2014-06-07,1,7,73
2014-06-08,1,7,67
2014-06-09,1,7,48
2014-06-10,1,7,57
2014-06-11,1,7,56
2014-06-12,1,7,65
2014-06-13,1,7,72
2014-06-14,1,7,59
2014-06-15,1,7,75
2014-06-16,1,7,44
2014-06-17,1,7,46
2014-06-18,1,7,66
2014-06-19,1,7,68
2014-06-20,1,7,55
2014-06-21,1,7,71
2014-06-22,1,7,80
2014-06-23,1,7,44
2014-06-24,1,7,51
2014-06-25,1,7,47
2014-06-26,1,7,65
2014-06-27,1,7,64
2014-06-28,1,7,69
2014-06-29,1,7,66
2014-06-30,1,7,48
2014-07-01,1,7,55
2014-07-02,1,7,50
2014-07-03,1,7,53
2014-07-04,1,7,68
2014-07-05,1,7,74
2014-07-06,1,7,72
2014-07-07,1,7,51
2014-07-08,1,7,52
2014-07-09,1,7,57
2014-07-10,1,7,62
2014-07-11,1,7,63
2014-07-12,1,7,76
2014-07-13,1,7,71
2014-07-14,1,7,47
2014-07-15,1,7,51
2014-07-16,1,7,62
2014-07-17,1,7,79
2014-07-18,1,7,74
2014-07-19,1,7,84
2014-07-20,1,7,74
2014-07-21,1,7,49
2014-07-22,1,7,58
2014-07-23,1,7,55
2014-07-24,1,7,72
2014-07-25,1,7,67
2014-07-26,1,7,82
2014-07-27,1,7,84
2014-07-28,1,7,58
2014-07-29,1,7,55
2014-07-30,1,7,59
2014-07-31,1,7,62
2014-08-01,1,7,47
2014-08-02,1,7,54
2014-08-03,1,7,68
2014-08-04,1,7,55
2014-08-05,1,7,54
2014-08-06,1,7,49
2014-08-07,1,7,62
2014-08-08,1,7,63
2014-08-09,1,7,81
2014-08-10,1,7,69
2014-08-11,1,7,41
2014-08-12,1,7,51
2014-08-13,1,7,50
2014-08-14,1,7,60
2014-08-15,1,7,81
2014-08-16,1,7,63
2014-08-17,1,7,74
2014-08-18,1,7,42
2014-08-19,1,7,59
2014-08-20,1,7,50
2014-08-21,1,7,56
2014-08-22,1,7,72
2014-08-23,1,7,55
2014-08-24,1,7,69
2014-08-25,1,7,38
2014-08-26,1,7,56
2014-08-27,1,7,52
2014-08-28,1,7,49
2014-08-29,1,7,60
2014-08-30,1,7,75
2014-08-31,1,7,69
2014-09-01,1,7,38
2014-09-02,1,7,46
2014-09-03,1,7,45
2014-09-04,1,7,66
2014-09-05,1,7,68
2014-09-06,1,7,72
2014-09-07,1,7,73
2014-09-08,1,7,44
2014-09-09,1,7,37
2014-09-10,1,7,53
2014-09-11,1,7,60
2014-09-12,1,7,59
2014-09-13,1,7,55
2014-09-14,1,7,66
2014-09-15,1,7,32
2014-09-16,1,7,51
2014-09-17,1,7,51
2014-09-18,1,7,54
2014-09-19,1,7,58
2014-09-20,1,7,54
2014-09-21,1,7,73
2014-09-22,1,7,39
2014-09-23,1,7,54
2014-09-24,1,7,45
2014-09-25,1,7,52
2014-09-26,1,7,58
2014-09-27,1,7,45
2014-09-28,1,7,55
2014-09-29,1,7,41
2014-09-30,1,7,48
2014-10-01,1,7,46
2014-10-02,1,7,54
2014-10-03,1,7,41
2014-10-04,1,7,67
2014-10-05,1,7,61
2014-10-06,1,7,42
2014-10-07,1,7,48
2014-10-08,1,7,39
2014-10-09,1,7,42
2014-10-10,1,7,50
2014-10-11,1,7,66
2014-10-12,1,7,59
2014-10-13,1,7,30
2014-10-14,1,7,40
2014-10-15,1,7,36
2014-10-16,1,7,46
2014-10-17,1,7,46
2014-10-18,1,7,54
2014-10-19,1,7,52
2014-10-20,1,7,39
2014-10-21,1,7,47
2014-10-22,1,7,50
2014-10-23,1,7,56
2014-10-24,1,7,55
2014-10-25,1,7,59
2014-10-26,1,7,70
2014-10-27,1,7,44
2014-10-28,1,7,41
2014-10-29,1,7,29
2014-10-30,1,7,53
2014-10-31,1,7,44
2014-11-01,1,7,53
2014-11-02,1,7,54
2014-11-03,1,7,30
2014-11-04,1,7,50
2014-11-05,1,7,49
2014-11-06,1,7,64
2014-11-07,1,7,52
2014-11-08,1,7,58
2014-11-09,1,7,58
2014-11-10,1,7,45
2014-11-11,1,7,38
2014-11-12,1,7,45
2014-11-13,1,7,57
2014-11-14,1,7,51
2014-11-15,1,7,59
2014-11-16,1,7,65
2014-11-17,1,7,53
2014-11-18,1,7,46
2014-11-19,1,7,55
2014-11-20,1,7,63
2014-11-21,1,7,57
2014-11-22,1,7,56
2014-11-23,1,7,51
2014-11-24,1,7,42
2014-11-25,1,7,47
2014-11-26,1,7,50
2014-11-27,1,7,49
2014-11-28,1,7,66
2014-11-29,1,7,63
2014-11-30,1,7,55
2014-12-01,1,7,30
2014-12-02,1,7,44
2014-12-03,1,7,30
2014-12-04,1,7,32
2014-12-05,1,7,43
2014-12-06,1,7,36
2014-12-07,1,7,39
2014-12-08,1,7,24
2014-12-09,1,7,47
2014-12-10,1,7,27
2014-12-11,1,7,40
2014-12-12,1,7,26
2014-12-13,1,7,34
2014-12-14,1,7,48
2014-12-15,1,7,28
2014-12-16,1,7,31
2014-12-17,1,7,38
2014-12-18,1,7,30
2014-12-19,1,7,53
2014-12-20,1,7,42
2014-12-21,1,7,39
2014-12-22,1,7,28
2014-12-23,1,7,51
2014-12-24,1,7,34
2014-12-25,1,7,37
2014-12-26,1,7,45
2014-12-27,1,7,31
2014-12-28,1,7,44
2014-12-29,1,7,26
2014-12-30,1,7,36
2014-12-31,1,7,28
2015-01-01,1,7,37
2015-01-02,1,7,38
2015-01-03,1,7,47
2015-01-04,1,7,48
2015-01-05,1,7,23
2015-01-06,1,7,30
2015-01-07,1,7,29
2015-01-08,1,7,23
2015-01-09,1,7,35
2015-01-10,1,7,44
2015-01-11,1,7,42
2015-01-12,1,7,35
2015-01-13,1,7,31
2015-01-14,1,7,22
2015-01-15,1,7,29
2015-01-16,1,7,31
2015-01-17,1,7,50
2015-01-18,1,7,34
2015-01-19,1,7,33
2015-01-20,1,7,40
2015-01-21,1,7,25
2015-01-22,1,7,45
2015-01-23,1,7,38
2015-01-24,1,7,41
2015-01-25,1,7,52
2015-01-26,1,7,28
2015-01-27,1,7,28
2015-01-28,1,7,34
2015-01-29,1,7,35
2015-01-30,1,7,27
2015-01-31,1,7,32
2015-02-01,1,7,37
2015-02-02,1,7,28
2015-02-03,1,7,37
2015-02-04,1,7,41
2015-02-05,1,7,41
2015-02-06,1,7,38
2015-02-07,1,7,41
2015-02-08,1,7,55
2015-02-09,1,7,42
2015-02-10,1,7,44
2015-02-11,1,7,38
2015-02-12,1,7,30
2015-02-13,1,7,43
2015-02-14,1,7,44
2015-02-15,1,7,54
2015-02-16,1,7,19
2015-02-17,1,7,35
2015-02-18,1,7,39
2015-02-19,1,7,34
2015-02-20,1,7,35
2015-02-21,1,7,46
2015-02-22,1,7,42
2015-02-23,1,7,38
2015-02-24,1,7,29
2015-02-25,1,7,39
2015-02-26,1,7,48
2015-02-27,1,7,53
2015-02-28,1,7,41
2015-03-01,1,7,65
2015-03-02,1,7,37
2015-03-03,1,7,36
2015-03-04,1,7,48
2015-03-05,1,7,46
2015-03-06,1,7,49
2015-03-07,1,7,46
2015-03-08,1,7,69
2015-03-09,1,7,43
2015-03-10,1,7,42
2015-03-11,1,7,36
2015-03-12,1,7,56
2015-03-13,1,7,45
2015-03-14,1,7,63
2015-03-15,1,7,60
2015-03-16,1,7,42
2015-03-17,1,7,40
2015-03-18,1,7,38
2015-03-19,1,7,42
2015-03-20,1,7,51
2015-03-21,1,7,58
2015-03-22,1,7,56
2015-03-23,1,7,37
2015-03-24,1,7,42
2015-03-25,1,7,40
2015-03-26,1,7,42
2015-03-27,1,7,50
2015-03-28,1,7,42
2015-03-29,1,7,67
2015-03-30,1,7,22
2015-03-31,1,7,42
2015-04-01,1,7,47
2015-04-02,1,7,55
2015-04-03,1,7,58
2015-04-04,1,7,62
2015-04-05,1,7,77
2015-04-06,1,7,41
2015-04-07,1,7,61
2015-04-08,1,7,62
2015-04-09,1,7,61
2015-04-10,1,7,68
2015-04-11,1,7,66
2015-04-12,1,7,68
2015-04-13,1,7,42
2015-04-14,1,7,59
2015-04-15,1,7,60
2015-04-16,1,7,69
2015-04-17,1,7,53
2015-04-18,1,7,68
2015-04-19,1,7,71
2015-04-20,1,7,51
2015-04-21,1,7,34
2015-04-22,1,7,55
2015-04-23,1,7,51
2015-04-24,1,7,50
2015-04-25,1,7,61
2015-04-26,1,7,74
2015-04-27,1,7,48
2015-04-28,1,7,52
2015-04-29,1,7,50
2015-04-30,1,7,52
2015-05-01,1,7,57
2015-05-02,1,7,70
2015-05-03,1,7,73
2015-05-04,1,7,48
2015-05-05,1,7,57
2015-05-06,1,7,53
2015-05-07,1,7,48
2015-05-08,1,7,69
2015-05-09,1,7,64
2015-05-10,1,7,70
2015-05-11,1,7,49
2015-05-12,1,7,63
2015-05-13,1,7,49
2015-05-14,1,7,56
2015-05-15,1,7,67
2015-05-16,1,7,79
2015-05-17,1,7,63
2015-05-18,1,7,67
2015-05-19,1,7,47
2015-05-20,1,7,54
2015-05-21,1,7,67
2015-05-22,1,7,55
2015-05-23,1,7,70
2015-05-24,1,7,78
2015-05-25,1,7,46
2015-05-26,1,7,52
2015-05-27,1,7,68
2015-05-28,1,7,66
2015-05-29,1,7,54
2015-05-30,1,7,85
2015-05-31,1,7,86
2015-06-01,1,7,48
2015-06-02,1,7,59
2015-06-03,1,7,55
2015-06-04,1,7,69
2015-06-05,1,7,65
2015-06-06,1,7,72
2015-06-07,1,7,64
2015-06-08,1,7,56
2015-06-09,1,7,67
2015-06-10,1,7,54
2015-06-11,1,7,62
2015-06-12,1,7,71
2015-06-13,1,7,85
2015-06-14,1,7,74
2015-06-15,1,7,47
2015-06-16,1,7,67
2015-06-17,1,7,47
2015-06-18,1,7,73
2015-06-19,1,7,65
2015-06-20,1,7,69
2015-06-21,1,7,84
2015-06-22,1,7,47
2015-06-23,1,7,52
2015-06-24,1,7,60
2015-06-25,1,7,79
2015-06-26,1,7,68
2015-06-27,1,7,80
2015-06-28,1,7,85
2015-06-29,1,7,55
2015-06-30,1,7,59
2015-07-01,1,7,61
2015-07-02,1,7,59
2015-07-03,1,7,75
2015-07-04,1,7,98
2015-07-05,1,7,75
2015-07-06,1,7,60
2015-07-07,1,7,69
2015-07-08,1,7,49
2015-07-09,1,7,59
2015-07-10,1,7,72
2015-07-11,1,7,62
2015-07-12,1,7,83
2015-07-13,1,7,54
2015-07-14,1,7,69
2015-07-15,1,7,53
2015-07-16,1,7,68
2015-07-17,1,7,71
2015-07-18,1,7,100
2015-07-19,1,7,81
2015-07-20,1,7,52
2015-07-21,1,7,75
2015-07-22,1,7,59
2015-07-23,1,7,72
2015-07-24,1,7,77
2015-07-25,1,7,74
2015-07-26,1,7,85
2015-07-27,1,7,52
2015-07-28,1,7,69
2015-07-29,1,7,61
2015-07-30,1,7,63
2015-07-31,1,7,75
2015-08-01,1,7,67
2015-08-02,1,7,72
2015-08-03,1,7,63
2015-08-04,1,7,48
2015-08-05,1,7,57
2015-08-06,1,7,68
2015-08-07,1,7,60
2015-08-08,1,7,67
2015-08-09,1,7,64
2015-08-10,1,7,43
2015-08-11,1,7,58
2015-08-12,1,7,57
2015-08-13,1,7,39
2015-08-14,1,7,54
2015-08-15,1,7,59
2015-08-16,1,7,76
2015-08-17,1,7,54
2015-08-18,1,7,62
2015-08-19,1,7,66
2015-08-20,1,7,60
2015-08-21,1,7,61
2015-08-22,1,7,69
2015-08-23,1,7,68
2015-08-24,1,7,37
2015-08-25,1,7,74
2015-08-26,1,7,52
2015-08-27,1,7,64
2015-08-28,1,7,58
2015-08-29,1,7,84
2015-08-30,1,7,78
2015-08-31,1,7,42
2015-09-01,1,7,48
2015-09-02,1,7,49
2015-09-03,1,7,48
2015-09-04,1,7,54
2015-09-05,1,7,60
2015-09-06,1,7,51
2015-09-07,1,7,36
2015-09-08,1,7,51
2015-09-09,1,7,40
2015-09-10,1,7,49
2015-09-11,1,7,60
2015-09-12,1,7,67
2015-09-13,1,7,61
2015-09-14,1,7,36
2015-09-15,1,7,44
2015-09-16,1,7,56
2015-09-17,1,7,56
2015-09-18,1,7,70
2015-09-19,1,7,64
2015-09-20,1,7,54
2015-09-21,1,7,32
2015-09-22,1,7,60
2015-09-23,1,7,40
2015-09-24,1,7,63
2015-09-25,1,7,57
2015-09-26,1,7,77
2015-09-27,1,7,53
2015-09-28,1,7,45
2015-09-29,1,7,55
2015-09-30,1,7,54
2015-10-01,1,7,61
2015-10-02,1,7,55
2015-10-03,1,7,60
2015-10-04,1,7,64
2015-10-05,1,7,38
2015-10-06,1,7,40
2015-10-07,1,7,40
2015-10-08,1,7,59
2015-10-09,1,7,68
2015-10-10,1,7,59
2015-10-11,1,7,64
2015-10-12,1,7,45
2015-10-13,1,7,60
2015-10-14,1,7,56
2015-10-15,1,7,62
2015-10-16,1,7,50
2015-10-17,1,7,61
2015-10-18,1,7,77
2015-10-19,1,7,51
2015-10-20,1,7,38
2015-10-21,1,7,38
2015-10-22,1,7,40
2015-10-23,1,7,55
2015-10-24,1,7,60
2015-10-25,1,7,76
2015-10-26,1,7,35
2015-10-27,1,7,40
2015-10-28,1,7,50
2015-10-29,1,7,47
2015-10-30,1,7,61
2015-10-31,1,7,55
2015-11-01,1,7,67
2015-11-02,1,7,41
2015-11-03,1,7,42
2015-11-04,1,7,49
2015-11-05,1,7,56
2015-11-06,1,7,73
2015-11-07,1,7,47
2015-11-08,1,7,57
2015-11-09,1,7,38
2015-11-10,1,7,44
2015-11-11,1,7,63
2015-11-12,1,7,47
2015-11-13,1,7,56
2015-11-14,1,7,56
2015-11-15,1,7,72
2015-11-16,1,7,58
2015-11-17,1,7,58
2015-11-18,1,7,55
2015-11-19,1,7,67
2015-11-20,1,7,67
2015-11-21,1,7,79
2015-11-22,1,7,57
2015-11-23,1,7,43
2015-11-24,1,7,45
2015-11-25,1,7,45
2015-11-26,1,7,50
2015-11-27,1,7,59
2015-11-28,1,7,62
2015-11-29,1,7,69
2015-11-30,1,7,43
2015-12-01,1,7,40
2015-12-02,1,7,38
2015-12-03,1,7,37
2015-12-04,1,7,49
2015-12-05,1,7,49
2015-12-06,1,7,44
2015-12-07,1,7,28
2015-12-08,1,7,28
2015-12-09,1,7,43
2015-12-10,1,7,41
2015-12-11,1,7,44
2015-12-12,1,7,50
2015-12-13,1,7,38
2015-12-14,1,7,28
2015-12-15,1,7,38
2015-12-16,1,7,47
2015-12-17,1,7,30
2015-12-18,1,7,46
2015-12-19,1,7,44
2015-12-20,1,7,40
2015-12-21,1,7,24
2015-12-22,1,7,41
2015-12-23,1,7,26
2015-12-24,1,7,48
2015-12-25,1,7,41
2015-12-26,1,7,45
2015-12-27,1,7,43
2015-12-28,1,7,27
2015-12-29,1,7,47
2015-12-30,1,7,37
2015-12-31,1,7,50
2016-01-01,1,7,30
2016-01-02,1,7,44
2016-01-03,1,7,32
2016-01-04,1,7,19
2016-01-05,1,7,27
2016-01-06,1,7,36
2016-01-07,1,7,27
2016-01-08,1,7,40
2016-01-09,1,7,26
2016-01-10,1,7,48
2016-01-11,1,7,38
2016-01-12,1,7,24
2016-01-13,1,7,39
2016-01-14,1,7,31
2016-01-15,1,7,45
2016-01-16,1,7,47
2016-01-17,1,7,42
2016-01-18,1,7,21
2016-01-19,1,7,41
2016-01-20,1,7,44
2016-01-21,1,7,42
2016-01-22,1,7,44
2016-01-23,1,7,40
2016-01-24,1,7,48
2016-01-25,1,7,28
2016-01-26,1,7,41
2016-01-27,1,7,41
2016-01-28,1,7,29
2016-01-29,1,7,49
2016-01-30,1,7,56
2016-01-31,1,7,48
2016-02-01,1,7,36
2016-02-02,1,7,39
2016-02-03,1,7,43
2016-02-04,1,7,42
2016-02-05,1,7,39
2016-02-06,1,7,56
2016-02-07,1,7,46
2016-02-08,1,7,26
2016-02-09,1,7,43
2016-02-10,1,7,45
2016-02-11,1,7,42
2016-02-12,1,7,43
2016-02-13,1,7,47
2016-02-14,1,7,45
2016-02-15,1,7,49
2016-02-16,1,7,37
2016-02-17,1,7,39
2016-02-18,1,7,42
2016-02-19,1,7,38
2016-02-20,1,7,57
2016-02-21,1,7,40
2016-02-22,1,7,35
2016-02-23,1,7,26
2016-02-24,1,7,40
2016-02-25,1,7,44
2016-02-26,1,7,49
2016-02-27,1,7,51
2016-02-28,1,7,52
2016-02-29,1,7,37
2016-03-01,1,7,44
2016-03-02,1,7,51
2016-03-03,1,7,48
2016-03-04,1,7,74
2016-03-05,1,7,54
2016-03-06,1,7,71
2016-03-07,1,7,34
2016-03-08,1,7,48
2016-03-09,1,7,51
2016-03-10,1,7,48
2016-03-11,1,7,63
2016-03-12,1,7,64
2016-03-13,1,7,64
2016-03-14,1,7,47
2016-03-15,1,7,43
2016-03-16,1,7,43
2016-03-17,1,7,54
2016-03-18,1,7,59
2016-03-19,1,7,54
2016-03-20,1,7,64
2016-03-21,1,7,52
2016-03-22,1,7,46
2016-03-23,1,7,49
2016-03-24,1,7,55
2016-03-25,1,7,72
2016-03-26,1,7,49
2016-03-27,1,7,53
2016-03-28,1,7,45
2016-03-29,1,7,57
2016-03-30,1,7,51
2016-03-31,1,7,55
2016-04-01,1,7,66
2016-04-02,1,7,78
2016-04-03,1,7,75
2016-04-04,1,7,47
2016-04-05,1,7,75
2016-04-06,1,7,55
2016-04-07,1,7,73
2016-04-08,1,7,59
2016-04-09,1,7,56
2016-04-10,1,7,78
2016-04-11,1,7,46
2016-04-12,1,7,63
2016-04-13,1,7,47
2016-04-14,1,7,62
2016-04-15,1,7,66
2016-04-16,1,7,62
2016-04-17,1,7,70
2016-04-18,1,7,51
2016-04-19,1,7,63
2016-04-20,1,7,57
2016-04-21,1,7,61
2016-04-22,1,7,57
2016-04-23,1,7,65
2016-04-24,1,7,77
2016-04-25,1,7,52
2016-04-26,1,7,57
2016-04-27,1,7,50
2016-04-28,1,7,63
2016-04-29,1,7,79
2016-04-30,1,7,73
2016-05-01,1,7,75
2016-05-02,1,7,47
2016-05-03,1,7,44
2016-05-04,1,7,71
2016-05-05,1,7,76
2016-05-06,1,7,58
2016-05-07,1,7,76
2016-05-08,1,7,73
2016-05-09,1,7,64
2016-05-10,1,7,62
2016-05-11,1,7,59
2016-05-12,1,7,49
2016-05-13,1,7,66
2016-05-14,1,7,98
2016-05-15,1,7,78
2016-05-16,1,7,52
2016-05-17,1,7,59
2016-05-18,1,7,63
2016-05-19,1,7,65
2016-05-20,1,7,74
2016-05-21,1,7,53
2016-05-22,1,7,69
2016-05-23,1,7,53
2016-05-24,1,7,63
2016-05-25,1,7,64
2016-05-26,1,7,67
2016-05-27,1,7,58
2016-05-28,1,7,65
2016-05-29,1,7,72
2016-05-30,1,7,51
2016-05-31,1,7,54
2016-06-01,1,7,71
2016-06-02,1,7,77
2016-06-03,1,7,55
2016-06-04,1,7,67
2016-06-05,1,7,93
2016-06-06,1,7,63
2016-06-07,1,7,73
2016-06-08,1,7,52
2016-06-09,1,7,75
2016-06-10,1,7,63
2016-06-11,1,7,81
2016-06-12,1,7,85
2016-06-13,1,7,61
2016-06-14,1,7,53
2016-06-15,1,7,53
2016-06-16,1,7,67
2016-06-17,1,7,82
2016-06-18,1,7,83
2016-06-19,1,7,77
2016-06-20,1,7,43
2016-06-21,1,7,69
2016-06-22,1,7,62
2016-06-23,1,7,70
2016-06-24,1,7,78
2016-06-25,1,7,75
2016-06-26,1,7,73
2016-06-27,1,7,58
2016-06-28,1,7,79
2016-06-29,1,7,60
2016-06-30,1,7,69
2016-07-01,1,7,84
2016-07-02,1,7,95
2016-07-03,1,7,81
2016-07-04,1,7,48
2016-07-05,1,7,52
2016-07-06,1,7,73
2016-07-07,1,7,62
2016-07-08,1,7,77
2016-07-09,1,7,96
2016-07-10,1,7,95
2016-07-11,1,7,56
2016-07-12,1,7,54
2016-07-13,1,7,78
2016-07-14,1,7,68
2016-07-15,1,7,80
2016-07-16,1,7,85
2016-07-17,1,7,87
2016-07-18,1,7,63
2016-07-19,1,7,51
2016-07-20,1,7,68
2016-07-21,1,7,72
2016-07-22,1,7,75
2016-07-23,1,7,87
2016-07-24,1,7,115
2016-07-25,1,7,55
2016-07-26,1,7,82
2016-07-27,1,7,66
2016-07-28,1,7,65
2016-07-29,1,7,73
2016-07-30,1,7,78
2016-07-31,1,7,82
2016-08-01,1,7,44
2016-08-02,1,7,54
2016-08-03,1,7,66
2016-08-04,1,7,69
2016-08-05,1,7,67
2016-08-06,1,7,76
2016-08-07,1,7,59
2016-08-08,1,7,49
2016-08-09,1,7,54
2016-08-10,1,7,64
2016-08-11,1,7,59
2016-08-12,1,7,52
2016-08-13,1,7,84
2016-08-14,1,7,81
2016-08-15,1,7,56
2016-08-16,1,7,72
2016-08-17,1,7,55
2016-08-18,1,7,58
2016-08-19,1,7,64
2016-08-20,1,7,74
2016-08-21,1,7,72
2016-08-22,1,7,57
2016-08-23,1,7,62
2016-08-24,1,7,52
2016-08-25,1,7,68
2016-08-26,1,7,56
2016-08-27,1,7,79
2016-08-28,1,7,67
2016-08-29,1,7,50
2016-08-30,1,7,66
2016-08-31,1,7,58
2016-09-01,1,7,66
2016-09-02,1,7,77
2016-09-03,1,7,56
2016-09-04,1,7,67
2016-09-05,1,7,50
2016-09-06,1,7,48
2016-09-07,1,7,56
2016-09-08,1,7,60
2016-09-09,1,7,54
2016-09-10,1,7,53
2016-09-11,1,7,72
2016-09-12,1,7,46
2016-09-13,1,7,47
2016-09-14,1,7,59
2016-09-15,1,7,55
2016-09-16,1,7,57
2016-09-17,1,7,53
2016-09-18,1,7,69
2016-09-19,1,7,63
2016-09-20,1,7,61
2016-09-21,1,7,51
2016-09-22,1,7,65
2016-09-23,1,7,64
2016-09-24,1,7,73
2016-09-25,1,7,89
2016-09-26,1,7,45
2016-09-27,1,7,53
2016-09-28,1,7,53
2016-09-29,1,7,57
2016-09-30,1,7,59
2016-10-01,1,7,63
2016-10-02,1,7,61
2016-10-03,1,7,35
2016-10-04,1,7,54
2016-10-05,1,7,57
2016-10-06,1,7,62
2016-10-07,1,7,56
2016-10-08,1,7,79
2016-10-09,1,7,58
2016-10-10,1,7,54
2016-10-11,1,7,44
2016-10-12,1,7,61
2016-10-13,1,7,57
2016-10-14,1,7,62
2016-10-15,1,7,62
2016-10-16,1,7,60
2016-10-17,1,7,44
2016-10-18,1,7,61
2016-10-19,1,7,40
2016-10-20,1,7,61
2016-10-21,1,7,56
2016-10-22,1,7,61
2016-10-23,1,7,62
2016-10-24,1,7,49
2016-10-25,1,7,46
2016-10-26,1,7,63
2016-10-27,1,7,61
2016-10-28,1,7,51
2016-10-29,1,7,60
2016-10-30,1,7,77
2016-10-31,1,7,46
2016-11-01,1,7,74
2016-11-02,1,7,43
2016-11-03,1,7,43
2016-11-04,1,7,64
2016-11-05,1,7,54
2016-11-06,1,7,96
2016-11-07,1,7,52
2016-11-08,1,7,48
2016-11-09,1,7,49
2016-11-10,1,7,60
2016-11-11,1,7,60
2016-11-12,1,7,75
2016-11-13,1,7,70
2016-11-14,1,7,48
2016-11-15,1,7,43
2016-11-16,1,7,59
2016-11-17,1,7,71
2016-11-18,1,7,70
2016-11-19,1,7,68
2016-11-20,1,7,74
2016-11-21,1,7,45
2016-11-22,1,7,35
2016-11-23,1,7,53
2016-11-24,1,7,71
2016-11-25,1,7,57
2016-11-26,1,7,78
2016-11-27,1,7,60
2016-11-28,1,7,52
2016-11-29,1,7,54
2016-11-30,1,7,75
2016-12-01,1,7,31
2016-12-02,1,7,31
2016-12-03,1,7,44
2016-12-04,1,7,61
2016-12-05,1,7,31
2016-12-06,1,7,47
2016-12-07,1,7,38
2016-12-08,1,7,29
2016-12-09,1,7,36
2016-12-10,1,7,52
2016-12-11,1,7,54
2016-12-12,1,7,28
2016-12-13,1,7,52
2016-12-14,1,7,54
2016-12-15,1,7,49
2016-12-16,1,7,47
2016-12-17,1,7,32
2016-12-18,1,7,53
2016-12-19,1,7,30
2016-12-20,1,7,50
2016-12-21,1,7,36
2016-12-22,1,7,42
2016-12-23,1,7,42
2016-12-24,1,7,45
2016-12-25,1,7,39
2016-12-26,1,7,32
2016-12-27,1,7,48
2016-12-28,1,7,52
2016-12-29,1,7,34
2016-12-30,1,7,30
2016-12-31,1,7,49
2017-01-01,1,7,42
2017-01-02,1,7,36
2017-01-03,1,7,31
2017-01-04,1,7,42
2017-01-05,1,7,44
2017-01-06,1,7,35
2017-01-07,1,7,43
2017-01-08,1,7,43
2017-01-09,1,7,25
2017-01-10,1,7,32
2017-01-11,1,7,33
2017-01-12,1,7,26
2017-01-13,1,7,52
2017-01-14,1,7,48
2017-01-15,1,7,52
2017-01-16,1,7,26
2017-01-17,1,7,38
2017-01-18,1,7,37
2017-01-19,1,7,38
2017-01-20,1,7,29
2017-01-21,1,7,54
2017-01-22,1,7,43
2017-01-23,1,7,35
2017-01-24,1,7,47
2017-01-25,1,7,47
2017-01-26,1,7,40
2017-01-27,1,7,41
2017-01-28,1,7,42
2017-01-29,1,7,49
2017-01-30,1,7,38
2017-01-31,1,7,33
2017-02-01,1,7,52
2017-02-02,1,7,38
2017-02-03,1,7,48
2017-02-04,1,7,42
2017-02-05,1,7,60
2017-02-06,1,7,38
2017-02-07,1,7,40
2017-02-08,1,7,37
2017-02-09,1,7,46
2017-02-10,1,7,42
2017-02-11,1,7,42
2017-02-12,1,7,39
2017-02-13,1,7,34
2017-02-14,1,7,41
2017-02-15,1,7,56
2017-02-16,1,7,40
2017-02-17,1,7,51
2017-02-18,1,7,51
2017-02-19,1,7,59
2017-02-20,1,7,40
2017-02-21,1,7,38
2017-02-22,1,7,36
2017-02-23,1,7,44
2017-02-24,1,7,59
2017-02-25,1,7,43
2017-02-26,1,7,52
2017-02-27,1,7,30
2017-02-28,1,7,48
2017-03-01,1,7,56
2017-03-02,1,7,52
2017-03-03,1,7,60
2017-03-04,1,7,57
2017-03-05,1,7,58
2017-03-06,1,7,36
2017-03-07,1,7,39
2017-03-08,1,7,63
2017-03-09,1,7,53
2017-03-10,1,7,71
2017-03-11,1,7,66
2017-03-12,1,7,67
2017-03-13,1,7,35
2017-03-14,1,7,45
2017-03-15,1,7,36
2017-03-16,1,7,44
2017-03-17,1,7,55
2017-03-18,1,7,50
2017-03-19,1,7,68
2017-03-20,1,7,44
2017-03-21,1,7,57
2017-03-22,1,7,52
2017-03-23,1,7,48
2017-03-24,1,7,50
2017-03-25,1,7,68
2017-03-26,1,7,56
2017-03-27,1,7,38
2017-03-28,1,7,51
2017-03-29,1,7,52
2017-03-30,1,7,45
2017-03-31,1,7,58
2017-04-01,1,7,86
2017-04-02,1,7,71
2017-04-03,1,7,51
2017-04-04,1,7,54
2017-04-05,1,7,55
2017-04-06,1,7,61
2017-04-07,1,7,55
2017-04-08,1,7,86
2017-04-09,1,7,68
2017-04-10,1,7,48
2017-04-11,1,7,46
2017-04-12,1,7,63
2017-04-13,1,7,59
2017-04-14,1,7,66
2017-04-15,1,7,63
2017-04-16,1,7,68
2017-04-17,1,7,44
2017-04-18,1,7,48
2017-04-19,1,7,55
2017-04-20,1,7,71
2017-04-21,1,7,58
2017-04-22,1,7,71
2017-04-23,1,7,58
2017-04-24,1,7,60
2017-04-25,1,7,60
2017-04-26,1,7,55
2017-04-27,1,7,65
2017-04-28,1,7,66
2017-04-29,1,7,60
2017-04-30,1,7,81
2017-05-01,1,7,53
2017-05-02,1,7,71
2017-05-03,1,7,78
2017-05-04,1,7,58
2017-05-05,1,7,63
2017-05-06,1,7,60
2017-05-07,1,7,83
2017-05-08,1,7,58
2017-05-09,1,7,60
2017-05-10,1,7,56
2017-05-11,1,7,63
2017-05-12,1,7,69
2017-05-13,1,7,73
2017-05-14,1,7,76
2017-05-15,1,7,58
2017-05-16,1,7,59
2017-05-17,1,7,70
2017-05-18,1,7,64
2017-05-19,1,7,63
2017-05-20,1,7,72
2017-05-21,1,7,89
2017-05-22,1,7,48
2017-05-23,1,7,83
2017-05-24,1,7,52
2017-05-25,1,7,64
2017-05-26,1,7,74
2017-05-27,1,7,85
2017-05-28,1,7,71
2017-05-29,1,7,56
2017-05-30,1,7,56
2017-05-31,1,7,71
2017-06-01,1,7,87
2017-06-02,1,7,73
2017-06-03,1,7,85
2017-06-04,1,7,90
2017-06-05,1,7,59
2017-06-06,1,7,73
2017-06-07,1,7,76
2017-06-08,1,7,82
2017-06-09,1,7,79
2017-06-10,1,7,89
2017-06-11,1,7,74
2017-06-12,1,7,56
2017-06-13,1,7,73
2017-06-14,1,7,79
2017-06-15,1,7,73
2017-06-16,1,7,85
2017-06-17,1,7,98
2017-06-18,1,7,99
2017-06-19,1,7,58
2017-06-20,1,7,61
2017-06-21,1,7,55
2017-06-22,1,7,75
2017-06-23,1,7,79
2017-06-24,1,7,71
2017-06-25,1,7,92
2017-06-26,1,7,54
2017-06-27,1,7,58
2017-06-28,1,7,70
2017-06-29,1,7,55
2017-06-30,1,7,64
2017-07-01,1,7,88
2017-07-02,1,7,90
2017-07-03,1,7,59
2017-07-04,1,7,86
2017-07-05,1,7,54
2017-07-06,1,7,86
2017-07-07,1,7,88
2017-07-08,1,7,88
2017-07-09,1,7,96
2017-07-10,1,7,59
2017-07-11,1,7,71
2017-07-12,1,7,69
2017-07-13,1,7,83
2017-07-14,1,7,63
2017-07-15,1,7,79
2017-07-16,1,7,88
2017-07-17,1,7,67
2017-07-18,1,7,67
2017-07-19,1,7,76
2017-07-20,1,7,74
2017-07-21,1,7,87
2017-07-22,1,7,85
2017-07-23,1,7,81
2017-07-24,1,7,50
2017-07-25,1,7,81
2017-07-26,1,7,55
2017-07-27,1,7,76
2017-07-28,1,7,62
2017-07-29,1,7,86
2017-07-30,1,7,90
2017-07-31,1,7,70
2017-08-01,1,7,49
2017-08-02,1,7,74
2017-08-03,1,7,62
2017-08-04,1,7,75
2017-08-05,1,7,72
2017-08-06,1,7,77
2017-08-07,1,7,54
2017-08-08,1,7,66
2017-08-09,1,7,53
2017-08-10,1,7,65
2017-08-11,1,7,79
2017-08-12,1,7,66
2017-08-13,1,7,66
2017-08-14,1,7,65
2017-08-15,1,7,54
2017-08-16,1,7,49
2017-08-17,1,7,47
2017-08-18,1,7,77
2017-08-19,1,7,71
2017-08-20,1,7,96
2017-08-21,1,7,53
2017-08-22,1,7,67
2017-08-23,1,7,61
2017-08-24,1,7,66
2017-08-25,1,7,68
2017-08-26,1,7,88
2017-08-27,1,7,79
2017-08-28,1,7,44
2017-08-29,1,7,57
2017-08-30,1,7,56
2017-08-31,1,7,61
2017-09-01,1,7,68
2017-09-02,1,7,83
2017-09-03,1,7,68
2017-09-04,1,7,54
2017-09-05,1,7,58
2017-09-06,1,7,50
2017-09-07,1,7,58
2017-09-08,1,7,56
2017-09-09,1,7,60
2017-09-10,1,7,85
2017-09-11,1,7,54
2017-09-12,1,7,61
2017-09-13,1,7,64
2017-09-14,1,7,67
2017-09-15,1,7,69
2017-09-16,1,7,69
2017-09-17,1,7,78
2017-09-18,1,7,48
2017-09-19,1,7,60
2017-09-20,1,7,64
2017-09-21,1,7,61
2017-09-22,1,7,63
2017-09-23,1,7,70
2017-09-24,1,7,79
2017-09-25,1,7,49
2017-09-26,1,7,45
2017-09-27,1,7,44
2017-09-28,1,7,70
2017-09-29,1,7,68
2017-09-30,1,7,80
2017-10-01,1,7,70
2017-10-02,1,7,44
2017-10-03,1,7,51
2017-10-04,1,7,55
2017-10-05,1,7,47
2017-10-06,1,7,46
2017-10-07,1,7,72
2017-10-08,1,7,77
2017-10-09,1,7,40
2017-10-10,1,7,47
2017-10-11,1,7,52
2017-10-12,1,7,55
2017-10-13,1,7,51
2017-10-14,1,7,65
2017-10-15,1,7,63
2017-10-16,1,7,55
2017-10-17,1,7,68
2017-10-18,1,7,44
2017-10-19,1,7,62
2017-10-20,1,7,70
2017-10-21,1,7,70
2017-10-22,1,7,72
2017-10-23,1,7,57
2017-10-24,1,7,62
2017-10-25,1,7,50
2017-10-26,1,7,61
2017-10-27,1,7,63
2017-10-28,1,7,74
2017-10-29,1,7,78
2017-10-30,1,7,43
2017-10-31,1,7,59
2017-11-01,1,7,47
2017-11-02,1,7,52
2017-11-03,1,7,80
2017-11-04,1,7,58
2017-11-05,1,7,79
2017-11-06,1,7,54
2017-11-07,1,7,58
2017-11-08,1,7,66
2017-11-09,1,7,60
2017-11-10,1,7,56
2017-11-11,1,7,56
2017-11-12,1,7,62
2017-11-13,1,7,57
2017-11-14,1,7,64
2017-11-15,1,7,58
2017-11-16,1,7,69
2017-11-17,1,7,58
2017-11-18,1,7,62
2017-11-19,1,7,81
2017-11-20,1,7,41
2017-11-21,1,7,62
2017-11-22,1,7,71
2017-11-23,1,7,59
2017-11-24,1,7,68
2017-11-25,1,7,73
2017-11-26,1,7,81
2017-11-27,1,7,50
2017-11-28,1,7,53
2017-11-29,1,7,61
2017-11-30,1,7,61
2017-12-01,1,7,54
2017-12-02,1,7,40
2017-12-03,1,7,46
2017-12-04,1,7,41
2017-12-05,1,7,35
2017-12-06,1,7,43
2017-12-07,1,7,43
2017-12-08,1,7,55
2017-12-09,1,7,59
2017-12-10,1,7,50
2017-12-11,1,7,39
2017-12-12,1,7,34
2017-12-13,1,7,36
2017-12-14,1,7,51
2017-12-15,1,7,34
2017-12-16,1,7,47
2017-12-17,1,7,49
2017-12-18,1,7,27
2017-12-19,1,7,44
2017-12-20,1,7,37
2017-12-21,1,7,55
2017-12-22,1,7,39
2017-12-23,1,7,53
2017-12-24,1,7,45
2017-12-25,1,7,27
2017-12-26,1,7,51
2017-12-27,1,7,45
2017-12-28,1,7,36
2017-12-29,1,7,57
2017-12-30,1,7,60
2017-12-31,1,7,55
2013-01-01,1,8,33
2013-01-02,1,8,37
2013-01-03,1,8,38
2013-01-04,1,8,54
2013-01-05,1,8,51
2013-01-06,1,8,60
2013-01-07,1,8,28
2013-01-08,1,8,34
2013-01-09,1,8,40
2013-01-10,1,8,43
2013-01-11,1,8,37
2013-01-12,1,8,43
2013-01-13,1,8,43
2013-01-14,1,8,28
2013-01-15,1,8,40
2013-01-16,1,8,48
2013-01-17,1,8,38
2013-01-18,1,8,38
2013-01-19,1,8,37
2013-01-20,1,8,58
2013-01-21,1,8,30
2013-01-22,1,8,36
2013-01-23,1,8,41
2013-01-24,1,8,42
2013-01-25,1,8,41
2013-01-26,1,8,36
2013-01-27,1,8,41
2013-01-28,1,8,26
2013-01-29,1,8,43
2013-01-30,1,8,33
2013-01-31,1,8,36
2013-02-01,1,8,50
2013-02-02,1,8,54
2013-02-03,1,8,47
2013-02-04,1,8,35
2013-02-05,1,8,32
2013-02-06,1,8,38
2013-02-07,1,8,34
2013-02-08,1,8,57
2013-02-09,1,8,61
2013-02-10,1,8,55
2013-02-11,1,8,38
2013-02-12,1,8,37
2013-02-13,1,8,32
2013-02-14,1,8,42
2013-02-15,1,8,35
2013-02-16,1,8,47
2013-02-17,1,8,43
2013-02-18,1,8,32
2013-02-19,1,8,48
2013-02-20,1,8,39
2013-02-21,1,8,48
2013-02-22,1,8,50
2013-02-23,1,8,52
2013-02-24,1,8,58
2013-02-25,1,8,43
2013-02-26,1,8,45
2013-02-27,1,8,38
2013-02-28,1,8,41
2013-03-01,1,8,57
2013-03-02,1,8,56
2013-03-03,1,8,64
2013-03-04,1,8,41
2013-03-05,1,8,54
2013-03-06,1,8,50
2013-03-07,1,8,54
2013-03-08,1,8,59
2013-03-09,1,8,51
2013-03-10,1,8,67
2013-03-11,1,8,30
2013-03-12,1,8,49
2013-03-13,1,8,61
2013-03-14,1,8,52
2013-03-15,1,8,53
2013-03-16,1,8,55
2013-03-17,1,8,62
2013-03-18,1,8,44
2013-03-19,1,8,51
2013-03-20,1,8,46
2013-03-21,1,8,50
2013-03-22,1,8,46
2013-03-23,1,8,55
2013-03-24,1,8,59
2013-03-25,1,8,39
2013-03-26,1,8,45
2013-03-27,1,8,47
2013-03-28,1,8,63
2013-03-29,1,8,63
2013-03-30,1,8,51
2013-03-31,1,8,62
2013-04-01,1,8,63
2013-04-02,1,8,62
2013-04-03,1,8,72
2013-04-04,1,8,64
2013-04-05,1,8,61
2013-04-06,1,8,75
2013-04-07,1,8,82
2013-04-08,1,8,39
2013-04-09,1,8,57
2013-04-10,1,8,65
2013-04-11,1,8,52
2013-04-12,1,8,71
2013-04-13,1,8,68
2013-04-14,1,8,90
2013-04-15,1,8,45
2013-04-16,1,8,55
2013-04-17,1,8,61
2013-04-18,1,8,80
2013-04-19,1,8,58
2013-04-20,1,8,58
2013-04-21,1,8,80
2013-04-22,1,8,52
2013-04-23,1,8,47
2013-04-24,1,8,48
2013-04-25,1,8,47
2013-04-26,1,8,72
2013-04-27,1,8,76
2013-04-28,1,8,54
2013-04-29,1,8,46
2013-04-30,1,8,57
2013-05-01,1,8,69
2013-05-02,1,8,59
2013-05-03,1,8,65
2013-05-04,1,8,86
2013-05-05,1,8,77
2013-05-06,1,8,47
2013-05-07,1,8,75
2013-05-08,1,8,64
2013-05-09,1,8,76
2013-05-10,1,8,86
2013-05-11,1,8,83
2013-05-12,1,8,91
2013-05-13,1,8,48
2013-05-14,1,8,65
2013-05-15,1,8,62
2013-05-16,1,8,65
2013-05-17,1,8,76
2013-05-18,1,8,73
2013-05-19,1,8,87
2013-05-20,1,8,54
2013-05-21,1,8,69
2013-05-22,1,8,63
2013-05-23,1,8,58
2013-05-24,1,8,71
2013-05-25,1,8,56
2013-05-26,1,8,83
2013-05-27,1,8,37
2013-05-28,1,8,52
2013-05-29,1,8,73
2013-05-30,1,8,72
2013-05-31,1,8,60
2013-06-01,1,8,93
2013-06-02,1,8,83
2013-06-03,1,8,59
2013-06-04,1,8,72
2013-06-05,1,8,56
2013-06-06,1,8,90
2013-06-07,1,8,55
2013-06-08,1,8,67
2013-06-09,1,8,80
2013-06-10,1,8,46
2013-06-11,1,8,55
2013-06-12,1,8,76
2013-06-13,1,8,74
2013-06-14,1,8,79
2013-06-15,1,8,94
2013-06-16,1,8,82
2013-06-17,1,8,59
2013-06-18,1,8,56
2013-06-19,1,8,70
2013-06-20,1,8,62
2013-06-21,1,8,79
2013-06-22,1,8,87
2013-06-23,1,8,71
2013-06-24,1,8,59
2013-06-25,1,8,57
2013-06-26,1,8,65
2013-06-27,1,8,61
2013-06-28,1,8,63
2013-06-29,1,8,65
2013-06-30,1,8,77
2013-07-01,1,8,55
2013-07-02,1,8,74
2013-07-03,1,8,69
2013-07-04,1,8,67
2013-07-05,1,8,62
2013-07-06,1,8,90
2013-07-07,1,8,96
2013-07-08,1,8,61
2013-07-09,1,8,71
2013-07-10,1,8,59
2013-07-11,1,8,74
2013-07-12,1,8,80
2013-07-13,1,8,79
2013-07-14,1,8,105
2013-07-15,1,8,46
2013-07-16,1,8,70
2013-07-17,1,8,63
2013-07-18,1,8,61
2013-07-19,1,8,79
2013-07-20,1,8,78
2013-07-21,1,8,74
2013-07-22,1,8,70
2013-07-23,1,8,63
2013-07-24,1,8,72
2013-07-25,1,8,61
2013-07-26,1,8,78
2013-07-27,1,8,71
2013-07-28,1,8,71
2013-07-29,1,8,68
2013-07-30,1,8,64
2013-07-31,1,8,70
2013-08-01,1,8,69
2013-08-02,1,8,74
2013-08-03,1,8,69
2013-08-04,1,8,69
2013-08-05,1,8,49
2013-08-06,1,8,46
2013-08-07,1,8,57
2013-08-08,1,8,63
2013-08-09,1,8,78
2013-08-10,1,8,62
2013-08-11,1,8,80
2013-08-12,1,8,51
2013-08-13,1,8,66
2013-08-14,1,8,60
2013-08-15,1,8,46
2013-08-16,1,8,84
2013-08-17,1,8,72
2013-08-18,1,8,71
2013-08-19,1,8,39
2013-08-20,1,8,66
2013-08-21,1,8,64
2013-08-22,1,8,58
2013-08-23,1,8,61
2013-08-24,1,8,67
2013-08-25,1,8,85
2013-08-26,1,8,40
2013-08-27,1,8,55
2013-08-28,1,8,65
2013-08-29,1,8,65
2013-08-30,1,8,63
2013-08-31,1,8,81
2013-09-01,1,8,70
2013-09-02,1,8,46
2013-09-03,1,8,58
2013-09-04,1,8,44
2013-09-05,1,8,51
2013-09-06,1,8,52
2013-09-07,1,8,79
2013-09-08,1,8,78
2013-09-09,1,8,43
2013-09-10,1,8,60
2013-09-11,1,8,70
2013-09-12,1,8,67
2013-09-13,1,8,60
2013-09-14,1,8,60
2013-09-15,1,8,71
2013-09-16,1,8,57
2013-09-17,1,8,59
2013-09-18,1,8,56
2013-09-19,1,8,61
2013-09-20,1,8,59
2013-09-21,1,8,83
2013-09-22,1,8,78
2013-09-23,1,8,63
2013-09-24,1,8,63
2013-09-25,1,8,72
2013-09-26,1,8,49
2013-09-27,1,8,63
2013-09-28,1,8,73
2013-09-29,1,8,76
2013-09-30,1,8,47
2013-10-01,1,8,55
2013-10-02,1,8,38
2013-10-03,1,8,53
2013-10-04,1,8,61
2013-10-05,1,8,61
2013-10-06,1,8,70
2013-10-07,1,8,45
2013-10-08,1,8,41
2013-10-09,1,8,53
2013-10-10,1,8,63
2013-10-11,1,8,56
2013-10-12,1,8,67
2013-10-13,1,8,65
2013-10-14,1,8,43
2013-10-15,1,8,52
2013-10-16,1,8,56
2013-10-17,1,8,53
2013-10-18,1,8,53
2013-10-19,1,8,59
2013-10-20,1,8,74
2013-10-21,1,8,50
2013-10-22,1,8,52
2013-10-23,1,8,68
2013-10-24,1,8,55
2013-10-25,1,8,63
2013-10-26,1,8,50
2013-10-27,1,8,70
2013-10-28,1,8,50
2013-10-29,1,8,56
2013-10-30,1,8,51
2013-10-31,1,8,51
2013-11-01,1,8,66
2013-11-02,1,8,66
2013-11-03,1,8,88
2013-11-04,1,8,41
2013-11-05,1,8,59
2013-11-06,1,8,54
2013-11-07,1,8,57
2013-11-08,1,8,76
2013-11-09,1,8,63
2013-11-10,1,8,71
2013-11-11,1,8,54
2013-11-12,1,8,56
2013-11-13,1,8,63
2013-11-14,1,8,48
2013-11-15,1,8,57
2013-11-16,1,8,58
2013-11-17,1,8,54
2013-11-18,1,8,51
2013-11-19,1,8,53
2013-11-20,1,8,52
2013-11-21,1,8,74
2013-11-22,1,8,85
2013-11-23,1,8,77
2013-11-24,1,8,79
2013-11-25,1,8,51
2013-11-26,1,8,57
2013-11-27,1,8,55
2013-11-28,1,8,40
2013-11-29,1,8,65
2013-11-30,1,8,78
2013-12-01,1,8,52
2013-12-02,1,8,40
2013-12-03,1,8,52
2013-12-04,1,8,48
2013-12-05,1,8,46
2013-12-06,1,8,53
2013-12-07,1,8,46
2013-12-08,1,8,49
2013-12-09,1,8,28
2013-12-10,1,8,40
2013-12-11,1,8,38
2013-12-12,1,8,47
2013-12-13,1,8,44
2013-12-14,1,8,39
2013-12-15,1,8,64
2013-12-16,1,8,30
2013-12-17,1,8,37
2013-12-18,1,8,32
2013-12-19,1,8,45
2013-12-20,1,8,41
2013-12-21,1,8,42
2013-12-22,1,8,49
2013-12-23,1,8,34
2013-12-24,1,8,33
2013-12-25,1,8,46
2013-12-26,1,8,56
2013-12-27,1,8,43
2013-12-28,1,8,47
2013-12-29,1,8,48
2013-12-30,1,8,31
2013-12-31,1,8,35
2014-01-01,1,8,36
2014-01-02,1,8,46
2014-01-03,1,8,34
2014-01-04,1,8,52
2014-01-05,1,8,57
2014-01-06,1,8,36
2014-01-07,1,8,47
2014-01-08,1,8,49
2014-01-09,1,8,58
2014-01-10,1,8,57
2014-01-11,1,8,54
2014-01-12,1,8,64
2014-01-13,1,8,38
2014-01-14,1,8,49
2014-01-15,1,8,44
2014-01-16,1,8,53
2014-01-17,1,8,49
2014-01-18,1,8,56
2014-01-19,1,8,43
2014-01-20,1,8,35
2014-01-21,1,8,40
2014-01-22,1,8,35
2014-01-23,1,8,45
2014-01-24,1,8,37
2014-01-25,1,8,49
2014-01-26,1,8,54
2014-01-27,1,8,41
2014-01-28,1,8,33
2014-01-29,1,8,39
2014-01-30,1,8,34
2014-01-31,1,8,38
2014-02-01,1,8,68
2014-02-02,1,8,53
2014-02-03,1,8,35
2014-02-04,1,8,52
2014-02-05,1,8,57
2014-02-06,1,8,59
2014-02-07,1,8,53
2014-02-08,1,8,84
2014-02-09,1,8,56
2014-02-10,1,8,24
2014-02-11,1,8,44
2014-02-12,1,8,44
2014-02-13,1,8,58
2014-02-14,1,8,48
2014-02-15,1,8,60
2014-02-16,1,8,73
2014-02-17,1,8,32
2014-02-18,1,8,53
2014-02-19,1,8,44
2014-02-20,1,8,70
2014-02-21,1,8,50
2014-02-22,1,8,61
2014-02-23,1,8,66
2014-02-24,1,8,32
2014-02-25,1,8,32
2014-02-26,1,8,46
2014-02-27,1,8,47
2014-02-28,1,8,59
2014-03-01,1,8,77
2014-03-02,1,8,80
2014-03-03,1,8,39
2014-03-04,1,8,51
2014-03-05,1,8,46
2014-03-06,1,8,60
2014-03-07,1,8,72
2014-03-08,1,8,63
2014-03-09,1,8,80
2014-03-10,1,8,41
2014-03-11,1,8,80
2014-03-12,1,8,50
2014-03-13,1,8,55
2014-03-14,1,8,51
2014-03-15,1,8,63
2014-03-16,1,8,48
2014-03-17,1,8,44
2014-03-18,1,8,63
2014-03-19,1,8,48
2014-03-20,1,8,63
2014-03-21,1,8,55
2014-03-22,1,8,66
2014-03-23,1,8,63
2014-03-24,1,8,56
2014-03-25,1,8,67
2014-03-26,1,8,53
2014-03-27,1,8,62
2014-03-28,1,8,65
2014-03-29,1,8,55
2014-03-30,1,8,67
2014-03-31,1,8,49
2014-04-01,1,8,62
2014-04-02,1,8,73
2014-04-03,1,8,71
2014-04-04,1,8,69
2014-04-05,1,8,89
2014-04-06,1,8,79
2014-04-07,1,8,58
2014-04-08,1,8,63
2014-04-09,1,8,61
2014-04-10,1,8,72
2014-04-11,1,8,86
2014-04-12,1,8,89
2014-04-13,1,8,98
2014-04-14,1,8,62
2014-04-15,1,8,49
2014-04-16,1,8,54
2014-04-17,1,8,66
2014-04-18,1,8,68
2014-04-19,1,8,79
2014-04-20,1,8,76
2014-04-21,1,8,57
2014-04-22,1,8,74
2014-04-23,1,8,75
2014-04-24,1,8,65
2014-04-25,1,8,66
2014-04-26,1,8,70
2014-04-27,1,8,89
2014-04-28,1,8,49
2014-04-29,1,8,66
2014-04-30,1,8,68
2014-05-01,1,8,78
2014-05-02,1,8,73
2014-05-03,1,8,74
2014-05-04,1,8,76
2014-05-05,1,8,57
2014-05-06,1,8,45
2014-05-07,1,8,69
2014-05-08,1,8,72
2014-05-09,1,8,96
2014-05-10,1,8,96
2014-05-11,1,8,85
2014-05-12,1,8,60
2014-05-13,1,8,64
2014-05-14,1,8,77
2014-05-15,1,8,76
2014-05-16,1,8,73
2014-05-17,1,8,77
2014-05-18,1,8,89
2014-05-19,1,8,58
2014-05-20,1,8,61
2014-05-21,1,8,60
2014-05-22,1,8,62
2014-05-23,1,8,72
2014-05-24,1,8,74
2014-05-25,1,8,95
2014-05-26,1,8,57
2014-05-27,1,8,58
2014-05-28,1,8,69
2014-05-29,1,8,84
2014-05-30,1,8,71
2014-05-31,1,8,106
2014-06-01,1,8,110
2014-06-02,1,8,67
2014-06-03,1,8,85
2014-06-04,1,8,72
2014-06-05,1,8,88
2014-06-06,1,8,70
2014-06-07,1,8,83
2014-06-08,1,8,87
2014-06-09,1,8,51
2014-06-10,1,8,80
2014-06-11,1,8,64
2014-06-12,1,8,70
2014-06-13,1,8,88
2014-06-14,1,8,81
2014-06-15,1,8,91
2014-06-16,1,8,60
2014-06-17,1,8,99
2014-06-18,1,8,97
2014-06-19,1,8,81
2014-06-20,1,8,84
2014-06-21,1,8,101
2014-06-22,1,8,97
2014-06-23,1,8,58
2014-06-24,1,8,64
2014-06-25,1,8,81
2014-06-26,1,8,82
2014-06-27,1,8,100
2014-06-28,1,8,100
2014-06-29,1,8,101
2014-06-30,1,8,68
2014-07-01,1,8,81
2014-07-02,1,8,73
2014-07-03,1,8,82
2014-07-04,1,8,85
2014-07-05,1,8,96
2014-07-06,1,8,100
2014-07-07,1,8,56
2014-07-08,1,8,100
2014-07-09,1,8,75
2014-07-10,1,8,78
2014-07-11,1,8,77
2014-07-12,1,8,73
2014-07-13,1,8,105
2014-07-14,1,8,57
2014-07-15,1,8,77
2014-07-16,1,8,87
2014-07-17,1,8,84
2014-07-18,1,8,98
2014-07-19,1,8,87
2014-07-20,1,8,94
2014-07-21,1,8,69
2014-07-22,1,8,86
2014-07-23,1,8,79
2014-07-24,1,8,91
2014-07-25,1,8,89
2014-07-26,1,8,91
2014-07-27,1,8,100
2014-07-28,1,8,63
2014-07-29,1,8,88
2014-07-30,1,8,75
2014-07-31,1,8,82
2014-08-01,1,8,82
2014-08-02,1,8,85
2014-08-03,1,8,97
2014-08-04,1,8,48
2014-08-05,1,8,73
2014-08-06,1,8,65
2014-08-07,1,8,84
2014-08-08,1,8,84
2014-08-09,1,8,76
2014-08-10,1,8,81
2014-08-11,1,8,59
2014-08-12,1,8,72
2014-08-13,1,8,71
2014-08-14,1,8,65
2014-08-15,1,8,86
2014-08-16,1,8,74
2014-08-17,1,8,93
2014-08-18,1,8,63
2014-08-19,1,8,62
2014-08-20,1,8,76
2014-08-21,1,8,67
2014-08-22,1,8,84
2014-08-23,1,8,85
2014-08-24,1,8,84
2014-08-25,1,8,56
2014-08-26,1,8,70
2014-08-27,1,8,63
2014-08-28,1,8,64
2014-08-29,1,8,76
2014-08-30,1,8,81
2014-08-31,1,8,75
2014-09-01,1,8,51
2014-09-02,1,8,72
2014-09-03,1,8,59
2014-09-04,1,8,53
2014-09-05,1,8,84
2014-09-06,1,8,77
2014-09-07,1,8,95
2014-09-08,1,8,63
2014-09-09,1,8,73
2014-09-10,1,8,56
2014-09-11,1,8,69
2014-09-12,1,8,79
2014-09-13,1,8,77
2014-09-14,1,8,95
2014-09-15,1,8,58
2014-09-16,1,8,62
2014-09-17,1,8,65
2014-09-18,1,8,75
2014-09-19,1,8,84
2014-09-20,1,8,80
2014-09-21,1,8,78
2014-09-22,1,8,50
2014-09-23,1,8,61
2014-09-24,1,8,69
2014-09-25,1,8,65
2014-09-26,1,8,61
2014-09-27,1,8,86
2014-09-28,1,8,88
2014-09-29,1,8,77
2014-09-30,1,8,66
2014-10-01,1,8,53
2014-10-02,1,8,60
2014-10-03,1,8,60
2014-10-04,1,8,88
2014-10-05,1,8,88
2014-10-06,1,8,53
2014-10-07,1,8,50
2014-10-08,1,8,64
2014-10-09,1,8,61
2014-10-10,1,8,68
2014-10-11,1,8,82
2014-10-12,1,8,76
2014-10-13,1,8,43
2014-10-14,1,8,54
2014-10-15,1,8,67
2014-10-16,1,8,53
2014-10-17,1,8,76
2014-10-18,1,8,77
2014-10-19,1,8,86
2014-10-20,1,8,54
2014-10-21,1,8,73
2014-10-22,1,8,62
2014-10-23,1,8,79
2014-10-24,1,8,74
2014-10-25,1,8,79
2014-10-26,1,8,98
2014-10-27,1,8,58
2014-10-28,1,8,55
2014-10-29,1,8,52
2014-10-30,1,8,57
2014-10-31,1,8,60
2014-11-01,1,8,83
2014-11-02,1,8,79
2014-11-03,1,8,57
2014-11-04,1,8,60
2014-11-05,1,8,57
2014-11-06,1,8,63
2014-11-07,1,8,85
2014-11-08,1,8,73
2014-11-09,1,8,90
2014-11-10,1,8,70
2014-11-11,1,8,68
2014-11-12,1,8,61
2014-11-13,1,8,84
2014-11-14,1,8,83
2014-11-15,1,8,92
2014-11-16,1,8,90
2014-11-17,1,8,61
2014-11-18,1,8,75
2014-11-19,1,8,57
2014-11-20,1,8,68
2014-11-21,1,8,80
2014-11-22,1,8,62
2014-11-23,1,8,88
2014-11-24,1,8,58
2014-11-25,1,8,76
2014-11-26,1,8,72
2014-11-27,1,8,76
2014-11-28,1,8,73
2014-11-29,1,8,68
2014-11-30,1,8,82
2014-12-01,1,8,37
2014-12-02,1,8,45
2014-12-03,1,8,47
2014-12-04,1,8,47
2014-12-05,1,8,51
2014-12-06,1,8,53
2014-12-07,1,8,60
2014-12-08,1,8,29
2014-12-09,1,8,52
2014-12-10,1,8,44
2014-12-11,1,8,45
2014-12-12,1,8,64
2014-12-13,1,8,43
2014-12-14,1,8,68
2014-12-15,1,8,37
2014-12-16,1,8,50
2014-12-17,1,8,43
2014-12-18,1,8,46
2014-12-19,1,8,49
2014-12-20,1,8,57
2014-12-21,1,8,62
2014-12-22,1,8,40
2014-12-23,1,8,47
2014-12-24,1,8,51
2014-12-25,1,8,54
2014-12-26,1,8,42
2014-12-27,1,8,53
2014-12-28,1,8,60
2014-12-29,1,8,41
2014-12-30,1,8,48
2014-12-31,1,8,35
2015-01-01,1,8,41
2015-01-02,1,8,41
2015-01-03,1,8,49
2015-01-04,1,8,58
2015-01-05,1,8,43
2015-01-06,1,8,43
2015-01-07,1,8,40
2015-01-08,1,8,39
2015-01-09,1,8,32
2015-01-10,1,8,50
2015-01-11,1,8,58
2015-01-12,1,8,48
2015-01-13,1,8,49
2015-01-14,1,8,37
2015-01-15,1,8,48
2015-01-16,1,8,54
2015-01-17,1,8,49
2015-01-18,1,8,56
2015-01-19,1,8,49
2015-01-20,1,8,58
2015-01-21,1,8,42
2015-01-22,1,8,54
2015-01-23,1,8,45
2015-01-24,1,8,59
2015-01-25,1,8,62
2015-01-26,1,8,28
2015-01-27,1,8,54
2015-01-28,1,8,45
2015-01-29,1,8,53
2015-01-30,1,8,58
2015-01-31,1,8,53
2015-02-01,1,8,59
2015-02-02,1,8,43
2015-02-03,1,8,45
2015-02-04,1,8,56
2015-02-05,1,8,47
2015-02-06,1,8,66
2015-02-07,1,8,57
2015-02-08,1,8,71
2015-02-09,1,8,45
2015-02-10,1,8,56
2015-02-11,1,8,49
2015-02-12,1,8,55
2015-02-13,1,8,57
2015-02-14,1,8,56
2015-02-15,1,8,46
2015-02-16,1,8,41
2015-02-17,1,8,39
2015-02-18,1,8,46
2015-02-19,1,8,57
2015-02-20,1,8,56
2015-02-21,1,8,48
2015-02-22,1,8,46
2015-02-23,1,8,41
2015-02-24,1,8,54
2015-02-25,1,8,41
2015-02-26,1,8,59
2015-02-27,1,8,37
2015-02-28,1,8,70
2015-03-01,1,8,73
2015-03-02,1,8,54
2015-03-03,1,8,63
2015-03-04,1,8,58
2015-03-05,1,8,65
2015-03-06,1,8,74
2015-03-07,1,8,79
2015-03-08,1,8,73
2015-03-09,1,8,54
2015-03-10,1,8,53
2015-03-11,1,8,67
2015-03-12,1,8,67
2015-03-13,1,8,70
2015-03-14,1,8,75
2015-03-15,1,8,81
2015-03-16,1,8,40
2015-03-17,1,8,57
2015-03-18,1,8,58
2015-03-19,1,8,69
2015-03-20,1,8,68
2015-03-21,1,8,63
2015-03-22,1,8,80
2015-03-23,1,8,50
2015-03-24,1,8,60
2015-03-25,1,8,70
2015-03-26,1,8,62
2015-03-27,1,8,65
2015-03-28,1,8,69
2015-03-29,1,8,71
2015-03-30,1,8,52
2015-03-31,1,8,63
2015-04-01,1,8,60
2015-04-02,1,8,71
2015-04-03,1,8,87
2015-04-04,1,8,75
2015-04-05,1,8,91
2015-04-06,1,8,49
2015-04-07,1,8,86
2015-04-08,1,8,72
2015-04-09,1,8,71
2015-04-10,1,8,83
2015-04-11,1,8,77
2015-04-12,1,8,82
2015-04-13,1,8,63
2015-04-14,1,8,81
2015-04-15,1,8,57
2015-04-16,1,8,71
2015-04-17,1,8,69
2015-04-18,1,8,84
2015-04-19,1,8,89
2015-04-20,1,8,55
2015-04-21,1,8,80
2015-04-22,1,8,51
2015-04-23,1,8,49
2015-04-24,1,8,86
2015-04-25,1,8,68
2015-04-26,1,8,103
2015-04-27,1,8,61
2015-04-28,1,8,75
2015-04-29,1,8,60
2015-04-30,1,8,73
2015-05-01,1,8,79
2015-05-02,1,8,84
2015-05-03,1,8,102
2015-05-04,1,8,50
2015-05-05,1,8,62
2015-05-06,1,8,75
2015-05-07,1,8,70
2015-05-08,1,8,72
2015-05-09,1,8,88
2015-05-10,1,8,93
2015-05-11,1,8,53
2015-05-12,1,8,70
2015-05-13,1,8,90
2015-05-14,1,8,79
2015-05-15,1,8,81
2015-05-16,1,8,72
2015-05-17,1,8,81
2015-05-18,1,8,55
2015-05-19,1,8,55
2015-05-20,1,8,76
2015-05-21,1,8,69
2015-05-22,1,8,82
2015-05-23,1,8,83
2015-05-24,1,8,93
2015-05-25,1,8,62
2015-05-26,1,8,79
2015-05-27,1,8,62
2015-05-28,1,8,69
2015-05-29,1,8,77
2015-05-30,1,8,92
2015-05-31,1,8,80
2015-06-01,1,8,67
2015-06-02,1,8,73
2015-06-03,1,8,78
2015-06-04,1,8,89
2015-06-05,1,8,100
2015-06-06,1,8,106
2015-06-07,1,8,108
2015-06-08,1,8,66
2015-06-09,1,8,89
2015-06-10,1,8,76
2015-06-11,1,8,85
2015-06-12,1,8,88
2015-06-13,1,8,96
2015-06-14,1,8,106
2015-06-15,1,8,62
2015-06-16,1,8,75
2015-06-17,1,8,72
2015-06-18,1,8,86
2015-06-19,1,8,95
2015-06-20,1,8,111
2015-06-21,1,8,98
2015-06-22,1,8,55
2015-06-23,1,8,74
2015-06-24,1,8,68
2015-06-25,1,8,91
2015-06-26,1,8,94
2015-06-27,1,8,76
2015-06-28,1,8,85
2015-06-29,1,8,81
2015-06-30,1,8,74
2015-07-01,1,8,81
2015-07-02,1,8,98
2015-07-03,1,8,93
2015-07-04,1,8,108
2015-07-05,1,8,103
2015-07-06,1,8,70
2015-07-07,1,8,88
2015-07-08,1,8,85
2015-07-09,1,8,87
2015-07-10,1,8,100
2015-07-11,1,8,114
2015-07-12,1,8,101
2015-07-13,1,8,52
2015-07-14,1,8,84
2015-07-15,1,8,65
2015-07-16,1,8,89
2015-07-17,1,8,99
2015-07-18,1,8,89
2015-07-19,1,8,89
2015-07-20,1,8,75
2015-07-21,1,8,87
2015-07-22,1,8,66
2015-07-23,1,8,98
2015-07-24,1,8,91
2015-07-25,1,8,101
2015-07-26,1,8,102
2015-07-27,1,8,52
2015-07-28,1,8,79
2015-07-29,1,8,94
2015-07-30,1,8,80
2015-07-31,1,8,82
2015-08-01,1,8,89
2015-08-02,1,8,94
2015-08-03,1,8,66
2015-08-04,1,8,70
2015-08-05,1,8,77
2015-08-06,1,8,88
2015-08-07,1,8,94
2015-08-08,1,8,92
2015-08-09,1,8,86
2015-08-10,1,8,54
2015-08-11,1,8,78
2015-08-12,1,8,80
2015-08-13,1,8,65
2015-08-14,1,8,74
2015-08-15,1,8,83
2015-08-16,1,8,92
2015-08-17,1,8,59
2015-08-18,1,8,75
2015-08-19,1,8,80
2015-08-20,1,8,88
2015-08-21,1,8,70
2015-08-22,1,8,84
2015-08-23,1,8,100
2015-08-24,1,8,58
2015-08-25,1,8,66
2015-08-26,1,8,81
2015-08-27,1,8,74
2015-08-28,1,8,81
2015-08-29,1,8,84
2015-08-30,1,8,112
2015-08-31,1,8,61
2015-09-01,1,8,56
2015-09-02,1,8,62
2015-09-03,1,8,74
2015-09-04,1,8,82
2015-09-05,1,8,85
2015-09-06,1,8,95
2015-09-07,1,8,57
2015-09-08,1,8,83
2015-09-09,1,8,69
2015-09-10,1,8,86
2015-09-11,1,8,75
2015-09-12,1,8,74
2015-09-13,1,8,96
2015-09-14,1,8,59
2015-09-15,1,8,75
2015-09-16,1,8,74
2015-09-17,1,8,61
2015-09-18,1,8,83
2015-09-19,1,8,85
2015-09-20,1,8,83
2015-09-21,1,8,56
2015-09-22,1,8,83
2015-09-23,1,8,60
2015-09-24,1,8,71
2015-09-25,1,8,60
2015-09-26,1,8,78
2015-09-27,1,8,85
2015-09-28,1,8,58
2015-09-29,1,8,76
2015-09-30,1,8,58
2015-10-01,1,8,62
2015-10-02,1,8,90
2015-10-03,1,8,86
2015-10-04,1,8,72
2015-10-05,1,8,61
2015-10-06,1,8,56
2015-10-07,1,8,53
2015-10-08,1,8,63
2015-10-09,1,8,68
2015-10-10,1,8,82
2015-10-11,1,8,88
2015-10-12,1,8,64
2015-10-13,1,8,63
2015-10-14,1,8,54
2015-10-15,1,8,65
2015-10-16,1,8,77
2015-10-17,1,8,83
2015-10-18,1,8,66
2015-10-19,1,8,39
2015-10-20,1,8,59
2015-10-21,1,8,54
2015-10-22,1,8,72
2015-10-23,1,8,71
2015-10-24,1,8,81
2015-10-25,1,8,85
2015-10-26,1,8,57
2015-10-27,1,8,64
2015-10-28,1,8,61
2015-10-29,1,8,63
2015-10-30,1,8,71
2015-10-31,1,8,79
2015-11-01,1,8,68
2015-11-02,1,8,66
2015-11-03,1,8,64
2015-11-04,1,8,87
2015-11-05,1,8,64
2015-11-06,1,8,80
2015-11-07,1,8,71
2015-11-08,1,8,81
2015-11-09,1,8,59
2015-11-10,1,8,67
2015-11-11,1,8,58
2015-11-12,1,8,84
2015-11-13,1,8,69
2015-11-14,1,8,86
2015-11-15,1,8,73
2015-11-16,1,8,72
2015-11-17,1,8,75
2015-11-18,1,8,68
2015-11-19,1,8,60
2015-11-20,1,8,88
2015-11-21,1,8,71
2015-11-22,1,8,81
2015-11-23,1,8,61
2015-11-24,1,8,63
2015-11-25,1,8,65
2015-11-26,1,8,74
2015-11-27,1,8,85
2015-11-28,1,8,85
2015-11-29,1,8,79
2015-11-30,1,8,58
2015-12-01,1,8,48
2015-12-02,1,8,48
2015-12-03,1,8,57
2015-12-04,1,8,52
2015-12-05,1,8,60
2015-12-06,1,8,64
2015-12-07,1,8,45
2015-12-08,1,8,43
2015-12-09,1,8,44
2015-12-10,1,8,49
2015-12-11,1,8,50
2015-12-12,1,8,44
2015-12-13,1,8,69
2015-12-14,1,8,43
2015-12-15,1,8,50
2015-12-16,1,8,48
2015-12-17,1,8,42
2015-12-18,1,8,58
2015-12-19,1,8,73
2015-12-20,1,8,61
2015-12-21,1,8,63
2015-12-22,1,8,48
2015-12-23,1,8,50
2015-12-24,1,8,62
2015-12-25,1,8,76
2015-12-26,1,8,51
2015-12-27,1,8,74
2015-12-28,1,8,47
2015-12-29,1,8,59
2015-12-30,1,8,55
2015-12-31,1,8,61
2016-01-01,1,8,56
2016-01-02,1,8,68
2016-01-03,1,8,58
2016-01-04,1,8,41
2016-01-05,1,8,43
2016-01-06,1,8,58
2016-01-07,1,8,42
2016-01-08,1,8,50
2016-01-09,1,8,57
2016-01-10,1,8,54
2016-01-11,1,8,36
2016-01-12,1,8,50
2016-01-13,1,8,39
2016-01-14,1,8,54
2016-01-15,1,8,55
2016-01-16,1,8,67
2016-01-17,1,8,83
2016-01-18,1,8,39
2016-01-19,1,8,43
2016-01-20,1,8,45
2016-01-21,1,8,47
2016-01-22,1,8,53
2016-01-23,1,8,59
2016-01-24,1,8,49
2016-01-25,1,8,41
2016-01-26,1,8,46
2016-01-27,1,8,44
2016-01-28,1,8,46
2016-01-29,1,8,55
2016-01-30,1,8,62
2016-01-31,1,8,62
2016-02-01,1,8,41
2016-02-02,1,8,49
2016-02-03,1,8,57
2016-02-04,1,8,59
2016-02-05,1,8,63
2016-02-06,1,8,72
2016-02-07,1,8,75
2016-02-08,1,8,43
2016-02-09,1,8,48
2016-02-10,1,8,36
2016-02-11,1,8,53
2016-02-12,1,8,60
2016-02-13,1,8,74
2016-02-14,1,8,73
2016-02-15,1,8,31
2016-02-16,1,8,63
2016-02-17,1,8,57
2016-02-18,1,8,68
2016-02-19,1,8,69
2016-02-20,1,8,55
2016-02-21,1,8,78
2016-02-22,1,8,43
2016-02-23,1,8,44
2016-02-24,1,8,66
2016-02-25,1,8,59
2016-02-26,1,8,54
2016-02-27,1,8,68
2016-02-28,1,8,71
2016-02-29,1,8,44
2016-03-01,1,8,64
2016-03-02,1,8,54
2016-03-03,1,8,61
2016-03-04,1,8,54
2016-03-05,1,8,88
2016-03-06,1,8,77
2016-03-07,1,8,50
2016-03-08,1,8,66
2016-03-09,1,8,58
2016-03-10,1,8,68
2016-03-11,1,8,75
2016-03-12,1,8,86
2016-03-13,1,8,92
2016-03-14,1,8,54
2016-03-15,1,8,68
2016-03-16,1,8,75
2016-03-17,1,8,66
2016-03-18,1,8,68
2016-03-19,1,8,82
2016-03-20,1,8,82
2016-03-21,1,8,61
2016-03-22,1,8,56
2016-03-23,1,8,77
2016-03-24,1,8,67
2016-03-25,1,8,74
2016-03-26,1,8,87
2016-03-27,1,8,93
2016-03-28,1,8,66
2016-03-29,1,8,54
2016-03-30,1,8,64
2016-03-31,1,8,85
2016-04-01,1,8,83
2016-04-02,1,8,99
2016-04-03,1,8,106
2016-04-04,1,8,61
2016-04-05,1,8,70
2016-04-06,1,8,70
2016-04-07,1,8,80
2016-04-08,1,8,86
2016-04-09,1,8,97
2016-04-10,1,8,97
2016-04-11,1,8,58
2016-04-12,1,8,82
2016-04-13,1,8,74
2016-04-14,1,8,69
2016-04-15,1,8,77
2016-04-16,1,8,83
2016-04-17,1,8,72
2016-04-18,1,8,43
2016-04-19,1,8,77
2016-04-20,1,8,82
2016-04-21,1,8,89
2016-04-22,1,8,80
2016-04-23,1,8,100
2016-04-24,1,8,101
2016-04-25,1,8,65
2016-04-26,1,8,79
2016-04-27,1,8,68
2016-04-28,1,8,85
2016-04-29,1,8,95
2016-04-30,1,8,100
2016-05-01,1,8,105
2016-05-02,1,8,69
2016-05-03,1,8,74
2016-05-04,1,8,82
2016-05-05,1,8,80
2016-05-06,1,8,103
2016-05-07,1,8,79
2016-05-08,1,8,110
2016-05-09,1,8,64
2016-05-10,1,8,62
2016-05-11,1,8,83
2016-05-12,1,8,90
2016-05-13,1,8,85
2016-05-14,1,8,99
2016-05-15,1,8,100
2016-05-16,1,8,73
2016-05-17,1,8,79
2016-05-18,1,8,86
2016-05-19,1,8,70
2016-05-20,1,8,82
2016-05-21,1,8,88
2016-05-22,1,8,116
2016-05-23,1,8,77
2016-05-24,1,8,73
2016-05-25,1,8,77
2016-05-26,1,8,99
2016-05-27,1,8,86
2016-05-28,1,8,81
2016-05-29,1,8,97
2016-05-30,1,8,59
2016-05-31,1,8,83
2016-06-01,1,8,80
2016-06-02,1,8,94
2016-06-03,1,8,96
2016-06-04,1,8,105
2016-06-05,1,8,114
2016-06-06,1,8,83
2016-06-07,1,8,82
2016-06-08,1,8,82
2016-06-09,1,8,96
2016-06-10,1,8,96
2016-06-11,1,8,88
2016-06-12,1,8,121
2016-06-13,1,8,67
2016-06-14,1,8,83
2016-06-15,1,8,73
2016-06-16,1,8,86
2016-06-17,1,8,85
2016-06-18,1,8,96
2016-06-19,1,8,120
2016-06-20,1,8,83
2016-06-21,1,8,83
2016-06-22,1,8,89
2016-06-23,1,8,90
2016-06-24,1,8,90
2016-06-25,1,8,102
2016-06-26,1,8,87
2016-06-27,1,8,65
2016-06-28,1,8,89
2016-06-29,1,8,78
2016-06-30,1,8,75
2016-07-01,1,8,101
2016-07-02,1,8,105
2016-07-03,1,8,93
2016-07-04,1,8,74
2016-07-05,1,8,91
2016-07-06,1,8,95
2016-07-07,1,8,93
2016-07-08,1,8,102
2016-07-09,1,8,108
2016-07-10,1,8,99
2016-07-11,1,8,87
2016-07-12,1,8,79
2016-07-13,1,8,100
2016-07-14,1,8,100
2016-07-15,1,8,117
2016-07-16,1,8,114
2016-07-17,1,8,120
2016-07-18,1,8,81
2016-07-19,1,8,101
2016-07-20,1,8,102
2016-07-21,1,8,84
2016-07-22,1,8,110
2016-07-23,1,8,112
2016-07-24,1,8,114
2016-07-25,1,8,66
2016-07-26,1,8,70
2016-07-27,1,8,73
2016-07-28,1,8,94
2016-07-29,1,8,112
2016-07-30,1,8,121
2016-07-31,1,8,114
2016-08-01,1,8,64
2016-08-02,1,8,69
2016-08-03,1,8,77
2016-08-04,1,8,79
2016-08-05,1,8,76
2016-08-06,1,8,113
2016-08-07,1,8,87
2016-08-08,1,8,60
2016-08-09,1,8,88
2016-08-10,1,8,89
2016-08-11,1,8,92
2016-08-12,1,8,99
2016-08-13,1,8,102
2016-08-14,1,8,94
2016-08-15,1,8,76
2016-08-16,1,8,85
2016-08-17,1,8,80
2016-08-18,1,8,90
2016-08-19,1,8,87
2016-08-20,1,8,87
2016-08-21,1,8,89
2016-08-22,1,8,68
2016-08-23,1,8,83
2016-08-24,1,8,77
2016-08-25,1,8,59
2016-08-26,1,8,84
2016-08-27,1,8,95
2016-08-28,1,8,113
2016-08-29,1,8,64
2016-08-30,1,8,79
2016-08-31,1,8,82
2016-09-01,1,8,90
2016-09-02,1,8,75
2016-09-03,1,8,83
2016-09-04,1,8,89
2016-09-05,1,8,61
2016-09-06,1,8,79
2016-09-07,1,8,63
2016-09-08,1,8,72
2016-09-09,1,8,89
2016-09-10,1,8,83
2016-09-11,1,8,81
2016-09-12,1,8,60
2016-09-13,1,8,70
2016-09-14,1,8,88
2016-09-15,1,8,88
2016-09-16,1,8,96
2016-09-17,1,8,89
2016-09-18,1,8,94
2016-09-19,1,8,45
2016-09-20,1,8,75
2016-09-21,1,8,59
2016-09-22,1,8,71
2016-09-23,1,8,78
2016-09-24,1,8,93
2016-09-25,1,8,97
2016-09-26,1,8,52
2016-09-27,1,8,84
2016-09-28,1,8,77
2016-09-29,1,8,71
2016-09-30,1,8,65
2016-10-01,1,8,102
2016-10-02,1,8,84
2016-10-03,1,8,65
2016-10-04,1,8,62
2016-10-05,1,8,67
2016-10-06,1,8,75
2016-10-07,1,8,72
2016-10-08,1,8,81
2016-10-09,1,8,82
2016-10-10,1,8,63
2016-10-11,1,8,87
2016-10-12,1,8,61
2016-10-13,1,8,69
2016-10-14,1,8,83
2016-10-15,1,8,83
2016-10-16,1,8,92
2016-10-17,1,8,67
2016-10-18,1,8,72
2016-10-19,1,8,59
2016-10-20,1,8,73
2016-10-21,1,8,81
2016-10-22,1,8,75
2016-10-23,1,8,107
2016-10-24,1,8,59
2016-10-25,1,8,70
2016-10-26,1,8,78
2016-10-27,1,8,69
2016-10-28,1,8,71
2016-10-29,1,8,69
2016-10-30,1,8,80
2016-10-31,1,8,61
2016-11-01,1,8,82
2016-11-02,1,8,68
2016-11-03,1,8,76
2016-11-04,1,8,69
2016-11-05,1,8,86
2016-11-06,1,8,106
2016-11-07,1,8,61
2016-11-08,1,8,62
2016-11-09,1,8,74
2016-11-10,1,8,68
2016-11-11,1,8,79
2016-11-12,1,8,89
2016-11-13,1,8,83
2016-11-14,1,8,67
2016-11-15,1,8,71
2016-11-16,1,8,65
2016-11-17,1,8,76
2016-11-18,1,8,68
2016-11-19,1,8,89
2016-11-20,1,8,90
2016-11-21,1,8,58
2016-11-22,1,8,78
2016-11-23,1,8,74
2016-11-24,1,8,89
2016-11-25,1,8,75
2016-11-26,1,8,77
2016-11-27,1,8,92
2016-11-28,1,8,73
2016-11-29,1,8,81
2016-11-30,1,8,70
2016-12-01,1,8,54
2016-12-02,1,8,67
2016-12-03,1,8,68
2016-12-04,1,8,84
2016-12-05,1,8,53
2016-12-06,1,8,59
2016-12-07,1,8,51
2016-12-08,1,8,58
2016-12-09,1,8,61
2016-12-10,1,8,68
2016-12-11,1,8,65
2016-12-12,1,8,61
2016-12-13,1,8,41
2016-12-14,1,8,73
2016-12-15,1,8,43
2016-12-16,1,8,67
2016-12-17,1,8,71
2016-12-18,1,8,72
2016-12-19,1,8,30
2016-12-20,1,8,40
2016-12-21,1,8,60
2016-12-22,1,8,59
2016-12-23,1,8,88
2016-12-24,1,8,70
2016-12-25,1,8,69
2016-12-26,1,8,47
2016-12-27,1,8,42
2016-12-28,1,8,53
2016-12-29,1,8,52
2016-12-30,1,8,67
2016-12-31,1,8,66
2017-01-01,1,8,65
2017-01-02,1,8,35
2017-01-03,1,8,45
2017-01-04,1,8,50
2017-01-05,1,8,41
2017-01-06,1,8,59
2017-01-07,1,8,84
2017-01-08,1,8,57
2017-01-09,1,8,42
2017-01-10,1,8,46
2017-01-11,1,8,48
2017-01-12,1,8,59
2017-01-13,1,8,54
2017-01-14,1,8,63
2017-01-15,1,8,67
2017-01-16,1,8,47
2017-01-17,1,8,40
2017-01-18,1,8,44
2017-01-19,1,8,53
2017-01-20,1,8,60
2017-01-21,1,8,58
2017-01-22,1,8,56
2017-01-23,1,8,45
2017-01-24,1,8,39
2017-01-25,1,8,58
2017-01-26,1,8,49
2017-01-27,1,8,60
2017-01-28,1,8,55
2017-01-29,1,8,52
2017-01-30,1,8,32
2017-01-31,1,8,53
2017-02-01,1,8,55
2017-02-02,1,8,54
2017-02-03,1,8,67
2017-02-04,1,8,51
2017-02-05,1,8,64
2017-02-06,1,8,47
2017-02-07,1,8,47
2017-02-08,1,8,50
2017-02-09,1,8,60
2017-02-10,1,8,56
2017-02-11,1,8,64
2017-02-12,1,8,62
2017-02-13,1,8,42
2017-02-14,1,8,55
2017-02-15,1,8,49
2017-02-16,1,8,59
2017-02-17,1,8,60
2017-02-18,1,8,66
2017-02-19,1,8,78
2017-02-20,1,8,49
2017-02-21,1,8,53
2017-02-22,1,8,56
2017-02-23,1,8,56
2017-02-24,1,8,48
2017-02-25,1,8,72
2017-02-26,1,8,81
2017-02-27,1,8,53
2017-02-28,1,8,46
2017-03-01,1,8,67
2017-03-02,1,8,70
2017-03-03,1,8,81
2017-03-04,1,8,66
2017-03-05,1,8,89
2017-03-06,1,8,49
2017-03-07,1,8,65
2017-03-08,1,8,64
2017-03-09,1,8,91
2017-03-10,1,8,75
2017-03-11,1,8,89
2017-03-12,1,8,74
2017-03-13,1,8,67
2017-03-14,1,8,58
2017-03-15,1,8,56
2017-03-16,1,8,65
2017-03-17,1,8,65
2017-03-18,1,8,84
2017-03-19,1,8,82
2017-03-20,1,8,48
2017-03-21,1,8,77
2017-03-22,1,8,75
2017-03-23,1,8,67
2017-03-24,1,8,53
2017-03-25,1,8,83
2017-03-26,1,8,90
2017-03-27,1,8,49
2017-03-28,1,8,78
2017-03-29,1,8,69
2017-03-30,1,8,75
2017-03-31,1,8,78
2017-04-01,1,8,105
2017-04-02,1,8,76
2017-04-03,1,8,74
2017-04-04,1,8,62
2017-04-05,1,8,67
2017-04-06,1,8,84
2017-04-07,1,8,96
2017-04-08,1,8,96
2017-04-09,1,8,95
2017-04-10,1,8,57
2017-04-11,1,8,64
2017-04-12,1,8,91
2017-04-13,1,8,78
2017-04-14,1,8,100
2017-04-15,1,8,92
2017-04-16,1,8,97
2017-04-17,1,8,78
2017-04-18,1,8,84
2017-04-19,1,8,65
2017-04-20,1,8,80
2017-04-21,1,8,90
2017-04-22,1,8,91
2017-04-23,1,8,96
2017-04-24,1,8,69
2017-04-25,1,8,76
2017-04-26,1,8,74
2017-04-27,1,8,87
2017-04-28,1,8,90
2017-04-29,1,8,85
2017-04-30,1,8,97
2017-05-01,1,8,60
2017-05-02,1,8,87
2017-05-03,1,8,96
2017-05-04,1,8,73
2017-05-05,1,8,99
2017-05-06,1,8,109
2017-05-07,1,8,86
2017-05-08,1,8,93
2017-05-09,1,8,86
2017-05-10,1,8,81
2017-05-11,1,8,118
2017-05-12,1,8,96
2017-05-13,1,8,88
2017-05-14,1,8,87
2017-05-15,1,8,58
2017-05-16,1,8,87
2017-05-17,1,8,88
2017-05-18,1,8,80
2017-05-19,1,8,87
2017-05-20,1,8,101
2017-05-21,1,8,112
2017-05-22,1,8,65
2017-05-23,1,8,71
2017-05-24,1,8,80
2017-05-25,1,8,89
2017-05-26,1,8,85
2017-05-27,1,8,99
2017-05-28,1,8,110
2017-05-29,1,8,67
2017-05-30,1,8,73
2017-05-31,1,8,97
2017-06-01,1,8,99
2017-06-02,1,8,102
2017-06-03,1,8,112
2017-06-04,1,8,109
2017-06-05,1,8,74
2017-06-06,1,8,91
2017-06-07,1,8,78
2017-06-08,1,8,118
2017-06-09,1,8,115
2017-06-10,1,8,105
2017-06-11,1,8,117
2017-06-12,1,8,71
2017-06-13,1,8,99
2017-06-14,1,8,108
2017-06-15,1,8,86
2017-06-16,1,8,102
2017-06-17,1,8,79
2017-06-18,1,8,116
2017-06-19,1,8,72
2017-06-20,1,8,106
2017-06-21,1,8,97
2017-06-22,1,8,92
2017-06-23,1,8,118
2017-06-24,1,8,91
2017-06-25,1,8,113
2017-06-26,1,8,83
2017-06-27,1,8,98
2017-06-28,1,8,81
2017-06-29,1,8,102
2017-06-30,1,8,103
2017-07-01,1,8,111
2017-07-02,1,8,105
2017-07-03,1,8,76
2017-07-04,1,8,88
2017-07-05,1,8,74
2017-07-06,1,8,103
2017-07-07,1,8,105
2017-07-08,1,8,106
2017-07-09,1,8,137
2017-07-10,1,8,67
2017-07-11,1,8,85
2017-07-12,1,8,81
2017-07-13,1,8,99
2017-07-14,1,8,128
2017-07-15,1,8,118
2017-07-16,1,8,115
2017-07-17,1,8,80
2017-07-18,1,8,81
2017-07-19,1,8,95
2017-07-20,1,8,88
2017-07-21,1,8,84
2017-07-22,1,8,106
2017-07-23,1,8,127
2017-07-24,1,8,85
2017-07-25,1,8,101
2017-07-26,1,8,91
2017-07-27,1,8,103
2017-07-28,1,8,103
2017-07-29,1,8,116
2017-07-30,1,8,101
2017-07-31,1,8,86
2017-08-01,1,8,78
2017-08-02,1,8,98
2017-08-03,1,8,76
2017-08-04,1,8,89
2017-08-05,1,8,99
2017-08-06,1,8,109
2017-08-07,1,8,74
2017-08-08,1,8,87
2017-08-09,1,8,82
2017-08-10,1,8,81
2017-08-11,1,8,99
2017-08-12,1,8,87
2017-08-13,1,8,100
2017-08-14,1,8,62
2017-08-15,1,8,85
2017-08-16,1,8,81
2017-08-17,1,8,91
2017-08-18,1,8,90
2017-08-19,1,8,92
2017-08-20,1,8,122
2017-08-21,1,8,72
2017-08-22,1,8,66
2017-08-23,1,8,73
2017-08-24,1,8,93
2017-08-25,1,8,99
2017-08-26,1,8,98
2017-08-27,1,8,118
2017-08-28,1,8,78
2017-08-29,1,8,79
2017-08-30,1,8,95
2017-08-31,1,8,82
2017-09-01,1,8,90
2017-09-02,1,8,90
2017-09-03,1,8,85
2017-09-04,1,8,66
2017-09-05,1,8,89
2017-09-06,1,8,71
2017-09-07,1,8,93
2017-09-08,1,8,105
2017-09-09,1,8,106
2017-09-10,1,8,92
2017-09-11,1,8,65
2017-09-12,1,8,75
2017-09-13,1,8,67
2017-09-14,1,8,80
2017-09-15,1,8,87
2017-09-16,1,8,84
2017-09-17,1,8,93
2017-09-18,1,8,58
2017-09-19,1,8,74
2017-09-20,1,8,71
2017-09-21,1,8,85
2017-09-22,1,8,100
2017-09-23,1,8,114
2017-09-24,1,8,102
2017-09-25,1,8,72
2017-09-26,1,8,88
2017-09-27,1,8,87
2017-09-28,1,8,65
2017-09-29,1,8,103
2017-09-30,1,8,90
2017-10-01,1,8,100
2017-10-02,1,8,64
2017-10-03,1,8,57
2017-10-04,1,8,61
2017-10-05,1,8,69
2017-10-06,1,8,69
2017-10-07,1,8,99
2017-10-08,1,8,103
2017-10-09,1,8,44
2017-10-10,1,8,64
2017-10-11,1,8,76
2017-10-12,1,8,70
2017-10-13,1,8,85
2017-10-14,1,8,81
2017-10-15,1,8,91
2017-10-16,1,8,70
2017-10-17,1,8,85
2017-10-18,1,8,79
2017-10-19,1,8,76
2017-10-20,1,8,77
2017-10-21,1,8,89
2017-10-22,1,8,96
2017-10-23,1,8,60
2017-10-24,1,8,89
2017-10-25,1,8,62
2017-10-26,1,8,67
2017-10-27,1,8,95
2017-10-28,1,8,85
2017-10-29,1,8,92
2017-10-30,1,8,62
2017-10-31,1,8,61
2017-11-01,1,8,79
2017-11-02,1,8,79
2017-11-03,1,8,93
2017-11-04,1,8,87
2017-11-05,1,8,107
2017-11-06,1,8,63
2017-11-07,1,8,95
2017-11-08,1,8,88
2017-11-09,1,8,82
2017-11-10,1,8,89
2017-11-11,1,8,90
2017-11-12,1,8,90
2017-11-13,1,8,63
2017-11-14,1,8,66
2017-11-15,1,8,67
2017-11-16,1,8,82
2017-11-17,1,8,83
2017-11-18,1,8,100
2017-11-19,1,8,93
2017-11-20,1,8,64
2017-11-21,1,8,90
2017-11-22,1,8,60
2017-11-23,1,8,85
2017-11-24,1,8,81
2017-11-25,1,8,113
2017-11-26,1,8,85
2017-11-27,1,8,54
2017-11-28,1,8,71
2017-11-29,1,8,83
2017-11-30,1,8,76
2017-12-01,1,8,69
2017-12-02,1,8,52
2017-12-03,1,8,64
2017-12-04,1,8,58
2017-12-05,1,8,42
2017-12-06,1,8,58
2017-12-07,1,8,60
2017-12-08,1,8,65
2017-12-09,1,8,62
2017-12-10,1,8,69
2017-12-11,1,8,45
2017-12-12,1,8,66
2017-12-13,1,8,57
2017-12-14,1,8,56
2017-12-15,1,8,78
2017-12-16,1,8,60
2017-12-17,1,8,73
2017-12-18,1,8,52
2017-12-19,1,8,44
2017-12-20,1,8,52
2017-12-21,1,8,79
2017-12-22,1,8,77
2017-12-23,1,8,70
2017-12-24,1,8,59
2017-12-25,1,8,56
2017-12-26,1,8,51
2017-12-27,1,8,58
2017-12-28,1,8,49
2017-12-29,1,8,54
2017-12-30,1,8,75
2017-12-31,1,8,62
2013-01-01,1,9,18
2013-01-02,1,9,23
2013-01-03,1,9,25
2013-01-04,1,9,22
2013-01-05,1,9,29
2013-01-06,1,9,35
2013-01-07,1,9,24
2013-01-08,1,9,22
2013-01-09,1,9,19
2013-01-10,1,9,30
2013-01-11,1,9,20
2013-01-12,1,9,38
2013-01-13,1,9,32
2013-01-14,1,9,24
2013-01-15,1,9,24
2013-01-16,1,9,22
2013-01-17,1,9,33
2013-01-18,1,9,24
2013-01-19,1,9,23
2013-01-20,1,9,34
2013-01-21,1,9,26
2013-01-22,1,9,20
2013-01-23,1,9,21
2013-01-24,1,9,17
2013-01-25,1,9,27
2013-01-26,1,9,25
2013-01-27,1,9,34
2013-01-28,1,9,17
2013-01-29,1,9,29
2013-01-30,1,9,26
2013-01-31,1,9,24
2013-02-01,1,9,29
2013-02-02,1,9,28
2013-02-03,1,9,31
2013-02-04,1,9,16
2013-02-05,1,9,26
2013-02-06,1,9,23
2013-02-07,1,9,25
2013-02-08,1,9,31
2013-02-09,1,9,23
2013-02-10,1,9,39
2013-02-11,1,9,32
2013-02-12,1,9,32
2013-02-13,1,9,37
2013-02-14,1,9,25
2013-02-15,1,9,38
2013-02-16,1,9,21
2013-02-17,1,9,28
2013-02-18,1,9,23
2013-02-19,1,9,24
2013-02-20,1,9,29
2013-02-21,1,9,22
2013-02-22,1,9,33
2013-02-23,1,9,30
2013-02-24,1,9,50
2013-02-25,1,9,27
2013-02-26,1,9,31
2013-02-27,1,9,28
2013-02-28,1,9,27
2013-03-01,1,9,46
2013-03-02,1,9,37
2013-03-03,1,9,45
2013-03-04,1,9,23
2013-03-05,1,9,38
2013-03-06,1,9,35
2013-03-07,1,9,49
2013-03-08,1,9,44
2013-03-09,1,9,53
2013-03-10,1,9,35
2013-03-11,1,9,23
2013-03-12,1,9,31
2013-03-13,1,9,18
2013-03-14,1,9,43
2013-03-15,1,9,46
2013-03-16,1,9,29
2013-03-17,1,9,45
2013-03-18,1,9,30
2013-03-19,1,9,38
2013-03-20,1,9,43
2013-03-21,1,9,50
2013-03-22,1,9,32
2013-03-23,1,9,43
2013-03-24,1,9,31
2013-03-25,1,9,31
2013-03-26,1,9,35
2013-03-27,1,9,27
2013-03-28,1,9,37
2013-03-29,1,9,28
2013-03-30,1,9,32
2013-03-31,1,9,47
2013-04-01,1,9,32
2013-04-02,1,9,34
2013-04-03,1,9,44
2013-04-04,1,9,45
2013-04-05,1,9,46
2013-04-06,1,9,46
2013-04-07,1,9,44
2013-04-08,1,9,25
2013-04-09,1,9,34
2013-04-10,1,9,37
2013-04-11,1,9,37
2013-04-12,1,9,43
2013-04-13,1,9,45
2013-04-14,1,9,51
2013-04-15,1,9,31
2013-04-16,1,9,41
2013-04-17,1,9,33
2013-04-18,1,9,45
2013-04-19,1,9,36
2013-04-20,1,9,46
2013-04-21,1,9,55
2013-04-22,1,9,41
2013-04-23,1,9,31
2013-04-24,1,9,31
2013-04-25,1,9,32
2013-04-26,1,9,53
2013-04-27,1,9,41
2013-04-28,1,9,54
2013-04-29,1,9,30
2013-04-30,1,9,42
2013-05-01,1,9,50
2013-05-02,1,9,48
2013-05-03,1,9,40
2013-05-04,1,9,53
2013-05-05,1,9,60
2013-05-06,1,9,35
2013-05-07,1,9,29
2013-05-08,1,9,44
2013-05-09,1,9,49
2013-05-10,1,9,45
2013-05-11,1,9,56
2013-05-12,1,9,38
2013-05-13,1,9,40
2013-05-14,1,9,37
2013-05-15,1,9,42
2013-05-16,1,9,35
2013-05-17,1,9,47
2013-05-18,1,9,50
2013-05-19,1,9,62
2013-05-20,1,9,30
2013-05-21,1,9,42
2013-05-22,1,9,42
2013-05-23,1,9,32
2013-05-24,1,9,61
2013-05-25,1,9,38
2013-05-26,1,9,56
2013-05-27,1,9,35
2013-05-28,1,9,39
2013-05-29,1,9,37
2013-05-30,1,9,50
2013-05-31,1,9,44
2013-06-01,1,9,37
2013-06-02,1,9,59
2013-06-03,1,9,42
2013-06-04,1,9,54
2013-06-05,1,9,43
2013-06-06,1,9,44
2013-06-07,1,9,42
2013-06-08,1,9,53
2013-06-09,1,9,60
2013-06-10,1,9,43
2013-06-11,1,9,42
2013-06-12,1,9,46
2013-06-13,1,9,45
2013-06-14,1,9,62
2013-06-15,1,9,65
2013-06-16,1,9,62
2013-06-17,1,9,36
2013-06-18,1,9,45
2013-06-19,1,9,42
2013-06-20,1,9,46
2013-06-21,1,9,55
2013-06-22,1,9,65
2013-06-23,1,9,49
2013-06-24,1,9,33
2013-06-25,1,9,50
2013-06-26,1,9,46
2013-06-27,1,9,44
2013-06-28,1,9,45
2013-06-29,1,9,40
2013-06-30,1,9,49
2013-07-01,1,9,44
2013-07-02,1,9,45
2013-07-03,1,9,37
2013-07-04,1,9,50
2013-07-05,1,9,54
2013-07-06,1,9,55
2013-07-07,1,9,63
2013-07-08,1,9,42
2013-07-09,1,9,54
2013-07-10,1,9,36
2013-07-11,1,9,56
2013-07-12,1,9,55
2013-07-13,1,9,59
2013-07-14,1,9,75
2013-07-15,1,9,39
2013-07-16,1,9,41
2013-07-17,1,9,43
2013-07-18,1,9,38
2013-07-19,1,9,43
2013-07-20,1,9,52
2013-07-21,1,9,52
2013-07-22,1,9,35
2013-07-23,1,9,35
2013-07-24,1,9,54
2013-07-25,1,9,56
2013-07-26,1,9,50
2013-07-27,1,9,76
2013-07-28,1,9,64
2013-07-29,1,9,45
2013-07-30,1,9,44
2013-07-31,1,9,55
2013-08-01,1,9,49
2013-08-02,1,9,35
2013-08-03,1,9,53
2013-08-04,1,9,55
2013-08-05,1,9,39
2013-08-06,1,9,39
2013-08-07,1,9,34
2013-08-08,1,9,31
2013-08-09,1,9,40
2013-08-10,1,9,52
2013-08-11,1,9,52
2013-08-12,1,9,38
2013-08-13,1,9,42
2013-08-14,1,9,53
2013-08-15,1,9,44
2013-08-16,1,9,52
2013-08-17,1,9,56
2013-08-18,1,9,38
2013-08-19,1,9,28
2013-08-20,1,9,47
2013-08-21,1,9,39
2013-08-22,1,9,48
2013-08-23,1,9,63
2013-08-24,1,9,55
2013-08-25,1,9,50
2013-08-26,1,9,39
2013-08-27,1,9,37
2013-08-28,1,9,41
2013-08-29,1,9,41
2013-08-30,1,9,36
2013-08-31,1,9,42
2013-09-01,1,9,48
2013-09-02,1,9,33
2013-09-03,1,9,34
2013-09-04,1,9,28
2013-09-05,1,9,42
2013-09-06,1,9,39
2013-09-07,1,9,54
2013-09-08,1,9,55
2013-09-09,1,9,17
2013-09-10,1,9,37
2013-09-11,1,9,40
2013-09-12,1,9,52
2013-09-13,1,9,38
2013-09-14,1,9,47
2013-09-15,1,9,48
2013-09-16,1,9,26
2013-09-17,1,9,44
2013-09-18,1,9,37
2013-09-19,1,9,51
2013-09-20,1,9,38
2013-09-21,1,9,53
2013-09-22,1,9,56
2013-09-23,1,9,36
2013-09-24,1,9,35
2013-09-25,1,9,28
2013-09-26,1,9,38
2013-09-27,1,9,50
2013-09-28,1,9,45
2013-09-29,1,9,52
2013-09-30,1,9,36
2013-10-01,1,9,38
2013-10-02,1,9,35
2013-10-03,1,9,35
2013-10-04,1,9,39
2013-10-05,1,9,36
2013-10-06,1,9,46
2013-10-07,1,9,27
2013-10-08,1,9,41
2013-10-09,1,9,39
2013-10-10,1,9,34
2013-10-11,1,9,44
2013-10-12,1,9,45
2013-10-13,1,9,43
2013-10-14,1,9,27
2013-10-15,1,9,49
2013-10-16,1,9,36
2013-10-17,1,9,36
2013-10-18,1,9,40
2013-10-19,1,9,55
2013-10-20,1,9,39
2013-10-21,1,9,26
2013-10-22,1,9,31
2013-10-23,1,9,39
2013-10-24,1,9,37
2013-10-25,1,9,35
2013-10-26,1,9,45
2013-10-27,1,9,48
2013-10-28,1,9,36
2013-10-29,1,9,24
2013-10-30,1,9,28
2013-10-31,1,9,29
2013-11-01,1,9,49
2013-11-02,1,9,47
2013-11-03,1,9,56
2013-11-04,1,9,44
2013-11-05,1,9,38
2013-11-06,1,9,42
2013-11-07,1,9,33
2013-11-08,1,9,49
2013-11-09,1,9,46
2013-11-10,1,9,43
2013-11-11,1,9,21
2013-11-12,1,9,32
2013-11-13,1,9,29
2013-11-14,1,9,36
2013-11-15,1,9,37
2013-11-16,1,9,52
2013-11-17,1,9,43
2013-11-18,1,9,25
2013-11-19,1,9,43
2013-11-20,1,9,41
2013-11-21,1,9,36
2013-11-22,1,9,39
2013-11-23,1,9,49
2013-11-24,1,9,49
2013-11-25,1,9,41
2013-11-26,1,9,43
2013-11-27,1,9,47
2013-11-28,1,9,44
2013-11-29,1,9,46
2013-11-30,1,9,37
2013-12-01,1,9,33
2013-12-02,1,9,26
2013-12-03,1,9,24
2013-12-04,1,9,19
2013-12-05,1,9,29
2013-12-06,1,9,31
2013-12-07,1,9,34
2013-12-08,1,9,28
2013-12-09,1,9,23
2013-12-10,1,9,31
2013-12-11,1,9,25
2013-12-12,1,9,24
2013-12-13,1,9,32
2013-12-14,1,9,23
2013-12-15,1,9,31
2013-12-16,1,9,22
2013-12-17,1,9,29
2013-12-18,1,9,26
2013-12-19,1,9,30
2013-12-20,1,9,41
2013-12-21,1,9,32
2013-12-22,1,9,33
2013-12-23,1,9,29
2013-12-24,1,9,21
2013-12-25,1,9,27
2013-12-26,1,9,21
2013-12-27,1,9,35
2013-12-28,1,9,46
2013-12-29,1,9,30
2013-12-30,1,9,30
2013-12-31,1,9,31
2014-01-01,1,9,19
2014-01-02,1,9,28
2014-01-03,1,9,26
2014-01-04,1,9,31
2014-01-05,1,9,28
2014-01-06,1,9,21
2014-01-07,1,9,28
2014-01-08,1,9,24
2014-01-09,1,9,27
2014-01-10,1,9,29
2014-01-11,1,9,36
2014-01-12,1,9,34
2014-01-13,1,9,19
2014-01-14,1,9,24
2014-01-15,1,9,29
2014-01-16,1,9,29
2014-01-17,1,9,25
2014-01-18,1,9,32
2014-01-19,1,9,45
2014-01-20,1,9,19
2014-01-21,1,9,28
2014-01-22,1,9,32
2014-01-23,1,9,27
2014-01-24,1,9,37
2014-01-25,1,9,33
2014-01-26,1,9,34
2014-01-27,1,9,26
2014-01-28,1,9,28
2014-01-29,1,9,32
2014-01-30,1,9,35
2014-01-31,1,9,42
2014-02-01,1,9,42
2014-02-02,1,9,41
2014-02-03,1,9,30
2014-02-04,1,9,30
2014-02-05,1,9,31
2014-02-06,1,9,29
2014-02-07,1,9,39
2014-02-08,1,9,48
2014-02-09,1,9,34
2014-02-10,1,9,14
2014-02-11,1,9,31
2014-02-12,1,9,36
2014-02-13,1,9,36
2014-02-14,1,9,34
2014-02-15,1,9,33
2014-02-16,1,9,36
2014-02-17,1,9,24
2014-02-18,1,9,35
2014-02-19,1,9,38
2014-02-20,1,9,41
2014-02-21,1,9,42
2014-02-22,1,9,25
2014-02-23,1,9,38
2014-02-24,1,9,26
2014-02-25,1,9,28
2014-02-26,1,9,26
2014-02-27,1,9,27
2014-02-28,1,9,33
2014-03-01,1,9,55
2014-03-02,1,9,51
2014-03-03,1,9,34
2014-03-04,1,9,46
2014-03-05,1,9,40
2014-03-06,1,9,39
2014-03-07,1,9,46
2014-03-08,1,9,40
2014-03-09,1,9,38
2014-03-10,1,9,35
2014-03-11,1,9,45
2014-03-12,1,9,39
2014-03-13,1,9,47
2014-03-14,1,9,42
2014-03-15,1,9,36
2014-03-16,1,9,38
2014-03-17,1,9,39
2014-03-18,1,9,34
2014-03-19,1,9,33
2014-03-20,1,9,48
2014-03-21,1,9,36
2014-03-22,1,9,54
2014-03-23,1,9,50
2014-03-24,1,9,37
2014-03-25,1,9,35
2014-03-26,1,9,42
2014-03-27,1,9,33
2014-03-28,1,9,35
2014-03-29,1,9,42
2014-03-30,1,9,47
2014-03-31,1,9,31
2014-04-01,1,9,45
2014-04-02,1,9,44
2014-04-03,1,9,41
2014-04-04,1,9,52
2014-04-05,1,9,43
2014-04-06,1,9,60
2014-04-07,1,9,44
2014-04-08,1,9,52
2014-04-09,1,9,36
2014-04-10,1,9,44
2014-04-11,1,9,43
2014-04-12,1,9,62
2014-04-13,1,9,59
2014-04-14,1,9,38
2014-04-15,1,9,36
2014-04-16,1,9,44
2014-04-17,1,9,52
2014-04-18,1,9,43
2014-04-19,1,9,48
2014-04-20,1,9,46
2014-04-21,1,9,43
2014-04-22,1,9,40
2014-04-23,1,9,41
2014-04-24,1,9,57
2014-04-25,1,9,34
2014-04-26,1,9,56
2014-04-27,1,9,62
2014-04-28,1,9,29
2014-04-29,1,9,41
2014-04-30,1,9,41
2014-05-01,1,9,52
2014-05-02,1,9,51
2014-05-03,1,9,51
2014-05-04,1,9,69
2014-05-05,1,9,39
2014-05-06,1,9,44
2014-05-07,1,9,56
2014-05-08,1,9,56
2014-05-09,1,9,50
2014-05-10,1,9,69
2014-05-11,1,9,62
2014-05-12,1,9,40
2014-05-13,1,9,44
2014-05-14,1,9,44
2014-05-15,1,9,44
2014-05-16,1,9,47
2014-05-17,1,9,57
2014-05-18,1,9,60
2014-05-19,1,9,38
2014-05-20,1,9,41
2014-05-21,1,9,46
2014-05-22,1,9,66
2014-05-23,1,9,57
2014-05-24,1,9,63
2014-05-25,1,9,53
2014-05-26,1,9,38
2014-05-27,1,9,57
2014-05-28,1,9,39
2014-05-29,1,9,60
2014-05-30,1,9,52
2014-05-31,1,9,65
2014-06-01,1,9,54
2014-06-02,1,9,44
2014-06-03,1,9,46
2014-06-04,1,9,50
2014-06-05,1,9,52
2014-06-06,1,9,45
2014-06-07,1,9,71
2014-06-08,1,9,62
2014-06-09,1,9,50
2014-06-10,1,9,40
2014-06-11,1,9,52
2014-06-12,1,9,53
2014-06-13,1,9,62
2014-06-14,1,9,56
2014-06-15,1,9,72
2014-06-16,1,9,41
2014-06-17,1,9,46
2014-06-18,1,9,49
2014-06-19,1,9,54
2014-06-20,1,9,48
2014-06-21,1,9,60
2014-06-22,1,9,66
2014-06-23,1,9,42
2014-06-24,1,9,36
2014-06-25,1,9,47
2014-06-26,1,9,57
2014-06-27,1,9,51
2014-06-28,1,9,75
2014-06-29,1,9,73
2014-06-30,1,9,50
2014-07-01,1,9,61
2014-07-02,1,9,51
2014-07-03,1,9,58
2014-07-04,1,9,52
2014-07-05,1,9,73
2014-07-06,1,9,60
2014-07-07,1,9,49
2014-07-08,1,9,47
2014-07-09,1,9,48
2014-07-10,1,9,60
2014-07-11,1,9,58
2014-07-12,1,9,54
2014-07-13,1,9,74
2014-07-14,1,9,35
2014-07-15,1,9,62
2014-07-16,1,9,51
2014-07-17,1,9,53
2014-07-18,1,9,80
2014-07-19,1,9,57
2014-07-20,1,9,69
2014-07-21,1,9,57
2014-07-22,1,9,48
2014-07-23,1,9,53
2014-07-24,1,9,64
2014-07-25,1,9,52
2014-07-26,1,9,44
2014-07-27,1,9,79
2014-07-28,1,9,45
2014-07-29,1,9,59
2014-07-30,1,9,55
2014-07-31,1,9,50
2014-08-01,1,9,54
2014-08-02,1,9,58
2014-08-03,1,9,62
2014-08-04,1,9,42
2014-08-05,1,9,35
2014-08-06,1,9,47
2014-08-07,1,9,53
2014-08-08,1,9,51
2014-08-09,1,9,49
2014-08-10,1,9,60
2014-08-11,1,9,29
2014-08-12,1,9,48
2014-08-13,1,9,50
2014-08-14,1,9,46
2014-08-15,1,9,53
2014-08-16,1,9,48
2014-08-17,1,9,63
2014-08-18,1,9,42
2014-08-19,1,9,44
2014-08-20,1,9,52
2014-08-21,1,9,54
2014-08-22,1,9,45
2014-08-23,1,9,63
2014-08-24,1,9,58
2014-08-25,1,9,37
2014-08-26,1,9,46
2014-08-27,1,9,44
2014-08-28,1,9,52
2014-08-29,1,9,49
2014-08-30,1,9,47
2014-08-31,1,9,61
2014-09-01,1,9,40
2014-09-02,1,9,53
2014-09-03,1,9,49
2014-09-04,1,9,50
2014-09-05,1,9,44
2014-09-06,1,9,53
2014-09-07,1,9,55
2014-09-08,1,9,42
2014-09-09,1,9,38
2014-09-10,1,9,49
2014-09-11,1,9,56
2014-09-12,1,9,52
2014-09-13,1,9,46
2014-09-14,1,9,50
2014-09-15,1,9,43
2014-09-16,1,9,43
2014-09-17,1,9,48
2014-09-18,1,9,49
2014-09-19,1,9,52
2014-09-20,1,9,48
2014-09-21,1,9,53
2014-09-22,1,9,35
2014-09-23,1,9,40
2014-09-24,1,9,51
2014-09-25,1,9,42
2014-09-26,1,9,49
2014-09-27,1,9,41
2014-09-28,1,9,61
2014-09-29,1,9,38
2014-09-30,1,9,36
2014-10-01,1,9,43
2014-10-02,1,9,42
2014-10-03,1,9,29
2014-10-04,1,9,43
2014-10-05,1,9,53
2014-10-06,1,9,33
2014-10-07,1,9,41
2014-10-08,1,9,44
2014-10-09,1,9,43
2014-10-10,1,9,52
2014-10-11,1,9,49
2014-10-12,1,9,50
2014-10-13,1,9,28
2014-10-14,1,9,48
2014-10-15,1,9,36
2014-10-16,1,9,39
2014-10-17,1,9,45
2014-10-18,1,9,54
2014-10-19,1,9,47
2014-10-20,1,9,40
2014-10-21,1,9,47
2014-10-22,1,9,35
2014-10-23,1,9,54
2014-10-24,1,9,42
2014-10-25,1,9,37
2014-10-26,1,9,54
2014-10-27,1,9,38
2014-10-28,1,9,49
2014-10-29,1,9,28
2014-10-30,1,9,48
2014-10-31,1,9,46
2014-11-01,1,9,56
2014-11-02,1,9,63
2014-11-03,1,9,28
2014-11-04,1,9,43
2014-11-05,1,9,49
2014-11-06,1,9,49
2014-11-07,1,9,41
2014-11-08,1,9,47
2014-11-09,1,9,42
2014-11-10,1,9,34
2014-11-11,1,9,43
2014-11-12,1,9,33
2014-11-13,1,9,51
2014-11-14,1,9,53
2014-11-15,1,9,59
2014-11-16,1,9,48
2014-11-17,1,9,32
2014-11-18,1,9,49
2014-11-19,1,9,45
2014-11-20,1,9,56
2014-11-21,1,9,51
2014-11-22,1,9,48
2014-11-23,1,9,54
2014-11-24,1,9,41
2014-11-25,1,9,43
2014-11-26,1,9,40
2014-11-27,1,9,46
2014-11-28,1,9,67
2014-11-29,1,9,58
2014-11-30,1,9,75
2014-12-01,1,9,20
2014-12-02,1,9,31
2014-12-03,1,9,21
2014-12-04,1,9,41
2014-12-05,1,9,42
2014-12-06,1,9,35
2014-12-07,1,9,44
2014-12-08,1,9,25
2014-12-09,1,9,36
2014-12-10,1,9,38
2014-12-11,1,9,36
2014-12-12,1,9,31
2014-12-13,1,9,50
2014-12-14,1,9,39
2014-12-15,1,9,35
2014-12-16,1,9,20
2014-12-17,1,9,35
2014-12-18,1,9,32
2014-12-19,1,9,33
2014-12-20,1,9,46
2014-12-21,1,9,41
2014-12-22,1,9,31
2014-12-23,1,9,31
2014-12-24,1,9,28
2014-12-25,1,9,31
2014-12-26,1,9,38
2014-12-27,1,9,34
2014-12-28,1,9,39
2014-12-29,1,9,30
2014-12-30,1,9,19
2014-12-31,1,9,31
2015-01-01,1,9,28
2015-01-02,1,9,21
2015-01-03,1,9,36
2015-01-04,1,9,29
2015-01-05,1,9,30
2015-01-06,1,9,25
2015-01-07,1,9,25
2015-01-08,1,9,37
2015-01-09,1,9,26
2015-01-10,1,9,27
2015-01-11,1,9,50
2015-01-12,1,9,28
2015-01-13,1,9,24
2015-01-14,1,9,30
2015-01-15,1,9,37
2015-01-16,1,9,44
2015-01-17,1,9,32
2015-01-18,1,9,53
2015-01-19,1,9,29
2015-01-20,1,9,25
2015-01-21,1,9,27
2015-01-22,1,9,34
2015-01-23,1,9,46
2015-01-24,1,9,41
2015-01-25,1,9,34
2015-01-26,1,9,43
2015-01-27,1,9,31
2015-01-28,1,9,27
2015-01-29,1,9,31
2015-01-30,1,9,37
2015-01-31,1,9,35
2015-02-01,1,9,39
2015-02-02,1,9,19
2015-02-03,1,9,36
2015-02-04,1,9,34
2015-02-05,1,9,43
2015-02-06,1,9,28
2015-02-07,1,9,39
2015-02-08,1,9,42
2015-02-09,1,9,26
2015-02-10,1,9,39
2015-02-11,1,9,32
2015-02-12,1,9,32
2015-02-13,1,9,45
2015-02-14,1,9,44
2015-02-15,1,9,38
2015-02-16,1,9,30
2015-02-17,1,9,34
2015-02-18,1,9,19
2015-02-19,1,9,32
2015-02-20,1,9,26
2015-02-21,1,9,36
2015-02-22,1,9,48
2015-02-23,1,9,27
2015-02-24,1,9,24
2015-02-25,1,9,28
2015-02-26,1,9,35
2015-02-27,1,9,23
2015-02-28,1,9,31
2015-03-01,1,9,48
2015-03-02,1,9,31
2015-03-03,1,9,37
2015-03-04,1,9,45
2015-03-05,1,9,47
2015-03-06,1,9,43
2015-03-07,1,9,63
2015-03-08,1,9,50
2015-03-09,1,9,30
2015-03-10,1,9,44
2015-03-11,1,9,31
2015-03-12,1,9,45
2015-03-13,1,9,55
2015-03-14,1,9,46
2015-03-15,1,9,42
2015-03-16,1,9,19
2015-03-17,1,9,28
2015-03-18,1,9,37
2015-03-19,1,9,37
2015-03-20,1,9,51
2015-03-21,1,9,48
2015-03-22,1,9,49
2015-03-23,1,9,24
2015-03-24,1,9,42
2015-03-25,1,9,40
2015-03-26,1,9,36
2015-03-27,1,9,40
2015-03-28,1,9,39
2015-03-29,1,9,42
2015-03-30,1,9,28
2015-03-31,1,9,49
2015-04-01,1,9,44
2015-04-02,1,9,49
2015-04-03,1,9,45
2015-04-04,1,9,51
2015-04-05,1,9,63
2015-04-06,1,9,40
2015-04-07,1,9,43
2015-04-08,1,9,51
2015-04-09,1,9,54
2015-04-10,1,9,43
2015-04-11,1,9,56
2015-04-12,1,9,59
2015-04-13,1,9,52
2015-04-14,1,9,48
2015-04-15,1,9,52
2015-04-16,1,9,68
2015-04-17,1,9,53
2015-04-18,1,9,48
2015-04-19,1,9,64
2015-04-20,1,9,35
2015-04-21,1,9,35
2015-04-22,1,9,47
2015-04-23,1,9,52
2015-04-24,1,9,53
2015-04-25,1,9,57
2015-04-26,1,9,63
2015-04-27,1,9,41
2015-04-28,1,9,45
2015-04-29,1,9,46
2015-04-30,1,9,39
2015-05-01,1,9,58
2015-05-02,1,9,65
2015-05-03,1,9,63
2015-05-04,1,9,50
2015-05-05,1,9,46
2015-05-06,1,9,52
2015-05-07,1,9,39
2015-05-08,1,9,45
2015-05-09,1,9,69
2015-05-10,1,9,52
2015-05-11,1,9,34
2015-05-12,1,9,42
2015-05-13,1,9,57
2015-05-14,1,9,51
2015-05-15,1,9,61
2015-05-16,1,9,72
2015-05-17,1,9,67
2015-05-18,1,9,39
2015-05-19,1,9,53
2015-05-20,1,9,38
2015-05-21,1,9,54
2015-05-22,1,9,59
2015-05-23,1,9,66
2015-05-24,1,9,61
2015-05-25,1,9,38
2015-05-26,1,9,57
2015-05-27,1,9,52
2015-05-28,1,9,55
2015-05-29,1,9,69
2015-05-30,1,9,55
2015-05-31,1,9,55
2015-06-01,1,9,54
2015-06-02,1,9,55
2015-06-03,1,9,52
2015-06-04,1,9,53
2015-06-05,1,9,46
2015-06-06,1,9,67
2015-06-07,1,9,76
2015-06-08,1,9,46
2015-06-09,1,9,53
2015-06-10,1,9,50
2015-06-11,1,9,47
2015-06-12,1,9,53
2015-06-13,1,9,72
2015-06-14,1,9,75
2015-06-15,1,9,49
2015-06-16,1,9,46
2015-06-17,1,9,55
2015-06-18,1,9,60
2015-06-19,1,9,76
2015-06-20,1,9,63
2015-06-21,1,9,64
2015-06-22,1,9,49
2015-06-23,1,9,48
2015-06-24,1,9,57
2015-06-25,1,9,61
2015-06-26,1,9,55
2015-06-27,1,9,76
2015-06-28,1,9,81
2015-06-29,1,9,45
2015-06-30,1,9,41
2015-07-01,1,9,55
2015-07-02,1,9,52
2015-07-03,1,9,69
2015-07-04,1,9,79
2015-07-05,1,9,64
2015-07-06,1,9,39
2015-07-07,1,9,61
2015-07-08,1,9,55
2015-07-09,1,9,62
2015-07-10,1,9,57
2015-07-11,1,9,61
2015-07-12,1,9,76
2015-07-13,1,9,43
2015-07-14,1,9,69
2015-07-15,1,9,59
2015-07-16,1,9,66
2015-07-17,1,9,57
2015-07-18,1,9,80
2015-07-19,1,9,79
2015-07-20,1,9,49
2015-07-21,1,9,56
2015-07-22,1,9,47
2015-07-23,1,9,66
2015-07-24,1,9,75
2015-07-25,1,9,64
2015-07-26,1,9,60
2015-07-27,1,9,38
2015-07-28,1,9,54
2015-07-29,1,9,65
2015-07-30,1,9,59
2015-07-31,1,9,59
2015-08-01,1,9,69
2015-08-02,1,9,54
2015-08-03,1,9,44
2015-08-04,1,9,52
2015-08-05,1,9,54
2015-08-06,1,9,43
2015-08-07,1,9,50
2015-08-08,1,9,54
2015-08-09,1,9,51
2015-08-10,1,9,52
2015-08-11,1,9,53
2015-08-12,1,9,59
2015-08-13,1,9,54
2015-08-14,1,9,54
2015-08-15,1,9,55
2015-08-16,1,9,69
2015-08-17,1,9,34
2015-08-18,1,9,50
2015-08-19,1,9,40
2015-08-20,1,9,50
2015-08-21,1,9,53
2015-08-22,1,9,60
2015-08-23,1,9,61
2015-08-24,1,9,38
2015-08-25,1,9,54
2015-08-26,1,9,49
2015-08-27,1,9,57
2015-08-28,1,9,54
2015-08-29,1,9,60
2015-08-30,1,9,53
2015-08-31,1,9,41
2015-09-01,1,9,36
2015-09-02,1,9,29
2015-09-03,1,9,64
2015-09-04,1,9,42
2015-09-05,1,9,49
2015-09-06,1,9,72
2015-09-07,1,9,40
2015-09-08,1,9,43
2015-09-09,1,9,46
2015-09-10,1,9,41
2015-09-11,1,9,53
2015-09-12,1,9,57
2015-09-13,1,9,56
2015-09-14,1,9,28
2015-09-15,1,9,32
2015-09-16,1,9,42
2015-09-17,1,9,62
2015-09-18,1,9,53
2015-09-19,1,9,50
2015-09-20,1,9,58
2015-09-21,1,9,49
2015-09-22,1,9,60
2015-09-23,1,9,50
2015-09-24,1,9,48
2015-09-25,1,9,55
2015-09-26,1,9,52
2015-09-27,1,9,58
2015-09-28,1,9,36
2015-09-29,1,9,40
2015-09-30,1,9,35
2015-10-01,1,9,50
2015-10-02,1,9,40
2015-10-03,1,9,54
2015-10-04,1,9,50
2015-10-05,1,9,36
2015-10-06,1,9,48
2015-10-07,1,9,41
2015-10-08,1,9,47
2015-10-09,1,9,45
2015-10-10,1,9,53
2015-10-11,1,9,60
2015-10-12,1,9,42
2015-10-13,1,9,46
2015-10-14,1,9,40
2015-10-15,1,9,50
2015-10-16,1,9,47
2015-10-17,1,9,53
2015-10-18,1,9,42
2015-10-19,1,9,32
2015-10-20,1,9,45
2015-10-21,1,9,40
2015-10-22,1,9,42
2015-10-23,1,9,60
2015-10-24,1,9,62
2015-10-25,1,9,45
2015-10-26,1,9,40
2015-10-27,1,9,42
2015-10-28,1,9,51
2015-10-29,1,9,49
2015-10-30,1,9,58
2015-10-31,1,9,47
2015-11-01,1,9,48
2015-11-02,1,9,34
2015-11-03,1,9,39
2015-11-04,1,9,45
2015-11-05,1,9,39
2015-11-06,1,9,36
2015-11-07,1,9,67
2015-11-08,1,9,63
2015-11-09,1,9,38
2015-11-10,1,9,52
2015-11-11,1,9,40
2015-11-12,1,9,41
2015-11-13,1,9,55
2015-11-14,1,9,48
2015-11-15,1,9,53
2015-11-16,1,9,33
2015-11-17,1,9,40
2015-11-18,1,9,43
2015-11-19,1,9,47
2015-11-20,1,9,53
2015-11-21,1,9,52
2015-11-22,1,9,48
2015-11-23,1,9,44
2015-11-24,1,9,65
2015-11-25,1,9,45
2015-11-26,1,9,50
2015-11-27,1,9,54
2015-11-28,1,9,66
2015-11-29,1,9,50
2015-11-30,1,9,29
2015-12-01,1,9,35
2015-12-02,1,9,32
2015-12-03,1,9,32
2015-12-04,1,9,37
2015-12-05,1,9,41
2015-12-06,1,9,37
2015-12-07,1,9,23
2015-12-08,1,9,43
2015-12-09,1,9,37
2015-12-10,1,9,37
2015-12-11,1,9,38
2015-12-12,1,9,40
2015-12-13,1,9,29
2015-12-14,1,9,26
2015-12-15,1,9,26
2015-12-16,1,9,33
2015-12-17,1,9,35
2015-12-18,1,9,35
2015-12-19,1,9,33
2015-12-20,1,9,42
2015-12-21,1,9,31
2015-12-22,1,9,28
2015-12-23,1,9,32
2015-12-24,1,9,51
2015-12-25,1,9,34
2015-12-26,1,9,35
2015-12-27,1,9,46
2015-12-28,1,9,30
2015-12-29,1,9,26
2015-12-30,1,9,35
2015-12-31,1,9,32
2016-01-01,1,9,47
2016-01-02,1,9,37
2016-01-03,1,9,31
2016-01-04,1,9,16
2016-01-05,1,9,35
2016-01-06,1,9,34
2016-01-07,1,9,37
2016-01-08,1,9,35
2016-01-09,1,9,28
2016-01-10,1,9,41
2016-01-11,1,9,18
2016-01-12,1,9,38
2016-01-13,1,9,25
2016-01-14,1,9,37
2016-01-15,1,9,28
2016-01-16,1,9,33
2016-01-17,1,9,39
2016-01-18,1,9,16
2016-01-19,1,9,44
2016-01-20,1,9,27
2016-01-21,1,9,32
2016-01-22,1,9,35
2016-01-23,1,9,40
2016-01-24,1,9,44
2016-01-25,1,9,20
2016-01-26,1,9,42
2016-01-27,1,9,32
2016-01-28,1,9,31
2016-01-29,1,9,37
2016-01-30,1,9,40
2016-01-31,1,9,39
2016-02-01,1,9,36
2016-02-02,1,9,36
2016-02-03,1,9,34
2016-02-04,1,9,33
2016-02-05,1,9,42
2016-02-06,1,9,51
2016-02-07,1,9,47
2016-02-08,1,9,25
2016-02-09,1,9,36
2016-02-10,1,9,27
2016-02-11,1,9,48
2016-02-12,1,9,42
2016-02-13,1,9,42
2016-02-14,1,9,44
2016-02-15,1,9,40
2016-02-16,1,9,34
2016-02-17,1,9,37
2016-02-18,1,9,45
2016-02-19,1,9,44
2016-02-20,1,9,37
2016-02-21,1,9,50
2016-02-22,1,9,34
2016-02-23,1,9,43
2016-02-24,1,9,37
2016-02-25,1,9,36
2016-02-26,1,9,42
2016-02-27,1,9,44
2016-02-28,1,9,43
2016-02-29,1,9,37
2016-03-01,1,9,26
2016-03-02,1,9,37
2016-03-03,1,9,49
2016-03-04,1,9,56
2016-03-05,1,9,42
2016-03-06,1,9,53
2016-03-07,1,9,31
2016-03-08,1,9,38
2016-03-09,1,9,44
2016-03-10,1,9,46
2016-03-11,1,9,53
2016-03-12,1,9,44
2016-03-13,1,9,54
2016-03-14,1,9,37
2016-03-15,1,9,42
2016-03-16,1,9,43
2016-03-17,1,9,62
2016-03-18,1,9,50
2016-03-19,1,9,43
2016-03-20,1,9,61
2016-03-21,1,9,40
2016-03-22,1,9,40
2016-03-23,1,9,37
2016-03-24,1,9,52
2016-03-25,1,9,43
2016-03-26,1,9,50
2016-03-27,1,9,58
2016-03-28,1,9,24
2016-03-29,1,9,32
2016-03-30,1,9,45
2016-03-31,1,9,47
2016-04-01,1,9,66
2016-04-02,1,9,59
2016-04-03,1,9,64
2016-04-04,1,9,41
2016-04-05,1,9,64
2016-04-06,1,9,60
2016-04-07,1,9,44
2016-04-08,1,9,63
2016-04-09,1,9,67
2016-04-10,1,9,51
2016-04-11,1,9,47
2016-04-12,1,9,59
2016-04-13,1,9,39
2016-04-14,1,9,52
2016-04-15,1,9,59
2016-04-16,1,9,69
2016-04-17,1,9,68
2016-04-18,1,9,38
2016-04-19,1,9,42
2016-04-20,1,9,56
2016-04-21,1,9,39
2016-04-22,1,9,58
2016-04-23,1,9,55
2016-04-24,1,9,57
2016-04-25,1,9,35
2016-04-26,1,9,53
2016-04-27,1,9,58
2016-04-28,1,9,63
2016-04-29,1,9,64
2016-04-30,1,9,75
2016-05-01,1,9,77
2016-05-02,1,9,44
2016-05-03,1,9,63
2016-05-04,1,9,55
2016-05-05,1,9,50
2016-05-06,1,9,65
2016-05-07,1,9,59
2016-05-08,1,9,72
2016-05-09,1,9,37
2016-05-10,1,9,57
2016-05-11,1,9,55
2016-05-12,1,9,55
2016-05-13,1,9,38
2016-05-14,1,9,63
2016-05-15,1,9,72
2016-05-16,1,9,47
2016-05-17,1,9,69
2016-05-18,1,9,48
2016-05-19,1,9,56
2016-05-20,1,9,61
2016-05-21,1,9,72
2016-05-22,1,9,70
2016-05-23,1,9,38
2016-05-24,1,9,58
2016-05-25,1,9,56
2016-05-26,1,9,61
2016-05-27,1,9,65
2016-05-28,1,9,69
2016-05-29,1,9,80
2016-05-30,1,9,53
2016-05-31,1,9,47
2016-06-01,1,9,55
2016-06-02,1,9,67
2016-06-03,1,9,67
2016-06-04,1,9,60
2016-06-05,1,9,76
2016-06-06,1,9,47
2016-06-07,1,9,54
2016-06-08,1,9,65
2016-06-09,1,9,56
2016-06-10,1,9,63
2016-06-11,1,9,70
2016-06-12,1,9,80
2016-06-13,1,9,54
2016-06-14,1,9,57
2016-06-15,1,9,59
2016-06-16,1,9,63
2016-06-17,1,9,62
2016-06-18,1,9,61
2016-06-19,1,9,67
2016-06-20,1,9,38
2016-06-21,1,9,47
2016-06-22,1,9,49
2016-06-23,1,9,68
2016-06-24,1,9,67
2016-06-25,1,9,68
2016-06-26,1,9,72
2016-06-27,1,9,50
2016-06-28,1,9,46
2016-06-29,1,9,66
2016-06-30,1,9,49
2016-07-01,1,9,73
2016-07-02,1,9,80
2016-07-03,1,9,67
2016-07-04,1,9,57
2016-07-05,1,9,68
2016-07-06,1,9,53
2016-07-07,1,9,65
2016-07-08,1,9,67
2016-07-09,1,9,94
2016-07-10,1,9,75
2016-07-11,1,9,52
2016-07-12,1,9,44
2016-07-13,1,9,74
2016-07-14,1,9,57
2016-07-15,1,9,79
2016-07-16,1,9,56
2016-07-17,1,9,73
2016-07-18,1,9,51
2016-07-19,1,9,50
2016-07-20,1,9,70
2016-07-21,1,9,53
2016-07-22,1,9,65
2016-07-23,1,9,70
2016-07-24,1,9,70
2016-07-25,1,9,57
2016-07-26,1,9,50
2016-07-27,1,9,47
2016-07-28,1,9,64
2016-07-29,1,9,53
2016-07-30,1,9,75
2016-07-31,1,9,92
2016-08-01,1,9,48
2016-08-02,1,9,51
2016-08-03,1,9,45
2016-08-04,1,9,52
2016-08-05,1,9,51
2016-08-06,1,9,62
2016-08-07,1,9,68
2016-08-08,1,9,52
2016-08-09,1,9,45
2016-08-10,1,9,57
2016-08-11,1,9,63
2016-08-12,1,9,76
2016-08-13,1,9,77
2016-08-14,1,9,66
2016-08-15,1,9,52
2016-08-16,1,9,51
2016-08-17,1,9,58
2016-08-18,1,9,54
2016-08-19,1,9,62
2016-08-20,1,9,71
2016-08-21,1,9,60
2016-08-22,1,9,60
2016-08-23,1,9,50
2016-08-24,1,9,61
2016-08-25,1,9,51
2016-08-26,1,9,56
2016-08-27,1,9,61
2016-08-28,1,9,68
2016-08-29,1,9,60
2016-08-30,1,9,73
2016-08-31,1,9,59
2016-09-01,1,9,48
2016-09-02,1,9,50
2016-09-03,1,9,63
2016-09-04,1,9,53
2016-09-05,1,9,41
2016-09-06,1,9,41
2016-09-07,1,9,45
2016-09-08,1,9,58
2016-09-09,1,9,68
2016-09-10,1,9,71
2016-09-11,1,9,61
2016-09-12,1,9,40
2016-09-13,1,9,36
2016-09-14,1,9,65
2016-09-15,1,9,60
2016-09-16,1,9,61
2016-09-17,1,9,49
2016-09-18,1,9,62
2016-09-19,1,9,48
2016-09-20,1,9,45
2016-09-21,1,9,67
2016-09-22,1,9,62
2016-09-23,1,9,50
2016-09-24,1,9,60
2016-09-25,1,9,62
2016-09-26,1,9,38
2016-09-27,1,9,52
2016-09-28,1,9,49
2016-09-29,1,9,62
2016-09-30,1,9,60
2016-10-01,1,9,56
2016-10-02,1,9,63
2016-10-03,1,9,46
2016-10-04,1,9,37
2016-10-05,1,9,49
2016-10-06,1,9,65
2016-10-07,1,9,46
2016-10-08,1,9,70
2016-10-09,1,9,54
2016-10-10,1,9,55
2016-10-11,1,9,44
2016-10-12,1,9,63
2016-10-13,1,9,52
2016-10-14,1,9,61
2016-10-15,1,9,59
2016-10-16,1,9,50
2016-10-17,1,9,33
2016-10-18,1,9,58
2016-10-19,1,9,39
2016-10-20,1,9,49
2016-10-21,1,9,39
2016-10-22,1,9,56
2016-10-23,1,9,62
2016-10-24,1,9,37
2016-10-25,1,9,44
2016-10-26,1,9,48
2016-10-27,1,9,55
2016-10-28,1,9,51
2016-10-29,1,9,54
2016-10-30,1,9,53
2016-10-31,1,9,42
2016-11-01,1,9,57
2016-11-02,1,9,48
2016-11-03,1,9,57
2016-11-04,1,9,55
2016-11-05,1,9,62
2016-11-06,1,9,69
2016-11-07,1,9,26
2016-11-08,1,9,43
2016-11-09,1,9,54
2016-11-10,1,9,48
2016-11-11,1,9,54
2016-11-12,1,9,64
2016-11-13,1,9,66
2016-11-14,1,9,46
2016-11-15,1,9,50
2016-11-16,1,9,51
2016-11-17,1,9,45
2016-11-18,1,9,57
2016-11-19,1,9,54
2016-11-20,1,9,59
2016-11-21,1,9,34
2016-11-22,1,9,42
2016-11-23,1,9,57
2016-11-24,1,9,46
2016-11-25,1,9,69
2016-11-26,1,9,59
2016-11-27,1,9,62
2016-11-28,1,9,38
2016-11-29,1,9,49
2016-11-30,1,9,41
2016-12-01,1,9,44
2016-12-02,1,9,36
2016-12-03,1,9,47
2016-12-04,1,9,48
2016-12-05,1,9,26
2016-12-06,1,9,32
2016-12-07,1,9,33
2016-12-08,1,9,27
2016-12-09,1,9,42
2016-12-10,1,9,49
2016-12-11,1,9,41
2016-12-12,1,9,27
2016-12-13,1,9,35
2016-12-14,1,9,39
2016-12-15,1,9,32
2016-12-16,1,9,39
2016-12-17,1,9,31
2016-12-18,1,9,45
2016-12-19,1,9,28
2016-12-20,1,9,37
2016-12-21,1,9,31
2016-12-22,1,9,31
2016-12-23,1,9,42
2016-12-24,1,9,47
2016-12-25,1,9,51
2016-12-26,1,9,36
2016-12-27,1,9,24
2016-12-28,1,9,31
2016-12-29,1,9,35
2016-12-30,1,9,39
2016-12-31,1,9,32
2017-01-01,1,9,41
2017-01-02,1,9,25
2017-01-03,1,9,26
2017-01-04,1,9,40
2017-01-05,1,9,35
2017-01-06,1,9,31
2017-01-07,1,9,37
2017-01-08,1,9,31
2017-01-09,1,9,25
2017-01-10,1,9,26
2017-01-11,1,9,25
2017-01-12,1,9,38
2017-01-13,1,9,44
2017-01-14,1,9,43
2017-01-15,1,9,46
2017-01-16,1,9,25
2017-01-17,1,9,34
2017-01-18,1,9,34
2017-01-19,1,9,43
2017-01-20,1,9,36
2017-01-21,1,9,43
2017-01-22,1,9,48
2017-01-23,1,9,32
2017-01-24,1,9,41
2017-01-25,1,9,31
2017-01-26,1,9,35
2017-01-27,1,9,42
2017-01-28,1,9,55
2017-01-29,1,9,36
2017-01-30,1,9,32
2017-01-31,1,9,26
2017-02-01,1,9,39
2017-02-02,1,9,38
2017-02-03,1,9,39
2017-02-04,1,9,50
2017-02-05,1,9,52
2017-02-06,1,9,41
2017-02-07,1,9,26
2017-02-08,1,9,41
2017-02-09,1,9,29
2017-02-10,1,9,63
2017-02-11,1,9,30
2017-02-12,1,9,52
2017-02-13,1,9,39
2017-02-14,1,9,46
2017-02-15,1,9,36
2017-02-16,1,9,33
2017-02-17,1,9,47
2017-02-18,1,9,41
2017-02-19,1,9,52
2017-02-20,1,9,35
2017-02-21,1,9,39
2017-02-22,1,9,36
2017-02-23,1,9,27
2017-02-24,1,9,42
2017-02-25,1,9,49
2017-02-26,1,9,59
2017-02-27,1,9,34
2017-02-28,1,9,43
2017-03-01,1,9,45
2017-03-02,1,9,48
2017-03-03,1,9,49
2017-03-04,1,9,51
2017-03-05,1,9,56
2017-03-06,1,9,34
2017-03-07,1,9,33
2017-03-08,1,9,43
2017-03-09,1,9,48
2017-03-10,1,9,42
2017-03-11,1,9,59
2017-03-12,1,9,54
2017-03-13,1,9,50
2017-03-14,1,9,52
2017-03-15,1,9,44
2017-03-16,1,9,62
2017-03-17,1,9,51
2017-03-18,1,9,54
2017-03-19,1,9,56
2017-03-20,1,9,39
2017-03-21,1,9,38
2017-03-22,1,9,42
2017-03-23,1,9,36
2017-03-24,1,9,42
2017-03-25,1,9,51
2017-03-26,1,9,61
2017-03-27,1,9,39
2017-03-28,1,9,35
2017-03-29,1,9,44
2017-03-30,1,9,51
2017-03-31,1,9,43
2017-04-01,1,9,72
2017-04-02,1,9,64
2017-04-03,1,9,49
2017-04-04,1,9,56
2017-04-05,1,9,56
2017-04-06,1,9,49
2017-04-07,1,9,54
2017-04-08,1,9,63
2017-04-09,1,9,64
2017-04-10,1,9,45
2017-04-11,1,9,44
2017-04-12,1,9,44
2017-04-13,1,9,60
2017-04-14,1,9,67
2017-04-15,1,9,56
2017-04-16,1,9,60
2017-04-17,1,9,55
2017-04-18,1,9,73
2017-04-19,1,9,62
2017-04-20,1,9,44
2017-04-21,1,9,49
2017-04-22,1,9,62
2017-04-23,1,9,61
2017-04-24,1,9,40
2017-04-25,1,9,48
2017-04-26,1,9,45
2017-04-27,1,9,46
2017-04-28,1,9,47
2017-04-29,1,9,61
2017-04-30,1,9,77
2017-05-01,1,9,55
2017-05-02,1,9,63
2017-05-03,1,9,53
2017-05-04,1,9,51
2017-05-05,1,9,50
2017-05-06,1,9,67
2017-05-07,1,9,63
2017-05-08,1,9,52
2017-05-09,1,9,50
2017-05-10,1,9,55
2017-05-11,1,9,72
2017-05-12,1,9,64
2017-05-13,1,9,58
2017-05-14,1,9,62
2017-05-15,1,9,37
2017-05-16,1,9,46
2017-05-17,1,9,50
2017-05-18,1,9,57
2017-05-19,1,9,68
2017-05-20,1,9,70
2017-05-21,1,9,61
2017-05-22,1,9,51
2017-05-23,1,9,55
2017-05-24,1,9,37
2017-05-25,1,9,51
2017-05-26,1,9,50
2017-05-27,1,9,52
2017-05-28,1,9,64
2017-05-29,1,9,65
2017-05-30,1,9,50
2017-05-31,1,9,52
2017-06-01,1,9,53
2017-06-02,1,9,57
2017-06-03,1,9,69
2017-06-04,1,9,77
2017-06-05,1,9,44
2017-06-06,1,9,47
2017-06-07,1,9,69
2017-06-08,1,9,66
2017-06-09,1,9,74
2017-06-10,1,9,80
2017-06-11,1,9,63
2017-06-12,1,9,35
2017-06-13,1,9,75
2017-06-14,1,9,45
2017-06-15,1,9,65
2017-06-16,1,9,53
2017-06-17,1,9,63
2017-06-18,1,9,83
2017-06-19,1,9,47
2017-06-20,1,9,50
2017-06-21,1,9,68
2017-06-22,1,9,71
2017-06-23,1,9,55
2017-06-24,1,9,70
2017-06-25,1,9,63
2017-06-26,1,9,50
2017-06-27,1,9,57
2017-06-28,1,9,59
2017-06-29,1,9,66
2017-06-30,1,9,57
2017-07-01,1,9,85
2017-07-02,1,9,79
2017-07-03,1,9,65
2017-07-04,1,9,48
2017-07-05,1,9,66
2017-07-06,1,9,71
2017-07-07,1,9,77
2017-07-08,1,9,77
2017-07-09,1,9,74
2017-07-10,1,9,45
2017-07-11,1,9,63
2017-07-12,1,9,73
2017-07-13,1,9,66
2017-07-14,1,9,73
2017-07-15,1,9,72
2017-07-16,1,9,93
2017-07-17,1,9,49
2017-07-18,1,9,61
2017-07-19,1,9,58
2017-07-20,1,9,72
2017-07-21,1,9,61
2017-07-22,1,9,81
2017-07-23,1,9,73
2017-07-24,1,9,48
2017-07-25,1,9,60
2017-07-26,1,9,67
2017-07-27,1,9,69
2017-07-28,1,9,63
2017-07-29,1,9,82
2017-07-30,1,9,73
2017-07-31,1,9,57
2017-08-01,1,9,52
2017-08-02,1,9,48
2017-08-03,1,9,56
2017-08-04,1,9,73
2017-08-05,1,9,55
2017-08-06,1,9,64
2017-08-07,1,9,47
2017-08-08,1,9,59
2017-08-09,1,9,64
2017-08-10,1,9,58
2017-08-11,1,9,60
2017-08-12,1,9,65
2017-08-13,1,9,61
2017-08-14,1,9,43
2017-08-15,1,9,57
2017-08-16,1,9,59
2017-08-17,1,9,61
2017-08-18,1,9,62
2017-08-19,1,9,75
2017-08-20,1,9,79
2017-08-21,1,9,47
2017-08-22,1,9,62
2017-08-23,1,9,56
2017-08-24,1,9,48
2017-08-25,1,9,67
2017-08-26,1,9,79
2017-08-27,1,9,66
2017-08-28,1,9,54
2017-08-29,1,9,51
2017-08-30,1,9,56
2017-08-31,1,9,57
2017-09-01,1,9,53
2017-09-02,1,9,58
2017-09-03,1,9,70
2017-09-04,1,9,49
2017-09-05,1,9,60
2017-09-06,1,9,65
2017-09-07,1,9,50
2017-09-08,1,9,58
2017-09-09,1,9,61
2017-09-10,1,9,72
2017-09-11,1,9,52
2017-09-12,1,9,48
2017-09-13,1,9,59
2017-09-14,1,9,59
2017-09-15,1,9,48
2017-09-16,1,9,70
2017-09-17,1,9,76
2017-09-18,1,9,41
2017-09-19,1,9,41
2017-09-20,1,9,44
2017-09-21,1,9,59
2017-09-22,1,9,61
2017-09-23,1,9,60
2017-09-24,1,9,62
2017-09-25,1,9,50
2017-09-26,1,9,48
2017-09-27,1,9,58
2017-09-28,1,9,57
2017-09-29,1,9,54
2017-09-30,1,9,64
2017-10-01,1,9,63
2017-10-02,1,9,39
2017-10-03,1,9,51
2017-10-04,1,9,39
2017-10-05,1,9,41
2017-10-06,1,9,50
2017-10-07,1,9,59
2017-10-08,1,9,65
2017-10-09,1,9,40
2017-10-10,1,9,41
2017-10-11,1,9,53
2017-10-12,1,9,47
2017-10-13,1,9,53
2017-10-14,1,9,62
2017-10-15,1,9,42
2017-10-16,1,9,39
2017-10-17,1,9,45
2017-10-18,1,9,34
2017-10-19,1,9,53
2017-10-20,1,9,57
2017-10-21,1,9,44
2017-10-22,1,9,56
2017-10-23,1,9,47
2017-10-24,1,9,43
2017-10-25,1,9,49
2017-10-26,1,9,39
2017-10-27,1,9,68
2017-10-28,1,9,50
2017-10-29,1,9,69
2017-10-30,1,9,32
2017-10-31,1,9,50
2017-11-01,1,9,61
2017-11-02,1,9,39
2017-11-03,1,9,66
2017-11-04,1,9,59
2017-11-05,1,9,62
2017-11-06,1,9,50
2017-11-07,1,9,48
2017-11-08,1,9,44
2017-11-09,1,9,40
2017-11-10,1,9,57
2017-11-11,1,9,66
2017-11-12,1,9,59
2017-11-13,1,9,42
2017-11-14,1,9,41
2017-11-15,1,9,40
2017-11-16,1,9,74
2017-11-17,1,9,54
2017-11-18,1,9,59
2017-11-19,1,9,56
2017-11-20,1,9,35
2017-11-21,1,9,62
2017-11-22,1,9,48
2017-11-23,1,9,50
2017-11-24,1,9,61
2017-11-25,1,9,64
2017-11-26,1,9,58
2017-11-27,1,9,50
2017-11-28,1,9,64
2017-11-29,1,9,53
2017-11-30,1,9,53
2017-12-01,1,9,51
2017-12-02,1,9,44
2017-12-03,1,9,40
2017-12-04,1,9,27
2017-12-05,1,9,30
2017-12-06,1,9,27
2017-12-07,1,9,46
2017-12-08,1,9,51
2017-12-09,1,9,33
2017-12-10,1,9,49
2017-12-11,1,9,33
2017-12-12,1,9,51
2017-12-13,1,9,28
2017-12-14,1,9,42
2017-12-15,1,9,36
2017-12-16,1,9,39
2017-12-17,1,9,44
2017-12-18,1,9,26
2017-12-19,1,9,40
2017-12-20,1,9,37
2017-12-21,1,9,33
2017-12-22,1,9,39
2017-12-23,1,9,40
2017-12-24,1,9,37
2017-12-25,1,9,35
2017-12-26,1,9,30
2017-12-27,1,9,37
2017-12-28,1,9,34
2017-12-29,1,9,46
2017-12-30,1,9,37
2017-12-31,1,9,50
2013-01-01,1,10,37
2013-01-02,1,10,34
2013-01-03,1,10,32
2013-01-04,1,10,45
2013-01-05,1,10,35
2013-01-06,1,10,54
2013-01-07,1,10,37
2013-01-08,1,10,37
2013-01-09,1,10,32
2013-01-10,1,10,36
2013-01-11,1,10,33
2013-01-12,1,10,36
2013-01-13,1,10,36
2013-01-14,1,10,26
2013-01-15,1,10,24
2013-01-16,1,10,41
2013-01-17,1,10,35
2013-01-18,1,10,37
2013-01-19,1,10,45
2013-01-20,1,10,40
2013-01-21,1,10,26
2013-01-22,1,10,37
2013-01-23,1,10,47
2013-01-24,1,10,46
2013-01-25,1,10,42
2013-01-26,1,10,38
2013-01-27,1,10,38
2013-01-28,1,10,18
2013-01-29,1,10,33
2013-01-30,1,10,26
2013-01-31,1,10,38
2013-02-01,1,10,45
2013-02-02,1,10,34
2013-02-03,1,10,42
2013-02-04,1,10,38
2013-02-05,1,10,42
2013-02-06,1,10,39
2013-02-07,1,10,44
2013-02-08,1,10,47
2013-02-09,1,10,48
2013-02-10,1,10,41
2013-02-11,1,10,16
2013-02-12,1,10,41
2013-02-13,1,10,33
2013-02-14,1,10,33
2013-02-15,1,10,51
2013-02-16,1,10,37
2013-02-17,1,10,58
2013-02-18,1,10,31
2013-02-19,1,10,39
2013-02-20,1,10,46
2013-02-21,1,10,41
2013-02-22,1,10,56
2013-02-23,1,10,38
2013-02-24,1,10,49
2013-02-25,1,10,28
2013-02-26,1,10,42
2013-02-27,1,10,29
2013-02-28,1,10,44
2013-03-01,1,10,56
2013-03-02,1,10,49
2013-03-03,1,10,60
2013-03-04,1,10,38
2013-03-05,1,10,52
2013-03-06,1,10,50
2013-03-07,1,10,49
2013-03-08,1,10,60
2013-03-09,1,10,70
2013-03-10,1,10,70
2013-03-11,1,10,43
2013-03-12,1,10,55
2013-03-13,1,10,39
2013-03-14,1,10,44
2013-03-15,1,10,44
2013-03-16,1,10,49
2013-03-17,1,10,59
2013-03-18,1,10,40
2013-03-19,1,10,49
2013-03-20,1,10,40
2013-03-21,1,10,45
2013-03-22,1,10,39
2013-03-23,1,10,57
2013-03-24,1,10,59
2013-03-25,1,10,41
2013-03-26,1,10,49
2013-03-27,1,10,35
2013-03-28,1,10,54
2013-03-29,1,10,68
2013-03-30,1,10,56
2013-03-31,1,10,80
2013-04-01,1,10,47
2013-04-02,1,10,49
2013-04-03,1,10,54
2013-04-04,1,10,62
2013-04-05,1,10,63
2013-04-06,1,10,67
2013-04-07,1,10,75
2013-04-08,1,10,35
2013-04-09,1,10,61
2013-04-10,1,10,48
2013-04-11,1,10,55
2013-04-12,1,10,53
2013-04-13,1,10,61
2013-04-14,1,10,71
2013-04-15,1,10,46
2013-04-16,1,10,52
2013-04-17,1,10,59
2013-04-18,1,10,60
2013-04-19,1,10,52
2013-04-20,1,10,54
2013-04-21,1,10,69
2013-04-22,1,10,40
2013-04-23,1,10,60
2013-04-24,1,10,54
2013-04-25,1,10,65
2013-04-26,1,10,63
2013-04-27,1,10,61
2013-04-28,1,10,67
2013-04-29,1,10,50
2013-04-30,1,10,64
2013-05-01,1,10,56
2013-05-02,1,10,51
2013-05-03,1,10,69
2013-05-04,1,10,54
2013-05-05,1,10,63
2013-05-06,1,10,48
2013-05-07,1,10,59
2013-05-08,1,10,65
2013-05-09,1,10,73
2013-05-10,1,10,50
2013-05-11,1,10,63
2013-05-12,1,10,58
2013-05-13,1,10,50
2013-05-14,1,10,52
2013-05-15,1,10,39
2013-05-16,1,10,67
2013-05-17,1,10,62
2013-05-18,1,10,73
2013-05-19,1,10,76
2013-05-20,1,10,53
2013-05-21,1,10,50
2013-05-22,1,10,57
2013-05-23,1,10,62
2013-05-24,1,10,75
2013-05-25,1,10,64
2013-05-26,1,10,78
2013-05-27,1,10,57
2013-05-28,1,10,48
2013-05-29,1,10,49
2013-05-30,1,10,45
2013-05-31,1,10,59
2013-06-01,1,10,86
2013-06-02,1,10,65
2013-06-03,1,10,41
2013-06-04,1,10,60
2013-06-05,1,10,65
2013-06-06,1,10,67
2013-06-07,1,10,87
2013-06-08,1,10,82
2013-06-09,1,10,91
2013-06-10,1,10,64
2013-06-11,1,10,70
2013-06-12,1,10,44
2013-06-13,1,10,61
2013-06-14,1,10,60
2013-06-15,1,10,85
2013-06-16,1,10,76
2013-06-17,1,10,59
2013-06-18,1,10,57
2013-06-19,1,10,71
2013-06-20,1,10,72
2013-06-21,1,10,70
2013-06-22,1,10,74
2013-06-23,1,10,83
2013-06-24,1,10,60
2013-06-25,1,10,58
2013-06-26,1,10,49
2013-06-27,1,10,61
2013-06-28,1,10,71
2013-06-29,1,10,68
2013-06-30,1,10,74
2013-07-01,1,10,51
2013-07-02,1,10,54
2013-07-03,1,10,77
2013-07-04,1,10,84
2013-07-05,1,10,62
2013-07-06,1,10,85
2013-07-07,1,10,89
2013-07-08,1,10,62
2013-07-09,1,10,65
2013-07-10,1,10,66
2013-07-11,1,10,57
2013-07-12,1,10,69
2013-07-13,1,10,77
2013-07-14,1,10,83
2013-07-15,1,10,63
2013-07-16,1,10,77
2013-07-17,1,10,63
2013-07-18,1,10,66
2013-07-19,1,10,67
2013-07-20,1,10,73
2013-07-21,1,10,79
2013-07-22,1,10,49
2013-07-23,1,10,44
2013-07-24,1,10,62
2013-07-25,1,10,55
2013-07-26,1,10,76
2013-07-27,1,10,77
2013-07-28,1,10,66
2013-07-29,1,10,53
2013-07-30,1,10,69
2013-07-31,1,10,63
2013-08-01,1,10,59
2013-08-02,1,10,73
2013-08-03,1,10,65
2013-08-04,1,10,72
2013-08-05,1,10,51
2013-08-06,1,10,66
2013-08-07,1,10,51
2013-08-08,1,10,70
2013-08-09,1,10,55
2013-08-10,1,10,71
2013-08-11,1,10,76
2013-08-12,1,10,54
2013-08-13,1,10,55
2013-08-14,1,10,52
2013-08-15,1,10,51
2013-08-16,1,10,61
2013-08-17,1,10,68
2013-08-18,1,10,72
2013-08-19,1,10,52
2013-08-20,1,10,56
2013-08-21,1,10,59
2013-08-22,1,10,51
2013-08-23,1,10,66
2013-08-24,1,10,68
2013-08-25,1,10,62
2013-08-26,1,10,48
2013-08-27,1,10,70
2013-08-28,1,10,73
2013-08-29,1,10,63
2013-08-30,1,10,45
2013-08-31,1,10,59
2013-09-01,1,10,61
2013-09-02,1,10,52
2013-09-03,1,10,40
2013-09-04,1,10,42
2013-09-05,1,10,69
2013-09-06,1,10,66
2013-09-07,1,10,59
2013-09-08,1,10,86
2013-09-09,1,10,42
2013-09-10,1,10,47
2013-09-11,1,10,60
2013-09-12,1,10,50
2013-09-13,1,10,78
2013-09-14,1,10,59
2013-09-15,1,10,69
2013-09-16,1,10,52
2013-09-17,1,10,60
2013-09-18,1,10,59
2013-09-19,1,10,59
2013-09-20,1,10,61
2013-09-21,1,10,75
2013-09-22,1,10,67
2013-09-23,1,10,41
2013-09-24,1,10,64
2013-09-25,1,10,47
2013-09-26,1,10,63
2013-09-27,1,10,56
2013-09-28,1,10,63
2013-09-29,1,10,71
2013-09-30,1,10,43
2013-10-01,1,10,37
2013-10-02,1,10,61
2013-10-03,1,10,55
2013-10-04,1,10,66
2013-10-05,1,10,48
2013-10-06,1,10,71
2013-10-07,1,10,57
2013-10-08,1,10,58
2013-10-09,1,10,54
2013-10-10,1,10,56
2013-10-11,1,10,70
2013-10-12,1,10,65
2013-10-13,1,10,65
2013-10-14,1,10,41
2013-10-15,1,10,44
2013-10-16,1,10,60
2013-10-17,1,10,59
2013-10-18,1,10,74
2013-10-19,1,10,60
2013-10-20,1,10,68
2013-10-21,1,10,44
2013-10-22,1,10,59
2013-10-23,1,10,57
2013-10-24,1,10,60
2013-10-25,1,10,58
2013-10-26,1,10,59
2013-10-27,1,10,76
2013-10-28,1,10,42
2013-10-29,1,10,57
2013-10-30,1,10,58
2013-10-31,1,10,56
2013-11-01,1,10,59
2013-11-02,1,10,61
2013-11-03,1,10,58
2013-11-04,1,10,37
2013-11-05,1,10,52
2013-11-06,1,10,67
2013-11-07,1,10,55
2013-11-08,1,10,53
2013-11-09,1,10,63
2013-11-10,1,10,76
2013-11-11,1,10,39
2013-11-12,1,10,56
2013-11-13,1,10,69
2013-11-14,1,10,54
2013-11-15,1,10,63
2013-11-16,1,10,78
2013-11-17,1,10,64
2013-11-18,1,10,59
2013-11-19,1,10,47
2013-11-20,1,10,60
2013-11-21,1,10,64
2013-11-22,1,10,50
2013-11-23,1,10,68
2013-11-24,1,10,74
2013-11-25,1,10,40
2013-11-26,1,10,62
2013-11-27,1,10,49
2013-11-28,1,10,54
2013-11-29,1,10,76
2013-11-30,1,10,64
2013-12-01,1,10,51
2013-12-02,1,10,32
2013-12-03,1,10,30
2013-12-04,1,10,33
2013-12-05,1,10,41
2013-12-06,1,10,52
2013-12-07,1,10,51
2013-12-08,1,10,53
2013-12-09,1,10,37
2013-12-10,1,10,35
2013-12-11,1,10,41
2013-12-12,1,10,34
2013-12-13,1,10,51
2013-12-14,1,10,46
2013-12-15,1,10,45
2013-12-16,1,10,31
2013-12-17,1,10,39
2013-12-18,1,10,38
2013-12-19,1,10,39
2013-12-20,1,10,39
2013-12-21,1,10,46
2013-12-22,1,10,46
2013-12-23,1,10,32
2013-12-24,1,10,45
2013-12-25,1,10,48
2013-12-26,1,10,27
2013-12-27,1,10,39
2013-12-28,1,10,34
2013-12-29,1,10,43
2013-12-30,1,10,34
2013-12-31,1,10,47
2014-01-01,1,10,33
2014-01-02,1,10,45
2014-01-03,1,10,49
2014-01-04,1,10,52
2014-01-05,1,10,57
2014-01-06,1,10,35
2014-01-07,1,10,45
2014-01-08,1,10,40
2014-01-09,1,10,46
2014-01-10,1,10,47
2014-01-11,1,10,52
2014-01-12,1,10,41
2014-01-13,1,10,29
2014-01-14,1,10,31
2014-01-15,1,10,38
2014-01-16,1,10,50
2014-01-17,1,10,49
2014-01-18,1,10,59
2014-01-19,1,10,50
2014-01-20,1,10,29
2014-01-21,1,10,40
2014-01-22,1,10,42
2014-01-23,1,10,46
2014-01-24,1,10,50
2014-01-25,1,10,39
2014-01-26,1,10,54
2014-01-27,1,10,31
2014-01-28,1,10,46
2014-01-29,1,10,42
2014-01-30,1,10,57
2014-01-31,1,10,51
2014-02-01,1,10,67
2014-02-02,1,10,65
2014-02-03,1,10,30
2014-02-04,1,10,43
2014-02-05,1,10,41
2014-02-06,1,10,42
2014-02-07,1,10,55
2014-02-08,1,10,50
2014-02-09,1,10,61
2014-02-10,1,10,29
2014-02-11,1,10,44
2014-02-12,1,10,52
2014-02-13,1,10,49
2014-02-14,1,10,62
2014-02-15,1,10,52
2014-02-16,1,10,58
2014-02-17,1,10,38
2014-02-18,1,10,41
2014-02-19,1,10,45
2014-02-20,1,10,54
2014-02-21,1,10,49
2014-02-22,1,10,51
2014-02-23,1,10,53
2014-02-24,1,10,39
2014-02-25,1,10,40
2014-02-26,1,10,46
2014-02-27,1,10,55
2014-02-28,1,10,61
2014-03-01,1,10,50
2014-03-02,1,10,80
2014-03-03,1,10,47
2014-03-04,1,10,53
2014-03-05,1,10,59
2014-03-06,1,10,51
2014-03-07,1,10,58
2014-03-08,1,10,58
2014-03-09,1,10,71
2014-03-10,1,10,38
2014-03-11,1,10,60
2014-03-12,1,10,52
2014-03-13,1,10,66
2014-03-14,1,10,62
2014-03-15,1,10,54
2014-03-16,1,10,68
2014-03-17,1,10,50
2014-03-18,1,10,47
2014-03-19,1,10,54
2014-03-20,1,10,58
2014-03-21,1,10,50
2014-03-22,1,10,72
2014-03-23,1,10,66
2014-03-24,1,10,47
2014-03-25,1,10,54
2014-03-26,1,10,58
2014-03-27,1,10,58
2014-03-28,1,10,61
2014-03-29,1,10,46
2014-03-30,1,10,70
2014-03-31,1,10,49
2014-04-01,1,10,65
2014-04-02,1,10,46
2014-04-03,1,10,63
2014-04-04,1,10,52
2014-04-05,1,10,75
2014-04-06,1,10,89
2014-04-07,1,10,59
2014-04-08,1,10,55
2014-04-09,1,10,66
2014-04-10,1,10,65
2014-04-11,1,10,84
2014-04-12,1,10,64
2014-04-13,1,10,87
2014-04-14,1,10,43
2014-04-15,1,10,63
2014-04-16,1,10,57
2014-04-17,1,10,69
2014-04-18,1,10,68
2014-04-19,1,10,80
2014-04-20,1,10,71
2014-04-21,1,10,61
2014-04-22,1,10,66
2014-04-23,1,10,56
2014-04-24,1,10,71
2014-04-25,1,10,61
2014-04-26,1,10,88
2014-04-27,1,10,71
2014-04-28,1,10,54
2014-04-29,1,10,73
2014-04-30,1,10,74
2014-05-01,1,10,74
2014-05-02,1,10,90
2014-05-03,1,10,65
2014-05-04,1,10,75
2014-05-05,1,10,58
2014-05-06,1,10,63
2014-05-07,1,10,58
2014-05-08,1,10,55
2014-05-09,1,10,64
2014-05-10,1,10,82
2014-05-11,1,10,111
2014-05-12,1,10,59
2014-05-13,1,10,79
2014-05-14,1,10,73
2014-05-15,1,10,72
2014-05-16,1,10,72
2014-05-17,1,10,86
2014-05-18,1,10,88
2014-05-19,1,10,59
2014-05-20,1,10,61
2014-05-21,1,10,55
2014-05-22,1,10,74
2014-05-23,1,10,67
2014-05-24,1,10,70
2014-05-25,1,10,84
2014-05-26,1,10,45
2014-05-27,1,10,74
2014-05-28,1,10,67
2014-05-29,1,10,78
2014-05-30,1,10,81
2014-05-31,1,10,91
2014-06-01,1,10,87
2014-06-02,1,10,62
2014-06-03,1,10,66
2014-06-04,1,10,75
2014-06-05,1,10,77
2014-06-06,1,10,83
2014-06-07,1,10,89
2014-06-08,1,10,89
2014-06-09,1,10,71
2014-06-10,1,10,65
2014-06-11,1,10,70
2014-06-12,1,10,66
2014-06-13,1,10,67
2014-06-14,1,10,84
2014-06-15,1,10,104
2014-06-16,1,10,51
2014-06-17,1,10,59
2014-06-18,1,10,61
2014-06-19,1,10,73
2014-06-20,1,10,81
2014-06-21,1,10,82
2014-06-22,1,10,100
2014-06-23,1,10,55
2014-06-24,1,10,65
2014-06-25,1,10,73
2014-06-26,1,10,75
2014-06-27,1,10,68
2014-06-28,1,10,80
2014-06-29,1,10,86
2014-06-30,1,10,59
2014-07-01,1,10,82
2014-07-02,1,10,78
2014-07-03,1,10,70
2014-07-04,1,10,98
2014-07-05,1,10,71
2014-07-06,1,10,116
2014-07-07,1,10,82
2014-07-08,1,10,78
2014-07-09,1,10,73
2014-07-10,1,10,81
2014-07-11,1,10,96
2014-07-12,1,10,86
2014-07-13,1,10,89
2014-07-14,1,10,62
2014-07-15,1,10,81
2014-07-16,1,10,65
2014-07-17,1,10,90
2014-07-18,1,10,78
2014-07-19,1,10,86
2014-07-20,1,10,80
2014-07-21,1,10,55
2014-07-22,1,10,67
2014-07-23,1,10,89
2014-07-24,1,10,88
2014-07-25,1,10,89
2014-07-26,1,10,96
2014-07-27,1,10,85
2014-07-28,1,10,53
2014-07-29,1,10,77
2014-07-30,1,10,71
2014-07-31,1,10,91
2014-08-01,1,10,76
2014-08-02,1,10,76
2014-08-03,1,10,85
2014-08-04,1,10,67
2014-08-05,1,10,67
2014-08-06,1,10,70
2014-08-07,1,10,74
2014-08-08,1,10,66
2014-08-09,1,10,86
2014-08-10,1,10,95
2014-08-11,1,10,46
2014-08-12,1,10,58
2014-08-13,1,10,61
2014-08-14,1,10,78
2014-08-15,1,10,84
2014-08-16,1,10,81
2014-08-17,1,10,86
2014-08-18,1,10,55
2014-08-19,1,10,70
2014-08-20,1,10,79
2014-08-21,1,10,56
2014-08-22,1,10,73
2014-08-23,1,10,74
2014-08-24,1,10,92
2014-08-25,1,10,53
2014-08-26,1,10,58
2014-08-27,1,10,69
2014-08-28,1,10,54
2014-08-29,1,10,97
2014-08-30,1,10,94
2014-08-31,1,10,108
2014-09-01,1,10,67
2014-09-02,1,10,66
2014-09-03,1,10,70
2014-09-04,1,10,58
2014-09-05,1,10,74
2014-09-06,1,10,69
2014-09-07,1,10,91
2014-09-08,1,10,47
2014-09-09,1,10,54
2014-09-10,1,10,51
2014-09-11,1,10,65
2014-09-12,1,10,63
2014-09-13,1,10,77
2014-09-14,1,10,97
2014-09-15,1,10,49
2014-09-16,1,10,68
2014-09-17,1,10,65
2014-09-18,1,10,71
2014-09-19,1,10,74
2014-09-20,1,10,76
2014-09-21,1,10,92
2014-09-22,1,10,69
2014-09-23,1,10,74
2014-09-24,1,10,58
2014-09-25,1,10,75
2014-09-26,1,10,55
2014-09-27,1,10,55
2014-09-28,1,10,89
2014-09-29,1,10,56
2014-09-30,1,10,72
2014-10-01,1,10,64
2014-10-02,1,10,55
2014-10-03,1,10,64
2014-10-04,1,10,71
2014-10-05,1,10,60
2014-10-06,1,10,49
2014-10-07,1,10,47
2014-10-08,1,10,49
2014-10-09,1,10,56
2014-10-10,1,10,52
2014-10-11,1,10,81
2014-10-12,1,10,88
2014-10-13,1,10,50
2014-10-14,1,10,62
2014-10-15,1,10,65
2014-10-16,1,10,59
2014-10-17,1,10,64
2014-10-18,1,10,77
2014-10-19,1,10,60
2014-10-20,1,10,39
2014-10-21,1,10,69
2014-10-22,1,10,70
2014-10-23,1,10,69
2014-10-24,1,10,79
2014-10-25,1,10,80
2014-10-26,1,10,81
2014-10-27,1,10,37
2014-10-28,1,10,49
2014-10-29,1,10,52
2014-10-30,1,10,87
2014-10-31,1,10,61
2014-11-01,1,10,94
2014-11-02,1,10,84
2014-11-03,1,10,44
2014-11-04,1,10,66
2014-11-05,1,10,67
2014-11-06,1,10,77
2014-11-07,1,10,66
2014-11-08,1,10,59
2014-11-09,1,10,93
2014-11-10,1,10,46
2014-11-11,1,10,53
2014-11-12,1,10,61
2014-11-13,1,10,73
2014-11-14,1,10,71
2014-11-15,1,10,88
2014-11-16,1,10,77
2014-11-17,1,10,72
2014-11-18,1,10,49
2014-11-19,1,10,85
2014-11-20,1,10,63
2014-11-21,1,10,71
2014-11-22,1,10,66
2014-11-23,1,10,80
2014-11-24,1,10,62
2014-11-25,1,10,58
2014-11-26,1,10,58
2014-11-27,1,10,65
2014-11-28,1,10,102
2014-11-29,1,10,90
2014-11-30,1,10,78
2014-12-01,1,10,44
2014-12-02,1,10,60
2014-12-03,1,10,37
2014-12-04,1,10,44
2014-12-05,1,10,61
2014-12-06,1,10,47
2014-12-07,1,10,40
2014-12-08,1,10,37
2014-12-09,1,10,46
2014-12-10,1,10,43
2014-12-11,1,10,61
2014-12-12,1,10,46
2014-12-13,1,10,59
2014-12-14,1,10,53
2014-12-15,1,10,31
2014-12-16,1,10,46
2014-12-17,1,10,42
2014-12-18,1,10,52
2014-12-19,1,10,51
2014-12-20,1,10,55
2014-12-21,1,10,62
2014-12-22,1,10,40
2014-12-23,1,10,38
2014-12-24,1,10,46
2014-12-25,1,10,38
2014-12-26,1,10,53
2014-12-27,1,10,41
2014-12-28,1,10,55
2014-12-29,1,10,38
2014-12-30,1,10,34
2014-12-31,1,10,39
2015-01-01,1,10,40
2015-01-02,1,10,50
2015-01-03,1,10,46
2015-01-04,1,10,55
2015-01-05,1,10,39
2015-01-06,1,10,42
2015-01-07,1,10,59
2015-01-08,1,10,50
2015-01-09,1,10,43
2015-01-10,1,10,63
2015-01-11,1,10,59
2015-01-12,1,10,40
2015-01-13,1,10,42
2015-01-14,1,10,38
2015-01-15,1,10,50
2015-01-16,1,10,46
2015-01-17,1,10,56
2015-01-18,1,10,47
2015-01-19,1,10,33
2015-01-20,1,10,44
2015-01-21,1,10,32
2015-01-22,1,10,45
2015-01-23,1,10,47
2015-01-24,1,10,64
2015-01-25,1,10,56
2015-01-26,1,10,32
2015-01-27,1,10,49
2015-01-28,1,10,44
2015-01-29,1,10,56
2015-01-30,1,10,47
2015-01-31,1,10,36
2015-02-01,1,10,49
2015-02-02,1,10,34
2015-02-03,1,10,47
2015-02-04,1,10,44
2015-02-05,1,10,41
2015-02-06,1,10,50
2015-02-07,1,10,56
2015-02-08,1,10,50
2015-02-09,1,10,30
2015-02-10,1,10,49
2015-02-11,1,10,52
2015-02-12,1,10,48
2015-02-13,1,10,55
2015-02-14,1,10,53
2015-02-15,1,10,52
2015-02-16,1,10,35
2015-02-17,1,10,45
2015-02-18,1,10,28
2015-02-19,1,10,63
2015-02-20,1,10,51
2015-02-21,1,10,68
2015-02-22,1,10,49
2015-02-23,1,10,44
2015-02-24,1,10,53
2015-02-25,1,10,63
2015-02-26,1,10,47
2015-02-27,1,10,53
2015-02-28,1,10,48
2015-03-01,1,10,60
2015-03-02,1,10,41
2015-03-03,1,10,43
2015-03-04,1,10,58
2015-03-05,1,10,63
2015-03-06,1,10,64
2015-03-07,1,10,72
2015-03-08,1,10,64
2015-03-09,1,10,52
2015-03-10,1,10,51
2015-03-11,1,10,59
2015-03-12,1,10,56
2015-03-13,1,10,69
2015-03-14,1,10,64
2015-03-15,1,10,66
2015-03-16,1,10,43
2015-03-17,1,10,49
2015-03-18,1,10,61
2015-03-19,1,10,50
2015-03-20,1,10,49
2015-03-21,1,10,69
2015-03-22,1,10,87
2015-03-23,1,10,56
2015-03-24,1,10,58
2015-03-25,1,10,62
2015-03-26,1,10,55
2015-03-27,1,10,71
2015-03-28,1,10,55
2015-03-29,1,10,72
2015-03-30,1,10,54
2015-03-31,1,10,41
2015-04-01,1,10,62
2015-04-02,1,10,70
2015-04-03,1,10,72
2015-04-04,1,10,85
2015-04-05,1,10,75
2015-04-06,1,10,60
2015-04-07,1,10,51
2015-04-08,1,10,56
2015-04-09,1,10,65
2015-04-10,1,10,74
2015-04-11,1,10,81
2015-04-12,1,10,90
2015-04-13,1,10,70
2015-04-14,1,10,57
2015-04-15,1,10,52
2015-04-16,1,10,60
2015-04-17,1,10,78
2015-04-18,1,10,78
2015-04-19,1,10,92
2015-04-20,1,10,63
2015-04-21,1,10,49
2015-04-22,1,10,55
2015-04-23,1,10,72
2015-04-24,1,10,90
2015-04-25,1,10,81
2015-04-26,1,10,88
2015-04-27,1,10,53
2015-04-28,1,10,51
2015-04-29,1,10,62
2015-04-30,1,10,68
2015-05-01,1,10,93
2015-05-02,1,10,84
2015-05-03,1,10,98
2015-05-04,1,10,67
2015-05-05,1,10,71
2015-05-06,1,10,65
2015-05-07,1,10,81
2015-05-08,1,10,77
2015-05-09,1,10,92
2015-05-10,1,10,102
2015-05-11,1,10,57
2015-05-12,1,10,49
2015-05-13,1,10,75
2015-05-14,1,10,61
2015-05-15,1,10,95
2015-05-16,1,10,87
2015-05-17,1,10,111
2015-05-18,1,10,68
2015-05-19,1,10,65
2015-05-20,1,10,66
2015-05-21,1,10,81
2015-05-22,1,10,91
2015-05-23,1,10,90
2015-05-24,1,10,84
2015-05-25,1,10,62
2015-05-26,1,10,65
2015-05-27,1,10,77
2015-05-28,1,10,68
2015-05-29,1,10,83
2015-05-30,1,10,103
2015-05-31,1,10,79
2015-06-01,1,10,64
2015-06-02,1,10,69
2015-06-03,1,10,68
2015-06-04,1,10,86
2015-06-05,1,10,85
2015-06-06,1,10,96
2015-06-07,1,10,104
2015-06-08,1,10,53
2015-06-09,1,10,75
2015-06-10,1,10,83
2015-06-11,1,10,81
2015-06-12,1,10,80
2015-06-13,1,10,86
2015-06-14,1,10,110
2015-06-15,1,10,63
2015-06-16,1,10,88
2015-06-17,1,10,75
2015-06-18,1,10,76
2015-06-19,1,10,77
2015-06-20,1,10,89
2015-06-21,1,10,99
2015-06-22,1,10,54
2015-06-23,1,10,80
2015-06-24,1,10,69
2015-06-25,1,10,101
2015-06-26,1,10,83
2015-06-27,1,10,78
2015-06-28,1,10,94
2015-06-29,1,10,66
2015-06-30,1,10,84
2015-07-01,1,10,81
2015-07-02,1,10,75
2015-07-03,1,10,90
2015-07-04,1,10,100
2015-07-05,1,10,89
2015-07-06,1,10,54
2015-07-07,1,10,72
2015-07-08,1,10,101
2015-07-09,1,10,95
2015-07-10,1,10,91
2015-07-11,1,10,84
2015-07-12,1,10,120
2015-07-13,1,10,58
2015-07-14,1,10,83
2015-07-15,1,10,67
2015-07-16,1,10,79
2015-07-17,1,10,87
2015-07-18,1,10,83
2015-07-19,1,10,98
2015-07-20,1,10,69
2015-07-21,1,10,78
2015-07-22,1,10,80
2015-07-23,1,10,99
2015-07-24,1,10,89
2015-07-25,1,10,93
2015-07-26,1,10,96
2015-07-27,1,10,70
2015-07-28,1,10,67
2015-07-29,1,10,83
2015-07-30,1,10,82
2015-07-31,1,10,91
2015-08-01,1,10,87
2015-08-02,1,10,78
2015-08-03,1,10,61
2015-08-04,1,10,56
2015-08-05,1,10,65
2015-08-06,1,10,80
2015-08-07,1,10,80
2015-08-08,1,10,100
2015-08-09,1,10,84
2015-08-10,1,10,63
2015-08-11,1,10,70
2015-08-12,1,10,76
2015-08-13,1,10,58
2015-08-14,1,10,94
2015-08-15,1,10,88
2015-08-16,1,10,95
2015-08-17,1,10,75
2015-08-18,1,10,59
2015-08-19,1,10,63
2015-08-20,1,10,88
2015-08-21,1,10,98
2015-08-22,1,10,91
2015-08-23,1,10,84
2015-08-24,1,10,62
2015-08-25,1,10,64
2015-08-26,1,10,89
2015-08-27,1,10,75
2015-08-28,1,10,65
2015-08-29,1,10,74
2015-08-30,1,10,89
2015-08-31,1,10,67
2015-09-01,1,10,73
2015-09-02,1,10,47
2015-09-03,1,10,82
2015-09-04,1,10,78
2015-09-05,1,10,71
2015-09-06,1,10,96
2015-09-07,1,10,63
2015-09-08,1,10,63
2015-09-09,1,10,70
2015-09-10,1,10,74
2015-09-11,1,10,66
2015-09-12,1,10,69
2015-09-13,1,10,86
2015-09-14,1,10,63
2015-09-15,1,10,70
2015-09-16,1,10,68
2015-09-17,1,10,62
2015-09-18,1,10,77
2015-09-19,1,10,89
2015-09-20,1,10,86
2015-09-21,1,10,54
2015-09-22,1,10,69
2015-09-23,1,10,70
2015-09-24,1,10,66
2015-09-25,1,10,76
2015-09-26,1,10,74
2015-09-27,1,10,69
2015-09-28,1,10,47
2015-09-29,1,10,72
2015-09-30,1,10,62
2015-10-01,1,10,55
2015-10-02,1,10,70
2015-10-03,1,10,76
2015-10-04,1,10,80
2015-10-05,1,10,41
2015-10-06,1,10,62
2015-10-07,1,10,66
2015-10-08,1,10,65
2015-10-09,1,10,67
2015-10-10,1,10,68
2015-10-11,1,10,77
2015-10-12,1,10,69
2015-10-13,1,10,69
2015-10-14,1,10,46
2015-10-15,1,10,65
2015-10-16,1,10,78
2015-10-17,1,10,69
2015-10-18,1,10,87
2015-10-19,1,10,50
2015-10-20,1,10,54
2015-10-21,1,10,56
2015-10-22,1,10,78
2015-10-23,1,10,44
2015-10-24,1,10,68
2015-10-25,1,10,85
2015-10-26,1,10,55
2015-10-27,1,10,60
2015-10-28,1,10,63
2015-10-29,1,10,78
2015-10-30,1,10,67
2015-10-31,1,10,86
2015-11-01,1,10,85
2015-11-02,1,10,61
2015-11-03,1,10,75
2015-11-04,1,10,61
2015-11-05,1,10,64
2015-11-06,1,10,79
2015-11-07,1,10,72
2015-11-08,1,10,83
2015-11-09,1,10,56
2015-11-10,1,10,67
2015-11-11,1,10,57
2015-11-12,1,10,73
2015-11-13,1,10,65
2015-11-14,1,10,70
2015-11-15,1,10,79
2015-11-16,1,10,47
2015-11-17,1,10,61
2015-11-18,1,10,63
2015-11-19,1,10,71
2015-11-20,1,10,72
2015-11-21,1,10,76
2015-11-22,1,10,92
2015-11-23,1,10,58
2015-11-24,1,10,70
2015-11-25,1,10,69
2015-11-26,1,10,60
2015-11-27,1,10,57
2015-11-28,1,10,76
2015-11-29,1,10,85
2015-11-30,1,10,49
2015-12-01,1,10,45
2015-12-02,1,10,46
2015-12-03,1,10,49
2015-12-04,1,10,57
2015-12-05,1,10,58
2015-12-06,1,10,57
2015-12-07,1,10,39
2015-12-08,1,10,46
2015-12-09,1,10,50
2015-12-10,1,10,44
2015-12-11,1,10,38
2015-12-12,1,10,56
2015-12-13,1,10,66
2015-12-14,1,10,40
2015-12-15,1,10,48
2015-12-16,1,10,37
2015-12-17,1,10,54
2015-12-18,1,10,48
2015-12-19,1,10,61
2015-12-20,1,10,55
2015-12-21,1,10,45
2015-12-22,1,10,46
2015-12-23,1,10,33
2015-12-24,1,10,47
2015-12-25,1,10,58
2015-12-26,1,10,61
2015-12-27,1,10,58
2015-12-28,1,10,36
2015-12-29,1,10,44
2015-12-30,1,10,52
2015-12-31,1,10,45
2016-01-01,1,10,48
2016-01-02,1,10,56
2016-01-03,1,10,75
2016-01-04,1,10,42
2016-01-05,1,10,39
2016-01-06,1,10,51
2016-01-07,1,10,46
2016-01-08,1,10,45
2016-01-09,1,10,49
2016-01-10,1,10,67
2016-01-11,1,10,39
2016-01-12,1,10,45
2016-01-13,1,10,58
2016-01-14,1,10,52
2016-01-15,1,10,55
2016-01-16,1,10,62
2016-01-17,1,10,69
2016-01-18,1,10,50
2016-01-19,1,10,41
2016-01-20,1,10,40
2016-01-21,1,10,44
2016-01-22,1,10,49
2016-01-23,1,10,52
2016-01-24,1,10,45
2016-01-25,1,10,30
2016-01-26,1,10,34
2016-01-27,1,10,53
2016-01-28,1,10,46
2016-01-29,1,10,61
2016-01-30,1,10,62
2016-01-31,1,10,61
2016-02-01,1,10,36
2016-02-02,1,10,40
2016-02-03,1,10,50
2016-02-04,1,10,43
2016-02-05,1,10,64
2016-02-06,1,10,72
2016-02-07,1,10,56
2016-02-08,1,10,34
2016-02-09,1,10,39
2016-02-10,1,10,36
2016-02-11,1,10,57
2016-02-12,1,10,71
2016-02-13,1,10,65
2016-02-14,1,10,70
2016-02-15,1,10,48
2016-02-16,1,10,50
2016-02-17,1,10,56
2016-02-18,1,10,63
2016-02-19,1,10,58
2016-02-20,1,10,58
2016-02-21,1,10,68
2016-02-22,1,10,55
2016-02-23,1,10,46
2016-02-24,1,10,51
2016-02-25,1,10,40
2016-02-26,1,10,51
2016-02-27,1,10,67
2016-02-28,1,10,63
2016-02-29,1,10,65
2016-03-01,1,10,68
2016-03-02,1,10,76
2016-03-03,1,10,61
2016-03-04,1,10,68
2016-03-05,1,10,65
2016-03-06,1,10,66
2016-03-07,1,10,60
2016-03-08,1,10,51
2016-03-09,1,10,72
2016-03-10,1,10,68
2016-03-11,1,10,56
2016-03-12,1,10,77
2016-03-13,1,10,82
2016-03-14,1,10,56
2016-03-15,1,10,60
2016-03-16,1,10,44
2016-03-17,1,10,58
2016-03-18,1,10,67
2016-03-19,1,10,73
2016-03-20,1,10,89
2016-03-21,1,10,50
2016-03-22,1,10,64
2016-03-23,1,10,70
2016-03-24,1,10,53
2016-03-25,1,10,74
2016-03-26,1,10,74
2016-03-27,1,10,84
2016-03-28,1,10,51
2016-03-29,1,10,60
2016-03-30,1,10,67
2016-03-31,1,10,61
2016-04-01,1,10,84
2016-04-02,1,10,75
2016-04-03,1,10,91
2016-04-04,1,10,75
2016-04-05,1,10,63
2016-04-06,1,10,59
2016-04-07,1,10,83
2016-04-08,1,10,64
2016-04-09,1,10,92
2016-04-10,1,10,95
2016-04-11,1,10,64
2016-04-12,1,10,64
2016-04-13,1,10,74
2016-04-14,1,10,77
2016-04-15,1,10,87
2016-04-16,1,10,85
2016-04-17,1,10,105
2016-04-18,1,10,52
2016-04-19,1,10,51
2016-04-20,1,10,73
2016-04-21,1,10,72
2016-04-22,1,10,85
2016-04-23,1,10,82
2016-04-24,1,10,83
2016-04-25,1,10,55
2016-04-26,1,10,72
2016-04-27,1,10,79
2016-04-28,1,10,84
2016-04-29,1,10,104
2016-04-30,1,10,84
2016-05-01,1,10,90
2016-05-02,1,10,59
2016-05-03,1,10,73
2016-05-04,1,10,77
2016-05-05,1,10,94
2016-05-06,1,10,82
2016-05-07,1,10,90
2016-05-08,1,10,104
2016-05-09,1,10,69
2016-05-10,1,10,78
2016-05-11,1,10,76
2016-05-12,1,10,92
2016-05-13,1,10,85
2016-05-14,1,10,86
2016-05-15,1,10,90
2016-05-16,1,10,63
2016-05-17,1,10,74
2016-05-18,1,10,79
2016-05-19,1,10,82
2016-05-20,1,10,68
2016-05-21,1,10,91
2016-05-22,1,10,111
2016-05-23,1,10,74
2016-05-24,1,10,76
2016-05-25,1,10,65
2016-05-26,1,10,70
2016-05-27,1,10,82
2016-05-28,1,10,80
2016-05-29,1,10,106
2016-05-30,1,10,56
2016-05-31,1,10,83
2016-06-01,1,10,81
2016-06-02,1,10,86
2016-06-03,1,10,99
2016-06-04,1,10,94
2016-06-05,1,10,80
2016-06-06,1,10,60
2016-06-07,1,10,92
2016-06-08,1,10,78
2016-06-09,1,10,69
2016-06-10,1,10,89
2016-06-11,1,10,82
2016-06-12,1,10,91
2016-06-13,1,10,72
2016-06-14,1,10,77
2016-06-15,1,10,71
2016-06-16,1,10,81
2016-06-17,1,10,85
2016-06-18,1,10,105
2016-06-19,1,10,97
2016-06-20,1,10,64
2016-06-21,1,10,74
2016-06-22,1,10,68
2016-06-23,1,10,83
2016-06-24,1,10,99
2016-06-25,1,10,90
2016-06-26,1,10,111
2016-06-27,1,10,93
2016-06-28,1,10,90
2016-06-29,1,10,67
2016-06-30,1,10,76
2016-07-01,1,10,108
2016-07-02,1,10,105
2016-07-03,1,10,93
2016-07-04,1,10,96
2016-07-05,1,10,84
2016-07-06,1,10,85
2016-07-07,1,10,99
2016-07-08,1,10,96
2016-07-09,1,10,85
2016-07-10,1,10,96
2016-07-11,1,10,74
2016-07-12,1,10,85
2016-07-13,1,10,87
2016-07-14,1,10,85
2016-07-15,1,10,110
2016-07-16,1,10,99
2016-07-17,1,10,119
2016-07-18,1,10,69
2016-07-19,1,10,79
2016-07-20,1,10,95
2016-07-21,1,10,91
2016-07-22,1,10,95
2016-07-23,1,10,108
2016-07-24,1,10,111
2016-07-25,1,10,79
2016-07-26,1,10,75
2016-07-27,1,10,84
2016-07-28,1,10,76
2016-07-29,1,10,89
2016-07-30,1,10,109
2016-07-31,1,10,116
2016-08-01,1,10,58
2016-08-02,1,10,79
2016-08-03,1,10,67
2016-08-04,1,10,77
2016-08-05,1,10,81
2016-08-06,1,10,107
2016-08-07,1,10,92
2016-08-08,1,10,70
2016-08-09,1,10,77
2016-08-10,1,10,80
2016-08-11,1,10,64
2016-08-12,1,10,76
2016-08-13,1,10,104
2016-08-14,1,10,85
2016-08-15,1,10,53
2016-08-16,1,10,80
2016-08-17,1,10,53
2016-08-18,1,10,87
2016-08-19,1,10,98
2016-08-20,1,10,91
2016-08-21,1,10,99
2016-08-22,1,10,49
2016-08-23,1,10,69
2016-08-24,1,10,74
2016-08-25,1,10,80
2016-08-26,1,10,70
2016-08-27,1,10,93
2016-08-28,1,10,97
2016-08-29,1,10,65
2016-08-30,1,10,87
2016-08-31,1,10,84
2016-09-01,1,10,81
2016-09-02,1,10,80
2016-09-03,1,10,79
2016-09-04,1,10,79
2016-09-05,1,10,55
2016-09-06,1,10,67
2016-09-07,1,10,70
2016-09-08,1,10,105
2016-09-09,1,10,79
2016-09-10,1,10,75
2016-09-11,1,10,75
2016-09-12,1,10,59
2016-09-13,1,10,80
2016-09-14,1,10,68
2016-09-15,1,10,71
2016-09-16,1,10,87
2016-09-17,1,10,67
2016-09-18,1,10,88
2016-09-19,1,10,50
2016-09-20,1,10,61
2016-09-21,1,10,66
2016-09-22,1,10,95
2016-09-23,1,10,73
2016-09-24,1,10,79
2016-09-25,1,10,93
2016-09-26,1,10,54
2016-09-27,1,10,72
2016-09-28,1,10,85
2016-09-29,1,10,81
2016-09-30,1,10,58
2016-10-01,1,10,68
2016-10-02,1,10,72
2016-10-03,1,10,56
2016-10-04,1,10,56
2016-10-05,1,10,69
2016-10-06,1,10,69
2016-10-07,1,10,65
2016-10-08,1,10,77
2016-10-09,1,10,81
2016-10-10,1,10,49
2016-10-11,1,10,70
2016-10-12,1,10,70
2016-10-13,1,10,61
2016-10-14,1,10,71
2016-10-15,1,10,98
2016-10-16,1,10,77
2016-10-17,1,10,60
2016-10-18,1,10,62
2016-10-19,1,10,54
2016-10-20,1,10,74
2016-10-21,1,10,84
2016-10-22,1,10,91
2016-10-23,1,10,78
2016-10-24,1,10,62
2016-10-25,1,10,68
2016-10-26,1,10,60
2016-10-27,1,10,72
2016-10-28,1,10,66
2016-10-29,1,10,85
2016-10-30,1,10,69
2016-10-31,1,10,46
2016-11-01,1,10,67
2016-11-02,1,10,73
2016-11-03,1,10,83
2016-11-04,1,10,76
2016-11-05,1,10,71
2016-11-06,1,10,94
2016-11-07,1,10,57
2016-11-08,1,10,66
2016-11-09,1,10,80
2016-11-10,1,10,71
2016-11-11,1,10,93
2016-11-12,1,10,78
2016-11-13,1,10,99
2016-11-14,1,10,46
2016-11-15,1,10,64
2016-11-16,1,10,62
2016-11-17,1,10,88
2016-11-18,1,10,84
2016-11-19,1,10,87
2016-11-20,1,10,87
2016-11-21,1,10,59
2016-11-22,1,10,64
2016-11-23,1,10,82
2016-11-24,1,10,82
2016-11-25,1,10,83
2016-11-26,1,10,85
2016-11-27,1,10,86
2016-11-28,1,10,72
2016-11-29,1,10,66
2016-11-30,1,10,57
2016-12-01,1,10,51
2016-12-02,1,10,68
2016-12-03,1,10,62
2016-12-04,1,10,70
2016-12-05,1,10,35
2016-12-06,1,10,39
2016-12-07,1,10,42
2016-12-08,1,10,37
2016-12-09,1,10,52
2016-12-10,1,10,57
2016-12-11,1,10,74
2016-12-12,1,10,38
2016-12-13,1,10,44
2016-12-14,1,10,46
2016-12-15,1,10,56
2016-12-16,1,10,56
2016-12-17,1,10,84
2016-12-18,1,10,63
2016-12-19,1,10,42
2016-12-20,1,10,40
2016-12-21,1,10,47
2016-12-22,1,10,72
2016-12-23,1,10,47
2016-12-24,1,10,64
2016-12-25,1,10,74
2016-12-26,1,10,35
2016-12-27,1,10,55
2016-12-28,1,10,33
2016-12-29,1,10,61
2016-12-30,1,10,60
2016-12-31,1,10,63
2017-01-01,1,10,53
2017-01-02,1,10,51
2017-01-03,1,10,53
2017-01-04,1,10,46
2017-01-05,1,10,46
2017-01-06,1,10,53
2017-01-07,1,10,61
2017-01-08,1,10,64
2017-01-09,1,10,36
2017-01-10,1,10,53
2017-01-11,1,10,44
2017-01-12,1,10,52
2017-01-13,1,10,69
2017-01-14,1,10,69
2017-01-15,1,10,82
2017-01-16,1,10,39
2017-01-17,1,10,38
2017-01-18,1,10,56
2017-01-19,1,10,63
2017-01-20,1,10,57
2017-01-21,1,10,61
2017-01-22,1,10,73
2017-01-23,1,10,33
2017-01-24,1,10,36
2017-01-25,1,10,50
2017-01-26,1,10,60
2017-01-27,1,10,51
2017-01-28,1,10,48
2017-01-29,1,10,57
2017-01-30,1,10,43
2017-01-31,1,10,47
2017-02-01,1,10,51
2017-02-02,1,10,55
2017-02-03,1,10,53
2017-02-04,1,10,51
2017-02-05,1,10,65
2017-02-06,1,10,45
2017-02-07,1,10,59
2017-02-08,1,10,49
2017-02-09,1,10,54
2017-02-10,1,10,52
2017-02-11,1,10,68
2017-02-12,1,10,54
2017-02-13,1,10,40
2017-02-14,1,10,55
2017-02-15,1,10,61
2017-02-16,1,10,59
2017-02-17,1,10,61
2017-02-18,1,10,70
2017-02-19,1,10,70
2017-02-20,1,10,42
2017-02-21,1,10,49
2017-02-22,1,10,41
2017-02-23,1,10,70
2017-02-24,1,10,69
2017-02-25,1,10,63
2017-02-26,1,10,60
2017-02-27,1,10,31
2017-02-28,1,10,54
2017-03-01,1,10,63
2017-03-02,1,10,59
2017-03-03,1,10,55
2017-03-04,1,10,64
2017-03-05,1,10,82
2017-03-06,1,10,69
2017-03-07,1,10,61
2017-03-08,1,10,54
2017-03-09,1,10,54
2017-03-10,1,10,70
2017-03-11,1,10,79
2017-03-12,1,10,77
2017-03-13,1,10,62
2017-03-14,1,10,61
2017-03-15,1,10,70
2017-03-16,1,10,70
2017-03-17,1,10,74
2017-03-18,1,10,79
2017-03-19,1,10,75
2017-03-20,1,10,45
2017-03-21,1,10,58
2017-03-22,1,10,55
2017-03-23,1,10,64
2017-03-24,1,10,85
2017-03-25,1,10,72
2017-03-26,1,10,89
2017-03-27,1,10,60
2017-03-28,1,10,69
2017-03-29,1,10,69
2017-03-30,1,10,60
2017-03-31,1,10,70
2017-04-01,1,10,82
2017-04-02,1,10,95
2017-04-03,1,10,69
2017-04-04,1,10,83
2017-04-05,1,10,79
2017-04-06,1,10,72
2017-04-07,1,10,88
2017-04-08,1,10,99
2017-04-09,1,10,87
2017-04-10,1,10,66
2017-04-11,1,10,66
2017-04-12,1,10,75
2017-04-13,1,10,78
2017-04-14,1,10,98
2017-04-15,1,10,95
2017-04-16,1,10,108
2017-04-17,1,10,61
2017-04-18,1,10,80
2017-04-19,1,10,60
2017-04-20,1,10,89
2017-04-21,1,10,79
2017-04-22,1,10,96
2017-04-23,1,10,87
2017-04-24,1,10,60
2017-04-25,1,10,84
2017-04-26,1,10,81
2017-04-27,1,10,81
2017-04-28,1,10,86
2017-04-29,1,10,86
2017-04-30,1,10,96
2017-05-01,1,10,68
2017-05-02,1,10,87
2017-05-03,1,10,75
2017-05-04,1,10,85
2017-05-05,1,10,76
2017-05-06,1,10,84
2017-05-07,1,10,110
2017-05-08,1,10,82
2017-05-09,1,10,78
2017-05-10,1,10,76
2017-05-11,1,10,82
2017-05-12,1,10,82
2017-05-13,1,10,113
2017-05-14,1,10,106
2017-05-15,1,10,63
2017-05-16,1,10,79
2017-05-17,1,10,77
2017-05-18,1,10,93
2017-05-19,1,10,81
2017-05-20,1,10,115
2017-05-21,1,10,100
2017-05-22,1,10,59
2017-05-23,1,10,75
2017-05-24,1,10,75
2017-05-25,1,10,72
2017-05-26,1,10,94
2017-05-27,1,10,87
2017-05-28,1,10,100
2017-05-29,1,10,62
2017-05-30,1,10,89
2017-05-31,1,10,69
2017-06-01,1,10,94
2017-06-02,1,10,91
2017-06-03,1,10,83
2017-06-04,1,10,112
2017-06-05,1,10,52
2017-06-06,1,10,90
2017-06-07,1,10,106
2017-06-08,1,10,86
2017-06-09,1,10,74
2017-06-10,1,10,87
2017-06-11,1,10,111
2017-06-12,1,10,70
2017-06-13,1,10,77
2017-06-14,1,10,98
2017-06-15,1,10,87
2017-06-16,1,10,98
2017-06-17,1,10,117
2017-06-18,1,10,127
2017-06-19,1,10,74
2017-06-20,1,10,86
2017-06-21,1,10,85
2017-06-22,1,10,75
2017-06-23,1,10,104
2017-06-24,1,10,91
2017-06-25,1,10,88
2017-06-26,1,10,66
2017-06-27,1,10,75
2017-06-28,1,10,67
2017-06-29,1,10,82
2017-06-30,1,10,91
2017-07-01,1,10,103
2017-07-02,1,10,131
2017-07-03,1,10,80
2017-07-04,1,10,97
2017-07-05,1,10,87
2017-07-06,1,10,84
2017-07-07,1,10,94
2017-07-08,1,10,107
2017-07-09,1,10,116
2017-07-10,1,10,79
2017-07-11,1,10,97
2017-07-12,1,10,76
2017-07-13,1,10,105
2017-07-14,1,10,104
2017-07-15,1,10,95
2017-07-16,1,10,114
2017-07-17,1,10,67
2017-07-18,1,10,88
2017-07-19,1,10,85
2017-07-20,1,10,104
2017-07-21,1,10,105
2017-07-22,1,10,114
2017-07-23,1,10,123
2017-07-24,1,10,72
2017-07-25,1,10,84
2017-07-26,1,10,88
2017-07-27,1,10,81
2017-07-28,1,10,107
2017-07-29,1,10,103
2017-07-30,1,10,116
2017-07-31,1,10,69
2017-08-01,1,10,78
2017-08-02,1,10,90
2017-08-03,1,10,95
2017-08-04,1,10,99
2017-08-05,1,10,113
2017-08-06,1,10,104
2017-08-07,1,10,67
2017-08-08,1,10,74
2017-08-09,1,10,65
2017-08-10,1,10,74
2017-08-11,1,10,89
2017-08-12,1,10,106
2017-08-13,1,10,113
2017-08-14,1,10,82
2017-08-15,1,10,81
2017-08-16,1,10,77
2017-08-17,1,10,92
2017-08-18,1,10,94
2017-08-19,1,10,96
2017-08-20,1,10,113
2017-08-21,1,10,68
2017-08-22,1,10,93
2017-08-23,1,10,89
2017-08-24,1,10,76
2017-08-25,1,10,99
2017-08-26,1,10,88
2017-08-27,1,10,101
2017-08-28,1,10,62
2017-08-29,1,10,82
2017-08-30,1,10,79
2017-08-31,1,10,85
2017-09-01,1,10,64
2017-09-02,1,10,85
2017-09-03,1,10,81
2017-09-04,1,10,54
2017-09-05,1,10,73
2017-09-06,1,10,70
2017-09-07,1,10,67
2017-09-08,1,10,101
2017-09-09,1,10,102
2017-09-10,1,10,110
2017-09-11,1,10,50
2017-09-12,1,10,81
2017-09-13,1,10,57
2017-09-14,1,10,69
2017-09-15,1,10,77
2017-09-16,1,10,83
2017-09-17,1,10,90
2017-09-18,1,10,68
2017-09-19,1,10,83
2017-09-20,1,10,89
2017-09-21,1,10,85
2017-09-22,1,10,92
2017-09-23,1,10,82
2017-09-24,1,10,93
2017-09-25,1,10,66
2017-09-26,1,10,88
2017-09-27,1,10,76
2017-09-28,1,10,74
2017-09-29,1,10,85
2017-09-30,1,10,74
2017-10-01,1,10,88
2017-10-02,1,10,73
2017-10-03,1,10,84
2017-10-04,1,10,62
2017-10-05,1,10,60
2017-10-06,1,10,77
2017-10-07,1,10,68
2017-10-08,1,10,86
2017-10-09,1,10,46
2017-10-10,1,10,65
2017-10-11,1,10,63
2017-10-12,1,10,68
2017-10-13,1,10,72
2017-10-14,1,10,89
2017-10-15,1,10,97
2017-10-16,1,10,63
2017-10-17,1,10,55
2017-10-18,1,10,64
2017-10-19,1,10,68
2017-10-20,1,10,91
2017-10-21,1,10,73
2017-10-22,1,10,79
2017-10-23,1,10,68
2017-10-24,1,10,74
2017-10-25,1,10,65
2017-10-26,1,10,60
2017-10-27,1,10,68
2017-10-28,1,10,70
2017-10-29,1,10,73
2017-10-30,1,10,59
2017-10-31,1,10,74
2017-11-01,1,10,79
2017-11-02,1,10,75
2017-11-03,1,10,87
2017-11-04,1,10,89
2017-11-05,1,10,104
2017-11-06,1,10,62
2017-11-07,1,10,49
2017-11-08,1,10,80
2017-11-09,1,10,100
2017-11-10,1,10,91
2017-11-11,1,10,96
2017-11-12,1,10,97
2017-11-13,1,10,71
2017-11-14,1,10,88
2017-11-15,1,10,65
2017-11-16,1,10,80
2017-11-17,1,10,83
2017-11-18,1,10,89
2017-11-19,1,10,99
2017-11-20,1,10,59
2017-11-21,1,10,74
2017-11-22,1,10,67
2017-11-23,1,10,78
2017-11-24,1,10,87
2017-11-25,1,10,95
2017-11-26,1,10,93
2017-11-27,1,10,64
2017-11-28,1,10,78
2017-11-29,1,10,96
2017-11-30,1,10,73
2017-12-01,1,10,71
2017-12-02,1,10,60
2017-12-03,1,10,72
2017-12-04,1,10,35
2017-12-05,1,10,51
2017-12-06,1,10,48
2017-12-07,1,10,64
2017-12-08,1,10,77
2017-12-09,1,10,43
2017-12-10,1,10,66
2017-12-11,1,10,52
2017-12-12,1,10,47
2017-12-13,1,10,52
2017-12-14,1,10,43
2017-12-15,1,10,60
2017-12-16,1,10,58
2017-12-17,1,10,59
2017-12-18,1,10,49
2017-12-19,1,10,51
2017-12-20,1,10,42
2017-12-21,1,10,69
2017-12-22,1,10,60
2017-12-23,1,10,67
2017-12-24,1,10,88
2017-12-25,1,10,42
2017-12-26,1,10,50
2017-12-27,1,10,55
2017-12-28,1,10,63
2017-12-29,1,10,56
2017-12-30,1,10,78
2017-12-31,1,10,74
