Invoice,StockCode,Description,Country
489438,20711,JUMBO BAG TOYS,United Kingdom
489438,21033,JUMBO BAG CHARLIE AND LOLA TOYS,United Kingdom
489438,21100,CHARLIE AND LOLA CHARLOTTE BAG,United Kingdom
489438,21252,SET OF MEADOW  FLOWER STICKERS,United Kingdom
489438,21329,DINOSAURS  WRITING SET,United Kingdom
489438,21410,COUNTRY COTTAGE  DOORSTOP GREEN,United Kingdom
489438,21411,GINGHAM HEART  DOORSTOP RED,United Kingdom
489438,84031A,CHARLIE+LOLA RED HOT WATER BOTTLE,United Kingdom
489438,84031B,CHARLIE LOLA BLUE HOT WATER BOTTLE,United Kingdom
489438,84032A,CHARLIE+LOLA PINK HOT WATER BOTTLE,United Kingdom
489438,84032B,CHARLIE + LOLA RED HOT WATER BOTTLE,United Kingdom
489438,84519A,TOMATO CHARLIE+LOLA COASTER SET,United Kingdom
489438,84519B,CARROT CHARLIE+LOLA COASTER SET,United Kingdom
489438,85132A,CHARLIE + LOLA BISCUITS TINS,United Kingdom
489438,85132C,CHARLIE AND LOLA FIGURES TINS,United Kingdom
489438,85183A,CHARLIE & LOLA WASTEPAPER BIN BLUE,United Kingdom
489438,85183B,CHARLIE & LOLA WASTEPAPER BIN FLORA,United Kingdom
489594,20675,BLUE SPOTTY BOWL,United Kingdom
489594,20676,RED SPOTTY BOWL,United Kingdom
489594,20725,LUNCH BAG RED SPOTTY,United Kingdom
489594,20726,LUNCH BAG WOODLAND,United Kingdom
489594,20975,12 PENCILS SMALL TUBE RED SPOTTY,United Kingdom
489594,20977,36 PENCILS TUBE WOODLAND,United Kingdom
489594,21034,REX CASH+CARRY JUMBO SHOPPER,United Kingdom
489594,21216,"SET 3 RED SPOT TIN TEA,COFFEE,SUGAR",United Kingdom
489594,21231,SWEETHEART CERAMIC TRINKET BOX,United Kingdom
489594,21232,STRAWBERRY CERAMIC TRINKET BOX,United Kingdom
489594,21791,VINTAGE HEADS AND TAILS CARD GAME,United Kingdom
489594,21875,KINGS CHOICE MUG,United Kingdom
489594,21929,JUMBO BAG PINK VINTAGE PAISLEY,United Kingdom
489594,21931,JUMBO STORAGE BAG SUKI,United Kingdom
489594,22055,MINI CAKE STAND  HANGING STRAWBERY,United Kingdom
489594,22055,MINI CAKE STAND  HANGING STRAWBERY,United Kingdom
489594,22062,CERAMIC BOWL WITH LOVE HEART DESIGN,United Kingdom
489594,22062,CERAMIC BOWL WITH LOVE HEART DESIGN,United Kingdom
489594,22064,PINK DOUGHNUT TRINKET POT,United Kingdom
489594,22065,CHRISTMAS PUDDING TRINKET POT,United Kingdom
489594,22068,BLACK PIRATE TREASURE CHEST,United Kingdom
489594,22114,HOT WATER BOTTLE TEA AND SYMPATHY,United Kingdom
489594,22131,FOOD CONTAINER SET 3 LOVE HEART,United Kingdom
489594,22187,GREEN CHRISTMAS TREE CARD HOLDER,United Kingdom
489594,22347,PIZZA SLICE DISH,United Kingdom
489594,22350,CAT BOWL,United Kingdom
489594,37447,CERAMIC CAKE DESIGN SPOTTED PLATE,United Kingdom
489594,37448,CERAMIC CAKE DESIGN SPOTTED MUG,United Kingdom
489594,37448,CERAMIC CAKE DESIGN SPOTTED MUG,United Kingdom
489594,37448,CERAMIC CAKE DESIGN SPOTTED MUG,United Kingdom
489594,37449,CERAMIC CAKE STAND + HANGING CAKES,United Kingdom
489594,37450,CERAMIC CAKE BOWL + HANGING CAKES,United Kingdom
489594,37450,CERAMIC CAKE BOWL + HANGING CAKES,United Kingdom
489594,37502,TEA TIME MUG IN GIFT BOX,United Kingdom
489594,37503,TEA TIME CAKE STAND IN GIFT BOX,United Kingdom
489594,72349B,SET/6 PURPLE BUTTERFLY T-LIGHTS,United Kingdom
489594,79302M,"ART LIGHTS,FUNK MONKEY",United Kingdom
489594,82482,WOODEN PICTURE FRAME WHITE FINISH,United Kingdom
489594,84507B,STRIPES DESIGN MONKEY DOLL,United Kingdom
489594,84507C,BLUE CIRCLES DESIGN MONKEY DOLL,United Kingdom
489594,84508A,CAMOFLAGE DESIGN TEDDY,United Kingdom
489594,84534B,FAIRY CAKE NOTEBOOK A5 SIZE,United Kingdom
489594,84535B,FAIRY CAKES NOTEBOOK A6 SIZE,United Kingdom
489594,84536B,FAIRY CAKES NOTEBOOK A7 SIZE,United Kingdom
489594,84596B,SMALL DOLLY MIX DESIGN ORANGE BOWL,United Kingdom
489594,84596E,SMALL LICORICE DES PINK BOWL,United Kingdom
489594,84596G,SMALL CHOCOLATES PINK BOWL,United Kingdom
489594,84596K,JELLY BABIES YELLOW SMALL BOWL,United Kingdom
489594,85042,ANTIQUE LILY FAIRY LIGHTS,United Kingdom
489594,85045,GREEN CHRISTMAS TREE STRING 20LIGHT,United Kingdom
489594,85099C,JUMBO  BAG BAROQUE BLACK WHITE,United Kingdom
489644,15056N,EDWARDIAN PARASOL NATURAL,United Kingdom
489644,20685,RED SPOTTY COIR DOORMAT,United Kingdom
489644,20723,STRAWBERRY CHARLOTTE BAG,United Kingdom
489644,20724,RED SPOTTY CHARLOTTE BAG,United Kingdom
489644,21080,SET/20 RED SPOTTY PAPER NAPKINS,United Kingdom
489644,21080,SET/20 RED SPOTTY PAPER NAPKINS,United Kingdom
489644,21218,RED SPOTTY BISCUIT TIN,United Kingdom
489644,21407,BROWN CHECK CAT DOORSTOP,United Kingdom
489644,21479,WHITE SKULL HOT WATER BOTTLE,United Kingdom
489644,21481,FAWN BLUE HOT WATER BOTTLE,United Kingdom
489644,21484,CHICK GREY HOT WATER BOTTLE,United Kingdom
489644,21591,COSY HOUR CIGAR BOX MATCHES,United Kingdom
489644,21621,VINTAGE UNION JACK BUNTING,United Kingdom
489644,22111,SCOTTIE DOG HOT WATER BOTTLE,United Kingdom
489644,22113,GREY HEART HOT WATER BOTTLE,United Kingdom
489644,22114,HOT WATER BOTTLE TEA AND SYMPATHY,United Kingdom
489644,22189,CREAM HEART CARD HOLDER,United Kingdom
489644,22356,"CHARLOTTE BAG , PINK/WHITE SPOTS",United Kingdom
489644,37502,TEA TIME MUG IN GIFT BOX,United Kingdom
489644,47556B,TEA TIME TEA TOWELS,United Kingdom
489644,48185,DOOR MAT FAIRY CAKE,United Kingdom
489644,82482,WOODEN PICTURE FRAME WHITE FINISH,United Kingdom
489644,82494L,WOODEN FRAME ANTIQUE WHITE,United Kingdom
489644,85099B,JUMBO BAG RED WHITE SPOTTY,United Kingdom
489644,85099C,JUMBO  BAG BAROQUE BLACK WHITE,United Kingdom
489644,85099C,JUMBO  BAG BAROQUE BLACK WHITE,United Kingdom
489897,20871,OPULENT VELVET SET/3 CANDLES,United Kingdom
489897,20956,PORCELAIN T-LIGHT HOLDERS ASSORTED,United Kingdom
489897,21134,VICTORIAN METAL POSTCARD CHRISTMAS,United Kingdom
489897,21135,VICTORIAN  METAL POSTCARD SPRING,United Kingdom
489897,21349,IVY HEART WREATH,United Kingdom
489897,21490,SET OF THREE 50'S GIFT WRAPS,United Kingdom
489897,21790,VINTAGE SNAP CARDS,United Kingdom
489897,22130,PARTY CONE CHRISTMAS DECORATION,United Kingdom
489897,22147,FELTCRAFT BUTTERFLY HEARTS,United Kingdom
489897,84347,ROTATING SILVER ANGELS T-LIGHT HLDR,United Kingdom
489897,84946,ANTIQUE SILVER TEA GLASS ETCHED,United Kingdom
489897,85032D,YULETIDE IMAGES GIFT WRAP SET,United Kingdom
489897,85049E,SCANDINAVIAN REDS RIBBONS,United Kingdom
490056,20668,DISCO BALL CHRISTMAS DECORATION,United Kingdom
490056,20828,GLITTER BUTTERFLY CLIPS,United Kingdom
490056,21590,KINGS CHOICE CIGAR BOX MATCHES,United Kingdom
490056,21592,RETRO SPOT  CIGAR BOX MATCHES,United Kingdom
490056,21955,UNION JACK GUNS & ROSES  DOORMAT,United Kingdom
490056,21993,FLORAL FOLK STATIONERY SET,United Kingdom
490056,22086,PAPER CHAIN KIT 50'S CHRISTMAS,United Kingdom
490056,22154,ANGEL DECORATION 3 BUTTONS,United Kingdom
490056,22155,STAR DECORATION RUSTIC,United Kingdom
490056,35817B,"ACRYLIC JEWEL SNOWFLAKE,BLUE",United Kingdom
490056,35824C,"HANGING FLOWERS+MIRROR,CLEAR",United Kingdom
490056,48173C,DOOR MAT BLACK FLOCK,United Kingdom
490056,51012C,"FEATHER DUSTER, COAL BLACK",United Kingdom
490056,75049L,LARGE CIRCULAR MIRROR MOBILE,United Kingdom
490056,84875A,PINK SQUARE COMPACT MIRROR,United Kingdom
490056,84875D,BLUE SQUARE COMPACT MIRROR,United Kingdom
490066,21385,IVORY HANGING DECORATION  HEART,United Kingdom
490066,72008,FROSTED BOX 9 WHITE T-LIGHT CANDLES,United Kingdom
490066,82482,WOODEN PICTURE FRAME WHITE FINISH,United Kingdom
490066,82494L,WOODEN FRAME ANTIQUE WHITE,United Kingdom
490066,84836,ZINC METAL HEART DECORATION,United Kingdom
490066,84879,ASSORTED COLOUR BIRD ORNAMENT,United Kingdom
490066,85123A,WHITE HANGING HEART T-LIGHT HOLDER,United Kingdom
490141,10135,COLOURING PENCILS BROWN TUBE,United Kingdom
490141,20914,SET/5 RED SPOTTY LID GLASS BOWLS,United Kingdom
490141,21440,12 MINI TOADSTOOL PEGS,United Kingdom
490141,21590,KINGS CHOICE CIGAR BOX MATCHES,United Kingdom
490141,21592,RETRO SPOT  CIGAR BOX MATCHES,United Kingdom
490141,21610,SET 12 PEAR BOTANICAL T-LIGHTS,United Kingdom
490141,21614,SET OF 12 ROSE BOTANICAL T-LIGHTS,United Kingdom
490141,21790,VINTAGE SNAP CARDS,United Kingdom
490141,21888,BINGO SET,United Kingdom
490141,22093,MOTORING TISSUE BOX,United Kingdom
490141,22139,RETRO SPOT TEA SET CERAMIC 11 PC,United Kingdom
490141,47503G,ASS FLORAL PRINT TAPE MEASURE,United Kingdom
490141,47505,MINATURE COLOURED GARDENING SET,United Kingdom
490141,71477,COLOUR GLASS. STAR T-LIGHT HOLDER,United Kingdom
490141,85123A,WHITE HANGING HEART T-LIGHT HOLDER,United Kingdom
490141,90040D,MURANO STYLE GLASS BRACELET PINK,United Kingdom
490141,90042B,FRESHWATER PEARL BRACELET PINK,United Kingdom
490141,90120C,GREEN MURANO TWIST BRACELET,United Kingdom
490382,20685,RED SPOTTY COIR DOORMAT,Cyprus
490382,20750,RED/WHITE DOT MINI CASES,Cyprus
490382,20818,GOLD TEDDY BEAR,Cyprus
490382,20819,SILVER TEDDY BEAR,Cyprus
490382,21080,SET/20 RED SPOTTY PAPER NAPKINS,Cyprus
490382,21134,VICTORIAN METAL POSTCARD CHRISTMAS,Cyprus
490382,21136,PAINTED METAL PEARS ASSORTED,Cyprus
490382,21155,RED SPOTTY PEG BAG,Cyprus
490382,21164,HOME SWEET HOME METAL SIGN,Cyprus
490382,21181,PLEASE ONE PERSON  METAL SIGN,Cyprus
490382,21300,ANTIQUE EDWARDIAN DRESSER,Cyprus
490382,21462,"NURSERY A,B,C PAINTED LETTERS",Cyprus
490382,21527,RETRO SPOT TRADITIONAL TEAPOT,Cyprus
490382,21752,GLASS CAKE STAND MIRRORED BASE,Cyprus
490382,21770,OPEN CLOSED METAL SIGN,Cyprus
490382,22047,EMPIRE GIFT WRAP,Cyprus
490382,22084,PAPER CHAIN KIT EMPIRE,Cyprus
490382,22215,CAKE STAND WHITE TWO TIER LACE,Cyprus
490382,22218,CAKE STAND LACE WHITE,Cyprus
490382,22222,CAKE PLATE LOVEBIRD WHITE,Cyprus
490382,48116,DOOR MAT MULTICOLOUR STRIPE,Cyprus
490382,72760B,VINTAGE CREAM 3 BASKET CAKE STAND,Cyprus
490382,82552,WASHROOM METAL SIGN,Cyprus
490382,84509B,FAIRY CAKE PLACEMATS,Cyprus
490382,84520B,PACK 20 ENGLISH ROSE PAPER NAPKINS,Cyprus
490382,84926C,FAIRY CAKES TILE COASTER,Cyprus
490382,85053,FRENCH ENAMEL CANDLEHOLDER,Cyprus
490382,85055,FRENCH ENAMEL UTENSIL HOLDER,Cyprus
490382,85114C,RED ENCHANTED FOREST PLACEMAT,Cyprus
490382,85150,LADIES & GENTLEMEN METAL SIGN,Cyprus
490382,85152,HAND OVER THE CHOCOLATE   SIGN,Cyprus
490382,85232B,SET/3 RUSSIAN DOLL STACKING TINS,Cyprus
490396,20871,OPULENT VELVET SET/3 CANDLES,United Kingdom
490396,21078,SET/20 STRAWBERRY PAPER NAPKINS,United Kingdom
490396,21331,MOROCCAN BEATEN METAL DISH LARGE,United Kingdom
490396,21467,CHERRY CROCHET FOOD COVER,United Kingdom
490396,21621,VINTAGE UNION JACK BUNTING,United Kingdom
490396,21667,GLASS CAKE COVER AND PLATE,United Kingdom
490396,22111,SCOTTIE DOG HOT WATER BOTTLE,United Kingdom
490396,22275,WEEKEND BAG VINTAGE ROSE PAISLEY,United Kingdom
490396,37449,CERAMIC CAKE STAND + HANGING CAKES,United Kingdom
490396,82482,WOODEN PICTURE FRAME WHITE FINISH,United Kingdom
490396,84029G,KNITTED UNION FLAG HOT WATER BOTTLE,United Kingdom
490396,84970L,SINGLE HEART ZINC T-LIGHT HOLDER,United Kingdom
490396,85065,CREAM SWEETHEART TRAYS,United Kingdom
490396,85067,CREAM SWEETHEART WALL CABINET,United Kingdom
490396,85099B,JUMBO BAG RED WHITE SPOTTY,United Kingdom
490474,15056BL,EDWARDIAN PARASOL BLACK,United Kingdom
490474,20679,EDWARDIAN PARASOL RED,United Kingdom
490474,20736,PINK MINI TAPE MEASURE,United Kingdom
490474,20738,GREEN MINI TAPE MEASURE,United Kingdom
490474,20754,RETRO RED SPOTTY WASHING UP GLOVES,United Kingdom
490474,20967,GREY FLORAL FELTCRAFT SHOULDER BAG,United Kingdom
490474,20969,RED FLORAL FELTCRAFT SHOULDER BAG,United Kingdom
490474,20971,PINK BLUE FELT CRAFT TRINKET BOX,United Kingdom
490474,21186,WHITE DOVE HONEYCOMB PAPER GARLAND,United Kingdom
490474,21191,LARGE WHITE HONEYCOMB PAPER BELL,United Kingdom
490474,21238,RED SPOTTY CUP,United Kingdom
490474,21239,PINK  SPOTTY CUP,United Kingdom
490474,21240,BLUE  SPOTTY CUP,United Kingdom
490474,21259,VICTORIAN SEWING BOX SMALL,United Kingdom
490474,21554,CERAMIC BIRDHOUSE RED ROOF LARGE,United Kingdom
490474,21655,HANGING RIDGE GLASS T-LIGHT HOLDER,United Kingdom
490474,21754,HOME BUILDING BLOCK WORD,United Kingdom
490474,21755,LOVE BUILDING BLOCK WORD,United Kingdom
490474,21756,BATH BUILDING BLOCK WORD,United Kingdom
490474,21843,RETRO SPOT CAKE STAND,United Kingdom
490474,21877,HOME SWEET HOME MUG,United Kingdom
490474,21903,MAN FLU METAL SIGN,United Kingdom
490474,22086,PAPER CHAIN KIT 50'S CHRISTMAS,United Kingdom
490474,22147,FELTCRAFT BUTTERFLY HEARTS,United Kingdom
490474,22149,FELTCRAFT 6 FLOWER FRIENDS,United Kingdom
490474,22349,"DOG BOWL , CHASING BALL DESIGN",United Kingdom
490474,71459,HANGING JAM JAR T-LIGHT HOLDER,United Kingdom
490474,72756,FAIRY CAKE CANDLES,United Kingdom
490474,82615,PINK MARSHMALLOW SCARF KNITTING KIT,United Kingdom
490474,82616A,BUBBLE GUM SCARF KNITTING KIT,United Kingdom
490474,84466,TOP SECRET PEN SET,United Kingdom
490474,84978,HANGING HEART JAR T-LIGHT HOLDER,United Kingdom
490474,84997B,RED 3 PIECE MINI DOTS CUTLERY SET,United Kingdom
490474,84997C,BLUE 3 PIECE MINI DOTS CUTLERY SET,United Kingdom
490474,84997D,PINK 3 PIECE MINI DOTS CUTLERY SET,United Kingdom
490751,15056BL,EDWARDIAN PARASOL BLACK,Austria
490751,15056N,EDWARDIAN PARASOL NATURAL,Austria
490751,15056P,EDWARDIAN PARASOL PINK,Austria
490751,20679,EDWARDIAN PARASOL RED,Austria
490751,21481,FAWN BLUE HOT WATER BOTTLE,Austria
490751,21482,MUSHROOM BLUE HOT WATER BOTTLE,Austria
490751,22061,LARGE CAKE STAND  HANGING STRAWBERY,Austria
490751,22067,CHOC TRUFFLE GOLD TRINKET POT,Austria
490751,22172,METAL SHELF WITH RAIL,Austria
490751,37448,CERAMIC CAKE DESIGN SPOTTED MUG,Austria
490751,37449,CERAMIC CAKE STAND + HANGING CAKES,Austria
490751,37503,TEA TIME CAKE STAND IN GIFT BOX,Austria
490751,48116,DOOR MAT MULTICOLOUR STRIPE,Austria
490751,48173C,DOOR MAT BLACK FLOCK,Austria
490751,72741,GRAND CHOCOLATECANDLE,Austria
490751,85014B,RED/WHITE DOTS RUFFLED UMBRELLA,Austria
490751,85014D,PINK/BROWN DOTS RUFFLED UMBRELLA,Austria
491061,21524,SPOTTY  HOME SWEET HOME DOORMAT,United Kingdom
491061,21655,HANGING RIDGE GLASS T-LIGHT HOLDER,United Kingdom
491061,21743,STAR PORTABLE TABLE LIGHT,United Kingdom
491061,21846,PINK DIAMANTE PEN IN GIFT BOX,United Kingdom
491061,21936,RED/WHITE SPOT PICNIC BAG,United Kingdom
491061,22149,FELTCRAFT 6 FLOWER FRIENDS,United Kingdom
491061,22310,KNITTED MUG COSY IVORY COLOUR,United Kingdom
491061,75049L,LARGE CIRCULAR MIRROR MOBILE,United Kingdom
491061,79323P,PINK CHERRY LIGHTS,United Kingdom
491061,84750B,BLACK SMALL GLASS CAKE STAND,United Kingdom
491061,85123A,WHITE HANGING HEART T-LIGHT HOLDER,United Kingdom
491061,85232B,SET/3 RUSSIAN DOLL STACKING TINS,United Kingdom
491132,20981,12 PENCILS TALL TUBE WOODLAND,United Kingdom
491132,20982,12 PENCILS TALL TUBE SKULLS,United Kingdom
491132,21589,SWALLOW GIANT TUBE MATCHES,United Kingdom
491132,21611,SET OF 12 LILY BOTANICAL T-LIGHTS,United Kingdom
491132,21614,SET OF 12 ROSE BOTANICAL T-LIGHTS,United Kingdom
491132,21617,4 LILY  BOTANICAL DINNER CANDLES,United Kingdom
491132,21635,MADRAS NOTEBOOK LARGE,United Kingdom
491154,21299,EDWARDIAN TOILET ROLL UNIT,United Kingdom
491154,21444,BLUE CHALET BIRDFEEDER,United Kingdom
491154,21545,CERAMIC BIRDHOUSE BUTTERFLY SMALL,United Kingdom
491154,21547,CERAMIC BIRDHOUSE CRESTED TIT SMALL,United Kingdom
491154,21549,CERAMIC BIRDHOUSE RED ROOF SMALL,United Kingdom
491154,21732,RED HANGING METAL STAR TLIGHT HLDR,United Kingdom
491154,22212,FOUR HOOK  WHITE LOVEBIRDS,United Kingdom
491154,22215,CAKE STAND WHITE TWO TIER LACE,United Kingdom
491154,22294,HEART FILIGREE DOVE  SMALL,United Kingdom
491154,22295,HEART FILIGREE DOVE LARGE,United Kingdom
491154,22296,HEART IVORY TRELLIS LARGE,United Kingdom
491154,84685,BEACH HUT KEY CABINET,United Kingdom
491154,84849A,HELLO SAILOR BLUE SOAP HOLDER,United Kingdom
491154,84849B,FAIRY SOAP SOAP HOLDER,United Kingdom
491204,20680,PINK FLOWERS CHILDS UMBRELLA,United Kingdom
491204,20684,STRAWBERRY DREAM CHILDS UMBRELLA,United Kingdom
491204,20727,LUNCH BAG  BLACK SKULL.,United Kingdom
491204,20914,SET/5 RED SPOTTY LID GLASS BOWLS,United Kingdom
491204,20952,PORCELAIN CHERUB BELL SMALL,United Kingdom
491204,20956,PORCELAIN T-LIGHT HOLDERS ASSORTED,United Kingdom
491204,20956,PORCELAIN T-LIGHT HOLDERS ASSORTED,United Kingdom
491204,20956,PORCELAIN T-LIGHT HOLDERS ASSORTED,United Kingdom
491204,20956,PORCELAIN T-LIGHT HOLDERS ASSORTED,United Kingdom
491204,21082,SET/20 FRUIT SALAD PAPER NAPKINS,United Kingdom
491204,21096,SET/6 FRUIT SALAD  PAPER PLATES,United Kingdom
491204,21156,RED SPOTTY CHILDS APRON,United Kingdom
491204,21156,RED SPOTTY CHILDS APRON,United Kingdom
491204,21238,RED SPOTTY CUP,United Kingdom
491204,21238,RED SPOTTY CUP,United Kingdom
491204,21499,BLUE SPOTS  WRAP,United Kingdom
491204,21500,PINK SPOTS  WRAP,United Kingdom
491204,21535,RETRO SPOT SMALL MILK JUG,United Kingdom
491204,21559,STRAWBERRY LUNCHBOX WITH CUTLERY,United Kingdom
491204,21559,STRAWBERRY LUNCHBOX WITH CUTLERY,United Kingdom
491204,21578,WOODLAND DESIGN  COTTON TOTE BAG,United Kingdom
491204,21578,WOODLAND DESIGN  COTTON TOTE BAG,United Kingdom
491204,21580,RABBIT  DESIGN  COTTON TOTE BAG,United Kingdom
491204,21588,RETRO SPOT GIANT  TUBE MATCHES,United Kingdom
491204,21588,RETRO SPOT GIANT  TUBE MATCHES,United Kingdom
491204,21755,LOVE BUILDING BLOCK WORD,United Kingdom
491204,21896,POTTING SHED TWINE,United Kingdom
491204,21897,POTTING SHED CANDLE CITRONELLA,United Kingdom
491204,21931,JUMBO STORAGE BAG SUKI,United Kingdom
491204,21931,JUMBO STORAGE BAG SUKI,United Kingdom
491204,21985,PACK OF 12 HEARTS DESIGN TISSUES,United Kingdom
491204,21985,PACK OF 12 HEARTS DESIGN TISSUES,United Kingdom
491204,22042,CHRISTMAS CARD SINGING ANGEL,United Kingdom
491204,22044,CHRISTMAS CARD STACK OF PRESENTS,United Kingdom
491204,22071,SMALL RETRO SPOT MUG IN BOX  WHITE,United Kingdom
491204,22119,PEACE WOODEN BLOCK LETTERS,United Kingdom
491204,22138,BAKING SET 9 PIECE RETROSPOT,United Kingdom
491204,22138,BAKING SET 9 PIECE RETROSPOT,United Kingdom
491204,22260,FELT EGG COSY BLUE RABBIT,United Kingdom
491204,22318,FIVE HEART HANGING DECORATION,United Kingdom
491204,22318,FIVE HEART HANGING DECORATION,United Kingdom
491204,47504F,ENGLISH ROSE TORCH,United Kingdom
491204,47504F,ENGLISH ROSE TORCH,United Kingdom
491204,47591B,SCOTTIES DES CHILD'S APRON,United Kingdom
491204,47591B,SCOTTIES DES CHILD'S APRON,United Kingdom
491204,79191C,RETRO PLASTIC ELEPHANT TRAY,United Kingdom
491204,82551,LAUNDRY 15C METAL SIGN,United Kingdom
491204,84671B,CROCHET BEAR WITH BLUE STRIPES,United Kingdom
491204,84671B,CROCHET BEAR WITH BLUE STRIPES,United Kingdom
491204,85078,SCANDINAVIAN 3 HEARTS NAPKIN RING,United Kingdom
491204,85078,SCANDINAVIAN 3 HEARTS NAPKIN RING,United Kingdom
491204,85078,SCANDINAVIAN 3 HEARTS NAPKIN RING,United Kingdom
491204,85123A,WHITE HANGING HEART T-LIGHT HOLDER,United Kingdom
491204,85123A,WHITE HANGING HEART T-LIGHT HOLDER,United Kingdom
491204,85135A,YELLOW DRAGONFLY HELICOPTER,United Kingdom
491204,85135B,BLUE DRAGONFLY HELICOPTER,United Kingdom
491204,85136B,BLUE SHARK HELICOPTER,United Kingdom
491204,85184D,S/4 BLUE ROUND DECOUPAGE BOXES,United Kingdom
491247,21033,JUMBO BAG CHARLIE AND LOLA TOYS,United Kingdom
491247,21100,CHARLIE AND LOLA CHARLOTTE BAG,United Kingdom
491247,21275,ZINC TOP  2 DOOR WOODEN SHELF,United Kingdom
491247,21276,TWO EMBOSSED HEART MINI DRAWERS,United Kingdom
491247,21288,STRIPEY CHOCOLATE NESTING BOXES,United Kingdom
491247,21289,LARGE STRIPES CHOCOLATE GIFT BAG,United Kingdom
491247,21292,SMALL STRIPES CHOCOLATE GIFT BAG,United Kingdom
491247,21348,PINK SPOTS CHOCOLATE NESTING BOXES,United Kingdom
491247,21779,MA CAMPAGNE MINI WOODEN CHEST,United Kingdom
491247,21780,MA CAMPAGNE 4 DRAWER WALL SHELF,United Kingdom
491247,21904,HOUSE WRECKING METAL SIGN,United Kingdom
491247,85132B,CHARLIE AND LOLA TABLE TINS,United Kingdom
491385,21754,HOME BUILDING BLOCK WORD,United Kingdom
491385,71477,COLOUR GLASS. STAR T-LIGHT HOLDER,United Kingdom
491385,84946,ANTIQUE SILVER TEA GLASS ETCHED,United Kingdom
491385,85123A,WHITE HANGING HEART T-LIGHT HOLDER,United Kingdom
491385,85174,S/4 CACTI CANDLES,United Kingdom
491570,20747,PICCADILLY TEA SET,United Kingdom
491570,20748,KENSINGTON COFFEE SET,United Kingdom
491570,21172,PARTY METAL SIGN,United Kingdom
491570,21212,PACK OF 72 RETRO SPOT CAKE CASES,United Kingdom
491570,21479,WHITE SKULL HOT WATER BOTTLE,United Kingdom
491570,21533,RETRO SPOT LARGE MILK JUG,United Kingdom
491570,21535,RETRO SPOT SMALL MILK JUG,United Kingdom
491570,21790,VINTAGE SNAP CARDS,United Kingdom
491570,21977,PACK OF 60 PINK PAISLEY CAKE CASES,United Kingdom
491570,21980,PACK OF 12 RED SPOTTY TISSUES,United Kingdom
491570,21981,PACK OF 12 WOODLAND TISSUES,United Kingdom
491570,21986,PACK OF 12 PINK SPOT TISSUES,United Kingdom
491570,22109,FULL ENGLISH BREAKFAST PLATE,United Kingdom
491570,22138,BAKING SET 9 PIECE RETROSPOT,United Kingdom
491570,22308,TEA COSY BLUE STRIPE,United Kingdom
491570,22309,TEA COSY RED  STRIPE,United Kingdom
491570,84032A,CHARLIE+LOLA PINK HOT WATER BOTTLE,United Kingdom
491570,84879,ASSORTED COLOUR BIRD ORNAMENT,United Kingdom
491570,84970L,SINGLE HEART ZINC T-LIGHT HOLDER,United Kingdom
491570,84970S,HANGING HEART ZINC T-LIGHT HOLDER,United Kingdom
491636,20762,GREEN FERN SKETCHBOOK,United Kingdom
491636,20764,ABSTRACT CIRCLES SKETCHBOOK,United Kingdom
491636,20767,BLUE PAISLEY JOURNAL,United Kingdom
491636,20771,CHRYSANTHEMUM  JOURNAL,United Kingdom
491636,20771,CHRYSANTHEMUM  JOURNAL,United Kingdom
491636,20772,GARDEN PATH JOURNAL,United Kingdom
491636,20879,TREE OF NOAH FESTIVE SCENTED CANDLE,United Kingdom
491636,20992,JAZZ HEARTS PURSE NOTEBOOK,United Kingdom
491636,20993,JAZZ HEARTS MEMO PAD,United Kingdom
491636,21061,PARTY INVITES FOOTBALL,United Kingdom
491636,21703,BAG 125g SWIRLY MARBLES,United Kingdom
491636,22110,BIRD HOUSE HOT WATER BOTTLE,United Kingdom
491636,35833G,4 GOLD FLOCK CHRISTMAS BALLS,United Kingdom
491636,35833P,4 PINK FLOCK CHRISTMAS BALLS,United Kingdom
491636,35991,SET/6 BLACK SNOWFLAKE T-LIGHTS,United Kingdom
491636,46000M,POLYESTER FILLER PAD 45x45cm,United Kingdom
491636,72750C,"F.FAIRY S/3 CANDLE/GLASS, ROSE",United Kingdom
491636,72771B,BURG FLOCK GOLD CUP/CANDLE,United Kingdom
491636,72799B,PURPLE PILLAR CANDLE BLACK FLOCK,United Kingdom
491636,85033S,SET/6 SILVER REINDEER T-LIGHTS,United Kingdom
491655,46000M,POLYESTER FILLER PAD 45x45cm,United Kingdom
491672,20731,POSY CANDY BAG,United Kingdom
491672,20767,BLUE PAISLEY JOURNAL,United Kingdom
491672,20768,GREEN FERN JOURNAL,United Kingdom
491672,20769,DAISY JOURNAL,United Kingdom
491672,20770,ABSTRACT CIRCLE JOURNAL,United Kingdom
491672,20771,CHRYSANTHEMUM  JOURNAL,United Kingdom
491672,20772,GARDEN PATH JOURNAL,United Kingdom
491672,20892,SET/3 TALL GLASS CANDLE HOLDER PINK,United Kingdom
491672,21040,MODERN VINTAGE COTTON SHOPPING BAG,United Kingdom
491672,21126,SET OF 6 GIRLS CELEBRATION CANDLES,United Kingdom
491672,21779,MA CAMPAGNE MINI WOODEN CHEST,United Kingdom
491672,72800F,4 IVORY DINNER CANDLES GOLD FLOCK,United Kingdom
491672,82616A,BUBBLE GUM SCARF KNITTING KIT,United Kingdom
491672,85007,SET OF 3 VINTAGE TEA TIME BOXES,United Kingdom
491681,21218,RED SPOTTY BISCUIT TIN,United Kingdom
491681,21351,CINAMMON & ORANGE WREATH,United Kingdom
491681,21645,ASSORTED TUTTI FRUTTI ROUND BOX,United Kingdom
491681,21647,ASSORTED TUTTI FRUTTI LARGE PURSE,United Kingdom
491681,22138,BAKING SET 9 PIECE RETROSPOT,United Kingdom
491681,37502,TEA TIME MUG IN GIFT BOX,United Kingdom
491681,71053,WHITE METAL LANTERN,United Kingdom
491681,72815,3 WICK CHRISTMAS BRIAR CANDLE,United Kingdom
491681,79323W,WHITE CHERRY LIGHTS,United Kingdom
491681,84482,BUTTONS DESIGN JEWELLERY BOX,United Kingdom
491681,90034,WHITE SILVER NECKLACE SHELL GLASS,United Kingdom
491681,90040A,MURANO STYLE GLASS BRACELET RED,United Kingdom
491681,90060B,FIRE POLISHED GLASS NECKL GOLD,United Kingdom
491681,90123A,PINK HEART OF GLASS BRACELET,United Kingdom
491681,90140,PINK SWEETIE NECKLACE,United Kingdom
491681,90146,FINE SILVER NECKLACE W PASTEL FLOWE,United Kingdom
491681,90147,CHUNKY SILVER NECKLACE PASTEL FLOWE,United Kingdom
491681,90148,LONG SILVER NECKLACE PASTEL FLOWER,United Kingdom
491681,90180A,BLACK+WHITE NECKLACE W TASSEL,United Kingdom
491681,90195A,PURPLE GEMSTONE BRACELET,United Kingdom
492248,21429,RED GINGHAM ROSE JEWELLERY BOX,Netherlands
492248,22275,WEEKEND BAG VINTAGE ROSE PAISLEY,Netherlands
492248,22276,WASH BAG VINTAGE ROSE PAISLEY,Netherlands
492248,22277,COSMETIC BAG VINTAGE ROSE PAISLEY,Netherlands
492248,85232B,SET/3 RUSSIAN DOLL STACKING TINS,Netherlands
492248,85232D,SET/3 DECOUPAGE STACKING TINS,Netherlands
492248,POST,POSTAGE,Netherlands
492403,21232,STRAWBERRY CERAMIC TRINKET BOX,United Kingdom
492403,21484,CHICK GREY HOT WATER BOTTLE,United Kingdom
492403,21485,RED SPOT HEART HOT WATER BOTTLE,United Kingdom
492403,21486,PINK HEART DOTS HOT WATER BOTTLE,United Kingdom
492403,22067,CHOC TRUFFLE GOLD TRINKET POT,United Kingdom
492403,22111,SCOTTIE DOG HOT WATER BOTTLE,United Kingdom
492403,22112,CHOCOLATE HOT WATER BOTTLE,United Kingdom
492403,22114,HOT WATER BOTTLE TEA AND SYMPATHY,United Kingdom
492403,22125,UNION JACK HOT WATER BOTTLE,United Kingdom
492403,84029C,BROWN FURRY HOT WATER BOTTLE,United Kingdom
492403,84029E,RED WOOLLY HOTTIE WHITE HEART.,United Kingdom
492403,84029G,KNITTED UNION FLAG HOT WATER BOTTLE,United Kingdom
492434,21136,PAINTED METAL PEARS ASSORTED,United Kingdom
492434,21484,CHICK GREY HOT WATER BOTTLE,United Kingdom
492434,21485,RED SPOT HEART HOT WATER BOTTLE,United Kingdom
492434,21506,"FANCY FONT BIRTHDAY CARD,",United Kingdom
492434,21509,COWBOYS AND INDIANS BIRTHDAY CARD,United Kingdom
492434,21670,BLUE SPOT CERAMIC DRAWER KNOB,United Kingdom
492434,21707,"FOLDING UMBRELLA , BLACK/BLUE  SPOT",United Kingdom
492434,21733,RED HANGING HEART T-LIGHT HOLDER,United Kingdom
492434,21755,LOVE BUILDING BLOCK WORD,United Kingdom
492434,21814,HEART T-LIGHT HOLDER,United Kingdom
492434,22110,BIRD HOUSE HOT WATER BOTTLE,United Kingdom
492434,22178,VICTORIAN GLASS HANGING T-LIGHT,United Kingdom
492434,22219,LOVEBIRD HANGING DECORATION WHITE,United Kingdom
492434,22224,WHITE LOVEBIRD LANTERN,United Kingdom
492434,22294,HEART FILIGREE DOVE  SMALL,United Kingdom
492434,35004C,SET OF 3 COLOURED  FLYING DUCKS,United Kingdom
492434,71459,HANGING JAM JAR T-LIGHT HOLDER,United Kingdom
492434,82494L,WOODEN FRAME ANTIQUE WHITE,United Kingdom
492434,84755,COLOUR GLASS T-LIGHT HOLDER HANGING,United Kingdom
492434,84836,ZINC METAL HEART DECORATION,United Kingdom
492434,84879,ASSORTED COLOUR BIRD ORNAMENT,United Kingdom
492434,84948,SILVER HANGING T-LIGHT HOLDER DOME,United Kingdom
492434,84949,SILVER HANGING T-LIGHT HOLDER,United Kingdom
492434,84970L,SINGLE HEART ZINC T-LIGHT HOLDER,United Kingdom
492434,85123A,WHITE HANGING HEART T-LIGHT HOLDER,United Kingdom
492434,85199L,LARGE HANGING IVORY & RED WOOD BIRD,United Kingdom
492448,21282,NATURAL BARK CANDLE LARGE,United Kingdom
492448,21283,NATURAL BARK CANDLE SMALL,United Kingdom
492448,21755,LOVE BUILDING BLOCK WORD,United Kingdom
492448,21955,UNION JACK GUNS & ROSES  DOORMAT,United Kingdom
492448,22111,SCOTTIE DOG HOT WATER BOTTLE,United Kingdom
492448,22112,CHOCOLATE HOT WATER BOTTLE,United Kingdom
492448,22114,HOT WATER BOTTLE TEA AND SYMPATHY,United Kingdom
492448,22125,UNION JACK HOT WATER BOTTLE,United Kingdom
492448,22145,CHRISTMAS CRAFT HEART STOCKING,United Kingdom
492448,72008,FROSTED BOX 9 WHITE T-LIGHT CANDLES,United Kingdom
492448,72802A,ROSE SCENT CANDLE IN JEWELLED BOX,United Kingdom
492448,72814,SET/3 CHRISTMAS BRIAR CANDLES,United Kingdom
492448,84029G,KNITTED UNION FLAG HOT WATER BOTTLE,United Kingdom
492448,85123A,WHITE HANGING HEART T-LIGHT HOLDER,United Kingdom
492519,20845,ZINC HEART LATTICE 2 WALL PLANTER,United Kingdom
492519,21529,RETRO SPOT CERAMIC TOASTRACK,United Kingdom
492519,21781,MA CAMPAGNE CUTLERY BOX,United Kingdom
492519,22187,GREEN CHRISTMAS TREE CARD HOLDER,United Kingdom
492519,79029,GLASS HONEYPOT WASP CATCHER,United Kingdom
492519,85078,SCANDINAVIAN 3 HEARTS NAPKIN RING,United Kingdom
492650,M,Manual,EIRE
492767,20712,JUMBO BAG WOODLAND ANIMALS,United Kingdom
492767,20725,LUNCH BAG RED SPOTTY,United Kingdom
492767,20727,LUNCH BAG  BLACK SKULL.,United Kingdom
492767,20728,LUNCH BAG CARS BLUE,United Kingdom
492767,22352,LUNCHBOX WITH CUTLERY RETROSPOT,United Kingdom
492767,22353,LUNCHBOX WITH CUTLERY FAIRY CAKES,United Kingdom
492795,16014,SMALL CHINESE STYLE SCISSOR,United Kingdom
492795,20751,FUNKY WASHING UP GLOVES ASSORTED,United Kingdom
492795,20754,RETRO RED SPOTTY WASHING UP GLOVES,United Kingdom
492795,20990,SPRING FLOWER CHOPSTICKS SET/5,United Kingdom
492795,21012,ANTIQUE ALL GLASS CANDLESTICK,United Kingdom
492795,21688,SILVER PLATE CANDLE BOWL SMALL,United Kingdom
492795,21786,RAIN HAT WITH RED SPOTS,United Kingdom
492795,21916,SET 12 RETRO WHITE CHALK STICKS,United Kingdom
492795,22086,PAPER CHAIN KIT 50'S CHRISTMAS,United Kingdom
492795,22300,COFFEE MUG DOG + BALL DESIGN,United Kingdom
492795,85040B,SET/4 BLUE FLOWER CANDLES IN BOWL,United Kingdom
492795,85176,SEWING SUSAN 21 NEEDLE SET,United Kingdom
492795,85178,VICTORIAN SEWING KIT,United Kingdom
492875,21257,VICTORIAN SEWING BOX MEDIUM,United Kingdom
492875,21735,TWO DOOR CURIO CABINET,United Kingdom
492875,21777,RECIPE BOX WITH METAL HEART,United Kingdom
492875,22300,COFFEE MUG DOG + BALL DESIGN,United Kingdom
492875,22301,COFFEE MUG CAT + BIRD DESIGN,United Kingdom
492875,79321,CHILLI LIGHTS,United Kingdom
492875,84499,BLACK FLOWER CANDLE PLATE,United Kingdom
492875,85123A,WHITE HANGING HEART T-LIGHT HOLDER,United Kingdom
493672,16156S,WRAP PINK FAIRY CAKES,United Kingdom
493672,20681,PINK SPOTTY CHILDS UMBRELLA,United Kingdom
493672,20682,RED SPOTTY CHILDS UMBRELLA,United Kingdom
493672,20684,STRAWBERRY DREAM CHILDS UMBRELLA,United Kingdom
493672,20686,DOLLY MIXTURE CHILDREN'S UMBRELLA,United Kingdom
493672,20692,FLORAL ELEPHANT SOFT TOY,United Kingdom
493672,20725,LUNCH BAG RED SPOTTY,United Kingdom
493672,20726,LUNCH BAG WOODLAND,United Kingdom
493672,20727,LUNCH BAG  BLACK SKULL.,United Kingdom
493672,20727,LUNCH BAG  BLACK SKULL.,United Kingdom
493672,20728,LUNCH BAG CARS BLUE,United Kingdom
493672,20749,ASSORTED COLOUR MINI CASES,United Kingdom
493672,20750,RED/WHITE DOT MINI CASES,United Kingdom
493672,21080,SET/20 RED SPOTTY PAPER NAPKINS,United Kingdom
493672,21086,SET/6 RED SPOTTY PAPER CUPS,United Kingdom
493672,21094,SET/6 RED SPOTTY PAPER PLATES,United Kingdom
493672,21156,RED SPOTTY CHILDS APRON,United Kingdom
493672,21212,PACK OF 72 RETRO SPOT CAKE CASES,United Kingdom
493672,21213,PACK OF 72 SKULL CAKE CASES,United Kingdom
493672,21232,STRAWBERRY CERAMIC TRINKET BOX,United Kingdom
493672,21232,STRAWBERRY CERAMIC TRINKET BOX,United Kingdom
493672,21482,MUSHROOM BLUE HOT WATER BOTTLE,United Kingdom
493672,21495,SKULLS WRAP,United Kingdom
493672,21497,FANCY FONTS BIRTHDAY WRAP,United Kingdom
493672,21498,RED SPOTS  WRAP,United Kingdom
493672,21504,SKULLS GREETING CARD,United Kingdom
493672,21507,"ELEPHANT, BIRTHDAY CARD,",United Kingdom
493672,21509,COWBOYS AND INDIANS BIRTHDAY CARD,United Kingdom
493672,21542,WOODLAND WATER TRANSFER TATTOOS,United Kingdom
493672,21544,SKULLS  WATER TRANSFER TATTOOS,United Kingdom
493672,21584,RETRO SPOT SMALL TUBE MATCHES,United Kingdom
493672,22023,EMPIRE BIRTHDAY CARD,United Kingdom
493672,22024,RAINY LADIES BIRTHDAY CARD,United Kingdom
493672,22025,RING OF ROSES BIRTHDAY CARD,United Kingdom
493672,22027,TEA PARTY BIRTHDAY CARD,United Kingdom
493672,22029,SPACE BOY BIRTHDAY CARD,United Kingdom
493672,22036,DINOSAUR BIRTHDAY CARD,United Kingdom
493672,22037,ROBOT BIRTHDAY CARD,United Kingdom
493672,22045,SPACE BOY GIFT WRAP,United Kingdom
493672,22064,PINK DOUGHNUT TRINKET POT,United Kingdom
493672,22066,LOVE HEART TRINKET POT,United Kingdom
493672,22111,SCOTTIE DOG HOT WATER BOTTLE,United Kingdom
493672,22127,PARTY CONES CARNIVAL ASSORTED,United Kingdom
493672,22138,BAKING SET 9 PIECE RETROSPOT,United Kingdom
493672,22139,RETRO SPOT TEA SET CERAMIC 11 PC,United Kingdom
493672,22243,"HOOK, 5 HANGER ,MAGIC TOADSTOOL RED",United Kingdom
493672,22254,FELT TOADSTOOL LARGE,United Kingdom
493672,22254,FELT TOADSTOOL LARGE,United Kingdom
493672,22311,OFFICE MUG WARMER BLACK+SILVER,United Kingdom
493672,22348,TEA BAG PLATE RED SPOTTY,United Kingdom
493672,79160,HEART SHAPE WIRELESS DOORBELL,United Kingdom
493672,84029G,KNITTED UNION FLAG HOT WATER BOTTLE,United Kingdom
493672,84032A,CHARLIE+LOLA PINK HOT WATER BOTTLE,United Kingdom
493672,84032B,CHARLIE + LOLA RED HOT WATER BOTTLE,United Kingdom
493672,84077,WORLD WAR 2 GLIDERS ASSTD DESIGNS,United Kingdom
493672,84249D,FAIRY CAKE GREETINGS CARD,United Kingdom
493672,84378,SET OF 3 HEART COOKIE CUTTERS,United Kingdom
493672,84380,SET OF 3 BUTTERFLY COOKIE CUTTERS,United Kingdom
493672,84558A,3D DOG PICTURE PLAYING CARDS,United Kingdom
493672,84558A,3D DOG PICTURE PLAYING CARDS,United Kingdom
493672,84559A,3D SHEET OF DOG STICKERS,United Kingdom
493672,84559B,3D SHEET OF CAT STICKERS,United Kingdom
493672,84559D,3D SHEET OF SEA WORLD STICKERS,United Kingdom
493672,84763,ZINC FINISH 15CM PLANTER POTS,United Kingdom
493672,84992,72 SWEETHEART FAIRY CAKE CASES,United Kingdom
493797,85042,ANTIQUE LILY FAIRY LIGHTS,United Kingdom
493897,M,Manual,EIRE
493900,M,Manual,EIRE
493956,21523,FANCY FONT HOME SWEET HOME DOORMAT,United Kingdom
493956,21524,SPOTTY  HOME SWEET HOME DOORMAT,United Kingdom
493956,21745,GAOLERS KEYS DECORATIVE GARDEN,United Kingdom
493956,21843,RETRO SPOT CAKE STAND,United Kingdom
493956,22083,PAPER CHAIN KIT RETRO SPOT,United Kingdom
493956,22085,PAPER CHAIN KIT SKULLS,United Kingdom
493956,48138,DOOR MAT UNION FLAG,United Kingdom
493968,20914,SET/5 RED SPOTTY LID GLASS BOWLS,United Kingdom
493968,21190,PINK HEARTS PAPER GARLAND,United Kingdom
493968,21384,IVORY HANGING DECORATION  BUTTERFLY,United Kingdom
493968,21385,IVORY HANGING DECORATION  HEART,United Kingdom
493968,21485,RED SPOT HEART HOT WATER BOTTLE,United Kingdom
493968,21523,FANCY FONT HOME SWEET HOME DOORMAT,United Kingdom
493968,21842,PINK HEART CANDY BUTTON CALCULATOR,United Kingdom
493968,21928,JUMBO BAG SCANDINAVIAN PAISLEY,United Kingdom
493968,21929,JUMBO BAG PINK VINTAGE PAISLEY,United Kingdom
493968,21955,UNION JACK GUNS & ROSES  DOORMAT,United Kingdom
493968,22111,SCOTTIE DOG HOT WATER BOTTLE,United Kingdom
493968,22112,CHOCOLATE HOT WATER BOTTLE,United Kingdom
493968,22189,CREAM HEART CARD HOLDER,United Kingdom
493968,84032B,CHARLIE + LOLA RED HOT WATER BOTTLE,United Kingdom
493968,85049C,ROMANTIC PINKS RIBBONS,United Kingdom
493968,85123A,WHITE HANGING HEART T-LIGHT HOLDER,United Kingdom
494128,72351A,SET/6 TURQUOISE BUTTERFLY T-LIGHTS,United Kingdom
494128,72789,BASKET/8 SCENTED LOVE TOKEN CANDLES,United Kingdom
494128,85038,6 CHOCOLATE LOVE HEART T-LIGHTS,United Kingdom
494456,20888,SET 3 JARDIN DE FEMME SCENT CANDLES,United Kingdom
494456,21438,TUB 24 HANGING EASTER EGGS SPOTTY,United Kingdom
494456,21947,SET OF 6 HEART CHOPSTICKS,United Kingdom
494456,22054,MINI CAKE STAND HANGING HEARTS,United Kingdom
494456,22060,LARGE CAKE STAND HANGING HEARTS,United Kingdom
494456,72484,ROSES IN WHITE HEART CANDLE,United Kingdom
494456,72750A,"F.FAIRY S/3 CANDLE/GLASS,LILY/VALLY",United Kingdom
494456,72750D,F.FAIRY S/3 CANDLE/GLASS,United Kingdom
494456,72755C,FLOWER FAIRY OIL BURNER SET ROSE,United Kingdom
494456,72789,BASKET/8 SCENTED LOVE TOKEN CANDLES,United Kingdom
494456,82081,PINK HEARTS PHOTO ALBUM,United Kingdom
494456,84766,SILVER ROCOCO CANDLE STICK,United Kingdom
494456,85118,HEART T-LIGHT HOLDER,United Kingdom
494456,85180A,RED HEARTS LIGHT CHAIN,United Kingdom
494456,85184C,S/4 VALENTINE DECOUPAGE HEART BOX,United Kingdom
494456,85231E,STRAWBERRY SCENTED SET/9 T-LIGHTS,United Kingdom
494456,85231L,LAVENDER SCENTED SET/9 T-LIGHTS,United Kingdom
494509,21700,BIG DOUGHNUT FRIDGE MAGNETS,United Kingdom
494509,84378,SET OF 3 HEART COOKIE CUTTERS,United Kingdom
494868,15036,ASSORTED COLOURS SILK FAN,United Kingdom
494868,15044A,PINK PAPER PARASOL,United Kingdom
494868,20754,RETRO RED SPOTTY WASHING UP GLOVES,United Kingdom
494868,20855,PINK PATCH PURSE BLUE HEART,United Kingdom
494868,20862,PINK PATCH PENCIL CASE BLUE HEART,United Kingdom
494868,21155,RED SPOTTY PEG BAG,United Kingdom
494868,21165,BEWARE OF THE CAT METAL SIGN,United Kingdom
494868,21174,POTTERING IN THE SHED METAL SIGN,United Kingdom
494868,21175,GIN + TONIC DIET METAL SIGN,United Kingdom
494868,21218,RED SPOTTY BISCUIT TIN,United Kingdom
494868,21527,RETRO SPOT TRADITIONAL TEAPOT,United Kingdom
494868,21528,DAIRY MAID TRADITIONAL TEAPOT,United Kingdom
494868,21529,RETRO SPOT CERAMIC TOASTRACK,United Kingdom
494868,21533,RETRO SPOT LARGE MILK JUG,United Kingdom
494868,21539,RETRO SPOTS BUTTER DISH,United Kingdom
494868,21540,DAIRY MAID CERAMIC BUTTER DISH,United Kingdom
494868,22165,"DIAMANTE HEART SHAPED WALL MIRROR,",United Kingdom
494868,40001,WHITE BAMBOO RIBS LAMPSHADE,United Kingdom
494868,40003,WHITE BAMBOO RIBS LAMPSHADE,United Kingdom
494868,47502,POLKADOT CUTLERY 24 PCS IN TRAY,United Kingdom
494868,47556B,TEA TIME TEA TOWELS,United Kingdom
494868,48189,DOOR MAT FRIENDSHIP,United Kingdom
494868,79323G,GOLD  CHERRY LIGHTS,United Kingdom
494868,79323LP,LIGHT PINK CHERRY LIGHTS,United Kingdom
494868,82482,WOODEN PICTURE FRAME WHITE FINISH,United Kingdom
494868,82494L,WOODEN FRAME ANTIQUE WHITE,United Kingdom
494868,84406B,CREAM CUPID HEARTS COAT HANGER,United Kingdom
494868,84836,ZINC METAL HEART DECORATION,United Kingdom
494868,84837,WHITE SWEETHEARTS CABINET 4 DRAWERS,United Kingdom
494868,85025C,PINK HEART SHAPE PHOTO FRAME,United Kingdom
494868,85063,CREAM SWEETHEART MAGAZINE RACK,United Kingdom
494868,85065,CREAM SWEETHEART TRAYS,United Kingdom
494868,85066,CREAM SWEETHEART MINI CHEST,United Kingdom
494868,85067,CREAM SWEETHEART WALL CABINET,United Kingdom
494868,85099B,JUMBO BAG RED WHITE SPOTTY,United Kingdom
494868,85123A,WHITE HANGING HEART T-LIGHT HOLDER,United Kingdom
494868,85184C,S/4 VALENTINE DECOUPAGE HEART BOX,United Kingdom
494922,16161P,WRAP ENGLISH ROSE,United Kingdom
494922,21381,MINI WOODEN HAPPY BIRTHDAY GARLAND,United Kingdom
494922,22090,PAPER BUNTING RETRO SPOTS,United Kingdom
494922,22189,CREAM HEART CARD HOLDER,United Kingdom
494922,22219,LOVEBIRD HANGING DECORATION WHITE,United Kingdom
494922,22227,"DECORATION, HANGING HEART+MIRROR",United Kingdom
494922,22241,GARLAND WOODEN HAPPY EASTER,United Kingdom
494922,22285,"DECORATION HEN ON NEST, HANGING",United Kingdom
494922,22290,STANDING METAL RABBIT WITH EGG,United Kingdom
494922,37502,TEA TIME MUG IN GIFT BOX,United Kingdom
494922,37503,TEA TIME CAKE STAND IN GIFT BOX,United Kingdom
494922,47566B,TEA TIME PARTY BUNTING,United Kingdom
494922,47570B,TEA TIME TABLE CLOTH,United Kingdom
494922,84520D,PACK OF 20 FAIRY CAKE PAPER NAPKINS,United Kingdom
494922,84755,COLOUR GLASS T-LIGHT HOLDER HANGING,United Kingdom
494922,85180A,RED HEARTS LIGHT CHAIN,United Kingdom
495053,10123C,HEARTS WRAPPING TAPE,United Kingdom
495053,20783,HEART EAR MUFF HEADPHONES,United Kingdom
495053,21485,RED SPOT HEART HOT WATER BOTTLE,United Kingdom
495053,72484,ROSES IN WHITE HEART CANDLE,United Kingdom
495053,79160,HEART SHAPE WIRELESS DOORBELL,United Kingdom
495053,82093,HEART SHAPE BUTTON FRAME,United Kingdom
495053,84970S,HANGING HEART ZINC T-LIGHT HOLDER,United Kingdom
495053,85118,HEART T-LIGHT HOLDER,United Kingdom
495295,TEST001,This is a test product.,United Kingdom
495687,21733,RED HANGING HEART T-LIGHT HOLDER,Cyprus
495687,84050,PINK HEART SHAPE EGG FRYING PAN,Cyprus
495687,84879,ASSORTED COLOUR BIRD ORNAMENT,Cyprus
495687,85123A,WHITE HANGING HEART T-LIGHT HOLDER,Cyprus
495742,ADJUST,Adjustment by john on 26/01/2010 16,Finland
495918,84680,CLASSICAL ROSE URN,United Kingdom
496112,20985,HEART CALCULATOR,United Kingdom
496130,21034,REX CASH+CARRY JUMBO SHOPPER,United Kingdom
496130,21166,COOK WITH WINE METAL SIGN,United Kingdom
496130,21172,PARTY METAL SIGN,United Kingdom
496130,21181,PLEASE ONE PERSON  METAL SIGN,United Kingdom
496130,21359,RELAX LARGE WOOD LETTERS,United Kingdom
496130,21754,HOME BUILDING BLOCK WORD,United Kingdom
496130,21755,LOVE BUILDING BLOCK WORD,United Kingdom
496130,21756,BATH BUILDING BLOCK WORD,United Kingdom
496130,21770,OPEN CLOSED METAL SIGN,United Kingdom
496130,21911,GARDEN METAL SIGN,United Kingdom
496130,22093,MOTORING TISSUE BOX,United Kingdom
496130,22099,CARAVAN SQUARE TISSUE BOX,United Kingdom
496130,22168,ORGANISER WOOD ANTIQUE WHITE,United Kingdom
496130,22173,METAL 4 HOOK HANGER FRENCH CHATEAU,United Kingdom
496130,22349,"DOG BOWL , CHASING BALL DESIGN",United Kingdom
496130,22357,KINGS CHOICE BISCUIT TIN,United Kingdom
496130,82486,WOOD S/3 CABINET ANT WHITE FINISH,United Kingdom
496130,82494L,WOODEN FRAME ANTIQUE WHITE,United Kingdom
496130,82494L,WOODEN FRAME ANTIQUE WHITE,United Kingdom
496130,82551,LAUNDRY 15C METAL SIGN,United Kingdom
496130,82580,BATHROOM METAL SIGN,United Kingdom
496130,82581,TOILET METAL SIGN,United Kingdom
496130,82582,AREA PATROLLED METAL SIGN,United Kingdom
496130,82583,HOT BATHS METAL SIGN,United Kingdom
496130,84673B,BLUE FLY SWAT,United Kingdom
496130,84792,ENCHANTED BIRD COATHANGER 5 HOOK,United Kingdom
496130,84893,ANT WHITE IRON BASKET,United Kingdom
496130,85123A,WHITE HANGING HEART T-LIGHT HOLDER,United Kingdom
496130,85152,HAND OVER THE CHOCOLATE   SIGN,United Kingdom
496316,22215,CAKE STAND WHITE TWO TIER LACE,United Kingdom
496316,22218,CAKE STAND LACE WHITE,United Kingdom
496316,22220,CAKE STAND LOVEBIRD 2 TIER WHITE,United Kingdom
496316,22222,CAKE PLATE LOVEBIRD WHITE,United Kingdom
496354,17174,ASSTD RASTA KEY-CHAINS,Japan
496354,21576,LETS GO SHOPPING COTTON TOTE BAG,Japan
496354,21577,SAVE THE PLANET COTTON TOTE BAG,Japan
496354,21578,WOODLAND DESIGN  COTTON TOTE BAG,Japan
496354,21579,LOLITA  DESIGN  COTTON TOTE BAG,Japan
496354,21580,RABBIT  DESIGN  COTTON TOTE BAG,Japan
496354,21789,KIDS RAIN MAC PINK,Japan
496354,62095B,TURQOISE ICE CREAM SUNHAT,Japan
496354,84529C,YELLOW KNITTED KIDS RUCKSACK,Japan
496354,84856S,SMALL TAHITI BEACH BAG,Japan
496426,72799C,PINK PILLAR CANDLE SILVER FLOCK,United Kingdom
496443,20975,12 PENCILS SMALL TUBE RED SPOTTY,United Kingdom
496443,21035,SET/2 RED SPOTTY TEA TOWELS,United Kingdom
496443,21153,RED SPOTTY TABLECLOTH,United Kingdom
496443,21169,YOU'RE CONFUSING ME METAL SIGN,United Kingdom
496443,21181,PLEASE ONE PERSON  METAL SIGN,United Kingdom
496443,21212,PACK OF 72 RETRO SPOT CAKE CASES,United Kingdom
496443,21217,RED SPOTTY ROUND CAKE TINS,United Kingdom
496443,21218,RED SPOTTY BISCUIT TIN,United Kingdom
496443,21355,TOAST ITS - I LOVE YOU,United Kingdom
496443,21390,FILIGRIS HEART WITH BUTTERFLY,United Kingdom
496443,21498,RED SPOTS  WRAP,United Kingdom
496443,21531,RETRO SPOT SUGAR JAM BOWL,United Kingdom
496443,21535,RETRO SPOT SMALL MILK JUG,United Kingdom
496443,21537,RETRO SPOTS PUDDING BOWL,United Kingdom
496443,21539,RETRO SPOTS BUTTER DISH,United Kingdom
496443,21755,LOVE BUILDING BLOCK WORD,United Kingdom
496443,21908,CHOCOLATE THIS WAY METAL SIGN,United Kingdom
496443,21910,WAY OUT METAL SIGN,United Kingdom
496443,21911,GARDEN METAL SIGN,United Kingdom
496443,21928,JUMBO BAG SCANDINAVIAN PAISLEY,United Kingdom
496443,21980,PACK OF 12 RED SPOTTY TISSUES,United Kingdom
496443,21983,PACK OF 12 BLUE PAISLEY TISSUES,United Kingdom
496443,22051,BLUE SCANDINAVIAN PAISLEY WRAP,United Kingdom
496443,22070,SMALL RETRO SPOT MUG IN BOX  RED,United Kingdom
496443,22071,SMALL RETRO SPOT MUG IN BOX  WHITE,United Kingdom
496443,22072,TEA CUP AND SAUCER RETRO SPOT,United Kingdom
496443,22073,RETRO SPOT STORAGE JAR,United Kingdom
496443,22092,BLUE PAISLEY TISSUE BOX,United Kingdom
496443,22094,RED POLKA DOT TISSUE BOX,United Kingdom
496443,22138,BAKING SET 9 PIECE RETROSPOT,United Kingdom
496443,22199,FRYING PAN RED POLKADOT,United Kingdom
496443,22294,HEART FILIGREE DOVE  SMALL,United Kingdom
496443,22297,HEART IVORY TRELLIS SMALL,United Kingdom
496443,22348,TEA BAG PLATE RED SPOTTY,United Kingdom
496443,22377,BOTTLE BAG RETROSPOT,United Kingdom
496443,22378,WALL TIDY RETROSPOT,United Kingdom
496443,22379,RECYCLING BAG RETROSPOT,United Kingdom
496443,22380,TOY TIDY SPACEBOY,United Kingdom
496443,22381,TOY TIDY PINK RETROSPOT,United Kingdom
496443,22386,JUMBO BAG PINK WITH WHITE SPOTS,United Kingdom
496443,22411,JUMBO SHOPPER VINTAGE RED PAISLEY,United Kingdom
496443,82578,KITCHEN METAL SIGN,United Kingdom
496443,82580,BATHROOM METAL SIGN,United Kingdom
496443,84997B,RED 3 PIECE MINI DOTS CUTLERY SET,United Kingdom
496443,84997D,PINK 3 PIECE MINI DOTS CUTLERY SET,United Kingdom
496443,85099B,JUMBO BAG RED WHITE SPOTTY,United Kingdom
496443,85123A,WHITE HANGING HEART T-LIGHT HOLDER,United Kingdom
496864,20665,RED SPOTTY PURSE,Austria
496864,20712,JUMBO BAG WOODLAND ANIMALS,Austria
496864,20718,RED SPOTTY SHOPPER BAG,Austria
496864,20719,WOODLAND CHARLOTTE BAG,Austria
496864,20724,RED SPOTTY CHARLOTTE BAG,Austria
496864,20725,LUNCH BAG RED SPOTTY,Austria
496864,20726,LUNCH BAG WOODLAND,Austria
496864,20728,LUNCH BAG CARS BLUE,Austria
496864,21077,SET/20 WOODLAND PAPER NAPKINS,Austria
496864,21080,SET/20 RED SPOTTY PAPER NAPKINS,Austria
496864,21153,RED SPOTTY TABLECLOTH,Austria
496864,21238,RED SPOTTY CUP,Austria
496864,21241,GREEN SPOTTY CUP,Austria
496864,21482,MUSHROOM BLUE HOT WATER BOTTLE,Austria
496864,21527,RETRO SPOT TRADITIONAL TEAPOT,Austria
496864,21533,RETRO SPOT LARGE MILK JUG,Austria
496864,21578,WOODLAND DESIGN  COTTON TOTE BAG,Austria
496864,21936,RED/WHITE SPOT PICNIC BAG,Austria
496864,22326,ROUND SNACK BOXES SET OF4 WOODLAND,Austria
496864,85099B,JUMBO BAG RED WHITE SPOTTY,Austria
496864,POST,POSTAGE,Austria
497152,22188,BLACK HEART CARD HOLDER,United Kingdom
497152,22189,CREAM HEART CARD HOLDER,United Kingdom
497152,84029E,RED WOOLLY HOTTIE WHITE HEART.,United Kingdom
497226,21485,RED SPOT HEART HOT WATER BOTTLE,United Kingdom
497226,21498,RED SPOTS  WRAP,United Kingdom
497226,21754,HOME BUILDING BLOCK WORD,United Kingdom
497226,22146,EASTER CRAFT IVY WREATH WITH CHICK,United Kingdom
497226,22300,COFFEE MUG DOG + BALL DESIGN,United Kingdom
497226,22301,COFFEE MUG CAT + BIRD DESIGN,United Kingdom
497226,22302,COFFEE MUG PEARS  DESIGN,United Kingdom
497226,22303,COFFEE MUG APPLES DESIGN,United Kingdom
497226,84029E,RED WOOLLY HOTTIE WHITE HEART.,United Kingdom
497335,21635,MADRAS NOTEBOOK LARGE,United Kingdom
497335,84007,MAGIC GARDEN MOUNT FUJI,United Kingdom
497335,85098B,BLUE FLYING SINGING CANARY,United Kingdom
497372,21188,3D HEARTS  HONEYCOMB PAPER GARLAND,United Kingdom
497372,21190,PINK HEARTS PAPER GARLAND,United Kingdom
497372,22177,5 HOOK BLACKBOARD ORGANISER,United Kingdom
497372,48194,DOOR MAT HEARTS,United Kingdom
497372,84219,BOX/12 MOTHER & CHICK IN BASKET/BOW,United Kingdom
497372,84461,12 PINK HEN+CHICKS IN BASKET,United Kingdom
497372,84464,S/60 PINK FLUFFY CHICKS IN BOX,United Kingdom
497372,85123A,WHITE HANGING HEART T-LIGHT HOLDER,United Kingdom
497377,16012,FOOD/DRINK SPUNGE STICKERS,France
497377,20685,DOOR MAT RED SPOT,France
497377,20725,LUNCH BAG RED SPOTTY,France
497377,20749,ASSORTED COLOUR MINI CASES,France
497377,21121,SET/10 RED SPOTTY PARTY CANDLES,France
497377,21153,RED SPOTTY TABLECLOTH,France
497377,21498,RED SPOTS  WRAP,France
497377,21559,STRAWBERRY LUNCHBOX WITH CUTLERY,France
497377,21731,RED TOADSTOOL LED NIGHT LIGHT,France
497377,22302,COFFEE MUG PEARS  DESIGN,France
497377,22303,COFFEE MUG APPLES DESIGN,France
497377,22326,ROUND SNACK BOXES SET OF4 WOODLAND,France
497377,22328,ROUND SNACK BOXES SET OF 4 FRUITS,France
497377,22329,ROUND CONTAINER SET OF 5 RETROSPOT,France
497377,22353,LUNCHBOX WITH CUTLERY FAIRY CAKES,France
497377,22377,BOTTLE BAG RETROSPOT,France
497377,22379,RECYCLING BAG RETROSPOT,France
497377,22381,TOY TIDY PINK RETROSPOT,France
497377,22384,LUNCH BAG PINK RETROSPOT,France
497377,22386,JUMBO BAG PINK WITH WHITE SPOTS,France
497377,84997D,PINK 3 PIECE MINI DOTS CUTLERY SET,France
497377,POST,POSTAGE,France
497387,21437,24 HANGING EASTER EGGS FLORAL TUB,United Kingdom
497387,21765,HANGING METAL BIRD BATH,United Kingdom
497387,22241,GARLAND WOODEN HAPPY EASTER,United Kingdom
497387,22270,HAPPY EASTER HANGING DECORATION,United Kingdom
497387,22291,"SPRING DEC , HANGING CHICK CREAM",United Kingdom
497387,22292,"SPRING DEC , HANGING CHICK  YELLOW",United Kingdom
497387,48187,DOOR MAT NEW ENGLAND,United Kingdom
497387,84970L,SINGLE HEART ZINC T-LIGHT HOLDER,United Kingdom
497387,84970S,HANGING HEART ZINC T-LIGHT HOLDER,United Kingdom
497387,85123A,WHITE HANGING HEART T-LIGHT HOLDER,United Kingdom
497387,85194L,HANGING SPRING FLOWER EGG LARGE,United Kingdom
497387,85194S,HANGING SPRING FLOWER EGG SMALL,United Kingdom
497399,21437,24 HANGING EASTER EGGS FLORAL TUB,United Kingdom
497399,21717,EASTER TIN BUCKET,United Kingdom
497399,22180,RETRO SPOT LAMP,United Kingdom
497399,22189,CREAM HEART CARD HOLDER,United Kingdom
497399,22498,WOODEN REGATTA BUNTING,United Kingdom
497399,84219,BOX/12 MOTHER & CHICK IN BASKET/BOW,United Kingdom
497399,85123A,WHITE HANGING HEART T-LIGHT HOLDER,United Kingdom
497788,15056BL,EDWARDIAN PARASOL BLACK,United Kingdom
497788,15056N,EDWARDIAN PARASOL NATURAL,United Kingdom
497788,21523,DOOR MAT FANCY FONT HOME SWEET HOME,United Kingdom
497788,22189,CREAM HEART CARD HOLDER,United Kingdom
497788,22275,WEEKEND BAG VINTAGE ROSE PAISLEY,United Kingdom
497788,22365,DOOR MAT RESPECTABLE HOUSE,United Kingdom
497788,22366,DOOR MAT AIRMAIL,United Kingdom
497788,48103,DOOR MAT KISS MY.......,United Kingdom
497788,48184,DOOR MAT ENGLISH ROSE,United Kingdom
497788,48187,DOOR MAT NEW ENGLAND,United Kingdom
497788,85014A,BLACK/BLUE DOTS RUFFLED UMBRELLA,United Kingdom
497788,85014D,PINK/BROWN DOTS RUFFLED UMBRELLA,United Kingdom
497788,85123A,WHITE HANGING HEART T-LIGHT HOLDER,United Kingdom
497929,21067,VINTAGE RED TEATIME MUG,United Kingdom
497929,21069,VINTAGE BILLBOARD TEA MUG,United Kingdom
497929,21528,DAIRY MAID TRADITIONAL TEAPOT,United Kingdom
497929,21532,DAIRY MAID SUGAR JAM BOWL,United Kingdom
497929,21536,DAIRY MAID  SMALL  MILK JUG,United Kingdom
497929,21845,DAIRY MAID STRIPE MUG,United Kingdom
497929,21875,KINGS CHOICE MUG,United Kingdom
497929,21877,HOME SWEET HOME MUG,United Kingdom
497929,21974,SET OF 36 PAISLEY FLOWER DOILIES,United Kingdom
497929,22083,PAPER CHAIN KIT RETRO SPOT,United Kingdom
497929,22090,PAPER BUNTING RETRO SPOTS,United Kingdom
497929,22114,HOT WATER BOTTLE TEA AND SYMPATHY,United Kingdom
497929,22138,BAKING SET 9 PIECE RETROSPOT,United Kingdom
497929,22308,TEA COSY BLUE STRIPE,United Kingdom
497929,22357,KINGS CHOICE BISCUIT TIN,United Kingdom
497929,22358,KINGS CHOICE TEA CADDY,United Kingdom
497929,84279B,CHERRY BLOSSOM DECORATIVE FLASK,United Kingdom
497929,84279P,CHERRY BLOSSOM  DECORATIVE FLASK,United Kingdom
497929,84750A,PINK SMALL GLASS CAKE STAND,United Kingdom
498053,21258,VICTORIAN SEWING BOX LARGE,United Kingdom
498053,21621,VINTAGE UNION JACK BUNTING,United Kingdom
498053,21631,HIPPY CHIC DECORATIVE PARASOL,United Kingdom
498053,22341,LOVE GARLAND PAINTED ZINC,United Kingdom
498053,47566,PARTY BUNTING,United Kingdom
498053,48138,DOOR MAT UNION FLAG,United Kingdom
498053,72760B,VINTAGE CREAM 3 BASKET CAKE STAND,United Kingdom
498053,84884A,ANT WHITE WIRE HEART SPIRAL,United Kingdom
498053,85099B,JUMBO BAG RED WHITE SPOTTY,United Kingdom
498163,16235,RECYCLED PENCIL WITH RABBIT ERASER,United Kingdom
498163,20960,WATERMELON BATH SPONGE,United Kingdom
498163,20963,APPLE BATH SPONGE,United Kingdom
498163,20966,SANDWICH BATH SPONGE,United Kingdom
498163,21080,SET/20 RED SPOTTY PAPER NAPKINS,United Kingdom
498163,21122,SET/10 PINK SPOTTY PARTY CANDLES,United Kingdom
498163,21124,SET/10 BLUE SPOTTY PARTY CANDLES,United Kingdom
498163,21166,COOK WITH WINE METAL SIGN,United Kingdom
498163,21175,GIN + TONIC DIET METAL SIGN,United Kingdom
498163,21484,CHICK GREY HOT WATER BOTTLE,United Kingdom
498163,21485,RED SPOT HEART HOT WATER BOTTLE,United Kingdom
498163,21500,PINK SPOTS  WRAP,United Kingdom
498163,21901,"KEY FOB , BACK DOOR",United Kingdom
498163,21902,"KEY FOB , FRONT  DOOR",United Kingdom
498163,21916,SET 12 RETRO WHITE CHALK STICKS,United Kingdom
498163,21918,SET 12 KIDS COLOUR  CHALK STICKS,United Kingdom
498163,22027,TEA PARTY BIRTHDAY CARD,United Kingdom
498163,22036,DINOSAUR BIRTHDAY CARD,United Kingdom
498163,22169,FAMILY ALBUM WHITE PICTURE FRAME,United Kingdom
498163,22170,PICTURE FRAME WOOD TRIPLE PORTRAIT,United Kingdom
498163,22367,CHILDS APRON SPACEBOY DESIGN,United Kingdom
498163,22378,WALL TIDY RETROSPOT,United Kingdom
498163,22379,RECYCLING BAG RETROSPOT,United Kingdom
498163,22380,TOY TIDY SPACEBOY,United Kingdom
498163,22382,LUNCH BAG SPACEBOY DESIGN,United Kingdom
498163,22384,LUNCH BAG PINK RETROSPOT,United Kingdom
498163,22385,JUMBO BAG SPACEBOY DESIGN,United Kingdom
498163,22386,JUMBO BAG PINK WITH WHITE SPOTS,United Kingdom
498163,22411,JUMBO SHOPPER VINTAGE RED PAISLEY,United Kingdom
498163,22413,METAL SIGN TAKE IT OR LEAVE IT,United Kingdom
498163,22499,WOODEN UNION JACK BUNTING,United Kingdom
498163,79323P,PINK CHERRY LIGHTS,United Kingdom
498163,84520B,PACK 20 ENGLISH ROSE PAPER NAPKINS,United Kingdom
498163,85099B,JUMBO BAG RED WHITE SPOTTY,United Kingdom
498163,85123A,WHITE HANGING HEART T-LIGHT HOLDER,United Kingdom
498163,85196,EASTER BUNNIES ON A STICK,United Kingdom
498163,85197,SET OF 12 MINI BUNNIES IN A BUCKET,United Kingdom
498463,21166,COOK WITH WINE METAL SIGN,United Kingdom
498463,21181,PLEASE ONE PERSON METAL SIGN,United Kingdom
498463,21488,RED WHITE SCARF  HOT WATER BOTTLE,United Kingdom
498463,21730,GLASS STAR FROSTED T-LIGHT HOLDER,United Kingdom
498463,21734,SMALL MARAKESH LANTERN ON STICK,United Kingdom
498463,22112,CHOCOLATE HOT WATER BOTTLE,United Kingdom
498463,22114,HOT WATER BOTTLE TEA AND SYMPATHY,United Kingdom
498463,22125,UNION JACK HOT WATER BOTTLE,United Kingdom
498463,22189,CREAM HEART CARD HOLDER,United Kingdom
498463,22286,"DECORATION , WOBBLY RABBIT , METAL",United Kingdom
498463,22365,DOOR MAT RESPECTABLE HOUSE,United Kingdom
498463,22495,SET OF 2 ROUND TINS CAMEMBERT,United Kingdom
498463,48111,DOOR MAT 3 SMILEY CATS,United Kingdom
498463,82494L,WOODEN FRAME ANTIQUE WHITE,United Kingdom
498463,84279B,CHERRY BLOSSOM DECORATIVE FLASK,United Kingdom
498463,85150,LADIES & GENTLEMEN METAL SIGN,United Kingdom
498463,85172,HYACINTH BULB T-LIGHT CANDLES,United Kingdom
498463,85186C,BUNNY EGG GARLAND,United Kingdom
498463,85196,EASTER BUNNIES ON A STICK,United Kingdom
498463,85206A,CREAM FELT EASTER EGG BASKET,United Kingdom
498463,85206B,PINK FELT EASTER EGG BASKET,United Kingdom
498543,21076,SET/20 COLLAGE PAPER NAPKIN,United Kingdom
498543,72800C,S/4 PINK DINNER CANDLE SILVER FLOCK,United Kingdom
498543,85040A,S/4 PINK FLOWER CANDLES IN BOWL,United Kingdom
498929,21410,COUNTRY COTTAGE  DOORSTOP GREEN,United Kingdom
498929,21484,CHICK GREY HOT WATER BOTTLE,United Kingdom
498929,21485,RED SPOT HEART HOT WATER BOTTLE,United Kingdom
498929,21622,VINTAGE UNION JACK CUSHION COVER,United Kingdom
498929,21624,VINTAGE UNION JACK DOORSTOP,United Kingdom
498929,21717,EASTER TIN BUCKET,United Kingdom
498929,22128,PARTY CONES CANDY ASSORTED,United Kingdom
498929,22287,"DECORATION , WOBBLY CHICKEN, METAL",United Kingdom
498929,22290,STANDING METAL RABBIT WITH EGG,United Kingdom
498929,46000M,POLYESTER FILLER PAD 45x45cm,United Kingdom
498929,46000U,POLYESTER FILLER PAD 30CMx30CM,United Kingdom
498929,47586A,PINK FAIRY CAKE CUSHION COVER,United Kingdom
498929,84970S,HANGING HEART ZINC T-LIGHT HOLDER,United Kingdom
499035,21063,PARTY INVITES JAZZ HEARTS,United Kingdom
499035,21076,SET/20 COLLAGE PAPER NAPKIN,United Kingdom
499035,21363,HOME SMALL WOOD LETTERS,United Kingdom
499035,21414,SCALLOP SHELL SOAP DISH,United Kingdom
499035,21509,COWBOYS AND INDIANS BIRTHDAY CARD,United Kingdom
499035,21790,VINTAGE SNAP CARDS,United Kingdom
499035,21791,VINTAGE HEADS AND TAILS CARD GAME,United Kingdom
499035,22079,RIBBON REEL HEARTS DESIGN,United Kingdom
499035,22080,RIBBON REEL SPOTS DESIGN,United Kingdom
499035,22082,RIBBON REEL STRIPES DESIGN,United Kingdom
499035,46000M,POLYESTER FILLER PAD 45x45cm,United Kingdom
499035,79000,MOROCCAN TEA GLASS,United Kingdom
499035,84378,SET OF 3 HEART COOKIE CUTTERS,United Kingdom
499035,85123A,WHITE HANGING HEART T-LIGHT HOLDER,United Kingdom
500045,20713,JUMBO BAG OWLS,United Kingdom
500045,22385,JUMBO BAG SPACEBOY DESIGN,United Kingdom
500045,22386,JUMBO BAG PINK WITH WHITE SPOTS,United Kingdom
500045,22411,JUMBO SHOPPER VINTAGE RED PAISLEY,United Kingdom
500045,85099C,JUMBO  BAG BAROQUE BLACK WHITE,United Kingdom
500150,16048,TEATIME ROUND PENCIL SHARPENER,United Kingdom
500150,16049,TEATIME GEL PENS ASST,United Kingdom
500150,20726,LUNCH BAG WOODLAND,United Kingdom
500150,21223,SET/4 BADGES WOODLAND ANIMAL,United Kingdom
500150,21232,STRAWBERRY CERAMIC TRINKET BOX,United Kingdom
500150,21314,SMALL GLASS HEART TRINKET POT,United Kingdom
500150,21559,STRAWBERRY LUNCHBOX WITH CUTLERY,United Kingdom
500150,21622,VINTAGE UNION JACK CUSHION COVER,United Kingdom
500150,21745,GAOLERS KEYS DECORATIVE GARDEN,United Kingdom
500150,21871,SAVE THE PLANET MUG,United Kingdom
500150,22131,FOOD CONTAINER SET 3 LOVE HEART,United Kingdom
500150,22169,FAMILY ALBUM WHITE PICTURE FRAME,United Kingdom
500150,22171,3 HOOK PHOTO SHELF ANTIQUE WHITE,United Kingdom
500150,22253,6 CROCHET STRAWBERRIES,United Kingdom
500150,22326,ROUND SNACK BOXES SET OF4 WOODLAND,United Kingdom
500150,22347,PIZZA SLICE DISH,United Kingdom
500150,22371,AIRLINE BAG VINTAGE TOKYO 78,United Kingdom
500150,22498,WOODEN REGATTA BUNTING,United Kingdom
500150,84836,ZINC METAL HEART DECORATION,United Kingdom
500183,20707,CRAZY DAISY HEART DECORATION,Greece
500183,20886,BOX OF 9 PEBBLE CANDLES,Greece
500183,21136,PAINTED METAL PEARS ASSORTED,Greece
500183,21246,RED SPOTTY BIG BOWL,Greece
500183,21274,EMBOSSED HEART 3 DRAWER SHELF,Greece
500183,21275,ZINC TOP  2 DOOR WOODEN SHELF,Greece
500183,21300,ANTIQUE EDWARDIAN DRESSER,Greece
500183,21324,HANGING MEDINA LANTERN SMALL,Greece
500183,21363,HOME SMALL WOOD LETTERS,Greece
500183,21462,"NURSERY A,B,C PAINTED LETTERS",Greece
500183,21983,PACK OF 12 BLUE PAISLEY TISSUES,Greece
500183,22027,TEA PARTY BIRTHDAY CARD,Greece
500183,22297,HEART IVORY TRELLIS SMALL,Greece
500183,48111,DOOR MAT 3 SMILEY CATS,Greece
500183,48187,DOOR MAT NEW ENGLAND,Greece
500183,79029,GLASS HONEYPOT WASP CATCHER,Greece
500183,84247N,PACK/12 BLUE FOLKART CARDS,Greece
500183,84251J,"GREETING CARD, THE BLACK CAT",Greece
500183,84637,KITCHEN FLOWER POTS WALL PLAQUE,Greece
500183,84685,BEACH HUT KEY CABINET,Greece
500183,84687,BEACH HUT SHELF W 3 DRAWERS,Greece
500183,84689,S/2 BEACH HUT TREASURE CHESTS,Greece
500183,84879,ASSORTED COLOUR BIRD ORNAMENT,Greece
500262,21622,VINTAGE UNION JACK CUSHION COVER,United Kingdom
500262,21625,VINTAGE UNION JACK APRON,United Kingdom
500262,21746,SMALL RED SPOT  WINDMILL,United Kingdom
500262,21747,SMALL SKULL WINDMILL,United Kingdom
500262,21749,LARGE RED SPOT WINDMILL,United Kingdom
500262,21750,LARGE SKULL WINDMILL,United Kingdom
500262,22021,BLUE FELT EASTER EGG BASKET,United Kingdom
500262,22228,BUNNY WOODEN PAINTED WITH BIRD,United Kingdom
500262,22229,BUNNY WOODEN PAINTED WITH FLOWER,United Kingdom
500262,22230,JIGSAW TREE WITH WATERING CAN,United Kingdom
500262,22231,JIGSAW TREE WITH BIRDHOUSE,United Kingdom
500262,22242,"HOOK, 5 HANGER , MAGIC TOADSTOOL",United Kingdom
500262,22246,"GARLAND, MAGIC GARDEN 1.8M",United Kingdom
500262,22475,SKULL DESIGN TV DINNER TRAY,United Kingdom
500262,22499,WOODEN UNION JACK BUNTING,United Kingdom
500262,51014C,"FEATHER PEN,COAL BLACK",United Kingdom
500262,85189,HANGING BUTTERFLY  EGG,United Kingdom
500262,85200,BUNNY EGG BOX,United Kingdom
500262,85206A,CREAM FELT EASTER EGG BASKET,United Kingdom
500262,85206B,PINK FELT EASTER EGG BASKET,United Kingdom
500303,21153,RED SPOTTY TABLECLOTH,United Kingdom
500303,22216,T-LIGHT HOLDER WHITE LACE,United Kingdom
500303,22220,CAKE STAND LOVEBIRD 2 TIER WHITE,United Kingdom
500303,22236,CAKE STAND 3 TIER MAGIC GARDEN,United Kingdom
500303,47570,ENGLISH ROSE TABLE CLOTH,United Kingdom
500303,47570B,TEA TIME TABLE CLOTH,United Kingdom
500303,84750A,PINK SMALL GLASS CAKE STAND,United Kingdom
500303,84968A,S/16 VINTAGE ROSE CUTLERY,United Kingdom
500303,84968B,S/16 VINTAGE IVORY CUTLERY,United Kingdom
500303,84968F,S/16 VINTAGE SKY BLUE CUTLERY,United Kingdom
500303,84969,ASSORTED COLOUR SET 6 TEASPOONS,United Kingdom
500303,84997B,RED 3 PIECE MINI DOTS CUTLERY SET,United Kingdom
500303,84997C,BLUE 3 PIECE MINI DOTS CUTLERY SET,United Kingdom
500303,85114B,IVORY ENCHANTED FOREST PLACEMAT,United Kingdom
500368,20749,ASSORTED COLOUR MINI CASES,United Kingdom
500368,20750,RED/WHITE DOT MINI CASES,United Kingdom
500368,21156,RED SPOTTY CHILDS APRON,United Kingdom
500368,21212,PACK OF 72 RETRO SPOT CAKE CASES,United Kingdom
500368,21375,LARGE CAMPHOR WOOD FIELD MUSHROOM,United Kingdom
500368,21376,LARGE  TALL CAMPHOR WOOD TOADSTOOL,United Kingdom
500368,21377,SMALL CAMPHOR WOOD FIELD  MUSHROOM,United Kingdom
500368,21378,SMALL TALL CAMPHOR WOOD TOADSTOOL,United Kingdom
500368,21379,CAMPHOR WOOD PORTOBELLO MUSHROOM,United Kingdom
500368,21385,IVORY HANGING DECORATION  HEART,United Kingdom
500368,21389,IVORY HANGING DECORATION  BIRD,United Kingdom
500368,21588,RETRO SPOT GIANT  TUBE MATCHES,United Kingdom
500368,21717,EASTER TIN BUCKET,United Kingdom
500368,21735,TWO DOOR CURIO CABINET,United Kingdom
500368,22021,BLUE FELT EASTER EGG BASKET,United Kingdom
500368,22127,PARTY CONES CARNIVAL ASSORTED,United Kingdom
500368,22128,PARTY CONES CANDY ASSORTED,United Kingdom
500368,22129,PARTY CONES CANDY TREE DECORATION,United Kingdom
500368,22178,VICTORIAN GLASS HANGING T-LIGHT,United Kingdom
500368,22196,SMALL HEART MEASURING SPOONS,United Kingdom
500368,22254,FELT TOADSTOOL LARGE,United Kingdom
500368,22264,FELT FARM ANIMAL WHITE BUNNY,United Kingdom
500368,22431,WATERING CAN BLUE ELEPHANT,United Kingdom
500368,22432,WATERING CAN PINK BUNNY,United Kingdom
500368,22433,WATERING CAN GREEN DINOSAUR,United Kingdom
500368,47369A,PINK GREEN EMBROIDERY COSMETIC BAG,United Kingdom
500368,47591D,PINK FAIRY CAKE CHILD'S APRON,United Kingdom
500368,47594B,SCOTTIES DESIGN WASHBAG,United Kingdom
500368,84912A,PINK ROSE WASHBAG,United Kingdom
500368,84950,ASSORTED COLOUR T-LIGHT HOLDER,United Kingdom
500368,84970L,SINGLE HEART ZINC T-LIGHT HOLDER,United Kingdom
500368,84970S,HANGING HEART ZINC T-LIGHT HOLDER,United Kingdom
500368,84991,60 TEATIME FAIRY CAKE CASES,United Kingdom
500368,85206A,CREAM FELT EASTER EGG BASKET,United Kingdom
500368,85206B,PINK FELT EASTER EGG BASKET,United Kingdom
500576,20685,DOOR MAT RED SPOT,United Kingdom
500576,20725,LUNCH BAG RED SPOTTY,United Kingdom
500576,21217,RED SPOTTY ROUND CAKE TINS,United Kingdom
500576,21533,RETRO SPOT LARGE MILK JUG,United Kingdom
500576,21535,RETRO SPOT SMALL MILK JUG,United Kingdom
500576,21667,GLASS CAKE COVER AND PLATE,United Kingdom
500576,21792,CLASSIC FRENCH STYLE BASKET GREEN,United Kingdom
500576,21794,CLASSIC FRENCH STYLE BASKET NATURAL,United Kingdom
500576,21843,RETRO SPOT CAKE STAND,United Kingdom
500576,21844,RETRO SPOT MUG,United Kingdom
500576,21923,RED/CREAM STRIPE FRINGE HAMMOCK,United Kingdom
500576,22072,TEA CUP AND SAUCER RETRO SPOT,United Kingdom
500576,84795C,OCEAN STRIPE HAMMOCK,United Kingdom
500886,21361,LOVE LARGE WOOD LETTERS,United Kingdom
500886,21561,DINOSAUR LUNCHBOX WITH CUTLERY,United Kingdom
500886,21586,KINGS CHOICE GIANT TUBE MATCHES,United Kingdom
500886,21590,KINGS CHOICE CIGAR BOX MATCHES,United Kingdom
500886,21590,KINGS CHOICE CIGAR BOX MATCHES,United Kingdom
500886,21629,SQUARE FLOOR CUSHION VINTAGE RED,United Kingdom
500886,21714,CITRONELLA CANDLE GARDEN POT,United Kingdom
500886,21730,GLASS STAR FROSTED T-LIGHT HOLDER,United Kingdom
500886,21745,GAOLERS KEYS DECORATIVE GARDEN,United Kingdom
500886,22156,HEART DECORATION WITH PEARLS,United Kingdom
500886,22163,HEART STRING MEMO HOLDER HANGING,United Kingdom
500886,22266,EASTER DECORATION HANGING BUNNY,United Kingdom
500886,22268,EASTER DECORATION SITTING BUNNY,United Kingdom
500886,22349,"DOG BOWL , CHASING BALL DESIGN",United Kingdom
500886,22464,HANGING METAL HEART LANTERN,United Kingdom
500886,82583,HOT BATHS METAL SIGN,United Kingdom
500886,84352,SILVER CHRISTMAS TREE BAUBLE STAND,United Kingdom
500886,84879,ASSORTED COLOUR BIRD ORNAMENT,United Kingdom
500886,85175,CACTI T-LIGHT CANDLES,United Kingdom
500886,85198,ASSORTED FARMYARD ANIMALS IN BUCKET,United Kingdom
500886,85198,ASSORTED FARMYARD ANIMALS IN BUCKET,United Kingdom
500886,90032,IVORY SHELL HEART NECKLACE,United Kingdom
500886,90124A,PINK MURANO TWIST NECKLACE,United Kingdom
500886,90148,LONG SILVER NECKLACE PASTEL FLOWER,United Kingdom
500886,90199C,5 STRAND GLASS NECKLACE CRYSTAL,United Kingdom
500902,20685,DOOR MAT RED SPOT,United Kingdom
500902,20725,LUNCH BAG RED SPOTTY,United Kingdom
500902,20914,SET/5 RED SPOTTY LID GLASS BOWLS,United Kingdom
500902,21498,RED SPOTS  WRAP,United Kingdom
500902,21507,"ELEPHANT, BIRTHDAY CARD,",United Kingdom
500902,21508,VINTAGE KID DOLLY CARD,United Kingdom
500902,22027,TEA PARTY BIRTHDAY CARD,United Kingdom
500902,22029,SPACEBOY BIRTHDAY CARD,United Kingdom
500902,22030,SWALLOWS GREETING CARD,United Kingdom
500902,22199,FRYING PAN RED POLKADOT,United Kingdom
500902,22200,FRYING PAN PINK POLKADOT,United Kingdom
500902,22202,MILK PAN PINK RETROSPOT,United Kingdom
500902,22203,MILK PAN RED RETROSPOT,United Kingdom
500902,22378,WALL TIDY RETROSPOT,United Kingdom
500902,22382,LUNCH BAG SPACEBOY DESIGN,United Kingdom
500902,22383,LUNCH BAG SUKI  DESIGN,United Kingdom
500902,47566B,TEA TIME PARTY BUNTING,United Kingdom
500902,48111,DOOR MAT 3 SMILEY CATS,United Kingdom
500902,48116,DOOR MAT MULTICOLOUR STRIPE,United Kingdom
500902,48185,DOOR MAT FAIRY CAKE,United Kingdom
500902,84692,BOX OF 24 COCKTAIL PARASOLS,United Kingdom
501167,16168M,FUNKY MONKEY GIFT BAG MEDIUM,United Kingdom
501167,20686,DOLLY MIXTURE CHILDREN'S UMBRELLA,United Kingdom
501167,21381,MINI WOODEN HAPPY BIRTHDAY GARLAND,United Kingdom
501167,21494,ROTATING LEAVES T-LIGHT HOLDER,United Kingdom
501167,21609,SET 12 LAVENDER  BOTANICAL T-LIGHTS,United Kingdom
501167,21610,SET 12 PEAR BOTANICAL T-LIGHTS,United Kingdom
501167,21612,SET 12 WILDFLOWER BOTANICAL T-LIGHT,United Kingdom
501167,21613,S/12 VANILLA  BOTANICAL T-LIGHTS,United Kingdom
501167,21614,SET OF 12 ROSE BOTANICAL T-LIGHTS,United Kingdom
501167,21615,4 LAVENDER BOTANICAL DINNER CANDLES,United Kingdom
501167,21717,EASTER TIN BUCKET,United Kingdom
501167,22266,EASTER DECORATION HANGING BUNNY,United Kingdom
501167,22267,EASTER DECORATION EGG BUNNY,United Kingdom
501167,22268,EASTER DECORATION SITTING BUNNY,United Kingdom
501167,22281,EASTER TREE YELLOW BIRDS,United Kingdom
501167,85106,CUT GLASS HEXAGON T-LIGHT HOLDER,United Kingdom
501167,85107,CUT GLASS T-LIGHT HOLDER OCTAGON,United Kingdom
501167,85174,S/4 CACTI CANDLES,United Kingdom
501167,85196,EASTER BUNNIES ON A STICK,United Kingdom
501167,85206A,CREAM FELT EASTER EGG BASKET,United Kingdom
501182,16011,ANIMAL STICKERS,United Kingdom
501182,16012,FOOD/DRINK SPUNGE STICKERS,United Kingdom
501182,17003,BROCADE RING PURSE,United Kingdom
501182,20719,WOODLAND CHARLOTTE BAG,United Kingdom
501182,20724,RED SPOTTY CHARLOTTE BAG,United Kingdom
501182,20767,BLUE PAISLEY JOURNAL,United Kingdom
501182,20828,GLITTER BUTTERFLY CLIPS,United Kingdom
501182,20971,PINK BLUE FELT CRAFT TRINKET BOX,United Kingdom
501182,20972,PINK CREAM FELT CRAFT TRINKET BOX,United Kingdom
501182,20974,12 PENCILS SMALL TUBE SKULL,United Kingdom
501182,20975,12 PENCILS SMALL TUBE RED SPOTTY,United Kingdom
501182,21069,VINTAGE BILLBOARD TEA MUG,United Kingdom
501182,21071,VINTAGE BILLBOARD DRINK ME MUG,United Kingdom
501182,21213,PACK OF 72 SKULL CAKE CASES,United Kingdom
501182,21390,FILIGRIS HEART WITH BUTTERFLY,United Kingdom
501182,21463,MIRRORED DISCO BALL,United Kingdom
501182,21497,FANCY FONTS BIRTHDAY WRAP,United Kingdom
501182,21507,"ELEPHANT, BIRTHDAY CARD,",United Kingdom
501182,21508,VINTAGE KID DOLLY CARD,United Kingdom
501182,21509,COWBOYS AND INDIANS BIRTHDAY CARD,United Kingdom
501182,21644,ASSORTED TUTTI FRUTTI HEART BOX,United Kingdom
501182,22029,SPACEBOY BIRTHDAY CARD,United Kingdom
501182,22045,SPACEBOY GIFT WRAP,United Kingdom
501182,22147,FELTCRAFT BUTTERFLY HEARTS,United Kingdom
501182,22149,FELTCRAFT 6 FLOWER FRIENDS,United Kingdom
501182,22300,COFFEE MUG DOG + BALL DESIGN,United Kingdom
501182,22301,COFFEE MUG CAT + BIRD DESIGN,United Kingdom
501182,22303,COFFEE MUG APPLES DESIGN,United Kingdom
501182,22355,"CHARLOTTE BAG , SUKI DESIGN",United Kingdom
501182,22356,"CHARLOTTE BAG , PINK/WHITE SPOTS",United Kingdom
501182,22411,JUMBO SHOPPER VINTAGE RED PAISLEY,United Kingdom
501182,22468,BABUSHKA LIGHTS STRING OF 10,United Kingdom
501182,22566,FELTCRAFT HAIRBAND PINK AND PURPLE,United Kingdom
501182,35971,ROSE FOLKART HEART DECORATIONS,United Kingdom
501182,79320,FLAMINGO LIGHTS,United Kingdom
501182,84856L,LARGE TAHITI BEACH BAG,United Kingdom
501182,84992,72 SWEETHEART FAIRY CAKE CASES,United Kingdom
501301,21136,PAINTED METAL PEARS ASSORTED,United Kingdom
501301,21174,POTTERING IN THE SHED METAL SIGN,United Kingdom
501301,21258,VICTORIAN SEWING BOX LARGE,United Kingdom
501301,21326,AGED GLASS SILVER T-LIGHT HOLDER,United Kingdom
501301,21623,VINTAGE UNION JACK MEMOBOARD,United Kingdom
501301,21666,RIDGED GLASS T-LIGHT HOLDER,United Kingdom
501301,21955,DOOR MAT UNION JACK GUNS AND ROSES,United Kingdom
501301,82552,WASHROOM METAL SIGN,United Kingdom
501301,84937,KASHMIR FOLKART TUMBLERS,United Kingdom
501301,84970L,SINGLE HEART ZINC T-LIGHT HOLDER,United Kingdom
501301,84970S,HANGING HEART ZINC T-LIGHT HOLDER,United Kingdom
501301,85123A,WHITE HANGING HEART T-LIGHT HOLDER,United Kingdom
501301,85232B,SET/3 RUSSIAN DOLL STACKING TINS,United Kingdom
501689,20675,BLUE SPOTTY BOWL,United Kingdom
501689,20676,RED SPOTTY BOWL,United Kingdom
501689,21086,SET/6 RED SPOTTY PAPER CUPS,United Kingdom
501689,21239,PINK  SPOTTY CUP,United Kingdom
501689,21240,BLUE  SPOTTY CUP,United Kingdom
501689,21244,BLUE  SPOTTY PLATE,United Kingdom
501689,22021,BLUE FELT EASTER EGG BASKET,United Kingdom
501689,22083,PAPER CHAIN KIT RETRO SPOT,United Kingdom
501689,22090,PAPER BUNTING RETRO SPOTS,United Kingdom
501689,47590A,BLUE HAPPY BIRTHDAY BUNTING,United Kingdom
501689,85196,EASTER BUNNIES ON A STICK,United Kingdom
501689,85206B,PINK FELT EASTER EGG BASKET,United Kingdom
501831,21158,MOODY GIRL DOOR HANGER,United Kingdom
501831,21159,MOODY BOY  DOOR HANGER,United Kingdom
501831,21161,KEEP OUT BOYS DOOR HANGER,United Kingdom
501831,21162,TOXIC AREA  DOOR HANGER,United Kingdom
501831,21163,DO NOT TOUCH MY STUFF DOOR HANGER,United Kingdom
501831,21165,BEWARE OF THE CAT METAL SIGN,United Kingdom
501831,21166,COOK WITH WINE METAL SIGN,United Kingdom
501831,21169,YOU'RE CONFUSING ME METAL SIGN,United Kingdom
501831,21174,POTTERING IN THE SHED METAL SIGN,United Kingdom
501831,21175,GIN + TONIC DIET METAL SIGN,United Kingdom
501831,21179,NO JUNK MAIL METAL SIGN,United Kingdom
501831,21333,CLASSIC WHITE FRAME,United Kingdom
501831,21754,HOME BUILDING BLOCK WORD,United Kingdom
501831,21755,LOVE BUILDING BLOCK WORD,United Kingdom
501831,21908,CHOCOLATE THIS WAY METAL SIGN,United Kingdom
501831,21908,CHOCOLATE THIS WAY METAL SIGN,United Kingdom
501831,22119,PEACE WOODEN BLOCK LETTERS,United Kingdom
501831,22217,T-LIGHT HOLDER HANGING LACE,United Kingdom
501831,22283,6 EGG HOUSE PAINTED WOOD,United Kingdom
501831,22413,METAL SIGN TAKE IT OR LEAVE IT,United Kingdom
501831,22456,NATURAL SLATE CHALKBOARD LARGE,United Kingdom
501831,72129,COLUMBIAN CANDLE ROUND,United Kingdom
501831,72131,COLUMBIAN CANDLE RECTANGLE,United Kingdom
501831,72133,COLUMBIAN CANDLE RECTANGLE,United Kingdom
501831,82578,KITCHEN METAL SIGN,United Kingdom
501831,82580,BATHROOM METAL SIGN,United Kingdom
501831,82580,BATHROOM METAL SIGN,United Kingdom
501831,82581,TOILET METAL SIGN,United Kingdom
501831,84755,COLOUR GLASS T-LIGHT HOLDER HANGING,United Kingdom
501831,85230A,OPIUM SCENTED VOTIVE CANDLE,United Kingdom
501831,85230B,CINNAMON SCENTED VOTIVE CANDLE,United Kingdom
501831,85230E,STRAWBRY SCENTED VOTIVE CANDLE,United Kingdom
501831,85230F,JASMINE VOTIVE CANDLE,United Kingdom
501831,85230G,ORANGE VOTIVE CANDLE,United Kingdom
501890,18098C,PORCELAIN BUTTERFLY OIL BURNER,United Kingdom
501890,20671,BLUE TEATIME PRINT BOWL,United Kingdom
501890,20731,POSY CANDY BAG,United Kingdom
501890,20733,GOLD MINI TAPE MEASURE,United Kingdom
501890,20734,SILVER MINI TAPE MEASURE,United Kingdom
501890,20735,BLACK MINI TAPE MEASURE,United Kingdom
501890,20738,GREEN MINI TAPE MEASURE,United Kingdom
501890,20828,GLITTER BUTTERFLY CLIPS,United Kingdom
501890,20886,BOX OF 9 PEBBLE CANDLES,United Kingdom
501890,21212,PACK OF 72 RETRO SPOT CAKE CASES,United Kingdom
501890,21231,SWEETHEART CERAMIC TRINKET BOX,United Kingdom
501890,21232,STRAWBERRY CERAMIC TRINKET BOX,United Kingdom
501890,21432,SET OF 3 CASES WOODLAND DESIGN,United Kingdom
501890,21459,YELLOW EASTER EGG HUNT START POST,United Kingdom
501890,21550,CERAMIC BIRDHOUSE CRESTED TIT LARGE,United Kingdom
501890,21755,LOVE BUILDING BLOCK WORD,United Kingdom
501890,21837,CROSS STITCH ALPHABET CUSHION COVER,United Kingdom
501890,21851,LILAC DIAMANTE PEN IN GIFT BOX,United Kingdom
501890,21934,SKULL SHOULDER BAG,United Kingdom
501890,21948,SET OF 6 CAKE CHOPSTICKS,United Kingdom
501890,22073,RETRO SPOT STORAGE JAR,United Kingdom
501890,22138,BAKING SET 9 PIECE RETROSPOT,United Kingdom
501890,22161,HEART DECORATION RUSTIC HANGING,United Kingdom
501890,22178,VICTORIAN GLASS HANGING T-LIGHT,United Kingdom
501890,22197,SMALL POPCORN HOLDER,United Kingdom
501890,22198,LARGE POPCORN HOLDER,United Kingdom
501890,22241,GARLAND WOODEN HAPPY EASTER,United Kingdom
501890,22260,FELT EGG COSY BLUE RABBIT,United Kingdom
501890,22260,FELT EGG COSY BLUE RABBIT,United Kingdom
501890,22261,FELT EGG COSY WHITE RABBIT,United Kingdom
501890,22261,FELT EGG COSY WHITE RABBIT,United Kingdom
501890,22262,FELT EGG COSY CHICKEN,United Kingdom
501890,22262,FELT EGG COSY CHICKEN,United Kingdom
501890,22262,FELT EGG COSY CHICKEN,United Kingdom
501890,22286,"DECORATION , WOBBLY RABBIT , METAL",United Kingdom
501890,22326,ROUND SNACK BOXES SET OF4 WOODLAND,United Kingdom
501890,22381,TOY TIDY PINK RETROSPOT,United Kingdom
501890,22432,WATERING CAN PINK BUNNY,United Kingdom
501890,22451,SILK PURSE RUSSIAN DOLL RED,United Kingdom
501890,22467,GUMBALL COAT RACK,United Kingdom
501890,22483,RED GINGHAM TEDDY BEAR,United Kingdom
501890,72741,GRAND CHOCOLATECANDLE,United Kingdom
501890,84596B,SMALL DOLLY MIX DESIGN ORANGE BOWL,United Kingdom
501890,84596F,SMALL MARSHMALLOWS PINK BOWL,United Kingdom
501890,84596K,JELLY BABIES YELLOW SMALL BOWL,United Kingdom
501890,84970L,SINGLE HEART ZINC T-LIGHT HOLDER,United Kingdom
501890,84971S,SMALL HEART FLOWERS HOOK,United Kingdom
501890,85114B,IVORY ENCHANTED FOREST PLACEMAT,United Kingdom
501890,85114C,RED ENCHANTED FOREST PLACEMAT,United Kingdom
501890,90214K,"LETTER ""K"" BLING KEY RING",United Kingdom
501892,15060B,FAIRY CAKE DESIGN UMBRELLA,United Kingdom
501892,18097C,WHITE TALL PORCELAIN T-LIGHT HOLDER,United Kingdom
501892,20717,STRAWBERRY SHOPPER BAG,United Kingdom
501892,20724,RED SPOTTY CHARLOTTE BAG,United Kingdom
501892,20846,ZINC HEART LATTICE T-LIGHT HOLDER,United Kingdom
501892,20886,BOX OF 9 PEBBLE CANDLES,United Kingdom
501892,20914,SET/5 RED SPOTTY LID GLASS BOWLS,United Kingdom
501892,20971,PINK BLUE FELT CRAFT TRINKET BOX,United Kingdom
501892,21111,"SWISS ROLL TOWEL, CHOCOLATE  SPOTS",United Kingdom
501892,21232,STRAWBERRY CERAMIC TRINKET BOX,United Kingdom
501892,21381,MINI WOODEN HAPPY BIRTHDAY GARLAND,United Kingdom
501892,21437,24 HANGING EASTER EGGS FLORAL TUB,United Kingdom
501892,21559,STRAWBERRY LUNCHBOX WITH CUTLERY,United Kingdom
501892,22188,BLACK HEART CARD HOLDER,United Kingdom
501892,22196,SMALL HEART MEASURING SPOONS,United Kingdom
501892,22196,SMALL HEART MEASURING SPOONS,United Kingdom
501892,22217,T-LIGHT HOLDER HANGING LACE,United Kingdom
501892,22228,BUNNY WOODEN PAINTED WITH BIRD,United Kingdom
501892,22230,JIGSAW TREE WITH WATERING CAN,United Kingdom
501892,22231,JIGSAW TREE WITH BIRDHOUSE,United Kingdom
501892,22269,EGG CUP NATURAL CHICKEN,United Kingdom
501892,22353,LUNCHBOX WITH CUTLERY FAIRY CAKES,United Kingdom
501892,22457,NATURAL SLATE HEART CHALKBOARD,United Kingdom
501892,37501,TEA TIME TEA SET IN GIFT BOX,United Kingdom
501892,37502,TEA TIME MUG IN GIFT BOX,United Kingdom
501892,47589,CONGRATULATIONS BUNTING,United Kingdom
501892,47599B,BLUE PARTY BAGS,United Kingdom
501892,79191C,RETRO PLASTIC ELEPHANT TRAY,United Kingdom
501892,84535B,FAIRY CAKES NOTEBOOK A6 SIZE,United Kingdom
501892,84536B,FAIRY CAKES NOTEBOOK A7 SIZE,United Kingdom
501892,84970S,HANGING HEART ZINC T-LIGHT HOLDER,United Kingdom
501892,85099B,JUMBO BAG RED WHITE SPOTTY,United Kingdom
501892,85186A,EASTER BUNNY GARLAND OF FLOWERS,United Kingdom
501892,85186C,BUNNY EGG GARLAND,United Kingdom
501892,85197,SET OF 12 MINI BUNNIES IN A BUCKET,United Kingdom
501917,20674,GREEN SPOTTY BOWL,United Kingdom
501917,20675,BLUE SPOTTY BOWL,United Kingdom
501917,20676,RED SPOTTY BOWL,United Kingdom
501917,20725,LUNCH BAG RED SPOTTY,United Kingdom
501917,20726,LUNCH BAG WOODLAND,United Kingdom
501917,21238,RED SPOTTY CUP,United Kingdom
501917,21240,BLUE  SPOTTY CUP,United Kingdom
501917,21241,GREEN SPOTTY CUP,United Kingdom
501917,21242,RED SPOTTY PLATE,United Kingdom
501917,21243,PINK  SPOTTY PLATE,United Kingdom
501917,21244,BLUE  SPOTTY PLATE,United Kingdom
501917,21245,GREEN  SPOTTY PLATE,United Kingdom
501917,21931,JUMBO STORAGE BAG SUKI,United Kingdom
501917,22326,ROUND SNACK BOXES SET OF4 WOODLAND,United Kingdom
501917,22327,ROUND SNACK BOXES SET OF 4 SKULLS,United Kingdom
501917,22328,ROUND SNACK BOXES SET OF 4 FRUITS,United Kingdom
501917,22356,"CHARLOTTE BAG , PINK/WHITE SPOTS",United Kingdom
501917,22383,LUNCH BAG SUKI  DESIGN,United Kingdom
501917,22384,LUNCH BAG PINK RETROSPOT,United Kingdom
501917,47566,PARTY BUNTING,United Kingdom
501917,47566B,TEA TIME PARTY BUNTING,United Kingdom
501917,47590A,BLUE HAPPY BIRTHDAY BUNTING,United Kingdom
501917,47590B,PINK HAPPY BIRTHDAY BUNTING,United Kingdom
501917,84997B,RED 3 PIECE MINI DOTS CUTLERY SET,United Kingdom
502082,21464,DISCO BALL ROTATOR BATTERY OPERATED,United Kingdom
502082,22171,3 HOOK PHOTO SHELF ANTIQUE WHITE,United Kingdom
502082,22341,LOVE GARLAND PAINTED ZINC,United Kingdom
502082,22467,GUMBALL COAT RACK,United Kingdom
502082,22485,SET OF 2 WOODEN MARKET CRATES,United Kingdom
502082,22487,WHITE WOOD GARDEN PLANT LADDER,United Kingdom
502082,84615,PINK ROUND BUTTERFLY MIRROR,United Kingdom
502082,84616,SILVER ROCCOCO CHANDELIER,United Kingdom
502093,20828,GLITTER BUTTERFLY CLIPS,United Kingdom
502093,21082,SET/20 FRUIT SALAD PAPER NAPKINS,United Kingdom
502093,21136,PAINTED METAL PEARS ASSORTED,United Kingdom
502093,21314,SMALL GLASS HEART TRINKET POT,United Kingdom
502093,21955,DOOR MAT UNION JACK GUNS AND ROSES,United Kingdom
502093,22131,FOOD CONTAINER SET 3 LOVE HEART,United Kingdom
502093,22131,FOOD CONTAINER SET 3 LOVE HEART,United Kingdom
502093,22291,"SPRING DEC , HANGING CHICK CREAM",United Kingdom
502093,22292,"SPRING DEC , HANGING CHICK  YELLOW",United Kingdom
502093,22381,TOY TIDY PINK RETROSPOT,United Kingdom
502093,22411,JUMBO SHOPPER VINTAGE RED PAISLEY,United Kingdom
502093,22457,NATURAL SLATE HEART CHALKBOARD,United Kingdom
502093,22487,WHITE WOOD GARDEN PLANT LADDER,United Kingdom
502093,22585,PACK OF 6 BIRDY GIFT TAGS,United Kingdom
502093,48184,DOOR MAT ENGLISH ROSE,United Kingdom
502093,48187,DOOR MAT NEW ENGLAND,United Kingdom
502093,84218,BOX/12 CHICK & EGG IN BASKET,United Kingdom
502093,84226,HEN HOUSE W FAMILY IN BARN & NEST,United Kingdom
502093,84437A,S/6 PINK EASTER DECS IN BOX,United Kingdom
502093,84437A,S/6 PINK EASTER DECS IN BOX,United Kingdom
502093,84461,12 PINK HEN+CHICKS IN BASKET,United Kingdom
502093,84520B,PACK 20 ENGLISH ROSE PAPER NAPKINS,United Kingdom
502093,84879,ASSORTED COLOUR BIRD ORNAMENT,United Kingdom
502093,85184B,SET 4 EASTER DECOUPAGE OVAL BOXES,United Kingdom
502093,85189,HANGING BUTTERFLY  EGG,United Kingdom
502093,85194S,HANGING SPRING FLOWER EGG SMALL,United Kingdom
502093,85200,BUNNY EGG BOX,United Kingdom
502424,21035,SET/2 RED SPOTTY TEA TOWELS,United Kingdom
502424,21041,RED SPOTTY OVEN GLOVE DOUBLE,United Kingdom
502424,21042,RED SPOTTY APRON,United Kingdom
502424,21153,RED SPOTTY TABLECLOTH,United Kingdom
502424,21410,COUNTRY COTTAGE  DOORSTOP GREEN,United Kingdom
502424,21530,DAIRY MAID CERAMIC TOASTRACK,United Kingdom
502424,21532,DAIRY MAID SUGAR JAM BOWL,United Kingdom
502424,21534,DAIRY MAID LARGE MILK JUG,United Kingdom
502424,21540,DAIRY MAID CERAMIC BUTTER DISH,United Kingdom
502424,21621,VINTAGE UNION JACK BUNTING,United Kingdom
502424,21622,VINTAGE UNION JACK CUSHION COVER,United Kingdom
502424,21624,VINTAGE UNION JACK DOORSTOP,United Kingdom
502424,21630,FLOOR CUSHION ELEPHANT CARNIVAL,United Kingdom
502424,22111,SCOTTIE DOG HOT WATER BOTTLE,United Kingdom
502424,46000M,POLYESTER FILLER PAD 45x45cm,United Kingdom
502424,47502,POLKADOT CUTLERY 24 PCS IN TRAY,United Kingdom
502424,47505,MINATURE COLOURED GARDENING SET,United Kingdom
502424,47566,PARTY BUNTING,United Kingdom
502424,47566B,TEA TIME PARTY BUNTING,United Kingdom
502424,48111,DOOR MAT 3 SMILEY CATS,United Kingdom
502424,84031B,CHARLIE LOLA BLUE HOT WATER BOTTLE,United Kingdom
502424,84509F,SET OF 4 NEW ENGLAND PLACEMATS,United Kingdom
502424,84969,ASSORTED COLOUR SET 6 TEASPOONS,United Kingdom
502424,M,Manual,United Kingdom
502444,21126,SET OF 6 GIRLS CELEBRATION CANDLES,United Kingdom
502444,21165,BEWARE OF THE CAT METAL SIGN,United Kingdom
502444,21217,RED SPOTTY ROUND CAKE TINS,United Kingdom
502444,21378,SMALL TALL CAMPHOR WOOD TOADSTOOL,United Kingdom
502444,21379,CAMPHOR WOOD PORTOBELLO MUSHROOM,United Kingdom
502444,21429,RED GINGHAM ROSE JEWELLERY BOX,United Kingdom
502444,21431,GREEN GINGHAM FLOWER JEWELLERY BOX,United Kingdom
502444,21437,24 HANGING EASTER EGGS FLORAL TUB,United Kingdom
502444,21455,PAINTED YELLOW WOODEN DAISY,United Kingdom
502444,21564,PINK  HEART SHAPE LOVE BUCKET,United Kingdom
502444,21677,HEARTS  STICKERS,United Kingdom
502444,21868,POTTING SHED TEA MUG,United Kingdom
502444,21869,POTTING SHED COFFEE MUG,United Kingdom
502444,21899,"KEY FOB , GARAGE DESIGN",United Kingdom
502444,21899,"KEY FOB , GARAGE DESIGN",United Kingdom
502444,21900,"KEY FOB , SHED",United Kingdom
502444,21901,"KEY FOB , BACK DOOR",United Kingdom
502444,21932,SCANDINAVIAN PAISLEY PICNIC BAG,United Kingdom
502444,21933,PINK VINTAGE PAISLEY PICNIC BAG,United Kingdom
502444,21937,STRAWBERRY   PICNIC BAG,United Kingdom
502444,22087,PAPER BUNTING WHITE LACE,United Kingdom
502444,22090,PAPER BUNTING RETRO SPOTS,United Kingdom
502444,22128,PARTY CONES CANDY ASSORTED,United Kingdom
502444,22128,PARTY CONES CANDY ASSORTED,United Kingdom
502444,22185,SLATE TILE NATURAL HANGING,United Kingdom
502444,22189,CREAM HEART CARD HOLDER,United Kingdom
502444,22212,FOUR HOOK  WHITE LOVEBIRDS,United Kingdom
502444,22228,BUNNY WOODEN PAINTED WITH BIRD,United Kingdom
502444,22229,BUNNY WOODEN PAINTED WITH FLOWER,United Kingdom
502444,22250,DECORATION  BUTTERFLY  MAGIC GARDEN,United Kingdom
502444,22251,BIRDHOUSE DECORATION MAGIC GARDEN,United Kingdom
502444,22286,"DECORATION , WOBBLY RABBIT , METAL",United Kingdom
502444,22286,"DECORATION , WOBBLY RABBIT , METAL",United Kingdom
502444,22287,"DECORATION , WOBBLY CHICKEN, METAL",United Kingdom
502444,22287,"DECORATION , WOBBLY CHICKEN, METAL",United Kingdom
502444,22288,"DECORATION , HANGING METAL RABBIT",United Kingdom
502444,22289,"DECORATION , HANGING METAL CHICKEN",United Kingdom
502444,22291,"SPRING DEC , HANGING CHICK CREAM",United Kingdom
502444,22291,"SPRING DEC , HANGING CHICK CREAM",United Kingdom
502444,22292,"SPRING DEC , HANGING CHICK  YELLOW",United Kingdom
502444,22292,"SPRING DEC , HANGING CHICK  YELLOW",United Kingdom
502444,22293,"SPRING DEC , HANGING CHICK  GREEN",United Kingdom
502444,22293,"SPRING DEC , HANGING CHICK  GREEN",United Kingdom
502444,22457,NATURAL SLATE HEART CHALKBOARD,United Kingdom
502444,22464,HANGING METAL HEART LANTERN,United Kingdom
502444,22467,GUMBALL COAT RACK,United Kingdom
502444,22479,DAISY GARDEN MARKER,United Kingdom
502444,22487,WHITE WOOD GARDEN PLANT LADDER,United Kingdom
502444,22494,EMERGENCY FIRST AID TIN,United Kingdom
502444,22500,SET OF 2 TINS JARDIN DE PROVENCE,United Kingdom
502444,35609A,PINK FEATHER CHRISTMAS DECORATION,United Kingdom
502444,40018F,CHERRY DESIGN PAPERLANTERNS,United Kingdom
502444,77101A,UNION FLAG WINDSOCK,United Kingdom
502444,82599,FANNY'S REST STOPMETAL SIGN,United Kingdom
502444,84459B,YELLOW METAL CHICKEN HEART,United Kingdom
502444,85123A,WHITE HANGING HEART T-LIGHT HOLDER,United Kingdom
502444,85180B,PINK HEARTS LIGHT CHAIN,United Kingdom
502444,85186A,EASTER BUNNY GARLAND OF FLOWERS,United Kingdom
502444,85186C,BUNNY EGG GARLAND,United Kingdom
502444,85188B,PINK METAL SWINGING BUNNY,United Kingdom
502444,85196,EASTER BUNNIES ON A STICK,United Kingdom
502444,85202,HANGING WOOD AND FELT HEART,United Kingdom
502444,85203,HANGING WOOD AND FELT BUTTERFLY,United Kingdom
502444,85204,HANGING WOOD AND FELT FLOWER,United Kingdom
502450,15060B,FAIRY CAKE DESIGN UMBRELLA,United Kingdom
502450,21106,CREAM SLICE FLANNEL CHOCOLATE SPOT,United Kingdom
502450,21107,CREAM SLICE FLANNEL PINK SPOT,United Kingdom
502450,21108,FAIRY CAKE FLANNEL ASSORTED COLOUR,United Kingdom
502450,21109,"LARGE CAKE TOWEL, CHOCOLATE SPOTS",United Kingdom
502450,21110,LARGE CAKE TOWEL PINK SPOTS,United Kingdom
502450,21111,"SWISS ROLL TOWEL, CHOCOLATE  SPOTS",United Kingdom
502450,21112,"SWISS ROLL TOWEL, PINK  SPOTS",United Kingdom
502450,21231,SWEETHEART CERAMIC TRINKET BOX,United Kingdom
502450,21232,STRAWBERRY CERAMIC TRINKET BOX,United Kingdom
502450,21455,PAINTED YELLOW WOODEN DAISY,United Kingdom
502450,21720,CAKE SHOP  STICKER SHEET,United Kingdom
502450,22067,CHOC TRUFFLE GOLD TRINKET POT,United Kingdom
502450,35924,HANGING FAIRY CAKE DECORATION,United Kingdom
502450,37495,FAIRY CAKE BIRTHDAY CANDLE SET,United Kingdom
502450,37502,TEA TIME MUG IN GIFT BOX,United Kingdom
502450,48185,DOOR MAT FAIRY CAKE,United Kingdom
502450,82613A,"METAL SIGN,CUPCAKE SINGLE HOOK",United Kingdom
502450,82613B,"METAL SIGN,CUPCAKE SINGLE HOOK",United Kingdom
502450,82613C,"METAL SIGN,CUPCAKE SINGLE HOOK",United Kingdom
502450,82613D,METAL SIGN CUPCAKE SINGLE HOOK,United Kingdom
502450,84510B,SET OF 4 FAIRY CAKES COASTERS,United Kingdom
502450,84987,SET OF 36 TEATIME PAPER DOILIES,United Kingdom
502450,85196,EASTER BUNNIES ON A STICK,United Kingdom
502450,85212,MINI PAINTED GARDEN DECORATION,United Kingdom
502450,85213,MINI  ZINC GARDEN DECORATIONS,United Kingdom
502450,85215,ASSORTED CHEESE FRIDGE MAGNETS,United Kingdom
502450,85216,ASSORTED CAKES FRIDGE MAGNETS,United Kingdom
502450,85217,ASSORTED ICE CREAM FRIDGE MAGNETS,United Kingdom
502692,22423,REGENCY CAKESTAND 3 TIER,United Kingdom
502745,21621,VINTAGE UNION JACK BUNTING,United Kingdom
502745,84620,BLUE GINGHAM ROSE CUSHION COVER,United Kingdom
502745,84773,RED ROSE AND LACE C/COVER,United Kingdom
502745,85063,CREAM SWEETHEART MAGAZINE RACK,United Kingdom
502862,22178,VICTORIAN GLASS HANGING T-LIGHT,United Kingdom
502862,84836,ZINC METAL HEART DECORATION,United Kingdom
502862,84880,WHITE WIRE EGG HOLDER,United Kingdom
502862,84884A,ANT WHITE WIRE HEART SPIRAL,United Kingdom
502862,85123A,WHITE HANGING HEART T-LIGHT HOLDER,United Kingdom
503106,20711,JUMBO BAG TOYS,United Kingdom
503106,85099B,JUMBO BAG RED WHITE SPOTTY,United Kingdom
503106,85099F,JUMBO BAG STRAWBERRY,United Kingdom
503144,15056N,EDWARDIAN PARASOL NATURAL,United Kingdom
503144,21272,SALLE DE BAIN HOOK,United Kingdom
503144,21590,KINGS CHOICE CIGAR BOX MATCHES,United Kingdom
503144,21591,COSY HOUR CIGAR BOX MATCHES,United Kingdom
503144,21593,SWALLOW CIGAR BOX MATCHES,United Kingdom
503144,21621,VINTAGE UNION JACK BUNTING,United Kingdom
503144,21622,VINTAGE UNION JACK CUSHION COVER,United Kingdom
503144,21844,RETRO SPOT MUG,United Kingdom
503144,21871,SAVE THE PLANET MUG,United Kingdom
503144,21877,HOME SWEET HOME MUG,United Kingdom
503144,21955,DOOR MAT UNION JACK GUNS AND ROSES,United Kingdom
503144,22077,6 RIBBONS RUSTIC CHARM,United Kingdom
503144,22087,PAPER BUNTING WHITE LACE,United Kingdom
503144,22089,PAPER BUNTING VINTAGE PAISLEY,United Kingdom
503144,22189,CREAM HEART CARD HOLDER,United Kingdom
503144,22212,FOUR HOOK  WHITE LOVEBIRDS,United Kingdom
503144,22219,LOVEBIRD HANGING DECORATION WHITE,United Kingdom
503144,22294,HEART FILIGREE DOVE  SMALL,United Kingdom
503144,22294,HEART FILIGREE DOVE  SMALL,United Kingdom
503144,22296,HEART IVORY TRELLIS LARGE,United Kingdom
503144,22371,AIRLINE BAG VINTAGE TOKYO 78,United Kingdom
503144,22423,REGENCY CAKESTAND 3 TIER,United Kingdom
503144,22449,SILK PURSE RUSSIAN DOLL PINK,United Kingdom
503144,22451,SILK PURSE RUSSIAN DOLL RED,United Kingdom
503144,22457,NATURAL SLATE HEART CHALKBOARD,United Kingdom
503144,22475,SKULL DESIGN TV DINNER TRAY,United Kingdom
503144,22480,RED TEA TOWEL CLASSIC DESIGN,United Kingdom
503144,22481,BLACK TEA TOWEL CLASSIC DESIGN,United Kingdom
503144,22482,BLUE TEA TOWEL CLASSIC DESIGN,United Kingdom
503144,22521,CHILDS GARDEN TROWEL PINK,United Kingdom
503144,22523,CHILDS GARDEN FORK PINK,United Kingdom
503144,22525,CHILDRENS GARDEN GLOVES PINK,United Kingdom
503144,22557,PLASTERS IN TIN VINTAGE PAISLEY,United Kingdom
503144,22611,VINTAGE UNION JACK SHOPPING BAG,United Kingdom
503144,22611,VINTAGE UNION JACK SHOPPING BAG,United Kingdom
503144,35004C,SET OF 3 COLOURED  FLYING DUCKS,United Kingdom
503144,47566B,TEA TIME PARTY BUNTING,United Kingdom
503144,48184,DOOR MAT ENGLISH ROSE,United Kingdom
503144,48194,DOOR MAT HEARTS,United Kingdom
503144,48195,DOOR MAT GREEN PAISLEY,United Kingdom
503144,71459,HANGING JAM JAR T-LIGHT HOLDER,United Kingdom
503144,79071B,ENGLISH ROSE METAL WASTE BIN,United Kingdom
503144,79321,CHILLI LIGHTS,United Kingdom
503144,82587,TEXRIO TOMATOES CANDLE+CUP,United Kingdom
503144,84406B,CREAM CUPID HEARTS COAT HANGER,United Kingdom
503144,84755,COLOUR GLASS T-LIGHT HOLDER HANGING,United Kingdom
503144,84969,ASSORTED COLOUR SET 6 TEASPOONS,United Kingdom
503144,85049B,LUSH GREENS RIBBONS,United Kingdom
503144,85049D,BRIGHT BLUES RIBBONS,United Kingdom
503144,85049E,SCANDINAVIAN REDS RIBBONS,United Kingdom
503144,85049F,BABY BOOM RIBBONS,United Kingdom
503144,85049G,CHOCOLATE BOX RIBBONS,United Kingdom
503144,85049H,URBAN BLACK RIBBONS,United Kingdom
503144,85061W,WHITE JEWELLED HEART DECORATION,United Kingdom
503144,85123A,WHITE HANGING HEART T-LIGHT HOLDER,United Kingdom
503243,35004B,SET OF 3 BLACK FLYING DUCKS,United Kingdom
503243,35004C,SET OF 3 COLOURED  FLYING DUCKS,United Kingdom
503243,84078A,SET/4 WHITE RETRO STORAGE CUBES,United Kingdom
503337,21077,SET/20 WOODLAND PAPER NAPKINS,United Kingdom
503337,21166,COOK WITH WINE METAL SIGN,United Kingdom
503337,21172,PARTY METAL SIGN,United Kingdom
503337,21174,POTTERING IN THE SHED METAL SIGN,United Kingdom
503337,21175,GIN + TONIC DIET METAL SIGN,United Kingdom
503337,21181,PLEASE ONE PERSON METAL SIGN,United Kingdom
503337,21765,HANGING METAL BIRD BATH,United Kingdom
503337,22077,6 RIBBONS RUSTIC CHARM,United Kingdom
503337,22189,CREAM HEART CARD HOLDER,United Kingdom
503337,22217,T-LIGHT HOLDER HANGING LACE,United Kingdom
503337,22218,CAKE STAND LACE WHITE,United Kingdom
503337,22457,NATURAL SLATE HEART CHALKBOARD,United Kingdom
503337,22458,CAST IRON HOOK GARDEN FORK,United Kingdom
503337,22459,CAST IRON HOOK GARDEN TROWEL,United Kingdom
503337,22464,HANGING METAL HEART LANTERN,United Kingdom
503337,22487,WHITE WOOD GARDEN PLANT LADDER,United Kingdom
503337,45016,DECORATIVE NET CANOPY LEOPARD,United Kingdom
503337,82582,AREA PATROLLED METAL SIGN,United Kingdom
503337,82597,BOMBS AWAY METAL SIGN,United Kingdom
503337,84520B,PACK 20 ENGLISH ROSE PAPER NAPKINS,United Kingdom
503337,84879,ASSORTED COLOUR BIRD ORNAMENT,United Kingdom
503337,85049A,TRADITIONAL CHRISTMAS RIBBONS,United Kingdom
503337,85049A,TRADITIONAL CHRISTMAS RIBBONS,United Kingdom
503337,85049C,ROMANTIC PINKS RIBBONS,United Kingdom
503337,85049D,BRIGHT BLUES RIBBONS,United Kingdom
503337,85049F,BABY BOOM RIBBONS,United Kingdom
503337,85123A,WHITE HANGING HEART T-LIGHT HOLDER,United Kingdom
503775,21291,SMALL SPOTTY CHOCOLATE GIFT BAG,United Kingdom
503775,21907,I'M ON HOLIDAY METAL SIGN,United Kingdom
503775,21955,DOOR MAT UNION JACK GUNS AND ROSES,United Kingdom
503775,22023,EMPIRE BIRTHDAY CARD,United Kingdom
503775,22212,FOUR HOOK  WHITE LOVEBIRDS,United Kingdom
503775,46000M,POLYESTER FILLER PAD 45x45cm,United Kingdom
503775,84858A,NATURAL RIVIERA HANDBAG,United Kingdom
503775,84858C,PINK RIVIERA HANDBAG,United Kingdom
503775,90037A,TINY CRYSTAL BRACELET RED,United Kingdom
503775,90120B,BLUE MURANO TWIST BRACELET,United Kingdom
503775,90157,RIVIERA NECKLACE,United Kingdom
503775,90162A,ANT SILVER TURQUOISE BOUDICCA RING,United Kingdom
503775,90162C,ANT SILVER FUSCHIA BOUDICCA RING,United Kingdom
503775,90162D,ANT SILVER PURPLE BOUDICCA RING,United Kingdom
503775,90184A,AMBER CHUNKY BEAD BRACELET W STRAP,United Kingdom
503775,90195A,PURPLE GEMSTONE BRACELET,United Kingdom
503775,90197D,AMBER GLASS BRACELET HEART CHARMS,United Kingdom
503783,15056BL,EDWARDIAN PARASOL BLACK,EIRE
503783,15056N,EDWARDIAN PARASOL NATURAL,EIRE
503783,22077,6 RIBBONS RUSTIC CHARM,EIRE
503783,22138,BAKING SET 9 PIECE RETROSPOT,EIRE
503783,22423,REGENCY CAKESTAND 3 TIER,EIRE
503783,22467,GUMBALL COAT RACK,EIRE
503783,22487,WHITE WOOD GARDEN PLANT LADDER,EIRE
503783,22497,SET OF 2 TINS VINTAGE BATHROOM,EIRE
503783,22500,SET OF 2 TINS JARDIN DE PROVENCE,EIRE
503783,47505,MINATURE COLOURED GARDENING SET,EIRE
503783,48184,DOOR MAT ENGLISH ROSE,EIRE
503783,79323P,PINK CHERRY LIGHTS,EIRE
503783,79323W,WHITE CHERRY LIGHTS,EIRE
503783,85049F,BABY BOOM RIBBONS,EIRE
503783,85049G,CHOCOLATE BOX RIBBONS,EIRE
503804,21559,STRAWBERRY LUNCH BOX WITH CUTLERY,United Kingdom
503804,21843,RED RETROSPOT CAKE STAND,United Kingdom
503804,48184,DOOR MAT ENGLISH ROSE,United Kingdom
503804,84879,ASSORTED COLOUR BIRD ORNAMENT,United Kingdom
503804,84946,ANTIQUE SILVER TEA GLASS ETCHED,United Kingdom
503804,85040B,SET/4 BLUE FLOWER CANDLES IN BOWL,United Kingdom
503853,22436,12 COLOURED PARTY BALLOONS,United Kingdom
503853,22530,MAGIC DRAWING SLATE DOLLY GIRL,United Kingdom
503853,22531,MAGIC DRAWING SLATE CIRCUS PARADE,United Kingdom
503853,22534,MAGIC DRAWING SLATE SPACEBOY,United Kingdom
503853,22539,MINI JIGSAW DOLLY GIRL,United Kingdom
503853,22540,MINI JIGSAW CIRCUS PARADE,United Kingdom
503853,22544,MINI JIGSAW SPACEBOY,United Kingdom
503853,22560,TRADITIONAL MODELLING CLAY,United Kingdom
503853,22561,WOODEN SCHOOL COLOURING SET,United Kingdom
503853,22562,MONSTERS STENCIL CRAFT,United Kingdom
503853,22563,HAPPY STENCIL CRAFT,United Kingdom
503853,22564,ALPHABET STENCIL CRAFT,United Kingdom
503853,22565,FELTCRAFT HAIRBANDS PINK + WHITE,United Kingdom
503853,22566,"FELTCRAFT HAIRBAND S/2, PINK/PURPLE",United Kingdom
503853,22568,FELTCRAFT CUSHION OWL,United Kingdom
503853,22569,FELTCRAFT CUSHION BUTTERFLY,United Kingdom
503853,22570,FELTCRAFT CUSHION RABBIT,United Kingdom
503853,22584,PACK OF 6 PANNETONE GIFT BOXES,United Kingdom
503853,22585,PACK OF 6 BIRDY GIFT TAGS,United Kingdom
503853,22586,FELTCRAFT HAIRBAND PINK AND BLUE,United Kingdom
503853,22587,"FELTCRAFT HAIRBAND, S/2, RED/BLUE",United Kingdom
503863,20749,ASSORTED COLOUR MINI CASES,United Kingdom
503863,21033,JUMBO BAG CHARLIE AND LOLA TOYS,United Kingdom
503863,21100,CHARLIE AND LOLA CHARLOTTE BAG,United Kingdom
503863,21156,RED SPOTTY CHILDS APRON,United Kingdom
503863,21432,SET OF 3 CASES WOODLAND DESIGN,United Kingdom
503863,22138,BAKING SET 9 PIECE RETROSPOT,United Kingdom
503863,22139,RETRO SPOT TEA SET CERAMIC 11 PC,United Kingdom
503863,22367,CHILDS APRON SPACEBOY DESIGN,United Kingdom
503863,22617,BAKING SET SPACEBOY DESIGN,United Kingdom
503863,85071B,RED CHARLIE+LOLA PERSONAL DOORSIGN,United Kingdom
504158,20682,RED SPOTTY CHILDS UMBRELLA,United Kingdom
504158,20727,LUNCH BAG  BLACK SKULL.,United Kingdom
504158,21165,BEWARE OF THE CAT METAL SIGN,United Kingdom
504158,21363,HOME SMALL WOOD LETTERS,United Kingdom
504158,21622,VINTAGE UNION JACK CUSHION COVER,United Kingdom
504158,21731,RED TOADSTOOL LED NIGHT LIGHT,United Kingdom
504158,21754,HOME BUILDING BLOCK WORD,United Kingdom
504158,21972,SET OF 36 DINOSAUR PAPER DOILIES,United Kingdom
504158,22090,PAPER BUNTING RETRO SPOTS,United Kingdom
504158,22212,FOUR HOOK  WHITE LOVEBIRDS,United Kingdom
504158,22242,"HOOK, 5 HANGER , MAGIC TOADSTOOL",United Kingdom
504158,22243,"HOOK, 5 HANGER ,MAGIC TOADSTOOL RED",United Kingdom
504158,22284,HEN HOUSE DECORATION,United Kingdom
504158,22367,CHILDS APRON SPACEBOY DESIGN,United Kingdom
504158,40018F,CHERRY DESIGN PAPERLANTERNS,United Kingdom
504158,47568,ENGLISH ROSE DESIGN PEG BAG,United Kingdom
504158,47570,ENGLISH ROSE TABLE CLOTH,United Kingdom
504158,47591D,PINK FAIRY CAKE CHILD'S APRON,United Kingdom
504158,47599A,PINK PARTY BAGS,United Kingdom
504158,47599B,BLUE PARTY BAGS,United Kingdom
504158,48138,DOOR MAT UNION FLAG,United Kingdom
504158,84509A,SET OF 4 ENGLISH ROSE PLACEMATS,United Kingdom
504158,84510A,SET OF 4 ENGLISH ROSE COASTERS,United Kingdom
504158,84520B,PACK 20 ENGLISH ROSE PAPER NAPKINS,United Kingdom
504158,84946,ANTIQUE SILVER TEA GLASS ETCHED,United Kingdom
504158,85099B,RED RETROSPOT JUMBO BAG,United Kingdom
504438,21914,BLUE HARMONICA IN BOX,EIRE
504438,21915,RED  HARMONICA IN BOX,EIRE
504454,20716,PARTY FOOD SHOPPER BAG,United Kingdom
504454,20717,STRAWBERRY SHOPPER BAG,United Kingdom
504454,20718,RED SPOTTY SHOPPER BAG,United Kingdom
504454,20728,LUNCH BAG CARS BLUE,United Kingdom
504454,20761,BLUE PAISLEY SKETCHBOOK,United Kingdom
504454,20762,GREEN FERN SKETCHBOOK,United Kingdom
504454,20763,DAISY SKETCHBOOK,United Kingdom
504454,20764,ABSTRACT CIRCLES SKETCHBOOK,United Kingdom
504454,20765,CHRYSANTHEMUM SKETCHBOOK,United Kingdom
504454,20766,GARDEN PATH SKETCHBOOK,United Kingdom
504454,20773,BLUE PAISLEY NOTEBOOK,United Kingdom
504454,20775,DAISY NOTEBOOK,United Kingdom
504454,20776,ABSTRACT CIRCLES NOTEBOOK,United Kingdom
504454,20777,CHRYSANTHEMUM NOTEBOOK,United Kingdom
504454,21154,RED SPOTTY OVEN GLOVE,United Kingdom
504454,21156,RED SPOTTY CHILDS APRON,United Kingdom
504454,21160,KEEP OUT GIRLS DOOR HANGER,United Kingdom
504454,21161,KEEP OUT BOYS DOOR HANGER,United Kingdom
504454,21213,PACK OF 72 SKULL CAKE CASES,United Kingdom
504454,21899,"KEY FOB , GARAGE DESIGN",United Kingdom
504454,21900,"KEY FOB , SHED",United Kingdom
504454,21901,"KEY FOB , BACK DOOR",United Kingdom
504454,21902,"KEY FOB , FRONT  DOOR",United Kingdom
504454,21932,SCANDINAVIAN PAISLEY PICNIC BAG,United Kingdom
504454,21937,STRAWBERRY   PICNIC BAG,United Kingdom
504454,21975,PACK OF 60 DINOSAUR CAKE CASES,United Kingdom
504454,21977,PACK OF 60 PINK PAISLEY CAKE CASES,United Kingdom
504454,22112,CHOCOLATE HOT WATER BOTTLE,United Kingdom
504454,22114,HOT WATER BOTTLE TEA AND SYMPATHY,United Kingdom
504454,22367,CHILDS APRON SPACEBOY DESIGN,United Kingdom
504454,22377,BOTTLE BAG RETROSPOT,United Kingdom
504454,22382,LUNCH BAG SPACEBOY DESIGN,United Kingdom
504454,22383,LUNCH BAG SUKI  DESIGN,United Kingdom
504454,22384,LUNCH BAG PINK RETROSPOT,United Kingdom
504454,22385,JUMBO BAG SPACEBOY DESIGN,United Kingdom
504454,22386,JUMBO BAG PINK WITH WHITE SPOTS,United Kingdom
504454,22411,JUMBO SHOPPER VINTAGE RED PAISLEY,United Kingdom
504454,22417,PACK OF 60 SPACEBOY CAKE CASES,United Kingdom
504454,47559B,TEA TIME OVEN GLOVE,United Kingdom
504454,47591A,CAROUSEL DES CHILD'S APRON,United Kingdom
504454,47591B,SCOTTIES DES CHILD'S APRON,United Kingdom
504454,47591C,BLUE FAIRY CAKE CHILD'S APRON,United Kingdom
504454,47591D,PINK FAIRY CAKE CHILD'S APRON,United Kingdom
504454,48111,DOOR MAT 3 SMILEY CATS,United Kingdom
504454,48116,DOOR MAT MULTICOLOUR STRIPE,United Kingdom
504454,48138,DOOR MAT UNION FLAG,United Kingdom
504454,48188,DOOR MAT WELCOME PUPPIES,United Kingdom
504454,79029,GLASS HONEYPOT WASP CATCHER,United Kingdom
504454,84989A,75 GREEN FAIRY CAKE CASES,United Kingdom
504454,84991,60 TEATIME FAIRY CAKE CASES,United Kingdom
504454,84992,72 SWEETHEART FAIRY CAKE CASES,United Kingdom
504587,20969,RED FLORAL FELTCRAFT SHOULDER BAG,United Kingdom
504587,20970,PINK FLORAL FELTCRAFT SHOULDER BAG,United Kingdom
504587,21174,POTTERING IN THE SHED METAL SIGN,United Kingdom
504587,21175,GIN + TONIC DIET METAL SIGN,United Kingdom
504587,21181,PLEASE ONE PERSON METAL SIGN,United Kingdom
504587,21231,SWEETHEART CERAMIC TRINKET BOX,United Kingdom
504587,21232,STRAWBERRY CERAMIC TRINKET BOX,United Kingdom
504587,21333,CLASSIC WHITE FRAME,United Kingdom
504587,21876,POTTERING MUG,United Kingdom
504587,21877,HOME SWEET HOME MUG,United Kingdom
504587,21888,BINGO SET,United Kingdom
504587,21907,I'M ON HOLIDAY METAL SIGN,United Kingdom
504587,21908,CHOCOLATE THIS WAY METAL SIGN,United Kingdom
504587,22055,MINI CAKE STAND  HANGING STRAWBERY,United Kingdom
504587,22063,CERAMIC BOWL WITH STRAWBERRY DESIGN,United Kingdom
504587,22295,HEART FILIGREE DOVE LARGE,United Kingdom
504587,22379,RECYCLING BAG RETROSPOT,United Kingdom
504587,22480,RED TEA TOWEL CLASSIC DESIGN,United Kingdom
504587,22482,BLUE TEA TOWEL CLASSIC DESIGN,United Kingdom
504587,22569,FELTCRAFT CUSHION BUTTERFLY,United Kingdom
504587,22570,FELTCRAFT CUSHION RABBIT,United Kingdom
504587,37446,MINI CAKE STAND WITH HANGING CAKES,United Kingdom
504587,37449,CERAMIC CAKE STAND + HANGING CAKES,United Kingdom
504587,37450,CERAMIC CAKE BOWL + HANGING CAKES,United Kingdom
504587,71459,HANGING JAM JAR T-LIGHT HOLDER,United Kingdom
504587,82552,WASHROOM METAL SIGN,United Kingdom
504587,84406B,CREAM CUPID HEARTS COAT HANGER,United Kingdom
504587,84755,COLOUR GLASS T-LIGHT HOLDER HANGING,United Kingdom
504587,85123A,WHITE HANGING HEART T-LIGHT HOLDER,United Kingdom
504587,85152,HAND OVER THE CHOCOLATE   SIGN,United Kingdom
504589,22147,FELTCRAFT BUTTERFLY HEARTS,United Kingdom
504589,22149,FELTCRAFT 6 FLOWER FRIENDS,United Kingdom
504589,22150,3 STRIPEY MICE FELTCRAFT,United Kingdom
504589,22423,REGENCY CAKESTAND 3 TIER,United Kingdom
504589,22441,GROW YOUR OWN BASIL IN ENAMEL MUG,United Kingdom
504589,22515,CHILDS GARDEN SPADE PINK,United Kingdom
504589,22518,CHILDS GARDEN BRUSH BLUE,United Kingdom
504589,22519,CHILDS GARDEN BRUSH PINK,United Kingdom
504589,22521,CHILDS GARDEN TROWEL PINK,United Kingdom
504589,22522,CHILDS GARDEN FORK BLUE,United Kingdom
504589,22523,CHILDS GARDEN FORK PINK,United Kingdom
504589,22524,CHILDRENS GARDEN GLOVES BLUE,United Kingdom
504589,22525,CHILDRENS GARDEN GLOVES PINK,United Kingdom
504589,22553,PLASTERS IN TIN SKULLS,United Kingdom
504589,22555,PLASTERS IN TIN STRONGMAN,United Kingdom
504589,37441,ASSORTED WHITE EMBOSSED CHINA MUGS,United Kingdom
504589,72802A,ROSE SCENT CANDLE IN JEWELLED BOX,United Kingdom
504589,79323W,WHITE CHERRY LIGHTS,United Kingdom
504589,84997C,BLUE 3 PIECE MINI DOTS CUTLERY SET,United Kingdom
504589,85152,HAND OVER THE CHOCOLATE   SIGN,United Kingdom
504848,20754,RETRO RED SPOTTY WASHING UP GLOVES,United Kingdom
504848,20914,SET/5 RED SPOTTY LID GLASS BOWLS,United Kingdom
504848,21121,SET/10 RED SPOTTY PARTY CANDLES,United Kingdom
504848,21122,SET/10 PINK SPOTTY PARTY CANDLES,United Kingdom
504848,21125,SET 6 FOOTBALL CELEBRATION CANDLES,United Kingdom
504848,21125,SET 6 FOOTBALL CELEBRATION CANDLES,United Kingdom
504848,21154,RED SPOTTY OVEN GLOVE,United Kingdom
504848,21155,RED SPOTTY PEG BAG,United Kingdom
504848,21213,PACK OF 72 SKULL CAKE CASES,United Kingdom
504848,21214,SET OF 72 IVORY PAPER DOILIES,United Kingdom
504848,21283,NATURAL BARK CANDLE SMALL,United Kingdom
504848,21355,TOAST ITS - I LOVE YOU,United Kingdom
504848,21356,TOAST ITS - FAIRY FLOWER,United Kingdom
504848,21357,TOAST ITS - DINOSAUR,United Kingdom
504848,21358,TOAST ITS - HAPPY BIRTHDAY,United Kingdom
504848,21440,12 MINI TOADSTOOL PEGS,United Kingdom
504848,21446,12 RED ROSE PEG PLACE SETTINGS,United Kingdom
504848,21447,12 IVORY ROSE PEG PLACE SETTINGS,United Kingdom
504848,21466,RED FLOWER CROCHET FOOD COVER,United Kingdom
504848,21467,CHERRY CROCHET FOOD COVER,United Kingdom
504848,21472,LADYBIRD + BEE RAFFIA FOOD COVER,United Kingdom
504848,21527,RED RETROSPOT TRADITIONAL TEAPOT,United Kingdom
504848,21700,BIG DOUGHNUT FRIDGE MAGNETS,United Kingdom
504848,21714,CITRONELLA CANDLE GARDEN POT,United Kingdom
504848,21977,PACK OF 60 PINK PAISLEY CAKE CASES,United Kingdom
504848,22199,FRYING PAN RED POLKADOT,United Kingdom
504848,22200,FRYING PAN PINK POLKADOT,United Kingdom
504848,22202,MILK PAN PINK RETROSPOT,United Kingdom
504848,22203,MILK PAN RED RETROSPOT,United Kingdom
504848,22207,FRYING PAN UNION FLAG,United Kingdom
504848,22283,6 EGG HOUSE PAINTED WOOD,United Kingdom
504848,22300,COFFEE MUG DOG + BALL DESIGN,United Kingdom
504848,22301,COFFEE MUG CAT + BIRD DESIGN,United Kingdom
504848,22302,COFFEE MUG PEARS  DESIGN,United Kingdom
504848,22348,TEA BAG PLATE RED SPOTTY,United Kingdom
504848,22377,BOTTLE BAG RETROSPOT,United Kingdom
504848,22444,GROW YOUR OWN PLANT IN A CAN,United Kingdom
504848,22514,CHILDS GARDEN SPADE BLUE,United Kingdom
504848,22515,CHILDS GARDEN SPADE PINK,United Kingdom
504848,22517,CHILDS GARDEN RAKE PINK,United Kingdom
504848,22518,CHILDS GARDEN BRUSH BLUE,United Kingdom
504848,22519,CHILDS GARDEN BRUSH PINK,United Kingdom
504848,22522,CHILDS GARDEN FORK BLUE,United Kingdom
504848,22523,CHILDS GARDEN FORK PINK,United Kingdom
504848,22524,CHILDRENS GARDEN GLOVES BLUE,United Kingdom
504848,22525,CHILDRENS GARDEN GLOVES PINK,United Kingdom
504848,22558,CLOTHES PEGS RETROSPOT PACK 24,United Kingdom
504848,47592A,CAROUSEL DES CHILD'S OVERALL,United Kingdom
504848,47592B,SCOTTIES DESIGN CHILD'S OVERALL,United Kingdom
504848,47593A,CAROUSEL DESIGN BABY BIB,United Kingdom
504848,47593B,SCOTTIES DESIGN BABY BIB,United Kingdom
504848,72133,COLUMBIAN CANDLE RECTANGLE,United Kingdom
504848,72134,COLUMBIAN  CUBE CANDLE,United Kingdom
504848,72741,GRAND CHOCOLATECANDLE,United Kingdom
504848,79029,GLASS HONEYPOT WASP CATCHER,United Kingdom
504848,79029,GLASS HONEYPOT WASP CATCHER,United Kingdom
504848,79066K,RETRO MOD TRAY,United Kingdom
504848,84762A,WHITE PICNIC BARBECUE BUCKET,United Kingdom
504848,84762C,GREEN PICNIC BARBECUE BUCKET,United Kingdom
504848,84828,JUNGLE POPSICLES ICE LOLLY HOLDERS,United Kingdom
504848,84828,JUNGLE POPSICLES ICE LOLLY HOLDERS,United Kingdom
504848,84978,HANGING HEART JAR T-LIGHT HOLDER,United Kingdom
504848,84985A,SET OF 72 GREEN PAPER DOILIES,United Kingdom
504848,84991,60 TEATIME FAIRY CAKE CASES,United Kingdom
504848,84992,72 SWEETHEART FAIRY CAKE CASES,United Kingdom
504848,84993A,75 GREEN PETIT FOUR CASES,United Kingdom
504848,84993B,75 BLACK PETIT FOUR CASES,United Kingdom
504848,85038,6 CHOCOLATE LOVE HEART T-LIGHTS,United Kingdom
504848,85053,FRENCH ENAMEL CANDLEHOLDER,United Kingdom
504848,85099B,RED RETROSPOT JUMBO BAG,United Kingdom
504848,85099C,JUMBO  BAG BAROQUE BLACK WHITE,United Kingdom
504848,85217,ASSORTED ICE CREAM FRIDGE MAGNETS,United Kingdom
504871,20727,LUNCH BAG  BLACK SKULL.,Sweden
504871,21201,TROPICAL  HONEYCOMB PAPER GARLAND,Sweden
504871,21577,SAVE THE PLANET COTTON TOTE BAG,Sweden
504871,21915,RED  HARMONICA IN BOX,Sweden
504871,21933,PINK VINTAGE PAISLEY PICNIC BAG,Sweden
504871,22383,LUNCH BAG SUKI  DESIGN,Sweden
504895,21704,BAG 250g SWIRLY MARBLES,United Kingdom
504895,21715,GIRLS VINTAGE TIN SEASIDE BUCKET,United Kingdom
504895,21716,BOYS VINTAGE TIN SEASIDE BUCKET,United Kingdom
504895,21718,RED METAL BEACH SPADE,United Kingdom
504895,21914,BLUE HARMONICA IN BOX,United Kingdom
504895,22364,GLASS JAR DIGESTIVE BISCUITS,United Kingdom
504895,22495,SET OF 2 ROUND TINS CAMEMBERT,United Kingdom
504895,22496,SET OF 2 ROUND TINS DUTCH CHEESE,United Kingdom
504895,22561,WOODEN SCHOOL COLOURING SET,United Kingdom
504895,85059,FRENCH ENAMEL WATER BASIN,United Kingdom
504895,85123A,WHITE HANGING HEART T-LIGHT HOLDER,United Kingdom
505002,17039,INLAID WOOD INCENSE HOLDER,United Kingdom
505002,17091B,JASMINE TEA INCENSE IN TIN,United Kingdom
505002,20886,BOX OF 9 PEBBLE CANDLES,United Kingdom
505002,21384,IVORY HANGING DECORATION  BUTTERFLY,United Kingdom
505002,21390,FILIGRIS HEART WITH BUTTERFLY,United Kingdom
505002,21949,SET OF 6 STRAWBERRY CHOPSTICKS,United Kingdom
505002,22605,WOODEN CROQUET GARDEN SET,United Kingdom
505002,22606,WOODEN SKITTLES GARDEN SET,United Kingdom
505002,79323G,GOLD  CHERRY LIGHTS,United Kingdom
505002,79323P,PINK CHERRY LIGHTS,United Kingdom
505002,79323S,SILVER CHERRY LIGHTS,United Kingdom
505002,79323W,WHITE CHERRY LIGHTS,United Kingdom
505002,M,Manual,United Kingdom
505158,21742,LARGE ROUND WICKER PLATTER,United Kingdom
505158,21785,RAIN PONCHO,United Kingdom
505158,21889,WOODEN BOX OF DOMINOES,United Kingdom
505287,21135,VICTORIAN  METAL POSTCARD SPRING,United Kingdom
505287,21278,VINTAGE KITCHEN PRINT PUDDINGS,United Kingdom
505287,21279,VINTAGE KITCHEN PRINT FRUITS,United Kingdom
505287,21280,VINTAGE KITCHEN PRINT VEGETABLES,United Kingdom
505287,21281,VINTAGE KITCHEN PRINT SEAFOOD,United Kingdom
505287,21621,VINTAGE UNION JACK BUNTING,United Kingdom
505287,21715,GIRLS VINTAGE TIN SEASIDE BUCKET,United Kingdom
505287,21716,BOYS VINTAGE TIN SEASIDE BUCKET,United Kingdom
505287,21718,RED METAL BEACH SPADE,United Kingdom
505287,21735,TWO DOOR CURIO CABINET,United Kingdom
505287,21769,VINTAGE POST OFFICE CABINET,United Kingdom
505287,21878,PACK OF 6 SANDCASTLE FLAGS ASSORTED,United Kingdom
505287,21896,POTTING SHED TWINE,United Kingdom
505287,21898,POTTING SHED ROSE CANDLE,United Kingdom
505287,22177,5 HOOK BLACKBOARD ORGANISER,United Kingdom
505287,22341,LOVE GARLAND PAINTED ZINC,United Kingdom
505287,22342,HOME GARLAND PAINTED ZINC,United Kingdom
505287,22360,GLASS JAR ENGLISH CONFECTIONERY,United Kingdom
505287,22423,REGENCY CAKESTAND 3 TIER,United Kingdom
505287,22487,WHITE WOOD GARDEN PLANT LADDER,United Kingdom
505287,22498,WOODEN REGATTA BUNTING,United Kingdom
505287,22499,WOODEN UNION JACK BUNTING,United Kingdom
505287,22605,WOODEN CROQUET GARDEN SET,United Kingdom
505287,22607,WOODEN ROUNDERS GARDEN SET,United Kingdom
505287,84755,COLOUR GLASS T-LIGHT HOLDER HANGING,United Kingdom
505287,84879,ASSORTED COLOUR BIRD ORNAMENT,United Kingdom
505552,22469,HEART OF WICKER SMALL,United Kingdom
505567,20676,RED SPOTTY BOWL,United Kingdom
505567,20914,SET/5 RED SPOTTY LID GLASS BOWLS,United Kingdom
505567,21246,RED SPOTTY BIG BOWL,United Kingdom
505567,21746,SMALL RED RETROSPOT WINDMILL,United Kingdom
505567,21871,SAVE THE PLANET MUG,United Kingdom
505567,21892,TRADITIONAL WOODEN CATCH CUP GAME,United Kingdom
505567,22178,VICTORIAN GLASS HANGING T-LIGHT,United Kingdom
505567,22348,TEA BAG PLATE RED SPOTTY,United Kingdom
505567,22379,RECYCLING BAG RETROSPOT,United Kingdom
505567,22380,TOY TIDY SPACEBOY,United Kingdom
505567,22381,TOY TIDY PINK RETROSPOT,United Kingdom
505567,22398,MAGNETS PACK OF 4 SWALLOWS,United Kingdom
505567,22399,MAGNETS PACK OF 4 CHILDHOOD MEMORY,United Kingdom
505567,22558,CLOTHES PEGS RETROSPOT PACK 24,United Kingdom
505567,22605,WOODEN CROQUET GARDEN SET,United Kingdom
505567,47566,PARTY BUNTING,United Kingdom
505567,79321,CHILLI LIGHTS,United Kingdom
505567,82494L,WOODEN FRAME ANTIQUE WHITE,United Kingdom
505567,84755,COLOUR GLASS T-LIGHT HOLDER HANGING,United Kingdom
505567,84791,GINGHAM HEART DECORATION,United Kingdom
505981,21166,COOK WITH WINE METAL SIGN,United Kingdom
505981,21174,POTTERING IN THE SHED METAL SIGN,United Kingdom
505981,21175,GIN + TONIC DIET METAL SIGN,United Kingdom
505981,21181,PLEASE ONE PERSON METAL SIGN,United Kingdom
505981,21623,VINTAGE UNION JACK MEMOBOARD,United Kingdom
505981,21908,CHOCOLATE THIS WAY METAL SIGN,United Kingdom
505981,22115,METAL SIGN EMPIRE TEA,United Kingdom
505981,22171,3 HOOK PHOTO SHELF ANTIQUE WHITE,United Kingdom
505981,22188,BLACK HEART CARD HOLDER,United Kingdom
505981,22189,CREAM HEART CARD HOLDER,United Kingdom
505981,22413,METAL SIGN TAKE IT OR LEAVE IT,United Kingdom
505981,85152,HAND OVER THE CHOCOLATE   SIGN,United Kingdom
505988,20971,PINK BLUE FELT CRAFT TRINKET BOX,United Kingdom
505988,21078,SET/20 STRAWBERRY PAPER NAPKINS,United Kingdom
505988,21110,LARGE CAKE TOWEL PINK SPOTS,United Kingdom
505988,21111,"SWISS ROLL TOWEL, CHOCOLATE  SPOTS",United Kingdom
505988,21114,LAVENDER SCENTED FABRIC HEART,United Kingdom
505988,21314,SMALL GLASS HEART TRINKET POT,United Kingdom
505988,21472,LADYBIRD + BEE RAFFIA FOOD COVER,United Kingdom
505988,21870,I CAN ONLY PLEASE ONE PERSON MUG,United Kingdom
505988,22064,PINK DOUGHNUT TRINKET POT,United Kingdom
505988,22138,BAKING SET 9 PIECE RETROSPOT,United Kingdom
505988,22139,RETRO SPOT TEA SET CERAMIC 11 PC,United Kingdom
505988,22273,FELTCRAFT DOLL MOLLY,United Kingdom
505988,22348,TEA BAG PLATE RED SPOTTY,United Kingdom
505988,22444,GROW YOUR OWN PLANT IN A CAN,United Kingdom
505988,22477,WATERING CAN GARDEN MARKER,United Kingdom
505988,22479,DAISY GARDEN MARKER,United Kingdom
505988,22488,NATURAL SLATE RECTANGLE CHALKBOARD,United Kingdom
505988,22499,WOODEN UNION JACK BUNTING,United Kingdom
505988,22549,PICTURE DOMINOES,United Kingdom
505988,22569,FELTCRAFT CUSHION BUTTERFLY,United Kingdom
505988,22570,FELTCRAFT CUSHION RABBIT,United Kingdom
505988,37447,CERAMIC CAKE DESIGN SPOTTED PLATE,United Kingdom
505988,37449,CERAMIC CAKE STAND + HANGING CAKES,United Kingdom
505988,37503,TEA TIME CAKE STAND IN GIFT BOX,United Kingdom
505988,47599B,BLUE PARTY BAGS,United Kingdom
505988,85065,CREAM SWEETHEART TRAYS,United Kingdom
506114,21166,COOK WITH WINE METAL SIGN,United Kingdom
506114,21326,AGED GLASS SILVER T-LIGHT HOLDER,United Kingdom
506114,21363,HOME SMALL WOOD LETTERS,United Kingdom
506114,21429,RED GINGHAM ROSE JEWELLERY BOX,United Kingdom
506114,21621,VINTAGE UNION JACK BUNTING,United Kingdom
506114,21865,PINK UNION JACK  PASSPORT COVER,United Kingdom
506114,21895,POTTING SHED SOW 'N' GROW SET,United Kingdom
506114,21896,POTTING SHED TWINE,United Kingdom
506114,21899,"KEY FOB , GARAGE DESIGN",United Kingdom
506114,21907,I'M ON HOLIDAY METAL SIGN,United Kingdom
506114,21914,BLUE HARMONICA IN BOX,United Kingdom
506114,21931,JUMBO STORAGE BAG SUKI,United Kingdom
506114,22087,PAPER BUNTING WHITE LACE,United Kingdom
506114,22090,PAPER BUNTING RETRO SPOTS,United Kingdom
506114,22219,LOVEBIRD HANGING DECORATION WHITE,United Kingdom
506114,22416,36 DOILIES SPACEBOY DESIGN,United Kingdom
506114,22417,PACK OF 60 SPACEBOY CAKE CASES,United Kingdom
506114,47505,MINATURE COLOURED GARDENING SET,United Kingdom
506114,47566,PARTY BUNTING,United Kingdom
506114,47590A,BLUE HAPPY BIRTHDAY BUNTING,United Kingdom
506114,47590B,PINK HAPPY BIRTHDAY BUNTING,United Kingdom
506114,47591D,PINK FAIRY CAKE CHILD'S APRON,United Kingdom
506114,47599A,PINK PARTY BAGS,United Kingdom
506114,82583,HOT BATHS METAL SIGN,United Kingdom
506114,84849B,FAIRY SOAP SOAP HOLDER,United Kingdom
506114,84849D,HOT BATHS SOAP HOLDER,United Kingdom
506114,84879,ASSORTED COLOUR BIRD ORNAMENT,United Kingdom
506254,20726,LUNCH BAG WOODLAND,France
506254,20727,LUNCH BAG  BLACK SKULL.,France
506254,20973,12 PENCIL SMALL TUBE WOODLAND,France
506254,20974,12 PENCILS SMALL TUBE SKULL,France
506254,21058,PARTY INVITES WOODLAND,France
506254,21077,SET/20 WOODLAND PAPER NAPKINS,France
506254,21080,SET/20 RED SPOTTY PAPER NAPKINS,France
506254,21156,RED SPOTTY CHILDS APRON,France
506254,21222,SET/4 BADGES BEETLES,France
506254,21224,SET/4 SKULL BADGES,France
506254,21247,SET OF RED SALAD SERVERS,France
506254,21452,TOADSTOOL MONEY BOX,France
506254,21504,SKULLS GREETING CARD,France
506254,21578,WOODLAND DESIGN  COTTON TOTE BAG,France
506254,21718,RED METAL BEACH SPADE,France
506254,21915,RED  HARMONICA IN BOX,France
506254,21967,PACK OF 12 SKULL TISSUES,France
506254,21976,PACK OF 60 MUSHROOM CAKE CASES,France
506254,21982,PACK OF 12 SUKI TISSUES,France
506254,21987,PACK OF 6 SKULL PAPER CUPS,France
506254,21988,PACK OF 6 SKULL PAPER PLATES,France
506254,21989,PACK OF 20 SKULL PAPER NAPKINS,France
506254,22242,"HOOK, 5 HANGER , MAGIC TOADSTOOL",France
506254,22243,"HOOK, 5 HANGER ,MAGIC TOADSTOOL RED",France
506254,22244,"HOOK, 3 HANGER ,MAGIC GARDEN",France
506254,22326,ROUND SNACK BOXES SET OF4 WOODLAND,France
506254,22352,LUNCH BOX WITH CUTLERY RETROSPOT,France
506254,22367,CHILDS APRON SPACEBOY DESIGN,France
506254,22382,LUNCH BAG SPACEBOY DESIGN,France
506254,22383,LUNCH BAG SUKI  DESIGN,France
506254,22390,PAPERWEIGHT CHILDHOOD MEMORIES,France
506254,22393,PAPERWEIGHT VINTAGE COLLAGE,France
506254,22395,PAPERWEIGHT VINTAGE PAISLEY,France
506254,22432,WATERING CAN PINK BUNNY,France
506254,22437,SET OF 9 BLACK SKULL BALLOONS,France
506254,22449,SILK PURSE RUSSIAN DOLL PINK,France
506254,22450,SILK PURSE RUSSIAN DOLL BLUE,France
506254,22451,SILK PURSE RUSSIAN DOLL RED,France
506254,22525,CHILDRENS GARDEN GLOVES PINK,France
506254,22554,PLASTERS IN TIN WOODLAND ANIMALS,France
506254,22556,PLASTERS IN TIN CIRCUS PARADE,France
506254,22557,PLASTERS IN TIN VINTAGE PAISLEY,France
506254,22585,PACK OF 6 BIRDY GIFT TAGS,France
506254,35951,FOLKART BAUBLE CHRISTMAS DECORATION,France
506254,84279B,CHERRY BLOSSOM DECORATIVE FLASK,France
506254,84375,SET OF 20 KIDS COOKIE CUTTERS,France
506254,84509F,SET OF 4 NEW ENGLAND PLACEMATS,France
506254,84691,PACK 20 DOLLY PEGS,France
506254,84932A,SMALL GREEN PEONY FOLDING STOOL,France
506254,84932C,SMALL ORIENTAL BLUE FOLDING STOOL,France
506254,84988,SET OF 72 PINK HEART PAPER DOILIES,France
506254,84989A,75 GREEN FAIRY CAKE CASES,France
506254,84993A,75 GREEN PETIT FOUR CASES,France
506254,84997B,RED 3 PIECE MINI DOTS CUTLERY SET,France
506254,84997D,PINK 3 PIECE MINI DOTS CUTLERY SET,France
506254,85232B,SET/3 RUSSIAN DOLL STACKING TINS,France
506254,85232D,SET/3 DECOUPAGE STACKING TINS,France
506254,POST,POSTAGE,France
506676,21411,GINGHAM HEART  DOORSTOP RED,United Kingdom
506676,21878,PACK OF 6 SANDCASTLE FLAGS ASSORTED,United Kingdom
506676,22465,HANGING METAL STAR LANTERN,United Kingdom
506676,22498,WOODEN REGATTA BUNTING,United Kingdom
506676,22499,WOODEN UNION JACK BUNTING,United Kingdom
506676,22514,CHILDS GARDEN SPADE BLUE,United Kingdom
506676,71459,HANGING JAM JAR T-LIGHT HOLDER,United Kingdom
506676,82494L,WOODEN FRAME ANTIQUE WHITE,United Kingdom
506676,84327A,PINK JUMPER LARRY THE LAMB,United Kingdom
506676,85123A,WHITE HANGING HEART T-LIGHT HOLDER,United Kingdom
507034,15036,ASSORTED COLOURS SILK FAN,United Kingdom
507034,15044A,PINK PAPER PARASOL,United Kingdom
507034,15044B,BLUE PAPER PARASOL,United Kingdom
507034,15044C,PURPLE PAPER PARASOL,United Kingdom
507034,15044D,RED PAPER PARASOL,United Kingdom
507034,22178,VICTORIAN GLASS HANGING T-LIGHT,United Kingdom
507034,22449,SILK PURSE RUSSIAN DOLL PINK,United Kingdom
507034,22450,SILK PURSE RUSSIAN DOLL BLUE,United Kingdom
507034,22451,SILK PURSE RUSSIAN DOLL RED,United Kingdom
507034,22470,HEART OF WICKER LARGE,United Kingdom
507034,84836,ZINC METAL HEART DECORATION,United Kingdom
507034,85060,WOOD FAN WITH FLOWER DESIGN,United Kingdom
507059,21039,RED SPOTTY SHOPPING BAG,United Kingdom
507059,84375,SET OF 20 KIDS COOKIE CUTTERS,United Kingdom
507059,84378,SET OF 3 HEART COOKIE CUTTERS,United Kingdom
507160,15034,PAPER POCKET TRAVELING FAN,United Kingdom
507160,15034,PAPER POCKET TRAVELING FAN,United Kingdom
507160,15036,ASSORTED COLOURS SILK FAN,United Kingdom
507160,17033,"BROCADE PURSE,SMALL ARCH BUTTON",United Kingdom
507160,20982,12 PENCILS TALL TUBE SKULLS,United Kingdom
507160,21746,SMALL RED RETROSPOT WINDMILL,United Kingdom
507160,40016,CHINESE DRAGON PAPER LANTERNS,United Kingdom
507160,85221,ASSORTED COLOUR SILK COIN PURSE,United Kingdom
507160,85222,ASSORTED COLOUR SILK COSMETIC PURSE,United Kingdom
507251,20914,SET/5 RED SPOTTY LID GLASS BOWLS,United Kingdom
507624,20718,RED SPOTTY SHOPPER BAG,United Kingdom
507624,20724,RED SPOTTY CHARLOTTE BAG,United Kingdom
507624,20725,LUNCH BAG RED SPOTTY,United Kingdom
507624,20960,WATERMELON BATH SPONGE,United Kingdom
507624,20961,STRAWBERRY BATH SPONGE,United Kingdom
507624,20963,APPLE BATH SPONGE,United Kingdom
507624,20967,GREY FLORAL FELTCRAFT SHOULDER BAG,United Kingdom
507624,20969,RED FLORAL FELTCRAFT SHOULDER BAG,United Kingdom
507624,20970,PINK FLORAL FELTCRAFT SHOULDER BAG,United Kingdom
507624,20972,PINK CREAM FELT CRAFT TRINKET BOX,United Kingdom
507624,21212,PACK OF 72 RETRO SPOT CAKE CASES,United Kingdom
507624,21232,STRAWBERRY CERAMIC TRINKET BOX,United Kingdom
507624,21340,CLASSIC METAL BIRDCAGE PLANT HOLDER,United Kingdom
507624,21407,BROWN CHECK CAT DOORSTOP,United Kingdom
507624,21609,SET 12 LAVENDER  BOTANICAL T-LIGHTS,United Kingdom
507624,21610,SET 12 PEAR BOTANICAL T-LIGHTS,United Kingdom
507624,21611,SET OF 12 LILY BOTANICAL T-LIGHTS,United Kingdom
507624,21612,SET 12 WILDFLOWER BOTANICAL T-LIGHT,United Kingdom
507624,21613,S/12 VANILLA  BOTANICAL T-LIGHTS,United Kingdom
507624,21614,SET OF 12 ROSE BOTANICAL T-LIGHTS,United Kingdom
507624,21615,4 LAVENDER BOTANICAL DINNER CANDLES,United Kingdom
507624,21616,4 PEAR BOTANICAL DINNER CANDLES,United Kingdom
507624,21617,4 LILY  BOTANICAL DINNER CANDLES,United Kingdom
507624,21618,4 WILDFLOWER BOTANICAL CANDLES,United Kingdom
507624,21619,4 VANILLA BOTANICAL CANDLES,United Kingdom
507624,21620,S/4 ROSE    BOTANICAL  CANDLE,United Kingdom
507624,21651,HANGING GLASS ETCHED TEALIGHT,United Kingdom
507624,21786,RAIN HAT WITH RED SPOTS,United Kingdom
507624,21787,RAIN PONCHO WITH RED SPOTS,United Kingdom
507624,21788,KIDS RAIN MAC BLUE,United Kingdom
507624,21789,KIDS RAIN MAC PINK,United Kingdom
507624,21866,UNION JACK FLAG LUGGAGE TAG,United Kingdom
507624,21974,SET OF 36 PAISLEY FLOWER DOILIES,United Kingdom
507624,21977,PACK OF 60 PINK PAISLEY CAKE CASES,United Kingdom
507624,22109,FULL ENGLISH BREAKFAST PLATE,United Kingdom
507624,22139,RETRO SPOT TEA SET CERAMIC 11 PC,United Kingdom
507624,22150,3 STRIPEY MICE FELTCRAFT,United Kingdom
507624,22207,FRYING PAN UNION FLAG,United Kingdom
507624,22271,FELTCRAFT DOLL ROSIE,United Kingdom
507624,22274,FELTCRAFT DOLL EMILY,United Kingdom
507624,22350,CAT BOWL,United Kingdom
507624,22353,LUNCH BOX WITH CUTLERY FAIRY CAKES,United Kingdom
507624,37448,CERAMIC CAKE DESIGN SPOTTED MUG,United Kingdom
507624,48138,DOOR MAT UNION FLAG,United Kingdom
507624,84755,COLOUR GLASS T-LIGHT HOLDER HANGING,United Kingdom
507624,84949,SILVER HANGING T-LIGHT HOLDER,United Kingdom
507715,20685,DOOR MAT RED SPOT,United Kingdom
507715,20718,RED SPOTTY SHOPPER BAG,United Kingdom
507715,20725,LUNCH BAG RED SPOTTY,United Kingdom
507715,20914,SET/5 RED SPOTTY LID GLASS BOWLS,United Kingdom
507715,21088,SET/6 FRUIT SALAD PAPER CUPS,United Kingdom
507715,21096,SET/6 FRUIT SALAD  PAPER PLATES,United Kingdom
507715,21212,PACK OF 72 RETRO SPOT CAKE CASES,United Kingdom
507715,21713,CITRONELLA CANDLE FLOWERPOT,United Kingdom
507715,21714,CITRONELLA CANDLE GARDEN POT,United Kingdom
507715,22149,FELTCRAFT 6 FLOWER FRIENDS,United Kingdom
507715,22150,3 STRIPEY MICE FELTCRAFT,United Kingdom
507715,22567,20 DOLLY PEGS RETROSPOT,United Kingdom
507715,48138,DOOR MAT UNION FLAG,United Kingdom
507715,84795A,PASTEL STRIPE HAMMOCK,United Kingdom
507715,84796A,PINK HAWAIIAN PICNIC HAMPER FOR 2,United Kingdom
507715,84796B,BLUE SAVANNAH PICNIC HAMPER FOR 2,United Kingdom
507715,84797A,PINK HAWAIIAN PICNIC HAMPER FOR 4,United Kingdom
507715,84797B,BLUE SAVANNAH PICNIC HAMPER FOR 4,United Kingdom
507818,20975,12 PENCILS SMALL TUBE RED SPOTTY,United Kingdom
507818,21380,WOODEN HAPPY BIRTHDAY GARLAND,United Kingdom
507818,21531,RED RETROSPOT SUGAR JAM BOWL,United Kingdom
507818,21535,RED RETROSPOT SMALL MILK JUG,United Kingdom
507818,21892,TRADITIONAL WOODEN CATCH CUP GAME,United Kingdom
507818,22083,PAPER CHAIN KIT RETRO SPOT,United Kingdom
507818,22272,FELTCRAFT DOLL MARIA,United Kingdom
507818,22274,FELTCRAFT DOLL EMILY,United Kingdom
507818,22294,HEART FILIGREE DOVE  SMALL,United Kingdom
507818,22348,TEA BAG PLATE RED SPOTTY,United Kingdom
507818,22492,MINI PAINT SET VINTAGE,United Kingdom
507818,84270,ASSTD DESIGN BUBBLE GUM RING,United Kingdom
507818,84755,COLOUR GLASS T-LIGHT HOLDER HANGING,United Kingdom
507818,84836,ZINC METAL HEART DECORATION,United Kingdom
507920,20972,PINK CREAM FELT CRAFT TRINKET BOX,United Kingdom
507920,21078,SET/20 STRAWBERRY PAPER NAPKINS,United Kingdom
507920,21231,SWEETHEART CERAMIC TRINKET BOX,United Kingdom
507920,21232,STRAWBERRY CERAMIC TRINKET BOX,United Kingdom
507920,21590,KINGS CHOICE CIGAR BOX MATCHES,United Kingdom
507920,21592,RETRO SPOT  CIGAR BOX MATCHES,United Kingdom
507920,22035,VINTAGE CARAVAN GREETING CARD,United Kingdom
507920,22087,PAPER BUNTING WHITE LACE,United Kingdom
507920,22220,CAKE STAND LOVEBIRD 2 TIER WHITE,United Kingdom
507920,22236,CAKE STAND 3 TIER MAGIC GARDEN,United Kingdom
507920,22371,AIRLINE BAG VINTAGE TOKYO 78,United Kingdom
507920,22483,RED GINGHAM TEDDY BEAR,United Kingdom
507920,22612,TEA COSY VINTAGE UNION JACK,United Kingdom
507920,48189,DOOR MAT FRIENDSHIP,United Kingdom
507920,84251F,"GREETING CARD, RITA",United Kingdom
507920,84997C,BLUE 3 PIECE MINI DOTS CUTLERY SET,United Kingdom
507920,84997D,PINK 3 PIECE MINI DOTS CUTLERY SET,United Kingdom
508469,21519,GIN & TONIC DIET GREETING CARD,United Kingdom
508469,21590,KINGS CHOICE CIGAR BOX MATCHES,United Kingdom
508469,21593,SWALLOW CIGAR BOX MATCHES,United Kingdom
508469,21754,HOME BUILDING BLOCK WORD,United Kingdom
508469,21755,LOVE BUILDING BLOCK WORD,United Kingdom
508469,21875,KINGS CHOICE MUG,United Kingdom
508469,21877,HOME SWEET HOME MUG,United Kingdom
508469,47556B,TEA TIME TEA TOWELS,United Kingdom
508469,47566,PARTY BUNTING,United Kingdom
508469,47589,CONGRATULATIONS BUNTING,United Kingdom
508469,47590B,PINK HAPPY BIRTHDAY BUNTING,United Kingdom
508469,82494L,WOODEN FRAME ANTIQUE WHITE,United Kingdom
508469,85123A,WHITE HANGING HEART T-LIGHT HOLDER,United Kingdom
508851,20685,DOOR MAT RED SPOT,United Kingdom
508851,48111,DOOR MAT 3 SMILEY CATS,United Kingdom
508851,48129,DOOR MAT TOPIARY,United Kingdom
508851,48138,DOOR MAT UNION FLAG,United Kingdom
508851,48184,DOOR MAT ENGLISH ROSE,United Kingdom
508905,21977,PACK OF 60 PINK PAISLEY CAKE CASES,United Kingdom
508905,47566,PARTY BUNTING,United Kingdom
508905,84520B,PACK 20 ENGLISH ROSE PAPER NAPKINS,United Kingdom
508905,84534B,FAIRY CAKE NOTEBOOK A5 SIZE,United Kingdom
508905,84535B,FAIRY CAKES NOTEBOOK A6 SIZE,United Kingdom
508905,84991,60 TEATIME FAIRY CAKE CASES,United Kingdom
509017,84684,BEACH HUT PHOTO FRAME,United Kingdom
509017,84685,BEACH HUT KEY CABINET,United Kingdom
509017,84687,BEACH HUT SHELF W 3 DRAWERS,United Kingdom
509284,10002,INFLATABLE POLITICAL GLOBE,France
509284,21042,RED SPOTTY APRON,France
509284,21154,RED SPOTTY OVEN GLOVE,France
509284,21542,WOODLAND WATER TRANSFER TATTOOS,France
509284,21559,STRAWBERRY LUNCH BOX WITH CUTLERY,France
509284,21731,RED TOADSTOOL LED NIGHT LIGHT,France
509284,22331,WOODLAND PARTY BAG + STICKER SET,France
509284,22352,LUNCH BOX WITH CUTLERY RETROSPOT,France
509284,22492,MINI PAINT SET VINTAGE,France
509284,22622,BOX OF VINTAGE ALPHABET BLOCKS,France
509284,84997C,BLUE 3 PIECE MINI DOTS CUTLERY SET,France
509284,POST,POSTAGE,France
509455,20764,ABSTRACT CIRCLES SKETCHBOOK,United Kingdom
509455,20771,CHRYSANTHEMUM  JOURNAL,United Kingdom
509455,21124,SET/10 BLUE SPOTTY PARTY CANDLES,United Kingdom
509455,21126,SET OF 6 GIRLS CELEBRATION CANDLES,United Kingdom
509455,21381,MINI WOODEN HAPPY BIRTHDAY GARLAND,United Kingdom
509455,21446,12 RED ROSE PEG PLACE SETTINGS,United Kingdom
509455,21500,PINK SPOTS  WRAP,United Kingdom
509455,22040,BOTANICAL ROSE GIFT WRAP,United Kingdom
509455,22434,BALLOON PUMP WITH 10 BALLOONS,United Kingdom
509455,22436,12 COLOURED PARTY BALLOONS,United Kingdom
509455,22471,TV DINNER TRAY AIR HOSTESS,United Kingdom
509455,22616,PACK OF 12 LONDON TISSUES,United Kingdom
509455,84327A,PINK JUMPER LARRY THE LAMB,United Kingdom
509470,20674,GREEN SPOTTY BOWL,United Kingdom
509470,20914,SET/5 RED SPOTTY LID GLASS BOWLS,United Kingdom
509470,21238,RED SPOTTY CUP,United Kingdom
509470,21240,BLUE  SPOTTY CUP,United Kingdom
509470,21242,RED SPOTTY PLATE,United Kingdom
509470,21243,PINK  SPOTTY PLATE,United Kingdom
509470,21244,BLUE  SPOTTY PLATE,United Kingdom
509470,21843,RED RETROSPOT CAKE STAND,United Kingdom
509470,84997B,RED 3 PIECE MINI DOTS CUTLERY SET,United Kingdom
509476,10133,COLOURING PENCILS BROWN TUBE,United Kingdom
509476,16161U,"WRAP,SUKI AND FRIENDS",United Kingdom
509476,20692,FLORAL ELEPHANT SOFT TOY,United Kingdom
509476,20702,PINK PADDED MOBILE,United Kingdom
509476,20703,BLUE PADDED SOFT MOBILE,United Kingdom
509476,20723,STRAWBERRY CHARLOTTE BAG,United Kingdom
509476,20724,RED SPOTTY CHARLOTTE BAG,United Kingdom
509476,21068,VINTAGE BILLBOARD LOVE/HATE MUG,United Kingdom
509476,21069,VINTAGE BILLBOARD TEA MUG,United Kingdom
509476,21071,VINTAGE BILLBOARD DRINK ME MUG,United Kingdom
509476,21164,HOME SWEET HOME METAL SIGN,United Kingdom
509476,21232,STRAWBERRY CERAMIC TRINKET BOX,United Kingdom
509476,21380,WOODEN HAPPY BIRTHDAY GARLAND,United Kingdom
509476,21390,FILIGRIS HEART WITH BUTTERFLY,United Kingdom
509476,21495,SKULLS WRAP,United Kingdom
509476,21523,DOOR MAT FANCY FONT HOME SWEET HOME,United Kingdom
509476,21578,WOODLAND DESIGN  COTTON TOTE BAG,United Kingdom
509476,21942,SKULLS DESIGN FLANNEL,United Kingdom
509476,21943,CAKES AND RABBITS DESIGN FLANNEL,United Kingdom
509476,21944,KITTENS DESIGN FLANNEL,United Kingdom
509476,21945,STRAWBERRIES  DESIGN FLANNEL,United Kingdom
509476,21946,PARTY TIME DESIGN FLANNEL,United Kingdom
509476,22067,CHOC TRUFFLE GOLD TRINKET POT,United Kingdom
509476,22188,BLACK HEART CARD HOLDER,United Kingdom
509476,22219,LOVEBIRD HANGING DECORATION WHITE,United Kingdom
509476,22227,"DECORATION, HANGING HEART+MIRROR",United Kingdom
509476,22296,HEART IVORY TRELLIS LARGE,United Kingdom
509476,22326,ROUND SNACK BOXES SET OF4 WOODLAND,United Kingdom
509476,22355,"CHARLOTTE BAG , SUKI DESIGN",United Kingdom
509476,22360,GLASS JAR ENGLISH CONFECTIONERY,United Kingdom
509476,22361,GLASS JAR DAISY FRESH COTTON WOOL,United Kingdom
509476,22362,GLASS JAR PEACOCK BATH SALTS,United Kingdom
509476,22363,GLASS JAR MARMALADE,United Kingdom
509476,22419,LIPSTICK PEN RED,United Kingdom
509476,22420,LIPSTICK PEN BABY PINK,United Kingdom
509476,22421,LIPSTICK PEN FUSCHIA,United Kingdom
509476,22436,12 COLOURED PARTY BALLOONS,United Kingdom
509476,22470,HEART OF WICKER LARGE,United Kingdom
509476,22489,PACK OF 12 TRADITIONAL CRAYONS,United Kingdom
509476,22560,TRADITIONAL MODELLING CLAY,United Kingdom
509476,22584,PACK OF 6 PANNETONE GIFT BOXES,United Kingdom
509476,48138,DOOR MAT UNION FLAG,United Kingdom
509476,48188,DOOR MAT WELCOME PUPPIES,United Kingdom
509476,48194,DOOR MAT HEARTS,United Kingdom
509476,71477,COLOUR GLASS. STAR T-LIGHT HOLDER,United Kingdom
509476,82580,BATHROOM METAL SIGN,United Kingdom
509476,85123A,WHITE HANGING HEART T-LIGHT HOLDER,United Kingdom
509476,85175,CACTI T-LIGHT CANDLES,United Kingdom
509542,21658,GLASS  BEURRE DISH,United Kingdom
509542,22429,ENAMEL MEASURING JUG CREAM,United Kingdom
509542,22470,HEART OF WICKER LARGE,United Kingdom
509542,71459,HANGING JAM JAR T-LIGHT HOLDER,United Kingdom
509542,84978,HANGING HEART JAR T-LIGHT HOLDER,United Kingdom
510067,20671,BLUE TEATIME PRINT BOWL,United Kingdom
510067,20725,LUNCH BAG RED SPOTTY,United Kingdom
510067,21035,SET/2 RED SPOTTY TEA TOWELS,United Kingdom
510067,21080,SET/20 RED SPOTTY PAPER NAPKINS,United Kingdom
510067,21086,SET/6 RED SPOTTY PAPER CUPS,United Kingdom
510067,21153,RED SPOTTY TABLECLOTH,United Kingdom
510067,21212,PACK OF 72 RETRO SPOT CAKE CASES,United Kingdom
510067,21217,RED SPOTTY ROUND CAKE TINS,United Kingdom
510067,21987,PACK OF 6 SKULL PAPER CUPS,United Kingdom
510067,22215,CAKE STAND WHITE TWO TIER LACE,United Kingdom
510067,22220,CAKE STAND LOVEBIRD 2 TIER WHITE,United Kingdom
510067,22627,MINT KITCHEN SCALES,United Kingdom
510067,22649,STRAWBERRY FAIRY CAKE TEAPOT,United Kingdom
510067,37448,CERAMIC CAKE DESIGN SPOTTED MUG,United Kingdom
510067,37449,CERAMIC CAKE STAND + HANGING CAKES,United Kingdom
510067,47556B,TEA TIME TEA TOWELS,United Kingdom
510067,47559B,TEA TIME OVEN GLOVE,United Kingdom
510067,47591D,PINK FAIRY CAKE CHILD'S APRON,United Kingdom
510067,84509A,SET OF 4 ENGLISH ROSE PLACEMATS,United Kingdom
510067,84509B,SET OF 4 FAIRY CAKE PLACEMATS,United Kingdom
510067,84509G,SET OF 4 FAIRY CAKE PLACEMATS,United Kingdom
510067,84510A,SET OF 4 ENGLISH ROSE COASTERS,United Kingdom
510067,84596B,SMALL DOLLY MIX DESIGN ORANGE BOWL,United Kingdom
510067,84596E,SMALL LICORICE DES PINK BOWL,United Kingdom
510067,84596F,SMALL MARSHMALLOWS PINK BOWL,United Kingdom
510067,84596G,SMALL CHOCOLATES PINK BOWL,United Kingdom
510067,84596J,MIXED NUTS LIGHT GREEN BOWL,United Kingdom
510067,84596L,BISCUITS SMALL BOWL LIGHT BLUE,United Kingdom
510067,85099B,JUMBO BAG RED RETROSPOT,United Kingdom
510155,21186,WHITE DOVE HONEYCOMB PAPER GARLAND,United Kingdom
510155,21590,KINGS CHOICE CIGAR BOX MATCHES,United Kingdom
510155,21916,SET 12 RETRO WHITE CHALK STICKS,United Kingdom
510155,22077,6 RIBBONS RUSTIC CHARM,United Kingdom
510155,22178,VICTORIAN GLASS HANGING T-LIGHT,United Kingdom
510155,22607,WOODEN ROUNDERS GARDEN SET,United Kingdom
510155,79067,CORONA MEXICAN TRAY,United Kingdom
510155,84077,WORLD WAR 2 GLIDERS ASSTD DESIGNS,United Kingdom
510155,85049B,LUSH GREENS RIBBONS,United Kingdom
510155,85049C,ROMANTIC PINKS RIBBONS,United Kingdom
510155,85049G,CHOCOLATE BOX RIBBONS,United Kingdom
510258,20685,DOOR MAT RED SPOT,United Kingdom
510258,20723,STRAWBERRY CHARLOTTE BAG,United Kingdom
510258,21527,RED RETROSPOT TRADITIONAL TEAPOT,United Kingdom
510258,21531,RED RETROSPOT SUGAR JAM BOWL,United Kingdom
510258,21535,RED RETROSPOT SMALL MILK JUG,United Kingdom
510258,21556,CERAMIC STRAWBERRY MONEY BOX,United Kingdom
510258,37448,CERAMIC CAKE DESIGN SPOTTED MUG,United Kingdom
510258,48129,DOOR MAT TOPIARY,United Kingdom
510258,48185,DOOR MAT FAIRY CAKE,United Kingdom
510258,48187,DOOR MAT NEW ENGLAND,United Kingdom
510258,48194,DOOR MAT HEARTS,United Kingdom
510258,48194,DOOR MAT HEARTS,United Kingdom
510647,20914,SET/5 RED SPOTTY LID GLASS BOWLS,United Kingdom
510647,21080,SET/20 RED SPOTTY PAPER NAPKINS,United Kingdom
510647,21086,SET/6 RED SPOTTY PAPER CUPS,United Kingdom
510647,21242,RED SPOTTY PLATE,United Kingdom
510647,21936,RED RETROSPOT PICNIC BAG,United Kingdom
510647,22501,PICNIC BASKET WICKER LARGE,United Kingdom
510647,84997B,RED 3 PIECE MINI DOTS CUTLERY SET,United Kingdom
510725,20712,JUMBO BAG WOODLAND ANIMALS,Netherlands
510725,20713,JUMBO BAG OWLS,Netherlands
510725,20719,WOODLAND CHARLOTTE BAG,Netherlands
510725,20724,RED SPOTTY CHARLOTTE BAG,Netherlands
510725,20726,LUNCH BAG WOODLAND,Netherlands
510725,21080,SET/20 RED SPOTTY PAPER NAPKINS,Netherlands
510725,21094,SET/6 RED SPOTTY PAPER PLATES,Netherlands
510725,21121,SET/10 RED SPOTTY PARTY CANDLES,Netherlands
510725,21154,RED SPOTTY OVEN GLOVE,Netherlands
510725,21210,SET OF 72 RETRO SPOT PAPER  DOILIES,Netherlands
510725,21212,PACK OF 72 RETRO SPOT CAKE CASES,Netherlands
510725,21224,SET/4 SKULL BADGES,Netherlands
510725,21509,COWBOYS AND INDIANS BIRTHDAY CARD,Netherlands
510725,22029,SPACEBOY BIRTHDAY CARD,Netherlands
510725,22356,CHARLOTTE BAG PINK WITH WHITE SPOTS,Netherlands
510725,85099C,JUMBO  BAG BAROQUE BLACK WHITE,Netherlands
510729,22059,CERAMIC STRWBERRY DESIGN MUG,United Kingdom
510729,22061,LARGE CAKE STAND  HANGING STRAWBERY,United Kingdom
510729,22063,CERAMIC BOWL WITH STRAWBERRY DESIGN,United Kingdom
510729,37448,CERAMIC CAKE DESIGN SPOTTED MUG,United Kingdom
510729,47559B,TEA TIME OVEN GLOVE,United Kingdom
510729,85123A,WHITE HANGING HEART T-LIGHT HOLDER,United Kingdom
510738,20718,RED SPOTTY SHOPPER BAG,United Kingdom
510738,21231,SWEETHEART CERAMIC TRINKET BOX,United Kingdom
510738,21843,RED RETROSPOT CAKE STAND,United Kingdom
510738,22191,EAU DE NIL DINER WALL CLOCK,United Kingdom
510738,22197,SMALL POPCORN HOLDER,United Kingdom
510738,22198,LARGE POPCORN HOLDER,United Kingdom
510738,22198,LARGE POPCORN HOLDER,United Kingdom
510738,22203,MILK PAN RED RETROSPOT,United Kingdom
510738,22507,MEMO BOARD RETROSPOT  DESIGN,United Kingdom
510738,22558,CLOTHES PEGS RETROSPOT PACK 24,United Kingdom
510738,22644,CERAMIC CHERRY CAKE MONEY BANK,United Kingdom
510738,22645,CERAMIC HEART FAIRY CAKE MONEY BANK,United Kingdom
510738,22646,CERAMIC STRAWBERRY CAKE MONEY BANK,United Kingdom
510738,47566,PARTY BUNTING,United Kingdom
511174,16052,TEATIME PUSH DOWN RUBBER,United Kingdom
511174,20728,LUNCH BAG CARS BLUE,United Kingdom
511174,20775,DAISY NOTEBOOK,United Kingdom
511174,20914,SET/5 RED SPOTTY LID GLASS BOWLS,United Kingdom
511174,21642,ASSORTED TUTTI FRUTTI PEN,United Kingdom
511174,21868,POTTING SHED TEA MUG,United Kingdom
511174,22077,6 RIBBONS RUSTIC CHARM,United Kingdom
511174,22078,RIBBON REEL LACE DESIGN,United Kingdom
511174,22080,RIBBON REEL SPOTS DESIGN,United Kingdom
511174,22112,CHOCOLATE HOT WATER BOTTLE,United Kingdom
511174,22114,HOT WATER BOTTLE TEA AND SYMPATHY,United Kingdom
511174,22295,HEART FILIGREE DOVE LARGE,United Kingdom
511174,22383,LUNCH BAG SUKI  DESIGN,United Kingdom
511174,22384,LUNCH BAG PINK RETROSPOT,United Kingdom
511174,22469,HEART OF WICKER SMALL,United Kingdom
511174,22470,HEART OF WICKER LARGE,United Kingdom
511174,35653,VINTAGE BEAD NOTEBOOK,United Kingdom
511174,37343,SPOTS DESIGN MUG W PINK INSIDE,United Kingdom
511174,37370,RETRO COFFEE MUGS ASSORTED,United Kingdom
511174,47570B,TEA TIME TABLE CLOTH,United Kingdom
511174,48116,DOOR MAT MULTICOLOUR STRIPE,United Kingdom
511174,48194,DOOR MAT HEARTS,United Kingdom
511174,84459B,YELLOW METAL CHICKEN HEART,United Kingdom
511174,84534B,FAIRY CAKE NOTEBOOK A5 SIZE,United Kingdom
511174,84755,COLOUR GLASS T-LIGHT HOLDER HANGING,United Kingdom
511174,85049G,CHOCOLATE BOX RIBBONS,United Kingdom
511174,85123A,WHITE HANGING HEART T-LIGHT HOLDER,United Kingdom
511266,20711,JUMBO BAG TOYS,United Kingdom
511266,20713,JUMBO BAG OWLS,United Kingdom
511266,20728,LUNCH BAG CARS BLUE,United Kingdom
511266,20782,CAMOUFLAGE EAR MUFF HEADPHONES,United Kingdom
511266,20969,RED FLORAL FELTCRAFT SHOULDER BAG,United Kingdom
511266,20970,PINK FLORAL FELTCRAFT SHOULDER BAG,United Kingdom
511266,21033,JUMBO BAG CHARLIE AND LOLA TOYS,United Kingdom
511266,21466,RED FLOWER CROCHET FOOD COVER,United Kingdom
511266,21470,FLOWER VINE RAFFIA FOOD COVER,United Kingdom
511266,21544,SKULLS  WATER TRANSFER TATTOOS,United Kingdom
511266,21609,SET 12 LAVENDER  BOTANICAL T-LIGHTS,United Kingdom
511266,21610,SET 12 PEAR BOTANICAL T-LIGHTS,United Kingdom
511266,21611,SET OF 12 LILY BOTANICAL T-LIGHTS,United Kingdom
511266,21612,SET 12 WILDFLOWER BOTANICAL T-LIGHT,United Kingdom
511266,21713,CITRONELLA CANDLE FLOWERPOT,United Kingdom
511266,21746,SMALL RED RETROSPOT WINDMILL,United Kingdom
511266,21747,SMALL SKULL WINDMILL,United Kingdom
511266,21932,SCANDINAVIAN PAISLEY PICNIC BAG,United Kingdom
511266,21933,PINK VINTAGE PAISLEY PICNIC BAG,United Kingdom
511266,21936,RED RETROSPOT PICNIC BAG,United Kingdom
511266,22271,FELTCRAFT DOLL ROSIE,United Kingdom
511266,22274,FELTCRAFT DOLL EMILY,United Kingdom
511266,22411,JUMBO SHOPPER VINTAGE RED PAISLEY,United Kingdom
511266,22477,WATERING CAN GARDEN MARKER,United Kingdom
511266,22478,BIRDHOUSE GARDEN MARKER,United Kingdom
511266,22501,PICNIC BASKET WICKER LARGE,United Kingdom
511266,22502,PICNIC BASKET WICKER SMALL,United Kingdom
511266,22553,PLASTERS IN TIN SKULLS,United Kingdom
511266,22562,MONSTERS STENCIL CRAFT,United Kingdom
511266,22563,HAPPY STENCIL CRAFT,United Kingdom
511266,47503K,ASSORTED FLORAL SECATEURS,United Kingdom
511266,47503K,ASSORTED FLORAL SECATEURS,United Kingdom
511266,47504K,ENGLISH ROSE GARDEN SECATEURS,United Kingdom
511266,48129,DOOR MAT TOPIARY,United Kingdom
511266,48138,DOOR MAT UNION FLAG,United Kingdom
511266,48188,DOOR MAT WELCOME PUPPIES,United Kingdom
511266,79029,GLASS HONEYPOT WASP CATCHER,United Kingdom
511266,84575A,PINK DOG CANNISTER,United Kingdom
511266,84856L,LARGE TAHITI BEACH BAG,United Kingdom
511266,84856S,SMALL TAHITI BEACH BAG,United Kingdom
511300,20725,LUNCH BAG RED SPOTTY,United Kingdom
511300,20726,LUNCH BAG WOODLAND,United Kingdom
511300,20971,PINK BLUE FELT CRAFT TRINKET BOX,United Kingdom
511300,21121,SET/10 RED SPOTTY PARTY CANDLES,United Kingdom
511300,21122,SET/10 PINK SPOTTY PARTY CANDLES,United Kingdom
511300,21124,SET/10 BLUE SPOTTY PARTY CANDLES,United Kingdom
511300,21166,COOK WITH WINE METAL SIGN,United Kingdom
511300,21175,GIN + TONIC DIET METAL SIGN,United Kingdom
511300,21469,POLKA DOT RAFFIA FOOD COVER,United Kingdom
511300,21519,GIN & TONIC DIET GREETING CARD,United Kingdom
511300,21624,VINTAGE UNION JACK DOORSTOP,United Kingdom
511300,21626,VINTAGE UNION JACK PENNANT,United Kingdom
511300,21703,BAG 125g SWIRLY MARBLES,United Kingdom
511300,21704,BAG 250g SWIRLY MARBLES,United Kingdom
511300,21733,RED HANGING HEART T-LIGHT HOLDER,United Kingdom
511300,21795,SET OF 3 BLUE STRIPE BASKET,United Kingdom
511300,21796,SET OF 3 RED STRIPE BASKETS,United Kingdom
511300,21872,GLAMOROUS  MUG,United Kingdom
511300,21876,POTTERING MUG,United Kingdom
511300,21877,HOME SWEET HOME MUG,United Kingdom
511300,21925,UNION STRIPE CUSHION COVER,United Kingdom
511300,21926,RED/CREAM STRIPE CUSHION COVER,United Kingdom
511300,21931,JUMBO STORAGE BAG SUKI,United Kingdom
511300,21983,PACK OF 12 BLUE PAISLEY TISSUES,United Kingdom
511300,21984,PACK OF 12 PINK PAISLEY TISSUES,United Kingdom
511300,21985,PACK OF 12 HEARTS DESIGN TISSUES,United Kingdom
511300,22115,METAL SIGN EMPIRE TEA,United Kingdom
511300,22149,FELTCRAFT 6 FLOWER FRIENDS,United Kingdom
511300,22149,FELTCRAFT 6 FLOWER FRIENDS,United Kingdom
511300,22150,3 STRIPEY MICE FELTCRAFT,United Kingdom
511300,22185,SLATE TILE NATURAL HANGING,United Kingdom
511300,22217,T-LIGHT HOLDER HANGING LACE,United Kingdom
511300,22271,FELTCRAFT DOLL ROSIE,United Kingdom
511300,22273,FELTCRAFT DOLL MOLLY,United Kingdom
511300,22274,FELTCRAFT DOLL EMILY,United Kingdom
511300,22275,WEEKEND BAG VINTAGE ROSE PAISLEY,United Kingdom
511300,22276,WASH BAG VINTAGE ROSE PAISLEY,United Kingdom
511300,22277,COSMETIC BAG VINTAGE ROSE PAISLEY,United Kingdom
511300,22302,COFFEE MUG PEARS  DESIGN,United Kingdom
511300,22303,COFFEE MUG APPLES DESIGN,United Kingdom
511300,22304,COFFEE MUG BLUE PAISLEY DESIGN,United Kingdom
511300,22305,COFFEE MUG PINK PAISLEY DESIGN,United Kingdom
511300,22379,RECYCLING BAG RETROSPOT,United Kingdom
511300,22381,TOY TIDY PINK RETROSPOT,United Kingdom
511300,22383,LUNCH BAG SUKI  DESIGN,United Kingdom
511300,22384,LUNCH BAG PINK RETROSPOT,United Kingdom
511300,22386,JUMBO BAG PINK WITH WHITE SPOTS,United Kingdom
511300,22411,JUMBO SHOPPER VINTAGE RED PAISLEY,United Kingdom
511300,22413,METAL SIGN TAKE IT OR LEAVE IT,United Kingdom
511300,22425,ENAMEL COLANDER CREAM,United Kingdom
511300,22427,ENAMEL FLOWER JUG CREAM,United Kingdom
511300,22429,ENAMEL MEASURING JUG CREAM,United Kingdom
511300,22444,GROW YOUR OWN PLANT IN A CAN,United Kingdom
511300,22464,HANGING METAL HEART LANTERN,United Kingdom
511300,22465,HANGING METAL STAR LANTERN,United Kingdom
511300,22470,HEART OF WICKER LARGE,United Kingdom
511300,22470,HEART OF WICKER LARGE,United Kingdom
511300,22514,CHILDS GARDEN SPADE BLUE,United Kingdom
511300,22515,CHILDS GARDEN SPADE PINK,United Kingdom
511300,22516,CHILDS GARDEN RAKE BLUE,United Kingdom
511300,22517,CHILDS GARDEN RAKE PINK,United Kingdom
511300,22520,CHILDS GARDEN TROWEL BLUE,United Kingdom
511300,22521,CHILDS GARDEN TROWEL PINK,United Kingdom
511300,22522,CHILDS GARDEN FORK BLUE,United Kingdom
511300,22523,CHILDS GARDEN FORK PINK,United Kingdom
511300,22568,FELTCRAFT CUSHION OWL,United Kingdom
511300,22569,FELTCRAFT CUSHION BUTTERFLY,United Kingdom
511300,22611,VINTAGE UNION JACK SHOPPING BAG,United Kingdom
511300,22612,TEA COSY VINTAGE UNION JACK,United Kingdom
511300,22645,CERAMIC HEART FAIRY CAKE MONEY BANK,United Kingdom
511300,22646,CERAMIC STRAWBERRY CAKE MONEY BANK,United Kingdom
511300,37370,RETRO COFFEE MUGS ASSORTED,United Kingdom
511300,37502,TEA TIME MUG IN GIFT BOX,United Kingdom
511300,37509,NEW ENGLAND MUG W GIFT BOX,United Kingdom
511300,40018F,CHERRY DESIGN PAPERLANTERNS,United Kingdom
511300,46776C,WOVEN FROST CUSHION COVER,United Kingdom
511300,47566,PARTY BUNTING,United Kingdom
511300,48138,DOOR MAT UNION FLAG,United Kingdom
511300,48187,DOOR MAT NEW ENGLAND,United Kingdom
511300,79029,GLASS HONEYPOT WASP CATCHER,United Kingdom
511300,79532,MOSAIC GLASS BALL CANDLEHOLDER,United Kingdom
511300,82482,WOODEN PICTURE FRAME WHITE FINISH,United Kingdom
511300,82484,WOOD BLACK BOARD ANT WHITE FINISH,United Kingdom
511300,82494L,WOODEN FRAME ANTIQUE WHITE,United Kingdom
511300,82551,LAUNDRY 15C METAL SIGN,United Kingdom
511300,82552,WASHROOM METAL SIGN,United Kingdom
511300,82582,AREA PATROLLED METAL SIGN,United Kingdom
511300,82615,PINK MARSHMALLOW SCARF KNITTING KIT,United Kingdom
511300,82616B,FRAPPUCINO SCARF KNITTING KIT,United Kingdom
511300,82616C,MIDNIGHT GLAMOUR SCARF KNITTING KIT,United Kingdom
511300,84405A,S/3 PINK COL METAL BASKET W HANDLE,United Kingdom
511300,84673A,PINK FLY SWAT,United Kingdom
511300,84755,COLOUR GLASS T-LIGHT HOLDER HANGING,United Kingdom
511300,84815,SET OF 3 DANISH ROSE PLANTERS,United Kingdom
511300,84832,ZINC WILLIE WINKIE  CANDLE STICK,United Kingdom
511300,84856L,LARGE TAHITI BEACH BAG,United Kingdom
511300,84856S,SMALL TAHITI BEACH BAG,United Kingdom
511300,84949,SILVER HANGING T-LIGHT HOLDER,United Kingdom
511300,84997C,BLUE 3 PIECE MINI DOTS CUTLERY SET,United Kingdom
511300,84997D,PINK 3 PIECE MINI DOTS CUTLERY SET,United Kingdom
511300,85062,PEARL CRYSTAL PUMPKIN T-LIGHT HLDR,United Kingdom
511300,85099B,JUMBO BAG RED RETROSPOT,United Kingdom
511300,85099F,JUMBO BAG STRAWBERRY,United Kingdom
511300,85123A,WHITE HANGING HEART T-LIGHT HOLDER,United Kingdom
511300,85152,HAND OVER THE CHOCOLATE   SIGN,United Kingdom
511437,17107D,"FLOWER FAIRY,5 SUMMER B'DRAW LINERS",United Kingdom
511437,17107D,"FLOWER FAIRY,5 SUMMER B'DRAW LINERS",United Kingdom
511437,20832,RED FLOCK LOVE HEART PHOTO FRAME,United Kingdom
511437,21563,RED HEART SHAPE LOVE BUCKET,United Kingdom
511437,21790,VINTAGE SNAP CARDS,United Kingdom
511437,22092,BLUE PAISLEY TISSUE BOX,United Kingdom
511437,22096,PINK PAISLEY SQUARE TISSUE BOX,United Kingdom
511437,22398,MAGNETS PACK OF 4 SWALLOWS,United Kingdom
511437,22411,JUMBO SHOPPER VINTAGE RED PAISLEY,United Kingdom
511437,22435,SET OF 9 HEART SHAPED BALLOONS,United Kingdom
511437,22446,PIN CUSHION RUSSIAN DOLL PINK,United Kingdom
511437,22447,PIN CUSHION RUSSIAN DOLL BLUE,United Kingdom
511437,22448,PIN CUSHION RUSSIAN DOLL RED,United Kingdom
511437,22449,SILK PURSE RUSSIAN DOLL PINK,United Kingdom
511437,22449,SILK PURSE RUSSIAN DOLL PINK,United Kingdom
511437,22450,SILK PURSE RUSSIAN DOLL BLUE,United Kingdom
511437,22450,SILK PURSE RUSSIAN DOLL BLUE,United Kingdom
511437,22451,SILK PURSE RUSSIAN DOLL RED,United Kingdom
511437,22451,SILK PURSE RUSSIAN DOLL RED,United Kingdom
511437,22452,MEASURING TAPE RUSSIAN DOLL PINK,United Kingdom
511437,22453,MEASURING TAPE RUSSIAN DOLL BLUE,United Kingdom
511437,22454,MEASURING TAPE RUSSIAN DOLL RED,United Kingdom
511437,22472,TV DINNER TRAY DOLLY GIRL,United Kingdom
511437,22473,TV DINNER TRAY VINTAGE PAISLEY,United Kingdom
511437,22505,MEMO BOARD COTTAGE DESIGN,United Kingdom
511437,22551,PLASTERS IN TIN SPACEBOY,United Kingdom
511437,22556,PLASTERS IN TIN CIRCUS PARADE,United Kingdom
511437,22557,PLASTERS IN TIN VINTAGE PAISLEY,United Kingdom
511437,22622,BOX OF VINTAGE ALPHABET BLOCKS,United Kingdom
511437,22623,BOX OF VINTAGE JIGSAW BLOCKS,United Kingdom
511437,22623,BOX OF VINTAGE JIGSAW BLOCKS,United Kingdom
511437,22709,WRAP WEDDING DAY,United Kingdom
511437,22710,WRAP I LOVE LONDON,United Kingdom
511437,84559A,3D SHEET OF DOG STICKERS,United Kingdom
511437,84925F,PSYCHEDELIC WALL THERMOMETER,United Kingdom
511437,85121B,RETRO LAUNDRY TUB PINK,United Kingdom
511786,21153,RED SPOTTY TABLECLOTH,United Kingdom
511786,21155,RED SPOTTY PEG BAG,United Kingdom
511786,21465,PINK FLOWER CROCHET FOOD COVER,United Kingdom
511786,21466,RED FLOWER CROCHET FOOD COVER,United Kingdom
511786,21470,FLOWER VINE RAFFIA FOOD COVER,United Kingdom
511786,21471,STRAWBERRY RAFFIA FOOD COVER,United Kingdom
511786,21781,MA CAMPAGNE CUTLERY BOX,United Kingdom
511786,21925,UNION STRIPE CUSHION COVER,United Kingdom
511786,22023,EMPIRE BIRTHDAY CARD,United Kingdom
511786,22122,SET OF 2 FANCY FONT TEA TOWELS,United Kingdom
511786,22122,SET OF 2 FANCY FONT TEA TOWELS,United Kingdom
511786,22429,ENAMEL MEASURING JUG CREAM,United Kingdom
511786,22625,RED KITCHEN SCALES,United Kingdom
511786,84467,ENGLISH ROSE DESIGN QUILTED THROW,United Kingdom
511786,85065,CREAM SWEETHEART TRAYS,United Kingdom
511787,20770,ABSTRACT CIRCLE JOURNAL,United Kingdom
511787,21114,LAVENDER SCENTED FABRIC HEART,United Kingdom
511787,21323,HANGING MEDINA LANTERN LARGE,United Kingdom
511787,21381,MINI WOODEN HAPPY BIRTHDAY GARLAND,United Kingdom
511787,21506,"FANCY FONT BIRTHDAY CARD,",United Kingdom
511787,21577,SAVE THE PLANET COTTON TOTE BAG,United Kingdom
511787,21754,HOME BUILDING BLOCK WORD,United Kingdom
511787,21755,LOVE BUILDING BLOCK WORD,United Kingdom
511787,21765,HANGING METAL BIRD BATH,United Kingdom
511787,21781,MA CAMPAGNE CUTLERY BOX,United Kingdom
511787,21839,MUMMY MOUSE RED GINGHAM RIBBON,United Kingdom
511787,21841,BABY MOUSE RED GINGHAM DRESS,United Kingdom
511787,21890,S/6 WOODEN SKITTLES IN COTTON BAG,United Kingdom
511787,21891,TRADITIONAL WOODEN SKIPPING ROPE,United Kingdom
511787,21892,TRADITIONAL WOODEN CATCH CUP GAME,United Kingdom
511787,22030,SWALLOWS GREETING CARD,United Kingdom
511787,22037,ROBOT BIRTHDAY CARD,United Kingdom
511787,22138,BAKING SET 9 PIECE RETROSPOT,United Kingdom
511787,22169,FAMILY ALBUM WHITE PICTURE FRAME,United Kingdom
511787,22372,AIRLINE BAG VINTAGE WORLD CHAMPION,United Kingdom
511787,22427,ENAMEL FLOWER JUG CREAM,United Kingdom
511787,22430,ENAMEL WATERING CAN CREAM,United Kingdom
511787,22470,HEART OF WICKER LARGE,United Kingdom
511787,22487,WHITE WOOD GARDEN PLANT LADDER,United Kingdom
511787,22499,WOODEN UNION JACK BUNTING,United Kingdom
511787,22620,4 TRADITIONAL SPINNING TOPS,United Kingdom
511787,22624,IVORY KITCHEN SCALES,United Kingdom
511787,22636,CHILDS BREAKFAST SET CIRCUS PARADE,United Kingdom
511787,82482,WOODEN PICTURE FRAME WHITE FINISH,United Kingdom
511787,82494L,WOODEN FRAME ANTIQUE WHITE,United Kingdom
511787,84836,ZINC METAL HEART DECORATION,United Kingdom
511787,84879,ASSORTED COLOUR BIRD ORNAMENT,United Kingdom
511787,84968B,S/16 VINTAGE IVORY CUTLERY,United Kingdom
511787,85065,CREAM SWEETHEART TRAYS,United Kingdom
511787,85123A,WHITE HANGING HEART T-LIGHT HOLDER,United Kingdom
511787,85232B,SET/3 RUSSIAN DOLL STACKING TINS,United Kingdom
511886,21186,WHITE DOVE HONEYCOMB PAPER GARLAND,United Kingdom
511886,21668,RED STRIPE CERAMIC DRAWER KNOB,United Kingdom
511886,21669,BLUE STRIPE CERAMIC DRAWER KNOB,United Kingdom
511886,21670,BLUE SPOT CERAMIC DRAWER KNOB,United Kingdom
511886,21671,RED SPOT CERAMIC DRAWER KNOB,United Kingdom
511886,21672,WHITE SPOT RED CERAMIC DRAWER KNOB,United Kingdom
511886,21673,WHITE SPOT BLUE CERAMIC DRAWER KNOB,United Kingdom
511886,21681,GIANT MEDINA STAMPED METAL BOWL,United Kingdom
511886,21765,HANGING METAL BIRD BATH,United Kingdom
511886,22028,PENNY FARTHING BIRTHDAY CARD,United Kingdom
511886,22030,SWALLOWS GREETING CARD,United Kingdom
511886,22178,VICTORIAN GLASS HANGING T-LIGHT,United Kingdom
511886,22179,SET 10 LIGHTS NIGHT OWL,United Kingdom
511886,22219,LOVEBIRD HANGING DECORATION WHITE,United Kingdom
511886,22224,WHITE LOVEBIRD LANTERN,United Kingdom
511886,22224,WHITE LOVEBIRD LANTERN,United Kingdom
511886,22245,"HOOK, 1 HANGER ,MAGIC GARDEN",United Kingdom
511886,22245,"HOOK, 1 HANGER ,MAGIC GARDEN",United Kingdom
511886,22341,LOVE GARLAND PAINTED ZINC,United Kingdom
511886,22381,TOY TIDY PINK RETROSPOT,United Kingdom
511886,22423,REGENCY CAKESTAND 3 TIER,United Kingdom
511886,22427,ENAMEL FLOWER JUG CREAM,United Kingdom
511886,22429,ENAMEL MEASURING JUG CREAM,United Kingdom
511886,22464,HANGING METAL HEART LANTERN,United Kingdom
511886,22465,HANGING METAL STAR LANTERN,United Kingdom
511886,22488,NATURAL SLATE RECTANGLE CHALKBOARD,United Kingdom
511886,71477,COLOUR GLASS. STAR T-LIGHT HOLDER,United Kingdom
511886,84078A,SET/4 WHITE RETRO STORAGE CUBES,United Kingdom
511886,84406B,CREAM CUPID HEARTS COAT HANGER,United Kingdom
511886,84792,ENCHANTED BIRD COATHANGER 5 HOOK,United Kingdom
511886,84849B,FAIRY SOAP SOAP HOLDER,United Kingdom
511886,85063,CREAM SWEETHEART MAGAZINE RACK,United Kingdom
512229,22300,COFFEE MUG DOG + BALL DESIGN,United Kingdom
512229,22301,COFFEE MUG CAT + BIRD DESIGN,United Kingdom
512229,22435,SET OF 9 HEART SHAPED BALLOONS,United Kingdom
512229,22606,WOODEN SKITTLES GARDEN SET,United Kingdom
512229,22624,IVORY KITCHEN SCALES,United Kingdom
512229,22646,CERAMIC STRAWBERRY CAKE MONEY BANK,United Kingdom
512229,48197,DOOR MAT BIRD ON THE WIRE,United Kingdom
512229,75131,METAL TUBE CHIME ON BAMBOO,United Kingdom
512229,77079,DOLPHIN WINDMILL,United Kingdom
512229,84709A,SILVER OVAL JEWELLED MIRROR,United Kingdom
512229,84709B,PINK OVAL JEWELLED MIRROR,United Kingdom
512229,84791,GINGHAM HEART DECORATION,United Kingdom
512262,16052,TEATIME PUSH DOWN RUBBER,United Kingdom
512262,16161P,WRAP ENGLISH ROSE,United Kingdom
512262,20702,PINK PADDED MOBILE,United Kingdom
512262,20703,BLUE PADDED SOFT MOBILE,United Kingdom
512262,20723,STRAWBERRY CHARLOTTE BAG,United Kingdom
512262,20724,RED SPOTTY CHARLOTTE BAG,United Kingdom
512262,20973,12 PENCIL SMALL TUBE WOODLAND,United Kingdom
512262,20974,12 PENCILS SMALL TUBE SKULL,United Kingdom
512262,20975,12 PENCILS SMALL TUBE RED SPOTTY,United Kingdom
512262,20976,12 PENCILS SMALL TUBE POSY,United Kingdom
512262,21078,SET/20 STRAWBERRY PAPER NAPKINS,United Kingdom
512262,21080,SET/20 RED SPOTTY PAPER NAPKINS,United Kingdom
512262,21156,RED SPOTTY CHILDS APRON,United Kingdom
512262,21381,MINI WOODEN HAPPY BIRTHDAY GARLAND,United Kingdom
512262,21429,RED GINGHAM ROSE JEWELLERY BOX,United Kingdom
512262,21431,GREEN GINGHAM FLOWER JEWELLERY BOX,United Kingdom
512262,21507,"ELEPHANT, BIRTHDAY CARD,",United Kingdom
512262,21508,VINTAGE KID DOLLY CARD,United Kingdom
512262,21509,COWBOYS AND INDIANS BIRTHDAY CARD,United Kingdom
512262,21790,VINTAGE SNAP CARDS,United Kingdom
512262,21791,VINTAGE HEADS AND TAILS CARD GAME,United Kingdom
512262,21878,PACK OF 6 SANDCASTLE FLAGS ASSORTED,United Kingdom
512262,21878,PACK OF 6 SANDCASTLE FLAGS ASSORTED,United Kingdom
512262,21899,"KEY FOB , GARAGE DESIGN",United Kingdom
512262,21900,"KEY FOB , SHED",United Kingdom
512262,21901,"KEY FOB , BACK DOOR",United Kingdom
512262,21902,"KEY FOB , FRONT  DOOR",United Kingdom
512262,21916,SET 12 RETRO WHITE CHALK STICKS,United Kingdom
512262,21917,SET 12 KIDS  WHITE CHALK STICKS,United Kingdom
512262,21918,SET 12 KIDS COLOUR  CHALK STICKS,United Kingdom
512262,22025,RING OF ROSES BIRTHDAY CARD,United Kingdom
512262,22027,TEA PARTY BIRTHDAY CARD,United Kingdom
512262,22052,VINTAGE CARAVAN GIFT WRAP,United Kingdom
512262,22083,PAPER CHAIN KIT RETRO SPOT,United Kingdom
512262,22084,PAPER CHAIN KIT EMPIRE,United Kingdom
512262,22354,RETROSPOT PADDED SEAT CUSHION,United Kingdom
512262,22356,CHARLOTTE BAG PINK WITH WHITE SPOTS,United Kingdom
512262,22444,GROW YOUR OWN PLANT IN A CAN,United Kingdom
512262,22469,HEART OF WICKER SMALL,United Kingdom
512262,22470,HEART OF WICKER LARGE,United Kingdom
512262,22498,WOODEN REGATTA BUNTING,United Kingdom
512262,22645,CERAMIC HEART FAIRY CAKE MONEY BANK,United Kingdom
512262,22645,CERAMIC HEART FAIRY CAKE MONEY BANK,United Kingdom
512262,22646,CERAMIC STRAWBERRY CAKE MONEY BANK,United Kingdom
512262,22650,CERAMIC PIRATE CHEST MONEY BANK,United Kingdom
512262,22712,CARD DOLLY GIRL,United Kingdom
512262,47591C,BLUE FAIRY CAKE CHILD'S APRON,United Kingdom
512262,47592B,SCOTTIES DESIGN CHILD'S OVERALL,United Kingdom
512262,71459,HANGING JAM JAR T-LIGHT HOLDER,United Kingdom
512262,75131,METAL TUBE CHIME ON BAMBOO,United Kingdom
512262,82482,WOODEN PICTURE FRAME WHITE FINISH,United Kingdom
512262,82483,WOOD 2 DRAWER CABINET WHITE FINISH,United Kingdom
512262,82486,WOOD S/3 CABINET ANT WHITE FINISH,United Kingdom
512262,82494L,WOODEN FRAME ANTIQUE WHITE,United Kingdom
512262,84077,WORLD WAR 2 GLIDERS ASSTD DESIGNS,United Kingdom
512262,84270,ASSTD DESIGN BUBBLE GUM RING,United Kingdom
512262,84406B,CREAM CUPID HEARTS COAT HANGER,United Kingdom
512262,84497,BUTTONS AND STRIPES NOTEBOOK,United Kingdom
512262,84520B,PACK 20 ENGLISH ROSE PAPER NAPKINS,United Kingdom
512262,84535B,FAIRY CAKES NOTEBOOK A6 SIZE,United Kingdom
512262,84536A,ENGLISH ROSE NOTEBOOK A7 SIZE,United Kingdom
512262,84670,JAPANESE CROCHETED ANIMAL,United Kingdom
512262,84687,BEACH HUT SHELF W 3 DRAWERS,United Kingdom
512262,84688,BEACH HUT DESIGN BLACKBOARD,United Kingdom
512262,84755,COLOUR GLASS T-LIGHT HOLDER HANGING,United Kingdom
512262,84791,GINGHAM HEART DECORATION,United Kingdom
512262,84849B,FAIRY SOAP SOAP HOLDER,United Kingdom
512262,84849D,HOT BATHS SOAP HOLDER,United Kingdom
512262,85064,CREAM SWEETHEART LETTER RACK,United Kingdom
512262,85123A,WHITE HANGING HEART T-LIGHT HOLDER,United Kingdom
512262,90214C,"LETTER ""C"" BLING KEY RING",United Kingdom
512262,90214E,"LETTER ""E"" BLING KEY RING",United Kingdom
512316,21765,HANGING METAL BIRD BATH,United Kingdom
512316,22465,HANGING METAL STAR LANTERN,United Kingdom
512316,22499,WOODEN UNION JACK BUNTING,United Kingdom
512316,72760B,VINTAGE CREAM 3 BASKET CAKE STAND,United Kingdom
512407,15056BL,EDWARDIAN PARASOL BLACK,United Kingdom
512407,15056N,EDWARDIAN PARASOL NATURAL,United Kingdom
512407,20750,RED/WHITE DOT MINI CASES,United Kingdom
512407,21390,FILIGRIS HEART WITH BUTTERFLY,United Kingdom
512407,21621,VINTAGE UNION JACK BUNTING,United Kingdom
512407,22077,6 RIBBONS RUSTIC CHARM,United Kingdom
512407,22084,PAPER CHAIN KIT EMPIRE,United Kingdom
512407,22087,PAPER BUNTING WHITE LACE,United Kingdom
512407,22296,HEART IVORY TRELLIS LARGE,United Kingdom
512407,22297,HEART IVORY TRELLIS SMALL,United Kingdom
512407,22611,VINTAGE UNION JACK SHOPPING BAG,United Kingdom
512407,22622,BOX OF VINTAGE ALPHABET BLOCKS,United Kingdom
512407,85014A,BLACK/BLUE DOTS RUFFLED UMBRELLA,United Kingdom
512407,85014B,RED/WHITE DOTS RUFFLED UMBRELLA,United Kingdom
512651,21216,"SET 3 RED SPOT TIN TEA,COFFEE,SUGAR",United Kingdom
512651,21218,RED SPOTTY BISCUIT TIN,United Kingdom
512651,21231,SWEETHEART CERAMIC TRINKET BOX,United Kingdom
512651,21535,RED RETROSPOT SMALL MILK JUG,United Kingdom
512651,21733,RED HANGING HEART T-LIGHT HOLDER,United Kingdom
512651,21844,RED RETROSPOT MUG,United Kingdom
512651,21870,I CAN ONLY PLEASE ONE PERSON MUG,United Kingdom
512651,22072,RED RETROSPOT TEA CUP AND SAUCER,United Kingdom
512651,22073,RED RETROSPOT STORAGE JAR,United Kingdom
512651,22156,HEART DECORATION WITH PEARLS,United Kingdom
512651,22158,3 HEARTS HANGING DECORATION RUSTIC,United Kingdom
512651,22285,"DECORATION HEN ON NEST, HANGING",United Kingdom
512651,22294,HEART FILIGREE DOVE  SMALL,United Kingdom
512651,22464,HANGING METAL HEART LANTERN,United Kingdom
512651,22465,HANGING METAL STAR LANTERN,United Kingdom
512651,22509,SEWING BOX RETROSPOT DESIGN,United Kingdom
512651,22637,PIGGY BANK RETROSPOT,United Kingdom
512651,22645,CERAMIC HEART FAIRY CAKE MONEY BANK,United Kingdom
512651,22650,CERAMIC PIRATE CHEST MONEY BANK,United Kingdom
512651,84970L,SINGLE HEART ZINC T-LIGHT HOLDER,United Kingdom
512651,84970S,HANGING HEART ZINC T-LIGHT HOLDER,United Kingdom
512651,84971S,SMALL HEART FLOWERS HOOK,United Kingdom
512698,22418,10 COLOUR SPACEBOY PEN,EIRE
512698,22489,PACK OF 12 TRADITIONAL CRAYONS,EIRE
512698,22622,BOX OF VINTAGE ALPHABET BLOCKS,EIRE
512698,22623,BOX OF VINTAGE JIGSAW BLOCKS,EIRE
512922,21319,GLASS CHALICE GREEN  SMALL,United Kingdom
512922,21688,SILVER PLATE CANDLE BOWL SMALL,United Kingdom
512922,21695,SMALL SILVER FLOWER CANDLE POT,United Kingdom
512922,22427,ENAMEL FLOWER JUG CREAM,United Kingdom
512922,79029,GLASS HONEYPOT WASP CATCHER,United Kingdom
512922,84949,SILVER HANGING T-LIGHT HOLDER,United Kingdom
512922,90046,WHITE WITH METAL BAG CHARM,United Kingdom
512922,90185B,AMETHYST DIAMANTE EXPANDABLE RING,United Kingdom
512922,90210A,GREY ACRYLIC FACETED BANGLE,United Kingdom
512952,15058C,ICE CREAM DESIGN GARDEN PARASOL,United Kingdom
512952,17165D,ASS COL LARGE SAND FROG P'WEIGHT,United Kingdom
512952,17165D,ASS COL LARGE SAND FROG P'WEIGHT,United Kingdom
512952,17181,CIRCLE OF FRIENDS CANDLE HOLDER,United Kingdom
512952,20685,DOOR MAT RED SPOT,United Kingdom
512952,20685,DOOR MAT RED SPOT,United Kingdom
512952,20713,JUMBO BAG OWLS,United Kingdom
512952,20725,LUNCH BAG RED SPOTTY,United Kingdom
512952,20828,GLITTER BUTTERFLY CLIPS,United Kingdom
512952,21165,BEWARE OF THE CAT METAL SIGN,United Kingdom
512952,21166,COOK WITH WINE METAL SIGN,United Kingdom
512952,21174,POTTERING IN THE SHED METAL SIGN,United Kingdom
512952,21539,RED RETROSPOT BUTTER DISH,United Kingdom
512952,21904,HOUSE WRECKING METAL SIGN,United Kingdom
512952,21907,I'M ON HOLIDAY METAL SIGN,United Kingdom
512952,21931,JUMBO STORAGE BAG SUKI,United Kingdom
512952,22099,CARAVAN SQUARE TISSUE BOX,United Kingdom
512952,22117,METAL SIGN HER DINNER IS SERVED,United Kingdom
512952,22224,WHITE LOVEBIRD LANTERN,United Kingdom
512952,22378,WALL TIDY RETROSPOT,United Kingdom
512952,22383,LUNCH BAG SUKI  DESIGN,United Kingdom
512952,22384,LUNCH BAG PINK RETROSPOT,United Kingdom
512952,22386,JUMBO BAG PINK WITH WHITE SPOTS,United Kingdom
512952,22413,METAL SIGN TAKE IT OR LEAVE IT,United Kingdom
512952,37448,CERAMIC CAKE DESIGN SPOTTED MUG,United Kingdom
512952,48138,DOOR MAT UNION FLAG,United Kingdom
512952,48188,DOOR MAT WELCOME PUPPIES,United Kingdom
512952,84924D,LA PALMIERA METAL SIGN CALENDAR,United Kingdom
512952,85099B,JUMBO BAG RED RETROSPOT,United Kingdom
512952,85099C,JUMBO  BAG BAROQUE BLACK WHITE,United Kingdom
512952,85099F,JUMBO BAG STRAWBERRY,United Kingdom
512952,85152,HAND OVER THE CHOCOLATE   SIGN,United Kingdom
512952,85231G,ORANGE SCENTED SET/9 T-LIGHTS,United Kingdom
513017,22424,ENAMEL BREAD BIN CREAM,United Kingdom
513017,22425,ENAMEL COLANDER CREAM,United Kingdom
513017,22427,ENAMEL FLOWER JUG CREAM,United Kingdom
513017,22429,ENAMEL MEASURING JUG CREAM,United Kingdom
513124,21274,EMBOSSED HEART 3 DRAWER SHELF,United Kingdom
513124,21418,STARFISH SOAP DISH,United Kingdom
513124,21474,SWEETHEART CREAM STEEL FOLDIN BENCH,United Kingdom
513124,21790,VINTAGE SNAP CARDS,United Kingdom
513124,21911,GARDEN METAL SIGN,United Kingdom
513124,21912,VINTAGE SNAKES & LADDERS,United Kingdom
513124,22460,EMBOSSED GLASS TEALIGHT HOLDER,United Kingdom
513124,22469,HEART OF WICKER SMALL,United Kingdom
513124,22559,SEASIDE FLYING DISC,United Kingdom
513124,82011A,"BATHROOM SCALES, TROPICAL BEACH",United Kingdom
513124,82011C,BATHROOM SCALES FOOTPRINTS IN SAND,United Kingdom
513124,84945,MULTI COLOUR SILVER T-LIGHT HOLDER,United Kingdom
513124,84950,ASSORTED COLOUR T-LIGHT HOLDER,United Kingdom
513124,84970L,SINGLE HEART ZINC T-LIGHT HOLDER,United Kingdom
513124,84970S,HANGING HEART ZINC T-LIGHT HOLDER,United Kingdom
513124,85066,CREAM SWEETHEART MINI CHEST,United Kingdom
513124,85123A,WHITE HANGING HEART T-LIGHT HOLDER,United Kingdom
513170,20725,LUNCH BAG RED SPOTTY,United Kingdom
513170,20726,LUNCH BAG WOODLAND,United Kingdom
513170,20727,LUNCH BAG  BLACK SKULL.,United Kingdom
513170,20728,LUNCH BAG CARS BLUE,United Kingdom
513170,21544,SKULLS  WATER TRANSFER TATTOOS,United Kingdom
513170,22382,LUNCH BAG SPACEBOY DESIGN,United Kingdom
513170,22383,LUNCH BAG SUKI  DESIGN,United Kingdom
513170,22384,LUNCH BAG PINK RETROSPOT,United Kingdom
513170,22553,PLASTERS IN TIN SKULLS,United Kingdom
513170,22621,TRADITIONAL KNITTING NANCY,United Kingdom
513272,17003,BROCADE RING PURSE,United Kingdom
513272,20675,BLUE SPOTTY BOWL,United Kingdom
513272,20676,RED SPOTTY BOWL,United Kingdom
513272,47590B,PINK HAPPY BIRTHDAY BUNTING,United Kingdom
513323,20975,12 PENCILS SMALL TUBE RED SPOTTY,United Kingdom
513323,20992,JAZZ HEARTS PURSE NOTEBOOK,United Kingdom
513323,21080,SET/20 RED SPOTTY PAPER NAPKINS,United Kingdom
513323,21086,SET/6 RED SPOTTY PAPER CUPS,United Kingdom
513323,21094,SET/6 RED SPOTTY PAPER PLATES,United Kingdom
513323,21624,VINTAGE UNION JACK DOORSTOP,United Kingdom
513323,21625,VINTAGE UNION JACK APRON,United Kingdom
513323,21677,HEARTS  STICKERS,United Kingdom
513323,21679,SKULLS  STICKERS,United Kingdom
513323,22215,CAKE STAND WHITE TWO TIER LACE,United Kingdom
513323,84006,MAGIC TREE -PAPER FLOWERS,United Kingdom
513461,20711,JUMBO BAG TOYS,United Kingdom
513461,20712,JUMBO BAG WOODLAND ANIMALS,United Kingdom
513461,21424,WOODLAND STORAGE BOX LARGE,United Kingdom
513461,21425,SKULLS STORAGE BOX LARGE,United Kingdom
513461,21426,WOODLAND STORAGE BOX SMALL,United Kingdom
513461,21427,SKULLS STORAGE BOX SMALL,United Kingdom
513461,21733,RED HANGING HEART T-LIGHT HOLDER,United Kingdom
513461,21843,RED RETROSPOT CAKE STAND,United Kingdom
513461,21967,PACK OF 12 SKULL TISSUES,United Kingdom
513461,21980,PACK OF 12 RED SPOTTY TISSUES,United Kingdom
513461,21981,PACK OF 12 WOODLAND TISSUES,United Kingdom
513461,21981,PACK OF 12 WOODLAND TISSUES,United Kingdom
513461,22195,LARGE HEART MEASURING SPOONS,United Kingdom
513461,22197,SMALL POPCORN HOLDER,United Kingdom
513461,22198,LARGE POPCORN HOLDER,United Kingdom
513461,22199,FRYING PAN RED POLKADOT,United Kingdom
513461,22200,FRYING PAN PINK POLKADOT,United Kingdom
513461,22201,FRYING PAN BLUE POLKADOT,United Kingdom
513461,22321,BIRD DECORATION RED SPOT,United Kingdom
513461,37503,TEA TIME CAKE STAND IN GIFT BOX,United Kingdom
513461,40016,CHINESE DRAGON PAPER LANTERNS,United Kingdom
513461,85099B,JUMBO BAG RED RETROSPOT,United Kingdom
513461,85099F,JUMBO BAG STRAWBERRY,United Kingdom
513461,85184D,S/4 BLUE ROUND DECOUPAGE BOXES,United Kingdom
513461,M,Manual,United Kingdom
513540,20978,36 PENCILS TUBE SKULLS,United Kingdom
513540,21068,VINTAGE BILLBOARD LOVE/HATE MUG,United Kingdom
513540,21069,VINTAGE BILLBOARD TEA MUG,United Kingdom
513540,21070,VINTAGE BILLBOARD MUG,United Kingdom
513540,21071,VINTAGE BILLBOARD DRINK ME MUG,United Kingdom
513540,21108,FAIRY CAKE FLANNEL ASSORTED COLOUR,United Kingdom
513540,21171,BATHROOM METAL SIGN,United Kingdom
513540,21224,SET/4 SKULL BADGES,United Kingdom
513540,21232,STRAWBERRY CERAMIC TRINKET BOX,United Kingdom
513540,21523,DOOR MAT FANCY FONT HOME SWEET HOME,United Kingdom
513540,21577,SAVE THE PLANET COTTON TOTE BAG,United Kingdom
513540,21622,VINTAGE UNION JACK CUSHION COVER,United Kingdom
513540,21624,VINTAGE UNION JACK DOORSTOP,United Kingdom
513540,21634,ASSORTED MINI MADRAS NOTEBOOK,United Kingdom
513540,21643,ASSORTED TUTTI FRUTTI MIRROR,United Kingdom
513540,21647,ASSORTED TUTTI FRUTTI LARGE PURSE,United Kingdom
513540,21679,SKULLS  STICKERS,United Kingdom
513540,21700,BIG DOUGHNUT FRIDGE MAGNETS,United Kingdom
513540,21747,SMALL SKULL WINDMILL,United Kingdom
513540,21750,LARGE SKULL WINDMILL,United Kingdom
513540,22059,CERAMIC STRWBERRY DESIGN MUG,United Kingdom
513540,22122,SET OF 2 FANCY FONT TEA TOWELS,United Kingdom
513540,22294,HEART FILIGREE DOVE  SMALL,United Kingdom
513540,22295,HEART FILIGREE DOVE LARGE,United Kingdom
513540,22605,WOODEN CROQUET GARDEN SET,United Kingdom
513540,22607,WOODEN ROUNDERS GARDEN SET,United Kingdom
513540,37448,CERAMIC CAKE DESIGN SPOTTED MUG,United Kingdom
513540,37449,CERAMIC CAKE STAND + HANGING CAKES,United Kingdom
513540,48116,DOOR MAT MULTICOLOUR STRIPE,United Kingdom
513540,48138,DOOR MAT UNION FLAG,United Kingdom
513540,48185,DOOR MAT FAIRY CAKE,United Kingdom
513540,48187,DOOR MAT NEW ENGLAND,United Kingdom
513540,48194,DOOR MAT HEARTS,United Kingdom
513540,71459,HANGING JAM JAR T-LIGHT HOLDER,United Kingdom
513540,84836,ZINC METAL HEART DECORATION,United Kingdom
513540,84945,MULTI COLOUR SILVER T-LIGHT HOLDER,United Kingdom
513540,84970L,SINGLE HEART ZINC T-LIGHT HOLDER,United Kingdom
513540,84970S,HANGING HEART ZINC T-LIGHT HOLDER,United Kingdom
513540,85216,ASSORTED CAKES FRIDGE MAGNETS,United Kingdom
513551,21559,STRAWBERRY LUNCH BOX WITH CUTLERY,United Kingdom
513551,21621,VINTAGE UNION JACK BUNTING,United Kingdom
513551,21622,VINTAGE UNION JACK CUSHION COVER,United Kingdom
513551,21733,RED HANGING HEART T-LIGHT HOLDER,United Kingdom
513551,22076,6 RIBBONS EMPIRE,United Kingdom
513551,22076,6 RIBBONS EMPIRE,United Kingdom
513551,22077,6 RIBBONS RUSTIC CHARM,United Kingdom
513551,22089,PAPER BUNTING VINTAGE PAISLEY,United Kingdom
513551,22090,PAPER BUNTING RETRO SPOTS,United Kingdom
513551,22352,LUNCH BOX WITH CUTLERY RETROSPOT,United Kingdom
513551,22448,PIN CUSHION RUSSIAN DOLL RED,United Kingdom
513551,22451,SILK PURSE RUSSIAN DOLL RED,United Kingdom
513551,46000M,POLYESTER FILLER PAD 45x45cm,United Kingdom
513551,47590B,PINK HAPPY BIRTHDAY BUNTING,United Kingdom
513551,84773,RED ROSE AND LACE C/COVER,United Kingdom
513551,85049C,ROMANTIC PINKS RIBBONS,United Kingdom
513551,85049D,BRIGHT BLUES RIBBONS,United Kingdom
513551,85123A,WHITE HANGING HEART T-LIGHT HOLDER,United Kingdom
513551,85123A,WHITE HANGING HEART T-LIGHT HOLDER,United Kingdom
513551,85232B,SET/3 RUSSIAN DOLL STACKING TINS,United Kingdom
513649,22501,PICNIC BASKET WICKER LARGE,Netherlands
513649,22502,PICNIC BASKET WICKER SMALL,Netherlands
513649,22634,CHILDS BREAKFAST SET SPACEBOY,Netherlands
513649,22635,CHILDS BREAKFAST SET DOLLY GIRL,Netherlands
513858,20750,RED/WHITE DOT MINI CASES,United Kingdom
513858,20963,APPLE BATH SPONGE,United Kingdom
513858,20966,SANDWICH BATH SPONGE,United Kingdom
513858,21164,HOME SWEET HOME METAL SIGN,United Kingdom
513858,21472,LADYBIRD + BEE RAFFIA FOOD COVER,United Kingdom
513858,21524,DOOR MAT SPOTTY HOME SWEET HOME,United Kingdom
513858,22138,BAKING SET 9 PIECE RETROSPOT,United Kingdom
513858,22139,RETRO SPOT TEA SET CERAMIC 11 PC,United Kingdom
513858,22326,ROUND SNACK BOXES SET OF4 WOODLAND,United Kingdom
513858,22423,REGENCY CAKESTAND 3 TIER,United Kingdom
513858,22450,SILK PURSE RUSSIAN DOLL BLUE,United Kingdom
513858,22451,SILK PURSE RUSSIAN DOLL RED,United Kingdom
513858,22456,NATURAL SLATE CHALKBOARD LARGE,United Kingdom
513858,22457,NATURAL SLATE HEART CHALKBOARD,United Kingdom
513858,22465,HANGING METAL STAR LANTERN,United Kingdom
513858,22501,PICNIC BASKET WICKER LARGE,United Kingdom
513858,22508,DOORSTOP RETROSPOT HEART,United Kingdom
513858,22509,SEWING BOX RETROSPOT DESIGN,United Kingdom
513858,22605,WOODEN CROQUET GARDEN SET,United Kingdom
513858,22617,BAKING SET SPACEBOY DESIGN,United Kingdom
513858,71459,HANGING JAM JAR T-LIGHT HOLDER,United Kingdom
513956,20619,TROPICAL PASSPORT COVER,United Kingdom
513956,20657,TROPICAL LUGGAGE TAG,United Kingdom
513956,20724,RED SPOTTY CHARLOTTE BAG,United Kingdom
513956,20725,LUNCH BAG RED SPOTTY,United Kingdom
513956,20830,SILVER PHOTO FRAME,United Kingdom
513956,20831,GOLD PHOTO FRAME,United Kingdom
513956,21067,VINTAGE RED TEATIME MUG,United Kingdom
513956,21071,VINTAGE BILLBOARD DRINK ME MUG,United Kingdom
513956,21668,RED STRIPE CERAMIC DRAWER KNOB,United Kingdom
513956,21669,BLUE STRIPE CERAMIC DRAWER KNOB,United Kingdom
513956,21671,RED SPOT CERAMIC DRAWER KNOB,United Kingdom
513956,21672,WHITE SPOT RED CERAMIC DRAWER KNOB,United Kingdom
513956,21901,"KEY FOB , BACK DOOR",United Kingdom
513956,21902,"KEY FOB , FRONT  DOOR",United Kingdom
513956,21911,GARDEN METAL SIGN,United Kingdom
513956,22077,6 RIBBONS RUSTIC CHARM,United Kingdom
513956,22078,RIBBON REEL LACE DESIGN,United Kingdom
513956,22079,RIBBON REEL HEARTS DESIGN,United Kingdom
513956,22080,RIBBON REEL SPOTS DESIGN,United Kingdom
513956,22082,RIBBON REEL STRIPES DESIGN,United Kingdom
513956,22151,PLACE SETTING WHITE HEART,United Kingdom
513956,22423,REGENCY CAKESTAND 3 TIER,United Kingdom
513956,22424,ENAMEL BREAD BIN CREAM,United Kingdom
513956,22426,ENAMEL WASH BOWL CREAM,United Kingdom
513956,22427,ENAMEL FLOWER JUG CREAM,United Kingdom
513956,22428,ENAMEL FIRE BUCKET CREAM,United Kingdom
513956,22429,ENAMEL MEASURING JUG CREAM,United Kingdom
513956,22469,HEART OF WICKER SMALL,United Kingdom
513956,22470,HEART OF WICKER LARGE,United Kingdom
513956,22568,FELTCRAFT CUSHION OWL,United Kingdom
513956,37370,RETRO COFFEE MUGS ASSORTED,United Kingdom
513956,37462E,"PET MUG, GOLDFISH",United Kingdom
513956,47556B,TEA TIME TEA TOWELS,United Kingdom
513956,47559B,TEA TIME OVEN GLOVE,United Kingdom
513956,47559B,TEA TIME OVEN GLOVE,United Kingdom
513956,72760B,VINTAGE CREAM 3 BASKET CAKE STAND,United Kingdom
513956,82482,WOODEN PICTURE FRAME WHITE FINISH,United Kingdom
513956,82484,WOOD BLACK BOARD ANT WHITE FINISH,United Kingdom
513956,82494L,WOODEN FRAME ANTIQUE WHITE,United Kingdom
513956,82581,TOILET METAL SIGN,United Kingdom
513956,84406B,CREAM CUPID HEARTS COAT HANGER,United Kingdom
513956,85099B,JUMBO BAG RED RETROSPOT,United Kingdom
513956,85099C,JUMBO  BAG BAROQUE BLACK WHITE,United Kingdom
513956,85123A,WHITE HANGING HEART T-LIGHT HOLDER,United Kingdom
513956,85124A,PINK JUICY FRUIT PHOTO FRAME,United Kingdom
513956,85124B,BLUE JUICY FRUIT PHOTO FRAME,United Kingdom
513956,85124C,GREEN JUICY FRUIT PHOTO FRAME,United Kingdom
513956,85166B,BLACK METAL BAROQUE PHOTO FRAME,United Kingdom
513995,16161P,WRAP ENGLISH ROSE,Germany
513995,20754,RETRO RED SPOTTY WASHING UP GLOVES,Germany
513995,20828,GLITTER BUTTERFLY CLIPS,Germany
513995,20914,SET/5 RED SPOTTY LID GLASS BOWLS,Germany
513995,21035,SET/2 RED SPOTTY TEA TOWELS,Germany
513995,21080,SET/20 RED SPOTTY PAPER NAPKINS,Germany
513995,21154,RED SPOTTY OVEN GLOVE,Germany
513995,21217,RED SPOTTY ROUND CAKE TINS,Germany
513995,21238,RED SPOTTY CUP,Germany
513995,21498,RED SPOTS  WRAP,Germany
513995,21556,CERAMIC STRAWBERRY MONEY BOX,Germany
513995,21559,STRAWBERRY LUNCH BOX WITH CUTLERY,Germany
513995,21658,GLASS  BEURRE DISH,Germany
513995,21672,WHITE SPOT RED CERAMIC DRAWER KNOB,Germany
513995,21787,RAIN PONCHO WITH RED SPOTS,Germany
513995,21980,PACK OF 12 RED SPOTTY TISSUES,Germany
513995,22139,RETRO SPOT TEA SET CERAMIC 11 PC,Germany
513995,22169,FAMILY ALBUM WHITE PICTURE FRAME,Germany
513995,22180,RETRO SPOT LAMP,Germany
513995,22348,TEA BAG PLATE RED SPOTTY,Germany
513995,22352,LUNCH BOX WITH CUTLERY RETROSPOT,Germany
513995,22451,SILK PURSE RUSSIAN DOLL RED,Germany
513995,47504K,ENGLISH ROSE GARDEN SECATEURS,Germany
513995,79030A,"TUMBLER, ENGLISH ROSE",Germany
513995,POST,POSTAGE,Germany
514208,21136,PAINTED METAL PEARS ASSORTED,United Kingdom
514208,21316,SMALL CHUNKY GLASS ROMAN  BOWL,United Kingdom
514208,21333,CLASSIC WHITE FRAME,United Kingdom
514208,21398,RED  SPOTTY COFFEE  MUG,United Kingdom
514208,21399,BLUE  SPOTTY  COFFEE MUG,United Kingdom
514208,21498,RED SPOTS  WRAP,United Kingdom
514208,21499,BLUE SPOTS  WRAP,United Kingdom
514208,21667,GLASS CAKE COVER AND PLATE,United Kingdom
514208,21671,RED SPOT CERAMIC DRAWER KNOB,United Kingdom
514208,21673,WHITE SPOT BLUE CERAMIC DRAWER KNOB,United Kingdom
514208,21687,SILVER PLATE CANDLE BOWL LARGE,United Kingdom
514208,21692,SILVER LATTICE VANILLA CANDLE POT,United Kingdom
514208,21696,SMALL SILVER TRELLIS CANDLEPOT,United Kingdom
514208,21737,SET 3 WICKER LOG BASKETS,United Kingdom
514208,22050,PINK PAISLEY ROSE GIFT WRAP,United Kingdom
514208,22178,VICTORIAN GLASS HANGING T-LIGHT,United Kingdom
514208,22317,FIVE CATS HANGING DECORATION,United Kingdom
514208,22318,FIVE HEART HANGING DECORATION,United Kingdom
514208,22423,REGENCY CAKESTAND 3 TIER,United Kingdom
514208,84879,ASSORTED COLOUR BIRD ORNAMENT,United Kingdom
514297,22180,RETRO SPOT LAMP,United Kingdom
514297,22558,CLOTHES PEGS RETROSPOT PACK 24,United Kingdom
514297,22585,PACK OF 6 BIRDY GIFT TAGS,United Kingdom
514297,84879,ASSORTED COLOUR BIRD ORNAMENT,United Kingdom
514297,84945,MULTI COLOUR SILVER T-LIGHT HOLDER,United Kingdom
514297,84978,HANGING HEART JAR T-LIGHT HOLDER,United Kingdom
514298,84968B,S/16 VINTAGE IVORY CUTLERY,United Kingdom
514298,85067,CREAM SWEETHEART WALL CABINET,United Kingdom
514356,20724,RED SPOTTY CHARLOTTE BAG,United Kingdom
514356,20725,LUNCH BAG RED SPOTTY,United Kingdom
514356,20728,LUNCH BAG CARS BLUE,United Kingdom
514356,21156,RED SPOTTY CHILDS APRON,United Kingdom
514356,21231,SWEETHEART CERAMIC TRINKET BOX,United Kingdom
514356,21232,STRAWBERRY CERAMIC TRINKET BOX,United Kingdom
514356,21576,LETS GO SHOPPING COTTON TOTE BAG,United Kingdom
514356,21579,LOLITA  DESIGN  COTTON TOTE BAG,United Kingdom
514356,21581,SKULLS  DESIGN  COTTON TOTE BAG,United Kingdom
514356,21931,JUMBO STORAGE BAG SUKI,United Kingdom
514356,21935,SUKI  SHOULDER BAG,United Kingdom
514356,22064,PINK DOUGHNUT TRINKET POT,United Kingdom
514356,22066,LOVE HEART TRINKET POT,United Kingdom
514356,22355,CHARLOTTE BAG SUKI DESIGN,United Kingdom
514356,22367,CHILDS APRON SPACEBOY DESIGN,United Kingdom
514356,22382,LUNCH BAG SPACEBOY DESIGN,United Kingdom
514356,22385,JUMBO BAG SPACEBOY DESIGN,United Kingdom
514356,22474,SPACEBOY TV DINNER TRAY,United Kingdom
514356,22475,SKULL DESIGN TV DINNER TRAY,United Kingdom
514356,84077,WORLD WAR 2 GLIDERS ASSTD DESIGNS,United Kingdom
514356,84270,ASSTD DESIGN BUBBLE GUM RING,United Kingdom
514493,15056BL,EDWARDIAN PARASOL BLACK,United Kingdom
514493,15056N,EDWARDIAN PARASOL NATURAL,United Kingdom
514493,15056P,EDWARDIAN PARASOL PINK,United Kingdom
514493,21068,VINTAGE BILLBOARD LOVE/HATE MUG,United Kingdom
514493,21071,VINTAGE BILLBOARD DRINK ME MUG,United Kingdom
514493,21155,RED SPOTTY PEG BAG,United Kingdom
514493,21165,BEWARE OF THE CAT METAL SIGN,United Kingdom
514493,21171,BATHROOM METAL SIGN,United Kingdom
514493,21172,PARTY METAL SIGN,United Kingdom
514493,21504,SKULLS GREETING CARD,United Kingdom
514493,21508,VINTAGE KID DOLLY CARD,United Kingdom
514493,21509,COWBOYS AND INDIANS BIRTHDAY CARD,United Kingdom
514493,21519,GIN & TONIC DIET GREETING CARD,United Kingdom
514493,22023,EMPIRE BIRTHDAY CARD,United Kingdom
514493,22088,PAPER BUNTING COLOURED LACE,United Kingdom
514493,22379,RECYCLING BAG RETROSPOT,United Kingdom
514493,22380,TOY TIDY SPACEBOY,United Kingdom
514493,22382,LUNCH BAG SPACEBOY DESIGN,United Kingdom
514493,22567,20 DOLLY PEGS RETROSPOT,United Kingdom
514493,22660,DOORMAT I LOVE LONDON,United Kingdom
514493,48111,DOORMAT 3 SMILEY CATS,United Kingdom
514493,71053,WHITE METAL LANTERN,United Kingdom
514493,82482,WOODEN PICTURE FRAME WHITE FINISH,United Kingdom
514493,82483,WOOD 2 DRAWER CABINET WHITE FINISH,United Kingdom
514493,82486,WOOD S/3 CABINET ANT WHITE FINISH,United Kingdom
514493,82494L,WOODEN FRAME ANTIQUE WHITE,United Kingdom
514493,84406B,CREAM CUPID HEARTS COAT HANGER,United Kingdom
514493,84664,CHERRY BLOSSOM BATHROOM CABINET,United Kingdom
514493,84665,SQUARE CHERRY BLOSSOM CABINET,United Kingdom
514493,84879,ASSORTED COLOUR BIRD ORNAMENT,United Kingdom
514565,15056N,EDWARDIAN PARASOL NATURAL,United Kingdom
514565,21068,VINTAGE BILLBOARD LOVE/HATE MUG,United Kingdom
514565,21071,VINTAGE BILLBOARD DRINK ME MUG,United Kingdom
514565,21171,BATHROOM METAL SIGN,United Kingdom
514565,21172,PARTY METAL SIGN,United Kingdom
514565,21504,SKULLS GREETING CARD,United Kingdom
514565,21508,VINTAGE KID DOLLY CARD,United Kingdom
514565,21509,COWBOYS AND INDIANS BIRTHDAY CARD,United Kingdom
514565,21519,GIN & TONIC DIET GREETING CARD,United Kingdom
514565,22023,EMPIRE BIRTHDAY CARD,United Kingdom
514565,22088,PAPER BUNTING COLOURED LACE,United Kingdom
514565,22379,RECYCLING BAG RETROSPOT,United Kingdom
514565,22380,TOY TIDY SPACEBOY,United Kingdom
514565,22382,LUNCH BAG SPACEBOY DESIGN,United Kingdom
514565,22567,20 DOLLY PEGS RETROSPOT,United Kingdom
514565,22660,DOORMAT I LOVE LONDON,United Kingdom
514565,48111,DOORMAT 3 SMILEY CATS,United Kingdom
514565,71053,WHITE METAL LANTERN,United Kingdom
514565,82482,WOODEN PICTURE FRAME WHITE FINISH,United Kingdom
514565,82483,WOOD 2 DRAWER CABINET WHITE FINISH,United Kingdom
514565,82486,WOOD S/3 CABINET ANT WHITE FINISH,United Kingdom
514565,82494L,WOODEN FRAME ANTIQUE WHITE,United Kingdom
514565,84406B,CREAM CUPID HEARTS COAT HANGER,United Kingdom
514565,84664,CHERRY BLOSSOM BATHROOM CABINET,United Kingdom
514565,84879,ASSORTED COLOUR BIRD ORNAMENT,United Kingdom
514599,21202,DOLLY HONEYCOMB GARLAND,Japan
514599,21203,BUTTERFLIES  HONEYCOMB GARLAND,Japan
514599,21204,DAISIES  HONEYCOMB GARLAND,Japan
514599,21207,SKULL AND CROSSBONES  GARLAND,Japan
514599,21291,SMALL SPOTTY CHOCOLATE GIFT BAG,Japan
514599,21348,PINK SPOTS CHOCOLATE NESTING BOXES,Japan
514599,22079,RIBBON REEL HEARTS DESIGN,Japan
514599,22080,RIBBON REEL SPOTS DESIGN,Japan
514599,22081,RIBBON REEL FLORA + FAUNA,Japan
514599,22085,PAPER CHAIN KIT SKULLS,Japan
514682,20675,BLUE SPOTTY BOWL,Germany
514682,20677,PINK SPOTTY BOWL,Germany
514682,21239,PINK  SPOTTY CUP,Germany
514682,21240,BLUE  SPOTTY CUP,Germany
514682,21243,PINK  SPOTTY PLATE,Germany
514682,21244,BLUE  SPOTTY PLATE,Germany
514682,21246,RED SPOTTY BIG BOWL,Germany
514682,21429,RED GINGHAM ROSE JEWELLERY BOX,Germany
514682,21481,FAWN BLUE HOT WATER BOTTLE,Germany
514682,21578,WOODLAND DESIGN  COTTON TOTE BAG,Germany
514682,22202,MILK PAN PINK RETROSPOT,Germany
514682,22329,ROUND CONTAINER SET OF 5 RETROSPOT,Germany
514682,22567,20 DOLLY PEGS RETROSPOT,Germany
514682,22625,RED KITCHEN SCALES,Germany
514682,22627,MINT KITCHEN SCALES,Germany
514682,22628,PICNIC BOXES SET OF 3 RETROSPOT,Germany
514682,22630,DOLLY GIRL LUNCH BOX,Germany
514682,22635,CHILDS BREAKFAST SET DOLLY GIRL,Germany
514682,35809A,ENAMEL PINK TEA CONTAINER,Germany
514682,37447,CERAMIC CAKE DESIGN SPOTTED PLATE,Germany
514682,37448,CERAMIC CAKE DESIGN SPOTTED MUG,Germany
514682,47570B,TEA TIME TABLE CLOTH,Germany
514682,84520B,PACK 20 ENGLISH ROSE PAPER NAPKINS,Germany
514682,84818,DANISH ROSE PHOTO FRAME,Germany
514682,84819,DANISH ROSE ROUND SEWING BOX,Germany
514682,84840,SWEETHEART CARRY-ALL BASKET,Germany
514682,84912A,PINK ROSE WASHBAG,Germany
514682,84913A,SOFT PINK ROSE TOWEL,Germany
514682,85014B,RED/WHITE DOTS RUFFLED UMBRELLA,Germany
514682,POST,POSTAGE,Germany
515016,16216,LETTER SHAPE PENCIL SHARPENER,United Kingdom
515016,20652,BLUE SPOTTY LUGGAGE TAG,United Kingdom
515016,20653,CHERRY BLOSSOM LUGGAGE TAG,United Kingdom
515016,20654,FIRST CLASS LUGGAGE TAG,United Kingdom
515016,20655,QUEEN OF SKIES LUGGAGE TAG,United Kingdom
515016,20657,TROPICAL LUGGAGE TAG,United Kingdom
515016,20658,RED SPOTTY LUGGAGE TAG,United Kingdom
515016,20659,ECONOMY LUGGAGE TAG,United Kingdom
515016,20660,VIP LUGGAGE TAG,United Kingdom
515016,20669,RED HEART LUGGAGE TAG,United Kingdom
515016,20726,LUNCH BAG WOODLAND,United Kingdom
515016,20914,SET/5 RED SPOTTY LID GLASS BOWLS,United Kingdom
515016,20960,WATERMELON BATH SPONGE,United Kingdom
515016,20961,STRAWBERRY BATH SPONGE,United Kingdom
515016,20963,APPLE BATH SPONGE,United Kingdom
515016,20966,SANDWICH BATH SPONGE,United Kingdom
515016,20976,12 PENCILS SMALL TUBE POSY,United Kingdom
515016,20978,36 PENCILS TUBE SKULLS,United Kingdom
515016,20979,36 PENCILS TUBE RED SPOTTY,United Kingdom
515016,20980,36 PENCILS TUBE POSY,United Kingdom
515016,20982,12 PENCILS TALL TUBE SKULLS,United Kingdom
515016,20983,12 PENCILS TALL TUBE RED SPOTTY,United Kingdom
515016,21107,CREAM SLICE FLANNEL PINK SPOT,United Kingdom
515016,21109,"LARGE CAKE TOWEL, CHOCOLATE SPOTS",United Kingdom
515016,21110,LARGE CAKE TOWEL PINK SPOTS,United Kingdom
515016,21111,"SWISS ROLL TOWEL, CHOCOLATE  SPOTS",United Kingdom
515016,21112,"SWISS ROLL TOWEL, PINK  SPOTS",United Kingdom
515016,21156,RED SPOTTY CHILDS APRON,United Kingdom
515016,21169,YOU'RE CONFUSING ME METAL SIGN,United Kingdom
515016,21272,SALLE DE BAIN HOOK,United Kingdom
515016,21360,JOY LARGE WOOD LETTERS,United Kingdom
515016,21361,LOVE LARGE WOOD LETTERS,United Kingdom
515016,21363,HOME SMALL WOOD LETTERS,United Kingdom
515016,21364,PEACE SMALL WOOD LETTERS,United Kingdom
515016,21795,SET OF 3 BLUE STRIPE BASKET,United Kingdom
515016,21796,SET OF 3 RED STRIPE BASKETS,United Kingdom
515016,21866,UNION JACK FLAG LUGGAGE TAG,United Kingdom
515016,21928,JUMBO BAG SCANDINAVIAN PAISLEY,United Kingdom
515016,21929,JUMBO BAG PINK VINTAGE PAISLEY,United Kingdom
515016,21931,JUMBO STORAGE BAG SUKI,United Kingdom
515016,21980,PACK OF 12 RED SPOTTY TISSUES,United Kingdom
515016,21981,PACK OF 12 WOODLAND TISSUES,United Kingdom
515016,21983,PACK OF 12 BLUE PAISLEY TISSUES,United Kingdom
515016,21984,PACK OF 12 PINK PAISLEY TISSUES,United Kingdom
515016,22089,PAPER BUNTING VINTAGE PAISLEY,United Kingdom
515016,22328,ROUND SNACK BOXES SET OF 4 FRUITS,United Kingdom
515016,22367,CHILDS APRON SPACEBOY DESIGN,United Kingdom
515016,22382,LUNCH BAG SPACEBOY DESIGN,United Kingdom
515016,22385,JUMBO BAG SPACEBOY DESIGN,United Kingdom
515016,22424,ENAMEL BREAD BIN CREAM,United Kingdom
515016,22558,CLOTHES PEGS RETROSPOT PACK 24,United Kingdom
515016,22628,PICNIC BOXES SET OF 3 RETROSPOT,United Kingdom
515016,22634,CHILDS BREAKFAST SET SPACEBOY,United Kingdom
515016,22635,CHILDS BREAKFAST SET DOLLY GIRL,United Kingdom
515016,47568,ENGLISH ROSE DESIGN PEG BAG,United Kingdom
515016,47592A,CAROUSEL DES CHILD'S OVERALL,United Kingdom
515016,51014A,"FEATHER PEN,HOT PINK",United Kingdom
515016,51014C,"FEATHER PEN,COAL BLACK",United Kingdom
515016,85099B,JUMBO BAG RED RETROSPOT,United Kingdom
515016,85150,LADIES & GENTLEMEN METAL SIGN,United Kingdom
515016,85152,HAND OVER THE CHOCOLATE   SIGN,United Kingdom
515114,15044A,PINK PAPER PARASOL,United Kingdom
515114,15044D,RED PAPER PARASOL,United Kingdom
515114,15056N,EDWARDIAN PARASOL NATURAL,United Kingdom
515114,21380,WOODEN HAPPY BIRTHDAY GARLAND,United Kingdom
515114,21381,MINI WOODEN HAPPY BIRTHDAY GARLAND,United Kingdom
515114,21621,VINTAGE UNION JACK BUNTING,United Kingdom
515114,21781,MA CAMPAGNE CUTLERY BOX,United Kingdom
515114,21955,DOORMAT UNION JACK GUNS AND ROSES,United Kingdom
515114,22088,PAPER BUNTING COLOURED LACE,United Kingdom
515114,22089,PAPER BUNTING VINTAGE PAISLEY,United Kingdom
515114,22090,PAPER BUNTING RETRO SPOTS,United Kingdom
515114,22366,DOORMAT AIRMAIL,United Kingdom
515114,22423,REGENCY CAKESTAND 3 TIER,United Kingdom
515114,22424,ENAMEL BREAD BIN CREAM,United Kingdom
515114,22427,ENAMEL FLOWER JUG CREAM,United Kingdom
515114,22660,DOORMAT I LOVE LONDON,United Kingdom
515114,47590B,PINK HAPPY BIRTHDAY BUNTING,United Kingdom
515114,48103,DOORMAT KISS MY.......,United Kingdom
515114,48184,DOORMAT ENGLISH ROSE,United Kingdom
515114,48187,DOORMAT NEW ENGLAND,United Kingdom
515114,84279P,CHERRY BLOSSOM  DECORATIVE FLASK,United Kingdom
515118,20702,PINK PADDED MOBILE,Portugal
515118,20703,BLUE PADDED SOFT MOBILE,Portugal
515118,20750,RED/WHITE DOT MINI CASES,Portugal
515118,21042,RED SPOTTY APRON,Portugal
515118,21054,NURSE'S BAG SOFT TOY,Portugal
515118,21055,TOOL BOX SOFT TOY,Portugal
515118,21156,RED SPOTTY CHILDS APRON,Portugal
515118,21218,RED SPOTTY BISCUIT TIN,Portugal
515118,21232,STRAWBERRY CERAMIC TRINKET BOX,Portugal
515118,21452,TOADSTOOL MONEY BOX,Portugal
515118,21579,LOLITA  DESIGN  COTTON TOTE BAG,Portugal
515118,22317,FIVE CATS HANGING DECORATION,Portugal
515118,22320,BIRDS MOBILE VINTAGE DESIGN,Portugal
515118,22505,MEMO BOARD COTTAGE DESIGN,Portugal
515118,22637,PIGGY BANK RETROSPOT,Portugal
515118,POST,POSTAGE,Portugal
515141,21792,CLASSIC FRENCH STYLE BASKET GREEN,United Kingdom
515141,22197,SMALL POPCORN HOLDER,United Kingdom
515141,22198,LARGE POPCORN HOLDER,United Kingdom
515141,22275,WEEKEND BAG VINTAGE ROSE PAISLEY,United Kingdom
515141,22276,WASH BAG VINTAGE ROSE PAISLEY,United Kingdom
515141,22296,HEART IVORY TRELLIS LARGE,United Kingdom
515141,22325,MOBILE VINTAGE HEARTS,United Kingdom
515141,22410,MONEY BOX HOUSEKEEPING DESIGN,United Kingdom
515141,22470,HEART OF WICKER LARGE,United Kingdom
515141,84212,"ASSORTED FLOWER COLOUR ""LEIS""",United Kingdom
515330,20711,JUMBO BAG TOYS,United Kingdom
515330,21212,PACK OF 72 RETRO SPOT CAKE CASES,United Kingdom
515330,21621,VINTAGE UNION JACK BUNTING,United Kingdom
515330,21653,GLASS ETCHED T-LIGHT HOLDER LARGE,United Kingdom
515330,21670,BLUE SPOT CERAMIC DRAWER KNOB,United Kingdom
515330,21670,BLUE SPOT CERAMIC DRAWER KNOB,United Kingdom
515330,21671,RED SPOT CERAMIC DRAWER KNOB,United Kingdom
515330,21672,WHITE SPOT RED CERAMIC DRAWER KNOB,United Kingdom
515330,21673,WHITE SPOT BLUE CERAMIC DRAWER KNOB,United Kingdom
515330,21878,PACK OF 6 SANDCASTLE FLAGS ASSORTED,United Kingdom
515330,21932,SCANDINAVIAN PAISLEY PICNIC BAG,United Kingdom
515330,21936,RED RETROSPOT PICNIC BAG,United Kingdom
515330,21975,PACK OF 60 DINOSAUR CAKE CASES,United Kingdom
515330,21976,PACK OF 60 MUSHROOM CAKE CASES,United Kingdom
515330,22088,PAPER BUNTING COLOURED LACE,United Kingdom
515330,22109,FULL ENGLISH BREAKFAST PLATE,United Kingdom
515330,22139,RETRO SPOT TEA SET CERAMIC 11 PC,United Kingdom
515330,22175,PINK OWL SOFT TOY,United Kingdom
515330,22178,VICTORIAN GLASS HANGING T-LIGHT,United Kingdom
515330,22196,SMALL HEART MEASURING SPOONS,United Kingdom
515330,22198,LARGE POPCORN HOLDER,United Kingdom
515330,22200,FRYING PAN PINK POLKADOT,United Kingdom
515330,22202,MILK PAN PINK RETROSPOT,United Kingdom
515330,22207,FRYING PAN UNION FLAG,United Kingdom
515330,22231,JIGSAW TREE WITH BIRDHOUSE,United Kingdom
515330,22233,JIGSAW RABBIT AND BIRDHOUSE,United Kingdom
515330,22245,"HOOK, 1 HANGER ,MAGIC GARDEN",United Kingdom
515330,22251,BIRDHOUSE DECORATION MAGIC GARDEN,United Kingdom
515330,22275,WEEKEND BAG VINTAGE ROSE PAISLEY,United Kingdom
515330,22278,OVERNIGHT BAG VINTAGE ROSE PAISLEY,United Kingdom
515330,22318,FIVE HEART HANGING DECORATION,United Kingdom
515330,22325,MOBILE VINTAGE HEARTS,United Kingdom
515330,22328,ROUND SNACK BOXES SET OF 4 FRUITS,United Kingdom
515330,22348,TEA BAG PLATE RED SPOTTY,United Kingdom
515330,22410,MONEY BOX HOUSEKEEPING DESIGN,United Kingdom
515330,22411,JUMBO SHOPPER VINTAGE RED PAISLEY,United Kingdom
515330,22417,PACK OF 60 SPACEBOY CAKE CASES,United Kingdom
515330,22435,SET OF 9 HEART SHAPED BALLOONS,United Kingdom
515330,22493,PAINT YOUR OWN CANVAS SET,United Kingdom
515330,22502,PICNIC BASKET WICKER SMALL,United Kingdom
515330,22521,CHILDS GARDEN TROWEL PINK,United Kingdom
515330,22523,CHILDS GARDEN FORK PINK,United Kingdom
515330,22528,GARDENERS KNEELING PAD,United Kingdom
515330,22551,PLASTERS IN TIN SPACEBOY,United Kingdom
515330,22554,PLASTERS IN TIN WOODLAND ANIMALS,United Kingdom
515330,22555,PLASTERS IN TIN STRONGMAN,United Kingdom
515330,22616,PACK OF 12 LONDON TISSUES,United Kingdom
515330,22659,LUNCH BOX I LOVE LONDON,United Kingdom
515330,22665,RECIPE BOX BLUE SKETCHBOOK DESIGN,United Kingdom
515330,22666,RECIPE BOX PANTRY YELLOW DESIGN,United Kingdom
515330,35981C,WHITE SNOW SCANDINAVIAN STOCKING,United Kingdom
515330,47013A,WINE BOTTLE DRESSING LT.BLUE,United Kingdom
515330,47013C,WINE BOTTLE DRESSING DARK BLUE,United Kingdom
515330,47013C,WINE BOTTLE DRESSING DARK BLUE,United Kingdom
515330,48194,DOORMAT HEARTS,United Kingdom
515330,62096A,PINK/YELLOW FLOWERS HANDBAG,United Kingdom
515330,62096B,PURPLE/TURQ FLOWERS HANDBAG,United Kingdom
515330,79321,CHILLI LIGHTS,United Kingdom
515330,84050,PINK HEART SHAPE EGG FRYING PAN,United Kingdom
515330,84406B,CREAM CUPID HEARTS COAT HANGER,United Kingdom
515330,84912B,GREEN ROSE WASHBAG,United Kingdom
515330,84992,72 SWEETHEART FAIRY CAKE CASES,United Kingdom
515330,85217,ASSORTED ICE CREAM FRIDGE MAGNETS,United Kingdom
515419,84078A,SET/4 WHITE RETRO STORAGE CUBES,United Kingdom
515424,21897,POTTING SHED CANDLE CITRONELLA,United Kingdom
515424,22061,LARGE CAKE STAND  HANGING STRAWBERY,United Kingdom
515424,22178,VICTORIAN GLASS HANGING T-LIGHT,United Kingdom
515424,22221,CAKE STAND LOVEBIRD 2 TIER PINK,United Kingdom
515424,22423,REGENCY CAKESTAND 3 TIER,United Kingdom
515424,72760B,VINTAGE CREAM 3 BASKET CAKE STAND,United Kingdom
515458,15056N,EDWARDIAN PARASOL NATURAL,United Kingdom
515458,20685,DOORMAT RED SPOT,United Kingdom
515458,20725,LUNCH BAG RED SPOTTY,United Kingdom
515458,20914,SET/5 RED SPOTTY LID GLASS BOWLS,United Kingdom
515458,21931,JUMBO STORAGE BAG SUKI,United Kingdom
515458,22411,JUMBO SHOPPER VINTAGE RED PAISLEY,United Kingdom
515458,22628,PICNIC BOXES SET OF 3 RETROSPOT,United Kingdom
515458,84212,"ASSORTED FLOWER COLOUR ""LEIS""",United Kingdom
515533,20717,STRAWBERRY SHOPPER BAG,United Kingdom
515533,20718,RED SPOTTY SHOPPER BAG,United Kingdom
515533,20973,12 PENCIL SMALL TUBE WOODLAND,United Kingdom
515533,21174,POTTERING IN THE SHED METAL SIGN,United Kingdom
515533,21212,PACK OF 72 RETRO SPOT CAKE CASES,United Kingdom
515533,21328,BALLOONS  WRITING SET,United Kingdom
515533,21428,SET3 BOOK BOX GREEN GINGHAM FLOWER,United Kingdom
515533,21429,RED GINGHAM ROSE JEWELLERY BOX,United Kingdom
515533,21430,SET/3 RED GINGHAM ROSE STORAGE BOX,United Kingdom
515533,21523,DOORMAT FANCY FONT HOME SWEET HOME,United Kingdom
515533,21622,VINTAGE UNION JACK CUSHION COVER,United Kingdom
515533,21624,VINTAGE UNION JACK DOORSTOP,United Kingdom
515533,21713,CITRONELLA CANDLE FLOWERPOT,United Kingdom
515533,21714,CITRONELLA CANDLE GARDEN POT,United Kingdom
515533,21931,JUMBO STORAGE BAG SUKI,United Kingdom
515533,22030,SWALLOWS GREETING CARD,United Kingdom
515533,22077,6 RIBBONS RUSTIC CHARM,United Kingdom
515533,22178,VICTORIAN GLASS HANGING T-LIGHT,United Kingdom
515533,22386,JUMBO BAG PINK WITH WHITE SPOTS,United Kingdom
515533,22457,NATURAL SLATE HEART CHALKBOARD,United Kingdom
515533,22488,NATURAL SLATE RECTANGLE CHALKBOARD,United Kingdom
515533,22551,PLASTERS IN TIN SPACEBOY,United Kingdom
515533,22553,PLASTERS IN TIN SKULLS,United Kingdom
515533,22554,PLASTERS IN TIN WOODLAND ANIMALS,United Kingdom
515533,22561,WOODEN SCHOOL COLOURING SET,United Kingdom
515533,47568,ENGLISH ROSE DESIGN PEG BAG,United Kingdom
515533,48187,DOORMAT NEW ENGLAND,United Kingdom
515533,82484,WOOD BLACK BOARD ANT WHITE FINISH,United Kingdom
515533,82580,BATHROOM METAL SIGN,United Kingdom
515533,84249D,FAIRY CAKE GREETINGS CARD,United Kingdom
515533,84879,ASSORTED COLOUR BIRD ORNAMENT,United Kingdom
515533,84946,ANTIQUE SILVER TEA GLASS ETCHED,United Kingdom
515533,84978,HANGING HEART JAR T-LIGHT HOLDER,United Kingdom
515533,84991,60 TEATIME FAIRY CAKE CASES,United Kingdom
515533,85099B,JUMBO BAG RED RETROSPOT,United Kingdom
515533,85099C,JUMBO  BAG BAROQUE BLACK WHITE,United Kingdom
515533,85099F,JUMBO BAG STRAWBERRY,United Kingdom
515533,85123A,WHITE HANGING HEART T-LIGHT HOLDER,United Kingdom
515533,85152,HAND OVER THE CHOCOLATE   SIGN,United Kingdom
515603,21770,OPEN CLOSED METAL SIGN,United Kingdom
515603,21908,CHOCOLATE THIS WAY METAL SIGN,United Kingdom
515603,82578,KITCHEN METAL SIGN,United Kingdom
515603,82580,BATHROOM METAL SIGN,United Kingdom
515603,82581,TOILET METAL SIGN,United Kingdom
515603,82582,AREA PATROLLED METAL SIGN,United Kingdom
515603,85150,LADIES & GENTLEMEN METAL SIGN,United Kingdom
515812,22634,CHILDS BREAKFAST SET SPACEBOY,United Kingdom
515812,22635,CHILDS BREAKFAST SET DOLLY GIRL,United Kingdom
515898,21323,HANGING MEDINA LANTERN LARGE,United Kingdom
515898,21394,RED SPOTTY BEAKER,United Kingdom
515898,21395,BLUE SPOTTY BEAKER,United Kingdom
515898,21413,PERIWINKLE T-LIGHT HOLDER,United Kingdom
515898,21795,SET OF 3 BLUE STRIPE BASKET,United Kingdom
515898,22498,WOODEN REGATTA BUNTING,United Kingdom
515898,84879,ASSORTED COLOUR BIRD ORNAMENT,United Kingdom
515927,20682,RED SPOTTY CHILDS UMBRELLA,United Kingdom
515927,20684,STRAWBERRY DREAM CHILDS UMBRELLA,United Kingdom
515927,21204,DAISIES  HONEYCOMB GARLAND,United Kingdom
515927,21206,STRAWBERRY HONEYCOMB  GARLAND,United Kingdom
515927,21746,SMALL RED RETROSPOT WINDMILL,United Kingdom
515927,22165,"DIAMANTE HEART SHAPED WALL MIRROR,",United Kingdom
515927,22165,"DIAMANTE HEART SHAPED WALL MIRROR,",United Kingdom
515927,22180,RETRO SPOT LAMP,United Kingdom
515927,22273,FELTCRAFT DOLL MOLLY,United Kingdom
515927,22274,FELTCRAFT DOLL EMILY,United Kingdom
515927,22326,ROUND SNACK BOXES SET OF4 WOODLAND,United Kingdom
515927,22417,PACK OF 60 SPACEBOY CAKE CASES,United Kingdom
515927,22492,MINI PAINT SET VINTAGE,United Kingdom
515927,22509,SEWING BOX RETROSPOT DESIGN,United Kingdom
515927,22565,FELTCRAFT HAIRBANDS PINK AND WHITE,United Kingdom
515927,22587,FELTCRAFT HAIRBAND RED AND BLUE,United Kingdom
515927,22621,TRADITIONAL KNITTING NANCY,United Kingdom
515927,22629,SPACEBOY LUNCH BOX,United Kingdom
515927,22630,DOLLY GIRL LUNCH BOX,United Kingdom
515927,22635,CHILDS BREAKFAST SET DOLLY GIRL,United Kingdom
515927,84819,DANISH ROSE ROUND SEWING BOX,United Kingdom
515927,84992,72 SWEETHEART FAIRY CAKE CASES,United Kingdom
515927,85042,ANTIQUE LILY FAIRY LIGHTS,United Kingdom
515944,21523,DOORMAT FANCY FONT HOME SWEET HOME,United Kingdom
515944,21955,DOORMAT UNION JACK GUNS AND ROSES,United Kingdom
515944,22365,DOORMAT RESPECTABLE HOUSE,United Kingdom
515944,22366,DOORMAT AIRMAIL,United Kingdom
515944,22414,DOORMAT NEIGHBOURHOOD WITCH,United Kingdom
515944,48111,DOORMAT 3 SMILEY CATS,United Kingdom
515944,48116,DOORMAT MULTICOLOUR STRIPE,United Kingdom
515944,48129,DOORMAT TOPIARY,United Kingdom
515944,48138,DOORMAT UNION FLAG,United Kingdom
515944,48173C,DOORMAT BLACK FLOCK,United Kingdom
515944,48184,DOORMAT ENGLISH ROSE,United Kingdom
515944,48185,DOORMAT FAIRY CAKE,United Kingdom
515944,48187,DOORMAT NEW ENGLAND,United Kingdom
515944,48188,DOORMAT WELCOME PUPPIES,United Kingdom
515944,48189,DOORMAT FRIENDSHIP,United Kingdom
515944,48194,DOORMAT HEARTS,United Kingdom
515944,48197,DOORMAT BIRD ON THE WIRE,United Kingdom
516001,20727,LUNCH BAG  BLACK SKULL.,United Kingdom
516001,20846,ZINC HEART LATTICE T-LIGHT HOLDER,United Kingdom
516001,20914,SET/5 RED SPOTTY LID GLASS BOWLS,United Kingdom
516001,21390,FILIGRIS HEART WITH BUTTERFLY,United Kingdom
516001,21967,PACK OF 12 SKULL TISSUES,United Kingdom
516001,84755,COLOUR GLASS T-LIGHT HOLDER HANGING,United Kingdom
516001,84832,ZINC WILLIE WINKIE  CANDLE STICK,United Kingdom
516001,84836,ZINC METAL HEART DECORATION,United Kingdom
516001,84879,ASSORTED COLOUR BIRD ORNAMENT,United Kingdom
516001,84970S,HANGING HEART ZINC T-LIGHT HOLDER,United Kingdom
516001,84971S,SMALL HEART FLOWERS HOOK,United Kingdom
516001,84991,60 TEATIME FAIRY CAKE CASES,United Kingdom
516001,84992,72 SWEETHEART FAIRY CAKE CASES,United Kingdom
516001,85123A,WHITE HANGING HEART T-LIGHT HOLDER,United Kingdom
516133,20795,LARGE BLUE PROVENCAL CERAMIC BALL,United Kingdom
516133,20914,SET/5 RED SPOTTY LID GLASS BOWLS,United Kingdom
516133,20971,PINK BLUE FELT CRAFT TRINKET BOX,United Kingdom
516133,21212,PACK OF 72 RETRO SPOT CAKE CASES,United Kingdom
516133,21213,PACK OF 72 SKULL CAKE CASES,United Kingdom
516133,21231,SWEETHEART CERAMIC TRINKET BOX,United Kingdom
516133,21232,STRAWBERRY CERAMIC TRINKET BOX,United Kingdom
516133,21272,SALLE DE BAIN HOOK,United Kingdom
516133,21385,IVORY HANGING DECORATION  HEART,United Kingdom
516133,21390,FILIGRIS HEART WITH BUTTERFLY,United Kingdom
516133,21622,VINTAGE UNION JACK CUSHION COVER,United Kingdom
516133,21624,VINTAGE UNION JACK DOORSTOP,United Kingdom
516133,22083,PAPER CHAIN KIT RETRO SPOT,United Kingdom
516133,22085,PAPER CHAIN KIT SKULLS,United Kingdom
516133,22296,HEART IVORY TRELLIS LARGE,United Kingdom
516133,22457,NATURAL SLATE HEART CHALKBOARD,United Kingdom
516133,22470,HEART OF WICKER LARGE,United Kingdom
516133,22644,CERAMIC CHERRY CAKE MONEY BANK,United Kingdom
516133,22645,CERAMIC HEART FAIRY CAKE MONEY BANK,United Kingdom
516133,22646,CERAMIC STRAWBERRY CAKE MONEY BANK,United Kingdom
516133,22649,STRAWBERRY FAIRY CAKE TEAPOT,United Kingdom
516133,22650,CERAMIC PIRATE CHEST MONEY BANK,United Kingdom
516133,47556B,TEA TIME TEA TOWELS,United Kingdom
516133,47559B,TEA TIME OVEN GLOVE,United Kingdom
516133,72760B,VINTAGE CREAM 3 BASKET CAKE STAND,United Kingdom
516133,82484,WOOD BLACK BOARD ANT WHITE FINISH,United Kingdom
516133,82486,WOOD S/3 CABINET ANT WHITE FINISH,United Kingdom
516133,84991,60 TEATIME FAIRY CAKE CASES,United Kingdom
516133,85064,CREAM SWEETHEART LETTER RACK,United Kingdom
516133,85123A,WHITE HANGING HEART T-LIGHT HOLDER,United Kingdom
516311,10125,MINI FUNKY DESIGN TAPES,United Kingdom
516311,20719,WOODLAND CHARLOTTE BAG,United Kingdom
516311,20723,STRAWBERRY CHARLOTTE BAG,United Kingdom
516311,20724,RED SPOTTY CHARLOTTE BAG,United Kingdom
516311,21527,RED RETROSPOT TRADITIONAL TEAPOT,United Kingdom
516311,21533,RETRO SPOT LARGE MILK JUG,United Kingdom
516311,21535,RED RETROSPOT SMALL MILK JUG,United Kingdom
516311,21544,SKULLS  WATER TRANSFER TATTOOS,United Kingdom
516311,21967,PACK OF 12 SKULL TISSUES,United Kingdom
516311,21982,PACK OF 12 SUKI TISSUES,United Kingdom
516311,22149,FELTCRAFT 6 FLOWER FRIENDS,United Kingdom
516311,22327,ROUND SNACK BOXES SET OF 4 SKULLS,United Kingdom
516311,22355,CHARLOTTE BAG SUKI DESIGN,United Kingdom
516311,22432,WATERING CAN PINK BUNNY,United Kingdom
516311,22433,WATERING CAN GREEN DINOSAUR,United Kingdom
516311,22437,SET OF 9 BLACK SKULL BALLOONS,United Kingdom
516311,22492,MINI PAINT SET VINTAGE,United Kingdom
516311,22562,MONSTERS STENCIL CRAFT,United Kingdom
516311,22585,PACK OF 6 BIRDY GIFT TAGS,United Kingdom
516311,22621,TRADITIONAL KNITTING NANCY,United Kingdom
516311,84836,ZINC METAL HEART DECORATION,United Kingdom
516311,85123A,WHITE HANGING HEART T-LIGHT HOLDER,United Kingdom
516311,85232B,SET/3 RUSSIAN DOLL STACKING TINS,United Kingdom
516346,21790,VINTAGE SNAP CARDS,United Kingdom
516346,22112,CHOCOLATE HOT WATER BOTTLE,United Kingdom
516346,22114,HOT WATER BOTTLE TEA AND SYMPATHY,United Kingdom
516346,22444,GROW YOUR OWN PLANT IN A CAN,United Kingdom
516346,22457,NATURAL SLATE HEART CHALKBOARD,United Kingdom
516346,22499,WOODEN UNION JACK BUNTING,United Kingdom
516346,71477,COLOUR GLASS. STAR T-LIGHT HOLDER,United Kingdom
516346,82494L,WOODEN FRAME ANTIQUE WHITE,United Kingdom
516346,84879,ASSORTED COLOUR BIRD ORNAMENT,United Kingdom
516346,84949,SILVER HANGING T-LIGHT HOLDER,United Kingdom
516346,85123A,WHITE HANGING HEART T-LIGHT HOLDER,United Kingdom
516346,85152,HAND OVER THE CHOCOLATE   SIGN,United Kingdom
516583,21258,VICTORIAN SEWING BOX LARGE,United Kingdom
516583,21313,GLASS HEART T-LIGHT HOLDER,United Kingdom
516583,21314,SMALL GLASS HEART TRINKET POT,United Kingdom
516583,21651,HANGING GLASS ETCHED TEALIGHT,United Kingdom
516583,21977,PACK OF 60 PINK PAISLEY CAKE CASES,United Kingdom
516583,22296,HEART IVORY TRELLIS LARGE,United Kingdom
516583,22469,HEART OF WICKER SMALL,United Kingdom
516583,22478,BIRDHOUSE GARDEN MARKER,United Kingdom
516583,22500,SET OF 2 TINS JARDIN DE PROVENCE,United Kingdom
516583,22521,CHILDS GARDEN TROWEL PINK,United Kingdom
516583,22523,CHILDS GARDEN FORK PINK,United Kingdom
516583,82483,WOOD 2 DRAWER CABINET WHITE FINISH,United Kingdom
516583,82607A,GLASS BONBON JAR PARFUME AUX FLEURE,United Kingdom
516583,84378,SET OF 3 HEART COOKIE CUTTERS,United Kingdom
516583,84380,SET OF 3 BUTTERFLY COOKIE CUTTERS,United Kingdom
516583,84840,SWEETHEART CARRY-ALL BASKET,United Kingdom
516583,85123A,WHITE HANGING HEART T-LIGHT HOLDER,United Kingdom
516592,21333,CLASSIC WHITE FRAME,United Kingdom
516592,84839,SWEETHEART KEY CABINET,United Kingdom
516592,85123A,WHITE HANGING HEART T-LIGHT HOLDER,United Kingdom
516718,20711,JUMBO BAG TOYS,United Kingdom
516718,20713,JUMBO BAG OWLS,United Kingdom
516718,21930,JUMBO STORAGE BAG SKULLS,United Kingdom
516718,22170,PICTURE FRAME WOOD TRIPLE PORTRAIT,United Kingdom
516718,22283,6 EGG HOUSE PAINTED WOOD,United Kingdom
516718,22386,JUMBO BAG PINK WITH WHITE SPOTS,United Kingdom
516718,22425,ENAMEL COLANDER CREAM,United Kingdom
516718,22427,ENAMEL FLOWER JUG CREAM,United Kingdom
516718,22505,MEMO BOARD COTTAGE DESIGN,United Kingdom
516718,22507,MEMO BOARD RETROSPOT  DESIGN,United Kingdom
516718,22636,CHILDS BREAKFAST SET CIRCUS PARADE,United Kingdom
516718,22663,JUMBO BAG DOLLY GIRL DESIGN,United Kingdom
516718,72760B,VINTAGE CREAM 3 BASKET CAKE STAND,United Kingdom
516718,82582,AREA PATROLLED METAL SIGN,United Kingdom
516718,84856L,LARGE TAHITI BEACH BAG,United Kingdom
516736,20778,GARDEN PATH NOTEBOOK,United Kingdom
516736,20992,JAZZ HEARTS PURSE NOTEBOOK,United Kingdom
516736,21179,NO JUNK MAIL METAL SIGN,United Kingdom
516736,21274,EMBOSSED HEART 3 DRAWER SHELF,United Kingdom
516736,21385,IVORY HANGING DECORATION  HEART,United Kingdom
516736,21390,FILIGRIS HEART WITH BUTTERFLY,United Kingdom
516736,21421,PORCELAIN ROSE LARGE,United Kingdom
516736,21714,CITRONELLA CANDLE GARDEN POT,United Kingdom
516736,22242,"HOOK, 5 HANGER , MAGIC TOADSTOOL",United Kingdom
516736,22423,REGENCY CAKESTAND 3 TIER,United Kingdom
516736,22577,WOODEN HEART CHRISTMAS SCANDINAVIAN,United Kingdom
516736,22600,CHRISTMAS RETROSPOT STAR WOOD,United Kingdom
516736,22602,CHRISTMAS RETROSPOT HEART WOOD,United Kingdom
516736,72586,"S/6 HALLOWEEN GHOST T LIGHTS, 5CM H",United Kingdom
516736,82484,WOOD BLACK BOARD ANT WHITE FINISH,United Kingdom
516736,84212,"ASSORTED FLOWER COLOUR ""LEIS""",United Kingdom
516736,84406B,CREAM CUPID HEARTS COAT HANGER,United Kingdom
516736,84843,WHITE SOAP RACK WITH 2 BOTTLES,United Kingdom
516736,85064,CREAM SWEETHEART LETTER RACK,United Kingdom
516736,85065,CREAM SWEETHEART TRAYS,United Kingdom
516736,85150,LADIES & GENTLEMEN METAL SIGN,United Kingdom
516736,90002A,FLOWER BURST SILVER RING OPAL,United Kingdom
516736,90002B,FLOWER BURST SILVER RING ROSE,United Kingdom
516736,90002C,FLOWER BURST SILVER RING MIDN'T BLU,United Kingdom
516736,90070,RUBY GLASS CLUSTER BRACELET,United Kingdom
516736,90081A,LILY BROOCH AMETHYST COLOUR,United Kingdom
516736,90081C,LILY BROOCH OLIVE COLOUR,United Kingdom
516736,90082B,DIAMANTE BOW BROOCH RED COLOUR,United Kingdom
516736,90082D,DIAMANTE BOW BROOCH BLACK COLOUR,United Kingdom
516736,90160C,TURQ+RED BOUDICCA LARGE BRACELET,United Kingdom
516736,90161C,ANT COPPER LIME BOUDICCA BRACELET,United Kingdom
516736,90175A,WHITE GLASS CHUNKY CHARM BRACELET,United Kingdom
516736,90175D,TIGRIS EYE CHUNKY CHARM BRACELET,United Kingdom
516736,90200C,BLUE SWEETHEART BRACELET,United Kingdom
516736,90200E,GREEN SWEETHEART BRACELET,United Kingdom
516761,15056N,EDWARDIAN PARASOL NATURAL,United Kingdom
516761,20971,PINK BLUE FELT CRAFT TRINKET BOX,United Kingdom
516761,21232,STRAWBERRY CERAMIC TRINKET BOX,United Kingdom
516761,35004C,SET OF 3 COLOURED  FLYING DUCKS,United Kingdom
516761,85099B,JUMBO BAG RED RETROSPOT,United Kingdom
516901,21086,SET/6 RED SPOTTY PAPER CUPS,United Kingdom
516901,21094,SET/6 RED SPOTTY PAPER PLATES,United Kingdom
516901,21246,RED SPOTTY BIG BOWL,United Kingdom
516901,22083,PAPER CHAIN KIT RETRO SPOT,United Kingdom
516901,22090,PAPER BUNTING RETRO SPOTS,United Kingdom
516901,22130,PARTY CONE CHRISTMAS DECORATION,United Kingdom
516901,22145,CHRISTMAS CRAFT HEART STOCKING,United Kingdom
516901,22621,TRADITIONAL KNITTING NANCY,United Kingdom
516901,35400,WOODEN BOX ADVENT CALENDAR,United Kingdom
516917,21497,FANCY FONTS BIRTHDAY WRAP,United Kingdom
516917,22170,PICTURE FRAME WOOD TRIPLE PORTRAIT,United Kingdom
516917,22171,3 HOOK PHOTO SHELF ANTIQUE WHITE,United Kingdom
516917,22424,ENAMEL BREAD BIN CREAM,United Kingdom
516917,22569,FELTCRAFT CUSHION BUTTERFLY,United Kingdom
516917,72802C,VANILLA SCENT CANDLE JEWELLED BOX,United Kingdom
516917,84949,SILVER HANGING T-LIGHT HOLDER,United Kingdom
516930,21430,SET/3 RED GINGHAM ROSE STORAGE BOX,United Kingdom
516930,22418,10 COLOUR SPACEBOY PEN,United Kingdom
516930,22472,TV DINNER TRAY DOLLY GIRL,United Kingdom
516930,22474,SPACEBOY TV DINNER TRAY,United Kingdom
516930,22475,SKULL DESIGN TV DINNER TRAY,United Kingdom
516930,22507,MEMO BOARD RETROSPOT  DESIGN,United Kingdom
516930,22551,PLASTERS IN TIN SPACEBOY,United Kingdom
516930,22575,METAL MERRY CHRISTMAS WREATH,United Kingdom
516932,21801,CHRISTMAS TREE DECORATION WITH BELL,United Kingdom
516932,21802,CHRISTMAS TREE HEART DECORATION,United Kingdom
516932,21803,CHRISTMAS TREE STAR DECORATION,United Kingdom
516932,21809,CHRISTMAS HANGING TREE WITH BELL,United Kingdom
516932,21810,CHRISTMAS HANGING STAR WITH BELL,United Kingdom
516932,21811,CHRISTMAS HANGING HEART WITH BELL,United Kingdom
516932,22571,ROCKING HORSE RED CHRISTMAS,United Kingdom
516932,22572,ROCKING HORSE GREEN CHRISTMAS,United Kingdom
516932,22574,HEART WOODEN CHRISTMAS DECORATION,United Kingdom
516932,22577,WOODEN HEART CHRISTMAS SCANDINAVIAN,United Kingdom
516932,22580,ADVENT CALENDAR GINGHAM SACK,United Kingdom
516932,22595,CHRISTMAS GINGHAM HEART,United Kingdom
516932,35832,WOOLLY HAT SOCK GLOVE ADVENT STRING,United Kingdom
516932,35958,FOLKART ZINC STAR CHRISTMAS DEC,United Kingdom
516932,35961,FOLKART ZINC HEART CHRISTMAS DEC,United Kingdom
516932,84836,ZINC METAL HEART DECORATION,United Kingdom
516937,21071,VINTAGE BILLBOARD DRINK ME MUG,United Kingdom
516937,21154,RED SPOTTY OVEN GLOVE,United Kingdom
516937,21157,RED SPOTTY WASHBAG,United Kingdom
516937,21212,PACK OF 72 RETRO SPOT CAKE CASES,United Kingdom
516937,21213,PACK OF 72 SKULL CAKE CASES,United Kingdom
516937,21544,SKULLS  WATER TRANSFER TATTOOS,United Kingdom
516937,21679,SKULLS  STICKERS,United Kingdom
516937,21733,RED HANGING HEART T-LIGHT HOLDER,United Kingdom
516937,21843,RED RETROSPOT CAKE STAND,United Kingdom
516937,22354,RETROSPOT PADDED SEAT CUSHION,United Kingdom
516937,22417,PACK OF 60 SPACEBOY CAKE CASES,United Kingdom
516969,22296,HEART IVORY TRELLIS LARGE,United Kingdom
516969,37449,CERAMIC CAKE STAND + HANGING CAKES,United Kingdom
516969,84836,ZINC METAL HEART DECORATION,United Kingdom
517154,16156S,WRAP PINK FAIRY CAKES,United Kingdom
517154,20676,RED SPOTTY BOWL,United Kingdom
517154,20682,RED SPOTTY CHILDS UMBRELLA,United Kingdom
517154,20725,LUNCH BAG RED SPOTTY,United Kingdom
517154,20728,LUNCH BAG CARS BLUE,United Kingdom
517154,20914,SET/5 RED SPOTTY LID GLASS BOWLS,United Kingdom
517154,20967,GREY FLORAL FELTCRAFT SHOULDER BAG,United Kingdom
517154,20969,RED FLORAL FELTCRAFT SHOULDER BAG,United Kingdom
517154,20970,PINK FLORAL FELTCRAFT SHOULDER BAG,United Kingdom
517154,20971,PINK BLUE FELT CRAFT TRINKET BOX,United Kingdom
517154,20972,PINK CREAM FELT CRAFT TRINKET BOX,United Kingdom
517154,21174,POTTERING IN THE SHED METAL SIGN,United Kingdom
517154,21218,RED SPOTTY BISCUIT TIN,United Kingdom
517154,21238,RED SPOTTY CUP,United Kingdom
517154,21257,VICTORIAN SEWING BOX MEDIUM,United Kingdom
517154,21498,RED SPOTS  WRAP,United Kingdom
517154,21500,PINK SPOTS  WRAP,United Kingdom
517154,21754,HOME BUILDING BLOCK WORD,United Kingdom
517154,21907,I'M ON HOLIDAY METAL SIGN,United Kingdom
517154,22083,PAPER CHAIN KIT RETRO SPOT,United Kingdom
517154,22117,METAL SIGN HER DINNER IS SERVED,United Kingdom
517154,22119,PEACE WOODEN BLOCK LETTERS,United Kingdom
517154,22271,FELTCRAFT DOLL ROSIE,United Kingdom
517154,22272,FELTCRAFT DOLL MARIA,United Kingdom
517154,22273,FELTCRAFT DOLL MOLLY,United Kingdom
517154,22274,FELTCRAFT DOLL EMILY,United Kingdom
517154,22354,RETROSPOT PADDED SEAT CUSHION,United Kingdom
517154,22383,LUNCH BAG SUKI  DESIGN,United Kingdom
517154,22384,LUNCH BAG PINK RETROSPOT,United Kingdom
517154,22413,METAL SIGN TAKE IT OR LEAVE IT,United Kingdom
517154,22423,REGENCY CAKESTAND 3 TIER,United Kingdom
517154,22568,FELTCRAFT CUSHION OWL,United Kingdom
517154,22569,FELTCRAFT CUSHION BUTTERFLY,United Kingdom
517154,22570,FELTCRAFT CUSHION RABBIT,United Kingdom
517154,22628,PICNIC BOXES SET OF 3 RETROSPOT,United Kingdom
517154,22704,WRAP RED APPLES,United Kingdom
517154,22709,WRAP WEDDING DAY,United Kingdom
517154,84077,WORLD WAR 2 GLIDERS ASSTD DESIGNS,United Kingdom
517242,21067,VINTAGE RED TEATIME MUG,United Kingdom
517242,21069,VINTAGE BILLBOARD TEA MUG,United Kingdom
517242,21872,GLAMOROUS  MUG,United Kingdom
517242,21877,HOME SWEET HOME MUG,United Kingdom
517242,22302,COFFEE MUG PEARS  DESIGN,United Kingdom
517259,16015,MEDIUM CHINESE STYLE SCISSOR,United Kingdom
517259,16016,LARGE CHINESE STYLE SCISSOR,United Kingdom
517259,20668,DISCO BALL CHRISTMAS DECORATION,United Kingdom
517259,21158,MOODY GIRL DOOR HANGER,United Kingdom
517259,21326,AGED GLASS SILVER T-LIGHT HOLDER,United Kingdom
517259,21535,RED RETROSPOT SMALL MILK JUG,United Kingdom
517259,21850,BLUE  DIAMANTE PEN IN GIFT BOX,United Kingdom
517259,22075,6 RIBBONS ELEGANT CHRISTMAS,United Kingdom
517259,22075,6 RIBBONS ELEGANT CHRISTMAS,United Kingdom
517259,22480,RED TEA TOWEL CLASSIC DESIGN,United Kingdom
517259,22482,BLUE TEA TOWEL CLASSIC DESIGN,United Kingdom
517259,84744,S/6 SEW ON CROCHET FLOWERS,United Kingdom
517259,84970S,HANGING HEART ZINC T-LIGHT HOLDER,United Kingdom
517259,85064,CREAM SWEETHEART LETTER RACK,United Kingdom
517259,85065,CREAM SWEETHEART TRAYS,United Kingdom
517291,20685,DOORMAT RED SPOT,United Kingdom
517291,21174,POTTERING IN THE SHED METAL SIGN,United Kingdom
517291,21868,POTTING SHED TEA MUG,United Kingdom
517291,21876,POTTERING MUG,United Kingdom
517291,22365,DOORMAT RESPECTABLE HOUSE,United Kingdom
517291,48138,DOORMAT UNION FLAG,United Kingdom
517291,71459,HANGING JAM JAR T-LIGHT HOLDER,United Kingdom
517291,84755,COLOUR GLASS T-LIGHT HOLDER HANGING,United Kingdom
517291,84970L,SINGLE HEART ZINC T-LIGHT HOLDER,United Kingdom
517291,84970S,HANGING HEART ZINC T-LIGHT HOLDER,United Kingdom
517291,84978,HANGING HEART JAR T-LIGHT HOLDER,United Kingdom
517291,85123A,WHITE HANGING HEART T-LIGHT HOLDER,United Kingdom
517645,21231,SWEETHEART CERAMIC TRINKET BOX,EIRE
517645,21232,STRAWBERRY CERAMIC TRINKET BOX,EIRE
517645,21889,WOODEN BOX OF DOMINOES,EIRE
517645,22114,HOT WATER BOTTLE TEA AND SYMPATHY,EIRE
517645,22139,RETRO SPOT TEA SET CERAMIC 11 PC,EIRE
517645,22271,FELTCRAFT DOLL ROSIE,EIRE
517645,22273,FELTCRAFT DOLL MOLLY,EIRE
517645,22283,6 EGG HOUSE PAINTED WOOD,EIRE
517645,22423,REGENCY CAKESTAND 3 TIER,EIRE
517645,22441,GROW YOUR OWN BASIL IN ENAMEL MUG,EIRE
517645,22561,WOODEN SCHOOL COLOURING SET,EIRE
517645,22666,RECIPE BOX PANTRY YELLOW DESIGN,EIRE
517645,22691,DOORMAT WELCOME SUNRISE,EIRE
517645,48187,DOORMAT NEW ENGLAND,EIRE
517711,15056BL,EDWARDIAN PARASOL BLACK,United Kingdom
517711,15056P,EDWARDIAN PARASOL PINK,United Kingdom
517711,20679,EDWARDIAN PARASOL RED,United Kingdom
517711,21922,UNION STRIPE WITH FRINGE  HAMMOCK,United Kingdom
517851,21527,RED RETROSPOT TRADITIONAL TEAPOT,United Kingdom
517851,21528,DAIRY MAID TRADITIONAL TEAPOT,United Kingdom
517851,21539,RED RETROSPOT BUTTER DISH,United Kingdom
517851,21540,DAIRY MAID BUTTER DISH,United Kingdom
517851,22377,BOTTLE BAG RETROSPOT,United Kingdom
517851,22379,RECYCLING BAG RETROSPOT,United Kingdom
517851,22423,REGENCY CAKESTAND 3 TIER,United Kingdom
517851,22469,HEART OF WICKER SMALL,United Kingdom
517851,84832,ZINC WILLIE WINKIE  CANDLE STICK,United Kingdom
517896,21333,CLASSIC WHITE FRAME,United Kingdom
517896,21411,GINGHAM HEART  DOORSTOP RED,United Kingdom
517896,21485,RED SPOT HEART HOT WATER BOTTLE,United Kingdom
517896,21524,DOORMAT SPOTTY HOME SWEET HOME,United Kingdom
517896,21755,LOVE BUILDING BLOCK WORD,United Kingdom
517896,21768,WALL MOUNTED VINTAGE ORGANISER,United Kingdom
517896,21843,RED RETROSPOT CAKE STAND,United Kingdom
517896,22423,REGENCY CAKESTAND 3 TIER,United Kingdom
517896,22424,ENAMEL BREAD BIN CREAM,United Kingdom
517896,48187,DOORMAT NEW ENGLAND,United Kingdom
517896,48188,DOORMAT WELCOME PUPPIES,United Kingdom
517896,82482,WOODEN PICTURE FRAME WHITE FINISH,United Kingdom
517896,84839,SWEETHEART KEY CABINET,United Kingdom
517896,85064,CREAM SWEETHEART LETTER RACK,United Kingdom
517896,85123A,WHITE HANGING HEART T-LIGHT HOLDER,United Kingdom
517911,20931,BLUE POT PLANT CANDLE,United Kingdom
517911,20932,PINK POT PLANT CANDLE,United Kingdom
517911,20933,YELLOW POT PLANT CANDLE,United Kingdom
517911,21908,CHOCOLATE THIS WAY METAL SIGN,United Kingdom
517911,22112,CHOCOLATE HOT WATER BOTTLE,United Kingdom
517911,37495,FAIRY CAKE BIRTHDAY CANDLE SET,United Kingdom
517911,72741,GRAND CHOCOLATECANDLE,United Kingdom
517911,84596G,SMALL CHOCOLATES PINK BOWL,United Kingdom
517911,85152,HAND OVER THE CHOCOLATE   SIGN,United Kingdom
518154,20675,BLUE SPOTTY BOWL,United Kingdom
518154,20676,RED SPOTTY BOWL,United Kingdom
518154,21121,SET/10 RED SPOTTY PARTY CANDLES,United Kingdom
518154,21122,SET/10 PINK SPOTTY PARTY CANDLES,United Kingdom
518154,21212,PACK OF 72 RETRO SPOT CAKE CASES,United Kingdom
518154,21469,POLKA DOT RAFFIA FOOD COVER,United Kingdom
518154,21527,RED RETROSPOT TRADITIONAL TEAPOT,United Kingdom
518154,21533,RETRO SPOT LARGE MILK JUG,United Kingdom
518154,21648,ASSORTED TUTTI FRUTTI SMALL PURSE,United Kingdom
518154,21667,GLASS CAKE COVER AND PLATE,United Kingdom
518154,21975,PACK OF 60 DINOSAUR CAKE CASES,United Kingdom
518154,21976,PACK OF 60 MUSHROOM CAKE CASES,United Kingdom
518154,21977,PACK OF 60 PINK PAISLEY CAKE CASES,United Kingdom
518154,22352,LUNCH BOX WITH CUTLERY RETROSPOT,United Kingdom
518154,22377,BOTTLE BAG RETROSPOT,United Kingdom
518154,22379,RECYCLING BAG RETROSPOT,United Kingdom
518154,22457,NATURAL SLATE HEART CHALKBOARD,United Kingdom
518154,22627,MINT KITCHEN SCALES,United Kingdom
518154,22628,PICNIC BOXES SET OF 3 RETROSPOT,United Kingdom
518154,22639,SET OF 4 NAPKIN CHARMS HEARTS,United Kingdom
518154,48138,DOORMAT UNION FLAG,United Kingdom
518154,72760B,VINTAGE CREAM 3 BASKET CAKE STAND,United Kingdom
518154,84880,WHITE WIRE EGG HOLDER,United Kingdom
518154,84990,60 GOLD AND SILVER FAIRY CAKE CASES,United Kingdom
518154,85065,CREAM SWEETHEART TRAYS,United Kingdom
518229,16033,MINI HIGHLIGHTER PENS,United Kingdom
518229,20985,HEART CALCULATOR,United Kingdom
518229,21703,BAG 125g SWIRLY MARBLES,United Kingdom
518229,22560,TRADITIONAL MODELLING CLAY,United Kingdom
518229,84077,WORLD WAR 2 GLIDERS ASSTD DESIGNS,United Kingdom
518349,21463,MIRRORED DISCO BALL,United Kingdom
518349,22084,PAPER CHAIN KIT EMPIRE,United Kingdom
518379,20728,LUNCH BAG CARS BLUE,United Kingdom
518428,20719,WOODLAND CHARLOTTE BAG,Switzerland
518428,20725,LUNCH BAG RED SPOTTY,Switzerland
518428,20728,LUNCH BAG CARS BLUE,Switzerland
518428,20749,ASSORTED COLOUR MINI CASES,Switzerland
518428,20973,12 PENCIL SMALL TUBE WOODLAND,Switzerland
518428,20975,12 PENCILS SMALL TUBE RED SPOTTY,Switzerland
518428,20979,36 PENCILS TUBE RED SPOTTY,Switzerland
518428,21731,RED TOADSTOOL LED NIGHT LIGHT,Switzerland
518428,22077,6 RIBBONS RUSTIC CHARM,Switzerland
518428,22080,RIBBON REEL SPOTS DESIGN,Switzerland
518428,22139,RETRO SPOT TEA SET CERAMIC 11 PC,Switzerland
518428,22356,CHARLOTTE BAG PINK WITH WHITE SPOTS,Switzerland
518428,22662,LUNCH BAG DOLLY GIRL DESIGN,Switzerland
518428,35609A,PINK FEATHER CHRISTMAS DECORATION,Switzerland
518428,85049B,LUSH GREENS RIBBONS,Switzerland
518428,85049C,ROMANTIC PINKS RIBBONS,Switzerland
518428,85049D,BRIGHT BLUES RIBBONS,Switzerland
518428,85049F,BABY BOOM RIBBONS,Switzerland
518428,85049G,CHOCOLATE BOX RIBBONS,Switzerland
518428,POST,POSTAGE,Switzerland
518502,84945,MULTI COLOUR SILVER T-LIGHT HOLDER,United Kingdom
518654,22379,RECYCLING BAG RETROSPOT,United Kingdom
518654,22386,JUMBO BAG PINK WITH WHITE SPOTS,United Kingdom
518654,85099B,JUMBO BAG RED RETROSPOT,United Kingdom
518714,15034,PAPER POCKET TRAVELING FAN,Germany
518714,20679,EDWARDIAN PARASOL RED,Germany
518714,22275,WEEKEND BAG VINTAGE ROSE PAISLEY,Germany
518714,85014B,RED/WHITE DOTS RUFFLED UMBRELLA,Germany
518714,85099B,JUMBO BAG RED RETROSPOT,Germany
518714,POST,POSTAGE,Germany
518729,20752,RETRO BLUE SPOTTY WASHING UP GLOVES,United Kingdom
518729,20754,RETRO RED SPOTTY WASHING UP GLOVES,United Kingdom
518729,20914,SET/5 RED SPOTTY LID GLASS BOWLS,United Kingdom
518729,21035,SET/2 RED SPOTTY TEA TOWELS,United Kingdom
518729,21609,SET 12 LAVENDER  BOTANICAL T-LIGHTS,United Kingdom
518729,21868,POTTING SHED TEA MUG,United Kingdom
518729,21899,"KEY FOB , GARAGE DESIGN",United Kingdom
518729,21900,"KEY FOB , SHED",United Kingdom
518729,22082,RIBBON REEL STRIPES DESIGN,United Kingdom
518729,22458,CAST IRON HOOK GARDEN FORK,United Kingdom
518729,22459,CAST IRON HOOK GARDEN TROWEL,United Kingdom
518729,22556,PLASTERS IN TIN CIRCUS PARADE,United Kingdom
518729,22567,20 DOLLY PEGS RETROSPOT,United Kingdom
518729,22615,PACK OF 12 CIRCUS PARADE TISSUES,United Kingdom
518729,82578,KITCHEN METAL SIGN,United Kingdom
518729,82580,BATHROOM METAL SIGN,United Kingdom
518762,20725,LUNCH BAG RED SPOTTY,United Kingdom
518762,20726,LUNCH BAG WOODLAND,United Kingdom
518762,21382,SET/4 SPRING FLOWER DECORATION,United Kingdom
518762,21875,KINGS CHOICE MUG,United Kingdom
518762,22061,LARGE CAKE STAND  HANGING STRAWBERY,United Kingdom
518762,22284,HEN HOUSE DECORATION,United Kingdom
518762,22358,KINGS CHOICE TEA CADDY,United Kingdom
518762,22383,LUNCH BAG SUKI  DESIGN,United Kingdom
518762,22384,LUNCH BAG PINK RETROSPOT,United Kingdom
518762,82494L,WOODEN FRAME ANTIQUE WHITE,United Kingdom
518762,82567,"AIRLINE LOUNGE,METAL SIGN",United Kingdom
518762,85099B,JUMBO BAG RED RETROSPOT,United Kingdom
518762,85099F,JUMBO BAG STRAWBERRY,United Kingdom
518762,85175,CACTI T-LIGHT CANDLES,United Kingdom
519357,20718,RED SPOTTY SHOPPER BAG,United Kingdom
519357,20768,GREEN FERN JOURNAL,United Kingdom
519357,20972,PINK CREAM FELT CRAFT TRINKET BOX,United Kingdom
519357,21259,VICTORIAN SEWING BOX SMALL,United Kingdom
519357,21592,RETRO SPOT  CIGAR BOX MATCHES,United Kingdom
519357,22077,6 RIBBONS RUSTIC CHARM,United Kingdom
519357,22114,HOT WATER BOTTLE TEA AND SYMPATHY,United Kingdom
519357,22261,FELT EGG COSY WHITE RABBIT,United Kingdom
519357,22262,FELT EGG COSY CHICKEN,United Kingdom
519357,22454,MEASURING TAPE RUSSIAN DOLL RED,United Kingdom
519357,84580,MOUSE TOY WITH PINK T-SHIRT,United Kingdom
519357,85178,VICTORIAN SEWING KIT,United Kingdom
519607,15056BL,EDWARDIAN PARASOL BLACK,United Kingdom
519607,15060B,FAIRY CAKE DESIGN UMBRELLA,United Kingdom
519607,20723,STRAWBERRY CHARLOTTE BAG,United Kingdom
519607,20728,LUNCH BAG CARS BLUE,United Kingdom
519607,20896,VINTAGE NOTEBOOK PINK FLOWER,United Kingdom
519607,20896,VINTAGE NOTEBOOK PINK FLOWER,United Kingdom
519607,20897,VINTAGE NOTEBOOK PARIS DAYS,United Kingdom
519607,20898,VINTAGE NOTEBOOK TRAVELOGUE,United Kingdom
519607,20898,VINTAGE NOTEBOOK TRAVELOGUE,United Kingdom
519607,20906,VINTAGE NOTEBOOK BEAUTY GIRL,United Kingdom
519607,20906,VINTAGE NOTEBOOK BEAUTY GIRL,United Kingdom
519607,21034,REX CASH+CARRY JUMBO SHOPPER,United Kingdom
519607,21070,VINTAGE BILLBOARD MUG,United Kingdom
519607,21164,HOME SWEET HOME METAL SIGN,United Kingdom
519607,21186,WHITE DOVE HONEYCOMB PAPER GARLAND,United Kingdom
519607,21192,WHITE BELL HONEYCOMB PAPER,United Kingdom
519607,21464,DISCO BALL ROTATOR BATTERY OPERATED,United Kingdom
519607,21534,DAIRY MAID LARGE MILK JUG,United Kingdom
519607,21609,SET 12 LAVENDER  BOTANICAL T-LIGHTS,United Kingdom
519607,21610,SET 12 PEAR BOTANICAL T-LIGHTS,United Kingdom
519607,21611,SET OF 12 LILY BOTANICAL T-LIGHTS,United Kingdom
519607,21613,S/12 VANILLA  BOTANICAL T-LIGHTS,United Kingdom
519607,21614,SET OF 12 ROSE BOTANICAL T-LIGHTS,United Kingdom
519607,21614,SET OF 12 ROSE BOTANICAL T-LIGHTS,United Kingdom
519607,21620,SET OF 4 ROSE BOTANICAL CANDLES,United Kingdom
519607,21621,VINTAGE UNION JACK BUNTING,United Kingdom
519607,21644,ASSORTED TUTTI FRUTTI HEART BOX,United Kingdom
519607,21647,ASSORTED TUTTI FRUTTI LARGE PURSE,United Kingdom
519607,21668,RED STRIPE CERAMIC DRAWER KNOB,United Kingdom
519607,21669,BLUE STRIPE CERAMIC DRAWER KNOB,United Kingdom
519607,21669,BLUE STRIPE CERAMIC DRAWER KNOB,United Kingdom
519607,21670,BLUE SPOT CERAMIC DRAWER KNOB,United Kingdom
519607,21670,BLUE SPOT CERAMIC DRAWER KNOB,United Kingdom
519607,21673,WHITE SPOT BLUE CERAMIC DRAWER KNOB,United Kingdom
519607,21755,LOVE BUILDING BLOCK WORD,United Kingdom
519607,21781,MA CAMPAGNE CUTLERY BOX,United Kingdom
519607,21871,SAVE THE PLANET MUG,United Kingdom
519607,21876,POTTERING MUG,United Kingdom
519607,21877,HOME SWEET HOME MUG,United Kingdom
519607,21906,PHARMACIE FIRST AID TIN,United Kingdom
519607,21931,JUMBO STORAGE BAG SUKI,United Kingdom
519607,21935,SUKI  SHOULDER BAG,United Kingdom
519607,22087,PAPER BUNTING WHITE LACE,United Kingdom
519607,22087,PAPER BUNTING WHITE LACE,United Kingdom
519607,22089,PAPER BUNTING VINTAGE PAISLEY,United Kingdom
519607,22114,HOT WATER BOTTLE TEA AND SYMPATHY,United Kingdom
519607,22173,METAL 4 HOOK HANGER FRENCH CHATEAU,United Kingdom
519607,22188,BLACK HEART CARD HOLDER,United Kingdom
519607,22189,CREAM HEART CARD HOLDER,United Kingdom
519607,22212,FOUR HOOK  WHITE LOVEBIRDS,United Kingdom
519607,22212,FOUR HOOK  WHITE LOVEBIRDS,United Kingdom
519607,22219,LOVEBIRD HANGING DECORATION WHITE,United Kingdom
519607,22275,WEEKEND BAG VINTAGE ROSE PAISLEY,United Kingdom
519607,22294,HEART FILIGREE DOVE  SMALL,United Kingdom
519607,22295,HEART FILIGREE DOVE LARGE,United Kingdom
519607,22296,HEART IVORY TRELLIS LARGE,United Kingdom
519607,22297,HEART IVORY TRELLIS SMALL,United Kingdom
519607,22359,GLASS JAR KINGS CHOICE,United Kingdom
519607,22360,GLASS JAR ENGLISH CONFECTIONERY,United Kingdom
519607,22361,GLASS JAR DAISY FRESH COTTON WOOL,United Kingdom
519607,22362,GLASS JAR PEACOCK BATH SALTS,United Kingdom
519607,22363,GLASS JAR MARMALADE,United Kingdom
519607,22364,GLASS JAR DIGESTIVE BISCUITS,United Kingdom
519607,22383,LUNCH BAG SUKI  DESIGN,United Kingdom
519607,22386,JUMBO BAG PINK WITH WHITE SPOTS,United Kingdom
519607,22494,EMERGENCY FIRST AID TIN,United Kingdom
519607,22495,SET OF 2 ROUND TINS CAMEMBERT,United Kingdom
519607,22497,SET OF 2 TINS VINTAGE BATHROOM,United Kingdom
519607,22548,HEADS AND TAILS SPORTING FUN,United Kingdom
519607,22588,CARD HOLDER GINGHAM HEART,United Kingdom
519607,22611,VINTAGE UNION JACK SHOPPING BAG,United Kingdom
519607,22635,CHILDS BREAKFAST SET DOLLY GIRL,United Kingdom
519607,22661,CHARLOTTE BAG DOLLY GIRL DESIGN,United Kingdom
519607,22663,JUMBO BAG DOLLY GIRL DESIGN,United Kingdom
519607,22666,RECIPE BOX PANTRY YELLOW DESIGN,United Kingdom
519607,22668,PINK BABY BUNTING,United Kingdom
519607,22669,RED BABY BUNTING,United Kingdom
519607,22670,FRENCH WC SIGN BLUE METAL,United Kingdom
519607,22671,FRENCH LAUNDRY SIGN BLUE METAL,United Kingdom
519607,22672,FRENCH BATHROOM SIGN BLUE METAL,United Kingdom
519607,22674,FRENCH TOILET SIGN BLUE METAL,United Kingdom
519607,22675,FRENCH KITCHEN SIGN BLUE METAL,United Kingdom
519607,22688,DOORMAT PEACE ON EARTH BLUE,United Kingdom
519607,22689,DOORMAT MERRY CHRISTMAS RED,United Kingdom
519607,22692,DOORMAT WELCOME TO OUR HOME,United Kingdom
519607,22753,SMALL YELLOW BABUSHKA NOTEBOOK,United Kingdom
519607,22754,SMALL RED BABUSHKA NOTEBOOK,United Kingdom
519607,22755,SMALL PURPLE BABUSHKA NOTEBOOK,United Kingdom
519607,22756,LARGE YELLOW BABUSHKA NOTEBOOK,United Kingdom
519607,35645,VINTAGE BEAD PINK JEWEL BOX,United Kingdom
519607,35648,VINTAGE BEAD PINK PURSE,United Kingdom
519607,35649,VINTAGE BEAD COSMETIC BAG,United Kingdom
519607,35651,VINTAGE BEAD PINK SCARF,United Kingdom
519607,47503A,ASS FLORAL PRINT MULTI SCREWDRIVER,United Kingdom
519607,48187,DOORMAT NEW ENGLAND,United Kingdom
519607,71279,PINK GLASS CANDLEHOLDER,United Kingdom
519607,79067,CORONA MEXICAN TRAY,United Kingdom
519607,79321,CHILLI LIGHTS,United Kingdom
519607,82483,WOOD 2 DRAWER CABINET WHITE FINISH,United Kingdom
519607,82486,WOOD S/3 CABINET ANT WHITE FINISH,United Kingdom
519607,82551,LAUNDRY 15C METAL SIGN,United Kingdom
519607,82552,WASHROOM METAL SIGN,United Kingdom
519607,84279P,CHERRY BLOSSOM  DECORATIVE FLASK,United Kingdom
519607,84406B,CREAM CUPID HEARTS COAT HANGER,United Kingdom
519607,84620,BLUE GINGHAM ROSE CUSHION COVER,United Kingdom
519607,84659A,WHITE TRAVEL ALARM CLOCK,United Kingdom
519607,84754,S/15 SILVER GLASS BAUBLES IN BAG,United Kingdom
519607,84755,COLOUR GLASS T-LIGHT HOLDER HANGING,United Kingdom
519607,84813,SET OF 4 DIAMOND NAPKIN RINGS,United Kingdom
519607,84832,ZINC WILLIE WINKIE  CANDLE STICK,United Kingdom
519607,84832,ZINC WILLIE WINKIE  CANDLE STICK,United Kingdom
519607,84847,FLORAL BATHROOM SET,United Kingdom
519607,84884A,ANT WHITE WIRE HEART SPIRAL,United Kingdom
519607,84910A,PINK PAISLEY CUSHION COVER,United Kingdom
519607,84975,HEART SHAPED MIRROR,United Kingdom
519607,85014A,BLACK/BLUE DOTS RUFFLED UMBRELLA,United Kingdom
519607,85014B,RED/WHITE DOTS RUFFLED UMBRELLA,United Kingdom
519607,85061W,WHITE JEWELLED HEART DECORATION,United Kingdom
519607,85061W,WHITE JEWELLED HEART DECORATION,United Kingdom
519607,85099F,JUMBO BAG STRAWBERRY,United Kingdom
519607,85123A,WHITE HANGING HEART T-LIGHT HOLDER,United Kingdom
519607,85124B,BLUE JUICY FRUIT PHOTO FRAME,United Kingdom
519607,85124C,GREEN JUICY FRUIT PHOTO FRAME,United Kingdom
519607,90002A,FLOWER BURST SILVER RING OPAL,United Kingdom
519607,90002C,FLOWER BURST SILVER RING MIDN'T BLU,United Kingdom
519607,90002D,FLOWER BURST SILVER RING CRYSTAL,United Kingdom
519607,90002E,FLOWER BURST SILVER RING GREEN,United Kingdom
519607,90010B,BLACK/WHITE GLASS/SILVER BRACELET,United Kingdom
519607,90036D,"FLOWER GLASS GARLAND NECKL.36""BLACK",United Kingdom
519607,90082B,DIAMANTE BOW BROOCH RED COLOUR,United Kingdom
519607,90082D,DIAMANTE BOW BROOCH BLACK COLOUR,United Kingdom
519607,90157,RIVIERA NECKLACE,United Kingdom
519607,90179C,BLACK FINE BEAD NECKLACE W TASSEL,United Kingdom
519607,90185C,BLACK DIAMANTE EXPANDABLE RING,United Kingdom
519607,90210A,GREY ACRYLIC FACETED BANGLE,United Kingdom
519607,90210B,CLEAR ACRYLIC FACETED BANGLE,United Kingdom
519607,90210C,RED   ACRYLIC FACETED BANGLE,United Kingdom
519607,90210D,PURPLE ACRYLIC FACETED BANGLE,United Kingdom
519607,90211B,JET BLACK LAS VEGAS NECKLACE 45CM,United Kingdom
519607,90212B,JET BLACK LAS VEGAS BRACELET ROUND,United Kingdom
519609,15060B,FAIRY CAKE DESIGN UMBRELLA,United Kingdom
519609,20718,RED SPOTTY SHOPPER BAG,United Kingdom
519609,20730,STRAWBERRY CANDY BAG,United Kingdom
519609,20914,SET/5 RED SPOTTY LID GLASS BOWLS,United Kingdom
519609,20952,PORCELAIN CHERUB BELL SMALL,United Kingdom
519609,21034,REX CASH+CARRY JUMBO SHOPPER,United Kingdom
519609,21058,PARTY INVITES WOODLAND,United Kingdom
519609,21059,PARTY INVITES DINOSAURS,United Kingdom
519609,21080,SET/20 RED SPOTTY PAPER NAPKINS,United Kingdom
519609,21114,LAVENDER SCENTED FABRIC HEART,United Kingdom
519609,21156,RETROSPOT CHILDRENS APRON,United Kingdom
519609,21165,BEWARE OF THE CAT METAL SIGN,United Kingdom
519609,21212,PACK OF 72 RETRO SPOT CAKE CASES,United Kingdom
519609,21212,PACK OF 72 RETRO SPOT CAKE CASES,United Kingdom
519609,21218,RED SPOTTY BISCUIT TIN,United Kingdom
519609,21272,SALLE DE BAIN HOOK,United Kingdom
519609,21380,WOODEN HAPPY BIRTHDAY GARLAND,United Kingdom
519609,21452,TOADSTOOL MONEY BOX,United Kingdom
519609,21527,RED RETROSPOT TRADITIONAL TEAPOT,United Kingdom
519609,21533,RETRO SPOT LARGE MILK JUG,United Kingdom
519609,21535,RED RETROSPOT SMALL MILK JUG,United Kingdom
519609,21539,RED RETROSPOT BUTTER DISH,United Kingdom
519609,21556,CERAMIC STRAWBERRY MONEY BOX,United Kingdom
519609,21584,RETRO SPOT SMALL TUBE MATCHES,United Kingdom
519609,21669,BLUE STRIPE CERAMIC DRAWER KNOB,United Kingdom
519609,21673,WHITE SPOT BLUE CERAMIC DRAWER KNOB,United Kingdom
519609,21737,SET 3 WICKER LOG BASKETS,United Kingdom
519609,21843,RED RETROSPOT CAKE STAND,United Kingdom
519609,21975,PACK OF 60 DINOSAUR CAKE CASES,United Kingdom
519609,21976,PACK OF 60 MUSHROOM CAKE CASES,United Kingdom
519609,21980,PACK OF 12 RED SPOTTY TISSUES,United Kingdom
519609,21981,PACK OF 12 WOODLAND TISSUES,United Kingdom
519609,21982,PACK OF 12 SUKI TISSUES,United Kingdom
519609,22120,WELCOME  WOODEN BLOCK LETTERS,United Kingdom
519609,22178,VICTORIAN GLASS HANGING T-LIGHT,United Kingdom
519609,22179,SET 10 LIGHTS NIGHT OWL,United Kingdom
519609,22294,HEART FILIGREE DOVE  SMALL,United Kingdom
519609,22297,HEART IVORY TRELLIS SMALL,United Kingdom
519609,22335,HEART DECORATION PAINTED ZINC,United Kingdom
519609,22348,TEA BAG PLATE RED SPOTTY,United Kingdom
519609,22352,LUNCH BOX WITH CUTLERY RETROSPOT,United Kingdom
519609,22496,SET OF 2 ROUND TINS DUTCH CHEESE,United Kingdom
519609,22502,PICNIC BASKET WICKER SMALL,United Kingdom
519609,22529,MAGIC DRAWING SLATE GO TO THE FAIR,United Kingdom
519609,22532,MAGIC DRAWING SLATE LEAP FROG,United Kingdom
519609,22535,MAGIC DRAWING SLATE BUNNIES,United Kingdom
519609,22537,MAGIC DRAWING SLATE DINOSAUR,United Kingdom
519609,22616,PACK OF 12 LONDON TISSUES,United Kingdom
519609,22637,PIGGY BANK RETROSPOT,United Kingdom
519609,22719,GUMBALL MONOCHROME COAT RACK,United Kingdom
519609,35832,WOOLLY HAT SOCK GLOVE ADVENT STRING,United Kingdom
519609,40016,CHINESE DRAGON PAPER LANTERNS,United Kingdom
519609,47591B,SCOTTIES CHILDRENS APRON,United Kingdom
519609,71477,COLOUR GLASS. STAR T-LIGHT HOLDER,United Kingdom
519609,82483,WOOD 2 DRAWER CABINET WHITE FINISH,United Kingdom
519609,82486,WOOD S/3 CABINET ANT WHITE FINISH,United Kingdom
519609,82578,KITCHEN METAL SIGN,United Kingdom
519609,82580,BATHROOM METAL SIGN,United Kingdom
519609,82581,TOILET METAL SIGN,United Kingdom
519609,82582,AREA PATROLLED METAL SIGN,United Kingdom
519609,84270,ASSTD DESIGN BUBBLE GUM RING,United Kingdom
519609,84741C,CITRUS GARLAND FELT FLOWERS,United Kingdom
519609,84755,COLOUR GLASS T-LIGHT HOLDER HANGING,United Kingdom
519609,84845C,CARNATION SQUARE HANDY TIN,United Kingdom
519609,84845D,GERANIUM SQUARE HANDY TIN,United Kingdom
519609,84849A,HELLO SAILOR BLUE SOAP HOLDER,United Kingdom
519609,84849B,FAIRY SOAP SOAP HOLDER,United Kingdom
519609,84849D,HOT BATHS SOAP HOLDER,United Kingdom
519609,84849D,HOT BATHS SOAP HOLDER,United Kingdom
519609,84879,ASSORTED COLOUR BIRD ORNAMENT,United Kingdom
519609,84945,MULTI COLOUR SILVER T-LIGHT HOLDER,United Kingdom
519609,84991,60 TEATIME FAIRY CAKE CASES,United Kingdom
519609,85175,CACTI T-LIGHT CANDLES,United Kingdom
519647,35400,WOODEN BOX ADVENT CALENDAR,United Kingdom
519647,46000S,POLYESTER FILLER PAD 40x40cm,United Kingdom
519647,71477,COLOUR GLASS. STAR T-LIGHT HOLDER,United Kingdom
519647,85123A,WHITE HANGING HEART T-LIGHT HOLDER,United Kingdom
519688,15060B,FAIRY CAKE DESIGN UMBRELLA,United Kingdom
519688,20718,RED SPOTTY SHOPPER BAG,United Kingdom
519688,20725,LUNCH BAG RED SPOTTY,United Kingdom
519688,20726,LUNCH BAG WOODLAND,United Kingdom
519688,20728,LUNCH BAG CARS BLUE,United Kingdom
519688,21212,PACK OF 72 RETRO SPOT CAKE CASES,United Kingdom
519688,21558,SKULL LUNCH BOX WITH CUTLERY,United Kingdom
519688,21559,STRAWBERRY LUNCH BOX WITH CUTLERY,United Kingdom
519688,21928,JUMBO BAG SCANDINAVIAN PAISLEY,United Kingdom
519688,21930,JUMBO STORAGE BAG SKULLS,United Kingdom
519688,22090,PAPER BUNTING RETRO SPOTS,United Kingdom
519688,22326,ROUND SNACK BOXES SET OF4 WOODLAND,United Kingdom
519688,22327,ROUND SNACK BOXES SET OF 4 SKULLS,United Kingdom
519688,22329,ROUND CONTAINER SET OF 5 RETROSPOT,United Kingdom
519688,22352,LUNCH BOX WITH CUTLERY RETROSPOT,United Kingdom
519688,22353,LUNCH BOX WITH CUTLERY FAIRY CAKES,United Kingdom
519688,22383,LUNCH BAG SUKI  DESIGN,United Kingdom
519688,22386,JUMBO BAG PINK WITH WHITE SPOTS,United Kingdom
519688,22417,PACK OF 60 SPACEBOY CAKE CASES,United Kingdom
519688,22662,LUNCH BAG DOLLY GIRL DESIGN,United Kingdom
519688,22665,RECIPE BOX BLUE SKETCHBOOK DESIGN,United Kingdom
519688,22666,RECIPE BOX PANTRY YELLOW DESIGN,United Kingdom
519688,40046A,RED DAISY PAPER LAMPSHADE,United Kingdom
519688,85014A,BLACK/BLUE DOTS RUFFLED UMBRELLA,United Kingdom
519688,85014B,RED/WHITE DOTS RUFFLED UMBRELLA,United Kingdom
519688,85099C,JUMBO  BAG BAROQUE BLACK WHITE,United Kingdom
519830,84880,WHITE WIRE EGG HOLDER,EIRE
519864,20674,GREEN SPOTTY BOWL,United Kingdom
519864,20675,BLUE SPOTTY BOWL,United Kingdom
519864,20818,GOLD TEDDY BEAR,United Kingdom
519864,20819,SILVER TEDDY BEAR,United Kingdom
519864,21156,RETROSPOT CHILDRENS APRON,United Kingdom
519864,21240,BLUE  SPOTTY CUP,United Kingdom
519864,21241,GREEN SPOTTY CUP,United Kingdom
519864,21244,BLUE  SPOTTY PLATE,United Kingdom
519864,21245,GREEN  SPOTTY PLATE,United Kingdom
519864,21391,FRENCH EMROIDR LAVENDER SCENT HEART,United Kingdom
519864,21506,"FANCY FONT BIRTHDAY CARD,",United Kingdom
519864,21932,SCANDINAVIAN PAISLEY PICNIC BAG,United Kingdom
519864,21967,PACK OF 12 SKULL TISSUES,United Kingdom
519864,21980,PACK OF 12 RED SPOTTY TISSUES,United Kingdom
519864,21983,PACK OF 12 BLUE PAISLEY TISSUES,United Kingdom
519864,22027,TEA PARTY BIRTHDAY CARD,United Kingdom
519864,22122,SET OF 2 FANCY FONT TEA TOWELS,United Kingdom
519864,22197,SMALL POPCORN HOLDER,United Kingdom
519864,22198,LARGE POPCORN HOLDER,United Kingdom
519864,22345,PARTY PIZZA DISH BLUE RETROSPOT,United Kingdom
519864,22346,PARTY PIZZA DISH GREEN RETROSPOT,United Kingdom
519864,22551,PLASTERS IN TIN SPACEBOY,United Kingdom
519864,22553,PLASTERS IN TIN SKULLS,United Kingdom
519864,22557,PLASTERS IN TIN VINTAGE PAISLEY,United Kingdom
519864,22583,PACK OF 6 HANDBAG GIFT BOXES,United Kingdom
519864,22614,PACK OF 12 SPACEBOY TISSUES,United Kingdom
519864,22616,PACK OF 12 LONDON TISSUES,United Kingdom
519864,71053,WHITE METAL LANTERN,United Kingdom
519864,82484,WOOD BLACK BOARD ANT WHITE FINISH,United Kingdom
519864,84247L,FAWN AND MUSHROOM GREETING CARD,United Kingdom
519864,85014A,BLACK/BLUE DOTS RUFFLED UMBRELLA,United Kingdom
519864,85135A,YELLOW DRAGONFLY HELICOPTER,United Kingdom
519864,85136B,BLUE SHARK HELICOPTER,United Kingdom
519864,85136C,RED SHARK HELICOPTER,United Kingdom
519898,20725,LUNCH BAG RED SPOTTY,United Kingdom
519898,20728,LUNCH BAG CARS BLUE,United Kingdom
519898,21232,STRAWBERRY CERAMIC TRINKET BOX,United Kingdom
519898,21624,VINTAGE UNION JACK DOORSTOP,United Kingdom
519898,22059,CERAMIC STRWBERRY DESIGN MUG,United Kingdom
519898,22064,PINK DOUGHNUT TRINKET POT,United Kingdom
519898,22138,BAKING SET 9 PIECE RETROSPOT,United Kingdom
519898,22139,RETRO SPOT TEA SET CERAMIC 11 PC,United Kingdom
519898,22353,LUNCH BOX WITH CUTLERY FAIRY CAKES,United Kingdom
519898,22384,LUNCH BAG PINK RETROSPOT,United Kingdom
519898,22588,CARD HOLDER GINGHAM HEART,United Kingdom
519898,22617,BAKING SET SPACEBOY DESIGN,United Kingdom
519898,22649,STRAWBERRY FAIRY CAKE TEAPOT,United Kingdom
519898,22666,RECIPE BOX PANTRY YELLOW DESIGN,United Kingdom
519898,37448,CERAMIC CAKE DESIGN SPOTTED MUG,United Kingdom
519898,37495,FAIRY CAKE BIRTHDAY CANDLE SET,United Kingdom
519898,84715,SET OF 6 ICE CREAM SKITTLES,United Kingdom
519898,84968D,SET OF 16 VINTAGE RED CUTLERY,United Kingdom
519901,10135,COLOURING PENCILS BROWN TUBE,United Kingdom
519901,20828,GLITTER BUTTERFLY CLIPS,United Kingdom
519901,21448,12 DAISY PEGS IN WOOD BOX,United Kingdom
519901,21497,FANCY FONTS BIRTHDAY WRAP,United Kingdom
519901,21499,BLUE SPOTS  WRAP,United Kingdom
519901,21500,PINK SPOTS  WRAP,United Kingdom
519901,21990,MODERN FLORAL STATIONERY SET,United Kingdom
519901,21992,VINTAGE PAISLEY STATIONERY SET,United Kingdom
519901,22030,SWALLOWS GREETING CARD,United Kingdom
519901,22084,PAPER CHAIN KIT EMPIRE,United Kingdom
519901,22088,PAPER BUNTING COLOURED LACE,United Kingdom
519901,22089,PAPER BUNTING VINTAGE PAISLEY,United Kingdom
519901,22090,PAPER BUNTING RETRO SPOTS,United Kingdom
519901,84692,BOX OF 24 COCKTAIL PARASOLS,United Kingdom
519901,85226C,BLUE PULL BACK RACING CAR,United Kingdom
519901,85227,SET OF 6 3D KIT CARDS FOR KIDS,United Kingdom
519910,15044B,BLUE PAPER PARASOL,United Kingdom
519910,15044D,RED PAPER PARASOL,United Kingdom
519910,20725,LUNCH BAG RED SPOTTY,United Kingdom
519910,20728,LUNCH BAG CARS BLUE,United Kingdom
519910,20971,PINK BLUE FELT CRAFT TRINKET BOX,United Kingdom
519910,20972,PINK CREAM FELT CRAFT TRINKET BOX,United Kingdom
519910,21121,SET/10 RED SPOTTY PARTY CANDLES,United Kingdom
519910,21125,SET 6 FOOTBALL CELEBRATION CANDLES,United Kingdom
519910,21126,SET OF 6 GIRLS CELEBRATION CANDLES,United Kingdom
519910,21238,RED SPOTTY CUP,United Kingdom
519910,21239,PINK  SPOTTY CUP,United Kingdom
519910,21240,BLUE  SPOTTY CUP,United Kingdom
519910,21241,GREEN SPOTTY CUP,United Kingdom
519910,21541,DINOSAURS WATER TRANSFER TATTOOS,United Kingdom
519910,21544,SKULLS  WATER TRANSFER TATTOOS,United Kingdom
519910,21731,RED TOADSTOOL LED NIGHT LIGHT,United Kingdom
519910,21827,EIGHT PIECE CREEPY CRAWLIE SET,United Kingdom
519910,21829,DINOSAUR KEYRINGS ASSORTED,United Kingdom
519910,21914,BLUE HARMONICA IN BOX,United Kingdom
519910,21915,RED  HARMONICA IN BOX,United Kingdom
519910,21935,SUKI  SHOULDER BAG,United Kingdom
519910,21975,PACK OF 60 DINOSAUR CAKE CASES,United Kingdom
519910,22082,RIBBON REEL STRIPES DESIGN,United Kingdom
519910,22090,PAPER BUNTING RETRO SPOTS,United Kingdom
519910,22139,RETRO SPOT TEA SET CERAMIC 11 PC,United Kingdom
519910,22150,3 STRIPEY MICE FELTCRAFT,United Kingdom
519910,22271,FELTCRAFT DOLL ROSIE,United Kingdom
519910,22273,FELTCRAFT DOLL MOLLY,United Kingdom
519910,22274,FELTCRAFT DOLL EMILY,United Kingdom
519910,22327,ROUND SNACK BOXES SET OF 4 SKULLS,United Kingdom
519910,22374,AIRLINE BAG VINTAGE JET SET RED,United Kingdom
519910,22382,LUNCH BAG SPACEBOY DESIGN,United Kingdom
519910,22383,LUNCH BAG SUKI  DESIGN,United Kingdom
519910,22384,LUNCH BAG PINK RETROSPOT,United Kingdom
519910,22386,JUMBO BAG PINK WITH WHITE SPOTS,United Kingdom
519910,22398,MAGNETS PACK OF 4 SWALLOWS,United Kingdom
519910,22399,MAGNETS PACK OF 4 CHILDHOOD MEMORY,United Kingdom
519910,22400,MAGNETS PACK OF 4 HOME SWEET HOME,United Kingdom
519910,22417,PACK OF 60 SPACEBOY CAKE CASES,United Kingdom
519910,22431,WATERING CAN BLUE ELEPHANT,United Kingdom
519910,22432,WATERING CAN PINK BUNNY,United Kingdom
519910,22449,SILK PURSE BABUSHKA PINK,United Kingdom
519910,22450,SILK PURSE BABUSHKA BLUE,United Kingdom
519910,22451,SILK PURSE BABUSHKA RED,United Kingdom
519910,22457,NATURAL SLATE HEART CHALKBOARD,United Kingdom
519910,22468,BABUSHKA LIGHTS STRING OF 10,United Kingdom
519910,22492,MINI PAINT SET VINTAGE,United Kingdom
519910,22501,PICNIC BASKET WICKER LARGE,United Kingdom
519910,22568,FELTCRAFT CUSHION OWL,United Kingdom
519910,22570,FELTCRAFT CUSHION RABBIT,United Kingdom
519910,22610,PENS ASSORTED FUNNY FACE,United Kingdom
519910,22620,4 TRADITIONAL SPINNING TOPS,United Kingdom
519910,22634,CHILDS BREAKFAST SET SPACEBOY,United Kingdom
519910,84077,WORLD WAR 2 GLIDERS ASSTD DESIGNS,United Kingdom
519910,84270,ASSTD DESIGN BUBBLE GUM RING,United Kingdom
519910,85178,VICTORIAN SEWING KIT,United Kingdom
520173,10002,INFLATABLE POLITICAL GLOBE,United Kingdom
520173,11001,ASSTD DESIGN RACING CAR PEN,United Kingdom
520173,20829,GLITTER HANGING BUTTERFLY STRING,United Kingdom
520173,20972,PINK CREAM FELT CRAFT TRINKET BOX,United Kingdom
520173,20975,12 PENCILS SMALL TUBE RED SPOTTY,United Kingdom
520173,21428,SET3 BOOK BOX GREEN GINGHAM FLOWER,United Kingdom
520173,21481,FAWN BLUE HOT WATER BOTTLE,United Kingdom
520173,21731,RED TOADSTOOL LED NIGHT LIGHT,United Kingdom
520173,21791,VINTAGE HEADS AND TAILS CARD GAME,United Kingdom
520173,21915,RED  HARMONICA IN BOX,United Kingdom
520173,22139,RETRO SPOT TEA SET CERAMIC 11 PC,United Kingdom
520173,22150,3 STRIPEY MICE FELTCRAFT,United Kingdom
520217,16169K,WRAP FOLK ART,United Kingdom
520217,16169M,WRAP DAISY CARPET,United Kingdom
520217,20972,PINK CREAM FELT CRAFT TRINKET BOX,United Kingdom
520217,21292,SMALL STRIPES CHOCOLATE GIFT BAG,United Kingdom
520217,22065,CHRISTMAS PUDDING TRINKET POT,United Kingdom
520217,22074,6 RIBBONS SHIMMERING PINKS,United Kingdom
520217,72801E,4 FESTIVE GREEN DINNER CANDLES,United Kingdom
520217,72801G,4 BURGUNDY WINE DINNER CANDLES,United Kingdom
520217,84507B,STRIPES DESIGN MONKEY DOLL,United Kingdom
520217,84507C,BLUE CIRCLES DESIGN MONKEY DOLL,United Kingdom
520217,84661A,WHITE SQUARE TABLE CLOCK,United Kingdom
520217,84661B,BLACK SQUARE TABLE CLOCK,United Kingdom
520217,84859A,SILVER DISCO HANDBAG,United Kingdom
520217,85028L,FRENCH CHATEAU LARGE FRUIT BOWL,United Kingdom
520217,85028S,FRENCH CHATEAU SMALL FRUITBOWL,United Kingdom
520217,85030,FRENCH CHATEAU OVAL PLATTER,United Kingdom
520217,85049H,URBAN BLACK RIBBONS,United Kingdom
520217,85107,CUT GLASS T-LIGHT HOLDER OCTAGON,United Kingdom
520327,21361,LOVE LARGE WOOD LETTERS,United Kingdom
520327,21363,HOME SMALL WOOD LETTERS,United Kingdom
520327,21682,LARGE MEDINA STAMPED METAL BOWL,United Kingdom
520327,21706,"FOLDING UMBRELLA , RED/WHITE SPOT",United Kingdom
520327,21707,"FOLDING UMBRELLA , BLACK/BLUE  SPOT",United Kingdom
520327,21708,FOLDING UMBRELLA  CREAM/MULTI  SPOT,United Kingdom
520327,21711,FOLDING UMBRELLA  WHITE/RED  SPOT,United Kingdom
520327,21755,LOVE BUILDING BLOCK WORD,United Kingdom
520327,22103,MIRROR MOSAIC T-LIGHT HOLDER ROUND,United Kingdom
520327,22173,METAL 4 HOOK HANGER FRENCH CHATEAU,United Kingdom
520327,22528,GARDENERS KNEELING PAD,United Kingdom
520327,35004C,SET OF 3 COLOURED  FLYING DUCKS,United Kingdom
520327,72008,FROSTED BOX 9 WHITE T-LIGHT CANDLES,United Kingdom
520327,72122,COFFEE SCENT PILLAR CANDLE,United Kingdom
520327,72127,COLUMBIAN CANDLE ROUND,United Kingdom
520327,72127,COLUMBIAN CANDLE ROUND,United Kingdom
520327,82483,WOOD 2 DRAWER CABINET WHITE FINISH,United Kingdom
520327,82486,WOOD S/3 CABINET ANT WHITE FINISH,United Kingdom
520327,82494L,WOODEN FRAME ANTIQUE WHITE,United Kingdom
520327,85231B,CINAMMON SET OF 9 T-LIGHTS,United Kingdom
520410,15056BL,EDWARDIAN PARASOL BLACK,United Kingdom
520410,15056P,EDWARDIAN PARASOL PINK,United Kingdom
520410,20679,EDWARDIAN PARASOL RED,United Kingdom
520410,20725,LUNCH BAG RED SPOTTY,United Kingdom
520410,20828,GLITTER BUTTERFLY CLIPS,United Kingdom
520410,21078,SET/20 STRAWBERRY PAPER NAPKINS,United Kingdom
520410,21080,SET/20 RED SPOTTY PAPER NAPKINS,United Kingdom
520410,21231,SWEETHEART CERAMIC TRINKET BOX,United Kingdom
520410,21232,STRAWBERRY CERAMIC TRINKET BOX,United Kingdom
520410,21671,RED SPOT CERAMIC DRAWER KNOB,United Kingdom
520410,21673,WHITE SPOT BLUE CERAMIC DRAWER KNOB,United Kingdom
520410,21790,VINTAGE SNAP CARDS,United Kingdom
520410,21791,VINTAGE HEADS AND TAILS CARD GAME,United Kingdom
520410,21806,WHITE CHRISTMAS HEART DECORATION,United Kingdom
520410,21985,PACK OF 12 HEARTS DESIGN TISSUES,United Kingdom
520410,21986,PACK OF 12 PINK SPOT TISSUES,United Kingdom
520410,22147,FELTCRAFT BUTTERFLY HEARTS,United Kingdom
520410,22149,FELTCRAFT 6 FLOWER FRIENDS,United Kingdom
520410,22149,FELTCRAFT 6 FLOWER FRIENDS,United Kingdom
520410,22156,HEART DECORATION WITH PEARLS,United Kingdom
520410,22158,3 HEARTS HANGING DECORATION RUSTIC,United Kingdom
520410,22219,LOVEBIRD HANGING DECORATION WHITE,United Kingdom
520410,22227,"DECORATION, HANGING HEART+MIRROR",United Kingdom
520410,22231,JIGSAW TREE WITH BIRDHOUSE,United Kingdom
520410,22295,HEART FILIGREE DOVE LARGE,United Kingdom
520410,22297,HEART IVORY TRELLIS SMALL,United Kingdom
520410,22318,FIVE HEART HANGING DECORATION,United Kingdom
520410,22356,CHARLOTTE BAG PINK WITH WHITE SPOTS,United Kingdom
520410,22384,LUNCH BAG PINK RETROSPOT,United Kingdom
520410,22386,JUMBO BAG PINK WITH WHITE SPOTS,United Kingdom
520410,22411,JUMBO SHOPPER VINTAGE RED PAISLEY,United Kingdom
520410,22424,ENAMEL BREAD BIN CREAM,United Kingdom
520410,22425,ENAMEL COLANDER CREAM,United Kingdom
520410,22429,ENAMEL MEASURING JUG CREAM,United Kingdom
520410,22571,ROCKING HORSE RED CHRISTMAS,United Kingdom
520410,22572,ROCKING HORSE GREEN CHRISTMAS,United Kingdom
520410,22575,METAL MERRY CHRISTMAS WREATH,United Kingdom
520410,22577,WOODEN HEART CHRISTMAS SCANDINAVIAN,United Kingdom
520410,22644,CERAMIC CHERRY CAKE MONEY BANK,United Kingdom
520410,22645,CERAMIC HEART FAIRY CAKE MONEY BANK,United Kingdom
520410,22646,CERAMIC STRAWBERRY CAKE MONEY BANK,United Kingdom
520410,22663,JUMBO BAG DOLLY GIRL DESIGN,United Kingdom
520410,22743,MAKE YOUR OWN FLOWERPOWER CARD KIT,United Kingdom
520410,40018F,CHERRY DESIGN PAPERLANTERNS,United Kingdom
520410,47420,ASSORTED COLOUR SUCTION CUP HOOK,United Kingdom
520410,47590B,PINK HAPPY BIRTHDAY BUNTING,United Kingdom
520410,84520B,PACK 20 ENGLISH ROSE PAPER NAPKINS,United Kingdom
520410,84987,SET OF 36 TEATIME PAPER DOILIES,United Kingdom
520410,84991,60 TEATIME FAIRY CAKE CASES,United Kingdom
520410,85014A,BLACK/BLUE DOTS RUFFLED UMBRELLA,United Kingdom
520410,85014B,RED/WHITE DOTS RUFFLED UMBRELLA,United Kingdom
520410,85123A,WHITE HANGING HEART T-LIGHT HOLDER,United Kingdom
520423,22211,WOOD STAMP SET FLOWERS,United Kingdom
520566,20749,ASSORTED COLOUR MINI CASES,United Kingdom
520566,20750,RED/WHITE DOT MINI CASES,United Kingdom
520566,21212,PACK OF 72 RETRO SPOT CAKE CASES,United Kingdom
520566,21217,RED SPOTTY ROUND CAKE TINS,United Kingdom
520566,21218,RED SPOTTY BISCUIT TIN,United Kingdom
520566,21843,RED RETROSPOT CAKE STAND,United Kingdom
520566,21974,SET OF 36 PAISLEY FLOWER DOILIES,United Kingdom
520566,21977,PACK OF 60 PINK PAISLEY CAKE CASES,United Kingdom
520566,22077,6 RIBBONS RUSTIC CHARM,United Kingdom
520566,22423,REGENCY CAKESTAND 3 TIER,United Kingdom
520566,72741,GRAND CHOCOLATECANDLE,United Kingdom
520566,84945,MULTI COLOUR SILVER T-LIGHT HOLDER,United Kingdom
520566,84946,ANTIQUE SILVER TEA GLASS ETCHED,United Kingdom
520566,85049G,CHOCOLATE BOX RIBBONS,United Kingdom
520950,20675,BLUE SPOTTY BOWL,Germany
520950,20676,RED SPOTTY BOWL,Germany
520950,20677,PINK SPOTTY BOWL,Germany
520950,20711,JUMBO BAG TOYS,Germany
520950,20719,WOODLAND CHARLOTTE BAG,Germany
520950,20750,RED/WHITE DOT MINI CASES,Germany
520950,21080,SET/20 RED SPOTTY PAPER NAPKINS,Germany
520950,21086,SET/6 RED SPOTTY PAPER CUPS,Germany
520950,21094,SET/6 RED SPOTTY PAPER PLATES,Germany
520950,21238,RED SPOTTY CUP,Germany
520950,21239,PINK  SPOTTY CUP,Germany
520950,21240,BLUE  SPOTTY CUP,Germany
520950,21243,PINK  SPOTTY PLATE,Germany
520950,21244,BLUE  SPOTTY PLATE,Germany
520950,21249,WOODLAND  HEIGHT CHART STICKERS,Germany
520950,21432,SET OF 3 CASES WOODLAND DESIGN,Germany
520950,21671,RED SPOT CERAMIC DRAWER KNOB,Germany
520950,21680,WOODLAND  STICKERS,Germany
520950,21929,JUMBO BAG PINK VINTAGE PAISLEY,Germany
520950,21930,JUMBO STORAGE BAG SKULLS,Germany
520950,22127,PARTY CONES CARNIVAL ASSORTED,Germany
520950,22331,WOODLAND PARTY BAG + STICKER SET,Germany
520950,22356,CHARLOTTE BAG PINK WITH WHITE SPOTS,Germany
520950,22386,JUMBO BAG PINK WITH WHITE SPOTS,Germany
520950,22437,SET OF 9 BLACK SKULL BALLOONS,Germany
520950,22505,MEMO BOARD COTTAGE DESIGN,Germany
520950,22628,PICNIC BOXES SET OF 3 RETROSPOT,Germany
520950,22629,SPACEBOY LUNCH BOX,Germany
520950,22759,SET OF 3 NOTEBOOKS IN PARCEL,Germany
520950,POST,POSTAGE,Germany
521170,20711,JUMBO BAG TOYS,United Kingdom
521170,22423,REGENCY CAKESTAND 3 TIER,United Kingdom
521208,20981,12 PENCILS TALL TUBE WOODLAND,United Kingdom
521208,20983,12 PENCILS TALL TUBE RED SPOTTY,United Kingdom
521208,21186,WHITE DOVE HONEYCOMB PAPER GARLAND,United Kingdom
521208,22083,PAPER CHAIN KIT RETRO SPOT,United Kingdom
521208,22666,RECIPE BOX PANTRY YELLOW DESIGN,United Kingdom
521593,20829,GLITTER HANGING BUTTERFLY STRING,United Kingdom
521593,20971,PINK BLUE FELT CRAFT TRINKET BOX,United Kingdom
521593,21067,VINTAGE RED TEATIME MUG,United Kingdom
521593,21875,KINGS CHOICE MUG,United Kingdom
521593,22084,PAPER CHAIN KIT EMPIRE,United Kingdom
521593,22086,PAPER CHAIN KIT 50'S CHRISTMAS,United Kingdom
521593,22196,SMALL HEART MEASURING SPOONS,United Kingdom
521593,72741,GRAND CHOCOLATECANDLE,United Kingdom
521593,84625D,WHITE NEWBAROQUE CANDLESTICK CANDLE,United Kingdom
521593,84748,FOLK FELT HANGING MULTICOL GARLAND,United Kingdom
521593,85175,CACTI T-LIGHT CANDLES,United Kingdom
521685,18098C,PORCELAIN BUTTERFLY OIL BURNER,United Kingdom
521685,20898,VINTAGE NOTEBOOK TRAVELOGUE,United Kingdom
521685,21135,VICTORIAN  METAL POSTCARD SPRING,United Kingdom
521685,21430,SET/3 RED GINGHAM ROSE STORAGE BOX,United Kingdom
521685,22325,MOBILE VINTAGE HEARTS,United Kingdom
521685,22371,AIRLINE BAG VINTAGE TOKYO 78,United Kingdom
521685,22372,AIRLINE BAG VINTAGE WORLD CHAMPION,United Kingdom
521685,22399,MAGNETS PACK OF 4 CHILDHOOD MEMORY,United Kingdom
521685,22667,RECIPE BOX RETRO SPOT DESIGN,United Kingdom
521700,16161P,WRAP ENGLISH ROSE,United Kingdom
521700,16161U,WRAP SUKI AND FRIENDS,United Kingdom
521700,16169N,WRAP BLUE RUSSIAN FOLKART,United Kingdom
521700,18097C,WHITE TALL PORCELAIN T-LIGHT HOLDER,United Kingdom
521700,18098C,PORCELAIN BUTTERFLY OIL BURNER,United Kingdom
521700,20978,36 PENCILS TUBE SKULLS,United Kingdom
521700,20979,36 PENCILS TUBE RED SPOTTY,United Kingdom
521700,21495,SKULLS AND CROSSBONES WRAP,United Kingdom
521700,21498,RED SPOTS  WRAP,United Kingdom
521700,21544,SKULLS  WATER TRANSFER TATTOOS,United Kingdom
521700,21843,RED RETROSPOT CAKE STAND,United Kingdom
521700,22040,BOTANICAL ROSE GIFT WRAP,United Kingdom
521700,22271,FELTCRAFT DOLL ROSIE,United Kingdom
521700,22273,FELTCRAFT DOLL MOLLY,United Kingdom
521700,22274,FELTCRAFT DOLL EMILY,United Kingdom
521700,22568,FELTCRAFT CUSHION OWL,United Kingdom
521700,22569,FELTCRAFT CUSHION BUTTERFLY,United Kingdom
521700,22570,FELTCRAFT CUSHION RABBIT,United Kingdom
521700,22749,FELTCRAFT PRINCESS CHARLOTTE DOLL,United Kingdom
521700,22750,FELTCRAFT PRINCESS LOLA DOLL,United Kingdom
521700,22751,FELTCRAFT PRINCESS OLIVIA DOLL,United Kingdom
521700,22759,SET OF 3 NOTEBOOKS IN PARCEL,United Kingdom
521700,22986,GINGHAM ROSE WRAP,United Kingdom
521700,48189,DOORMAT FRIENDSHIP,United Kingdom
521700,85040A,S/4 PINK FLOWER CANDLES IN BOWL,United Kingdom
521700,85040B,SET/4 BLUE FLOWER CANDLES IN BOWL,United Kingdom
521700,85123A,WHITE HANGING HEART T-LIGHT HOLDER,United Kingdom
521700,85174,S/4 CACTI CANDLES,United Kingdom
521700,85175,CACTI T-LIGHT CANDLES,United Kingdom
521771,20719,WOODLAND CHARLOTTE BAG,United Kingdom
521771,20723,STRAWBERRY CHARLOTTE BAG,United Kingdom
521771,20724,RED SPOTTY CHARLOTTE BAG,United Kingdom
521771,20914,SET/5 RED SPOTTY LID GLASS BOWLS,United Kingdom
521771,20967,GREY FLORAL FELTCRAFT SHOULDER BAG,United Kingdom
521771,20969,RED FLORAL FELTCRAFT SHOULDER BAG,United Kingdom
521771,20970,PINK FLORAL FELTCRAFT SHOULDER BAG,United Kingdom
521771,21098,CHRISTMAS TOILET ROLL,United Kingdom
521771,21491,SET OF THREE VINTAGE GIFT WRAPS,United Kingdom
521771,21587,COSY HOUR GIANT TUBE MATCHES,United Kingdom
521771,21704,BAG 250g SWIRLY MARBLES,United Kingdom
521771,21790,VINTAGE SNAP CARDS,United Kingdom
521771,21791,VINTAGE HEADS AND TAILS CARD GAME,United Kingdom
521771,21823,PAINTED METAL HEART WITH HOLLY BELL,United Kingdom
521771,21824,PAINTED METAL STAR WITH HOLLY BELLS,United Kingdom
521771,21825,PAINTED METAL TREE WITH HOLLY BELLS,United Kingdom
521771,21891,TRADITIONAL WOODEN SKIPPING ROPE,United Kingdom
521771,21892,TRADITIONAL WOODEN CATCH CUP GAME,United Kingdom
521771,21931,JUMBO STORAGE BAG SUKI,United Kingdom
521771,21974,SET OF 36 PAISLEY FLOWER DOILIES,United Kingdom
521771,21976,PACK OF 60 MUSHROOM CAKE CASES,United Kingdom
521771,21977,PACK OF 60 PINK PAISLEY CAKE CASES,United Kingdom
521771,22130,PARTY CONE CHRISTMAS DECORATION,United Kingdom
521771,22145,CHRISTMAS CRAFT HEART STOCKING,United Kingdom
521771,22147,FELTCRAFT BUTTERFLY HEARTS,United Kingdom
521771,22186,RED STAR CARD HOLDER,United Kingdom
521771,22355,CHARLOTTE BAG SUKI DESIGN,United Kingdom
521771,22356,CHARLOTTE BAG PINK WITH WHITE SPOTS,United Kingdom
521771,22379,RECYCLING BAG RETROSPOT,United Kingdom
521771,22380,TOY TIDY SPACEBOY,United Kingdom
521771,22385,JUMBO BAG SPACEBOY DESIGN,United Kingdom
521771,22386,JUMBO BAG PINK WITH WHITE SPOTS,United Kingdom
521771,22507,MEMO BOARD RETROSPOT  DESIGN,United Kingdom
521771,22548,HEADS AND TAILS SPORTING FUN,United Kingdom
521771,22568,FELTCRAFT CUSHION OWL,United Kingdom
521771,22569,FELTCRAFT CUSHION BUTTERFLY,United Kingdom
521771,22570,FELTCRAFT CUSHION RABBIT,United Kingdom
521771,22577,WOODEN HEART CHRISTMAS SCANDINAVIAN,United Kingdom
521771,22578,WOODEN STAR CHRISTMAS SCANDINAVIAN,United Kingdom
521771,22579,WOODEN TREE CHRISTMAS SCANDINAVIAN,United Kingdom
521771,22581,WOOD STOCKING CHRISTMAS SCANDISPOT,United Kingdom
521771,22591,CARDHOLDER GINGHAM CHRISTMAS TREE,United Kingdom
521771,22592,CARDHOLDER HOLLY WREATH METAL,United Kingdom
521771,22593,CHRISTMAS GINGHAM STAR,United Kingdom
521771,22594,CHRISTMAS GINGHAM TREE,United Kingdom
521771,22595,CHRISTMAS GINGHAM HEART,United Kingdom
521771,22624,IVORY KITCHEN SCALES,United Kingdom
521771,22652,TRAVEL SEWING KIT,United Kingdom
521771,22654,DELUXE SEWING KIT,United Kingdom
521771,22661,CHARLOTTE BAG DOLLY GIRL DESIGN,United Kingdom
521771,22663,JUMBO BAG DOLLY GIRL DESIGN,United Kingdom
521771,22665,RECIPE BOX BLUE SKETCHBOOK DESIGN,United Kingdom
521771,22666,RECIPE BOX PANTRY YELLOW DESIGN,United Kingdom
521771,22749,FELTCRAFT PRINCESS CHARLOTTE DOLL,United Kingdom
521771,22750,FELTCRAFT PRINCESS LOLA DOLL,United Kingdom
521771,22751,FELTCRAFT PRINCESS OLIVIA DOLL,United Kingdom
521771,22940,FELTCRAFT CHRISTMAS FAIRY,United Kingdom
521771,84987,SET OF 36 TEATIME PAPER DOILIES,United Kingdom
521771,84991,60 TEATIME FAIRY CAKE CASES,United Kingdom
521771,84992,72 SWEETHEART FAIRY CAKE CASES,United Kingdom
521771,85048,15CM CHRISTMAS GLASS BALL 20 LIGHTS,United Kingdom
521771,85099B,JUMBO BAG RED RETROSPOT,United Kingdom
521938,18097C,WHITE TALL PORCELAIN T-LIGHT HOLDER,United Kingdom
521938,21535,RED RETROSPOT SMALL MILK JUG,United Kingdom
521938,21651,HANGING GLASS ETCHED TEALIGHT,United Kingdom
521938,21937,STRAWBERRY   PICNIC BAG,United Kingdom
521938,22110,BIRD HOUSE HOT WATER BOTTLE,United Kingdom
521938,22460,EMBOSSED GLASS TEALIGHT HOLDER,United Kingdom
521938,71459,HANGING JAM JAR T-LIGHT HOLDER,United Kingdom
521938,72811,SMALL ZINC/GLASS CANDLEHOLDER,United Kingdom
521938,84536A,ENGLISH ROSE NOTEBOOK A7 SIZE,United Kingdom
521938,84754,S/15 SILVER GLASS BAUBLES IN BAG,United Kingdom
521938,84946,ANTIQUE SILVER TEA GLASS ETCHED,United Kingdom
521938,84949,SILVER HANGING T-LIGHT HOLDER,United Kingdom
521938,85042,ANTIQUE LILY FAIRY LIGHTS,United Kingdom
522016,20685,DOORMAT RED SPOT,United Kingdom
522016,21258,VICTORIAN SEWING BOX LARGE,United Kingdom
522016,21259,VICTORIAN SEWING BOX SMALL,United Kingdom
522016,21390,FILIGRIS HEART WITH BUTTERFLY,United Kingdom
522016,21523,DOORMAT FANCY FONT HOME SWEET HOME,United Kingdom
522016,21671,RED SPOT CERAMIC DRAWER KNOB,United Kingdom
522016,21672,WHITE SPOT RED CERAMIC DRAWER KNOB,United Kingdom
522016,21754,HOME BUILDING BLOCK WORD,United Kingdom
522016,22121,NOEL WOODEN BLOCK LETTERS,United Kingdom
522016,22189,CREAM HEART CARD HOLDER,United Kingdom
522016,22423,REGENCY CAKESTAND 3 TIER,United Kingdom
522016,48194,DOORMAT HEARTS,United Kingdom
522016,84598,BOYS ALPHABET IRON ON PATCHES,United Kingdom
522016,84884A,ANT WHITE WIRE HEART SPIRAL,United Kingdom
522016,85066,CREAM SWEETHEART MINI CHEST,United Kingdom
522117,20985,HEART CALCULATOR,United Kingdom
522117,21034,REX CASH+CARRY JUMBO SHOPPER,United Kingdom
522117,21164,HOME SWEET HOME METAL SIGN,United Kingdom
522117,21165,BEWARE OF THE CAT METAL SIGN,United Kingdom
522117,21179,NO JUNK MAIL METAL SIGN,United Kingdom
522117,21590,KINGS CHOICE CIGAR BOX MATCHES,United Kingdom
522117,21591,COSY HOUR CIGAR BOX MATCHES,United Kingdom
522117,21733,RED HANGING HEART T-LIGHT HOLDER,United Kingdom
522117,21733,RED HANGING HEART T-LIGHT HOLDER,United Kingdom
522117,21755,LOVE BUILDING BLOCK WORD,United Kingdom
522117,21870,I CAN ONLY PLEASE ONE PERSON MUG,United Kingdom
522117,21874,GIN AND TONIC MUG,United Kingdom
522117,21929,JUMBO BAG PINK VINTAGE PAISLEY,United Kingdom
522117,21930,JUMBO STORAGE BAG SKULLS,United Kingdom
522117,21931,JUMBO STORAGE BAG SUKI,United Kingdom
522117,21967,PACK OF 12 SKULL TISSUES,United Kingdom
522117,21980,PACK OF 12 RED SPOTTY TISSUES,United Kingdom
522117,21980,PACK OF 12 RED SPOTTY TISSUES,United Kingdom
522117,21981,PACK OF 12 WOODLAND TISSUES,United Kingdom
522117,21981,PACK OF 12 WOODLAND TISSUES,United Kingdom
522117,21982,PACK OF 12 SUKI TISSUES,United Kingdom
522117,21982,PACK OF 12 SUKI TISSUES,United Kingdom
522117,21984,PACK OF 12 PINK PAISLEY TISSUES,United Kingdom
522117,22077,6 RIBBONS RUSTIC CHARM,United Kingdom
522117,22086,PAPER CHAIN KIT 50'S CHRISTMAS,United Kingdom
522117,22089,PAPER BUNTING VINTAGE PAISLEY,United Kingdom
522117,22095,LADS ONLY TISSUE BOX,United Kingdom
522117,22098,BOUDOIR SQUARE TISSUE BOX,United Kingdom
522117,22100,SKULLS SQUARE TISSUE BOX,United Kingdom
522117,22151,PLACE SETTING WHITE HEART,United Kingdom
522117,22173,METAL 4 HOOK HANGER FRENCH CHATEAU,United Kingdom
522117,22275,WEEKEND BAG VINTAGE ROSE PAISLEY,United Kingdom
522117,22277,COSMETIC BAG VINTAGE ROSE PAISLEY,United Kingdom
522117,22277,COSMETIC BAG VINTAGE ROSE PAISLEY,United Kingdom
522117,22278,OVERNIGHT BAG VINTAGE ROSE PAISLEY,United Kingdom
522117,22280,POCKET BAG PINK PAISELY BROWN SPOT,United Kingdom
522117,22355,CHARLOTTE BAG SUKI DESIGN,United Kingdom
522117,22359,GLASS JAR KINGS CHOICE,United Kingdom
522117,22359,GLASS JAR KINGS CHOICE,United Kingdom
522117,22361,GLASS JAR DAISY FRESH COTTON WOOL,United Kingdom
522117,22362,GLASS JAR PEACOCK BATH SALTS,United Kingdom
522117,22364,GLASS JAR DIGESTIVE BISCUITS,United Kingdom
522117,22470,HEART OF WICKER LARGE,United Kingdom
522117,22488,NATURAL SLATE RECTANGLE CHALKBOARD,United Kingdom
522117,22614,PACK OF 12 SPACEBOY TISSUES,United Kingdom
522117,22614,PACK OF 12 SPACEBOY TISSUES,United Kingdom
522117,82567,"AIRLINE LOUNGE,METAL SIGN",United Kingdom
522117,84509A,SET OF 4 ENGLISH ROSE PLACEMATS,United Kingdom
522117,84593,CROCHET ROSE DES CLOTHES HANGER,United Kingdom
522117,84600,NEW BAROQUE JEWELLERY BOX,United Kingdom
522117,84670,JAPANESE CROCHETED ANIMAL,United Kingdom
522117,84670,JAPANESE CROCHETED ANIMAL,United Kingdom
522117,84879,ASSORTED COLOUR BIRD ORNAMENT,United Kingdom
522117,84912A,PINK ROSE WASHBAG,United Kingdom
522117,84978,HANGING HEART JAR T-LIGHT HOLDER,United Kingdom
522117,85123A,WHITE HANGING HEART T-LIGHT HOLDER,United Kingdom
522125,20830,SILVER PHOTO FRAME,United Kingdom
522125,20831,GOLD PHOTO FRAME,United Kingdom
522125,22386,JUMBO BAG PINK WITH WHITE SPOTS,United Kingdom
522125,22423,REGENCY CAKESTAND 3 TIER,United Kingdom
522125,22661,CHARLOTTE BAG DOLLY GIRL DESIGN,United Kingdom
522125,22663,JUMBO BAG DOLLY GIRL DESIGN,United Kingdom
522125,22697,GREEN REGENCY TEACUP AND SAUCER,United Kingdom
522125,22698,PINK REGENCY TEACUP AND SAUCER,United Kingdom
522125,22699,ROSES REGENCY TEACUP AND SAUCER,United Kingdom
522125,22708,WRAP DOLLY GIRL,United Kingdom
522125,35004C,SET OF 3 COLOURED  FLYING DUCKS,United Kingdom
522125,85124B,BLUE JUICY FRUIT PHOTO FRAME,United Kingdom
522125,85124C,GREEN JUICY FRUIT PHOTO FRAME,United Kingdom
522421,21207,SKULL AND CROSSBONES  GARLAND,Netherlands
522421,21829,DINOSAUR KEYRINGS ASSORTED,Netherlands
522421,21987,PACK OF 6 SKULL PAPER CUPS,Netherlands
522421,22132,RED LOVE HEART SHAPE CUP,Netherlands
522421,22334,DINOSAUR PARTY BAG + STICKER SET,Netherlands
522421,22423,REGENCY CAKESTAND 3 TIER,Netherlands
522421,22437,SET OF 9 BLACK SKULL BALLOONS,Netherlands
522421,22582,PACK OF 6 SWEETIE GIFT BOXES,Netherlands
522421,22583,PACK OF 6 HANDBAG GIFT BOXES,Netherlands
522421,22584,PACK OF 6 PANNETONE GIFT BOXES,Netherlands
522421,84380,SET OF 3 BUTTERFLY COOKIE CUTTERS,Netherlands
522421,84991,60 TEATIME FAIRY CAKE CASES,Netherlands
522421,POST,POSTAGE,Netherlands
522583,20914,SET/5 RED SPOTTY LID GLASS BOWLS,United Kingdom
522583,21707,"FOLDING UMBRELLA , BLACK/BLUE  SPOT",United Kingdom
522583,22423,REGENCY CAKESTAND 3 TIER,United Kingdom
522583,22424,ENAMEL BREAD BIN CREAM,United Kingdom
522583,22425,ENAMEL COLANDER CREAM,United Kingdom
522583,22624,IVORY KITCHEN SCALES,United Kingdom
522583,22627,MINT KITCHEN SCALES,United Kingdom
522583,22627,MINT KITCHEN SCALES,United Kingdom
522583,22666,RECIPE BOX PANTRY YELLOW DESIGN,United Kingdom
522583,22697,GREEN REGENCY TEACUP AND SAUCER,United Kingdom
522583,22698,PINK REGENCY TEACUP AND SAUCER,United Kingdom
522583,22699,ROSES REGENCY TEACUP AND SAUCER,United Kingdom
522583,37474,SET/4 2 TONE EGG SHAPE MIXING BOWLS,United Kingdom
522626,21217,RED SPOTTY ROUND CAKE TINS,United Kingdom
522626,21527,RED RETROSPOT TRADITIONAL TEAPOT,United Kingdom
522626,21535,RED RETROSPOT SMALL MILK JUG,United Kingdom
522626,21733,RED HANGING HEART T-LIGHT HOLDER,United Kingdom
522626,21741,COSY SLIPPER SHOES LARGE GREEN,United Kingdom
522626,21844,RED RETROSPOT MUG,United Kingdom
522626,21906,PHARMACIE FIRST AID TIN,United Kingdom
522626,22194,BLACK DINER WALL CLOCK,United Kingdom
522626,22245,"HOOK, 1 HANGER ,MAGIC GARDEN",United Kingdom
522626,22423,REGENCY CAKESTAND 3 TIER,United Kingdom
522626,22444,GROW YOUR OWN PLANT IN A CAN,United Kingdom
522626,22456,NATURAL SLATE CHALKBOARD LARGE,United Kingdom
522626,22471,TV DINNER TRAY AIR HOSTESS,United Kingdom
522626,22505,MEMO BOARD COTTAGE DESIGN,United Kingdom
522626,22585,PACK OF 6 BIRDY GIFT TAGS,United Kingdom
522626,22624,IVORY KITCHEN SCALES,United Kingdom
522626,35004C,SET OF 3 COLOURED  FLYING DUCKS,United Kingdom
522626,37448,CERAMIC CAKE DESIGN SPOTTED MUG,United Kingdom
522626,71477,COLOUR GLASS. STAR T-LIGHT HOLDER,United Kingdom
522626,79321,CHILLI LIGHTS,United Kingdom
522626,82484,WOOD BLACK BOARD ANT WHITE FINISH,United Kingdom
522626,82486,WOOD S/3 CABINET ANT WHITE FINISH,United Kingdom
522626,84792,ENCHANTED BIRD COATHANGER 5 HOOK,United Kingdom
522626,84879,ASSORTED COLOUR BIRD ORNAMENT,United Kingdom
522626,85042,ANTIQUE LILY FAIRY LIGHTS,United Kingdom
522626,85047,WHITE BEADED GARLAND STRING 20LIGHT,United Kingdom
522626,85123A,WHITE HANGING HEART T-LIGHT HOLDER,United Kingdom
522712,20677,PINK SPOTTY BOWL,France
522712,20719,WOODLAND CHARLOTTE BAG,France
522712,22444,GROW YOUR OWN PLANT IN A CAN,France
522712,POST,POSTAGE,France
522725,20829,GLITTER HANGING BUTTERFLY STRING,United Kingdom
522725,21314,SMALL GLASS HEART TRINKET POT,United Kingdom
522725,21488,RED WHITE SCARF  HOT WATER BOTTLE,United Kingdom
522725,22049,WRAP CHRISTMAS SCREEN PRINT,United Kingdom
522725,22585,PACK OF 6 BIRDY GIFT TAGS,United Kingdom
522725,22670,FRENCH WC SIGN BLUE METAL,United Kingdom
522725,22671,FRENCH LAUNDRY SIGN BLUE METAL,United Kingdom
522725,22672,FRENCH BATHROOM SIGN BLUE METAL,United Kingdom
522725,22675,FRENCH KITCHEN SIGN BLUE METAL,United Kingdom
522725,46000M,POLYESTER FILLER PAD 45x45cm,United Kingdom
522725,46000S,POLYESTER FILLER PAD 40x40cm,United Kingdom
522725,84879,ASSORTED COLOUR BIRD ORNAMENT,United Kingdom
522725,84946,ANTIQUE SILVER TEA GLASS ETCHED,United Kingdom
522769,18098C,PORCELAIN BUTTERFLY OIL BURNER,United Kingdom
522769,20914,SET/5 RED RETROSPOT LID GLASS BOWLS,United Kingdom
522769,20969,RED FLORAL FELTCRAFT SHOULDER BAG,United Kingdom
522769,21034,REX CASH+CARRY JUMBO SHOPPER,United Kingdom
522769,21213,PACK OF 72 SKULL CAKE CASES,United Kingdom
522769,21232,STRAWBERRY CERAMIC TRINKET BOX,United Kingdom
522769,21238,RED SPOTTY CUP,United Kingdom
522769,21239,PINK  SPOTTY CUP,United Kingdom
522769,21240,BLUE  SPOTTY CUP,United Kingdom
522769,21241,GREEN SPOTTY CUP,United Kingdom
522769,21361,LOVE LARGE WOOD LETTERS,United Kingdom
522769,21369,MIRRORED WALL ART SPLODGES,United Kingdom
522769,21481,FAWN BLUE HOT WATER BOTTLE,United Kingdom
522769,21499,BLUE SPOTS  WRAP,United Kingdom
522769,21559,STRAWBERRY LUNCH BOX WITH CUTLERY,United Kingdom
522769,21704,BAG 250g SWIRLY MARBLES,United Kingdom
522769,21918,SET 12 KIDS COLOUR  CHALK STICKS,United Kingdom
522769,22055,MINI CAKE STAND  HANGING STRAWBERY,United Kingdom
522769,22131,FOOD CONTAINER SET 3 LOVE HEART,United Kingdom
522769,22175,PINK OWL SOFT TOY,United Kingdom
522769,22176,BLUE OWL SOFT TOY,United Kingdom
522769,22198,LARGE POPCORN HOLDER,United Kingdom
522769,22271,FELTCRAFT DOLL ROSIE,United Kingdom
522769,22423,REGENCY CAKESTAND 3 TIER,United Kingdom
522769,22553,PLASTERS IN TIN SKULLS,United Kingdom
522769,22625,RED KITCHEN SCALES,United Kingdom
522769,22636,CHILDS BREAKFAST SET CIRCUS PARADE,United Kingdom
522769,22644,CERAMIC CHERRY CAKE MONEY BANK,United Kingdom
522769,22646,CERAMIC STRAWBERRY CAKE MONEY BANK,United Kingdom
522769,22697,GREEN REGENCY TEACUP AND SAUCER,United Kingdom
522769,22698,PINK REGENCY TEACUP AND SAUCER,United Kingdom
522769,22699,ROSES REGENCY TEACUP AND SAUCER,United Kingdom
522769,22867,HAND WARMER BIRD DESIGN,United Kingdom
522769,35400,WOODEN BOX ADVENT CALENDAR,United Kingdom
522769,35607B,BLACK FEATHER CHRISTMAS DECORATION,United Kingdom
522769,72529W,WHITE ADVENT CANDLE,United Kingdom
522769,79164,BLACK WINE GLASS,United Kingdom
522769,84032A,CHARLIE+LOLA PINK HOT WATER BOTTLE,United Kingdom
522769,84032B,CHARLIE + LOLA RED HOT WATER BOTTLE,United Kingdom
522769,84792,ENCHANTED BIRD COATHANGER 5 HOOK,United Kingdom
522769,84997A,GREEN 3 PIECE MINI DOTS CUTLERY SET,United Kingdom
522769,84997D,PINK 3 PIECE MINI DOTS CUTLERY SET,United Kingdom
522802,17164B,ASS COL SMALL SAND GECKO P'WEIGHT,United Kingdom
522802,17164B,ASS COL SMALL SAND GECKO P'WEIGHT,United Kingdom
522802,17165B,ASS COL LARGE SAND GECKO P'WEIGHT,United Kingdom
522802,20755,BLUE PAISLEY POCKET BOOK,United Kingdom
522802,20756,GREEN FERN POCKET BOOK,United Kingdom
522802,21010,ETCHED GLASS BIRD TREE DECORATION,United Kingdom
522802,21069,VINTAGE BILLBOARD TEA MUG,United Kingdom
522802,21363,HOME SMALL WOOD LETTERS,United Kingdom
522802,21703,BAG 125g SWIRLY MARBLES,United Kingdom
522802,21703,BAG 125g SWIRLY MARBLES,United Kingdom
522802,21900,"KEY FOB , SHED",United Kingdom
522802,21901,"KEY FOB , BACK DOOR",United Kingdom
522802,21918,SET 12 KIDS COLOUR  CHALK STICKS,United Kingdom
522802,22065,CHRISTMAS PUDDING TRINKET POT,United Kingdom
522802,22068,BLACK PIRATE TREASURE CHEST,United Kingdom
522802,22158,3 HEARTS HANGING DECORATION RUSTIC,United Kingdom
522802,22158,3 HEARTS HANGING DECORATION RUSTIC,United Kingdom
522802,22248,DECORATION  PINK CHICK MAGIC GARDEN,United Kingdom
522802,22457,NATURAL SLATE HEART CHALKBOARD,United Kingdom
522802,22508,DOORSTOP RETROSPOT HEART,United Kingdom
522802,22528,GARDENERS KNEELING PAD,United Kingdom
522802,22555,PLASTERS IN TIN STRONGMAN,United Kingdom
522802,22556,PLASTERS IN TIN CIRCUS PARADE,United Kingdom
522802,22620,4 TRADITIONAL SPINNING TOPS,United Kingdom
522802,22753,SMALL YELLOW BABUSHKA NOTEBOOK,United Kingdom
522802,22754,SMALL RED BABUSHKA NOTEBOOK,United Kingdom
522802,22755,SMALL PURPLE BABUSHKA NOTEBOOK,United Kingdom
522802,22909,SET OF 20 VINTAGE CHRISTMAS NAPKINS,United Kingdom
522802,35838A,S/6 MULTICOLOUR ORNAMENETAL CANDLE,United Kingdom
522802,35936,CERISE+GOLD CHRISTMAS TREE DEC,United Kingdom
522802,35937,CERISE+GOLD CHRISTMAS STOCKING DEC,United Kingdom
522802,35961,FOLKART ZINC HEART CHRISTMAS DEC,United Kingdom
522802,35962,12 ASS ZINC CHRISTMAS DECORATIONS,United Kingdom
522802,35962,12 ASS ZINC CHRISTMAS DECORATIONS,United Kingdom
522802,40005B,BLUE ORGANDY ROUND LAMPSHADE W BEA,United Kingdom
522802,47013A,WINE BOTTLE DRESSING LT.BLUE,United Kingdom
522802,47013C,WINE BOTTLE DRESSING DARK BLUE,United Kingdom
522802,47344B,BLUE FLOWER DES PURSE,United Kingdom
522802,72586,"S/6 HALLOWEEN GHOST T LIGHTS, 5CM H",United Kingdom
522802,72606A,BROWN ANTIQUE CUBE CANDLE,United Kingdom
522802,79066K,RETRO MOD TRAY,United Kingdom
522802,79144B,PAINTED LIGHTBULB STAR+ MOON,United Kingdom
522802,79144C,PAINTED LIGHTBULB RAINBOW DESIGN,United Kingdom
522802,84692,BOX OF 24 COCKTAIL PARASOLS,United Kingdom
522802,84970L,SINGLE HEART ZINC T-LIGHT HOLDER,United Kingdom
522802,84977,WIRE FLOWER T-LIGHT HOLDER,United Kingdom
522802,84985A,SET OF 72 GREEN PAPER DOILIES,United Kingdom
522802,85099B,JUMBO BAG RED RETROSPOT,United Kingdom
522802,85172,HYACINTH BULB T-LIGHT CANDLES,United Kingdom
522802,85184D,S/4 BLUE ROUND DECOUPAGE BOXES,United Kingdom
522802,85199S,SMALL HANGING IVORY/RED WOOD BIRD,United Kingdom
523005,20771,CHRYSANTHEMUM  JOURNAL,United Kingdom
523005,21231,SWEETHEART CERAMIC TRINKET BOX,United Kingdom
523005,21232,STRAWBERRY CERAMIC TRINKET BOX,United Kingdom
523005,21350,GINGHAM HEART WREATH,United Kingdom
523005,21350,GINGHAM HEART WREATH,United Kingdom
523005,21350,GINGHAM HEART WREATH,United Kingdom
523005,21485,RED SPOT HEART HOT WATER BOTTLE,United Kingdom
523005,21490,SET OF THREE 50'S GIFT WRAPS,United Kingdom
523005,21490,SET OF THREE 50'S GIFT WRAPS,United Kingdom
523005,22077,6 RIBBONS RUSTIC CHARM,United Kingdom
523005,22111,SCOTTIE DOG HOT WATER BOTTLE,United Kingdom
523005,22112,CHOCOLATE HOT WATER BOTTLE,United Kingdom
523005,22470,HEART OF WICKER LARGE,United Kingdom
523005,22644,CERAMIC CHERRY CAKE MONEY BANK,United Kingdom
523005,22645,CERAMIC HEART FAIRY CAKE MONEY BANK,United Kingdom
523005,22647,CERAMIC LOVE HEART MONEY BANK,United Kingdom
523005,22647,CERAMIC LOVE HEART MONEY BANK,United Kingdom
523005,22737,RIBBON REEL CHRISTMAS PRESENT,United Kingdom
523005,22866,HAND WARMER SCOTTY DOG DESIGN,United Kingdom
523005,22866,HAND WARMER SCOTTY DOG DESIGN,United Kingdom
523005,37482P,CUBIC MUG PINK POLKA DOT,United Kingdom
523005,37509,NEW ENGLAND MUG W GIFT BOX,United Kingdom
523005,71053,WHITE METAL LANTERN,United Kingdom
523005,72122,COFFEE SCENT PILLAR CANDLE,United Kingdom
523005,82482,WOODEN PICTURE FRAME WHITE FINISH,United Kingdom
523005,82482,WOODEN PICTURE FRAME WHITE FINISH,United Kingdom
523005,82483,WOOD 2 DRAWER CABINET WHITE FINISH,United Kingdom
523005,82483,WOOD 2 DRAWER CABINET WHITE FINISH,United Kingdom
523005,82486,WOOD S/3 CABINET ANT WHITE FINISH,United Kingdom
523005,82486,WOOD S/3 CABINET ANT WHITE FINISH,United Kingdom
523005,82486,WOOD S/3 CABINET ANT WHITE FINISH,United Kingdom
523005,82494L,WOODEN FRAME ANTIQUE WHITE,United Kingdom
523005,82494L,WOODEN FRAME ANTIQUE WHITE,United Kingdom
523005,84029E,RED WOOLLY HOTTIE WHITE HEART.,United Kingdom
523005,85049A,TRADITIONAL CHRISTMAS RIBBONS,United Kingdom
523005,85049E,SCANDINAVIAN REDS RIBBONS,United Kingdom
523005,85049G,CHOCOLATE BOX RIBBONS,United Kingdom
523005,85123A,WHITE HANGING HEART T-LIGHT HOLDER,United Kingdom
523124,22152,PLACE SETTING WHITE STAR,United Kingdom
523124,22909,SET OF 20 VINTAGE CHRISTMAS NAPKINS,United Kingdom
523124,22950,SET OF 36 DOILIES VINTAGE CHRISTMAS,United Kingdom
523124,22952,SET 72 CAKE CASES VINTAGE CHRISTMAS,United Kingdom
523201,21232,STRAWBERRY CERAMIC TRINKET BOX,United Kingdom
523201,21481,FAWN BLUE HOT WATER BOTTLE,United Kingdom
523201,22379,RECYCLING BAG RETROSPOT,United Kingdom
523201,22381,TOY TIDY PINK RETROSPOT,United Kingdom
523201,22664,TOY TIDY DOLLY GIRL DESIGN,United Kingdom
523201,22666,RECIPE BOX PANTRY YELLOW DESIGN,United Kingdom
523201,22671,FRENCH LAUNDRY SIGN BLUE METAL,United Kingdom
523201,22672,FRENCH BATHROOM SIGN BLUE METAL,United Kingdom
523201,22674,FRENCH TOILET SIGN BLUE METAL,United Kingdom
523201,22675,FRENCH KITCHEN SIGN BLUE METAL,United Kingdom
523201,22715,CARD WEDDING DAY,United Kingdom
523201,22865,HAND WARMER OWL DESIGN,United Kingdom
523201,22866,HAND WARMER SCOTTY DOG DESIGN,United Kingdom
523215,21034,REX CASH+CARRY JUMBO SHOPPER,United Kingdom
523215,21202,DOLLY HONEYCOMB GARLAND,United Kingdom
523215,21206,STRAWBERRY HONEYCOMB  GARLAND,United Kingdom
523215,22083,PAPER CHAIN KIT RETRO SPOT,United Kingdom
523215,22086,PAPER CHAIN KIT 50'S CHRISTMAS,United Kingdom
523215,22090,PAPER BUNTING RETRO SPOTS,United Kingdom
523215,22145,CHRISTMAS CRAFT HEART STOCKING,United Kingdom
523215,22571,ROCKING HORSE RED CHRISTMAS,United Kingdom
523215,22572,ROCKING HORSE GREEN CHRISTMAS,United Kingdom
523215,22573,STAR WOODEN CHRISTMAS DECORATION,United Kingdom
523215,22574,HEART WOODEN CHRISTMAS DECORATION,United Kingdom
523215,22575,METAL MERRY CHRISTMAS WREATH,United Kingdom
523215,22577,WOODEN HEART CHRISTMAS SCANDINAVIAN,United Kingdom
523215,22578,WOODEN STAR CHRISTMAS SCANDINAVIAN,United Kingdom
523215,22579,WOODEN TREE CHRISTMAS SCANDINAVIAN,United Kingdom
523215,22580,ADVENT CALENDAR GINGHAM SACK,United Kingdom
523215,22581,WOOD STOCKING CHRISTMAS SCANDISPOT,United Kingdom
523215,22910,PAPER CHAIN KIT VINTAGE CHRISTMAS,United Kingdom
523215,22911,PAPER CHAIN KIT LONDON,United Kingdom
523215,22952,60 CAKE CASES VINTAGE CHRISTMAS,United Kingdom
523215,35832,WOOLLY HAT SOCK GLOVE ADVENT STRING,United Kingdom
523215,35970,ZINC FOLKART SLEIGH BELLS,United Kingdom
523376,15056BL,EDWARDIAN PARASOL BLACK,United Kingdom
523376,20679,EDWARDIAN PARASOL RED,United Kingdom
523376,21071,VINTAGE BILLBOARD DRINK ME MUG,United Kingdom
523376,21156,RETROSPOT CHILDRENS APRON,United Kingdom
523376,21504,SKULLS GREETING CARD,United Kingdom
523376,21508,VINTAGE KID DOLLY CARD,United Kingdom
523376,21509,COWBOYS AND INDIANS BIRTHDAY CARD,United Kingdom
523376,21870,I CAN ONLY PLEASE ONE PERSON MUG,United Kingdom
523376,21874,GIN AND TONIC MUG,United Kingdom
523376,22023,EMPIRE BIRTHDAY CARD,United Kingdom
523376,22026,BANQUET BIRTHDAY  CARD,United Kingdom
523376,22029,SPACEBOY BIRTHDAY CARD,United Kingdom
523376,22113,GREY HEART HOT WATER BOTTLE,United Kingdom
523376,22367,CHILDRENS APRON SPACEBOY DESIGN,United Kingdom
523376,22468,BABUSHKA LIGHTS STRING OF 10,United Kingdom
523376,35647,VINTAGE BEAD PINK SHADE,United Kingdom
523376,37370,RETRO COFFEE MUGS ASSORTED,United Kingdom
523376,71477,COLOUR GLASS. STAR T-LIGHT HOLDER,United Kingdom
523376,72741,GRAND CHOCOLATECANDLE,United Kingdom
523376,82482,WOODEN PICTURE FRAME WHITE FINISH,United Kingdom
523376,82483,WOOD 2 DRAWER CABINET WHITE FINISH,United Kingdom
523376,82486,WOOD S/3 CABINET ANT WHITE FINISH,United Kingdom
523376,82494L,WOODEN FRAME ANTIQUE WHITE,United Kingdom
523376,85123A,WHITE HANGING HEART T-LIGHT HOLDER,United Kingdom
523541,20972,PINK CREAM FELT CRAFT TRINKET BOX,United Kingdom
523541,21137,BLACK RECORD COVER FRAME,United Kingdom
523541,21754,HOME BUILDING BLOCK WORD,United Kingdom
523541,21755,LOVE BUILDING BLOCK WORD,United Kingdom
523541,22041,"RECORD FRAME 7"" SINGLE SIZE",United Kingdom
523541,22112,CHOCOLATE HOT WATER BOTTLE,United Kingdom
523541,22120,WELCOME  WOODEN BLOCK LETTERS,United Kingdom
523541,22149,FELTCRAFT 6 FLOWER FRIENDS,United Kingdom
523541,22689,DOORMAT MERRY CHRISTMAS RED,United Kingdom
523541,22732,3D STICKERS VINTAGE CHRISTMAS,United Kingdom
523541,22734,SET OF 6 RIBBONS VINTAGE CHRISTMAS,United Kingdom
523541,22749,FELTCRAFT PRINCESS CHARLOTTE DOLL,United Kingdom
523541,22835,HOT WATER BOTTLE I AM SO POORLY,United Kingdom
523541,22909,SET OF 20 VINTAGE CHRISTMAS NAPKINS,United Kingdom
523541,22944,CHRISTMAS METAL POSTCARD WITH BELLS,United Kingdom
523541,22950,36 DOILIES VINTAGE CHRISTMAS,United Kingdom
523541,22952,72 CAKE CASES VINTAGE CHRISTMAS,United Kingdom
523554,20846,ZINC HEART LATTICE T-LIGHT HOLDER,United Kingdom
523554,22138,BAKING SET 9 PIECE RETROSPOT,United Kingdom
523554,22151,PLACE SETTING WHITE HEART,United Kingdom
523554,22734,SET OF 6 RIBBONS VINTAGE CHRISTMAS,United Kingdom
523554,22910,PAPER CHAIN KIT VINTAGE CHRISTMAS,United Kingdom
523554,84946,ANTIQUE SILVER TEA GLASS ETCHED,United Kingdom
523554,84947,ANTIQUE SILVER TEA GLASS ENGRAVED,United Kingdom
523554,85042,ANTIQUE LILY FAIRY LIGHTS,United Kingdom
523555,21841,BABY MOUSE RED GINGHAM DRESS,United Kingdom
523555,22295,HEART FILIGREE DOVE LARGE,United Kingdom
523563,21385,IVORY HANGING DECORATION  HEART,United Kingdom
523563,21485,RED SPOT HEART HOT WATER BOTTLE,United Kingdom
523563,21488,RED WHITE SCARF  HOT WATER BOTTLE,United Kingdom
523563,21787,RAIN PONCHO WITH RED SPOTS,United Kingdom
523563,22077,6 RIBBONS RUSTIC CHARM,United Kingdom
523563,22111,SCOTTIE DOG HOT WATER BOTTLE,United Kingdom
523563,22113,GREY HEART HOT WATER BOTTLE,United Kingdom
523563,22296,HEART IVORY TRELLIS LARGE,United Kingdom
523563,22297,HEART IVORY TRELLIS SMALL,United Kingdom
523563,22423,REGENCY CAKESTAND 3 TIER,United Kingdom
523563,22573,STAR WOODEN CHRISTMAS DECORATION,United Kingdom
523563,22574,HEART WOODEN CHRISTMAS DECORATION,United Kingdom
523563,22585,PACK OF 6 BIRDY GIFT TAGS,United Kingdom
523563,22595,CHRISTMAS GINGHAM HEART,United Kingdom
523563,22734,SET OF 6 RIBBONS VINTAGE CHRISTMAS,United Kingdom
523563,22815,CARD PSYCHEDELIC APPLES,United Kingdom
523563,22910,PAPER CHAIN KIT VINTAGE CHRISTMAS,United Kingdom
523563,84029E,RED WOOLLY HOTTIE WHITE HEART.,United Kingdom
523563,84879,ASSORTED COLOUR BIRD ORNAMENT,United Kingdom
523563,84970S,HANGING HEART ZINC T-LIGHT HOLDER,United Kingdom
523577,84858C,PINK RIVIERA HANDBAG,United Kingdom
523650,20828,GLITTER BUTTERFLY CLIPS,United Kingdom
523650,21033,JUMBO BAG CHARLIE AND LOLA TOYS,United Kingdom
523650,21134,VICTORIAN METAL POSTCARD CHRISTMAS,United Kingdom
523650,21239,PINK  POLKADOT CUP,United Kingdom
523650,21240,BLUE POLKADOT CUP,United Kingdom
523650,21682,LARGE MEDINA STAMPED METAL BOWL,United Kingdom
523650,21788,KIDS RAIN MAC BLUE,United Kingdom
523650,21789,KIDS RAIN MAC PINK,United Kingdom
523650,21955,DOORMAT UNION JACK GUNS AND ROSES,United Kingdom
523650,22086,PAPER CHAIN KIT 50'S CHRISTMAS,United Kingdom
523650,22197,SMALL POPCORN HOLDER,United Kingdom
523650,22227,HANGING HEART MIRROR DECORATION,United Kingdom
523650,22272,FELTCRAFT DOLL MARIA,United Kingdom
523650,22294,HEART FILIGREE DOVE  SMALL,United Kingdom
523650,22295,HEART FILIGREE DOVE LARGE,United Kingdom
523650,22297,HEART IVORY TRELLIS SMALL,United Kingdom
523650,22297,HEART IVORY TRELLIS SMALL,United Kingdom
523650,22382,LUNCH BAG SPACEBOY DESIGN,United Kingdom
523650,22431,WATERING CAN BLUE ELEPHANT,United Kingdom
523650,22493,PAINT YOUR OWN CANVAS SET,United Kingdom
523650,22498,WOODEN REGATTA BUNTING,United Kingdom
523650,22500,SET OF 2 TINS JARDIN DE PROVENCE,United Kingdom
523650,22505,MEMO BOARD COTTAGE DESIGN,United Kingdom
523650,22507,MEMO BOARD RETROSPOT  DESIGN,United Kingdom
523650,22520,CHILDS GARDEN TROWEL BLUE,United Kingdom
523650,22521,CHILDS GARDEN TROWEL PINK,United Kingdom
523650,22559,SEASIDE FLYING DISC,United Kingdom
523650,22624,IVORY KITCHEN SCALES,United Kingdom
523650,22907,PACK OF 20 NAPKINS PANTRY DESIGN,United Kingdom
523650,22983,"CARD, BILLBOARD FONT",United Kingdom
523650,35240,ENAMEL BLUE RIM OVAL TRAY SET/2,United Kingdom
523650,82482,WOODEN PICTURE FRAME WHITE FINISH,United Kingdom
523650,82494L,WOODEN FRAME ANTIQUE WHITE,United Kingdom
523650,84675,FROG KING WATERING CAN,United Kingdom
523650,84712B,PINK JEWELLED PHOTO FRAME,United Kingdom
523650,84949,SILVER HANGING T-LIGHT HOLDER,United Kingdom
523650,84997C,BLUE 3 PIECE POLKADOT CUTLERY SET,United Kingdom
523650,84997D,PINK 3 PIECE POLKADOT CUTLERY SET,United Kingdom
523650,85063,CREAM SWEETHEART MAGAZINE RACK,United Kingdom
523658,20685,DOORMAT RED RETROSPOT,United Kingdom
523658,20711,JUMBO BAG TOYS,United Kingdom
523658,20711,JUMBO BAG TOYS,United Kingdom
523658,21231,SWEETHEART CERAMIC TRINKET BOX,United Kingdom
523658,21232,STRAWBERRY CERAMIC TRINKET BOX,United Kingdom
523658,21314,SMALL GLASS HEART TRINKET POT,United Kingdom
523658,21533,RETROSPOT LARGE MILK JUG,United Kingdom
523658,21535,RED RETROSPOT SMALL MILK JUG,United Kingdom
523658,21755,LOVE BUILDING BLOCK WORD,United Kingdom
523658,21876,POTTERING MUG,United Kingdom
523658,21955,DOORMAT UNION JACK GUNS AND ROSES,United Kingdom
523658,21955,DOORMAT UNION JACK GUNS AND ROSES,United Kingdom
523658,22111,SCOTTIE DOG HOT WATER BOTTLE,United Kingdom
523658,22112,CHOCOLATE HOT WATER BOTTLE,United Kingdom
523658,22113,GREY HEART HOT WATER BOTTLE,United Kingdom
523658,22131,FOOD CONTAINER SET 3 LOVE HEART,United Kingdom
523658,22139,RETROSPOT TEA SET CERAMIC 11 PC,United Kingdom
523658,22382,LUNCH BAG SPACEBOY DESIGN,United Kingdom
523658,22384,LUNCH BAG PINK POLKADOT,United Kingdom
523658,22386,JUMBO BAG PINK POLKADOT,United Kingdom
523658,22411,JUMBO SHOPPER VINTAGE RED PAISLEY,United Kingdom
523658,22457,NATURAL SLATE HEART CHALKBOARD,United Kingdom
523658,22469,HEART OF WICKER SMALL,United Kingdom
523658,22470,HEART OF WICKER LARGE,United Kingdom
523658,22488,NATURAL SLATE RECTANGLE CHALKBOARD,United Kingdom
523658,22753,SMALL YELLOW BABUSHKA NOTEBOOK,United Kingdom
523658,22754,SMALL RED BABUSHKA NOTEBOOK,United Kingdom
523658,22755,SMALL PURPLE BABUSHKA NOTEBOOK,United Kingdom
523658,22866,HAND WARMER SCOTTY DOG DESIGN,United Kingdom
523658,48129,DOORMAT TOPIARY,United Kingdom
523658,48173C,DOORMAT BLACK FLOCK,United Kingdom
523658,48188,DOORMAT WELCOME PUPPIES,United Kingdom
523658,48194,DOORMAT HEARTS,United Kingdom
523658,71053,WHITE METAL LANTERN,United Kingdom
523658,72807C,SET/3 VANILLA SCENTED CANDLE IN BOX,United Kingdom
523658,84077,WORLD WAR 2 GLIDERS ASSTD DESIGNS,United Kingdom
523658,85064,CREAM SWEETHEART LETTER RACK,United Kingdom
523658,85067,CREAM SWEETHEART WALL CABINET,United Kingdom
523658,85099C,JUMBO  BAG BAROQUE BLACK WHITE,United Kingdom
523658,85123A,WHITE HANGING HEART T-LIGHT HOLDER,United Kingdom
523710,16237,SLEEPING CAT ERASERS,United Kingdom
523710,20665,RED SPOTTY PURSE,United Kingdom
523710,20985,HEART CALCULATOR,United Kingdom
523710,21336,GOLD WASHBAG,United Kingdom
523710,21528,DAIRY MAID TRADITIONAL TEAPOT,United Kingdom
523710,21668,RED STRIPE CERAMIC DRAWER KNOB,United Kingdom
523710,21669,BLUE STRIPE CERAMIC DRAWER KNOB,United Kingdom
523710,21670,BLUE SPOT CERAMIC DRAWER KNOB,United Kingdom
523710,21671,RED SPOT CERAMIC DRAWER KNOB,United Kingdom
523710,21672,WHITE SPOT RED CERAMIC DRAWER KNOB,United Kingdom
523710,21673,WHITE SPOT BLUE CERAMIC DRAWER KNOB,United Kingdom
523710,21934,SKULL SHOULDER BAG,United Kingdom
523710,21935,SUKI  SHOULDER BAG,United Kingdom
523710,22070,SMALL RED RETROSPOT MUG IN BOX,United Kingdom
523710,22077,6 RIBBONS RUSTIC CHARM,United Kingdom
523710,22449,SILK PURSE BABUSHKA PINK,United Kingdom
523710,22461,SAVOY ART DECO CLOCK,United Kingdom
523710,22649,STRAWBERRY FAIRY CAKE TEAPOT,United Kingdom
523710,22676,"FRENCH BLUE METAL DOOR SIGN, 1",United Kingdom
523710,22677,"FRENCH BLUE METAL DOOR SIGN, 2",United Kingdom
523710,22678,"FRENCH BLUE METAL DOOR SIGN, 3",United Kingdom
523710,22679,"FRENCH BLUE METAL DOOR SIGN, 4",United Kingdom
523710,22680,"FRENCH BLUE METAL DOOR SIGN, 5",United Kingdom
523710,22681,"FRENCH BLUE METAL DOOR SIGN, 6",United Kingdom
523710,22682,"FRENCH BLUE METAL DOOR SIGN, 7",United Kingdom
523710,22683,"FRENCH BLUE METAL DOOR SIGN, 8",United Kingdom
523710,22684,"FRENCH BLUE METAL DOOR SIGN, 9",United Kingdom
523710,22685,"FRENCH BLUE METAL DOOR SIGN, 0",United Kingdom
523710,22686,"FRENCH BLUE METAL DOOR SIGN, No",United Kingdom
523710,22807,SET OF 6 T-LIGHTS TOADSTOOLS,United Kingdom
523710,22809,SET OF 6 T-LIGHTS SANTA,United Kingdom
523710,22810,SET OF 6 T-LIGHTS SNOWMEN,United Kingdom
523710,47594B,SCOTTIES DESIGN WASHBAG,United Kingdom
523710,82482,WOODEN PICTURE FRAME WHITE FINISH,United Kingdom
523710,82483,WOOD 2 DRAWER CABINET WHITE FINISH,United Kingdom
523710,85049B,LUSH GREENS RIBBONS,United Kingdom
523710,85049C,ROMANTIC PINKS RIBBONS,United Kingdom
523710,85049D,BRIGHT BLUES RIBBONS,United Kingdom
523710,85049H,URBAN BLACK RIBBONS,United Kingdom
523729,20972,PINK CREAM FELT CRAFT TRINKET BOX,United Kingdom
523729,22079,RIBBON REEL HEARTS DESIGN,United Kingdom
523729,22082,RIBBON REEL STRIPES DESIGN,United Kingdom
523729,22145,CHRISTMAS CRAFT HEART STOCKING,United Kingdom
523729,22147,FELTCRAFT BUTTERFLY HEARTS,United Kingdom
523729,22149,FELTCRAFT 6 FLOWER FRIENDS,United Kingdom
523729,22150,3 STRIPEY MICE FELTCRAFT,United Kingdom
523729,22652,TRAVEL SEWING KIT,United Kingdom
523729,22653,BUTTON BOX,United Kingdom
523729,22654,DELUXE SEWING KIT,United Kingdom
524017,20971,PINK BLUE FELT CRAFT TRINKET BOX,United Kingdom
524017,20972,PINK CREAM FELT CRAFT TRINKET BOX,United Kingdom
524017,21754,HOME BUILDING BLOCK WORD,United Kingdom
524017,21755,LOVE BUILDING BLOCK WORD,United Kingdom
524017,22119,PEACE WOODEN BLOCK LETTERS,United Kingdom
524017,22120,WELCOME  WOODEN BLOCK LETTERS,United Kingdom
524017,22121,NOEL WOODEN BLOCK LETTERS,United Kingdom
524017,22147,FELTCRAFT BUTTERFLY HEARTS,United Kingdom
524017,22470,HEART OF WICKER LARGE,United Kingdom
524017,22505,MEMO BOARD COTTAGE DESIGN,United Kingdom
524017,22584,PACK OF 6 PANNETONE GIFT BOXES,United Kingdom
524017,22734,SET OF 6 RIBBONS VINTAGE CHRISTMAS,United Kingdom
524017,22910,PAPER CHAIN KIT VINTAGE CHRISTMAS,United Kingdom
524017,22950,36 DOILIES VINTAGE CHRISTMAS,United Kingdom
524017,22952,72 CAKE CASES VINTAGE CHRISTMAS,United Kingdom
524017,82482,WOODEN PICTURE FRAME WHITE FINISH,United Kingdom
524017,82494L,WOODEN FRAME ANTIQUE WHITE,United Kingdom
524017,84352,SILVER CHRISTMAS TREE BAUBLE STAND,United Kingdom
524017,85123A,WHITE HANGING HEART T-LIGHT HOLDER,United Kingdom
524121,10002,INFLATABLE POLITICAL GLOBE,United Kingdom
524121,20727,LUNCH BAG  BLACK SKULL.,United Kingdom
524121,21791,VINTAGE HEADS AND TAILS CARD GAME,United Kingdom
524121,21878,PACK OF 6 SANDCASTLE FLAGS ASSORTED,United Kingdom
524121,22138,BAKING SET 9 PIECE RETROSPOT,United Kingdom
524121,22139,RETRO SPOT TEA SET CERAMIC 11 PC,United Kingdom
524121,22145,CHRISTMAS CRAFT HEART STOCKING,United Kingdom
524121,22502,PICNIC BASKET WICKER SMALL,United Kingdom
524121,22553,PLASTERS IN TIN SKULLS,United Kingdom
524121,22554,PLASTERS IN TIN WOODLAND ANIMALS,United Kingdom
524121,22617,BAKING SET SPACEBOY DESIGN,United Kingdom
524121,22623,BOX OF VINTAGE JIGSAW BLOCKS,United Kingdom
524121,22759,SET OF 3 NOTEBOOKS IN PARCEL,United Kingdom
524121,22851,SET 20 NAPKINS FAIRY CAKES DESIGN,United Kingdom
524121,47566,PARTY BUNTING,United Kingdom
524121,47566B,TEA TIME PARTY BUNTING,United Kingdom
524121,84988,SET OF 72 PINK HEART PAPER DOILIES,United Kingdom
524289,20728,LUNCH BAG CARS BLUE,United Kingdom
524289,21790,VINTAGE SNAP CARDS,United Kingdom
524289,21791,VINTAGE HEADS AND TAILS CARD GAME,United Kingdom
524289,22138,BAKING SET 9 PIECE RETROSPOT,United Kingdom
524289,22379,RECYCLING BAG RETROSPOT,United Kingdom
524289,22380,TOY TIDY SPACEBOY,United Kingdom
524289,22381,TOY TIDY PINK RETROSPOT,United Kingdom
524289,22382,LUNCH BAG SPACEBOY DESIGN,United Kingdom
524289,22383,LUNCH BAG SUKI  DESIGN,United Kingdom
524289,22551,PLASTERS IN TIN SPACEBOY,United Kingdom
524289,22554,PLASTERS IN TIN WOODLAND ANIMALS,United Kingdom
524289,22617,BAKING SET SPACEBOY DESIGN,United Kingdom
524289,22622,BOX OF VINTAGE ALPHABET BLOCKS,United Kingdom
524289,22623,BOX OF VINTAGE JIGSAW BLOCKS,United Kingdom
524289,22634,CHILDS BREAKFAST SET SPACEBOY,United Kingdom
524289,22635,CHILDS BREAKFAST SET DOLLY GIRL,United Kingdom
524289,22662,LUNCH BAG DOLLY GIRL DESIGN,United Kingdom
524289,22664,TOY TIDY DOLLY GIRL DESIGN,United Kingdom
524574,21009,ETCHED GLASS STAR TREE DECORATION,United Kingdom
524574,21340,CLASSIC METAL BIRDCAGE PLANT HOLDER,United Kingdom
524574,21755,LOVE BUILDING BLOCK WORD,United Kingdom
524574,22119,PEACE WOODEN BLOCK LETTERS,United Kingdom
524574,22457,NATURAL SLATE HEART CHALKBOARD,United Kingdom
524574,22639,SET OF 4 NAPKIN CHARMS HEARTS,United Kingdom
524574,22642,SET OF 4 NAPKIN CHARMS STARS,United Kingdom
524574,22749,FELTCRAFT PRINCESS CHARLOTTE DOLL,United Kingdom
524574,71038,WHITE HANGING BEADS CANDLE HOLDER,United Kingdom
524574,72122,COFFEE SCENT PILLAR CANDLE,United Kingdom
524574,72741,GRAND CHOCOLATECANDLE,United Kingdom
524574,72760B,VINTAGE CREAM 3 BASKET CAKE STAND,United Kingdom
524574,72815,3 WICK CHRISTMAS BRIAR CANDLE,United Kingdom
524574,85104,SILVER GLASS T-LIGHT SET,United Kingdom
524574,85123A,WHITE HANGING HEART T-LIGHT HOLDER,United Kingdom
524607,21137,BLACK RECORD COVER FRAME,United Kingdom
524607,21181,PLEASE ONE PERSON METAL SIGN,United Kingdom
524607,21704,BAG 250g SWIRLY MARBLES,United Kingdom
524607,21790,VINTAGE SNAP CARDS,United Kingdom
524607,22413,METAL SIGN TAKE IT OR LEAVE IT,United Kingdom
524607,84077,WORLD WAR 2 GLIDERS ASSTD DESIGNS,United Kingdom
525055,21136,PAINTED METAL PEARS ASSORTED,United Kingdom
525055,21269,ANTIQUE CREAM CUTLERY SHELF,United Kingdom
525055,21524,DOORMAT SPOTTY HOME SWEET HOME,United Kingdom
525055,21668,RED STRIPE CERAMIC DRAWER KNOB,United Kingdom
525055,21669,BLUE STRIPE CERAMIC DRAWER KNOB,United Kingdom
525055,21733,RED HANGING HEART T-LIGHT HOLDER,United Kingdom
525055,21755,LOVE BUILDING BLOCK WORD,United Kingdom
525055,22078,RIBBON REEL LACE DESIGN,United Kingdom
525055,22079,RIBBON REEL HEARTS DESIGN,United Kingdom
525055,22082,RIBBON REEL STRIPES DESIGN,United Kingdom
525055,22118,JOY WOODEN BLOCK LETTERS,United Kingdom
525055,22119,PEACE WOODEN BLOCK LETTERS,United Kingdom
525055,22120,WELCOME  WOODEN BLOCK LETTERS,United Kingdom
525055,22185,SLATE TILE NATURAL HANGING,United Kingdom
525055,22296,HEART IVORY TRELLIS LARGE,United Kingdom
525055,22457,NATURAL SLATE HEART CHALKBOARD,United Kingdom
525055,22469,HEART OF WICKER SMALL,United Kingdom
525055,22470,HEART OF WICKER LARGE,United Kingdom
525055,22470,HEART OF WICKER LARGE,United Kingdom
525055,22694,WICKER STAR,United Kingdom
525055,22804,CANDLEHOLDER PINK HANGING HEART,United Kingdom
525055,35961,FOLKART ZINC HEART CHRISTMAS DEC,United Kingdom
525055,48138,DOORMAT UNION FLAG,United Kingdom
525055,48185,DOORMAT FAIRY CAKE,United Kingdom
525055,82482,WOODEN PICTURE FRAME WHITE FINISH,United Kingdom
525055,82483,WOOD 2 DRAWER CABINET WHITE FINISH,United Kingdom
525055,84836,ZINC METAL HEART DECORATION,United Kingdom
525055,84978,HANGING HEART JAR T-LIGHT HOLDER,United Kingdom
525055,85064,CREAM SWEETHEART LETTER RACK,United Kingdom
525055,85123A,WHITE HANGING HEART T-LIGHT HOLDER,United Kingdom
525055,85123A,WHITE HANGING HEART T-LIGHT HOLDER,United Kingdom
525074,21899,"KEY FOB , GARAGE DESIGN",United Kingdom
525074,21900,"KEY FOB , SHED",United Kingdom
525074,21901,"KEY FOB , BACK DOOR",United Kingdom
525074,21902,"KEY FOB , FRONT  DOOR",United Kingdom
525074,22191,IVORY DINER WALL CLOCK,United Kingdom
525074,22192,BLUE DINER WALL CLOCK,United Kingdom
525074,22386,JUMBO BAG PINK POLKADOT,United Kingdom
525074,22411,JUMBO SHOPPER VINTAGE RED PAISLEY,United Kingdom
525074,22624,IVORY KITCHEN SCALES,United Kingdom
525074,35400,WOODEN BOX ADVENT CALENDAR,United Kingdom
525074,85064,CREAM SWEETHEART LETTER RACK,United Kingdom
525074,85099B,JUMBO BAG RED RETROSPOT,United Kingdom
525074,85099C,JUMBO  BAG BAROQUE BLACK WHITE,United Kingdom
525074,85099F,JUMBO BAG STRAWBERRY,United Kingdom
525074,85124B,BLUE JUICY FRUIT PHOTO FRAME,United Kingdom
525074,85124C,GREEN JUICY FRUIT PHOTO FRAME,United Kingdom
525226,21755,LOVE BUILDING BLOCK WORD,United Kingdom
525226,21980,PACK OF 12 RED RETROSPOT TISSUES,United Kingdom
525226,21984,PACK OF 12 PINK PAISLEY TISSUES,United Kingdom
525226,21985,PACK OF 12 HEARTS DESIGN TISSUES,United Kingdom
525226,21986,PACK OF 12 PINK POLKADOT TISSUES,United Kingdom
525226,22119,PEACE WOODEN BLOCK LETTERS,United Kingdom
525226,22131,FOOD CONTAINER SET 3 LOVE HEART,United Kingdom
525226,22158,3 HEARTS HANGING DECORATION RUSTIC,United Kingdom
525226,22173,METAL 4 HOOK HANGER FRENCH CHATEAU,United Kingdom
525226,22588,CARD HOLDER GINGHAM HEART,United Kingdom
525226,35961,FOLKART ZINC HEART CHRISTMAS DEC,United Kingdom
525226,35962,SET/12 ZINC CHRISTMAS DECORATIONS,United Kingdom
525226,72741,GRAND CHOCOLATECANDLE,United Kingdom
525226,85064,CREAM SWEETHEART LETTER RACK,United Kingdom
525226,85068,CREAM SWEETHEART SHELF + HOOKS,United Kingdom
525308,20685,DOORMAT RED RETROSPOT,Germany
525308,20975,12 PENCILS SMALL TUBE RED RETROSPOT,Germany
525308,21212,PACK OF 72 RETROSPOT CAKE CASES,Germany
525308,21249,WOODLAND  HEIGHT CHART STICKERS,Germany
525308,21484,CHICK GREY HOT WATER BOTTLE,Germany
525308,21559,STRAWBERRY LUNCH BOX WITH CUTLERY,Germany
525308,21843,RED RETROSPOT CAKE STAND,Germany
525308,21917,SET 12 KIDS  WHITE CHALK STICKS,Germany
525308,22170,PICTURE FRAME WOOD TRIPLE PORTRAIT,Germany
525308,22331,WOODLAND PARTY BAG + STICKER SET,Germany
525308,22333,RETROSPOT PARTY BAG + STICKER SET,Germany
525308,22435,SET OF 9 HEART SHAPED BALLOONS,Germany
525308,22448,PIN CUSHION BABUSHKA RED,Germany
525308,22454,MEASURING TAPE BABUSHKA RED,Germany
525308,22532,MAGIC DRAWING SLATE LEAP FROG,Germany
525308,22538,MINI JIGSAW GO TO THE FAIR,Germany
525308,22613,PACK OF 20 SPACEBOY NAPKINS,Germany
525308,22614,PACK OF 12 SPACEBOY TISSUES,Germany
525308,22625,RED KITCHEN SCALES,Germany
525308,22634,CHILDS BREAKFAST SET SPACEBOY,Germany
525308,22752,SET 7 BABUSHKA NESTING BOXES,Germany
525308,22834,HAND WARMER BABUSHKA DESIGN,Germany
525308,22867,HAND WARMER BIRD DESIGN,Germany
525308,22907,PACK OF 20 NAPKINS PANTRY DESIGN,Germany
525308,22910,PAPER CHAIN KIT VINTAGE CHRISTMAS,Germany
525308,22950,36 DOILIES VINTAGE CHRISTMAS,Germany
525308,22951,60 CAKE CASES DOLLY GIRL DESIGN,Germany
525308,84031A,CHARLIE+LOLA RED HOT WATER BOTTLE,Germany
525308,84997A,GREEN 3 PIECE POLKADOT CUTLERY SET,Germany
525308,84997B,RED 3 PIECE RETROSPOT CUTLERY SET,Germany
525308,84997C,BLUE 3 PIECE POLKADOT CUTLERY SET,Germany
525308,85232B,SET OF 3 BABUSHKA STACKING TINS,Germany
525308,90200E,GREEN SWEETHEART BRACELET,Germany
525311,21166,COOK WITH WINE METAL SIGN,United Kingdom
525311,21175,GIN + TONIC DIET METAL SIGN,United Kingdom
525311,21181,PLEASE ONE PERSON METAL SIGN,United Kingdom
525311,21754,HOME BUILDING BLOCK WORD,United Kingdom
525311,21755,LOVE BUILDING BLOCK WORD,United Kingdom
525311,21903,MAN FLU METAL SIGN,United Kingdom
525311,82482,WOODEN PICTURE FRAME WHITE FINISH,United Kingdom
525311,82483,WOOD 2 DRAWER CABINET WHITE FINISH,United Kingdom
525311,82486,WOOD S/3 CABINET ANT WHITE FINISH,United Kingdom
525311,82615,PINK MARSHMALLOW SCARF KNITTING KIT,United Kingdom
525311,85150,LADIES & GENTLEMEN METAL SIGN,United Kingdom
525311,85152,HAND OVER THE CHOCOLATE   SIGN,United Kingdom
525316,20727,LUNCH BAG  BLACK SKULL.,United Kingdom
525316,21207,SKULL AND CROSSBONES  GARLAND,United Kingdom
525316,21213,PACK OF 72 SKULL CAKE CASES,United Kingdom
525316,21224,SET/4 SKULL BADGES,United Kingdom
525316,21327,SKULLS WRITING SET,United Kingdom
525316,21504,SKULLS GREETING CARD,United Kingdom
525316,21581,SKULLS  DESIGN  COTTON TOTE BAG,United Kingdom
525316,21679,SKULLS  STICKERS,United Kingdom
525316,21930,JUMBO STORAGE BAG SKULLS,United Kingdom
525316,21934,SKULL SHOULDER BAG,United Kingdom
525316,21942,SKULLS DESIGN FLANNEL,United Kingdom
525316,22100,SKULLS SQUARE TISSUE BOX,United Kingdom
525316,22327,ROUND SNACK BOXES SET OF 4 SKULLS,United Kingdom
525316,22437,SET OF 9 BLACK SKULL BALLOONS,United Kingdom
525316,22553,PLASTERS IN TIN SKULLS,United Kingdom
525316,22649,STRAWBERRY FAIRY CAKE TEAPOT,United Kingdom
525433,20914,SET/5 RED RETROSPOT LID GLASS BOWLS,United Kingdom
525433,21533,RETROSPOT LARGE MILK JUG,United Kingdom
525433,21754,HOME BUILDING BLOCK WORD,United Kingdom
525433,21755,LOVE BUILDING BLOCK WORD,United Kingdom
525433,22139,RETROSPOT TEA SET CERAMIC 11 PC,United Kingdom
525433,22667,RECIPE BOX RETROSPOT,United Kingdom
525433,85063,CREAM SWEETHEART MAGAZINE RACK,United Kingdom
525526,21286,RETROSPOT CANDLE  LARGE,United Kingdom
525526,21991,BOHEMIAN COLLAGE STATIONERY SET,United Kingdom
525526,21993,FLORAL FOLK STATIONERY SET,United Kingdom
525526,22049,WRAP CHRISTMAS SCREEN PRINT,United Kingdom
525526,22149,FELTCRAFT 6 FLOWER FRIENDS,United Kingdom
525526,22150,3 STRIPEY MICE FELTCRAFT,United Kingdom
525526,22470,HEART OF WICKER LARGE,United Kingdom
525526,72799E,IVORY PILLAR CANDLE SILVER FLOCK,United Kingdom
525526,72799F,IVORY PILLAR CANDLE GOLD FLOCK,United Kingdom
525526,72800E,4 IVORY DINNER CANDLES SILVER FLOCK,United Kingdom
525526,85039B,S/4 IVORY MINI ROSE CANDLE IN BOWL,United Kingdom
525526,85062,PEARL CRYSTAL PUMPKIN T-LIGHT HLDR,United Kingdom
525700,15056BL,EDWARDIAN PARASOL BLACK,United Kingdom
525700,20719,WOODLAND CHARLOTTE BAG,United Kingdom
525700,20724,RED RETROSPOT CHARLOTTE BAG,United Kingdom
525700,20725,LUNCH BAG RED RETROSPOT,United Kingdom
525700,20726,LUNCH BAG WOODLAND,United Kingdom
525700,20971,PINK BLUE FELT CRAFT TRINKET BOX,United Kingdom
525700,20972,PINK CREAM FELT CRAFT TRINKET BOX,United Kingdom
525700,21268,VINTAGE BLUE TINSEL REEL,United Kingdom
525700,21330,WOODLAND ANIMAL  WRITING SET,United Kingdom
525700,21351,CINAMMON & ORANGE WREATH,United Kingdom
525700,21412,VINTAGE GOLD TINSEL REEL,United Kingdom
525700,21672,WHITE SPOT RED CERAMIC DRAWER KNOB,United Kingdom
525700,21673,WHITE SPOT BLUE CERAMIC DRAWER KNOB,United Kingdom
525700,22027,TEA PARTY BIRTHDAY CARD,United Kingdom
525700,22028,PENNY FARTHING BIRTHDAY CARD,United Kingdom
525700,22077,6 RIBBONS RUSTIC CHARM,United Kingdom
525700,22083,PAPER CHAIN KIT RETROSPOT,United Kingdom
525700,22086,PAPER CHAIN KIT 50'S CHRISTMAS,United Kingdom
525700,22186,RED STAR CARD HOLDER,United Kingdom
525700,22356,CHARLOTTE BAG PINK POLKADOT,United Kingdom
525700,22386,JUMBO BAG PINK POLKADOT,United Kingdom
525700,22505,MEMO BOARD COTTAGE DESIGN,United Kingdom
525700,22549,PICTURE DOMINOES,United Kingdom
525700,22551,PLASTERS IN TIN SPACEBOY,United Kingdom
525700,22575,METAL MERRY CHRISTMAS WREATH,United Kingdom
525700,22586,FELTCRAFT HAIRBAND PINK AND BLUE,United Kingdom
525700,22588,CARD HOLDER GINGHAM HEART,United Kingdom
525700,22589,CARDHOLDER GINGHAM STAR,United Kingdom
525700,22591,CARDHOLDER GINGHAM CHRISTMAS TREE,United Kingdom
525700,22661,CHARLOTTE BAG DOLLY GIRL DESIGN,United Kingdom
525700,22687,DOORMAT CHRISTMAS VILLAGE,United Kingdom
525700,22726,ALARM CLOCK BAKELIKE GREEN,United Kingdom
525700,22727,ALARM CLOCK BAKELIKE RED,United Kingdom
525700,22728,ALARM CLOCK BAKELIKE PINK,United Kingdom
525700,22729,ALARM CLOCK BAKELIKE ORANGE,United Kingdom
525700,22730,ALARM CLOCK BAKELIKE IVORY,United Kingdom
525700,22732,3D VINTAGE CHRISTMAS STICKERS,United Kingdom
525700,22736,RIBBON REEL MAKING SNOWMEN,United Kingdom
525700,22739,RIBBON REEL CHRISTMAS SOCK BAUBLE,United Kingdom
525700,22752,SET 7 BABUSHKA NESTING BOXES,United Kingdom
525700,22754,SMALL RED BABUSHKA NOTEBOOK,United Kingdom
525700,22755,SMALL PURPLE BABUSHKA NOTEBOOK,United Kingdom
525700,22755,SMALL PURPLE BABUSHKA NOTEBOOK,United Kingdom
525700,22758,LARGE PURPLE BABUSHKA NOTEBOOK,United Kingdom
525700,22812,PACK 3 BOXES CHRISTMAS PANNETONE,United Kingdom
525700,22816,CARD MOTORBIKE SANTA,United Kingdom
525700,22894,TABLECLOTH RED APPLES DESIGN,United Kingdom
525700,22895,SET OF 2 TEA TOWELS APPLE AND PEARS,United Kingdom
525700,22896,PEG BAG APPLE DESIGN,United Kingdom
525700,22897,OVEN MITT APPLE DESIGN,United Kingdom
525700,22899,CHILDREN'S APRON DOLLY GIRL,United Kingdom
525700,22900,SET 2 TEA TOWELS I LOVE LONDON,United Kingdom
525700,22902,TOTE BAG I LOVE LONDON,United Kingdom
525700,22907,PACK OF 20 NAPKINS PANTRY DESIGN,United Kingdom
525700,22909,SET OF 20 VINTAGE CHRISTMAS NAPKINS,United Kingdom
525700,22910,PAPER CHAIN KIT VINTAGE CHRISTMAS,United Kingdom
525700,22939,APRON APPLE DELIGHT,United Kingdom
525700,22948,METAL DECORATION NAUGHTY CHILDREN,United Kingdom
525700,22951,60 CAKE CASES DOLLY GIRL DESIGN,United Kingdom
525700,22952,60 CAKE CASES VINTAGE CHRISTMAS,United Kingdom
525700,35951,FOLKART BAUBLE CHRISTMAS DECORATION,United Kingdom
525700,46115B,GREEN POP ART MAO CUSHION COVER,United Kingdom
525700,79071B,ENGLISH ROSE METAL WASTE BIN,United Kingdom
525700,85123A,WHITE HANGING HEART T-LIGHT HOLDER,United Kingdom
525871,10135,COLOURING PENCILS BROWN TUBE,United Kingdom
525871,20711,JUMBO BAG TOYS,United Kingdom
525871,21033,JUMBO BAG CHARLIE AND LOLA TOYS,United Kingdom
525871,21059,PARTY INVITES DINOSAURS,United Kingdom
525871,21146,ANTIQUE GLASS RIDGED HANGING BALL,United Kingdom
525871,21330,WOODLAND ANIMAL  WRITING SET,United Kingdom
525871,21411,GINGHAM HEART  DOORSTOP RED,United Kingdom
525871,21491,SET OF THREE VINTAGE GIFT WRAPS,United Kingdom
525871,21497,FANCY FONTS BIRTHDAY WRAP,United Kingdom
525871,21720,CAKE SHOP  STICKER SHEET,United Kingdom
525871,21724,PANDA AND BUNNIES STICKER SHEET,United Kingdom
525871,21725,SWEETIES  STICKERS,United Kingdom
525871,21726,MULTI HEARTS  STICKERS,United Kingdom
525871,21731,RED TOADSTOOL LED NIGHT LIGHT,United Kingdom
525871,21735,TWO DOOR CURIO CABINET,United Kingdom
525871,21743,STAR PORTABLE TABLE LIGHT,United Kingdom
525871,21744,SNOWFLAKE PORTABLE TABLE LIGHT,United Kingdom
525871,21897,POTTING SHED CANDLE CITRONELLA,United Kingdom
525871,21898,POTTING SHED ROSE CANDLE,United Kingdom
525871,21929,JUMBO BAG PINK VINTAGE PAISLEY,United Kingdom
525871,21930,JUMBO STORAGE BAG SKULLS,United Kingdom
525871,21955,DOORMAT UNION JACK GUNS AND ROSES,United Kingdom
525871,22027,TEA PARTY BIRTHDAY CARD,United Kingdom
525871,22139,RETROSPOT TEA SET CERAMIC 11 PC,United Kingdom
525871,22139,RETROSPOT TEA SET CERAMIC 11 PC,United Kingdom
525871,22221,CAKE STAND LOVEBIRD 2 TIER PINK,United Kingdom
525871,22332,SKULLS PARTY BAG + STICKER SET,United Kingdom
525871,22339,CHRISTMAS TREE PAINTED ZINC,United Kingdom
525871,22501,PICNIC BASKET WICKER LARGE,United Kingdom
525871,22553,PLASTERS IN TIN SKULLS,United Kingdom
525871,22554,PLASTERS IN TIN WOODLAND ANIMALS,United Kingdom
525871,22554,PLASTERS IN TIN WOODLAND ANIMALS,United Kingdom
525871,22555,PLASTERS IN TIN STRONGMAN,United Kingdom
525871,22556,PLASTERS IN TIN CIRCUS PARADE,United Kingdom
525871,22557,PLASTERS IN TIN VINTAGE PAISLEY,United Kingdom
525871,22560,TRADITIONAL MODELLING CLAY,United Kingdom
525871,22560,TRADITIONAL MODELLING CLAY,United Kingdom
525871,22578,WOODEN STAR CHRISTMAS SCANDINAVIAN,United Kingdom
525871,22578,WOODEN STAR CHRISTMAS SCANDINAVIAN,United Kingdom
525871,22579,WOODEN TREE CHRISTMAS SCANDINAVIAN,United Kingdom
525871,22579,WOODEN TREE CHRISTMAS SCANDINAVIAN,United Kingdom
525871,22601,CHRISTMAS RETROSPOT ANGEL WOOD,United Kingdom
525871,22601,CHRISTMAS RETROSPOT ANGEL WOOD,United Kingdom
525871,22616,PACK OF 12 LONDON TISSUES,United Kingdom
525871,22617,BAKING SET SPACEBOY DESIGN,United Kingdom
525871,22629,SPACEBOY LUNCH BOX,United Kingdom
525871,22630,DOLLY GIRL LUNCH BOX,United Kingdom
525871,22630,DOLLY GIRL LUNCH BOX,United Kingdom
525871,22659,LUNCH BOX I LOVE LONDON,United Kingdom
525871,22659,LUNCH BOX I LOVE LONDON,United Kingdom
525871,22663,JUMBO BAG DOLLY GIRL DESIGN,United Kingdom
525871,22663,JUMBO BAG DOLLY GIRL DESIGN,United Kingdom
525871,22707,WRAP MONSTER FUN,United Kingdom
525871,22816,CARD MOTORBIKE SANTA,United Kingdom
525871,22900,SET 2 TEA TOWELS I LOVE LONDON,United Kingdom
525871,22900,SET 2 TEA TOWELS I LOVE LONDON,United Kingdom
525871,22984,"CARD, GINGHAM ROSE",United Kingdom
525871,22985,"WRAP, BILLBOARD FONTS DESIGN",United Kingdom
525871,72586,SET OF 6 HALLOWEEN GHOST T-LIGHTS,United Kingdom
525871,84341B,SMALL PINK MAGIC CHRISTMAS TREE,United Kingdom
525871,85099B,JUMBO BAG RED RETROSPOT,United Kingdom
525871,85099C,JUMBO  BAG BAROQUE BLACK WHITE,United Kingdom
525871,85183B,CHARLIE & LOLA WASTEPAPER BIN FLORA,United Kingdom
525886,16054,POPART RECT PENCIL SHARPENER ASST,United Kingdom
525886,16169M,WRAP DAISY CARPET,United Kingdom
525886,20652,BLUE POLKADOT LUGGAGE TAG,United Kingdom
525886,20655,QUEEN OF SKIES LUGGAGE TAG,United Kingdom
525886,20657,TROPICAL LUGGAGE TAG,United Kingdom
525886,20659,ECONOMY LUGGAGE TAG,United Kingdom
525886,21009,ETCHED GLASS STAR TREE DECORATION,United Kingdom
525886,21080,SET/20 RED RETROSPOT PAPER NAPKINS,United Kingdom
525886,21143,ANTIQUE GLASS HEART DECORATION,United Kingdom
525886,21212,PACK OF 72 RETROSPOT CAKE CASES,United Kingdom
525886,21491,SET OF THREE VINTAGE GIFT WRAPS,United Kingdom
525886,21867,PINK UNION JACK  LUGGAGE TAG,United Kingdom
525886,21928,JUMBO BAG SCANDINAVIAN PAISLEY,United Kingdom
525886,21932,SCANDINAVIAN PAISLEY PICNIC BAG,United Kingdom
525886,21983,PACK OF 12 BLUE PAISLEY TISSUES,United Kingdom
525886,21992,VINTAGE PAISLEY STATIONERY SET,United Kingdom
525886,22082,RIBBON REEL STRIPES DESIGN,United Kingdom
525886,22086,PAPER CHAIN KIT 50'S CHRISTMAS,United Kingdom
525886,22095,LADS ONLY TISSUE BOX,United Kingdom
525886,22116,METAL SIGN HIS DINNER IS SERVED,United Kingdom
525886,22124,SET OF 2 TEA TOWELS PING MICROWAVE,United Kingdom
525886,22441,GROW YOUR OWN BASIL IN ENAMEL MUG,United Kingdom
525886,22443,GROW YOUR OWN HERBS SET OF 3,United Kingdom
525886,22573,STAR WOODEN CHRISTMAS DECORATION,United Kingdom
525886,22579,WOODEN TREE CHRISTMAS SCANDINAVIAN,United Kingdom
525886,22909,SET OF 20 VINTAGE CHRISTMAS NAPKINS,United Kingdom
525886,22910,PAPER CHAIN KIT VINTAGE CHRISTMAS,United Kingdom
525886,22911,PAPER CHAIN KIT LONDON,United Kingdom
525886,22959,WRAP CHRISTMAS VILLAGE,United Kingdom
525886,22983,"CARD, BILLBOARD FONT",United Kingdom
525886,37467,PIG MUG IN TWO COLOUR DESIGNS,United Kingdom
525886,51020B,STRIPY DESIGN SHOWER CAP,United Kingdom
525886,84247N,PACK/12 BLUE FOLKART CARDS,United Kingdom
525886,84990,60 GOLD AND SILVER FAIRY CAKE CASES,United Kingdom
525886,84992,72 SWEETHEART FAIRY CAKE CASES,United Kingdom
525919,16008,SMALL FOLDING SCISSOR(POINTED EDGE),United Kingdom
525919,20725,LUNCH BAG RED RETROSPOT,United Kingdom
525919,20778,GARDEN PATH NOTEBOOK,United Kingdom
525919,20914,SET/5 RED RETROSPOT LID GLASS BOWLS,United Kingdom
525919,21155,RED RETROSPOT PEG BAG,United Kingdom
525919,21217,RED RETROSPOT ROUND CAKE TINS,United Kingdom
525919,21218,RED SPOTTY BISCUIT TIN,United Kingdom
525919,21466,RED FLOWER CROCHET FOOD COVER,United Kingdom
525919,21467,CHERRY CROCHET FOOD COVER,United Kingdom
525919,21471,STRAWBERRY RAFFIA FOOD COVER,United Kingdom
525919,22034,ROBIN CHRISTMAS CARD,United Kingdom
525919,22055,MINI CAKE STAND  HANGING STRAWBERY,United Kingdom
525919,22081,RIBBON REEL FLORA + FAUNA,United Kingdom
525919,22276,WASH BAG VINTAGE ROSE PAISLEY,United Kingdom
525919,22278,OVERNIGHT BAG VINTAGE ROSE PAISLEY,United Kingdom
525919,22279,POCKET BAG BLUE PAISLEY RED SPOT,United Kingdom
525919,22300,COFFEE MUG DOG + BALL DESIGN,United Kingdom
525919,22301,COFFEE MUG CAT + BIRD DESIGN,United Kingdom
525919,22304,COFFEE MUG BLUE PAISLEY DESIGN,United Kingdom
525919,22305,COFFEE MUG PINK PAISLEY DESIGN,United Kingdom
525919,22348,TEA BAG PLATE RED RETROSPOT,United Kingdom
525919,22352,LUNCH BOX WITH CUTLERY RETROSPOT,United Kingdom
525919,22588,CARD HOLDER GINGHAM HEART,United Kingdom
525919,22604,SET OF 4 NAPKIN CHARMS CUTLERY,United Kingdom
525919,22624,IVORY KITCHEN SCALES,United Kingdom
525919,22626,BLACK KITCHEN SCALES,United Kingdom
525919,22627,MINT KITCHEN SCALES,United Kingdom
525919,22641,SET OF 4 NAPKIN CHARMS INSTRUMENT,United Kingdom
525919,22643,SET OF 4 NAPKIN CHARMS LEAVES,United Kingdom
525919,22740,POLKADOT PEN,United Kingdom
525919,22816,CARD MOTORBIKE SANTA,United Kingdom
525919,22818,CARD CHRISTMAS VILLAGE,United Kingdom
525919,22896,PEG BAG APPLES DESIGN,United Kingdom
525919,35954,SMALL FOLKART STAR CHRISTMAS DEC,United Kingdom
525919,35965,FOLKART HEART NAPKIN RINGS,United Kingdom
525919,35970,ZINC FOLKART SLEIGH BELLS,United Kingdom
525919,72741,GRAND CHOCOLATECANDLE,United Kingdom
525919,72801G,4 BURGUNDY WINE DINNER CANDLES,United Kingdom
525919,84509F,SET OF 4 NEW ENGLAND PLACEMATS,United Kingdom
525919,84510F,SET OF 4 NEW ENGLAND COASTERS,United Kingdom
525919,85054,FRENCH ENAMEL POT W LID,United Kingdom
525919,85054,FRENCH ENAMEL POT W LID,United Kingdom
525921,20681,PINK POLKADOT CHILDRENS UMBRELLA,United Kingdom
525921,20728,LUNCH BAG CARS BLUE,United Kingdom
525921,20854,BLUE PATCH PURSE PINK HEART,United Kingdom
525921,20856,DENIM PATCH PURSE PINK BUTTERFLY,United Kingdom
525921,20973,12 PENCIL SMALL TUBE WOODLAND,United Kingdom
525921,21034,REX CASH+CARRY JUMBO SHOPPER,United Kingdom
525921,21058,PARTY INVITES WOODLAND,United Kingdom
525921,21061,PARTY INVITES FOOTBALL,United Kingdom
525921,21499,BLUE POLKADOT WRAP,United Kingdom
525921,21500,PINK POLKADOT WRAP,United Kingdom
525921,21559,STRAWBERRY LUNCH BOX WITH CUTLERY,United Kingdom
525921,21561,DINOSAUR LUNCH BOX WITH CUTLERY,United Kingdom
525921,21592,RETROSPOT CIGAR BOX MATCHES,United Kingdom
525921,21644,ASSORTED TUTTI FRUTTI HEART BOX,United Kingdom
525921,21645,ASSORTED TUTTI FRUTTI ROUND BOX,United Kingdom
525921,21723,ALPHABET HEARTS STICKER SHEET,United Kingdom
525921,21724,PANDA AND BUNNIES STICKER SHEET,United Kingdom
525921,21725,SWEETIES  STICKERS,United Kingdom
525921,21726,MULTI HEARTS  STICKERS,United Kingdom
525921,21830,ASSORTED CREEPY CRAWLIES,United Kingdom
525921,21833,CAMOUFLAGE LED TORCH,United Kingdom
525921,22074,6 RIBBONS SHIMMERING PINKS,United Kingdom
525921,22076,6 RIBBONS EMPIRE,United Kingdom
525921,22382,LUNCH BAG SPACEBOY DESIGN,United Kingdom
525921,22384,LUNCH BAG PINK POLKADOT,United Kingdom
525921,22548,HEADS AND TAILS SPORTING FUN,United Kingdom
525921,22623,BOX OF VINTAGE JIGSAW BLOCKS,United Kingdom
525921,22676,"FRENCH BLUE METAL DOOR SIGN, 1",United Kingdom
525921,22679,"FRENCH BLUE METAL DOOR SIGN, 4",United Kingdom
525921,22711,WRAP CIRCUS PARADE,United Kingdom
525921,22985,"WRAP, BILLBOARD FONTS DESIGN",United Kingdom
525921,85049A,TRADITIONAL CHRISTMAS RIBBONS,United Kingdom
525921,85049C,ROMANTIC PINKS RIBBONS,United Kingdom
525921,85049D,BRIGHT BLUES RIBBONS,United Kingdom
525921,85049F,BABY BOOM RIBBONS,United Kingdom
525921,85049G,CHOCOLATE BOX RIBBONS,United Kingdom
525921,85049H,URBAN BLACK RIBBONS,United Kingdom
525921,85135C,RED DRAGONFLY HELICOPTER,United Kingdom
525921,85136A,YELLOW SHARK HELICOPTER,United Kingdom
525921,85136B,BLUE SHARK HELICOPTER,United Kingdom
525921,85136C,RED SHARK HELICOPTER,United Kingdom
526123,22326,ROUND SNACK BOXES SET OF4 WOODLAND,Netherlands
526123,22328,ROUND SNACK BOXES SET OF 4 FRUITS,Netherlands
526123,22629,SPACEBOY LUNCH BOX,Netherlands
526123,22630,DOLLY GIRL LUNCH BOX,Netherlands
526123,22734,SET OF 6 RIBBONS VINTAGE CHRISTMAS,Netherlands
526123,22738,RIBBON REEL SNOWY VILLAGE,Netherlands
526123,22739,RIBBON REEL CHRISTMAS SOCK BAUBLE,Netherlands
526123,22816,CARD MOTORBIKE SANTA,Netherlands
526123,22909,SET OF 20 VINTAGE CHRISTMAS NAPKINS,Netherlands
526123,22910,PAPER CHAIN KIT VINTAGE CHRISTMAS,Netherlands
526123,22952,60 CAKE CASES VINTAGE CHRISTMAS,Netherlands
526142,M,Manual,EIRE
526383,20985,HEART CALCULATOR,United Kingdom
526383,21700,BIG DOUGHNUT FRIDGE MAGNETS,United Kingdom
526383,21832,CHOCOLATE CALCULATOR,United Kingdom
526383,21879,HEARTS GIFT TAPE,United Kingdom
526383,21883,STARS GIFT TAPE,United Kingdom
526383,22030,SWALLOWS GREETING CARD,United Kingdom
526383,22034,ROBIN CHRISTMAS CARD,United Kingdom
526383,22035,VINTAGE CARAVAN GREETING CARD,United Kingdom
526383,22043,CHRISTMAS CARD SCREEN PRINT,United Kingdom
526383,22044,CHRISTMAS CARD STACK OF PRESENTS,United Kingdom
526383,22076,6 RIBBONS EMPIRE,United Kingdom
526383,22077,6 RIBBONS RUSTIC CHARM,United Kingdom
526383,22080,RIBBON REEL POLKADOTS,United Kingdom
526383,22082,RIBBON REEL STRIPES DESIGN,United Kingdom
526383,22277,COSMETIC BAG VINTAGE ROSE PAISLEY,United Kingdom
526383,22398,MAGNETS PACK OF 4 SWALLOWS,United Kingdom
526383,22399,MAGNETS PACK OF 4 CHILDHOOD MEMORY,United Kingdom
526383,22422,TOOTHPASTE TUBE PEN,United Kingdom
526383,22489,PACK OF 12 TRADITIONAL CRAYONS,United Kingdom
526383,22491,PACK OF 12 COLOURED PENCILS,United Kingdom
526383,22561,WOODEN SCHOOL COLOURING SET,United Kingdom
526383,22711,WRAP CIRCUS PARADE,United Kingdom
526383,22713,CARD I LOVE LONDON,United Kingdom
526383,22716,CARD CIRCUS PARADE,United Kingdom
526383,22734,SET OF 6 RIBBONS VINTAGE CHRISTMAS,United Kingdom
526383,22737,RIBBON REEL CHRISTMAS PRESENT,United Kingdom
526383,22739,RIBBON REEL CHRISTMAS SOCK BAUBLE,United Kingdom
526383,22740,POLKADOT PEN,United Kingdom
526383,22741,FUNKY DIVA PEN,United Kingdom
526383,22742,MAKE YOUR OWN PLAYTIME CARD KIT,United Kingdom
526383,22743,MAKE YOUR OWN FLOWERPOWER CARD KIT,United Kingdom
526383,22744,MAKE YOUR OWN MONSOON CARD KIT,United Kingdom
526383,22818,CARD CHRISTMAS VILLAGE,United Kingdom
526383,22906,12 MESSAGE CARDS WITH ENVELOPES,United Kingdom
526383,22983,"CARD, BILLBOARD FONT",United Kingdom
526383,22985,"WRAP, BILLBOARD FONTS DESIGN",United Kingdom
526383,85049A,TRADITIONAL CHRISTMAS RIBBONS,United Kingdom
526383,85049B,LUSH GREENS RIBBONS,United Kingdom
526383,85049C,ROMANTIC PINKS RIBBONS,United Kingdom
526383,85049D,BRIGHT BLUES RIBBONS,United Kingdom
526383,85049G,CHOCOLATE BOX RIBBONS,United Kingdom
526423,21686,MEDINA STAMPED METAL STOOL,United Kingdom
526423,84967C,GREEN KASHMIRI OCCASIONAL TABLE,United Kingdom
526486,21080,SET/20 RED RETROSPOT PAPER NAPKINS,United Kingdom
526486,21186,WHITE DOVE HONEYCOMB PAPER GARLAND,United Kingdom
526486,22423,REGENCY CAKESTAND 3 TIER,United Kingdom
526486,22666,RECIPE BOX PANTRY YELLOW DESIGN,United Kingdom
526486,22697,GREEN REGENCY TEACUP AND SAUCER,United Kingdom
526486,22698,PINK REGENCY TEACUP AND SAUCER,United Kingdom
526486,22699,ROSES REGENCY TEACUP AND SAUCER,United Kingdom
526486,22907,PACK OF 20 NAPKINS PANTRY DESIGN,United Kingdom
526486,84347,ROTATING SILVER ANGELS T-LIGHT HLDR,United Kingdom
526486,85048,15CM CHRISTMAS GLASS BALL 20 LIGHTS,United Kingdom
526712,10125,MINI FUNKY DESIGN TAPES,United Kingdom
526712,20682,RED RETROSPOT CHILDRENS UMBRELLA,United Kingdom
526712,20972,PINK CREAM FELT CRAFT TRINKET BOX,United Kingdom
526712,21135,VICTORIAN  METAL POSTCARD SPRING,United Kingdom
526712,21166,COOK WITH WINE METAL SIGN,United Kingdom
526712,21175,GIN + TONIC DIET METAL SIGN,United Kingdom
526712,21481,FAWN BLUE HOT WATER BOTTLE,United Kingdom
526712,21484,CHICK GREY HOT WATER BOTTLE,United Kingdom
526712,21497,FANCY FONTS BIRTHDAY WRAP,United Kingdom
526712,21506,"FANCY FONT BIRTHDAY CARD,",United Kingdom
526712,21507,"ELEPHANT, BIRTHDAY CARD,",United Kingdom
526712,21508,VINTAGE KID DOLLY CARD,United Kingdom
526712,21509,COWBOYS AND INDIANS BIRTHDAY CARD,United Kingdom
526712,21524,DOORMAT SPOTTY HOME SWEET HOME,United Kingdom
526712,21720,CAKE SHOP  STICKER SHEET,United Kingdom
526712,21721,CANDY SHOP  STICKER SHEET,United Kingdom
526712,21735,TWO DOOR CURIO CABINET,United Kingdom
526712,21768,WALL MOUNTED VINTAGE ORGANISER,United Kingdom
526712,21903,MAN FLU METAL SIGN,United Kingdom
526712,21907,I'M ON HOLIDAY METAL SIGN,United Kingdom
526712,22029,SPACEBOY BIRTHDAY CARD,United Kingdom
526712,22030,SWALLOWS GREETING CARD,United Kingdom
526712,22033,BOTANICAL ROSE GREETING CARD,United Kingdom
526712,22037,ROBOT BIRTHDAY CARD,United Kingdom
526712,22040,BOTANICAL ROSE GIFT WRAP,United Kingdom
526712,22045,SPACEBOY GIFT WRAP,United Kingdom
526712,22111,SCOTTIE DOG HOT WATER BOTTLE,United Kingdom
526712,22114,HOT WATER BOTTLE TEA AND SYMPATHY,United Kingdom
526712,22147,FELTCRAFT BUTTERFLY HEARTS,United Kingdom
526712,22150,3 STRIPEY MICE FELTCRAFT,United Kingdom
526712,22219,LOVEBIRD HANGING DECORATION WHITE,United Kingdom
526712,22294,HEART FILIGREE DOVE  SMALL,United Kingdom
526712,22299,PIG KEYRING WITH LIGHT & SOUND,United Kingdom
526712,22398,MAGNETS PACK OF 4 SWALLOWS,United Kingdom
526712,22402,MAGNETS PACK OF 4 VINTAGE COLLAGE,United Kingdom
526712,22418,10 COLOUR SPACEBOY PEN,United Kingdom
526712,22419,LIPSTICK PEN RED,United Kingdom
526712,22420,LIPSTICK PEN BABY PINK,United Kingdom
526712,22421,LIPSTICK PEN FUSCHIA,United Kingdom
526712,22423,REGENCY CAKESTAND 3 TIER,United Kingdom
526712,22487,WHITE WOOD GARDEN PLANT LADDER,United Kingdom
526712,22497,SET OF 2 TINS VINTAGE BATHROOM,United Kingdom
526712,22551,PLASTERS IN TIN SPACEBOY,United Kingdom
526712,22555,PLASTERS IN TIN STRONGMAN,United Kingdom
526712,22556,PLASTERS IN TIN CIRCUS PARADE,United Kingdom
526712,22568,FELTCRAFT CUSHION OWL,United Kingdom
526712,22569,FELTCRAFT CUSHION BUTTERFLY,United Kingdom
526712,22570,FELTCRAFT CUSHION RABBIT,United Kingdom
526712,22585,PACK OF 6 BIRDY GIFT TAGS,United Kingdom
526712,22634,CHILDS BREAKFAST SET SPACEBOY,United Kingdom
526712,22635,CHILDS BREAKFAST SET DOLLY GIRL,United Kingdom
526712,22636,CHILDS BREAKFAST SET CIRCUS PARADE,United Kingdom
526712,22652,TRAVEL SEWING KIT,United Kingdom
526712,22654,DELUXE SEWING KIT,United Kingdom
526712,22691,DOORMAT WELCOME SUNRISE,United Kingdom
526712,22695,WICKER WREATH SMALL,United Kingdom
526712,22696,WICKER WREATH LARGE,United Kingdom
526712,22697,GREEN REGENCY TEACUP AND SAUCER,United Kingdom
526712,22698,PINK REGENCY TEACUP AND SAUCER,United Kingdom
526712,22699,ROSES REGENCY TEACUP AND SAUCER,United Kingdom
526712,22704,WRAP RED APPLES,United Kingdom
526712,22706,WRAP COWBOYS,United Kingdom
526712,22708,WRAP DOLLY GIRL,United Kingdom
526712,22709,WRAP WEDDING DAY,United Kingdom
526712,22711,WRAP CIRCUS PARADE,United Kingdom
526712,22712,CARD DOLLY GIRL,United Kingdom
526712,22714,CARD BIRTHDAY COWBOY,United Kingdom
526712,22715,CARD WEDDING DAY,United Kingdom
526712,22716,CARD CIRCUS PARADE,United Kingdom
526712,22725,ALARM CLOCK BAKELIKE CHOCOLATE,United Kingdom
526712,22727,ALARM CLOCK BAKELIKE RED,United Kingdom
526712,22728,ALARM CLOCK BAKELIKE PINK,United Kingdom
526712,22745,POPPY'S PLAYHOUSE BEDROOM,United Kingdom
526712,22746,POPPY'S PLAYHOUSE LIVINGROOM,United Kingdom
526712,22748,POPPY'S PLAYHOUSE KITCHEN,United Kingdom
526712,22752,SET 7 BABUSHKA NESTING BOXES,United Kingdom
526712,22764,"RUSTIC WOODEN CABINET, GLASS DOORS",United Kingdom
526712,22807,SET OF 6 T-LIGHTS TOADSTOOLS,United Kingdom
526712,22837,HOT WATER BOTTLE BABUSHKA,United Kingdom
526712,22855,FINE WICKER HEART,United Kingdom
526712,22898,CHILDRENS APRON APPLES DESIGN,United Kingdom
526712,22899,CHILDREN'S APRON DOLLY GIRL,United Kingdom
526712,22984,"CARD, GINGHAM ROSE",United Kingdom
526712,22986,GINGHAM ROSE WRAP,United Kingdom
526712,84378,SET OF 3 HEART COOKIE CUTTERS,United Kingdom
526712,84380,SET OF 3 BUTTERFLY COOKIE CUTTERS,United Kingdom
526712,84879,ASSORTED COLOUR BIRD ORNAMENT,United Kingdom
526712,85014A,BLACK/BLUE POLKADOT UMBRELLA,United Kingdom
526712,85014B,RED RETROSPOT UMBRELLA,United Kingdom
526936,21733,RED HANGING HEART T-LIGHT HOLDER,United Kingdom
526936,22460,EMBOSSED GLASS TEALIGHT HOLDER,United Kingdom
526936,72802C,VANILLA SCENT CANDLE JEWELLED BOX,United Kingdom
526936,72807C,SET/3 VANILLA SCENTED CANDLE IN BOX,United Kingdom
526936,82482,WOODEN PICTURE FRAME WHITE FINISH,United Kingdom
526936,82483,WOOD 2 DRAWER CABINET WHITE FINISH,United Kingdom
526936,82486,WOOD S/3 CABINET ANT WHITE FINISH,United Kingdom
526936,82494L,WOODEN FRAME ANTIQUE WHITE,United Kingdom
526936,84839,SWEETHEART KEY CABINET,United Kingdom
526936,85103,SILVER T-LIGHT SETTING,United Kingdom
526936,85123A,WHITE HANGING HEART T-LIGHT HOLDER,United Kingdom
527053,20616,CHERRY BLOSSOM PASSPORT COVER,United Kingdom
527053,20653,CHERRY BLOSSOM LUGGAGE TAG,United Kingdom
527053,20828,GLITTER BUTTERFLY CLIPS,United Kingdom
527053,20829,GLITTER HANGING BUTTERFLY STRING,United Kingdom
527053,20886,BOX OF 9 PEBBLE CANDLES,United Kingdom
527053,20967,GREY FLORAL FELTCRAFT SHOULDER BAG,United Kingdom
527053,21034,REX CASH+CARRY JUMBO SHOPPER,United Kingdom
527053,21169,YOU'RE CONFUSING ME METAL SIGN,United Kingdom
527053,21181,PLEASE ONE PERSON METAL SIGN,United Kingdom
527053,21212,PACK OF 72 RETROSPOT CAKE CASES,United Kingdom
527053,21587,COSY HOUR GIANT TUBE MATCHES,United Kingdom
527053,22070,SMALL RED RETROSPOT MUG IN BOX,United Kingdom
527053,22071,SMALL WHITE RETROSPOT MUG IN BOX,United Kingdom
527053,22078,RIBBON REEL LACE DESIGN,United Kingdom
527053,22082,RIBBON REEL STRIPES DESIGN,United Kingdom
527053,22130,PARTY CONE CHRISTMAS DECORATION,United Kingdom
527053,22147,FELTCRAFT BUTTERFLY HEARTS,United Kingdom
527053,22156,HEART DECORATION WITH PEARLS,United Kingdom
527053,22162,HEART GARLAND RUSTIC PADDED,United Kingdom
527053,22162,HEART GARLAND RUSTIC PADDED,United Kingdom
527053,22588,CARD HOLDER GINGHAM HEART,United Kingdom
527053,22596,CHRISTMAS STAR WISH LIST CHALKBOARD,United Kingdom
527053,22600,CHRISTMAS RETROSPOT STAR WOOD,United Kingdom
527053,22602,CHRISTMAS RETROSPOT HEART WOOD,United Kingdom
527053,22603,CHRISTMAS RETROSPOT TREE WOOD,United Kingdom
527053,22632,HAND WARMER RED RETROSPOT,United Kingdom
527053,22633,HAND WARMER UNION JACK,United Kingdom
527053,22734,SET OF 6 RIBBONS VINTAGE CHRISTMAS,United Kingdom
527053,22736,RIBBON REEL MAKING SNOWMEN,United Kingdom
527053,22737,RIBBON REEL CHRISTMAS PRESENT,United Kingdom
527053,22738,RIBBON REEL SNOWY VILLAGE,United Kingdom
527053,22739,RIBBON REEL CHRISTMAS SOCK BAUBLE,United Kingdom
527053,22751,FELTCRAFT PRINCESS OLIVIA DOLL,United Kingdom
527053,22796,PHOTO FRAME 3 CLASSIC HANGING,United Kingdom
527053,22812,PACK 3 BOXES CHRISTMAS PANNETONE,United Kingdom
527053,22863,SOAP DISH BROCANTE,United Kingdom
527053,22865,HAND WARMER OWL DESIGN,United Kingdom
527053,22867,HAND WARMER BIRD DESIGN,United Kingdom
527053,22951,60 CAKE CASES DOLLY GIRL DESIGN,United Kingdom
527053,71510,SQUARE METAL CANDLEHOLDER BASE,United Kingdom
527053,84029G,KNITTED UNION FLAG HOT WATER BOTTLE,United Kingdom
527053,84789,ENCHANTED BIRD PLANT CAGE,United Kingdom
527053,84836,ZINC METAL HEART DECORATION,United Kingdom
527053,84978,HANGING HEART JAR T-LIGHT HOLDER,United Kingdom
527053,85061W,WHITE JEWELLED HEART DECORATION,United Kingdom
527053,85123A,WHITE HANGING HEART T-LIGHT HOLDER,United Kingdom
527053,85123A,WHITE HANGING HEART T-LIGHT HOLDER,United Kingdom
527331,20846,ZINC HEART LATTICE T-LIGHT HOLDER,United Kingdom
527331,21143,ANTIQUE GLASS HEART DECORATION,United Kingdom
527331,21146,ANTIQUE GLASS RIDGED HANGING BALL,United Kingdom
527331,21172,PARTY METAL SIGN,United Kingdom
527331,21269,ANTIQUE CREAM CUTLERY SHELF,United Kingdom
527331,21428,SET3 BOOK BOX GREEN GINGHAM FLOWER,United Kingdom
527331,21737,SET 3 WICKER LOG BASKETS,United Kingdom
527331,21777,RECIPE BOX WITH METAL HEART,United Kingdom
527331,22171,3 HOOK PHOTO SHELF ANTIQUE WHITE,United Kingdom
527331,22219,LOVEBIRD HANGING DECORATION WHITE,United Kingdom
527331,22288,"DECORATION , HANGING METAL RABBIT",United Kingdom
527331,22297,HEART IVORY TRELLIS SMALL,United Kingdom
527331,22335,HEART DECORATION PAINTED ZINC,United Kingdom
527331,22336,DOVE DECORATION PAINTED ZINC,United Kingdom
527331,22469,HEART OF WICKER SMALL,United Kingdom
527331,22588,CARD HOLDER GINGHAM HEART,United Kingdom
527331,22694,WICKER STAR,United Kingdom
527331,22763,KEY CABINET MA CAMPAGNE,United Kingdom
527331,22765,NEWSPAPER STAND,United Kingdom
527331,22769,CHALKBOARD KITCHEN ORGANISER,United Kingdom
527331,22907,PACK OF 20 NAPKINS PANTRY DESIGN,United Kingdom
527331,35400,WOODEN BOX ADVENT CALENDAR,United Kingdom
527331,35951,FOLKART BAUBLE CHRISTMAS DECORATION,United Kingdom
527331,84970S,HANGING HEART ZINC T-LIGHT HOLDER,United Kingdom
527331,85199L,LARGE HANGING IVORY & RED WOOD BIRD,United Kingdom
527358,20713,JUMBO BAG OWLS,United Kingdom
527358,20725,LUNCH BAG RED RETROSPOT,United Kingdom
527358,20727,LUNCH BAG  BLACK SKULL.,United Kingdom
527358,20727,LUNCH BAG  BLACK SKULL.,United Kingdom
527358,20728,LUNCH BAG CARS BLUE,United Kingdom
527358,20750,RED RETROSPOT MINI CASES,United Kingdom
527358,20974,12 PENCILS SMALL TUBE SKULL,United Kingdom
527358,20975,12 PENCILS SMALL TUBE RED RETROSPOT,United Kingdom
527358,20975,12 PENCILS SMALL TUBE RED RETROSPOT,United Kingdom
527358,21009,ETCHED GLASS STAR TREE DECORATION,United Kingdom
527358,21010,ETCHED GLASS BIRD TREE DECORATION,United Kingdom
527358,21011,GLITTER SNOW PEAR TREE DECORATION,United Kingdom
527358,21033,JUMBO BAG CHARLIE AND LOLA TOYS,United Kingdom
527358,21035,SET/2 RED RETROSPOT TEA TOWELS,United Kingdom
527358,21056,DOCTOR'S BAG SOFT TOY,United Kingdom
527358,21172,PARTY METAL SIGN,United Kingdom
527358,21218,RED SPOTTY BISCUIT TIN,United Kingdom
527358,21239,PINK  POLKADOT CUP,United Kingdom
527358,21240,BLUE POLKADOT CUP,United Kingdom
527358,21558,SKULL LUNCH BOX WITH CUTLERY,United Kingdom
527358,21621,VINTAGE UNION JACK BUNTING,United Kingdom
527358,21733,RED HANGING HEART T-LIGHT HOLDER,United Kingdom
527358,21733,RED HANGING HEART T-LIGHT HOLDER,United Kingdom
527358,21733,RED HANGING HEART T-LIGHT HOLDER,United Kingdom
527358,21743,STAR PORTABLE TABLE LIGHT,United Kingdom
527358,21843,RED RETROSPOT CAKE STAND,United Kingdom
527358,21930,JUMBO STORAGE BAG SKULLS,United Kingdom
527358,21934,SKULL SHOULDER BAG,United Kingdom
527358,22139,RETROSPOT TEA SET CERAMIC 11 PC,United Kingdom
527358,22139,RETROSPOT TEA SET CERAMIC 11 PC,United Kingdom
527358,22157,ANGEL DECORATION WITH LACE PADDED,United Kingdom
527358,22169,FAMILY ALBUM WHITE PICTURE FRAME,United Kingdom
527358,22186,RED STAR CARD HOLDER,United Kingdom
527358,22199,FRYING PAN RED RETROSPOT,United Kingdom
527358,22294,HEART FILIGREE DOVE  SMALL,United Kingdom
527358,22297,HEART IVORY TRELLIS SMALL,United Kingdom
527358,22327,ROUND SNACK BOXES SET OF 4 SKULLS,United Kingdom
527358,22327,ROUND SNACK BOXES SET OF 4 SKULLS,United Kingdom
527358,22336,DOVE DECORATION PAINTED ZINC,United Kingdom
527358,22339,CHRISTMAS TREE PAINTED ZINC,United Kingdom
527358,22348,TEA BAG PLATE RED RETROSPOT,United Kingdom
527358,22367,CHILDRENS APRON SPACEBOY DESIGN,United Kingdom
527358,22379,RECYCLING BAG RETROSPOT,United Kingdom
527358,22379,RECYCLING BAG RETROSPOT,United Kingdom
527358,22382,LUNCH BAG SPACEBOY DESIGN,United Kingdom
527358,22384,LUNCH BAG PINK POLKADOT,United Kingdom
527358,22423,REGENCY CAKESTAND 3 TIER,United Kingdom
527358,22424,ENAMEL BREAD BIN CREAM,United Kingdom
527358,22426,ENAMEL WASH BOWL CREAM,United Kingdom
527358,22469,HEART OF WICKER SMALL,United Kingdom
527358,22470,HEART OF WICKER LARGE,United Kingdom
527358,22470,HEART OF WICKER LARGE,United Kingdom
527358,22507,MEMO BOARD RETROSPOT  DESIGN,United Kingdom
527358,22596,CHRISTMAS STAR WISH LIST CHALKBOARD,United Kingdom
527358,22629,SPACEBOY LUNCH BOX,United Kingdom
527358,22630,DOLLY GIRL LUNCH BOX,United Kingdom
527358,22666,RECIPE BOX PANTRY YELLOW DESIGN,United Kingdom
527358,22667,RECIPE BOX RETROSPOT,United Kingdom
527358,22694,WICKER STAR,United Kingdom
527358,22694,WICKER STAR,United Kingdom
527358,22696,WICKER WREATH LARGE,United Kingdom
527358,22696,WICKER WREATH LARGE,United Kingdom
527358,22785,CUSHION COVER PINK UNION FLAG,United Kingdom
527358,22795,SWEETHEART RECIPE BOOK STAND,United Kingdom
527358,22804,CANDLEHOLDER PINK HANGING HEART,United Kingdom
527358,22804,CANDLEHOLDER PINK HANGING HEART,United Kingdom
527358,22899,CHILDREN'S APRON DOLLY GIRL,United Kingdom
527358,22904,CALENDAR PAPER CUT DESIGN,United Kingdom
527358,35400,WOODEN BOX ADVENT CALENDAR,United Kingdom
527358,72741,GRAND CHOCOLATECANDLE,United Kingdom
527358,84519A,TOMATO CHARLIE+LOLA COASTER SET,United Kingdom
527358,84839,SWEETHEART KEY CABINET,United Kingdom
527358,84997B,RED 3 PIECE RETROSPOT CUTLERY SET,United Kingdom
527358,84997C,BLUE 3 PIECE POLKADOT CUTLERY SET,United Kingdom
527358,85049B,LUSH GREENS RIBBONS,United Kingdom
527358,85049E,SCANDINAVIAN REDS RIBBONS,United Kingdom
527358,85061W,WHITE JEWELLED HEART DECORATION,United Kingdom
527358,85061W,WHITE JEWELLED HEART DECORATION,United Kingdom
527358,85099B,JUMBO BAG RED RETROSPOT,United Kingdom
527358,85123A,WHITE HANGING HEART T-LIGHT HOLDER,United Kingdom
527358,85199S,SMALL HANGING IVORY/RED WOOD BIRD,United Kingdom
527450,21114,LAVENDER SCENTED FABRIC HEART,United Kingdom
527450,22042,CHRISTMAS CARD SINGING ANGEL,United Kingdom
527450,22043,CHRISTMAS CARD SCREEN PRINT,United Kingdom
527450,22184,CAKE STAND VICTORIAN FILIGREE LARGE,United Kingdom
527450,22382,LUNCH BAG SPACEBOY DESIGN,United Kingdom
527450,22662,LUNCH BAG DOLLY GIRL DESIGN,United Kingdom
527450,22909,SET OF 20 VINTAGE CHRISTMAS NAPKINS,United Kingdom
527450,22952,60 CAKE CASES VINTAGE CHRISTMAS,United Kingdom
527450,47566B,TEA TIME PARTY BUNTING,United Kingdom
527450,72800E,4 IVORY DINNER CANDLES SILVER FLOCK,United Kingdom
527450,84992,72 SWEETHEART FAIRY CAKE CASES,United Kingdom
527571,22785,CUSHION COVER PINK UNION FLAG,United Kingdom
527571,22786,PILLOWCUSHION COVER PINK UNION JACK,United Kingdom
527571,22847,BREAD BIN DINER STYLE IVORY,United Kingdom
527772,22457,NATURAL SLATE HEART CHALKBOARD,United Kingdom
527772,22469,HEART OF WICKER SMALL,United Kingdom
527772,22470,HEART OF WICKER LARGE,United Kingdom
527772,22694,WICKER STAR,United Kingdom
527772,22767,TRIPLE PHOTO FRAME CORNICE,United Kingdom
527772,22768,FAMILY PHOTO FRAME CORNICE,United Kingdom
527772,22770,MIRROR CORNICE,United Kingdom
527796,21056,DOCTOR'S BAG SOFT TOY,Spain
527796,21380,WOODEN HAPPY BIRTHDAY GARLAND,Spain
527796,21381,MINI WOODEN HAPPY BIRTHDAY GARLAND,Spain
527796,22271,FELTCRAFT DOLL ROSIE,Spain
527796,22341,LOVE GARLAND PAINTED ZINC,Spain
527796,22670,FRENCH WC SIGN BLUE METAL,Spain
527796,22903,CALENDAR FAMILY FAVOURITES,Spain
527796,22904,CALENDAR PAPER CUT DESIGN,Spain
527881,21703,BAG 125g SWIRLY MARBLES,United Kingdom
527881,22456,NATURAL SLATE CHALKBOARD LARGE,United Kingdom
527881,22771,CLEAR DRAWER KNOB ACRYLIC EDWARDIAN,United Kingdom
527881,22772,PINK DRAWER KNOB ACRYLIC EDWARDIAN,United Kingdom
527881,22773,GREEN DRAWER KNOB ACRYLIC EDWARDIAN,United Kingdom
527881,22775,PURPLE DRAWERKNOB ACRYLIC EDWARDIAN,United Kingdom
527881,22776,SWEETHEART CAKESTAND 3 TIER,United Kingdom
527881,22805,BLUE DRAWER KNOB ACRYLIC EDWARDIAN,United Kingdom
527881,84077,WORLD WAR 2 GLIDERS ASSTD DESIGNS,United Kingdom
527881,84670,JAPANESE CROCHETED ANIMAL,United Kingdom
527896,M,Manual,United Kingdom
527896,M,Manual,United Kingdom
527965,21042,RED RETROSPOT APRON,United Kingdom
527965,21135,VICTORIAN  METAL POSTCARD SPRING,United Kingdom
527965,21154,RED RETROSPOT OVEN GLOVE,United Kingdom
527965,21175,GIN + TONIC DIET METAL SIGN,United Kingdom
527965,21181,PLEASE ONE PERSON METAL SIGN,United Kingdom
527965,21212,PACK OF 72 RETROSPOT CAKE CASES,United Kingdom
527965,21216,"SET 3 RETROSPOT TEA,COFFEE,SUGAR",United Kingdom
527965,21231,SWEETHEART CERAMIC TRINKET BOX,United Kingdom
527965,21232,STRAWBERRY CERAMIC TRINKET BOX,United Kingdom
527965,21242,RED RETROSPOT PLATE,United Kingdom
527965,21527,RED RETROSPOT TRADITIONAL TEAPOT,United Kingdom
527965,21531,RED RETROSPOT SUGAR JAM BOWL,United Kingdom
527965,21533,RETROSPOT LARGE MILK JUG,United Kingdom
527965,21535,RED RETROSPOT SMALL MILK JUG,United Kingdom
527965,21625,VINTAGE UNION JACK APRON,United Kingdom
527965,21668,RED STRIPE CERAMIC DRAWER KNOB,United Kingdom
527965,21669,BLUE STRIPE CERAMIC DRAWER KNOB,United Kingdom
527965,21670,BLUE SPOT CERAMIC DRAWER KNOB,United Kingdom
527965,21671,RED SPOT CERAMIC DRAWER KNOB,United Kingdom
527965,21672,WHITE SPOT RED CERAMIC DRAWER KNOB,United Kingdom
527965,21673,WHITE SPOT BLUE CERAMIC DRAWER KNOB,United Kingdom
527965,21688,SILVER PLATE CANDLE BOWL SMALL,United Kingdom
527965,21843,RED RETROSPOT CAKE STAND,United Kingdom
527965,21908,CHOCOLATE THIS WAY METAL SIGN,United Kingdom
527965,21910,WAY OUT METAL SIGN,United Kingdom
527965,22055,MINI CAKE STAND  HANGING STRAWBERY,United Kingdom
527965,22059,CERAMIC STRAWBERRY DESIGN MUG,United Kingdom
527965,22061,LARGE CAKE STAND  HANGING STRAWBERY,United Kingdom
527965,22072,RED RETROSPOT TEA CUP AND SAUCER,United Kingdom
527965,22111,SCOTTIE DOG HOT WATER BOTTLE,United Kingdom
527965,22114,HOT WATER BOTTLE TEA AND SYMPATHY,United Kingdom
527965,22180,RETROSPOT LAMP,United Kingdom
527965,22348,TEA BAG PLATE RED RETROSPOT,United Kingdom
527965,22423,REGENCY CAKESTAND 3 TIER,United Kingdom
527965,22509,SEWING BOX RETROSPOT DESIGN,United Kingdom
527965,22611,VINTAGE UNION JACK SHOPPING BAG,United Kingdom
527965,22644,CERAMIC CHERRY CAKE MONEY BANK,United Kingdom
527965,22645,CERAMIC HEART FAIRY CAKE MONEY BANK,United Kingdom
527965,22646,CERAMIC STRAWBERRY CAKE MONEY BANK,United Kingdom
527965,22667,RECIPE BOX RETROSPOT,United Kingdom
527965,22697,GREEN REGENCY TEACUP AND SAUCER,United Kingdom
527965,22698,PINK REGENCY TEACUP AND SAUCER,United Kingdom
527965,22699,ROSES REGENCY TEACUP AND SAUCER,United Kingdom
527965,22857,ASSORTED EASTER GIFT TAGS,United Kingdom
527965,22939,APRON APPLE DELIGHT,United Kingdom
527965,22944,CHRISTMAS METAL POSTCARD WITH BELLS,United Kingdom
527965,22945,CHRISTMAS METAL TAGS ASSORTED,United Kingdom
527965,22948,METAL DECORATION NAUGHTY CHILDREN,United Kingdom
527965,37450,CERAMIC CAKE BOWL + HANGING CAKES,United Kingdom
527965,37500,TEA TIME TEAPOT IN GIFT BOX,United Kingdom
527965,72741,GRAND CHOCOLATECANDLE,United Kingdom
527965,82486,WOOD S/3 CABINET ANT WHITE FINISH,United Kingdom
527965,82599,FANNY'S REST STOPMETAL SIGN,United Kingdom
527965,82600,NO SINGING METAL SIGN,United Kingdom
527965,84029G,KNITTED UNION FLAG HOT WATER BOTTLE,United Kingdom
527965,84279P,CHERRY BLOSSOM  DECORATIVE FLASK,United Kingdom
527965,85014B,RED RETROSPOT UMBRELLA,United Kingdom
527965,85039A,SET/4 RED MINI ROSE CANDLE IN BOWL,United Kingdom
527965,85150,LADIES & GENTLEMEN METAL SIGN,United Kingdom
527965,85152,HAND OVER THE CHOCOLATE   SIGN,United Kingdom
527965,85216,ASSORTED CAKES FRIDGE MAGNETS,United Kingdom
528060,20758,ABSTRACT CIRCLES POCKET BOOK,United Kingdom
528060,20760,GARDEN PATH POCKET BOOK,United Kingdom
528060,21098,CHRISTMAS TOILET ROLL,United Kingdom
528060,21356,TOAST ITS - FAIRY FLOWER,United Kingdom
528060,21357,TOAST ITS - DINOSAUR,United Kingdom
528060,21357,TOAST ITS - DINOSAUR,United Kingdom
528060,21447,12 IVORY ROSE PEG PLACE SETTINGS,United Kingdom
528060,21447,12 IVORY ROSE PEG PLACE SETTINGS,United Kingdom
528060,21975,PACK OF 60 DINOSAUR CAKE CASES,United Kingdom
528060,21975,PACK OF 60 DINOSAUR CAKE CASES,United Kingdom
528060,21977,PACK OF 60 PINK PAISLEY CAKE CASES,United Kingdom
528060,22055,MINI CAKE STAND  HANGING STRAWBERY,United Kingdom
528060,22057,CERAMIC PLATE STRAWBERRY DESIGN,United Kingdom
528060,22059,CERAMIC STRAWBERRY DESIGN MUG,United Kingdom
528060,22059,CERAMIC STRAWBERRY DESIGN MUG,United Kingdom
528060,22151,PLACE SETTING WHITE HEART,United Kingdom
528060,22152,PLACE SETTING WHITE STAR,United Kingdom
528060,22158,3 HEARTS HANGING DECORATION RUSTIC,United Kingdom
528060,22196,SMALL HEART MEASURING SPOONS,United Kingdom
528060,22197,SMALL POPCORN HOLDER,United Kingdom
528060,22219,LOVEBIRD HANGING DECORATION WHITE,United Kingdom
528060,22231,JIGSAW TREE WITH BIRDHOUSE,United Kingdom
528060,22245,"HOOK, 1 HANGER ,MAGIC GARDEN",United Kingdom
528060,22245,"HOOK, 1 HANGER ,MAGIC GARDEN",United Kingdom
528060,22279,POCKET BAG BLUE PAISLEY RED SPOT,United Kingdom
528060,22280,POCKET BAG PINK PAISELY BROWN SPOT,United Kingdom
528060,22417,PACK OF 60 SPACEBOY CAKE CASES,United Kingdom
528060,22444,GROW YOUR OWN PLANT IN A CAN,United Kingdom
528060,22493,PAINT YOUR OWN CANVAS SET,United Kingdom
528060,22493,PAINT YOUR OWN CANVAS SET,United Kingdom
528060,22534,MAGIC DRAWING SLATE SPACEBOY,United Kingdom
528060,22537,MAGIC DRAWING SLATE DINOSAUR,United Kingdom
528060,22551,PLASTERS IN TIN SPACEBOY,United Kingdom
528060,22551,PLASTERS IN TIN SPACEBOY,United Kingdom
528060,22553,PLASTERS IN TIN SKULLS,United Kingdom
528060,22583,PACK OF 6 HANDBAG GIFT BOXES,United Kingdom
528060,22583,PACK OF 6 HANDBAG GIFT BOXES,United Kingdom
528060,22584,PACK OF 6 PANNETONE GIFT BOXES,United Kingdom
528060,22584,PACK OF 6 PANNETONE GIFT BOXES,United Kingdom
528060,22585,PACK OF 6 BIRDY GIFT TAGS,United Kingdom
528060,22585,PACK OF 6 BIRDY GIFT TAGS,United Kingdom
528060,22588,CARD HOLDER GINGHAM HEART,United Kingdom
528060,22595,CHRISTMAS GINGHAM HEART,United Kingdom
528060,22602,CHRISTMAS RETROSPOT HEART WOOD,United Kingdom
528060,22617,BAKING SET SPACEBOY DESIGN,United Kingdom
528060,22633,HAND WARMER UNION JACK,United Kingdom
528060,22633,HAND WARMER UNION JACK,United Kingdom
528060,22652,TRAVEL SEWING KIT,United Kingdom
528060,22665,RECIPE BOX BLUE SKETCHBOOK DESIGN,United Kingdom
528060,22666,RECIPE BOX PANTRY YELLOW DESIGN,United Kingdom
528060,22755,SMALL PURPLE BABUSHKA NOTEBOOK,United Kingdom
528060,22813,PACK 3 BOXES BIRD PANNETONE,United Kingdom
528060,22834,HAND WARMER BABUSHKA DESIGN,United Kingdom
528060,22865,HAND WARMER OWL DESIGN,United Kingdom
528060,22865,HAND WARMER OWL DESIGN,United Kingdom
528060,22866,HAND WARMER SCOTTY DOG DESIGN,United Kingdom
528060,22867,HAND WARMER BIRD DESIGN,United Kingdom
528060,22906,12 MESSAGE CARDS WITH ENVELOPES,United Kingdom
528060,35970,ZINC FOLKART SLEIGH BELLS,United Kingdom
528060,84991,60 TEATIME FAIRY CAKE CASES,United Kingdom
528060,84991,60 TEATIME FAIRY CAKE CASES,United Kingdom
528079,16046,TEATIME PEN CASE & PENS,United Kingdom
528079,20668,DISCO BALL CHRISTMAS DECORATION,United Kingdom
528079,20871,OPULENT VELVET SET/3 CANDLES,United Kingdom
528079,20931,BLUE POT PLANT CANDLE,United Kingdom
528079,20953,PORCELAIN CHERUB BELL LARGE,United Kingdom
528079,21012,ANTIQUE ALL GLASS CANDLESTICK,United Kingdom
528079,21125,SET 6 FOOTBALL CELEBRATION CANDLES,United Kingdom
528079,21314,SMALL GLASS HEART TRINKET POT,United Kingdom
528079,21410,COUNTRY COTTAGE  DOORSTOP GREEN,United Kingdom
528079,21411,GINGHAM HEART  DOORSTOP RED,United Kingdom
528079,21430,SET/3 RED GINGHAM ROSE STORAGE BOX,United Kingdom
528079,21745,GAOLERS KEYS DECORATIVE GARDEN,United Kingdom
528079,21812,GARLAND WITH HEARTS AND BELLS,United Kingdom
528079,21818,GLITTER CHRISTMAS HEART,United Kingdom
528079,21819,GLITTER CHRISTMAS STAR,United Kingdom
528079,21980,PACK OF 12 RED RETROSPOT TISSUES,United Kingdom
528079,22112,CHOCOLATE HOT WATER BOTTLE,United Kingdom
528079,22113,GREY HEART HOT WATER BOTTLE,United Kingdom
528079,22147,FELTCRAFT BUTTERFLY HEARTS,United Kingdom
528079,22154,ANGEL DECORATION 3 BUTTONS,United Kingdom
528079,22155,STAR DECORATION RUSTIC,United Kingdom
528079,22157,ANGEL DECORATION WITH LACE PADDED,United Kingdom
528079,22158,3 HEARTS HANGING DECORATION RUSTIC,United Kingdom
528079,22167,"WALL MIRROR , DIAMANTE OVAL SHAPE",United Kingdom
528079,22169,FAMILY ALBUM WHITE PICTURE FRAME,United Kingdom
528079,22170,PICTURE FRAME WOOD TRIPLE PORTRAIT,United Kingdom
528079,22457,NATURAL SLATE HEART CHALKBOARD,United Kingdom
528079,22488,NATURAL SLATE RECTANGLE CHALKBOARD,United Kingdom
528079,22508,DOORSTOP RETROSPOT HEART,United Kingdom
528079,22557,PLASTERS IN TIN VINTAGE PAISLEY,United Kingdom
528079,22577,WOODEN HEART CHRISTMAS SCANDINAVIAN,United Kingdom
528079,22578,WOODEN STAR CHRISTMAS SCANDINAVIAN,United Kingdom
528079,22595,CHRISTMAS GINGHAM HEART,United Kingdom
528079,22602,CHRISTMAS RETROSPOT HEART WOOD,United Kingdom
528079,22639,SET OF 4 NAPKIN CHARMS HEARTS,United Kingdom
528079,22642,SET OF 4 NAPKIN CHARMS STARS,United Kingdom
528079,22642,SET OF 4 NAPKIN CHARMS STARS,United Kingdom
528079,22862,LOVE HEART NAPKIN BOX,United Kingdom
528079,35962,SET/12 ZINC CHRISTMAS DECORATIONS,United Kingdom
528079,35970,ZINC FOLKART SLEIGH BELLS,United Kingdom
528079,72127,COLUMBIAN CANDLE ROUND,United Kingdom
528079,72128,COLUMBIAN CANDLE ROUND,United Kingdom
528079,72130,COLUMBIAN CANDLE ROUND,United Kingdom
528079,82482,WOODEN PICTURE FRAME WHITE FINISH,United Kingdom
528079,82484,WOOD BLACK BOARD ANT WHITE FINISH,United Kingdom
528079,82494L,WOODEN FRAME ANTIQUE WHITE,United Kingdom
528079,84754,S/15 SILVER GLASS BAUBLES IN BAG,United Kingdom
528079,85065,CREAM SWEETHEART TRAYS,United Kingdom
528079,85106,CUT GLASS HEXAGON T-LIGHT HOLDER,United Kingdom
528087,10002,INFLATABLE POLITICAL GLOBE,United Kingdom
528087,20684,STRAWBERRY DREAM CHILDS UMBRELLA,United Kingdom
528087,20686,DOLLY MIXTURE CHILDREN'S UMBRELLA,United Kingdom
528087,20733,GOLD MINI TAPE MEASURE,United Kingdom
528087,20738,GREEN MINI TAPE MEASURE,United Kingdom
528087,20751,FUNKY WASHING UP GLOVES ASSORTED,United Kingdom
528087,20763,DAISY SKETCHBOOK,United Kingdom
528087,20764,ABSTRACT CIRCLES SKETCHBOOK,United Kingdom
528087,20766,GARDEN PATH SKETCHBOOK,United Kingdom
528087,20780,BLACK EAR MUFF HEADPHONES,United Kingdom
528087,20782,CAMOUFLAGE EAR MUFF HEADPHONES,United Kingdom
528087,20961,STRAWBERRY BATH SPONGE,United Kingdom
528087,20963,APPLE BATH SPONGE,United Kingdom
528087,20966,SANDWICH BATH SPONGE,United Kingdom
528087,20967,GREY FLORAL FELTCRAFT SHOULDER BAG,United Kingdom
528087,20969,RED FLORAL FELTCRAFT SHOULDER BAG,United Kingdom
528087,20978,36 PENCILS TUBE SKULLS,United Kingdom
528087,20982,12 PENCILS TALL TUBE SKULLS,United Kingdom
528087,20986,BLUE CALCULATOR RULER,United Kingdom
528087,20992,JAZZ HEARTS PURSE NOTEBOOK,United Kingdom
528087,21056,DOCTOR'S BAG SOFT TOY,United Kingdom
528087,21107,CREAM SLICE FLANNEL PINK SPOT,United Kingdom
528087,21110,LARGE CAKE TOWEL PINK SPOTS,United Kingdom
528087,21161,KEEP OUT BOYS DOOR HANGER,United Kingdom
528087,21162,TOXIC AREA  DOOR HANGER,United Kingdom
528087,21163,DO NOT TOUCH MY STUFF DOOR HANGER,United Kingdom
528087,21327,SKULLS WRITING SET,United Kingdom
528087,21328,BALLOONS  WRITING SET,United Kingdom
528087,21329,DINOSAURS  WRITING SET,United Kingdom
528087,21428,SET3 BOOK BOX GREEN GINGHAM FLOWER,United Kingdom
528087,21430,SET/3 RED GINGHAM ROSE STORAGE BOX,United Kingdom
528087,21495,SKULLS AND CROSSBONES WRAP,United Kingdom
528087,21497,FANCY FONTS BIRTHDAY WRAP,United Kingdom
528087,21506,"FANCY FONT BIRTHDAY CARD,",United Kingdom
528087,21559,STRAWBERRY LUNCH BOX WITH CUTLERY,United Kingdom
528087,21586,KINGS CHOICE GIANT TUBE MATCHES,United Kingdom
528087,21588,RETROSPOT GIANT TUBE MATCHES,United Kingdom
528087,21622,VINTAGE UNION JACK CUSHION COVER,United Kingdom
528087,21622,VINTAGE UNION JACK CUSHION COVER,United Kingdom
528087,21623,VINTAGE UNION JACK MEMOBOARD,United Kingdom
528087,21624,VINTAGE UNION JACK DOORSTOP,United Kingdom
528087,21758,VINTAGE SHELLS PRINT,United Kingdom
528087,21804,WHITE CHRISTMAS GARLAND STARS TREES,United Kingdom
528087,21833,CAMOUFLAGE LED TORCH,United Kingdom
528087,21846,PINK DIAMANTE PEN IN GIFT BOX,United Kingdom
528087,21868,POTTING SHED TEA MUG,United Kingdom
528087,21890,S/6 WOODEN SKITTLES IN COTTON BAG,United Kingdom
528087,21899,"KEY FOB , GARAGE DESIGN",United Kingdom
528087,21967,PACK OF 12 SKULL TISSUES,United Kingdom
528087,21982,PACK OF 12 SUKI TISSUES,United Kingdom
528087,21987,PACK OF 6 SKULL PAPER CUPS,United Kingdom
528087,21988,PACK OF 6 SKULL PAPER PLATES,United Kingdom
528087,21993,FLORAL FOLK STATIONERY SET,United Kingdom
528087,22030,SWALLOWS GREETING CARD,United Kingdom
528087,22037,ROBOT BIRTHDAY CARD,United Kingdom
528087,22086,PAPER CHAIN KIT 50'S CHRISTMAS,United Kingdom
528087,22091,EMPIRE TISSUE BOX,United Kingdom
528087,22097,SWALLOW SQUARE TISSUE BOX,United Kingdom
528087,22132,RED LOVE HEART SHAPE CUP,United Kingdom
528087,22158,3 HEARTS HANGING DECORATION RUSTIC,United Kingdom
528087,22174,PHOTO CUBE,United Kingdom
528087,22190,LOCAL CAFE MUG,United Kingdom
528087,22195,LARGE HEART MEASURING SPOONS,United Kingdom
528087,22233,JIGSAW RABBIT AND BIRDHOUSE,United Kingdom
528087,22311,OFFICE MUG WARMER BLACK+SILVER,United Kingdom
528087,22312,OFFICE MUG WARMER POLKADOT,United Kingdom
528087,22312,OFFICE MUG WARMER POLKADOT,United Kingdom
528087,22348,TEA BAG PLATE RED RETROSPOT,United Kingdom
528087,22371,AIRLINE BAG VINTAGE TOKYO 78,United Kingdom
528087,22394,PAPERWEIGHT KINGS CHOICE,United Kingdom
528087,22418,10 COLOUR SPACEBOY PEN,United Kingdom
528087,22436,12 COLOURED PARTY BALLOONS,United Kingdom
528087,22438,BALLOON ART MAKE YOUR OWN FLOWERS,United Kingdom
528087,22456,NATURAL SLATE CHALKBOARD LARGE,United Kingdom
528087,22493,PAINT YOUR OWN CANVAS SET,United Kingdom
528087,22497,SET OF 2 TINS VINTAGE BATHROOM,United Kingdom
528087,22500,SET OF 2 TINS JARDIN DE PROVENCE,United Kingdom
528087,22505,MEMO BOARD COTTAGE DESIGN,United Kingdom
528087,22534,MAGIC DRAWING SLATE SPACEBOY,United Kingdom
528087,22537,MAGIC DRAWING SLATE DINOSAUR,United Kingdom
528087,22553,PLASTERS IN TIN SKULLS,United Kingdom
528087,22555,PLASTERS IN TIN STRONGMAN,United Kingdom
528087,22620,4 TRADITIONAL SPINNING TOPS,United Kingdom
528087,22665,RECIPE BOX BLUE SKETCHBOOK DESIGN,United Kingdom
528087,22694,WICKER STAR,United Kingdom
528087,22725,ALARM CLOCK BAKELIKE CHOCOLATE,United Kingdom
528087,22730,ALARM CLOCK BAKELIKE IVORY,United Kingdom
528087,22737,RIBBON REEL CHRISTMAS PRESENT,United Kingdom
528087,22747,POPPY'S PLAYHOUSE BATHROOM,United Kingdom
528087,22748,POPPY'S PLAYHOUSE KITCHEN,United Kingdom
528087,22749,FELTCRAFT PRINCESS CHARLOTTE DOLL,United Kingdom
528087,22752,SET 7 BABUSHKA NESTING BOXES,United Kingdom
528087,22811,SET OF 6 T-LIGHTS CACTI,United Kingdom
528087,22815,CARD PSYCHEDELIC APPLES,United Kingdom
528087,22821,GIFT BAG PSYCHEDELIC APPLES,United Kingdom
528087,22834,HAND WARMER BABUSHKA DESIGN,United Kingdom
528087,22837,HOT WATER BOTTLE BABUSHKA,United Kingdom
528087,22851,SET 20 NAPKINS FAIRY CAKES DESIGN,United Kingdom
528087,22940,FELTCRAFT CHRISTMAS FAIRY,United Kingdom
528087,22959,WRAP CHRISTMAS VILLAGE,United Kingdom
528087,51020B,STRIPY DESIGN SHOWER CAP,United Kingdom
528087,62094B,TURQ ICE CREAM BUM BAG,United Kingdom
528087,82615,PINK MARSHMALLOW SCARF KNITTING KIT,United Kingdom
528087,84012,MAGIC SHEEP WOOL GROWING FROM PAPER,United Kingdom
528087,84527,FLAMES SUNGLASSES PINK LENSES,United Kingdom
528087,84596F,SMALL MARSHMALLOWS PINK BOWL,United Kingdom
528087,84997B,RED 3 PIECE RETROSPOT CUTLERY SET,United Kingdom
528087,85035A,GARDENIA 3 WICK MORRIS BOXED CANDLE,United Kingdom
528087,85035B,CHOCOLATE 3 WICK MORRIS BOX CANDLE,United Kingdom
528087,85036A,GARDENIA 1 WICK MORRIS BOXED CANDLE,United Kingdom
528087,85036B,CHOCOLATE 1 WICK MORRIS BOX CANDLE,United Kingdom
528087,85040B,SET/4 BLUE FLOWER CANDLES IN BOWL,United Kingdom
528087,85062,PEARL CRYSTAL PUMPKIN T-LIGHT HLDR,United Kingdom
528087,85136C,RED SHARK HELICOPTER,United Kingdom
528131,22059,CERAMIC STRAWBERRY DESIGN MUG,United Kingdom
528131,22059,CERAMIC STRAWBERRY DESIGN MUG,United Kingdom
528131,22063,CERAMIC BOWL WITH STRAWBERRY DESIGN,United Kingdom
528131,22065,CHRISTMAS PUDDING TRINKET POT,United Kingdom
528131,22139,RETROSPOT TEA SET CERAMIC 11 PC,United Kingdom
528131,22575,METAL MERRY CHRISTMAS WREATH,United Kingdom
528131,22644,CERAMIC CHERRY CAKE MONEY BANK,United Kingdom
528131,22644,CERAMIC CHERRY CAKE MONEY BANK,United Kingdom
528131,22645,CERAMIC HEART FAIRY CAKE MONEY BANK,United Kingdom
528131,22649,STRAWBERRY FAIRY CAKE TEAPOT,United Kingdom
528131,22785,CUSHION COVER PINK UNION FLAG,United Kingdom
528131,22840,ROUND CAKE TIN VINTAGE RED,United Kingdom
528131,22851,SET 20 NAPKINS FAIRY CAKES DESIGN,United Kingdom
528131,22890,NOVELTY BISCUITS CAKE STAND 3 TIER,United Kingdom
528131,22891,TEA FOR ONE POLKADOT,United Kingdom
528131,22900,SET 2 TEA TOWELS I LOVE LONDON,United Kingdom
528131,22902,TOTE BAG I LOVE LONDON,United Kingdom
528131,37450,CERAMIC CAKE BOWL + HANGING CAKES,United Kingdom
528131,47567B,TEA TIME KITCHEN APRON,United Kingdom
528131,84509G,SET OF 4 FAIRY CAKE PLACEMATS,United Kingdom
528327,21174,POTTERING IN THE SHED METAL SIGN,United Kingdom
528327,21231,SWEETHEART CERAMIC TRINKET BOX,United Kingdom
528327,21232,STRAWBERRY CERAMIC TRINKET BOX,United Kingdom
528327,22158,3 HEARTS HANGING DECORATION RUSTIC,United Kingdom
528327,22175,PINK OWL SOFT TOY,United Kingdom
528327,22176,BLUE OWL SOFT TOY,United Kingdom
528327,22470,HEART OF WICKER LARGE,United Kingdom
528327,22943,CHRISTMAS LIGHTS 10 VINTAGE BAUBLES,United Kingdom
528327,85123A,WHITE HANGING HEART T-LIGHT HOLDER,United Kingdom
528431,22083,PAPER CHAIN KIT RETRO SPOT,United Kingdom
528431,22086,PAPER CHAIN KIT 50'S CHRISTMAS,United Kingdom
528431,22424,ENAMEL BREAD BIN CREAM,United Kingdom
528431,22456,NATURAL SLATE CHALKBOARD LARGE,United Kingdom
528431,22488,NATURAL SLATE RECTANGLE CHALKBOARD,United Kingdom
528431,22827,GIANT SEVENTEEN DRAWER SIDEBOARD,United Kingdom
528601,21181,PLEASE ONE PERSON METAL SIGN,United Kingdom
528601,21527,RED RETROSPOT TRADITIONAL TEAPOT,United Kingdom
528601,21533,RETROSPOT LARGE MILK JUG,United Kingdom
528601,21539,RED RETROSPOT BUTTER DISH,United Kingdom
528601,21658,GLASS  BEURRE DISH,United Kingdom
528601,21843,RED RETROSPOT CAKE STAND,United Kingdom
528601,21908,CHOCOLATE THIS WAY METAL SIGN,United Kingdom
528601,22113,GREY HEART HOT WATER BOTTLE,United Kingdom
528601,22890,NOVELTY BISCUITS CAKE STAND 3 TIER,United Kingdom
528601,47566,PARTY BUNTING,United Kingdom
528601,84406B,CREAM CUPID HEARTS COAT HANGER,United Kingdom
528601,84839,SWEETHEART KEY CABINET,United Kingdom
528601,85068,CREAM SWEETHEART SHELF + HOOKS,United Kingdom
529057,10002,INFLATABLE POLITICAL GLOBE,Australia
529057,20685,DOORMAT RED RETROSPOT,Australia
529057,21555,CERAMIC STRAWBERRY TRINKET TRAY,Australia
529057,21731,RED TOADSTOOL LED NIGHT LIGHT,Australia
529057,21937,STRAWBERRY   PICNIC BAG,Australia
529057,22383,LUNCH BAG SUKI  DESIGN,Australia
529057,22785,CUSHION COVER PINK UNION FLAG,Australia
529057,22786,PILLOWCUSHION COVER PINK UNION JACK,Australia
529057,22892,SALT AND PEPPER SHAKERS TOADSTOOLS,Australia
529057,22941,CHRISTMAS LIGHTS 10 REINDEER,Australia
529057,22942,CHRISTMAS LIGHTS 10 SANTAS,Australia
529057,48138,DOORMAT UNION FLAG,Australia
529057,79067,CORONA MEXICAN TRAY,Australia
529144,10123G,ARMY CAMO WRAPPING TAPE,United Kingdom
529144,10125,MINI FUNKY DESIGN TAPES,United Kingdom
529144,20974,12 PENCILS SMALL TUBE SKULL,United Kingdom
529144,21166,COOK WITH WINE METAL SIGN,United Kingdom
529144,21211,SET OF 72 SKULL PAPER  DOILIES,United Kingdom
529144,21224,SET/4 SKULL BADGES,United Kingdom
529144,21291,SMALL POLKADOT CHOCOLATE GIFT BAG,United Kingdom
529144,21327,SKULLS WRITING SET,United Kingdom
529144,21425,SKULLS STORAGE BOX LARGE,United Kingdom
529144,21427,SKULLS STORAGE BOX SMALL,United Kingdom
529144,21485,RETROSPOT HEART HOT WATER BOTTLE,United Kingdom
529144,21486,PINK HEART DOTS HOT WATER BOTTLE,United Kingdom
529144,21504,SKULLS GREETING CARD,United Kingdom
529144,21524,DOORMAT SPOTTY HOME SWEET HOME,United Kingdom
529144,21558,SKULL LUNCH BOX WITH CUTLERY,United Kingdom
529144,21670,BLUE SPOT CERAMIC DRAWER KNOB,United Kingdom
529144,21724,PANDA AND BUNNIES STICKER SHEET,United Kingdom
529144,21726,MULTI HEARTS  STICKERS,United Kingdom
529144,21980,PACK OF 12 RED RETROSPOT TISSUES,United Kingdom
529144,21986,PACK OF 12 PINK POLKADOT TISSUES,United Kingdom
529144,21987,PACK OF 6 SKULL PAPER CUPS,United Kingdom
529144,21988,PACK OF 6 SKULL PAPER PLATES,United Kingdom
529144,21989,PACK OF 20 SKULL PAPER NAPKINS,United Kingdom
529144,22085,PAPER CHAIN KIT SKULLS,United Kingdom
529144,22100,SKULLS SQUARE TISSUE BOX,United Kingdom
529144,22112,CHOCOLATE HOT WATER BOTTLE,United Kingdom
529144,22332,SKULLS PARTY BAG + STICKER SET,United Kingdom
529144,22334,DINOSAUR PARTY BAG + STICKER SET,United Kingdom
529144,22470,HEART OF WICKER LARGE,United Kingdom
529144,22475,SKULL DESIGN TV DINNER TRAY,United Kingdom
529144,22493,PAINT YOUR OWN CANVAS SET,United Kingdom
529144,22595,CHRISTMAS GINGHAM HEART,United Kingdom
529144,47599A,PINK PARTY BAGS,United Kingdom
529144,47599B,BLUE PARTY BAGS,United Kingdom
529144,79144B,PAINTED LIGHTBULB STAR+ MOON,United Kingdom
529144,82605,OLD DOC RUSSEL METAL SIGN,United Kingdom
529144,84795B,SUNSET CHECK HAMMOCK,United Kingdom
529301,22632,HAND WARMER RED POLKA DOT,United Kingdom
529301,22633,HAND WARMER UNION JACK,United Kingdom
529301,22941,CHRISTMAS LIGHTS 10 REINDEER,United Kingdom
529301,22942,CHRISTMAS LIGHTS 10 SANTAS,United Kingdom
529301,22943,CHRISTMAS LIGHTS 10 VINTAGE BAUBLES,United Kingdom
529520,21098,CHRISTMAS TOILET ROLL,United Kingdom
529520,21733,RED HANGING HEART T-LIGHT HOLDER,United Kingdom
529520,21846,PINK DIAMANTE PEN IN GIFT BOX,United Kingdom
529520,22644,CERAMIC CHERRY CAKE MONEY BANK,United Kingdom
529520,22645,CERAMIC HEART FAIRY CAKE MONEY BANK,United Kingdom
529520,22646,CERAMIC STRAWBERRY CAKE MONEY BANK,United Kingdom
529520,22660,DOORMAT I LOVE LONDON,United Kingdom
529520,22768,FAMILY PHOTO FRAME CORNICE,United Kingdom
529520,22771,CLEAR DRAWER KNOB ACRYLIC EDWARDIAN,United Kingdom
529520,22772,PINK DRAWER KNOB ACRYLIC EDWARDIAN,United Kingdom
529520,22773,GREEN DRAWER KNOB ACRYLIC EDWARDIAN,United Kingdom
529520,22774,RED DRAWER KNOB ACRYLIC EDWARDIAN,United Kingdom
529520,22775,PURPLE DRAWERKNOB ACRYLIC EDWARDIAN,United Kingdom
529520,22776,SWEETHEART CAKESTAND 3 TIER,United Kingdom
529520,22804,CANDLEHOLDER PINK HANGING HEART,United Kingdom
529520,22805,BLUE DRAWER KNOB ACRYLIC EDWARDIAN,United Kingdom
529520,47566,PARTY BUNTING,United Kingdom
529520,47566B,TEA TIME PARTY BUNTING,United Kingdom
529520,85123A,WHITE HANGING HEART T-LIGHT HOLDER,United Kingdom
529834,21351,CINAMMON & ORANGE WREATH,United Kingdom
529834,21352,EUCALYPTUS & PINECONE  WREATH,United Kingdom
529834,22175,PINK OWL SOFT TOY,United Kingdom
529834,22176,BLUE OWL SOFT TOY,United Kingdom
529834,22423,REGENCY CAKESTAND 3 TIER,United Kingdom
529834,22483,RED GINGHAM TEDDY BEAR,United Kingdom
529834,22752,SET 7 BABUSHKA NESTING BOXES,United Kingdom
529834,22813,PACK 3 BOXES BIRD PANNETONE,United Kingdom
530308,21114,LAVENDER SCENTED FABRIC HEART,United Kingdom
530308,21169,YOU'RE CONFUSING ME METAL SIGN,United Kingdom
530308,21175,GIN + TONIC DIET METAL SIGN,United Kingdom
530308,21385,IVORY HANGING DECORATION  HEART,United Kingdom
530308,22061,LARGE CAKE STAND  HANGING STRAWBERY,United Kingdom
530308,22218,CAKE STAND LACE WHITE,United Kingdom
530308,22236,CAKE STAND 3 TIER MAGIC GARDEN,United Kingdom
530308,22284,HEN HOUSE DECORATION,United Kingdom
530308,22297,HEART IVORY TRELLIS SMALL,United Kingdom
530308,22420,LIPSTICK PEN BABY PINK,United Kingdom
530308,22421,LIPSTICK PEN FUSCHIA,United Kingdom
530308,22497,SET OF 2 TINS VINTAGE BATHROOM,United Kingdom
530308,47591D,PINK FAIRY CAKE CHILDRENS APRON,United Kingdom
530308,71053,WHITE METAL LANTERN,United Kingdom
530308,72802B,OCEAN SCENT CANDLE IN JEWELLED BOX,United Kingdom
530308,72802C,VANILLA SCENT CANDLE JEWELLED BOX,United Kingdom
530308,82482,WOODEN PICTURE FRAME WHITE FINISH,United Kingdom
530308,84050,PINK HEART SHAPE EGG FRYING PAN,United Kingdom
530308,84406B,CREAM CUPID HEARTS COAT HANGER,United Kingdom
530308,84510A,SET OF 4 ENGLISH ROSE COASTERS,United Kingdom
530308,84926E,FLOWERS TILE COASTER,United Kingdom
530308,85034A,3 GARDENIA MORRIS BOXED CANDLES,United Kingdom
530308,85036A,GARDENIA 1 WICK MORRIS BOXED CANDLE,United Kingdom
530433,10135,COLOURING PENCILS BROWN TUBE,Germany
530433,20712,JUMBO BAG WOODLAND ANIMALS,Germany
530433,20719,WOODLAND CHARLOTTE BAG,Germany
530433,20726,LUNCH BAG WOODLAND,Germany
530433,20973,12 PENCIL SMALL TUBE WOODLAND,Germany
530433,20975,12 PENCILS SMALL TUBE RED RETROSPOT,Germany
530433,21115,ROSE CARAVAN DOORSTOP,Germany
530433,21212,PACK OF 72 RETROSPOT CAKE CASES,Germany
530433,21428,SET3 BOOK BOX GREEN GINGHAM FLOWER,Germany
530433,21429,RED GINGHAM ROSE JEWELLERY BOX,Germany
530433,21430,SET/3 RED GINGHAM ROSE STORAGE BOX,Germany
530433,21484,CHICK GREY HOT WATER BOTTLE,Germany
530433,21731,RED TOADSTOOL LED NIGHT LIGHT,Germany
530433,21928,JUMBO BAG SCANDINAVIAN PAISLEY,Germany
530433,21929,JUMBO BAG PINK VINTAGE PAISLEY,Germany
530433,21932,SCANDINAVIAN PAISLEY PICNIC BAG,Germany
530433,21933,PINK VINTAGE PAISLEY PICNIC BAG,Germany
530433,21936,RED RETROSPOT PICNIC BAG,Germany
530433,21976,PACK OF 60 MUSHROOM CAKE CASES,Germany
530433,21977,PACK OF 60 PINK PAISLEY CAKE CASES,Germany
530433,22110,BIRD HOUSE HOT WATER BOTTLE,Germany
530433,22242,5 HOOK HANGER MAGIC TOADSTOOL,Germany
530433,22243,5 HOOK HANGER RED MAGIC TOADSTOOL,Germany
530433,22278,OVERNIGHT BAG VINTAGE ROSE PAISLEY,Germany
530433,22386,JUMBO BAG PINK POLKADOT,Germany
530433,22505,MEMO BOARD COTTAGE DESIGN,Germany
530433,22652,TRAVEL SEWING KIT,Germany
530433,22968,ROSE COTTAGE KEEPSAKE BOX,Germany
530433,47599A,PINK PARTY BAGS,Germany
530433,47599B,BLUE PARTY BAGS,Germany
530433,85099B,JUMBO BAG RED RETROSPOT,Germany
530433,POST,POSTAGE,Germany
530576,21481,FAWN BLUE HOT WATER BOTTLE,United Kingdom
530576,21484,CHICK GREY HOT WATER BOTTLE,United Kingdom
530576,21485,RED SPOT HEART HOT WATER BOTTLE,United Kingdom
530576,22111,SCOTTIE DOG HOT WATER BOTTLE,United Kingdom
530576,22114,HOT WATER BOTTLE TEA AND SYMPATHY,United Kingdom
530576,22834,HAND WARMER BABUSHKA DESIGN,United Kingdom
530576,22865,HAND WARMER OWL DESIGN,United Kingdom
530576,22866,HAND WARMER SCOTTY DOG DESIGN,United Kingdom
530576,22867,HAND WARMER BIRD DESIGN,United Kingdom
530576,84029E,RED WOOLLY HOTTIE WHITE HEART.,United Kingdom
530576,84029G,KNITTED UNION FLAG HOT WATER BOTTLE,United Kingdom
530576,84030E,ENGLISH ROSE HOT WATER BOTTLE,United Kingdom
530716,16011,ANIMAL STICKERS,United Kingdom
530716,20681,PINK POLKADOT CHILDRENS UMBRELLA,United Kingdom
530716,20682,RED RETROSPOT CHILDRENS UMBRELLA,United Kingdom
530716,20762,GREEN FERN SKETCHBOOK,United Kingdom
530716,20763,DAISY SKETCHBOOK,United Kingdom
530716,20967,GREY FLORAL FELTCRAFT SHOULDER BAG,United Kingdom
530716,21080,SET/20 RED RETROSPOT PAPER NAPKINS,United Kingdom
530716,21086,SET/6 RED SPOTTY PAPER CUPS,United Kingdom
530716,21094,SET/6 RED SPOTTY PAPER PLATES,United Kingdom
530716,21980,PACK OF 12 RED RETROSPOT TISSUES,United Kingdom
530716,22139,RETROSPOT TEA SET CERAMIC 11 PC,United Kingdom
530716,22333,RETROSPOT PARTY BAG + STICKER SET,United Kingdom
530716,22334,DINOSAUR PARTY BAG + STICKER SET,United Kingdom
530716,22515,CHILDS GARDEN SPADE PINK,United Kingdom
530716,22525,CHILDRENS GARDEN GLOVES PINK,United Kingdom
530716,22569,FELTCRAFT CUSHION BUTTERFLY,United Kingdom
530716,22569,FELTCRAFT CUSHION BUTTERFLY,United Kingdom
530716,22570,FELTCRAFT CUSHION RABBIT,United Kingdom
530716,22693,GROW A FLYTRAP OR SUNFLOWER IN TIN,United Kingdom
530716,22693,GROW A FLYTRAP OR SUNFLOWER IN TIN,United Kingdom
530716,22749,FELTCRAFT PRINCESS CHARLOTTE DOLL,United Kingdom
530937,21658,GLASS  BEURRE DISH,United Kingdom
530937,21917,SET 12 KIDS  WHITE CHALK STICKS,United Kingdom
530937,22245,"HOOK, 1 HANGER ,MAGIC GARDEN",United Kingdom
530937,22423,REGENCY CAKESTAND 3 TIER,United Kingdom
530937,22585,PACK OF 6 BIRDY GIFT TAGS,United Kingdom
530937,48138,DOORMAT UNION FLAG,United Kingdom
530937,48194,DOORMAT HEARTS,United Kingdom
530937,84946,ANTIQUE SILVER TEA GLASS ETCHED,United Kingdom
530961,22130,PARTY CONE CHRISTMAS DECORATION,United Kingdom
530961,22149,FELTCRAFT 6 FLOWER FRIENDS,United Kingdom
530961,22178,VICTORIAN GLASS HANGING T-LIGHT,United Kingdom
530961,22560,TRADITIONAL MODELLING CLAY,United Kingdom
531241,20854,BLUE PATCH PURSE PINK HEART,United Kingdom
531241,20856,DENIM PATCH PURSE PINK BUTTERFLY,United Kingdom
531241,20857,BLUE ROSE PATCH PURSE PINK BUTTERFL,United Kingdom
531241,20867,PINK ROSE FABRIC MIRROR,United Kingdom
531241,21228,"POCKET MIRROR ""GLAMOROUS""",United Kingdom
531241,21891,TRADITIONAL WOODEN SKIPPING ROPE,United Kingdom
531241,22086,PAPER CHAIN KIT 50'S CHRISTMAS,United Kingdom
531241,22371,AIRLINE BAG VINTAGE TOKYO 78,United Kingdom
531241,22439,6 ROCKET BALLOONS,United Kingdom
531241,22565,FELTCRAFT HAIRBANDS PINK AND WHITE,United Kingdom
531241,22727,ALARM CLOCK BAKELIKE RED,United Kingdom
531241,22910,PAPER CHAIN KIT VINTAGE CHRISTMAS,United Kingdom
531241,72800E,4 IVORY DINNER CANDLES SILVER FLOCK,United Kingdom
531253,72818,CHRISTMAS DECOUPAGE CANDLE,United Kingdom
531361,21479,WHITE SKULL HOT WATER BOTTLE,United Kingdom
531361,21733,RED HANGING HEART T-LIGHT HOLDER,United Kingdom
531361,22118,JOY WOODEN BLOCK LETTERS,United Kingdom
531361,22333,RETROSPOT PARTY BAG + STICKER SET,United Kingdom
531361,22941,CHRISTMAS LIGHTS 10 REINDEER,United Kingdom
531361,22942,CHRISTMAS LIGHTS 10 SANTAS,United Kingdom
531361,35400,WOODEN BOX ADVENT CALENDAR,United Kingdom
531361,84029E,RED WOOLLY HOTTIE WHITE HEART.,United Kingdom
531361,84032B,CHARLIE + LOLA RED HOT WATER BOTTLE,United Kingdom
531361,84347,ROTATING SILVER ANGELS T-LIGHT HLDR,United Kingdom
531362,20704,MR ROBOT SOFT TOY,United Kingdom
531362,20705,MRS ROBOT SOFT TOY,United Kingdom
531362,20724,RED RETROSPOT CHARLOTTE BAG,United Kingdom
531362,20724,RED RETROSPOT CHARLOTTE BAG,United Kingdom
531362,20727,LUNCH BAG  BLACK SKULL.,United Kingdom
531362,20950,SET/6  ANGEL T-LIGHTS WHITE/GOLD,United Kingdom
531362,20983,12 PENCILS TALL TUBE RED RETROSPOT,United Kingdom
531362,20983,12 PENCILS TALL TUBE RED RETROSPOT,United Kingdom
531362,21136,PAINTED METAL PEARS ASSORTED,United Kingdom
531362,21733,RED HANGING HEART T-LIGHT HOLDER,United Kingdom
531362,21821,GLITTER STAR GARLAND WITH BELLS,United Kingdom
531362,21931,JUMBO STORAGE BAG SUKI,United Kingdom
531362,21934,SKULL SHOULDER BAG,United Kingdom
531362,21935,SUKI  SHOULDER BAG,United Kingdom
531362,21980,PACK OF 12 RED RETROSPOT TISSUES,United Kingdom
531362,22147,FELTCRAFT BUTTERFLY HEARTS,United Kingdom
531362,22149,FELTCRAFT 6 FLOWER FRIENDS,United Kingdom
531362,22355,CHARLOTTE BAG SUKI DESIGN,United Kingdom
531362,22383,LUNCH BAG SUKI  DESIGN,United Kingdom
531362,22470,HEART OF WICKER LARGE,United Kingdom
531362,22475,SKULL DESIGN TV DINNER TRAY,United Kingdom
531362,22483,RED GINGHAM TEDDY BEAR,United Kingdom
531362,22589,CARDHOLDER GINGHAM STAR,United Kingdom
531362,22632,HAND WARMER RED RETROSPOT,United Kingdom
531362,22694,WICKER STAR,United Kingdom
531362,22804,CANDLEHOLDER PINK HANGING HEART,United Kingdom
531362,22834,HAND WARMER BABUSHKA DESIGN,United Kingdom
531362,84879,ASSORTED COLOUR BIRD ORNAMENT,United Kingdom
531438,20733,GOLD MINI TAPE MEASURE,United Kingdom
531438,20735,BLACK MINI TAPE MEASURE,United Kingdom
531438,20971,PINK BLUE FELT CRAFT TRINKET BOX,United Kingdom
531438,20972,PINK CREAM FELT CRAFT TRINKET BOX,United Kingdom
531438,21742,LARGE ROUND WICKER PLATTER,United Kingdom
531438,22147,FELTCRAFT BUTTERFLY HEARTS,United Kingdom
531438,22149,FELTCRAFT 6 FLOWER FRIENDS,United Kingdom
531438,72760B,VINTAGE CREAM 3 BASKET CAKE STAND,United Kingdom
531761,21730,GLASS STAR FROSTED T-LIGHT HOLDER,United Kingdom
531761,21754,HOME BUILDING BLOCK WORD,United Kingdom
531761,22801,ANTIQUE GLASS PEDESTAL BOWL,United Kingdom
531761,84946,ANTIQUE SILVER TEA GLASS ETCHED,United Kingdom
531761,85048,15CM CHRISTMAS GLASS BALL 20 LIGHTS,United Kingdom
532042,20803,SMALL PINK GLASS SUNDAE DISH,United Kingdom
532042,21135,VICTORIAN  METAL POSTCARD SPRING,United Kingdom
532042,21868,POTTING SHED TEA MUG,United Kingdom
532042,21877,HOME SWEET HOME MUG,United Kingdom
532042,22119,PEACE WOODEN BLOCK LETTERS,United Kingdom
532042,22188,BLACK HEART CARD HOLDER,United Kingdom
532042,22219,LOVEBIRD HANGING DECORATION WHITE,United Kingdom
532042,22224,WHITE LOVEBIRD LANTERN,United Kingdom
532042,22265,EASTER DECORATION NATURAL CHICK,United Kingdom
532042,22304,COFFEE MUG BLUE PAISLEY DESIGN,United Kingdom
532042,22336,DOVE DECORATION PAINTED ZINC,United Kingdom
532042,22398,MAGNETS PACK OF 4 SWALLOWS,United Kingdom
532042,22470,HEART OF WICKER LARGE,United Kingdom
532042,22575,METAL MERRY CHRISTMAS WREATH,United Kingdom
532042,22576,SWALLOW WOODEN CHRISTMAS DECORATION,United Kingdom
532042,22578,WOODEN STAR CHRISTMAS SCANDINAVIAN,United Kingdom
532042,22588,CARD HOLDER GINGHAM HEART,United Kingdom
532042,22589,CARDHOLDER GINGHAM STAR,United Kingdom
532042,22697,GREEN REGENCY TEACUP AND SAUCER,United Kingdom
532042,22698,PINK REGENCY TEACUP AND SAUCER,United Kingdom
532042,22699,ROSES REGENCY TEACUP AND SAUCER,United Kingdom
532042,22811,SET OF 6 T-LIGHTS CACTI,United Kingdom
532042,22863,SOAP DISH BROCANTE,United Kingdom
532042,71459,HANGING JAM JAR T-LIGHT HOLDER,United Kingdom
532042,71477,COLOUR GLASS. STAR T-LIGHT HOLDER,United Kingdom
532042,71477,COLOUR GLASS. STAR T-LIGHT HOLDER,United Kingdom
532042,82494L,WOODEN FRAME ANTIQUE WHITE,United Kingdom
532042,84406B,CREAM CUPID HEARTS COAT HANGER,United Kingdom
532042,84879,ASSORTED COLOUR BIRD ORNAMENT,United Kingdom
532042,90013B,BLACK VINTAGE EARRINGS,United Kingdom
532042,90013C,GREEN VINTAGE EARRINGS,United Kingdom
532042,90144,SILVER DROP EARRINGS WITH FLOWER,United Kingdom
532042,90146,FINE SILVER NECKLACE W PASTEL FLOWE,United Kingdom
532042,90183A,AMBER DROP EARRINGS W LONG BEADS,United Kingdom
532042,90192,JADE DROP EARRINGS W FILIGREE,United Kingdom
532340,20871,OPULENT VELVET SET/3 CANDLES,United Kingdom
532340,20963,APPLE BATH SPONGE,United Kingdom
532340,20974,12 PENCILS SMALL TUBE SKULL,United Kingdom
532340,20975,12 PENCILS SMALL TUBE RED RETROSPOT,United Kingdom
532340,20984,12 PENCILS TALL TUBE POSY,United Kingdom
532340,21641,ASSORTED TUTTI FRUTTI KEYRING BALL,United Kingdom
532340,21706,FOLDING UMBRELLA RED/WHITE POLKADOT,United Kingdom
532340,21707,FOLDING UMBRELLA BLACKBLUE POLKADOT,United Kingdom
532340,21708,FOLDING UMBRELLA CREAM POLKADOT,United Kingdom
532340,21709,FOLDING UMBRELLA CHOCOLATE POLKADOT,United Kingdom
532340,21829,DINOSAUR KEYRINGS ASSORTED,United Kingdom
532340,21833,CAMOUFLAGE LED TORCH,United Kingdom
532340,21888,BINGO SET,United Kingdom
532340,21889,WOODEN BOX OF DOMINOES,United Kingdom
532340,21914,BLUE HARMONICA IN BOX,United Kingdom
532340,21982,PACK OF 12 SUKI TISSUES,United Kingdom
532340,21985,PACK OF 12 HEARTS DESIGN TISSUES,United Kingdom
532340,22299,PIG KEYRING WITH LIGHT & SOUND,United Kingdom
532340,22457,NATURAL SLATE HEART CHALKBOARD,United Kingdom
532340,22489,PACK OF 12 TRADITIONAL CRAYONS,United Kingdom
532340,22644,CERAMIC CHERRY CAKE MONEY BANK,United Kingdom
532340,22645,CERAMIC HEART FAIRY CAKE MONEY BANK,United Kingdom
532340,22646,CERAMIC STRAWBERRY CAKE MONEY BANK,United Kingdom
532340,22798,ANTIQUE GLASS DRESSING TABLE POT,United Kingdom
532340,22835,HOT WATER BOTTLE I AM SO POORLY,United Kingdom
532340,22837,HOT WATER BOTTLE BABUSHKA,United Kingdom
532340,71143,SILVER BOOK MARK WITH BEADS,United Kingdom
532340,82483,WOOD 2 DRAWER CABINET WHITE FINISH,United Kingdom
532340,82486,WOOD S/3 CABINET ANT WHITE FINISH,United Kingdom
532364,10135,COLOURING PENCILS BROWN TUBE,United Kingdom
532364,20719,WOODLAND CHARLOTTE BAG,United Kingdom
532364,20724,RED RETROSPOT CHARLOTTE BAG,United Kingdom
532364,20727,LUNCH BAG  BLACK SKULL.,United Kingdom
532364,20727,LUNCH BAG  BLACK SKULL.,United Kingdom
532364,21174,POTTERING IN THE SHED METAL SIGN,United Kingdom
532364,21181,PLEASE ONE PERSON METAL SIGN,United Kingdom
532364,21327,SKULLS WRITING SET,United Kingdom
532364,21328,BALLOONS  WRITING SET,United Kingdom
532364,21329,DINOSAURS  WRITING SET,United Kingdom
532364,21464,DISCO BALL ROTATOR BATTERY OPERATED,United Kingdom
532364,21479,WHITE SKULL HOT WATER BOTTLE,United Kingdom
532364,21481,FAWN BLUE HOT WATER BOTTLE,United Kingdom
532364,21486,PINK HEART DOTS HOT WATER BOTTLE,United Kingdom
532364,21495,SKULLS AND CROSSBONES WRAP,United Kingdom
532364,21498,RED RETROSPOT WRAP,United Kingdom
532364,21500,PINK POLKADOT WRAP,United Kingdom
532364,21504,SKULLS GREETING CARD,United Kingdom
532364,21745,GAOLERS KEYS DECORATIVE GARDEN,United Kingdom
532364,21806,WHITE CHRISTMAS HEART DECORATION,United Kingdom
532364,21807,WHITE CHRISTMAS STAR DECORATION,United Kingdom
532364,21817,GLITTER CHRISTMAS TREE,United Kingdom
532364,21818,GLITTER CHRISTMAS HEART,United Kingdom
532364,21819,GLITTER CHRISTMAS STAR,United Kingdom
532364,21870,I CAN ONLY PLEASE ONE PERSON MUG,United Kingdom
532364,21876,POTTERING MUG,United Kingdom
532364,21914,BLUE HARMONICA IN BOX,United Kingdom
532364,21917,SET 12 KIDS  WHITE CHALK STICKS,United Kingdom
532364,21918,SET 12 KIDS COLOUR  CHALK STICKS,United Kingdom
532364,22086,PAPER CHAIN KIT 50'S CHRISTMAS,United Kingdom
532364,22107,PIZZA PLATE IN BOX,United Kingdom
532364,22109,FULL ENGLISH BREAKFAST PLATE,United Kingdom
532364,22112,CHOCOLATE HOT WATER BOTTLE,United Kingdom
532364,22113,GREY HEART HOT WATER BOTTLE,United Kingdom
532364,22114,HOT WATER BOTTLE TEA AND SYMPATHY,United Kingdom
532364,22150,3 STRIPEY MICE FELTCRAFT,United Kingdom
532364,22161,HEART DECORATION RUSTIC HANGING,United Kingdom
532364,22355,CHARLOTTE BAG SUKI DESIGN,United Kingdom
532364,22356,CHARLOTTE BAG PINK POLKADOT,United Kingdom
532364,22367,CHILDRENS APRON SPACEBOY DESIGN,United Kingdom
532364,22383,LUNCH BAG SUKI  DESIGN,United Kingdom
532364,22406,MONEY BOX KINGS CHOICE DESIGN,United Kingdom
532364,22409,MONEY BOX BISCUITS DESIGN,United Kingdom
532364,22518,CHILDS GARDEN BRUSH BLUE,United Kingdom
532364,22632,HAND WARMER RED RETROSPOT,United Kingdom
532364,22633,HAND WARMER UNION JACK,United Kingdom
532364,22749,FELTCRAFT PRINCESS CHARLOTTE DOLL,United Kingdom
532364,22750,FELTCRAFT PRINCESS LOLA DOLL,United Kingdom
532364,22865,HAND WARMER OWL DESIGN,United Kingdom
532364,22866,HAND WARMER SCOTTY DOG DESIGN,United Kingdom
532364,37343,POLKADOT MUG PINK,United Kingdom
532364,47591D,PINK FAIRY CAKE CHILDRENS APRON,United Kingdom
532364,82483,WOOD 2 DRAWER CABINET WHITE FINISH,United Kingdom
532364,82484,WOOD BLACK BOARD ANT WHITE FINISH,United Kingdom
532364,84029E,RED WOOLLY HOTTIE WHITE HEART.,United Kingdom
532364,84029G,KNITTED UNION FLAG HOT WATER BOTTLE,United Kingdom
532364,84032A,CHARLIE+LOLA PINK HOT WATER BOTTLE,United Kingdom
532424,21071,VINTAGE BILLBOARD DRINK ME MUG,United Kingdom
532424,21259,VICTORIAN SEWING BOX SMALL,United Kingdom
532424,21485,RETROSPOT HEART HOT WATER BOTTLE,United Kingdom
532424,22173,METAL 4 HOOK HANGER FRENCH CHATEAU,United Kingdom
532424,22217,T-LIGHT HOLDER HANGING LACE,United Kingdom
532424,22219,LOVEBIRD HANGING DECORATION WHITE,United Kingdom
532424,22227,HANGING HEART MIRROR DECORATION,United Kingdom
532424,22296,HEART IVORY TRELLIS LARGE,United Kingdom
532424,22460,EMBOSSED GLASS TEALIGHT HOLDER,United Kingdom
532424,22464,HANGING METAL HEART LANTERN,United Kingdom
532424,22637,PIGGY BANK RETROSPOT,United Kingdom
532424,22644,CERAMIC CHERRY CAKE MONEY BANK,United Kingdom
532424,22667,RECIPE BOX RETROSPOT,United Kingdom
532424,22699,ROSES REGENCY TEACUP AND SAUCER,United Kingdom
532424,22766,PHOTO FRAME CORNICE,United Kingdom
532424,22898,CHILDRENS APRON APPLES DESIGN,United Kingdom
532424,82482,WOODEN PICTURE FRAME WHITE FINISH,United Kingdom
532424,85123A,WHITE HANGING HEART T-LIGHT HOLDER,United Kingdom
532434,21494,ROTATING LEAVES T-LIGHT HOLDER,United Kingdom
532434,21833,CAMOUFLAGE LED TORCH,United Kingdom
532434,21914,BLUE HARMONICA IN BOX,United Kingdom
532434,21947,SET OF 6 HEART CHOPSTICKS,United Kingdom
532434,22580,ADVENT CALENDAR GINGHAM SACK,United Kingdom
532434,22632,HAND WARMER RED RETROSPOT,United Kingdom
532434,22736,RIBBON REEL MAKING SNOWMEN,United Kingdom
532434,22910,PAPER CHAIN KIT VINTAGE CHRISTMAS,United Kingdom
532434,84077,WORLD WAR 2 GLIDERS ASSTD DESIGNS,United Kingdom
532449,21166,COOK WITH WINE METAL SIGN,United Kingdom
532449,21175,GIN + TONIC DIET METAL SIGN,United Kingdom
532449,21231,SWEETHEART CERAMIC TRINKET BOX,United Kingdom
532449,21232,STRAWBERRY CERAMIC TRINKET BOX,United Kingdom
532449,21621,VINTAGE UNION JACK BUNTING,United Kingdom
532449,21623,VINTAGE UNION JACK MEMOBOARD,United Kingdom
532449,21624,VINTAGE UNION JACK DOORSTOP,United Kingdom
532449,21733,RED HANGING HEART T-LIGHT HOLDER,United Kingdom
532449,21888,BINGO SET,United Kingdom
532449,21889,WOODEN BOX OF DOMINOES,United Kingdom
532449,21907,I'M ON HOLIDAY METAL SIGN,United Kingdom
532449,21908,CHOCOLATE THIS WAY METAL SIGN,United Kingdom
532449,22111,SCOTTIE DOG HOT WATER BOTTLE,United Kingdom
532449,22112,CHOCOLATE HOT WATER BOTTLE,United Kingdom
532449,22282,12 EGG HOUSE PAINTED WOOD,United Kingdom
532449,22283,6 EGG HOUSE PAINTED WOOD,United Kingdom
532449,22284,HEN HOUSE DECORATION,United Kingdom
532449,22412,METAL SIGN NEIGHBOURHOOD WITCH,United Kingdom
532449,22413,METAL SIGN TAKE IT OR LEAVE IT,United Kingdom
532449,22470,HEART OF WICKER LARGE,United Kingdom
532449,22644,CERAMIC CHERRY CAKE MONEY BANK,United Kingdom
532449,22645,CERAMIC HEART FAIRY CAKE MONEY BANK,United Kingdom
532449,22646,CERAMIC STRAWBERRY CAKE MONEY BANK,United Kingdom
532449,22694,WICKER STAR,United Kingdom
532449,22776,SWEETHEART CAKESTAND 3 TIER,United Kingdom
532449,22804,CANDLEHOLDER PINK HANGING HEART,United Kingdom
532449,22835,HOT WATER BOTTLE I AM SO POORLY,United Kingdom
532449,47566B,TEA TIME PARTY BUNTING,United Kingdom
532449,72741,GRAND CHOCOLATECANDLE,United Kingdom
532449,82600,NO SINGING METAL SIGN,United Kingdom
532449,84077,WORLD WAR 2 GLIDERS ASSTD DESIGNS,United Kingdom
532449,85123A,WHITE HANGING HEART T-LIGHT HOLDER,United Kingdom
532449,85152,HAND OVER THE CHOCOLATE   SIGN,United Kingdom
532449,85175,CACTI T-LIGHT CANDLES,United Kingdom
532585,16156S,WRAP PINK FAIRY CAKES,United Kingdom
532585,20685,DOORMAT RED RETROSPOT,United Kingdom
532585,20719,WOODLAND CHARLOTTE BAG,United Kingdom
532585,21212,PACK OF 72 RETROSPOT CAKE CASES,United Kingdom
532585,21499,BLUE POLKADOT WRAP,United Kingdom
532585,21507,"ELEPHANT, BIRTHDAY CARD,",United Kingdom
532585,22023,EMPIRE BIRTHDAY CARD,United Kingdom
532585,22024,RAINY LADIES BIRTHDAY CARD,United Kingdom
532585,22028,PENNY FARTHING BIRTHDAY CARD,United Kingdom
532585,22328,ROUND SNACK BOXES SET OF 4 FRUITS,United Kingdom
532585,22452,MEASURING TAPE BABUSHKA PINK,United Kingdom
532585,22453,MEASURING TAPE BABUSHKA BLUE,United Kingdom
532585,22454,MEASURING TAPE BABUSHKA RED,United Kingdom
532585,22467,GUMBALL COAT RACK,United Kingdom
532585,22752,SET 7 BABUSHKA NESTING BOXES,United Kingdom
532585,48116,DOORMAT MULTICOLOUR STRIPE,United Kingdom
532585,71459,HANGING JAM JAR T-LIGHT HOLDER,United Kingdom
532634,21054,NURSE'S BAG SOFT TOY,United Kingdom
532634,21232,STRAWBERRY CERAMIC TRINKET BOX,United Kingdom
532634,21986,PACK OF 12 PINK POLKADOT TISSUES,United Kingdom
532634,22059,CERAMIC STRAWBERRY DESIGN MUG,United Kingdom
532634,22059,CERAMIC STRAWBERRY DESIGN MUG,United Kingdom
532634,22356,CHARLOTTE BAG PINK POLKADOT,United Kingdom
532634,22549,PICTURE DOMINOES,United Kingdom
532652,22111,SCOTTIE DOG HOT WATER BOTTLE,United Kingdom
532652,22866,HAND WARMER SCOTTY DOG DESIGN,United Kingdom
532653,21115,ROSE CARAVAN DOORSTOP,United Kingdom
532653,21154,RED RETROSPOT OVEN GLOVE,United Kingdom
532653,21216,"SET 3 RETROSPOT TEA,COFFEE,SUGAR",United Kingdom
532653,21623,VINTAGE UNION JACK MEMOBOARD,United Kingdom
532653,22083,PAPER CHAIN KIT RETROSPOT,United Kingdom
532653,22086,PAPER CHAIN KIT 50'S CHRISTMAS,United Kingdom
532653,22348,TEA BAG PLATE RED RETROSPOT,United Kingdom
532653,22423,REGENCY CAKESTAND 3 TIER,United Kingdom
532653,22507,MEMO BOARD RETROSPOT  DESIGN,United Kingdom
532653,22624,IVORY KITCHEN SCALES,United Kingdom
532653,22669,RED BABY BUNTING,United Kingdom
532653,22692,DOORMAT WELCOME TO OUR HOME,United Kingdom
532653,22840,ROUND CAKE TIN VINTAGE RED,United Kingdom
532653,35400,WOODEN BOX ADVENT CALENDAR,United Kingdom
532653,48188,DOORMAT WELCOME PUPPIES,United Kingdom
532653,71279,PINK GLASS CANDLEHOLDER,United Kingdom
532653,82484,WOOD BLACK BOARD ANT WHITE FINISH,United Kingdom
532653,84879,ASSORTED COLOUR BIRD ORNAMENT,United Kingdom
532670,20668,DISCO BALL CHRISTMAS DECORATION,United Kingdom
532670,21018,BIRD BOX CHRISTMAS TREE DECORATION,United Kingdom
532670,21147,JINGLE BELLS TREE DECORATION,United Kingdom
532670,21819,GLITTER CHRISTMAS STAR,United Kingdom
532670,21824,PAINTED METAL STAR WITH HOLLY BELLS,United Kingdom
532670,21825,PAINTED METAL TREE WITH HOLLY BELLS,United Kingdom
532670,22825,DECORATIVE PLANT POT WITH FRIEZE,United Kingdom
532670,84754,S/15 SILVER GLASS BAUBLES IN BAG,United Kingdom
532973,21078,SET/20 STRAWBERRY PAPER NAPKINS,United Kingdom
532973,21124,SET/10 BLUE POLKADOT PARTY CANDLES,United Kingdom
532973,21365,MIRRORED WALL ART STARS,United Kingdom
532973,21382,SET/4 SPRING FLOWER DECORATION,United Kingdom
532973,21506,"FANCY FONT BIRTHDAY CARD,",United Kingdom
532973,21586,KINGS CHOICE GIANT TUBE MATCHES,United Kingdom
532973,21592,RETROSPOT CIGAR BOX MATCHES,United Kingdom
532973,21937,STRAWBERRY   PICNIC BAG,United Kingdom
532973,21937,STRAWBERRY   PICNIC BAG,United Kingdom
532973,22228,BUNNY WOODEN PAINTED WITH BIRD,United Kingdom
532973,22229,BUNNY WOODEN PAINTED WITH FLOWER,United Kingdom
532973,22246,"GARLAND, MAGIC GARDEN 1.8M",United Kingdom
532973,22439,6 ROCKET BALLOONS,United Kingdom
532973,22481,BLACK TEA TOWEL CLASSIC DESIGN,United Kingdom
532973,22481,BLACK TEA TOWEL CLASSIC DESIGN,United Kingdom
532973,22532,MAGIC DRAWING SLATE LEAP FROG,United Kingdom
532973,22727,ALARM CLOCK BAKELIKE RED,United Kingdom
532973,22729,ALARM CLOCK BAKELIKE ORANGE,United Kingdom
532973,22730,ALARM CLOCK BAKELIKE IVORY,United Kingdom
532973,22906,12 MESSAGE CARDS WITH ENVELOPES,United Kingdom
532973,22906,12 MESSAGE CARDS WITH ENVELOPES,United Kingdom
532973,72051S,BAG OF SILVER STONES,United Kingdom
532973,75049L,LARGE CIRCULAR MIRROR MOBILE,United Kingdom
532973,84247E,PACK/12 XMAS FUN CARD,United Kingdom
532973,84840,SWEETHEART CARRY-ALL BASKET,United Kingdom
532973,85035A,GARDENIA 3 WICK MORRIS BOXED CANDLE,United Kingdom
532973,85198,ASSORTED FARMYARD ANIMALS IN BUCKET,United Kingdom
532973,85198,ASSORTED FARMYARD ANIMALS IN BUCKET,United Kingdom
532973,85212,MINI PAINTED GARDEN DECORATION,United Kingdom
533091,21114,LAVENDER SCENTED FABRIC HEART,United Kingdom
533091,21165,BEWARE OF THE CAT METAL SIGN,United Kingdom
533091,21733,RED HANGING HEART T-LIGHT HOLDER,United Kingdom
533091,21868,POTTING SHED TEA MUG,United Kingdom
533091,21876,POTTERING MUG,United Kingdom
533091,22077,6 RIBBONS RUSTIC CHARM,United Kingdom
533091,22112,CHOCOLATE HOT WATER BOTTLE,United Kingdom
533091,22113,GREY HEART HOT WATER BOTTLE,United Kingdom
533091,22150,3 STRIPEY MICE FELTCRAFT,United Kingdom
533091,22568,FELTCRAFT CUSHION OWL,United Kingdom
533091,22570,FELTCRAFT CUSHION RABBIT,United Kingdom
533091,22804,CANDLEHOLDER PINK HANGING HEART,United Kingdom
533091,22835,HOT WATER BOTTLE I AM SO POORLY,United Kingdom
533091,22865,HAND WARMER OWL DESIGN,United Kingdom
533091,48111,DOORMAT 3 SMILEY CATS,United Kingdom
533091,48129,DOORMAT TOPIARY,United Kingdom
533091,48194,DOORMAT HEARTS,United Kingdom
533091,71477,COLOUR GLASS. STAR T-LIGHT HOLDER,United Kingdom
533091,84879,ASSORTED COLOUR BIRD ORNAMENT,United Kingdom
533091,85049A,TRADITIONAL CHRISTMAS RIBBONS,United Kingdom
533525,21928,JUMBO BAG SCANDINAVIAN PAISLEY,United Kingdom
533525,21929,JUMBO BAG PINK VINTAGE PAISLEY,United Kingdom
533525,21980,PACK OF 12 RED RETROSPOT TISSUES,United Kingdom
533525,85014B,RED RETROSPOT UMBRELLA,United Kingdom
533525,85099F,JUMBO BAG STRAWBERRY,United Kingdom
533548,21080,SET/20 RED RETROSPOT PAPER NAPKINS,France
533548,21086,SET/6 RED SPOTTY PAPER CUPS,France
533548,21094,SET/6 RED SPOTTY PAPER PLATES,France
533548,22255,FELT TOADSTOOL  SMALL,France
533548,22264,FELT FARM ANIMAL WHITE BUNNY,France
533548,22435,SET OF 9 HEART SHAPED BALLOONS,France
533548,22492,MINI PAINT SET VINTAGE,France
533548,22531,MAGIC DRAWING SLATE CIRCUS PARADE,France
533548,22620,4 TRADITIONAL SPINNING TOPS,France
533548,22745,POPPY'S PLAYHOUSE BEDROOM,France
533548,22746,POPPY'S PLAYHOUSE LIVINGROOM,France
533548,POST,POSTAGE,France
533754,20983,12 PENCILS TALL TUBE RED RETROSPOT,United Kingdom
533754,21136,PAINTED METAL PEARS ASSORTED,United Kingdom
533754,21257,VICTORIAN SEWING BOX MEDIUM,United Kingdom
533754,21258,VICTORIAN SEWING BOX LARGE,United Kingdom
533754,21259,VICTORIAN SEWING BOX SMALL,United Kingdom
533754,21481,FAWN BLUE HOT WATER BOTTLE,United Kingdom
533754,21484,CHICK GREY HOT WATER BOTTLE,United Kingdom
533754,21622,VINTAGE UNION JACK CUSHION COVER,United Kingdom
533754,21624,VINTAGE UNION JACK DOORSTOP,United Kingdom
533754,21733,RED HANGING HEART T-LIGHT HOLDER,United Kingdom
533754,21912,VINTAGE SNAKES & LADDERS,United Kingdom
533754,22077,6 RIBBONS RUSTIC CHARM,United Kingdom
533754,22088,PAPER BUNTING COLOURED LACE,United Kingdom
533754,22139,RETROSPOT TEA SET CERAMIC 11 PC,United Kingdom
533754,22273,FELTCRAFT DOLL MOLLY,United Kingdom
533754,22274,FELTCRAFT DOLL EMILY,United Kingdom
533754,22318,FIVE HEART HANGING DECORATION,United Kingdom
533754,22398,MAGNETS PACK OF 4 SWALLOWS,United Kingdom
533754,22423,REGENCY CAKESTAND 3 TIER,United Kingdom
533754,22450,SILK PURSE BABUSHKA BLUE,United Kingdom
533754,22454,MEASURING TAPE BABUSHKA RED,United Kingdom
533754,22508,DOORSTOP RETROSPOT HEART,United Kingdom
533754,22568,FELTCRAFT CUSHION OWL,United Kingdom
533754,22569,FELTCRAFT CUSHION BUTTERFLY,United Kingdom
533754,22570,FELTCRAFT CUSHION RABBIT,United Kingdom
533754,22585,PACK OF 6 BIRDY GIFT TAGS,United Kingdom
533754,22654,DELUXE SEWING KIT,United Kingdom
533754,22669,RED BABY BUNTING,United Kingdom
533754,46000S,POLYESTER FILLER PAD 40x40cm,United Kingdom
533754,84029E,RED WOOLLY HOTTIE WHITE HEART.,United Kingdom
533754,84879,ASSORTED COLOUR BIRD ORNAMENT,United Kingdom
533754,84931B,BLUE SCOTTIE DOG W FLOWER PATTERN,United Kingdom
533754,84991,60 TEATIME FAIRY CAKE CASES,United Kingdom
533849,15056BL,EDWARDIAN PARASOL BLACK,United Kingdom
533849,20679,EDWARDIAN PARASOL RED,United Kingdom
533849,21098,CHRISTMAS TOILET ROLL,United Kingdom
533849,21164,HOME SWEET HOME METAL SIGN,United Kingdom
533849,21165,BEWARE OF THE CAT METAL SIGN,United Kingdom
533849,21181,PLEASE ONE PERSON METAL SIGN,United Kingdom
533849,21621,VINTAGE UNION JACK BUNTING,United Kingdom
533849,21806,WHITE CHRISTMAS HEART DECORATION,United Kingdom
533849,21870,I CAN ONLY PLEASE ONE PERSON MUG,United Kingdom
533849,21914,BLUE HARMONICA IN BOX,United Kingdom
533849,21915,RED  HARMONICA IN BOX,United Kingdom
533849,21928,JUMBO BAG SCANDINAVIAN PAISLEY,United Kingdom
533849,22386,JUMBO BAG PINK POLKADOT,United Kingdom
533849,22492,MINI PAINT SET VINTAGE,United Kingdom
533849,22578,WOODEN STAR CHRISTMAS SCANDINAVIAN,United Kingdom
533849,22821,GIFT BAG PSYCHEDELIC APPLES,United Kingdom
533849,22865,HAND WARMER OWL DESIGN,United Kingdom
533849,22866,HAND WARMER SCOTTY DOG DESIGN,United Kingdom
533849,22909,SET OF 20 VINTAGE CHRISTMAS NAPKINS,United Kingdom
533849,22910,PAPER CHAIN KIT VINTAGE CHRISTMAS,United Kingdom
533849,22952,60 CAKE CASES VINTAGE CHRISTMAS,United Kingdom
533849,84212,"ASSORTED FLOWER COLOUR ""LEIS""",United Kingdom
533849,85014A,BLACK/BLUE POLKADOT UMBRELLA,United Kingdom
533849,85014B,RED RETROSPOT UMBRELLA,United Kingdom
533849,85099B,JUMBO BAG RED RETROSPOT,United Kingdom
533849,85099C,JUMBO  BAG BAROQUE BLACK WHITE,United Kingdom
533962,21068,VINTAGE BILLBOARD LOVE/HATE MUG,United Kingdom
533962,21154,RED RETROSPOT OVEN GLOVE,United Kingdom
533962,21212,PACK OF 72 RETROSPOT CAKE CASES,United Kingdom
533962,21231,SWEETHEART CERAMIC TRINKET BOX,United Kingdom
533962,21231,SWEETHEART CERAMIC TRINKET BOX,United Kingdom
533962,21232,STRAWBERRY CERAMIC TRINKET BOX,United Kingdom
533962,21232,STRAWBERRY CERAMIC TRINKET BOX,United Kingdom
533962,21260,FIRST AID TIN,United Kingdom
533962,21429,RED GINGHAM ROSE JEWELLERY BOX,United Kingdom
533962,21429,RED GINGHAM ROSE JEWELLERY BOX,United Kingdom
533962,21906,PHARMACIE FIRST AID TIN,United Kingdom
533962,21906,PHARMACIE FIRST AID TIN,United Kingdom
533962,21980,PACK OF 12 RED RETROSPOT TISSUES,United Kingdom
533962,22059,CERAMIC STRAWBERRY DESIGN MUG,United Kingdom
533962,22419,LIPSTICK PEN RED,United Kingdom
533962,22420,LIPSTICK PEN BABY PINK,United Kingdom
533962,22421,LIPSTICK PEN FUSCHIA,United Kingdom
533962,22454,MEASURING TAPE BABUSHKA RED,United Kingdom
533962,22454,MEASURING TAPE BABUSHKA RED,United Kingdom
533962,22477,WATERING CAN GARDEN MARKER,United Kingdom
533962,22653,BUTTON BOX,United Kingdom
533962,22740,POLKADOT PEN,United Kingdom
533962,22759,SET OF 3 NOTEBOOKS IN PARCEL,United Kingdom
533962,22851,SET 20 NAPKINS FAIRY CAKES DESIGN,United Kingdom
533962,22851,SET 20 NAPKINS FAIRY CAKES DESIGN,United Kingdom
533962,22855,FINE WICKER HEART,United Kingdom
533962,22968,ROSE COTTAGE KEEPSAKE BOX,United Kingdom
533962,47559B,TEA TIME OVEN GLOVE,United Kingdom
533962,47591D,PINK FAIRY CAKE CHILDRENS APRON,United Kingdom
533962,72803A,ROSE SCENT CANDLE JEWELLED DRAWER,United Kingdom
533962,72818,CHRISTMAS DECOUPAGE CANDLE,United Kingdom
533962,84536B,FAIRY CAKES NOTEBOOK A7 SIZE,United Kingdom
533962,84836,ZINC METAL HEART DECORATION,United Kingdom
533962,84970S,HANGING HEART ZINC T-LIGHT HOLDER,United Kingdom
533962,84991,60 TEATIME FAIRY CAKE CASES,United Kingdom
533962,84991,60 TEATIME FAIRY CAKE CASES,United Kingdom
533962,85025B,EAU DE NILE HEART SHAPE PHOTO FRAME,United Kingdom
533962,85025C,PINK HEART SHAPE PHOTO FRAME,United Kingdom
533962,85099C,JUMBO  BAG BAROQUE BLACK WHITE,United Kingdom
533962,85118,HEART T-LIGHT HOLDER,United Kingdom
533962,85118,HEART T-LIGHT HOLDER,United Kingdom
533962,85118,HEART T-LIGHT HOLDER,United Kingdom
533962,85177,BASKET OF FLOWERS SEWING KIT,United Kingdom
533962,85178,VICTORIAN SEWING KIT,United Kingdom
533973,20674,GREEN POLKADOT BOWL,United Kingdom
533973,20675,BLUE POLKADOT BOWL,United Kingdom
533973,20676,RED RETROSPOT BOWL,United Kingdom
533973,20677,PINK POLKADOT BOWL,United Kingdom
533973,20685,DOORMAT RED RETROSPOT,United Kingdom
533973,20712,JUMBO BAG WOODLAND ANIMALS,United Kingdom
533973,20713,JUMBO BAG OWLS,United Kingdom
533973,20728,LUNCH BAG CARS BLUE,United Kingdom
533973,20854,BLUE PATCH PURSE PINK HEART,United Kingdom
533973,20856,DENIM PATCH PURSE PINK BUTTERFLY,United Kingdom
533973,20857,BLUE ROSE PATCH PURSE PINK BUTTERFL,United Kingdom
533973,20967,GREY FLORAL FELTCRAFT SHOULDER BAG,United Kingdom
533973,20970,PINK FLORAL FELTCRAFT SHOULDER BAG,United Kingdom
533973,21164,HOME SWEET HOME METAL SIGN,United Kingdom
533973,21166,COOK WITH WINE METAL SIGN,United Kingdom
533973,21172,PARTY METAL SIGN,United Kingdom
533973,21181,PLEASE ONE PERSON METAL SIGN,United Kingdom
533973,21212,PACK OF 72 RETROSPOT CAKE CASES,United Kingdom
533973,21213,PACK OF 72 SKULL CAKE CASES,United Kingdom
533973,21228,"POCKET MIRROR ""GLAMOROUS""",United Kingdom
533973,21238,RED RETROSPOT CUP,United Kingdom
533973,21239,PINK  POLKADOT CUP,United Kingdom
533973,21240,BLUE POLKADOT CUP,United Kingdom
533973,21242,RED RETROSPOT PLATE,United Kingdom
533973,21243,PINK  POLKADOT PLATE,United Kingdom
533973,21244,BLUE POLKADOT PLATE,United Kingdom
533973,21245,GREEN POLKADOT PLATE,United Kingdom
533973,21248,DOOR HANGER  MUM + DADS ROOM,United Kingdom
533973,21327,SKULLS WRITING SET,United Kingdom
533973,21328,BALLOONS  WRITING SET,United Kingdom
533973,21495,SKULLS AND CROSSBONES WRAP,United Kingdom
533973,21497,FANCY FONTS BIRTHDAY WRAP,United Kingdom
533973,21558,SKULL LUNCH BOX WITH CUTLERY,United Kingdom
533973,21559,STRAWBERRY LUNCH BOX WITH CUTLERY,United Kingdom
533973,21683,MEDIUM MEDINA STAMPED METAL BOWL,United Kingdom
533973,21688,SILVER PLATE CANDLE BOWL SMALL,United Kingdom
533973,21690,SILVER  CANDLEPOT JARDIN,United Kingdom
533973,21692,SILVER LATTICE VANILLA CANDLE POT,United Kingdom
533973,21792,CLASSIC FRENCH STYLE BASKET GREEN,United Kingdom
533973,21793,CLASSIC FRENCH STYLE BASKET BROWN,United Kingdom
533973,21874,GIN AND TONIC MUG,United Kingdom
533973,21928,JUMBO BAG SCANDINAVIAN PAISLEY,United Kingdom
533973,21929,JUMBO BAG PINK VINTAGE PAISLEY,United Kingdom
533973,21931,JUMBO STORAGE BAG SUKI,United Kingdom
533973,21975,PACK OF 60 DINOSAUR CAKE CASES,United Kingdom
533973,21976,PACK OF 60 MUSHROOM CAKE CASES,United Kingdom
533973,21977,PACK OF 60 PINK PAISLEY CAKE CASES,United Kingdom
533973,21981,PACK OF 12 WOODLAND TISSUES,United Kingdom
533973,21982,PACK OF 12 SUKI TISSUES,United Kingdom
533973,21985,PACK OF 12 HEARTS DESIGN TISSUES,United Kingdom
533973,22086,PAPER CHAIN KIT 50'S CHRISTMAS,United Kingdom
533973,22087,PAPER BUNTING WHITE LACE,United Kingdom
533973,22089,PAPER BUNTING VINTAGE PAISLEY,United Kingdom
533973,22090,PAPER BUNTING RETROSPOT,United Kingdom
533973,22096,PINK PAISLEY SQUARE TISSUE BOX,United Kingdom
533973,22112,CHOCOLATE HOT WATER BOTTLE,United Kingdom
533973,22179,SET 10 LIGHTS NIGHT OWL,United Kingdom
533973,22197,SMALL POPCORN HOLDER,United Kingdom
533973,22198,LARGE POPCORN HOLDER,United Kingdom
533973,22276,WASH BAG VINTAGE ROSE PAISLEY,United Kingdom
533973,22300,COFFEE MUG DOG + BALL DESIGN,United Kingdom
533973,22301,COFFEE MUG CAT + BIRD DESIGN,United Kingdom
533973,22349,DOG BOWL CHASING BALL DESIGN,United Kingdom
533973,22350,ILLUSTRATED CAT BOWL,United Kingdom
533973,22386,JUMBO BAG PINK POLKADOT,United Kingdom
533973,22411,JUMBO SHOPPER VINTAGE RED PAISLEY,United Kingdom
533973,22413,METAL SIGN TAKE IT OR LEAVE IT,United Kingdom
533973,22439,6 ROCKET BALLOONS,United Kingdom
533973,22616,PACK OF 12 LONDON TISSUES,United Kingdom
533973,22667,RECIPE BOX RETROSPOT,United Kingdom
533973,22865,HAND WARMER OWL DESIGN,United Kingdom
533973,22904,CALENDAR PAPER CUT DESIGN,United Kingdom
533973,22906,12 MESSAGE CARDS WITH ENVELOPES,United Kingdom
533973,22910,PAPER CHAIN KIT VINTAGE CHRISTMAS,United Kingdom
533973,22911,PAPER CHAIN KIT LONDON,United Kingdom
533973,47566,PARTY BUNTING,United Kingdom
533973,48138,DOORMAT UNION FLAG,United Kingdom
533973,48187,DOORMAT NEW ENGLAND,United Kingdom
533973,84991,60 TEATIME FAIRY CAKE CASES,United Kingdom
533973,84992,72 SWEETHEART FAIRY CAKE CASES,United Kingdom
533973,84997A,GREEN 3 PIECE POLKADOT CUTLERY SET,United Kingdom
533973,84997B,RED 3 PIECE RETROSPOT CUTLERY SET,United Kingdom
533973,84997C,BLUE 3 PIECE POLKADOT CUTLERY SET,United Kingdom
533973,84997D,PINK 3 PIECE POLKADOT CUTLERY SET,United Kingdom
533973,85099B,JUMBO BAG RED RETROSPOT,United Kingdom
533973,85099B,JUMBO BAG RED RETROSPOT,United Kingdom
533973,85099F,JUMBO BAG STRAWBERRY,United Kingdom
533973,85114A,BLACK ENCHANTED FOREST PLACEMAT,United Kingdom
533973,85114B,IVORY ENCHANTED FOREST PLACEMAT,United Kingdom
533973,85114C,RED ENCHANTED FOREST PLACEMAT,United Kingdom
534036,84992,72 SWEETHEART FAIRY CAKE CASES,United Kingdom
534046,15034,PAPER POCKET TRAVELING FAN,United Kingdom
534046,15044C,PURPLE PAPER PARASOL,United Kingdom
534046,21643,ASSORTED TUTTI FRUTTI MIRROR,United Kingdom
534046,22212,FOUR HOOK  WHITE LOVEBIRDS,United Kingdom
534046,22379,RECYCLING BAG RETROSPOT,United Kingdom
534046,22471,TV DINNER TRAY AIR HOSTESS,United Kingdom
534046,84843,WHITE SOAP RACK WITH 2 BOTTLES,United Kingdom
534046,84912A,PINK ROSE WASHBAG,United Kingdom
534070,21288,STRIPEY CHOCOLATE NESTING BOXES,United Kingdom
534070,21908,CHOCOLATE THIS WAY METAL SIGN,United Kingdom
534070,22112,CHOCOLATE HOT WATER BOTTLE,United Kingdom
534070,22114,HOT WATER BOTTLE TEA AND SYMPATHY,United Kingdom
534070,22306,SILVER MUG BONE CHINA TREE OF LIFE,United Kingdom
534070,22645,CERAMIC HEART FAIRY CAKE MONEY BANK,United Kingdom
534070,22646,CERAMIC STRAWBERRY CAKE MONEY BANK,United Kingdom
534070,22809,SET OF 6 T-LIGHTS SANTA,United Kingdom
534070,22810,SET OF 6 T-LIGHTS SNOWMEN,United Kingdom
534070,22851,SET 20 NAPKINS FAIRY CAKES DESIGN,United Kingdom
534070,72741,GRAND CHOCOLATECANDLE,United Kingdom
534070,85152,HAND OVER THE CHOCOLATE   SIGN,United Kingdom
534188,20961,STRAWBERRY BATH SPONGE,United Kingdom
534188,20966,SANDWICH BATH SPONGE,United Kingdom
534188,21166,COOK WITH WINE METAL SIGN,United Kingdom
534188,21169,YOU'RE CONFUSING ME METAL SIGN,United Kingdom
534188,21174,POTTERING IN THE SHED METAL SIGN,United Kingdom
534188,21181,PLEASE ONE PERSON METAL SIGN,United Kingdom
534188,21356,TOAST ITS - FAIRY FLOWER,United Kingdom
534188,21357,TOAST ITS - DINOSAUR,United Kingdom
534188,21445,12 PINK ROSE PEG PLACE SETTINGS,United Kingdom
534188,21446,12 RED ROSE PEG PLACE SETTINGS,United Kingdom
534188,21705,BAG 500g SWIRLY MARBLES,United Kingdom
534188,21790,VINTAGE SNAP CARDS,United Kingdom
534188,21791,VINTAGE HEADS AND TAILS CARD GAME,United Kingdom
534188,21823,PAINTED METAL HEART WITH HOLLY BELL,United Kingdom
534188,21824,PAINTED METAL STAR WITH HOLLY BELLS,United Kingdom
534188,21868,POTTING SHED TEA MUG,United Kingdom
534188,21876,POTTERING MUG,United Kingdom
534188,21888,BINGO SET,United Kingdom
534188,21889,WOODEN BOX OF DOMINOES,United Kingdom
534188,21890,S/6 WOODEN SKITTLES IN COTTON BAG,United Kingdom
534188,21903,MAN FLU METAL SIGN,United Kingdom
534188,21908,CHOCOLATE THIS WAY METAL SIGN,United Kingdom
534188,21912,VINTAGE SNAKES & LADDERS,United Kingdom
534188,21928,JUMBO BAG SCANDINAVIAN PAISLEY,United Kingdom
534188,21929,JUMBO BAG PINK VINTAGE PAISLEY,United Kingdom
534188,22055,MINI CAKE STAND  HANGING STRAWBERY,United Kingdom
534188,22061,LARGE CAKE STAND  HANGING STRAWBERY,United Kingdom
534188,22093,MOTORING TISSUE BOX,United Kingdom
534188,22095,LADS ONLY TISSUE BOX,United Kingdom
534188,22098,BOUDOIR SQUARE TISSUE BOX,United Kingdom
534188,22099,CARAVAN SQUARE TISSUE BOX,United Kingdom
534188,22112,CHOCOLATE HOT WATER BOTTLE,United Kingdom
534188,22114,HOT WATER BOTTLE TEA AND SYMPATHY,United Kingdom
534188,22174,PHOTO CUBE,United Kingdom
534188,22197,SMALL POPCORN HOLDER,United Kingdom
534188,22198,LARGE POPCORN HOLDER,United Kingdom
534188,22284,HEN HOUSE DECORATION,United Kingdom
534188,22285,"DECORATION HEN ON NEST, HANGING",United Kingdom
534188,22295,HEART FILIGREE DOVE LARGE,United Kingdom
534188,22297,HEART IVORY TRELLIS SMALL,United Kingdom
534188,22299,PIG KEYRING WITH LIGHT & SOUND,United Kingdom
534188,22311,OFFICE MUG WARMER BLACK+SILVER,United Kingdom
534188,22314,OFFICE MUG WARMER CHOC+BLUE,United Kingdom
534188,22340,NOEL GARLAND PAINTED ZINC,United Kingdom
534188,22371,AIRLINE BAG VINTAGE TOKYO 78,United Kingdom
534188,22372,AIRLINE BAG VINTAGE WORLD CHAMPION,United Kingdom
534188,22375,AIRLINE BAG VINTAGE JET SET BROWN,United Kingdom
534188,22375,AIRLINE BAG VINTAGE JET SET BROWN,United Kingdom
534188,22376,AIRLINE BAG VINTAGE JET SET WHITE,United Kingdom
534188,22411,JUMBO SHOPPER VINTAGE RED PAISLEY,United Kingdom
534188,22412,METAL SIGN NEIGHBOURHOOD WITCH,United Kingdom
534188,22413,METAL SIGN TAKE IT OR LEAVE IT,United Kingdom
534188,22423,REGENCY CAKESTAND 3 TIER,United Kingdom
534188,22444,GROW YOUR OWN PLANT IN A CAN,United Kingdom
534188,22464,HANGING METAL HEART LANTERN,United Kingdom
534188,22465,HANGING METAL STAR LANTERN,United Kingdom
534188,22489,PACK OF 12 TRADITIONAL CRAYONS,United Kingdom
534188,22548,HEADS AND TAILS SPORTING FUN,United Kingdom
534188,22560,TRADITIONAL MODELLING CLAY,United Kingdom
534188,22571,ROCKING HORSE RED CHRISTMAS,United Kingdom
534188,22571,ROCKING HORSE RED CHRISTMAS,United Kingdom
534188,22573,STAR WOODEN CHRISTMAS DECORATION,United Kingdom
534188,22574,HEART WOODEN CHRISTMAS DECORATION,United Kingdom
534188,22577,WOODEN HEART CHRISTMAS SCANDINAVIAN,United Kingdom
534188,22578,WOODEN STAR CHRISTMAS SCANDINAVIAN,United Kingdom
534188,22580,ADVENT CALENDAR GINGHAM SACK,United Kingdom
534188,22581,WOOD STOCKING CHRISTMAS SCANDISPOT,United Kingdom
534188,22600,CHRISTMAS RETROSPOT STAR WOOD,United Kingdom
534188,22601,CHRISTMAS RETROSPOT ANGEL WOOD,United Kingdom
534188,22602,CHRISTMAS RETROSPOT HEART WOOD,United Kingdom
534188,22603,CHRISTMAS RETROSPOT TREE WOOD,United Kingdom
534188,22620,4 TRADITIONAL SPINNING TOPS,United Kingdom
534188,22632,HAND WARMER RED RETROSPOT,United Kingdom
534188,22633,HAND WARMER UNION JACK,United Kingdom
534188,22672,FRENCH BATHROOM SIGN BLUE METAL,United Kingdom
534188,22726,ALARM CLOCK BAKELIKE GREEN,United Kingdom
534188,22727,ALARM CLOCK BAKELIKE RED,United Kingdom
534188,22728,ALARM CLOCK BAKELIKE PINK,United Kingdom
534188,22729,ALARM CLOCK BAKELIKE ORANGE,United Kingdom
534188,22730,ALARM CLOCK BAKELIKE IVORY,United Kingdom
534188,22812,PACK 3 BOXES CHRISTMAS PANNETONE,United Kingdom
534188,22835,HOT WATER BOTTLE I AM SO POORLY,United Kingdom
534188,22866,HAND WARMER SCOTTY DOG DESIGN,United Kingdom
534188,22867,HAND WARMER BIRD DESIGN,United Kingdom
534188,22953,BIRTHDAY PARTY CORDON BARRIER TAPE,United Kingdom
534188,22954,HEN PARTY CORDON BARRIER TAPE,United Kingdom
534188,35001W,HAND OPEN SHAPE DECO.WHITE,United Kingdom
534188,37464,ROBOT MUG IN DISPLAY BOX,United Kingdom
534188,37467,PIG MUG IN TWO COLOUR DESIGNS,United Kingdom
534188,51020B,STRIPY DESIGN SHOWER CAP,United Kingdom
534188,79321,CHILLI LIGHTS,United Kingdom
534188,82578,KITCHEN METAL SIGN,United Kingdom
534188,82580,BATHROOM METAL SIGN,United Kingdom
534188,82582,AREA PATROLLED METAL SIGN,United Kingdom
534188,82600,NO SINGING METAL SIGN,United Kingdom
534188,82605,OLD DOC RUSSEL METAL SIGN,United Kingdom
534188,84029G,KNITTED UNION FLAG HOT WATER BOTTLE,United Kingdom
534188,84313B,BLUE TV TRAY TABLE,United Kingdom
534188,84313C,ORANGE TV TRAY TABLE,United Kingdom
534188,85014A,BLACK/BLUE POLKADOT UMBRELLA,United Kingdom
534188,85014B,RED RETROSPOT UMBRELLA,United Kingdom
534188,85150,LADIES & GENTLEMEN METAL SIGN,United Kingdom
534188,85152,HAND OVER THE CHOCOLATE   SIGN,United Kingdom
534188,85226A,WHITE/BLUE PULL BACK RACING CAR,United Kingdom
534188,M,Manual,United Kingdom
534200,20725,LUNCH BAG RED RETROSPOT,United Kingdom
534200,20728,LUNCH BAG CARS BLUE,United Kingdom
534200,21488,RED WHITE SCARF  HOT WATER BOTTLE,United Kingdom
534200,21675,BUTTERFLIES STICKERS,United Kingdom
534200,21679,SKULLS  STICKERS,United Kingdom
534200,21790,VINTAGE SNAP CARDS,United Kingdom
534200,21791,VINTAGE HEADS AND TAILS CARD GAME,United Kingdom
534200,22112,CHOCOLATE HOT WATER BOTTLE,United Kingdom
534200,22114,HOT WATER BOTTLE TEA AND SYMPATHY,United Kingdom
534200,22384,LUNCH BAG PINK POLKADOT,United Kingdom
534200,22562,MONSTERS STENCIL CRAFT,United Kingdom
534200,22563,HAPPY STENCIL CRAFT,United Kingdom
534200,22564,ALPHABET STENCIL CRAFT,United Kingdom
534200,22632,HAND WARMER RED RETROSPOT,United Kingdom
534200,22633,HAND WARMER UNION JACK,United Kingdom
534200,22835,HOT WATER BOTTLE I AM SO POORLY,United Kingdom
534200,22865,HAND WARMER OWL DESIGN,United Kingdom
534200,22866,HAND WARMER SCOTTY DOG DESIGN,United Kingdom
534200,22867,HAND WARMER BIRD DESIGN,United Kingdom
534200,84029E,RED WOOLLY HOTTIE WHITE HEART.,United Kingdom
534200,84029G,KNITTED UNION FLAG HOT WATER BOTTLE,United Kingdom
534200,84032A,CHARLIE+LOLA PINK HOT WATER BOTTLE,United Kingdom
534200,84032B,CHARLIE + LOLA RED HOT WATER BOTTLE,United Kingdom
534200,84519A,TOMATO CHARLIE+LOLA COASTER SET,United Kingdom
534200,84519B,CARROT CHARLIE+LOLA COASTER SET,United Kingdom
534739,21364,PEACE SMALL WOOD LETTERS,United Kingdom
534739,21563,RED HEART SHAPE LOVE BUCKET,United Kingdom
534739,21564,PINK  HEART SHAPE LOVE BUCKET,United Kingdom
534739,22095,LADS ONLY TISSUE BOX,United Kingdom
534739,22195,LARGE HEART MEASURING SPOONS,United Kingdom
534739,22196,SMALL HEART MEASURING SPOONS,United Kingdom
534739,22198,LARGE POPCORN HOLDER,United Kingdom
534739,22379,RECYCLING BAG RETROSPOT,United Kingdom
534739,22380,TOY TIDY SPACEBOY,United Kingdom
534739,22381,TOY TIDY PINK POLKADOT,United Kingdom
534739,22630,DOLLY GIRL LUNCH BOX,United Kingdom
534739,22631,CIRCUS PARADE LUNCH BOX,United Kingdom
534739,22663,JUMBO BAG DOLLY GIRL DESIGN,United Kingdom
534739,22664,TOY TIDY DOLLY GIRL DESIGN,United Kingdom
534739,84970S,HANGING HEART ZINC T-LIGHT HOLDER,United Kingdom
534739,85178,VICTORIAN SEWING KIT,United Kingdom
534772,20719,WOODLAND CHARLOTTE BAG,United Kingdom
534772,20725,LUNCH BAG RED RETROSPOT,United Kingdom
534772,21154,RED RETROSPOT OVEN GLOVE,United Kingdom
534772,21187,WHITE BELL HONEYCOMB PAPER GARLAND,United Kingdom
534772,21191,LARGE WHITE HONEYCOMB PAPER BELL,United Kingdom
534772,21349,IVY HEART WREATH,United Kingdom
534772,22041,"RECORD FRAME 7"" SINGLE SIZE",United Kingdom
534772,22086,PAPER CHAIN KIT 50'S CHRISTMAS,United Kingdom
534772,22111,SCOTTIE DOG HOT WATER BOTTLE,United Kingdom
534772,22114,HOT WATER BOTTLE TEA AND SYMPATHY,United Kingdom
534772,22139,RETROSPOT TEA SET CERAMIC 11 PC,United Kingdom
534772,22197,SMALL POPCORN HOLDER,United Kingdom
534772,22198,LARGE POPCORN HOLDER,United Kingdom
534772,22348,TEA BAG PLATE RED RETROSPOT,United Kingdom
534772,22480,RED TEA TOWEL CLASSIC DESIGN,United Kingdom
534772,22617,BAKING SET SPACEBOY DESIGN,United Kingdom
534772,22618,COOKING SET RETROSPOT,United Kingdom
534772,22633,HAND WARMER UNION JACK,United Kingdom
534772,22910,PAPER CHAIN KIT VINTAGE CHRISTMAS,United Kingdom
534772,82001S,VINYL RECORD FRAME SILVER,United Kingdom
534772,84029E,RED WOOLLY HOTTIE WHITE HEART.,United Kingdom
534776,21137,BLACK RECORD COVER FRAME,United Kingdom
534814,20727,LUNCH BAG  BLACK SKULL.,United Kingdom
534814,20749,ASSORTED COLOUR MINI CASES,United Kingdom
534814,20832,RED FLOCK LOVE HEART PHOTO FRAME,United Kingdom
534814,21063,PARTY INVITES JAZZ HEARTS,United Kingdom
534814,21122,SET/10 PINK POLKADOT PARTY CANDLES,United Kingdom
534814,21231,SWEETHEART CERAMIC TRINKET BOX,United Kingdom
534814,21232,STRAWBERRY CERAMIC TRINKET BOX,United Kingdom
534814,21900,"KEY FOB , SHED",United Kingdom
534814,22065,CHRISTMAS PUDDING TRINKET POT,United Kingdom
534814,22086,PAPER CHAIN KIT 50'S CHRISTMAS,United Kingdom
534814,22153,ANGEL DECORATION STARS ON DRESS,United Kingdom
534814,22219,LOVEBIRD HANGING DECORATION WHITE,United Kingdom
534814,22227,HANGING HEART MIRROR DECORATION,United Kingdom
534814,22268,EASTER DECORATION SITTING BUNNY,United Kingdom
534814,22294,HEART FILIGREE DOVE  SMALL,United Kingdom
534814,22469,HEART OF WICKER SMALL,United Kingdom
534814,22470,HEART OF WICKER LARGE,United Kingdom
534814,22577,WOODEN HEART CHRISTMAS SCANDINAVIAN,United Kingdom
534814,22580,ADVENT CALENDAR GINGHAM SACK,United Kingdom
534814,22581,WOOD STOCKING CHRISTMAS SCANDISPOT,United Kingdom
534814,22600,CHRISTMAS RETROSPOT STAR WOOD,United Kingdom
534814,22602,CHRISTMAS RETROSPOT HEART WOOD,United Kingdom
534814,22667,RECIPE BOX RETROSPOT,United Kingdom
534814,22776,SWEETHEART CAKESTAND 3 TIER,United Kingdom
534814,35961,FOLKART ZINC HEART CHRISTMAS DEC,United Kingdom
534814,84352,SILVER CHRISTMAS TREE BAUBLE STAND,United Kingdom
534814,84836,ZINC METAL HEART DECORATION,United Kingdom
534814,85199S,SMALL HANGING IVORY/RED WOOD BIRD,United Kingdom
535253,21011,GLITTER SNOW PEAR TREE DECORATION,United Kingdom
535253,21319,GLASS CHALICE GREEN  SMALL,United Kingdom
535253,21324,HANGING MEDINA LANTERN SMALL,United Kingdom
535253,21324,HANGING MEDINA LANTERN SMALL,United Kingdom
535253,21703,BAG 125g SWIRLY MARBLES,United Kingdom
535253,21704,BAG 250g SWIRLY MARBLES,United Kingdom
535253,21705,BAG 500g SWIRLY MARBLES,United Kingdom
535253,21744,SNOWFLAKE PORTABLE TABLE LIGHT,United Kingdom
535253,21794,CLASSIC FRENCH STYLE BASKET NATURAL,United Kingdom
535253,22173,METAL 4 HOOK HANGER FRENCH CHATEAU,United Kingdom
535253,22182,CAKE STAND VICTORIAN FILIGREE SMALL,United Kingdom
535253,22361,GLASS JAR DAISY FRESH COTTON WOOL,United Kingdom
535253,22362,GLASS JAR PEACOCK BATH SALTS,United Kingdom
535253,22362,GLASS JAR PEACOCK BATH SALTS,United Kingdom
535253,22364,GLASS JAR DIGESTIVE BISCUITS,United Kingdom
535253,22487,WHITE WOOD GARDEN PLANT LADDER,United Kingdom
535253,22641,SET OF 4 NAPKIN CHARMS INSTRUMENT,United Kingdom
535253,22697,GREEN REGENCY TEACUP AND SAUCER,United Kingdom
535253,22699,ROSES REGENCY TEACUP AND SAUCER,United Kingdom
535253,22726,ALARM CLOCK BAKELIKE GREEN,United Kingdom
535253,22727,ALARM CLOCK BAKELIKE RED,United Kingdom
535253,22777,GLASS CLOCHE LARGE,United Kingdom
535253,22778,GLASS CLOCHE SMALL,United Kingdom
535253,22800,ANTIQUE TALL SWIRLGLASS TRINKET POT,United Kingdom
535253,22801,ANTIQUE GLASS PEDESTAL BOWL,United Kingdom
535253,22813,PACK 3 BOXES BIRD PANNETONE,United Kingdom
535253,22813,PACK 3 BOXES BIRD PANNETONE,United Kingdom
535253,72807B,SET/3 OCEAN SCENT CANDLE JEWEL BOX,United Kingdom
535253,84763,ZINC FINISH 15CM PLANTER POTS,United Kingdom
535253,84947,ANTIQUE SILVER TEA GLASS ENGRAVED,United Kingdom
535253,85008,SET OF 3 CONEY ISLAND OVAL BOXES,United Kingdom
535253,85014A,BLACK/BLUE POLKADOT UMBRELLA,United Kingdom
535253,85176,SEWING SUSAN 21 NEEDLE SET,United Kingdom
535253,85178,VICTORIAN SEWING KIT,United Kingdom
535321,20711,JUMBO BAG TOYS,Belgium
535321,20712,JUMBO BAG WOODLAND ANIMALS,Belgium
535321,20713,JUMBO BAG OWLS,Belgium
535321,20718,RED RETROSPOT SHOPPER BAG,Belgium
535321,20719,WOODLAND CHARLOTTE BAG,Belgium
535321,20914,SET/5 RED RETROSPOT LID GLASS BOWLS,Belgium
535321,20961,STRAWBERRY BATH SPONGE,Belgium
535321,20963,APPLE BATH SPONGE,Belgium
535321,21216,"SET 3 RETROSPOT TEA,COFFEE,SUGAR",Belgium
535321,21217,RED RETROSPOT ROUND CAKE TINS,Belgium
535321,21218,RED SPOTTY BISCUIT TIN,Belgium
535321,21488,RED WHITE SCARF  HOT WATER BOTTLE,Belgium
535321,21523,DOORMAT FANCY FONT HOME SWEET HOME,Belgium
535321,21559,STRAWBERRY LUNCH BOX WITH CUTLERY,Belgium
535321,21561,DINOSAUR LUNCH BOX WITH CUTLERY,Belgium
535321,21563,RED HEART SHAPE LOVE BUCKET,Belgium
535321,21576,LETS GO SHOPPING COTTON TOTE BAG,Belgium
535321,21577,SAVE THE PLANET COTTON TOTE BAG,Belgium
535321,21578,WOODLAND DESIGN  COTTON TOTE BAG,Belgium
535321,21579,LOLITA  DESIGN  COTTON TOTE BAG,Belgium
535321,21888,BINGO SET,Belgium
535321,21889,WOODEN BOX OF DOMINOES,Belgium
535321,21914,BLUE HARMONICA IN BOX,Belgium
535321,21931,JUMBO STORAGE BAG SUKI,Belgium
535321,22131,FOOD CONTAINER SET 3 LOVE HEART,Belgium
535321,22179,SET 10 LIGHTS NIGHT OWL,Belgium
535321,22195,LARGE HEART MEASURING SPOONS,Belgium
535321,22196,SMALL HEART MEASURING SPOONS,Belgium
535321,22199,FRYING PAN RED RETROSPOT,Belgium
535321,22203,MILK PAN RED RETROSPOT,Belgium
535321,22326,ROUND SNACK BOXES SET OF4 WOODLAND,Belgium
535321,22328,ROUND SNACK BOXES SET OF 4 FRUITS,Belgium
535321,22352,LUNCH BOX WITH CUTLERY RETROSPOT,Belgium
535321,22355,CHARLOTTE BAG SUKI DESIGN,Belgium
535321,22431,WATERING CAN BLUE ELEPHANT,Belgium
535321,22432,WATERING CAN PINK BUNNY,Belgium
535321,22433,WATERING CAN GREEN DINOSAUR,Belgium
535321,22444,GROW YOUR OWN PLANT IN A CAN,Belgium
535321,22468,BABUSHKA LIGHTS STRING OF 10,Belgium
535321,22624,IVORY KITCHEN SCALES,Belgium
535321,22626,BLACK KITCHEN SCALES,Belgium
535321,22628,PICNIC BOXES SET OF 3 RETROSPOT,Belgium
535321,22629,SPACEBOY LUNCH BOX,Belgium
535321,22630,DOLLY GIRL LUNCH BOX,Belgium
535321,22631,CIRCUS PARADE LUNCH BOX,Belgium
535321,22659,LUNCH BOX I LOVE LONDON,Belgium
535321,22661,CHARLOTTE BAG DOLLY GIRL DESIGN,Belgium
535321,22663,JUMBO BAG DOLLY GIRL DESIGN,Belgium
535321,22693,GROW A FLYTRAP OR SUNFLOWER IN TIN,Belgium
535321,22725,ALARM CLOCK BAKELIKE CHOCOLATE,Belgium
535321,22727,ALARM CLOCK BAKELIKE RED,Belgium
535321,22729,ALARM CLOCK BAKELIKE ORANGE,Belgium
535321,22730,ALARM CLOCK BAKELIKE IVORY,Belgium
535321,22837,HOT WATER BOTTLE BABUSHKA,Belgium
535321,22846,BREAD BIN DINER STYLE RED,Belgium
535321,22847,BREAD BIN DINER STYLE IVORY,Belgium
535321,22902,TOTE BAG I LOVE LONDON,Belgium
535321,37370,RETRO COFFEE MUGS ASSORTED,Belgium
535321,48111,DOORMAT 3 SMILEY CATS,Belgium
535321,48138,DOORMAT UNION FLAG,Belgium
535321,48188,DOORMAT WELCOME PUPPIES,Belgium
535321,84029E,RED WOOLLY HOTTIE WHITE HEART.,Belgium
535321,84828,JUNGLE POPSICLES ICE LOLLY HOLDERS,Belgium
535321,85099B,JUMBO BAG RED RETROSPOT,Belgium
535321,POST,POSTAGE,Belgium
535365,22175,PINK OWL SOFT TOY,United Kingdom
535365,85174,S/4 CACTI CANDLES,United Kingdom
535374,20725,LUNCH BAG RED RETROSPOT,United Kingdom
535374,21527,RED RETROSPOT TRADITIONAL TEAPOT,United Kingdom
535374,21625,VINTAGE UNION JACK APRON,United Kingdom
535374,22073,RED RETROSPOT STORAGE JAR,United Kingdom
535374,22141,CHRISTMAS CRAFT TREE TOP ANGEL,United Kingdom
535374,22144,CHRISTMAS CRAFT LITTLE FRIENDS,United Kingdom
535374,22273,FELTCRAFT DOLL MOLLY,United Kingdom
535374,22274,FELTCRAFT DOLL EMILY,United Kingdom
535374,22384,LUNCH BAG PINK POLKADOT,United Kingdom
535374,22427,ENAMEL FLOWER JUG CREAM,United Kingdom
535374,22795,SWEETHEART RECIPE BOOK STAND,United Kingdom
535374,22839,3 TIER CAKE TIN GREEN AND CREAM,United Kingdom
535374,22840,ROUND CAKE TIN VINTAGE RED,United Kingdom
535374,22841,ROUND CAKE TIN VINTAGE GREEN,United Kingdom
535374,22844,VINTAGE CREAM DOG FOOD CONTAINER,United Kingdom
535374,22940,FELTCRAFT CHRISTMAS FAIRY,United Kingdom
535374,22969,HOMEMADE JAM SCENTED CANDLES,United Kingdom
535374,84625C,BLUE NEW BAROQUE CANDLESTICK CANDLE,United Kingdom
535374,84879,ASSORTED COLOUR BIRD ORNAMENT,United Kingdom
535377,20973,12 PENCIL SMALL TUBE WOODLAND,United Kingdom
535377,20974,12 PENCILS SMALL TUBE SKULL,United Kingdom
535377,20975,12 PENCILS SMALL TUBE RED RETROSPOT,United Kingdom
535377,20978,36 PENCILS TUBE SKULLS,United Kingdom
535377,20979,36 PENCILS TUBE RED RETROSPOT,United Kingdom
535377,21977,PACK OF 60 PINK PAISLEY CAKE CASES,United Kingdom
535377,22083,PAPER CHAIN KIT RETROSPOT,United Kingdom
535377,22086,PAPER CHAIN KIT 50'S CHRISTMAS,United Kingdom
535377,22584,PACK OF 6 PANNETONE GIFT BOXES,United Kingdom
535377,22692,DOORMAT WELCOME TO OUR HOME,United Kingdom
535377,22812,PACK 3 BOXES CHRISTMAS PANNETONE,United Kingdom
535377,22910,PAPER CHAIN KIT VINTAGE CHRISTMAS,United Kingdom
535377,22952,60 CAKE CASES VINTAGE CHRISTMAS,United Kingdom
535377,48187,DOORMAT NEW ENGLAND,United Kingdom
535437,21481,FAWN BLUE HOT WATER BOTTLE,United Kingdom
535437,21484,CHICK GREY HOT WATER BOTTLE,United Kingdom
535437,21485,RED SPOT HEART HOT WATER BOTTLE,United Kingdom
535437,22111,SCOTTIE DOG HOT WATER BOTTLE,United Kingdom
535437,22114,HOT WATER BOTTLE TEA AND SYMPATHY,United Kingdom
535437,22834,HAND WARMER BABUSHKA DESIGN,United Kingdom
535437,22866,HAND WARMER SCOTTY DOG DESIGN,United Kingdom
535437,84029E,RED WOOLLY HOTTIE WHITE HEART.,United Kingdom
535437,84029G,KNITTED UNION FLAG HOT WATER BOTTLE,United Kingdom
535437,84030E,ENGLISH ROSE HOT WATER BOTTLE,United Kingdom
535493,21523,DOORMAT FANCY FONT HOME SWEET HOME,United Kingdom
535493,22632,HAND WARMER RED POLKA DOT,United Kingdom
535493,22690,DOORMAT HOME SWEET HOME BLUE,United Kingdom
535493,22692,DOORMAT WELCOME TO OUR HOME,United Kingdom
535493,22766,PHOTO FRAME CORNICE,United Kingdom
535493,22966,GINGERBREAD MAN COOKIE CUTTER,United Kingdom
535493,48184,DOORMAT ENGLISH ROSE,United Kingdom
535493,84375,SET OF 20 KIDS COOKIE CUTTERS,United Kingdom
535615,20966,SANDWICH BATH SPONGE,United Kingdom
535615,21488,RED WHITE SCARF  HOT WATER BOTTLE,United Kingdom
535615,22111,SCOTTIE DOG HOT WATER BOTTLE,United Kingdom
535615,22141,CHRISTMAS CRAFT TREE TOP ANGEL,United Kingdom
535615,22142,CHRISTMAS CRAFT WHITE FAIRY,United Kingdom
535615,22144,CHRISTMAS CRAFT LITTLE FRIENDS,United Kingdom
535615,22632,HAND WARMER RED RETROSPOT,United Kingdom
535615,22633,HAND WARMER UNION JACK,United Kingdom
535615,22667,RECIPE BOX RETROSPOT,United Kingdom
535615,22834,HAND WARMER BABUSHKA DESIGN,United Kingdom
535615,22837,HOT WATER BOTTLE BABUSHKA,United Kingdom
535615,22865,HAND WARMER OWL DESIGN,United Kingdom
535615,22866,HAND WARMER SCOTTY DOG DESIGN,United Kingdom
535615,22867,HAND WARMER BIRD DESIGN,United Kingdom
535615,35597A,DUSTY PINK CHRISTMAS TREE 30CM,United Kingdom
535615,82483,WOOD 2 DRAWER CABINET WHITE FINISH,United Kingdom
535615,84029E,RED WOOLLY HOTTIE WHITE HEART.,United Kingdom
535615,84029G,KNITTED UNION FLAG HOT WATER BOTTLE,United Kingdom
535615,85048,15CM CHRISTMAS GLASS BALL 20 LIGHTS,United Kingdom
535788,10002,INFLATABLE POLITICAL GLOBE,United Kingdom
535788,16011,ANIMAL STICKERS,United Kingdom
535788,16206B,RED PURSE WITH PINK HEART,United Kingdom
535788,16236,KITTY PENCIL ERASERS,United Kingdom
535788,16237,SLEEPING CAT ERASERS,United Kingdom
535788,16238,PARTY TIME PENCIL ERASERS,United Kingdom
535788,20705,MRS ROBOT SOFT TOY,United Kingdom
535788,20751,FUNKY WASHING UP GLOVES ASSORTED,United Kingdom
535788,20914,SET/5 RED RETROSPOT LID GLASS BOWLS,United Kingdom
535788,20971,PINK BLUE FELT CRAFT TRINKET BOX,United Kingdom
535788,21034,REX CASH+CARRY JUMBO SHOPPER,United Kingdom
535788,21479,WHITE SKULL HOT WATER BOTTLE,United Kingdom
535788,21479,WHITE SKULL HOT WATER BOTTLE,United Kingdom
535788,21481,FAWN BLUE HOT WATER BOTTLE,United Kingdom
535788,21523,DOORMAT FANCY FONT HOME SWEET HOME,United Kingdom
535788,21587,COSY HOUR GIANT TUBE MATCHES,United Kingdom
535788,21591,COSY HOUR CIGAR BOX MATCHES,United Kingdom
535788,21719,LOVELY BONBON STICKER SHEET,United Kingdom
535788,21724,PANDA AND BUNNIES STICKER SHEET,United Kingdom
535788,21726,MULTI HEARTS  STICKERS,United Kingdom
535788,21731,RED TOADSTOOL LED NIGHT LIGHT,United Kingdom
535788,21982,PACK OF 12 SUKI TISSUES,United Kingdom
535788,22070,SMALL RED RETROSPOT MUG IN BOX,United Kingdom
535788,22178,VICTORIAN GLASS HANGING T-LIGHT,United Kingdom
535788,22198,LARGE POPCORN HOLDER,United Kingdom
535788,22274,FELTCRAFT DOLL EMILY,United Kingdom
535788,22396,MAGNETS PACK OF 4 RETRO PHOTO,United Kingdom
535788,22398,MAGNETS PACK OF 4 SWALLOWS,United Kingdom
535788,22399,MAGNETS PACK OF 4 CHILDHOOD MEMORY,United Kingdom
535788,22400,MAGNETS PACK OF 4 HOME SWEET HOME,United Kingdom
535788,22402,MAGNETS PACK OF 4 VINTAGE COLLAGE,United Kingdom
535788,22403,MAGNETS PACK OF 4 VINTAGE LABELS,United Kingdom
535788,22467,GUMBALL COAT RACK,United Kingdom
535788,22473,TV DINNER TRAY VINTAGE PAISLEY,United Kingdom
535788,22475,SKULL DESIGN TV DINNER TRAY,United Kingdom
535788,22489,PACK OF 12 TRADITIONAL CRAYONS,United Kingdom
535788,22588,CARD HOLDER GINGHAM HEART,United Kingdom
535788,22592,CARDHOLDER HOLLY WREATH METAL,United Kingdom
535788,22632,HAND WARMER RED RETROSPOT,United Kingdom
535788,22633,HAND WARMER UNION JACK,United Kingdom
535788,22737,RIBBON REEL CHRISTMAS PRESENT,United Kingdom
535788,22737,RIBBON REEL CHRISTMAS PRESENT,United Kingdom
535788,22738,RIBBON REEL SNOWY VILLAGE,United Kingdom
535788,22739,RIBBON REEL CHRISTMAS SOCK BAUBLE,United Kingdom
535788,22744,MAKE YOUR OWN MONSOON CARD KIT,United Kingdom
535788,22759,SET OF 3 NOTEBOOKS IN PARCEL,United Kingdom
535788,22781,GUMBALL MAGAZINE RACK,United Kingdom
535788,22834,HAND WARMER BABUSHKA DESIGN,United Kingdom
535788,22834,HAND WARMER BABUSHKA DESIGN,United Kingdom
535788,22865,HAND WARMER OWL DESIGN,United Kingdom
535788,22866,HAND WARMER SCOTTY DOG DESIGN,United Kingdom
535788,22867,HAND WARMER BIRD DESIGN,United Kingdom
535788,22907,PACK OF 20 NAPKINS PANTRY DESIGN,United Kingdom
535788,22942,CHRISTMAS LIGHTS 10 SANTAS,United Kingdom
535788,22943,CHRISTMAS LIGHTS 10 VINTAGE BAUBLES,United Kingdom
535788,22952,60 CAKE CASES VINTAGE CHRISTMAS,United Kingdom
535788,22955,36 FOIL STAR CAKE CASES,United Kingdom
535788,22961,JAM MAKING SET PRINTED,United Kingdom
535788,72818,CHRISTMAS DECOUPAGE CANDLE,United Kingdom
535788,84029E,RED WOOLLY HOTTIE WHITE HEART.,United Kingdom
535788,84029E,RED WOOLLY HOTTIE WHITE HEART.,United Kingdom
535788,84029G,KNITTED UNION FLAG HOT WATER BOTTLE,United Kingdom
535788,84030E,ENGLISH ROSE HOT WATER BOTTLE,United Kingdom
535788,84580,MOUSE TOY WITH PINK T-SHIRT,United Kingdom
535788,84592,CROCHET ROSE PURSE WITH SUEDE BACK,United Kingdom
535788,84970S,HANGING HEART ZINC T-LIGHT HOLDER,United Kingdom
535788,85017A,ENVELOPE 50 ROMANTIC IMAGES,United Kingdom
535788,85048,15CM CHRISTMAS GLASS BALL 20 LIGHTS,United Kingdom
535788,85048,15CM CHRISTMAS GLASS BALL 20 LIGHTS,United Kingdom
535788,85049A,TRADITIONAL CHRISTMAS RIBBONS,United Kingdom
535847,21216,"SET 3 RETROSPOT TEA,COFFEE,SUGAR",United Kingdom
535847,21668,RED STRIPE CERAMIC DRAWER KNOB,United Kingdom
535847,21669,BLUE STRIPE CERAMIC DRAWER KNOB,United Kingdom
535847,21670,BLUE SPOT CERAMIC DRAWER KNOB,United Kingdom
535847,21671,RED SPOT CERAMIC DRAWER KNOB,United Kingdom
535847,21672,WHITE SPOT RED CERAMIC DRAWER KNOB,United Kingdom
535847,21673,WHITE SPOT BLUE CERAMIC DRAWER KNOB,United Kingdom
535847,22423,REGENCY CAKESTAND 3 TIER,United Kingdom
535847,22627,MINT KITCHEN SCALES,United Kingdom
535847,22969,HOMEMADE JAM SCENTED CANDLES,United Kingdom
535847,37446,MINI CAKE STAND WITH HANGING CAKES,United Kingdom
535847,37449,CERAMIC CAKE STAND + HANGING CAKES,United Kingdom
535847,82483,WOOD 2 DRAWER CABINET WHITE FINISH,United Kingdom
535847,84796B,BLUE SAVANNAH PICNIC HAMPER FOR 2,United Kingdom
535847,85159B,"WHITE TEA,COFFEE,SUGAR JARS",United Kingdom
535881,16235,RECYCLED PENCIL WITH RABBIT ERASER,United Kingdom
535881,20716,PARTY FOOD SHOPPER BAG,United Kingdom
535881,20717,STRAWBERRY SHOPPER BAG,United Kingdom
535881,21744,SNOWFLAKE PORTABLE TABLE LIGHT,United Kingdom
535881,21785,RAIN PONCHO,United Kingdom
535881,21787,RAIN PONCHO RETROSPOT,United Kingdom
535881,21788,KIDS RAIN MAC BLUE,United Kingdom
535881,21789,KIDS RAIN MAC PINK,United Kingdom
535881,21828,EIGHT PIECE SNAKE  SET,United Kingdom
535881,21981,PACK OF 12 WOODLAND TISSUES,United Kingdom
535881,21982,PACK OF 12 SUKI TISSUES,United Kingdom
535881,22090,PAPER BUNTING RETROSPOT,United Kingdom
535881,22331,WOODLAND PARTY BAG + STICKER SET,United Kingdom
535881,22487,WHITE WOOD GARDEN PLANT LADDER,United Kingdom
535881,22554,PLASTERS IN TIN WOODLAND ANIMALS,United Kingdom
535881,84536A,ENGLISH ROSE NOTEBOOK A7 SIZE,United Kingdom
536061,20702,PINK PADDED MOBILE,United Kingdom
536061,20711,JUMBO BAG TOYS,United Kingdom
536061,20972,PINK CREAM FELT CRAFT TRINKET BOX,United Kingdom
536061,21430,SET/3 RED GINGHAM ROSE STORAGE BOX,United Kingdom
536061,21481,FAWN BLUE HOT WATER BOTTLE,United Kingdom
536061,21484,CHICK GREY HOT WATER BOTTLE,United Kingdom
536061,21486,PINK HEART DOTS HOT WATER BOTTLE,United Kingdom
536061,21523,DOORMAT FANCY FONT HOME SWEET HOME,United Kingdom
536061,21929,JUMBO BAG PINK VINTAGE PAISLEY,United Kingdom
536061,21931,JUMBO STORAGE BAG SUKI,United Kingdom
536061,22568,FELTCRAFT CUSHION OWL,United Kingdom
536061,22594,CHRISTMAS GINGHAM TREE,United Kingdom
536061,22595,CHRISTMAS GINGHAM HEART,United Kingdom
536061,22663,JUMBO BAG DOLLY GIRL DESIGN,United Kingdom
536061,22692,DOORMAT WELCOME TO OUR HOME,United Kingdom
536061,22749,FELTCRAFT PRINCESS CHARLOTTE DOLL,United Kingdom
536061,22750,FELTCRAFT PRINCESS LOLA DOLL,United Kingdom
536061,22768,FAMILY PHOTO FRAME CORNICE,United Kingdom
536061,22940,FELTCRAFT CHRISTMAS FAIRY,United Kingdom
536061,22960,JAM MAKING SET WITH JARS,United Kingdom
536061,22966,GINGERBREAD MAN COOKIE CUTTER,United Kingdom
536061,22969,HOMEMADE JAM SCENTED CANDLES,United Kingdom
536061,48185,DOORMAT FAIRY CAKE,United Kingdom
536157,21485,RETROSPOT HEART HOT WATER BOTTLE,United Kingdom
536157,21668,RED STRIPE CERAMIC DRAWER KNOB,United Kingdom
536157,21669,BLUE STRIPE CERAMIC DRAWER KNOB,United Kingdom
536157,21670,BLUE SPOT CERAMIC DRAWER KNOB,United Kingdom
536157,21673,WHITE SPOT BLUE CERAMIC DRAWER KNOB,United Kingdom
536157,22835,HOT WATER BOTTLE I AM SO POORLY,United Kingdom
536157,22960,JAM MAKING SET WITH JARS,United Kingdom
536157,22961,JAM MAKING SET PRINTED,United Kingdom
536157,84032B,CHARLIE + LOLA RED HOT WATER BOTTLE,United Kingdom
536205,21181,PLEASE ONE PERSON METAL SIGN,United Kingdom
536205,21523,DOORMAT FANCY FONT HOME SWEET HOME,United Kingdom
536205,21745,GAOLERS KEYS DECORATIVE GARDEN,United Kingdom
536205,21791,VINTAGE HEADS AND TAILS CARD GAME,United Kingdom
536205,21832,CHOCOLATE CALCULATOR,United Kingdom
536205,22028,PENNY FARTHING BIRTHDAY CARD,United Kingdom
536205,22041,"RECORD FRAME 7"" SINGLE SIZE",United Kingdom
536205,22107,PIZZA PLATE IN BOX,United Kingdom
536205,22109,FULL ENGLISH BREAKFAST PLATE,United Kingdom
536205,22111,SCOTTIE DOG HOT WATER BOTTLE,United Kingdom
536205,22191,IVORY DINER WALL CLOCK,United Kingdom
536205,22192,BLUE DINER WALL CLOCK,United Kingdom
536205,22193,RED DINER WALL CLOCK,United Kingdom
536205,22194,BLACK DINER WALL CLOCK,United Kingdom
536205,22569,FELTCRAFT CUSHION BUTTERFLY,United Kingdom
536205,22624,IVORY KITCHEN SCALES,United Kingdom
536205,22625,RED KITCHEN SCALES,United Kingdom
536205,22627,MINT KITCHEN SCALES,United Kingdom
536205,22654,DELUXE SEWING KIT,United Kingdom
536205,22738,RIBBON REEL SNOWY VILLAGE,United Kingdom
536205,22910,PAPER CHAIN KIT VINTAGE CHRISTMAS,United Kingdom
536205,48138,DOORMAT UNION FLAG,United Kingdom
536205,84050,PINK HEART SHAPE EGG FRYING PAN,United Kingdom
536205,84692,BOX OF 24 COCKTAIL PARASOLS,United Kingdom
536219,84032B,CHARLIE + LOLA RED HOT WATER BOTTLE,United Kingdom
536259,22423,REGENCY CAKESTAND 3 TIER,United Kingdom
536259,22866,HAND WARMER SCOTTY DOG DESIGN,United Kingdom
536259,22966,GINGERBREAD MAN COOKIE CUTTER,United Kingdom
536259,84077,WORLD WAR 2 GLIDERS ASSTD DESIGNS,United Kingdom
536259,84347,ROTATING SILVER ANGELS T-LIGHT HLDR,United Kingdom
536272,10120,DOGGY RUBBER,United Kingdom
536272,11001,ASSTD DESIGN RACING CAR PEN,United Kingdom
536272,16237,SLEEPING CAT ERASERS,United Kingdom
536272,17084N,FAIRY DREAMS INCENSE,United Kingdom
536272,17084P,DRAGONS BLOOD INCENSE,United Kingdom
536272,20685,DOORMAT RED RETROSPOT,United Kingdom
536272,20697,LITTLE GREEN MONSTER SOFT TOY,United Kingdom
536272,20878,SET/9 CHRISTMAS T-LIGHTS SCENTED,United Kingdom
536272,20963,APPLE BATH SPONGE,United Kingdom
536272,20966,SANDWICH BATH SPONGE,United Kingdom
536272,21026,SPACE OWL,United Kingdom
536272,21499,BLUE POLKADOT WRAP,United Kingdom
536272,21523,DOORMAT FANCY FONT HOME SWEET HOME,United Kingdom
536272,21534,DAIRY MAID LARGE MILK JUG,United Kingdom
536272,21676,FLOWERS  STICKERS,United Kingdom
536272,21679,SKULLS  STICKERS,United Kingdom
536272,21680,WOODLAND  STICKERS,United Kingdom
536272,21738,COSY SLIPPER SHOES SMALL  RED,United Kingdom
536272,21739,COSY SLIPPER SHOES SMALL GREEN,United Kingdom
536272,21801,CHRISTMAS TREE DECORATION WITH BELL,United Kingdom
536272,21802,CHRISTMAS TREE HEART DECORATION,United Kingdom
536272,21807,WHITE CHRISTMAS STAR DECORATION,United Kingdom
536272,21829,DINOSAUR KEYRINGS ASSORTED,United Kingdom
536272,21830,ASSORTED CREEPY CRAWLIES,United Kingdom
536272,21843,RED RETROSPOT CAKE STAND,United Kingdom
536272,21955,DOORMAT UNION JACK GUNS AND ROSES,United Kingdom
536272,22109,FULL ENGLISH BREAKFAST PLATE,United Kingdom
536272,22113,GREY HEART HOT WATER BOTTLE,United Kingdom
536272,22208,WOOD STAMP SET THANK YOU,United Kingdom
536272,22210,WOOD STAMP SET BEST WISHES,United Kingdom
536272,22211,WOOD STAMP SET FLOWERS,United Kingdom
536272,22423,REGENCY CAKESTAND 3 TIER,United Kingdom
536272,22424,ENAMEL BREAD BIN CREAM,United Kingdom
536272,22425,ENAMEL COLANDER CREAM,United Kingdom
536272,22429,ENAMEL MEASURING JUG CREAM,United Kingdom
536272,22587,FELTCRAFT HAIRBAND RED AND BLUE,United Kingdom
536272,22625,RED KITCHEN SCALES,United Kingdom
536272,22738,RIBBON REEL SNOWY VILLAGE,United Kingdom
536272,22837,HOT WATER BOTTLE BABUSHKA,United Kingdom
536272,22838,3 TIER CAKE TIN RED AND CREAM,United Kingdom
536272,22865,HAND WARMER OWL DESIGN,United Kingdom
536272,22866,HAND WARMER SCOTTY DOG DESIGN,United Kingdom
536272,22867,HAND WARMER BIRD DESIGN,United Kingdom
536272,22976,CIRCUS PARADE CHILDRENS EGG CUP,United Kingdom
536272,35241,ENAMEL BLUE RIM BISCUIT BIN,United Kingdom
536272,48116,DOORMAT MULTICOLOUR STRIPE,United Kingdom
536272,48138,DOORMAT UNION FLAG,United Kingdom
536272,48173C,DOORMAT BLACK FLOCK,United Kingdom
536272,48184,DOORMAT ENGLISH ROSE,United Kingdom
536272,48185,DOORMAT FAIRY CAKE,United Kingdom
536272,72351B,SET/6 PINK  BUTTERFLY T-LIGHTS,United Kingdom
536272,72802A,ROSE SCENT CANDLE IN JEWELLED BOX,United Kingdom
536272,72802C,VANILLA SCENT CANDLE JEWELLED BOX,United Kingdom
536272,84879,ASSORTED COLOUR BIRD ORNAMENT,United Kingdom
536272,85049E,SCANDINAVIAN REDS RIBBONS,United Kingdom
536272,85227,SET OF 6 3D KIT CARDS FOR KIDS,United Kingdom
536272,M,Manual,United Kingdom
536380,22961,JAM MAKING SET PRINTED,United Kingdom
536380,22961,JAM MAKING SET PRINTED,United Kingdom
536387,21731,RED TOADSTOOL LED NIGHT LIGHT,United Kingdom
536387,21731,RED TOADSTOOL LED NIGHT LIGHT,United Kingdom
536387,22466,FAIRY TALE COTTAGE NIGHTLIGHT,United Kingdom
536387,22466,FAIRY TALE COTTAGE NIGHTLIGHT,United Kingdom
536387,22779,WOODEN OWLS LIGHT GARLAND,United Kingdom
536387,22779,WOODEN OWLS LIGHT GARLAND,United Kingdom
536387,22780,LIGHT GARLAND BUTTERFILES PINK,United Kingdom
536387,22780,LIGHT GARLAND BUTTERFILES PINK,United Kingdom
536387,79321,CHILLI LIGHTS,United Kingdom
536387,79321,CHILLI LIGHTS,United Kingdom
536521,22854,CREAM SWEETHEART EGG HOLDER,United Kingdom
536521,22854,CREAM SWEETHEART EGG HOLDER,United Kingdom
536569,21014,SWISS CHALET TREE DECORATION,United Kingdom
536569,21014,SWISS CHALET TREE DECORATION,United Kingdom
536569,21018,BIRD BOX CHRISTMAS TREE DECORATION,United Kingdom
536569,21018,BIRD BOX CHRISTMAS TREE DECORATION,United Kingdom
536569,21071,VINTAGE BILLBOARD DRINK ME MUG,United Kingdom
536569,21071,VINTAGE BILLBOARD DRINK ME MUG,United Kingdom
536569,21147,JINGLE BELLS TREE DECORATION,United Kingdom
536569,21147,JINGLE BELLS TREE DECORATION,United Kingdom
536569,21191,LARGE WHITE HONEYCOMB PAPER BELL,United Kingdom
536569,21191,LARGE WHITE HONEYCOMB PAPER BELL,United Kingdom
536569,21340,CLASSIC METAL BIRDCAGE PLANT HOLDER,United Kingdom
536569,21340,CLASSIC METAL BIRDCAGE PLANT HOLDER,United Kingdom
536569,21351,CINAMMON & ORANGE WREATH,United Kingdom
536569,21351,CINAMMON & ORANGE WREATH,United Kingdom
536569,21462,"NURSERY A,B,C PAINTED LETTERS",United Kingdom
536569,21462,"NURSERY A,B,C PAINTED LETTERS",United Kingdom
536569,21587,COSY HOUR GIANT TUBE MATCHES,United Kingdom
536569,21587,COSY HOUR GIANT TUBE MATCHES,United Kingdom
536569,21591,COSY HOUR CIGAR BOX MATCHES,United Kingdom
536569,21591,COSY HOUR CIGAR BOX MATCHES,United Kingdom
536569,21761,WOOD AND GLASS MEDICINE CABINET,United Kingdom
536569,21761,WOOD AND GLASS MEDICINE CABINET,United Kingdom
536569,21804,WHITE CHRISTMAS GARLAND STARS TREES,United Kingdom
536569,21804,WHITE CHRISTMAS GARLAND STARS TREES,United Kingdom
536569,21808,"CHRISTMAS GARLAND STARS,TREES",United Kingdom
536569,21808,"CHRISTMAS GARLAND STARS,TREES",United Kingdom
536569,21809,CHRISTMAS HANGING TREE WITH BELL,United Kingdom
536569,21809,CHRISTMAS HANGING TREE WITH BELL,United Kingdom
536569,21809,CHRISTMAS HANGING TREE WITH BELL,United Kingdom
536569,21809,CHRISTMAS HANGING TREE WITH BELL,United Kingdom
536569,21810,CHRISTMAS HANGING STAR WITH BELL,United Kingdom
536569,21810,CHRISTMAS HANGING STAR WITH BELL,United Kingdom
536569,21811,CHRISTMAS HANGING HEART WITH BELL,United Kingdom
536569,21811,CHRISTMAS HANGING HEART WITH BELL,United Kingdom
536569,21813,GARLAND WITH STARS AND BELLS,United Kingdom
536569,21813,GARLAND WITH STARS AND BELLS,United Kingdom
536569,21817,GLITTER CHRISTMAS TREE,United Kingdom
536569,21817,GLITTER CHRISTMAS TREE,United Kingdom
536569,21818,GLITTER CHRISTMAS HEART,United Kingdom
536569,21818,GLITTER CHRISTMAS HEART,United Kingdom
536569,21823,PAINTED METAL HEART WITH HOLLY BELL,United Kingdom
536569,21823,PAINTED METAL HEART WITH HOLLY BELL,United Kingdom
536569,21871,SAVE THE PLANET MUG,United Kingdom
536569,21871,SAVE THE PLANET MUG,United Kingdom
536569,22086,PAPER CHAIN KIT 50'S CHRISTMAS,United Kingdom
536569,22086,PAPER CHAIN KIT 50'S CHRISTMAS,United Kingdom
536569,22111,SCOTTIE DOG HOT WATER BOTTLE,United Kingdom
536569,22111,SCOTTIE DOG HOT WATER BOTTLE,United Kingdom
536569,22111,SCOTTIE DOG HOT WATER BOTTLE,United Kingdom
536569,22111,SCOTTIE DOG HOT WATER BOTTLE,United Kingdom
536569,22113,GREY HEART HOT WATER BOTTLE,United Kingdom
536569,22113,GREY HEART HOT WATER BOTTLE,United Kingdom
536569,22119,PEACE WOODEN BLOCK LETTERS,United Kingdom
536569,22119,PEACE WOODEN BLOCK LETTERS,United Kingdom
536569,22121,NOEL WOODEN BLOCK LETTERS,United Kingdom
536569,22121,NOEL WOODEN BLOCK LETTERS,United Kingdom
536569,22130,PARTY CONE CHRISTMAS DECORATION,United Kingdom
536569,22130,PARTY CONE CHRISTMAS DECORATION,United Kingdom
536569,22171,3 HOOK PHOTO SHELF ANTIQUE WHITE,United Kingdom
536569,22171,3 HOOK PHOTO SHELF ANTIQUE WHITE,United Kingdom
536569,22428,ENAMEL FIRE BUCKET CREAM,United Kingdom
536569,22428,ENAMEL FIRE BUCKET CREAM,United Kingdom
536569,22494,EMERGENCY FIRST AID TIN,United Kingdom
536569,22494,EMERGENCY FIRST AID TIN,United Kingdom
536569,22496,SET OF 2 ROUND TINS DUTCH CHEESE,United Kingdom
536569,22496,SET OF 2 ROUND TINS DUTCH CHEESE,United Kingdom
536569,22571,ROCKING HORSE RED CHRISTMAS,United Kingdom
536569,22571,ROCKING HORSE RED CHRISTMAS,United Kingdom
536569,22572,ROCKING HORSE GREEN CHRISTMAS,United Kingdom
536569,22572,ROCKING HORSE GREEN CHRISTMAS,United Kingdom
536569,22573,STAR WOODEN CHRISTMAS DECORATION,United Kingdom
536569,22573,STAR WOODEN CHRISTMAS DECORATION,United Kingdom
536569,22576,SWALLOW WOODEN CHRISTMAS DECORATION,United Kingdom
536569,22576,SWALLOW WOODEN CHRISTMAS DECORATION,United Kingdom
536569,22579,WOODEN TREE CHRISTMAS SCANDINAVIAN,United Kingdom
536569,22579,WOODEN TREE CHRISTMAS SCANDINAVIAN,United Kingdom
536569,22581,WOOD STOCKING CHRISTMAS SCANDISPOT,United Kingdom
536569,22581,WOOD STOCKING CHRISTMAS SCANDISPOT,United Kingdom
536569,22603,CHRISTMAS RETROSPOT TREE WOOD,United Kingdom
536569,22603,CHRISTMAS RETROSPOT TREE WOOD,United Kingdom
536569,22616,PACK OF 12 LONDON TISSUES,United Kingdom
536569,22616,PACK OF 12 LONDON TISSUES,United Kingdom
536569,22622,BOX OF VINTAGE ALPHABET BLOCKS,United Kingdom
536569,22622,BOX OF VINTAGE ALPHABET BLOCKS,United Kingdom
536569,22635,CHILDS BREAKFAST SET DOLLY GIRL,United Kingdom
536569,22635,CHILDS BREAKFAST SET DOLLY GIRL,United Kingdom
536569,22638,SET OF 4 NAPKIN CHARMS CROWNS,United Kingdom
536569,22638,SET OF 4 NAPKIN CHARMS CROWNS,United Kingdom
536569,22639,SET OF 4 NAPKIN CHARMS HEARTS,United Kingdom
536569,22639,SET OF 4 NAPKIN CHARMS HEARTS,United Kingdom
536569,22640,SET OF 4 NAPKIN CHARMS 3 KEYS,United Kingdom
536569,22640,SET OF 4 NAPKIN CHARMS 3 KEYS,United Kingdom
536569,22641,SET OF 4 NAPKIN CHARMS INSTRUMENT,United Kingdom
536569,22641,SET OF 4 NAPKIN CHARMS INSTRUMENT,United Kingdom
536569,22659,LUNCH BOX I LOVE LONDON,United Kingdom
536569,22659,LUNCH BOX I LOVE LONDON,United Kingdom
536569,22660,DOORMAT I LOVE LONDON,United Kingdom
536569,22660,DOORMAT I LOVE LONDON,United Kingdom
536569,22713,CARD I LOVE LONDON,United Kingdom
536569,22713,CARD I LOVE LONDON,United Kingdom
536569,22731,3D CHRISTMAS STAMPS STICKERS,United Kingdom
536569,22731,3D CHRISTMAS STAMPS STICKERS,United Kingdom
536569,22738,RIBBON REEL SNOWY VILLAGE,United Kingdom
536569,22738,RIBBON REEL SNOWY VILLAGE,United Kingdom
536569,22739,RIBBON REEL CHRISTMAS SOCK BAUBLE,United Kingdom
536569,22739,RIBBON REEL CHRISTMAS SOCK BAUBLE,United Kingdom
536569,22750,FELTCRAFT PRINCESS LOLA DOLL,United Kingdom
536569,22750,FELTCRAFT PRINCESS LOLA DOLL,United Kingdom
536569,22765,NEWSPAPER STAND,United Kingdom
536569,22765,NEWSPAPER STAND,United Kingdom
536569,22767,TRIPLE PHOTO FRAME CORNICE,United Kingdom
536569,22767,TRIPLE PHOTO FRAME CORNICE,United Kingdom
536569,22816,CARD MOTORBIKE SANTA,United Kingdom
536569,22816,CARD MOTORBIKE SANTA,United Kingdom
536569,22818,CARD CHRISTMAS VILLAGE,United Kingdom
536569,22818,CARD CHRISTMAS VILLAGE,United Kingdom
536569,22825,DECORATIVE PLANT POT WITH FRIEZE,United Kingdom
536569,22825,DECORATIVE PLANT POT WITH FRIEZE,United Kingdom
536569,22941,CHRISTMAS LIGHTS 10 REINDEER,United Kingdom
536569,22941,CHRISTMAS LIGHTS 10 REINDEER,United Kingdom
536569,22945,CHRISTMAS METAL TAGS ASSORTED,United Kingdom
536569,22945,CHRISTMAS METAL TAGS ASSORTED,United Kingdom
536569,22946,WOODEN ADVENT CALENDAR CREAM,United Kingdom
536569,22946,WOODEN ADVENT CALENDAR CREAM,United Kingdom
536569,84870B,BLUE GEISHA GIRL,United Kingdom
536569,84870B,BLUE GEISHA GIRL,United Kingdom
536569,84870C,GREEN GEISHA GIRL,United Kingdom
536569,84870C,GREEN GEISHA GIRL,United Kingdom
536569,85232B,SET OF 3 BABUSHKA STACKING TINS,United Kingdom
536569,85232B,SET OF 3 BABUSHKA STACKING TINS,United Kingdom
536569,M,Manual,United Kingdom
536569,M,Manual,United Kingdom
536569,M,Manual,United Kingdom
536569,M,Manual,United Kingdom
536594,21733,RED HANGING HEART T-LIGHT HOLDER,United Kingdom
536594,21733,RED HANGING HEART T-LIGHT HOLDER,United Kingdom
536594,22113,GREY HEART HOT WATER BOTTLE,United Kingdom
536594,22113,GREY HEART HOT WATER BOTTLE,United Kingdom
536594,22804,CANDLEHOLDER PINK HANGING HEART,United Kingdom
536594,22804,CANDLEHOLDER PINK HANGING HEART,United Kingdom
536594,84970L,SINGLE HEART ZINC T-LIGHT HOLDER,United Kingdom
536594,84970L,SINGLE HEART ZINC T-LIGHT HOLDER,United Kingdom
536594,85123A,WHITE HANGING HEART T-LIGHT HOLDER,United Kingdom
536594,85123A,WHITE HANGING HEART T-LIGHT HOLDER,United Kingdom
536676,21563,RED HEART SHAPE LOVE BUCKET,United Kingdom
536676,21563,RED HEART SHAPE LOVE BUCKET,United Kingdom
536676,21769,VINTAGE POST OFFICE CABINET,United Kingdom
536676,21769,VINTAGE POST OFFICE CABINET,United Kingdom
536676,22168,ORGANISER WOOD ANTIQUE WHITE,United Kingdom
536676,22168,ORGANISER WOOD ANTIQUE WHITE,United Kingdom
536676,22442,GROW YOUR OWN FLOWERS SET OF 3,United Kingdom
536676,22442,GROW YOUR OWN FLOWERS SET OF 3,United Kingdom
536676,22595,CHRISTMAS GINGHAM HEART,United Kingdom
536676,22595,CHRISTMAS GINGHAM HEART,United Kingdom
536676,22759,SET OF 3 NOTEBOOKS IN PARCEL,United Kingdom
536676,22759,SET OF 3 NOTEBOOKS IN PARCEL,United Kingdom
536676,22797,CHEST OF DRAWERS GINGHAM HEART,United Kingdom
536676,22797,CHEST OF DRAWERS GINGHAM HEART,United Kingdom
536676,22969,HOMEMADE JAM SCENTED CANDLES,United Kingdom
536676,22969,HOMEMADE JAM SCENTED CANDLES,United Kingdom
536676,84846A,SCENTED CANDLE IN DIGITALIS TIN,United Kingdom
536676,84846A,SCENTED CANDLE IN DIGITALIS TIN,United Kingdom
536735,22659,LUNCH BOX I LOVE LONDON,United Kingdom
536735,22659,LUNCH BOX I LOVE LONDON,United Kingdom
536749,15056N,EDWARDIAN PARASOL NATURAL,United Kingdom
536749,15056N,EDWARDIAN PARASOL NATURAL,United Kingdom
536749,18097A,PINK TALL PORCELAIN T-LIGHT HOLDER,United Kingdom
536749,18097A,PINK TALL PORCELAIN T-LIGHT HOLDER,United Kingdom
536749,18097C,WHITE TALL PORCELAIN T-LIGHT HOLDER,United Kingdom
536749,18097C,WHITE TALL PORCELAIN T-LIGHT HOLDER,United Kingdom
536749,20679,EDWARDIAN PARASOL RED,United Kingdom
536749,20679,EDWARDIAN PARASOL RED,United Kingdom
536749,20894,HANGING BAUBLE T-LIGHT HOLDER LARGE,United Kingdom
536749,20894,HANGING BAUBLE T-LIGHT HOLDER LARGE,United Kingdom
536749,20914,SET/5 RED RETROSPOT LID GLASS BOWLS,United Kingdom
536749,20914,SET/5 RED RETROSPOT LID GLASS BOWLS,United Kingdom
536749,20967,GREY FLORAL FELTCRAFT SHOULDER BAG,United Kingdom
536749,20967,GREY FLORAL FELTCRAFT SHOULDER BAG,United Kingdom
536749,20969,RED FLORAL FELTCRAFT SHOULDER BAG,United Kingdom
536749,20969,RED FLORAL FELTCRAFT SHOULDER BAG,United Kingdom
536749,20975,12 PENCILS SMALL TUBE RED RETROSPOT,United Kingdom
536749,20975,12 PENCILS SMALL TUBE RED RETROSPOT,United Kingdom
536749,21034,REX CASH+CARRY JUMBO SHOPPER,United Kingdom
536749,21034,REX CASH+CARRY JUMBO SHOPPER,United Kingdom
536749,21154,RED RETROSPOT OVEN GLOVE,United Kingdom
536749,21154,RED RETROSPOT OVEN GLOVE,United Kingdom
536749,21212,PACK OF 72 RETROSPOT CAKE CASES,United Kingdom
536749,21212,PACK OF 72 RETROSPOT CAKE CASES,United Kingdom
536749,21415,CLAM SHELL SMALL,United Kingdom
536749,21415,CLAM SHELL SMALL,United Kingdom
536749,21415,CLAM SHELL SMALL,United Kingdom
536749,21415,CLAM SHELL SMALL,United Kingdom
536749,21415,CLAM SHELL SMALL,United Kingdom
536749,21415,CLAM SHELL SMALL,United Kingdom
536749,21416,CLAM SHELL LARGE,United Kingdom
536749,21416,CLAM SHELL LARGE,United Kingdom
536749,21417,COCKLE SHELL DISH,United Kingdom
536749,21417,COCKLE SHELL DISH,United Kingdom
536749,21429,RED GINGHAM ROSE JEWELLERY BOX,United Kingdom
536749,21429,RED GINGHAM ROSE JEWELLERY BOX,United Kingdom
536749,21710,FOLDING UMBRELLA PINKWHITE POLKADOT,United Kingdom
536749,21710,FOLDING UMBRELLA PINKWHITE POLKADOT,United Kingdom
536749,22174,PHOTO CUBE,United Kingdom
536749,22174,PHOTO CUBE,United Kingdom
536749,22174,PHOTO CUBE,United Kingdom
536749,22174,PHOTO CUBE,United Kingdom
536749,22174,PHOTO CUBE,United Kingdom
536749,22174,PHOTO CUBE,United Kingdom
536749,22190,LOCAL CAFE MUG,United Kingdom
536749,22190,LOCAL CAFE MUG,United Kingdom
536749,22343,PARTY PIZZA DISH RED RETROSPOT,United Kingdom
536749,22343,PARTY PIZZA DISH RED RETROSPOT,United Kingdom
536749,22371,AIRLINE BAG VINTAGE TOKYO 78,United Kingdom
536749,22371,AIRLINE BAG VINTAGE TOKYO 78,United Kingdom
536749,22371,AIRLINE BAG VINTAGE TOKYO 78,United Kingdom
536749,22371,AIRLINE BAG VINTAGE TOKYO 78,United Kingdom
536749,22371,AIRLINE BAG VINTAGE TOKYO 78,United Kingdom
536749,22371,AIRLINE BAG VINTAGE TOKYO 78,United Kingdom
536749,22379,RECYCLING BAG RETROSPOT,United Kingdom
536749,22379,RECYCLING BAG RETROSPOT,United Kingdom
536749,22441,GROW YOUR OWN BASIL IN ENAMEL MUG,United Kingdom
536749,22441,GROW YOUR OWN BASIL IN ENAMEL MUG,United Kingdom
536749,22441,GROW YOUR OWN BASIL IN ENAMEL MUG,United Kingdom
536749,22441,GROW YOUR OWN BASIL IN ENAMEL MUG,United Kingdom
536749,22472,TV DINNER TRAY DOLLY GIRL,United Kingdom
536749,22472,TV DINNER TRAY DOLLY GIRL,United Kingdom
536749,22472,TV DINNER TRAY DOLLY GIRL,United Kingdom
536749,22472,TV DINNER TRAY DOLLY GIRL,United Kingdom
536749,22474,SPACEBOY TV DINNER TRAY,United Kingdom
536749,22474,SPACEBOY TV DINNER TRAY,United Kingdom
536749,22480,RED TEA TOWEL CLASSIC DESIGN,United Kingdom
536749,22480,RED TEA TOWEL CLASSIC DESIGN,United Kingdom
536749,22569,FELTCRAFT CUSHION BUTTERFLY,United Kingdom
536749,22569,FELTCRAFT CUSHION BUTTERFLY,United Kingdom
536749,22633,HAND WARMER UNION JACK,United Kingdom
536749,22633,HAND WARMER UNION JACK,United Kingdom
536749,22664,TOY TIDY DOLLY GIRL DESIGN,United Kingdom
536749,22664,TOY TIDY DOLLY GIRL DESIGN,United Kingdom
536749,22667,RECIPE BOX RETROSPOT,United Kingdom
536749,22667,RECIPE BOX RETROSPOT,United Kingdom
536749,22750,FELTCRAFT PRINCESS LOLA DOLL,United Kingdom
536749,22750,FELTCRAFT PRINCESS LOLA DOLL,United Kingdom
536749,22752,SET 7 BABUSHKA NESTING BOXES,United Kingdom
536749,22752,SET 7 BABUSHKA NESTING BOXES,United Kingdom
536749,22866,HAND WARMER SCOTTY DOG DESIGN,United Kingdom
536749,22866,HAND WARMER SCOTTY DOG DESIGN,United Kingdom
536749,22867,HAND WARMER BIRD DESIGN,United Kingdom
536749,22867,HAND WARMER BIRD DESIGN,United Kingdom
536749,22900,SET 2 TEA TOWELS I LOVE LONDON,United Kingdom
536749,22900,SET 2 TEA TOWELS I LOVE LONDON,United Kingdom
536749,22943,CHRISTMAS LIGHTS 10 VINTAGE BAUBLES,United Kingdom
536749,22943,CHRISTMAS LIGHTS 10 VINTAGE BAUBLES,United Kingdom
536749,35271S,GOLD PRINT PAPER BAG,United Kingdom
536749,35271S,GOLD PRINT PAPER BAG,United Kingdom
536749,84029E,RED WOOLLY HOTTIE WHITE HEART.,United Kingdom
536749,84029E,RED WOOLLY HOTTIE WHITE HEART.,United Kingdom
536749,84029G,KNITTED UNION FLAG HOT WATER BOTTLE,United Kingdom
536749,84029G,KNITTED UNION FLAG HOT WATER BOTTLE,United Kingdom
536749,84347,ROTATING SILVER ANGELS T-LIGHT HLDR,United Kingdom
536749,84347,ROTATING SILVER ANGELS T-LIGHT HLDR,United Kingdom
536749,84879,ASSORTED COLOUR BIRD ORNAMENT,United Kingdom
536749,84879,ASSORTED COLOUR BIRD ORNAMENT,United Kingdom
536749,85106,CUT GLASS HEXAGON T-LIGHT HOLDER,United Kingdom
536749,85106,CUT GLASS HEXAGON T-LIGHT HOLDER,United Kingdom
536749,85106,CUT GLASS HEXAGON T-LIGHT HOLDER,United Kingdom
536749,85106,CUT GLASS HEXAGON T-LIGHT HOLDER,United Kingdom
536749,85123A,WHITE HANGING HEART T-LIGHT HOLDER,United Kingdom
536749,85123A,WHITE HANGING HEART T-LIGHT HOLDER,United Kingdom
536749,90081A,LILY BROOCH AMETHYST COLOUR,United Kingdom
536749,90081A,LILY BROOCH AMETHYST COLOUR,United Kingdom
536749,90082A,DIAMANTE BOW BROOCH GREEN COLOUR,United Kingdom
536749,90082A,DIAMANTE BOW BROOCH GREEN COLOUR,United Kingdom
536749,90082B,DIAMANTE BOW BROOCH RED COLOUR,United Kingdom
536749,90082B,DIAMANTE BOW BROOCH RED COLOUR,United Kingdom
536749,90082D,DIAMANTE BOW BROOCH BLACK COLOUR,United Kingdom
536749,90082D,DIAMANTE BOW BROOCH BLACK COLOUR,United Kingdom
536749,90177C,DROP DIAMANTE EARRINGS CRYSTAL,United Kingdom
536749,90177C,DROP DIAMANTE EARRINGS CRYSTAL,United Kingdom
536749,90185B,AMETHYST DIAMANTE EXPANDABLE RING,United Kingdom
536749,90185B,AMETHYST DIAMANTE EXPANDABLE RING,United Kingdom
536749,90185C,BLACK DIAMANTE EXPANDABLE RING,United Kingdom
536749,90185C,BLACK DIAMANTE EXPANDABLE RING,United Kingdom
536749,90186A,AMETHYST HOOP EARRING FLORAL LEAF,United Kingdom
536749,90186A,AMETHYST HOOP EARRING FLORAL LEAF,United Kingdom
536749,90195A,PURPLE GEMSTONE BRACELET,United Kingdom
536749,90195A,PURPLE GEMSTONE BRACELET,United Kingdom
536749,90195B,BLACK GEMSTONE BRACELET,United Kingdom
536749,90195B,BLACK GEMSTONE BRACELET,United Kingdom
536749,90196A,PURPLE GEMSTONE NECKLACE 45CM,United Kingdom
536749,90196A,PURPLE GEMSTONE NECKLACE 45CM,United Kingdom
536749,90199A,5 STRAND GLASS NECKLACE BLACK,United Kingdom
536749,90199A,5 STRAND GLASS NECKLACE BLACK,United Kingdom
536749,90204,PAIR OF ENAMEL BUTTERFLY HAIRCLIP,United Kingdom
536749,90204,PAIR OF ENAMEL BUTTERFLY HAIRCLIP,United Kingdom
536787,21068,VINTAGE BILLBOARD LOVE/HATE MUG,United Kingdom
536787,21068,VINTAGE BILLBOARD LOVE/HATE MUG,United Kingdom
536787,21071,VINTAGE BILLBOARD DRINK ME MUG,United Kingdom
536787,21071,VINTAGE BILLBOARD DRINK ME MUG,United Kingdom
536787,21730,GLASS STAR FROSTED T-LIGHT HOLDER,United Kingdom
536787,21730,GLASS STAR FROSTED T-LIGHT HOLDER,United Kingdom
536787,21871,SAVE THE PLANET MUG,United Kingdom
536787,21871,SAVE THE PLANET MUG,United Kingdom
536787,22752,SET 7 BABUSHKA NESTING BOXES,United Kingdom
536787,22752,SET 7 BABUSHKA NESTING BOXES,United Kingdom
536787,37370,RETRO COFFEE MUGS ASSORTED,United Kingdom
536787,37370,RETRO COFFEE MUGS ASSORTED,United Kingdom
536787,71053,WHITE METAL LANTERN,United Kingdom
536787,71053,WHITE METAL LANTERN,United Kingdom
536787,82482,WOODEN PICTURE FRAME WHITE FINISH,United Kingdom
536787,82482,WOODEN PICTURE FRAME WHITE FINISH,United Kingdom
536787,82494L,WOODEN FRAME ANTIQUE WHITE,United Kingdom
536787,82494L,WOODEN FRAME ANTIQUE WHITE,United Kingdom
536787,84029E,RED WOOLLY HOTTIE WHITE HEART.,United Kingdom
536787,84029E,RED WOOLLY HOTTIE WHITE HEART.,United Kingdom
536787,84029G,KNITTED UNION FLAG HOT WATER BOTTLE,United Kingdom
536787,84029G,KNITTED UNION FLAG HOT WATER BOTTLE,United Kingdom
536787,84406B,CREAM CUPID HEARTS COAT HANGER,United Kingdom
536787,84406B,CREAM CUPID HEARTS COAT HANGER,United Kingdom
536787,85123A,WHITE HANGING HEART T-LIGHT HOLDER,United Kingdom
536787,85123A,WHITE HANGING HEART T-LIGHT HOLDER,United Kingdom
536793,20971,PINK BLUE FELT CRAFT TRINKET BOX,United Kingdom
536793,20971,PINK BLUE FELT CRAFT TRINKET BOX,United Kingdom
536793,21912,VINTAGE SNAKES & LADDERS,United Kingdom
536793,21912,VINTAGE SNAKES & LADDERS,United Kingdom
536793,21914,BLUE HARMONICA IN BOX,United Kingdom
536793,21914,BLUE HARMONICA IN BOX,United Kingdom
536793,22264,FELT FARM ANIMAL WHITE BUNNY,United Kingdom
536793,22264,FELT FARM ANIMAL WHITE BUNNY,United Kingdom
536793,22568,FELTCRAFT CUSHION OWL,United Kingdom
536793,22568,FELTCRAFT CUSHION OWL,United Kingdom
536793,22570,FELTCRAFT CUSHION RABBIT,United Kingdom
536793,22570,FELTCRAFT CUSHION RABBIT,United Kingdom
536793,22725,ALARM CLOCK BAKELIKE CHOCOLATE,United Kingdom
536793,22725,ALARM CLOCK BAKELIKE CHOCOLATE,United Kingdom
536793,22726,ALARM CLOCK BAKELIKE GREEN,United Kingdom
536793,22726,ALARM CLOCK BAKELIKE GREEN,United Kingdom
536793,22727,ALARM CLOCK BAKELIKE RED,United Kingdom
536793,22727,ALARM CLOCK BAKELIKE RED,United Kingdom
536793,22750,FELTCRAFT PRINCESS LOLA DOLL,United Kingdom
536793,22750,FELTCRAFT PRINCESS LOLA DOLL,United Kingdom
536793,22960,JAM MAKING SET WITH JARS,United Kingdom
536793,22960,JAM MAKING SET WITH JARS,United Kingdom
536874,20751,FUNKY WASHING UP GLOVES ASSORTED,United Kingdom
536874,20751,FUNKY WASHING UP GLOVES ASSORTED,United Kingdom
536874,20754,RETROSPOT RED WASHING UP GLOVES,United Kingdom
536874,20754,RETROSPOT RED WASHING UP GLOVES,United Kingdom
536874,20998,ROSE DU SUD OVEN GLOVE,United Kingdom
536874,20998,ROSE DU SUD OVEN GLOVE,United Kingdom
536874,21034,REX CASH+CARRY JUMBO SHOPPER,United Kingdom
536874,21034,REX CASH+CARRY JUMBO SHOPPER,United Kingdom
536874,21078,SET/20 STRAWBERRY PAPER NAPKINS,United Kingdom
536874,21078,SET/20 STRAWBERRY PAPER NAPKINS,United Kingdom
536874,21080,SET/20 RED RETROSPOT PAPER NAPKINS,United Kingdom
536874,21080,SET/20 RED RETROSPOT PAPER NAPKINS,United Kingdom
536874,21098,CHRISTMAS TOILET ROLL,United Kingdom
536874,21098,CHRISTMAS TOILET ROLL,United Kingdom
536874,21135,VICTORIAN  METAL POSTCARD SPRING,United Kingdom
536874,21135,VICTORIAN  METAL POSTCARD SPRING,United Kingdom
536874,21143,ANTIQUE GLASS HEART DECORATION,United Kingdom
536874,21143,ANTIQUE GLASS HEART DECORATION,United Kingdom
536874,21206,STRAWBERRY HONEYCOMB  GARLAND,United Kingdom
536874,21206,STRAWBERRY HONEYCOMB  GARLAND,United Kingdom
536874,21210,SET OF 72 RETROSPOT PAPER  DOILIES,United Kingdom
536874,21210,SET OF 72 RETROSPOT PAPER  DOILIES,United Kingdom
536874,21407,BROWN CHECK CAT DOORSTOP,United Kingdom
536874,21407,BROWN CHECK CAT DOORSTOP,United Kingdom
536874,21428,SET3 BOOK BOX GREEN GINGHAM FLOWER,United Kingdom
536874,21428,SET3 BOOK BOX GREEN GINGHAM FLOWER,United Kingdom
536874,21462,"NURSERY A,B,C PAINTED LETTERS",United Kingdom
536874,21462,"NURSERY A,B,C PAINTED LETTERS",United Kingdom
536874,21715,GIRLS VINTAGE TIN SEASIDE BUCKET,United Kingdom
536874,21715,GIRLS VINTAGE TIN SEASIDE BUCKET,United Kingdom
536874,21907,I'M ON HOLIDAY METAL SIGN,United Kingdom
536874,21907,I'M ON HOLIDAY METAL SIGN,United Kingdom
536874,21913,VINTAGE SEASIDE JIGSAW PUZZLES,United Kingdom
536874,21913,VINTAGE SEASIDE JIGSAW PUZZLES,United Kingdom
536874,22076,6 RIBBONS EMPIRE,United Kingdom
536874,22076,6 RIBBONS EMPIRE,United Kingdom
536874,22083,PAPER CHAIN KIT RETROSPOT,United Kingdom
536874,22083,PAPER CHAIN KIT RETROSPOT,United Kingdom
536874,22089,PAPER BUNTING VINTAGE PAISLEY,United Kingdom
536874,22089,PAPER BUNTING VINTAGE PAISLEY,United Kingdom
536874,22130,PARTY CONE CHRISTMAS DECORATION,United Kingdom
536874,22130,PARTY CONE CHRISTMAS DECORATION,United Kingdom
536874,22144,CHRISTMAS CRAFT LITTLE FRIENDS,United Kingdom
536874,22144,CHRISTMAS CRAFT LITTLE FRIENDS,United Kingdom
536874,22153,ANGEL DECORATION STARS ON DRESS,United Kingdom
536874,22153,ANGEL DECORATION STARS ON DRESS,United Kingdom
536874,22154,ANGEL DECORATION 3 BUTTONS,United Kingdom
536874,22154,ANGEL DECORATION 3 BUTTONS,United Kingdom
536874,22187,GREEN CHRISTMAS TREE CARD HOLDER,United Kingdom
536874,22187,GREEN CHRISTMAS TREE CARD HOLDER,United Kingdom
536874,22222,CAKE PLATE LOVEBIRD WHITE,United Kingdom
536874,22222,CAKE PLATE LOVEBIRD WHITE,United Kingdom
536874,22374,AIRLINE BAG VINTAGE JET SET RED,United Kingdom
536874,22374,AIRLINE BAG VINTAGE JET SET RED,United Kingdom
536874,22405,MONEY BOX POCKET MONEY DESIGN,United Kingdom
536874,22405,MONEY BOX POCKET MONEY DESIGN,United Kingdom
536874,22406,MONEY BOX KINGS CHOICE DESIGN,United Kingdom
536874,22406,MONEY BOX KINGS CHOICE DESIGN,United Kingdom
536874,22449,SILK PURSE BABUSHKA PINK,United Kingdom
536874,22449,SILK PURSE BABUSHKA PINK,United Kingdom
536874,22450,SILK PURSE BABUSHKA BLUE,United Kingdom
536874,22450,SILK PURSE BABUSHKA BLUE,United Kingdom
536874,22451,SILK PURSE BABUSHKA RED,United Kingdom
536874,22451,SILK PURSE BABUSHKA RED,United Kingdom
536874,22550,HOLIDAY FUN LUDO,United Kingdom
536874,22550,HOLIDAY FUN LUDO,United Kingdom
536874,22632,HAND WARMER RED RETROSPOT,United Kingdom
536874,22632,HAND WARMER RED RETROSPOT,United Kingdom
536874,22633,HAND WARMER UNION JACK,United Kingdom
536874,22633,HAND WARMER UNION JACK,United Kingdom
536874,22669,RED BABY BUNTING,United Kingdom
536874,22669,RED BABY BUNTING,United Kingdom
536874,22702,BLACK AND WHITE CAT BOWL,United Kingdom
536874,22702,BLACK AND WHITE CAT BOWL,United Kingdom
536874,22798,ANTIQUE GLASS DRESSING TABLE POT,United Kingdom
536874,22798,ANTIQUE GLASS DRESSING TABLE POT,United Kingdom
536874,22810,SET OF 6 T-LIGHTS SNOWMEN,United Kingdom
536874,22810,SET OF 6 T-LIGHTS SNOWMEN,United Kingdom
536874,22851,SET 20 NAPKINS FAIRY CAKES DESIGN,United Kingdom
536874,22851,SET 20 NAPKINS FAIRY CAKES DESIGN,United Kingdom
536874,22866,HAND WARMER SCOTTY DOG DESIGN,United Kingdom
536874,22866,HAND WARMER SCOTTY DOG DESIGN,United Kingdom
536874,22866,HAND WARMER SCOTTY DOG DESIGN,United Kingdom
536874,22866,HAND WARMER SCOTTY DOG DESIGN,United Kingdom
536874,22866,HAND WARMER SCOTTY DOG DESIGN,United Kingdom
536874,22866,HAND WARMER SCOTTY DOG DESIGN,United Kingdom
536874,22910,PAPER CHAIN KIT VINTAGE CHRISTMAS,United Kingdom
536874,22910,PAPER CHAIN KIT VINTAGE CHRISTMAS,United Kingdom
536874,22910,PAPER CHAIN KIT VINTAGE CHRISTMAS,United Kingdom
536874,22910,PAPER CHAIN KIT VINTAGE CHRISTMAS,United Kingdom
536874,22912,YELLOW COAT RACK PARIS FASHION,United Kingdom
536874,22912,YELLOW COAT RACK PARIS FASHION,United Kingdom
536874,22913,RED COAT RACK PARIS FASHION,United Kingdom
536874,22913,RED COAT RACK PARIS FASHION,United Kingdom
536874,22914,BLUE COAT RACK PARIS FASHION,United Kingdom
536874,22914,BLUE COAT RACK PARIS FASHION,United Kingdom
536874,22914,BLUE COAT RACK PARIS FASHION,United Kingdom
536874,22914,BLUE COAT RACK PARIS FASHION,United Kingdom
536874,22940,FELTCRAFT CHRISTMAS FAIRY,United Kingdom
536874,22940,FELTCRAFT CHRISTMAS FAIRY,United Kingdom
536874,22941,CHRISTMAS LIGHTS 10 REINDEER,United Kingdom
536874,22941,CHRISTMAS LIGHTS 10 REINDEER,United Kingdom
536874,22945,CHRISTMAS METAL TAGS ASSORTED,United Kingdom
536874,22945,CHRISTMAS METAL TAGS ASSORTED,United Kingdom
536874,22960,JAM MAKING SET WITH JARS,United Kingdom
536874,22960,JAM MAKING SET WITH JARS,United Kingdom
536874,22961,JAM MAKING SET PRINTED,United Kingdom
536874,22961,JAM MAKING SET PRINTED,United Kingdom
536874,22961,JAM MAKING SET PRINTED,United Kingdom
536874,22961,JAM MAKING SET PRINTED,United Kingdom
536874,22968,ROSE COTTAGE KEEPSAKE BOX,United Kingdom
536874,22968,ROSE COTTAGE KEEPSAKE BOX,United Kingdom
536874,35001G,HAND OPEN SHAPE GOLD,United Kingdom
536874,35001G,HAND OPEN SHAPE GOLD,United Kingdom
536874,79067,CORONA MEXICAN TRAY,United Kingdom
536874,79067,CORONA MEXICAN TRAY,United Kingdom
536874,82483,WOOD 2 DRAWER CABINET WHITE FINISH,United Kingdom
536874,82483,WOOD 2 DRAWER CABINET WHITE FINISH,United Kingdom
536874,84520B,PACK 20 ENGLISH ROSE PAPER NAPKINS,United Kingdom
536874,84520B,PACK 20 ENGLISH ROSE PAPER NAPKINS,United Kingdom
536874,84625A,PINK NEW BAROQUECANDLESTICK CANDLE,United Kingdom
536874,84625A,PINK NEW BAROQUECANDLESTICK CANDLE,United Kingdom
536874,84925D,LA PALMIERA WALL THERMOMETER,United Kingdom
536874,84925D,LA PALMIERA WALL THERMOMETER,United Kingdom
536874,84987,SET OF 36 TEATIME PAPER DOILIES,United Kingdom
536874,84987,SET OF 36 TEATIME PAPER DOILIES,United Kingdom
536874,84987,SET OF 36 TEATIME PAPER DOILIES,United Kingdom
536874,84987,SET OF 36 TEATIME PAPER DOILIES,United Kingdom
536874,84991,60 TEATIME FAIRY CAKE CASES,United Kingdom
536874,84991,60 TEATIME FAIRY CAKE CASES,United Kingdom
536874,84993A,75 GREEN PETIT FOUR CASES,United Kingdom
536874,84993A,75 GREEN PETIT FOUR CASES,United Kingdom
536874,85049A,TRADITIONAL CHRISTMAS RIBBONS,United Kingdom
536874,85049A,TRADITIONAL CHRISTMAS RIBBONS,United Kingdom
536874,85049F,BABY BOOM RIBBONS,United Kingdom
536874,85049F,BABY BOOM RIBBONS,United Kingdom
536874,85099B,JUMBO BAG RED RETROSPOT,United Kingdom
536874,85099B,JUMBO BAG RED RETROSPOT,United Kingdom
537047,10002,INFLATABLE POLITICAL GLOBE,United Kingdom
537047,10002,INFLATABLE POLITICAL GLOBE,United Kingdom
537047,20725,LUNCH BAG RED RETROSPOT,United Kingdom
537047,20725,LUNCH BAG RED RETROSPOT,United Kingdom
537047,20726,LUNCH BAG WOODLAND,United Kingdom
537047,20726,LUNCH BAG WOODLAND,United Kingdom
537047,20751,FUNKY WASHING UP GLOVES ASSORTED,United Kingdom
537047,20751,FUNKY WASHING UP GLOVES ASSORTED,United Kingdom
537047,21754,HOME BUILDING BLOCK WORD,United Kingdom
537047,21754,HOME BUILDING BLOCK WORD,United Kingdom
537047,21892,TRADITIONAL WOODEN CATCH CUP GAME,United Kingdom
537047,21892,TRADITIONAL WOODEN CATCH CUP GAME,United Kingdom
537047,22077,6 RIBBONS RUSTIC CHARM,United Kingdom
537047,22077,6 RIBBONS RUSTIC CHARM,United Kingdom
537047,22079,RIBBON REEL HEARTS DESIGN,United Kingdom
537047,22079,RIBBON REEL HEARTS DESIGN,United Kingdom
537047,22080,RIBBON REEL POLKADOTS,United Kingdom
537047,22080,RIBBON REEL POLKADOTS,United Kingdom
537047,22082,RIBBON REEL STRIPES DESIGN,United Kingdom
537047,22082,RIBBON REEL STRIPES DESIGN,United Kingdom
537047,22086,PAPER CHAIN KIT 50'S CHRISTMAS,United Kingdom
537047,22086,PAPER CHAIN KIT 50'S CHRISTMAS,United Kingdom
537047,22130,PARTY CONE CHRISTMAS DECORATION,United Kingdom
537047,22130,PARTY CONE CHRISTMAS DECORATION,United Kingdom
537047,22383,LUNCH BAG SUKI  DESIGN,United Kingdom
537047,22383,LUNCH BAG SUKI  DESIGN,United Kingdom
537047,22470,HEART OF WICKER LARGE,United Kingdom
537047,22470,HEART OF WICKER LARGE,United Kingdom
537047,22577,WOODEN HEART CHRISTMAS SCANDINAVIAN,United Kingdom
537047,22577,WOODEN HEART CHRISTMAS SCANDINAVIAN,United Kingdom
537047,22578,WOODEN STAR CHRISTMAS SCANDINAVIAN,United Kingdom
537047,22578,WOODEN STAR CHRISTMAS SCANDINAVIAN,United Kingdom
537047,22579,WOODEN TREE CHRISTMAS SCANDINAVIAN,United Kingdom
537047,22579,WOODEN TREE CHRISTMAS SCANDINAVIAN,United Kingdom
537047,22581,WOOD STOCKING CHRISTMAS SCANDISPOT,United Kingdom
537047,22581,WOOD STOCKING CHRISTMAS SCANDISPOT,United Kingdom
537047,22593,CHRISTMAS GINGHAM STAR,United Kingdom
537047,22593,CHRISTMAS GINGHAM STAR,United Kingdom
537047,22594,CHRISTMAS GINGHAM TREE,United Kingdom
537047,22594,CHRISTMAS GINGHAM TREE,United Kingdom
537047,22595,CHRISTMAS GINGHAM HEART,United Kingdom
537047,22595,CHRISTMAS GINGHAM HEART,United Kingdom
537047,22600,CHRISTMAS RETROSPOT STAR WOOD,United Kingdom
537047,22600,CHRISTMAS RETROSPOT STAR WOOD,United Kingdom
537047,22601,CHRISTMAS RETROSPOT ANGEL WOOD,United Kingdom
537047,22601,CHRISTMAS RETROSPOT ANGEL WOOD,United Kingdom
537047,22602,CHRISTMAS RETROSPOT HEART WOOD,United Kingdom
537047,22602,CHRISTMAS RETROSPOT HEART WOOD,United Kingdom
537047,22603,CHRISTMAS RETROSPOT TREE WOOD,United Kingdom
537047,22603,CHRISTMAS RETROSPOT TREE WOOD,United Kingdom
537047,22630,DOLLY GIRL LUNCH BOX,United Kingdom
537047,22630,DOLLY GIRL LUNCH BOX,United Kingdom
537047,22632,HAND WARMER RED RETROSPOT,United Kingdom
537047,22632,HAND WARMER RED RETROSPOT,United Kingdom
537047,22662,LUNCH BAG DOLLY GIRL DESIGN,United Kingdom
537047,22662,LUNCH BAG DOLLY GIRL DESIGN,United Kingdom
537047,22694,WICKER STAR,United Kingdom
537047,22694,WICKER STAR,United Kingdom
537047,22735,RIBBON REEL SOCKS AND MITTENS,United Kingdom
537047,22735,RIBBON REEL SOCKS AND MITTENS,United Kingdom
537047,22736,RIBBON REEL MAKING SNOWMEN,United Kingdom
537047,22736,RIBBON REEL MAKING SNOWMEN,United Kingdom
537047,22737,RIBBON REEL CHRISTMAS PRESENT,United Kingdom
537047,22737,RIBBON REEL CHRISTMAS PRESENT,United Kingdom
537047,22738,RIBBON REEL SNOWY VILLAGE,United Kingdom
537047,22738,RIBBON REEL SNOWY VILLAGE,United Kingdom
537047,22739,RIBBON REEL CHRISTMAS SOCK BAUBLE,United Kingdom
537047,22739,RIBBON REEL CHRISTMAS SOCK BAUBLE,United Kingdom
537047,22809,SET OF 6 T-LIGHTS SANTA,United Kingdom
537047,22809,SET OF 6 T-LIGHTS SANTA,United Kingdom
537047,22834,HAND WARMER BABUSHKA DESIGN,United Kingdom
537047,22834,HAND WARMER BABUSHKA DESIGN,United Kingdom
537047,22865,HAND WARMER OWL DESIGN,United Kingdom
537047,22865,HAND WARMER OWL DESIGN,United Kingdom
537047,22866,HAND WARMER SCOTTY DOG DESIGN,United Kingdom
537047,22866,HAND WARMER SCOTTY DOG DESIGN,United Kingdom
537047,22867,HAND WARMER BIRD DESIGN,United Kingdom
537047,22867,HAND WARMER BIRD DESIGN,United Kingdom
537047,22974,CHILDRENS DOLLY GIRL MUG,United Kingdom
537047,22974,CHILDRENS DOLLY GIRL MUG,United Kingdom
537047,85018D,YULETIDE IMAGES S/6 PAPER BOXES,United Kingdom
537047,85018D,YULETIDE IMAGES S/6 PAPER BOXES,United Kingdom
537065,16238,PARTY TIME PENCIL ERASERS,France
537065,16238,PARTY TIME PENCIL ERASERS,France
537065,20665,RED RETROSPOT PURSE,France
537065,20665,RED RETROSPOT PURSE,France
537065,20725,LUNCH BAG RED RETROSPOT,France
537065,20725,LUNCH BAG RED RETROSPOT,France
537065,20726,LUNCH BAG WOODLAND,France
537065,20726,LUNCH BAG WOODLAND,France
537065,20728,LUNCH BAG CARS BLUE,France
537065,20728,LUNCH BAG CARS BLUE,France
537065,20749,ASSORTED COLOUR MINI CASES,France
537065,20749,ASSORTED COLOUR MINI CASES,France
537065,20750,RED RETROSPOT MINI CASES,France
537065,20750,RED RETROSPOT MINI CASES,France
537065,21054,NURSE'S BAG SOFT TOY,France
537065,21054,NURSE'S BAG SOFT TOY,France
537065,21055,TOOL BOX SOFT TOY,France
537065,21055,TOOL BOX SOFT TOY,France
537065,21121,SET/10 RED POLKADOT PARTY CANDLES,France
537065,21121,SET/10 RED POLKADOT PARTY CANDLES,France
537065,21195,PINK  HONEYCOMB PAPER BALL,France
537065,21195,PINK  HONEYCOMB PAPER BALL,France
537065,21439,BASKET OF TOADSTOOLS,France
537065,21439,BASKET OF TOADSTOOLS,France
537065,21533,RETROSPOT LARGE MILK JUG,France
537065,21533,RETROSPOT LARGE MILK JUG,France
537065,21539,RED RETROSPOT BUTTER DISH,France
537065,21539,RED RETROSPOT BUTTER DISH,France
537065,21555,CERAMIC STRAWBERRY TRINKET TRAY,France
537065,21555,CERAMIC STRAWBERRY TRINKET TRAY,France
537065,21556,CERAMIC STRAWBERRY MONEY BOX,France
537065,21556,CERAMIC STRAWBERRY MONEY BOX,France
537065,21559,STRAWBERRY LUNCH BOX WITH CUTLERY,France
537065,21559,STRAWBERRY LUNCH BOX WITH CUTLERY,France
537065,21774,DECORATIVE CATS BATHROOM BOTTLE,France
537065,21774,DECORATIVE CATS BATHROOM BOTTLE,France
537065,21786,POLKADOT RAIN HAT,France
537065,21786,POLKADOT RAIN HAT,France
537065,21787,RAIN PONCHO RETROSPOT,France
537065,21787,RAIN PONCHO RETROSPOT,France
537065,21829,DINOSAUR KEYRINGS ASSORTED,France
537065,21829,DINOSAUR KEYRINGS ASSORTED,France
537065,21892,TRADITIONAL WOODEN CATCH CUP GAME,France
537065,21892,TRADITIONAL WOODEN CATCH CUP GAME,France
537065,21980,PACK OF 12 RED RETROSPOT TISSUES,France
537065,21980,PACK OF 12 RED RETROSPOT TISSUES,France
537065,21981,PACK OF 12 WOODLAND TISSUES,France
537065,21981,PACK OF 12 WOODLAND TISSUES,France
537065,21982,PACK OF 12 SUKI TISSUES,France
537065,21982,PACK OF 12 SUKI TISSUES,France
537065,22180,RETROSPOT LAMP,France
537065,22180,RETROSPOT LAMP,France
537065,22243,5 HOOK HANGER RED MAGIC TOADSTOOL,France
537065,22243,5 HOOK HANGER RED MAGIC TOADSTOOL,France
537065,22318,FIVE HEART HANGING DECORATION,France
537065,22318,FIVE HEART HANGING DECORATION,France
537065,22326,ROUND SNACK BOXES SET OF4 WOODLAND,France
537065,22326,ROUND SNACK BOXES SET OF4 WOODLAND,France
537065,22352,LUNCH BOX WITH CUTLERY RETROSPOT,France
537065,22352,LUNCH BOX WITH CUTLERY RETROSPOT,France
537065,22390,PAPERWEIGHT CHILDHOOD MEMORIES,France
537065,22390,PAPERWEIGHT CHILDHOOD MEMORIES,France
537065,22423,REGENCY CAKESTAND 3 TIER,France
537065,22423,REGENCY CAKESTAND 3 TIER,France
537065,22467,GUMBALL COAT RACK,France
537065,22467,GUMBALL COAT RACK,France
537065,22483,RED GINGHAM TEDDY BEAR,France
537065,22483,RED GINGHAM TEDDY BEAR,France
537065,22551,PLASTERS IN TIN SPACEBOY,France
537065,22551,PLASTERS IN TIN SPACEBOY,France
537065,22554,PLASTERS IN TIN WOODLAND ANIMALS,France
537065,22554,PLASTERS IN TIN WOODLAND ANIMALS,France
537065,22614,PACK OF 12 SPACEBOY TISSUES,France
537065,22614,PACK OF 12 SPACEBOY TISSUES,France
537065,22615,PACK OF 12 CIRCUS PARADE TISSUES,France
537065,22615,PACK OF 12 CIRCUS PARADE TISSUES,France
537065,22619,SET OF 6 SOLDIER SKITTLES,France
537065,22619,SET OF 6 SOLDIER SKITTLES,France
537065,22632,HAND WARMER RED RETROSPOT,France
537065,22632,HAND WARMER RED RETROSPOT,France
537065,22634,CHILDS BREAKFAST SET SPACEBOY,France
537065,22634,CHILDS BREAKFAST SET SPACEBOY,France
537065,22635,CHILDS BREAKFAST SET DOLLY GIRL,France
537065,22635,CHILDS BREAKFAST SET DOLLY GIRL,France
537065,22636,CHILDS BREAKFAST SET CIRCUS PARADE,France
537065,22636,CHILDS BREAKFAST SET CIRCUS PARADE,France
537065,22644,CERAMIC CHERRY CAKE MONEY BANK,France
537065,22644,CERAMIC CHERRY CAKE MONEY BANK,France
537065,22726,ALARM CLOCK BAKELIKE GREEN,France
537065,22726,ALARM CLOCK BAKELIKE GREEN,France
537065,22727,ALARM CLOCK BAKELIKE RED,France
537065,22727,ALARM CLOCK BAKELIKE RED,France
537065,22728,ALARM CLOCK BAKELIKE PINK,France
537065,22728,ALARM CLOCK BAKELIKE PINK,France
537065,22729,ALARM CLOCK BAKELIKE ORANGE,France
537065,22729,ALARM CLOCK BAKELIKE ORANGE,France
537065,22837,HOT WATER BOTTLE BABUSHKA,France
537065,22837,HOT WATER BOTTLE BABUSHKA,France
537065,22846,BREAD BIN DINER STYLE RED,France
537065,22846,BREAD BIN DINER STYLE RED,France
537065,22892,SET OF SALT AND PEPPER TOADSTOOLS,France
537065,22892,SET OF SALT AND PEPPER TOADSTOOLS,France
537065,22968,ROSE COTTAGE KEEPSAKE BOX,France
537065,22968,ROSE COTTAGE KEEPSAKE BOX,France
537065,47566,PARTY BUNTING,France
537065,47566,PARTY BUNTING,France
537065,84279P,CHERRY BLOSSOM  DECORATIVE FLASK,France
537065,84279P,CHERRY BLOSSOM  DECORATIVE FLASK,France
537065,84678,CLASSICAL ROSE SMALL VASE,France
537065,84678,CLASSICAL ROSE SMALL VASE,France
537065,84870B,BLUE GEISHA GIRL,France
537065,84870B,BLUE GEISHA GIRL,France
537065,84870C,GREEN GEISHA GIRL,France
537065,84870C,GREEN GEISHA GIRL,France
537065,84963A,PINK PAINTED KASHMIRI CHAIR,France
537065,84963A,PINK PAINTED KASHMIRI CHAIR,France
537065,84997A,GREEN 3 PIECE POLKADOT CUTLERY SET,France
537065,84997A,GREEN 3 PIECE POLKADOT CUTLERY SET,France
537065,84997B,RED 3 PIECE RETROSPOT CUTLERY SET,France
537065,84997B,RED 3 PIECE RETROSPOT CUTLERY SET,France
537065,84997C,BLUE 3 PIECE POLKADOT CUTLERY SET,France
537065,84997C,BLUE 3 PIECE POLKADOT CUTLERY SET,France
537065,85227,SET OF 6 3D KIT CARDS FOR KIDS,France
537065,85227,SET OF 6 3D KIT CARDS FOR KIDS,France
537065,POST,POSTAGE,France
537065,POST,POSTAGE,France
537224,20685,DOORMAT RED RETROSPOT,United Kingdom
537224,20685,DOORMAT RED RETROSPOT,United Kingdom
537224,20829,GLITTER HANGING BUTTERFLY STRING,United Kingdom
537224,20829,GLITTER HANGING BUTTERFLY STRING,United Kingdom
537224,20878,SET/9 CHRISTMAS T-LIGHTS SCENTED,United Kingdom
537224,20878,SET/9 CHRISTMAS T-LIGHTS SCENTED,United Kingdom
537224,21014,SWISS CHALET TREE DECORATION,United Kingdom
537224,21014,SWISS CHALET TREE DECORATION,United Kingdom
537224,21014,SWISS CHALET TREE DECORATION,United Kingdom
537224,21014,SWISS CHALET TREE DECORATION,United Kingdom
537224,21143,ANTIQUE GLASS HEART DECORATION,United Kingdom
537224,21143,ANTIQUE GLASS HEART DECORATION,United Kingdom
537224,21187,WHITE BELL HONEYCOMB PAPER GARLAND,United Kingdom
537224,21187,WHITE BELL HONEYCOMB PAPER GARLAND,United Kingdom
537224,21187,WHITE BELL HONEYCOMB PAPER GARLAND,United Kingdom
537224,21187,WHITE BELL HONEYCOMB PAPER GARLAND,United Kingdom
537224,21187,WHITE BELL HONEYCOMB PAPER GARLAND,United Kingdom
537224,21187,WHITE BELL HONEYCOMB PAPER GARLAND,United Kingdom
537224,21191,LARGE WHITE HONEYCOMB PAPER BELL,United Kingdom
537224,21191,LARGE WHITE HONEYCOMB PAPER BELL,United Kingdom
537224,21192,WHITE BELL HONEYCOMB PAPER,United Kingdom
537224,21192,WHITE BELL HONEYCOMB PAPER,United Kingdom
537224,21192,WHITE BELL HONEYCOMB PAPER,United Kingdom
537224,21192,WHITE BELL HONEYCOMB PAPER,United Kingdom
537224,21202,DOLLY HONEYCOMB GARLAND,United Kingdom
537224,21202,DOLLY HONEYCOMB GARLAND,United Kingdom
537224,21202,DOLLY HONEYCOMB GARLAND,United Kingdom
537224,21202,DOLLY HONEYCOMB GARLAND,United Kingdom
537224,21351,CINAMMON & ORANGE WREATH,United Kingdom
537224,21351,CINAMMON & ORANGE WREATH,United Kingdom
537224,21351,CINAMMON & ORANGE WREATH,United Kingdom
537224,21351,CINAMMON & ORANGE WREATH,United Kingdom
537224,21361,LOVE LARGE WOOD LETTERS,United Kingdom
537224,21361,LOVE LARGE WOOD LETTERS,United Kingdom
537224,21363,HOME SMALL WOOD LETTERS,United Kingdom
537224,21363,HOME SMALL WOOD LETTERS,United Kingdom
537224,21363,HOME SMALL WOOD LETTERS,United Kingdom
537224,21363,HOME SMALL WOOD LETTERS,United Kingdom
537224,21481,FAWN BLUE HOT WATER BOTTLE,United Kingdom
537224,21481,FAWN BLUE HOT WATER BOTTLE,United Kingdom
537224,21484,CHICK GREY HOT WATER BOTTLE,United Kingdom
537224,21484,CHICK GREY HOT WATER BOTTLE,United Kingdom
537224,21484,CHICK GREY HOT WATER BOTTLE,United Kingdom
537224,21484,CHICK GREY HOT WATER BOTTLE,United Kingdom
537224,21485,RETROSPOT HEART HOT WATER BOTTLE,United Kingdom
537224,21485,RETROSPOT HEART HOT WATER BOTTLE,United Kingdom
537224,21556,CERAMIC STRAWBERRY MONEY BOX,United Kingdom
537224,21556,CERAMIC STRAWBERRY MONEY BOX,United Kingdom
537224,21609,SET 12 LAVENDER  BOTANICAL T-LIGHTS,United Kingdom
537224,21609,SET 12 LAVENDER  BOTANICAL T-LIGHTS,United Kingdom
537224,21613,S/12 VANILLA  BOTANICAL T-LIGHTS,United Kingdom
537224,21613,S/12 VANILLA  BOTANICAL T-LIGHTS,United Kingdom
537224,21688,SILVER PLATE CANDLE BOWL SMALL,United Kingdom
537224,21688,SILVER PLATE CANDLE BOWL SMALL,United Kingdom
537224,21693,SMALL HAMMERED SILVER CANDLEPOT,United Kingdom
537224,21693,SMALL HAMMERED SILVER CANDLEPOT,United Kingdom
537224,21695,SMALL SILVER FLOWER CANDLE POT,United Kingdom
537224,21695,SMALL SILVER FLOWER CANDLE POT,United Kingdom
537224,21790,VINTAGE SNAP CARDS,United Kingdom
537224,21790,VINTAGE SNAP CARDS,United Kingdom
537224,21791,VINTAGE HEADS AND TAILS CARD GAME,United Kingdom
537224,21791,VINTAGE HEADS AND TAILS CARD GAME,United Kingdom
537224,21802,CHRISTMAS TREE HEART DECORATION,United Kingdom
537224,21802,CHRISTMAS TREE HEART DECORATION,United Kingdom
537224,21802,CHRISTMAS TREE HEART DECORATION,United Kingdom
537224,21802,CHRISTMAS TREE HEART DECORATION,United Kingdom
537224,21802,CHRISTMAS TREE HEART DECORATION,United Kingdom
537224,21802,CHRISTMAS TREE HEART DECORATION,United Kingdom
537224,21804,WHITE CHRISTMAS GARLAND STARS TREES,United Kingdom
537224,21804,WHITE CHRISTMAS GARLAND STARS TREES,United Kingdom
537224,21804,WHITE CHRISTMAS GARLAND STARS TREES,United Kingdom
537224,21804,WHITE CHRISTMAS GARLAND STARS TREES,United Kingdom
537224,21807,WHITE CHRISTMAS STAR DECORATION,United Kingdom
537224,21807,WHITE CHRISTMAS STAR DECORATION,United Kingdom
537224,21807,WHITE CHRISTMAS STAR DECORATION,United Kingdom
537224,21807,WHITE CHRISTMAS STAR DECORATION,United Kingdom
537224,21807,WHITE CHRISTMAS STAR DECORATION,United Kingdom
537224,21807,WHITE CHRISTMAS STAR DECORATION,United Kingdom
537224,21813,GARLAND WITH STARS AND BELLS,United Kingdom
537224,21813,GARLAND WITH STARS AND BELLS,United Kingdom
537224,21820,GLITTER HEART GARLAND WITH BELLS,United Kingdom
537224,21820,GLITTER HEART GARLAND WITH BELLS,United Kingdom
537224,21822,GLITTER CHRISTMAS TREE WITH BELLS,United Kingdom
537224,21822,GLITTER CHRISTMAS TREE WITH BELLS,United Kingdom
537224,21822,GLITTER CHRISTMAS TREE WITH BELLS,United Kingdom
537224,21822,GLITTER CHRISTMAS TREE WITH BELLS,United Kingdom
537224,21888,BINGO SET,United Kingdom
537224,21888,BINGO SET,United Kingdom
537224,21889,WOODEN BOX OF DOMINOES,United Kingdom
537224,21889,WOODEN BOX OF DOMINOES,United Kingdom
537224,21891,TRADITIONAL WOODEN SKIPPING ROPE,United Kingdom
537224,21891,TRADITIONAL WOODEN SKIPPING ROPE,United Kingdom
537224,21899,"KEY FOB , GARAGE DESIGN",United Kingdom
537224,21899,"KEY FOB , GARAGE DESIGN",United Kingdom
537224,21899,"KEY FOB , GARAGE DESIGN",United Kingdom
537224,21899,"KEY FOB , GARAGE DESIGN",United Kingdom
537224,21900,"KEY FOB , SHED",United Kingdom
537224,21900,"KEY FOB , SHED",United Kingdom
537224,21901,"KEY FOB , BACK DOOR",United Kingdom
537224,21901,"KEY FOB , BACK DOOR",United Kingdom
537224,21901,"KEY FOB , BACK DOOR",United Kingdom
537224,21901,"KEY FOB , BACK DOOR",United Kingdom
537224,21901,"KEY FOB , BACK DOOR",United Kingdom
537224,21901,"KEY FOB , BACK DOOR",United Kingdom
537224,21910,WAY OUT METAL SIGN,United Kingdom
537224,21910,WAY OUT METAL SIGN,United Kingdom
537224,21911,GARDEN METAL SIGN,United Kingdom
537224,21911,GARDEN METAL SIGN,United Kingdom
537224,21913,VINTAGE SEASIDE JIGSAW PUZZLES,United Kingdom
537224,21913,VINTAGE SEASIDE JIGSAW PUZZLES,United Kingdom
537224,22086,PAPER CHAIN KIT 50'S CHRISTMAS,United Kingdom
537224,22086,PAPER CHAIN KIT 50'S CHRISTMAS,United Kingdom
537224,22086,PAPER CHAIN KIT 50'S CHRISTMAS,United Kingdom
537224,22086,PAPER CHAIN KIT 50'S CHRISTMAS,United Kingdom
537224,22086,PAPER CHAIN KIT 50'S CHRISTMAS,United Kingdom
537224,22086,PAPER CHAIN KIT 50'S CHRISTMAS,United Kingdom
537224,22087,PAPER BUNTING WHITE LACE,United Kingdom
537224,22087,PAPER BUNTING WHITE LACE,United Kingdom
537224,22087,PAPER BUNTING WHITE LACE,United Kingdom
537224,22087,PAPER BUNTING WHITE LACE,United Kingdom
537224,22087,PAPER BUNTING WHITE LACE,United Kingdom
537224,22087,PAPER BUNTING WHITE LACE,United Kingdom
537224,22110,BIRD HOUSE HOT WATER BOTTLE,United Kingdom
537224,22110,BIRD HOUSE HOT WATER BOTTLE,United Kingdom
537224,22111,SCOTTIE DOG HOT WATER BOTTLE,United Kingdom
537224,22111,SCOTTIE DOG HOT WATER BOTTLE,United Kingdom
537224,22113,GREY HEART HOT WATER BOTTLE,United Kingdom
537224,22113,GREY HEART HOT WATER BOTTLE,United Kingdom
537224,22113,GREY HEART HOT WATER BOTTLE,United Kingdom
537224,22113,GREY HEART HOT WATER BOTTLE,United Kingdom
537224,22141,CHRISTMAS CRAFT TREE TOP ANGEL,United Kingdom
537224,22141,CHRISTMAS CRAFT TREE TOP ANGEL,United Kingdom
537224,22141,CHRISTMAS CRAFT TREE TOP ANGEL,United Kingdom
537224,22141,CHRISTMAS CRAFT TREE TOP ANGEL,United Kingdom
537224,22142,CHRISTMAS CRAFT WHITE FAIRY,United Kingdom
537224,22142,CHRISTMAS CRAFT WHITE FAIRY,United Kingdom
537224,22142,CHRISTMAS CRAFT WHITE FAIRY,United Kingdom
537224,22142,CHRISTMAS CRAFT WHITE FAIRY,United Kingdom
537224,22144,CHRISTMAS CRAFT LITTLE FRIENDS,United Kingdom
537224,22144,CHRISTMAS CRAFT LITTLE FRIENDS,United Kingdom
537224,22151,PLACE SETTING WHITE HEART,United Kingdom
537224,22151,PLACE SETTING WHITE HEART,United Kingdom
537224,22153,ANGEL DECORATION STARS ON DRESS,United Kingdom
537224,22153,ANGEL DECORATION STARS ON DRESS,United Kingdom
537224,22155,STAR DECORATION RUSTIC,United Kingdom
537224,22155,STAR DECORATION RUSTIC,United Kingdom
537224,22156,HEART DECORATION WITH PEARLS,United Kingdom
537224,22156,HEART DECORATION WITH PEARLS,United Kingdom
537224,22157,ANGEL DECORATION WITH LACE PADDED,United Kingdom
537224,22157,ANGEL DECORATION WITH LACE PADDED,United Kingdom
537224,22188,BLACK HEART CARD HOLDER,United Kingdom
537224,22188,BLACK HEART CARD HOLDER,United Kingdom
537224,22294,HEART FILIGREE DOVE  SMALL,United Kingdom
537224,22294,HEART FILIGREE DOVE  SMALL,United Kingdom
537224,22307,GOLD MUG BONE CHINA TREE OF LIFE,United Kingdom
537224,22307,GOLD MUG BONE CHINA TREE OF LIFE,United Kingdom
537224,22405,MONEY BOX POCKET MONEY DESIGN,United Kingdom
537224,22405,MONEY BOX POCKET MONEY DESIGN,United Kingdom
537224,22406,MONEY BOX KINGS CHOICE DESIGN,United Kingdom
537224,22406,MONEY BOX KINGS CHOICE DESIGN,United Kingdom
537224,22461,SAVOY ART DECO CLOCK,United Kingdom
537224,22461,SAVOY ART DECO CLOCK,United Kingdom
537224,22497,SET OF 2 TINS VINTAGE BATHROOM,United Kingdom
537224,22497,SET OF 2 TINS VINTAGE BATHROOM,United Kingdom
537224,22500,SET OF 2 TINS JARDIN DE PROVENCE,United Kingdom
537224,22500,SET OF 2 TINS JARDIN DE PROVENCE,United Kingdom
537224,22548,HEADS AND TAILS SPORTING FUN,United Kingdom
537224,22548,HEADS AND TAILS SPORTING FUN,United Kingdom
537224,22550,HOLIDAY FUN LUDO,United Kingdom
537224,22550,HOLIDAY FUN LUDO,United Kingdom
537224,22576,SWALLOW WOODEN CHRISTMAS DECORATION,United Kingdom
537224,22576,SWALLOW WOODEN CHRISTMAS DECORATION,United Kingdom
537224,22576,SWALLOW WOODEN CHRISTMAS DECORATION,United Kingdom
537224,22576,SWALLOW WOODEN CHRISTMAS DECORATION,United Kingdom
537224,22579,WOODEN TREE CHRISTMAS SCANDINAVIAN,United Kingdom
537224,22579,WOODEN TREE CHRISTMAS SCANDINAVIAN,United Kingdom
537224,22581,WOOD STOCKING CHRISTMAS SCANDISPOT,United Kingdom
537224,22581,WOOD STOCKING CHRISTMAS SCANDISPOT,United Kingdom
537224,22581,WOOD STOCKING CHRISTMAS SCANDISPOT,United Kingdom
537224,22581,WOOD STOCKING CHRISTMAS SCANDISPOT,United Kingdom
537224,22588,CARD HOLDER GINGHAM HEART,United Kingdom
537224,22588,CARD HOLDER GINGHAM HEART,United Kingdom
537224,22589,CARDHOLDER GINGHAM STAR,United Kingdom
537224,22589,CARDHOLDER GINGHAM STAR,United Kingdom
537224,22600,CHRISTMAS RETROSPOT STAR WOOD,United Kingdom
537224,22600,CHRISTMAS RETROSPOT STAR WOOD,United Kingdom
537224,22602,CHRISTMAS RETROSPOT HEART WOOD,United Kingdom
537224,22602,CHRISTMAS RETROSPOT HEART WOOD,United Kingdom
537224,22602,CHRISTMAS RETROSPOT HEART WOOD,United Kingdom
537224,22602,CHRISTMAS RETROSPOT HEART WOOD,United Kingdom
537224,22603,CHRISTMAS RETROSPOT TREE WOOD,United Kingdom
537224,22603,CHRISTMAS RETROSPOT TREE WOOD,United Kingdom
537224,22603,CHRISTMAS RETROSPOT TREE WOOD,United Kingdom
537224,22603,CHRISTMAS RETROSPOT TREE WOOD,United Kingdom
537224,22622,BOX OF VINTAGE ALPHABET BLOCKS,United Kingdom
537224,22622,BOX OF VINTAGE ALPHABET BLOCKS,United Kingdom
537224,22623,BOX OF VINTAGE JIGSAW BLOCKS,United Kingdom
537224,22623,BOX OF VINTAGE JIGSAW BLOCKS,United Kingdom
537224,22632,HAND WARMER RED RETROSPOT,United Kingdom
537224,22632,HAND WARMER RED RETROSPOT,United Kingdom
537224,22632,HAND WARMER RED RETROSPOT,United Kingdom
537224,22632,HAND WARMER RED RETROSPOT,United Kingdom
537224,22637,PIGGY BANK RETROSPOT,United Kingdom
537224,22637,PIGGY BANK RETROSPOT,United Kingdom
537224,22670,FRENCH WC SIGN BLUE METAL,United Kingdom
537224,22670,FRENCH WC SIGN BLUE METAL,United Kingdom
537224,22670,FRENCH WC SIGN BLUE METAL,United Kingdom
537224,22670,FRENCH WC SIGN BLUE METAL,United Kingdom
537224,22672,FRENCH BATHROOM SIGN BLUE METAL,United Kingdom
537224,22672,FRENCH BATHROOM SIGN BLUE METAL,United Kingdom
537224,22674,FRENCH TOILET SIGN BLUE METAL,United Kingdom
537224,22674,FRENCH TOILET SIGN BLUE METAL,United Kingdom
537224,22690,DOORMAT HOME SWEET HOME BLUE,United Kingdom
537224,22690,DOORMAT HOME SWEET HOME BLUE,United Kingdom
537224,22766,PHOTO FRAME CORNICE,United Kingdom
537224,22766,PHOTO FRAME CORNICE,United Kingdom
537224,22767,TRIPLE PHOTO FRAME CORNICE,United Kingdom
537224,22767,TRIPLE PHOTO FRAME CORNICE,United Kingdom
537224,22768,FAMILY PHOTO FRAME CORNICE,United Kingdom
537224,22768,FAMILY PHOTO FRAME CORNICE,United Kingdom
537224,22800,ANTIQUE TALL SWIRLGLASS TRINKET POT,United Kingdom
537224,22800,ANTIQUE TALL SWIRLGLASS TRINKET POT,United Kingdom
537224,22809,SET OF 6 T-LIGHTS SANTA,United Kingdom
537224,22809,SET OF 6 T-LIGHTS SANTA,United Kingdom
537224,22810,SET OF 6 T-LIGHTS SNOWMEN,United Kingdom
537224,22810,SET OF 6 T-LIGHTS SNOWMEN,United Kingdom
537224,22829,SWEETHEART WIRE WALL TIDY,United Kingdom
537224,22829,SWEETHEART WIRE WALL TIDY,United Kingdom
537224,22830,UTILTY CABINET WITH HOOKS,United Kingdom
537224,22830,UTILTY CABINET WITH HOOKS,United Kingdom
537224,22833,HALL CABINET WITH 3 DRAWERS,United Kingdom
537224,22833,HALL CABINET WITH 3 DRAWERS,United Kingdom
537224,22863,SOAP DISH BROCANTE,United Kingdom
537224,22863,SOAP DISH BROCANTE,United Kingdom
537224,22863,SOAP DISH BROCANTE,United Kingdom
537224,22863,SOAP DISH BROCANTE,United Kingdom
537224,22866,HAND WARMER SCOTTY DOG DESIGN,United Kingdom
537224,22866,HAND WARMER SCOTTY DOG DESIGN,United Kingdom
537224,22866,HAND WARMER SCOTTY DOG DESIGN,United Kingdom
537224,22866,HAND WARMER SCOTTY DOG DESIGN,United Kingdom
537224,22866,HAND WARMER SCOTTY DOG DESIGN,United Kingdom
537224,22866,HAND WARMER SCOTTY DOG DESIGN,United Kingdom
537224,22867,HAND WARMER BIRD DESIGN,United Kingdom
537224,22867,HAND WARMER BIRD DESIGN,United Kingdom
537224,22910,PAPER CHAIN KIT VINTAGE CHRISTMAS,United Kingdom
537224,22910,PAPER CHAIN KIT VINTAGE CHRISTMAS,United Kingdom
537224,22910,PAPER CHAIN KIT VINTAGE CHRISTMAS,United Kingdom
537224,22910,PAPER CHAIN KIT VINTAGE CHRISTMAS,United Kingdom
537224,22943,CHRISTMAS LIGHTS 10 VINTAGE BAUBLES,United Kingdom
537224,22943,CHRISTMAS LIGHTS 10 VINTAGE BAUBLES,United Kingdom
537224,22969,HOMEMADE JAM SCENTED CANDLES,United Kingdom
537224,22969,HOMEMADE JAM SCENTED CANDLES,United Kingdom
537224,35971,ROSE FOLKART HEART DECORATIONS,United Kingdom
537224,35971,ROSE FOLKART HEART DECORATIONS,United Kingdom
537224,35971,ROSE FOLKART HEART DECORATIONS,United Kingdom
537224,35971,ROSE FOLKART HEART DECORATIONS,United Kingdom
537224,48187,DOORMAT NEW ENGLAND,United Kingdom
537224,48187,DOORMAT NEW ENGLAND,United Kingdom
537224,48194,DOORMAT HEARTS,United Kingdom
537224,48194,DOORMAT HEARTS,United Kingdom
537224,70006,LOVE HEART POCKET WARMER,United Kingdom
537224,70006,LOVE HEART POCKET WARMER,United Kingdom
537224,70006,LOVE HEART POCKET WARMER,United Kingdom
537224,70006,LOVE HEART POCKET WARMER,United Kingdom
537224,70006,LOVE HEART POCKET WARMER,United Kingdom
537224,70006,LOVE HEART POCKET WARMER,United Kingdom
537224,70007,HI TEC ALPINE HAND WARMER,United Kingdom
537224,70007,HI TEC ALPINE HAND WARMER,United Kingdom
537224,70007,HI TEC ALPINE HAND WARMER,United Kingdom
537224,70007,HI TEC ALPINE HAND WARMER,United Kingdom
537224,70007,HI TEC ALPINE HAND WARMER,United Kingdom
537224,70007,HI TEC ALPINE HAND WARMER,United Kingdom
537224,70007,HI TEC ALPINE HAND WARMER,United Kingdom
537224,70007,HI TEC ALPINE HAND WARMER,United Kingdom
537224,70007,HI TEC ALPINE HAND WARMER,United Kingdom
537224,70007,HI TEC ALPINE HAND WARMER,United Kingdom
537224,72741,GRAND CHOCOLATECANDLE,United Kingdom
537224,72741,GRAND CHOCOLATECANDLE,United Kingdom
537224,72816,SET/3 CHRISTMAS DECOUPAGE CANDLES,United Kingdom
537224,72816,SET/3 CHRISTMAS DECOUPAGE CANDLES,United Kingdom
537224,79190D,RETRO PLASTIC DAISY TRAY,United Kingdom
537224,79190D,RETRO PLASTIC DAISY TRAY,United Kingdom
537224,79191C,RETRO PLASTIC ELEPHANT TRAY,United Kingdom
537224,79191C,RETRO PLASTIC ELEPHANT TRAY,United Kingdom
537224,79321,CHILLI LIGHTS,United Kingdom
537224,79321,CHILLI LIGHTS,United Kingdom
537224,82551,LAUNDRY 15C METAL SIGN,United Kingdom
537224,82551,LAUNDRY 15C METAL SIGN,United Kingdom
537224,82552,WASHROOM METAL SIGN,United Kingdom
537224,82552,WASHROOM METAL SIGN,United Kingdom
537224,82552,WASHROOM METAL SIGN,United Kingdom
537224,82552,WASHROOM METAL SIGN,United Kingdom
537224,84029E,RED WOOLLY HOTTIE WHITE HEART.,United Kingdom
537224,84029E,RED WOOLLY HOTTIE WHITE HEART.,United Kingdom
537224,84029E,RED WOOLLY HOTTIE WHITE HEART.,United Kingdom
537224,84029E,RED WOOLLY HOTTIE WHITE HEART.,United Kingdom
537224,84347,ROTATING SILVER ANGELS T-LIGHT HLDR,United Kingdom
537224,84347,ROTATING SILVER ANGELS T-LIGHT HLDR,United Kingdom
537224,84347,ROTATING SILVER ANGELS T-LIGHT HLDR,United Kingdom
537224,84347,ROTATING SILVER ANGELS T-LIGHT HLDR,United Kingdom
537224,84375,SET OF 20 KIDS COOKIE CUTTERS,United Kingdom
537224,84375,SET OF 20 KIDS COOKIE CUTTERS,United Kingdom
537224,84406B,CREAM CUPID HEARTS COAT HANGER,United Kingdom
537224,84406B,CREAM CUPID HEARTS COAT HANGER,United Kingdom
537224,84531A,PINK KNITTED EGG COSY,United Kingdom
537224,84531A,PINK KNITTED EGG COSY,United Kingdom
537224,84531A,PINK KNITTED EGG COSY,United Kingdom
537224,84531A,PINK KNITTED EGG COSY,United Kingdom
537224,84531B,BLUE KNITTED EGG COSY,United Kingdom
537224,84531B,BLUE KNITTED EGG COSY,United Kingdom
537224,84531B,BLUE KNITTED EGG COSY,United Kingdom
537224,84531B,BLUE KNITTED EGG COSY,United Kingdom
537224,84792,ENCHANTED BIRD COATHANGER 5 HOOK,United Kingdom
537224,84792,ENCHANTED BIRD COATHANGER 5 HOOK,United Kingdom
537224,84809A,WHITE CHRYSANTHEMUMS ART FLOWER,United Kingdom
537224,84809A,WHITE CHRYSANTHEMUMS ART FLOWER,United Kingdom
537224,84846A,SCENTED CANDLE IN DIGITALIS TIN,United Kingdom
537224,84846A,SCENTED CANDLE IN DIGITALIS TIN,United Kingdom
537224,84881,BLUE WIRE SPIRAL CANDLE HOLDER,United Kingdom
537224,84881,BLUE WIRE SPIRAL CANDLE HOLDER,United Kingdom
537224,84946,ANTIQUE SILVER TEA GLASS ETCHED,United Kingdom
537224,84946,ANTIQUE SILVER TEA GLASS ETCHED,United Kingdom
537224,84950,ASSORTED COLOUR T-LIGHT HOLDER,United Kingdom
537224,84950,ASSORTED COLOUR T-LIGHT HOLDER,United Kingdom
537224,84970L,SINGLE HEART ZINC T-LIGHT HOLDER,United Kingdom
537224,84970L,SINGLE HEART ZINC T-LIGHT HOLDER,United Kingdom
537224,84970S,HANGING HEART ZINC T-LIGHT HOLDER,United Kingdom
537224,84970S,HANGING HEART ZINC T-LIGHT HOLDER,United Kingdom
537224,84978,HANGING HEART JAR T-LIGHT HOLDER,United Kingdom
537224,84978,HANGING HEART JAR T-LIGHT HOLDER,United Kingdom
537224,85025C,PINK HEART SHAPE PHOTO FRAME,United Kingdom
537224,85025C,PINK HEART SHAPE PHOTO FRAME,United Kingdom
537224,85025C,PINK HEART SHAPE PHOTO FRAME,United Kingdom
537224,85025C,PINK HEART SHAPE PHOTO FRAME,United Kingdom
537224,85048,15CM CHRISTMAS GLASS BALL 20 LIGHTS,United Kingdom
537224,85048,15CM CHRISTMAS GLASS BALL 20 LIGHTS,United Kingdom
537224,85123A,WHITE HANGING HEART T-LIGHT HOLDER,United Kingdom
537224,85123A,WHITE HANGING HEART T-LIGHT HOLDER,United Kingdom
537313,21843,RED RETROSPOT CAKE STAND,United Kingdom
537313,21843,RED RETROSPOT CAKE STAND,United Kingdom
537313,22423,REGENCY CAKESTAND 3 TIER,United Kingdom
537313,22423,REGENCY CAKESTAND 3 TIER,United Kingdom
537313,22697,GREEN REGENCY TEACUP AND SAUCER,United Kingdom
537313,22697,GREEN REGENCY TEACUP AND SAUCER,United Kingdom
537313,22699,ROSES REGENCY TEACUP AND SAUCER,United Kingdom
537313,22699,ROSES REGENCY TEACUP AND SAUCER,United Kingdom
537313,22784,LANTERN CREAM GAZEBO,United Kingdom
537313,22784,LANTERN CREAM GAZEBO,United Kingdom
537334,16169N,WRAP BLUE RUSSIAN FOLKART,United Kingdom
537334,16169N,WRAP BLUE RUSSIAN FOLKART,United Kingdom
537334,20769,DAISY JOURNAL,United Kingdom
537334,20769,DAISY JOURNAL,United Kingdom
537334,20829,GLITTER HANGING BUTTERFLY STRING,United Kingdom
537334,20829,GLITTER HANGING BUTTERFLY STRING,United Kingdom
537334,21034,REX CASH+CARRY JUMBO SHOPPER,United Kingdom
537334,21034,REX CASH+CARRY JUMBO SHOPPER,United Kingdom
537334,21042,RED RETROSPOT APRON,United Kingdom
537334,21042,RED RETROSPOT APRON,United Kingdom
537334,21731,RED TOADSTOOL LED NIGHT LIGHT,United Kingdom
537334,21731,RED TOADSTOOL LED NIGHT LIGHT,United Kingdom
537334,21735,TWO DOOR CURIO CABINET,United Kingdom
537334,21735,TWO DOOR CURIO CABINET,United Kingdom
537334,21830,ASSORTED CREEPY CRAWLIES,United Kingdom
537334,21830,ASSORTED CREEPY CRAWLIES,United Kingdom
537334,22086,PAPER CHAIN KIT 50'S CHRISTMAS,United Kingdom
537334,22086,PAPER CHAIN KIT 50'S CHRISTMAS,United Kingdom
537334,22114,HOT WATER BOTTLE TEA AND SYMPATHY,United Kingdom
537334,22114,HOT WATER BOTTLE TEA AND SYMPATHY,United Kingdom
537334,22175,PINK OWL SOFT TOY,United Kingdom
537334,22175,PINK OWL SOFT TOY,United Kingdom
537334,22176,BLUE OWL SOFT TOY,United Kingdom
537334,22176,BLUE OWL SOFT TOY,United Kingdom
537334,22179,SET 10 LIGHTS NIGHT OWL,United Kingdom
537334,22179,SET 10 LIGHTS NIGHT OWL,United Kingdom
537334,22192,BLUE DINER WALL CLOCK,United Kingdom
537334,22192,BLUE DINER WALL CLOCK,United Kingdom
537334,22193,RED DINER WALL CLOCK,United Kingdom
537334,22193,RED DINER WALL CLOCK,United Kingdom
537334,22435,SET OF 9 HEART SHAPED BALLOONS,United Kingdom
537334,22435,SET OF 9 HEART SHAPED BALLOONS,United Kingdom
537334,22436,12 COLOURED PARTY BALLOONS,United Kingdom
537334,22436,12 COLOURED PARTY BALLOONS,United Kingdom
537334,22461,SAVOY ART DECO CLOCK,United Kingdom
537334,22461,SAVOY ART DECO CLOCK,United Kingdom
537334,22468,BABUSHKA LIGHTS STRING OF 10,United Kingdom
537334,22468,BABUSHKA LIGHTS STRING OF 10,United Kingdom
537334,22486,PLASMATRONIC LAMP,United Kingdom
537334,22486,PLASMATRONIC LAMP,United Kingdom
537334,22622,BOX OF VINTAGE ALPHABET BLOCKS,United Kingdom
537334,22622,BOX OF VINTAGE ALPHABET BLOCKS,United Kingdom
537334,22726,ALARM CLOCK BAKELIKE GREEN,United Kingdom
537334,22726,ALARM CLOCK BAKELIKE GREEN,United Kingdom
537334,22727,ALARM CLOCK BAKELIKE RED,United Kingdom
537334,22727,ALARM CLOCK BAKELIKE RED,United Kingdom
537334,22729,ALARM CLOCK BAKELIKE ORANGE,United Kingdom
537334,22729,ALARM CLOCK BAKELIKE ORANGE,United Kingdom
537334,22730,ALARM CLOCK BAKELIKE IVORY,United Kingdom
537334,22730,ALARM CLOCK BAKELIKE IVORY,United Kingdom
537334,22745,POPPY'S PLAYHOUSE BEDROOM,United Kingdom
537334,22745,POPPY'S PLAYHOUSE BEDROOM,United Kingdom
537334,22746,POPPY'S PLAYHOUSE LIVINGROOM,United Kingdom
537334,22746,POPPY'S PLAYHOUSE LIVINGROOM,United Kingdom
537334,22747,POPPY'S PLAYHOUSE BATHROOM,United Kingdom
537334,22747,POPPY'S PLAYHOUSE BATHROOM,United Kingdom
537334,22748,POPPY'S PLAYHOUSE KITCHEN,United Kingdom
537334,22748,POPPY'S PLAYHOUSE KITCHEN,United Kingdom
537334,22759,SET OF 3 NOTEBOOKS IN PARCEL,United Kingdom
537334,22759,SET OF 3 NOTEBOOKS IN PARCEL,United Kingdom
537334,22865,HAND WARMER OWL DESIGN,United Kingdom
537334,22865,HAND WARMER OWL DESIGN,United Kingdom
537334,22891,TEA FOR ONE POLKADOT,United Kingdom
537334,22891,TEA FOR ONE POLKADOT,United Kingdom
537334,22941,CHRISTMAS LIGHTS 10 REINDEER,United Kingdom
537334,22941,CHRISTMAS LIGHTS 10 REINDEER,United Kingdom
537334,72801G,4 BURGUNDY WINE DINNER CANDLES,United Kingdom
537334,72801G,4 BURGUNDY WINE DINNER CANDLES,United Kingdom
537334,79321,CHILLI LIGHTS,United Kingdom
537334,79321,CHILLI LIGHTS,United Kingdom
537334,84029E,RED WOOLLY HOTTIE WHITE HEART.,United Kingdom
537334,84029E,RED WOOLLY HOTTIE WHITE HEART.,United Kingdom
537334,84029G,KNITTED UNION FLAG HOT WATER BOTTLE,United Kingdom
537334,84029G,KNITTED UNION FLAG HOT WATER BOTTLE,United Kingdom
537334,84030E,ENGLISH ROSE HOT WATER BOTTLE,United Kingdom
537334,84030E,ENGLISH ROSE HOT WATER BOTTLE,United Kingdom
537334,84507C,BLUE CIRCLES DESIGN MONKEY DOLL,United Kingdom
537334,84507C,BLUE CIRCLES DESIGN MONKEY DOLL,United Kingdom
537334,84508B,STRIPES DESIGN TEDDY,United Kingdom
537334,84508B,STRIPES DESIGN TEDDY,United Kingdom
537334,84711A,SILVER OVAL SHAPE TRINKET BOX,United Kingdom
537334,84711A,SILVER OVAL SHAPE TRINKET BOX,United Kingdom
537334,85123A,WHITE HANGING HEART T-LIGHT HOLDER,United Kingdom
537334,85123A,WHITE HANGING HEART T-LIGHT HOLDER,United Kingdom
537334,85135B,BLUE DRAGONFLY HELICOPTER,United Kingdom
537334,85135B,BLUE DRAGONFLY HELICOPTER,United Kingdom
537334,85135C,RED DRAGONFLY HELICOPTER,United Kingdom
537334,85135C,RED DRAGONFLY HELICOPTER,United Kingdom
537335,20717,STRAWBERRY SHOPPER BAG,United Kingdom
537335,20717,STRAWBERRY SHOPPER BAG,United Kingdom
537335,20731,POSY CANDY BAG,United Kingdom
537335,20731,POSY CANDY BAG,United Kingdom
537335,20749,ASSORTED COLOUR MINI CASES,United Kingdom
537335,20749,ASSORTED COLOUR MINI CASES,United Kingdom
537335,20757,RED DAISY POCKET BOOK,United Kingdom
537335,20757,RED DAISY POCKET BOOK,United Kingdom
537335,21935,SUKI  SHOULDER BAG,United Kingdom
537335,21935,SUKI  SHOULDER BAG,United Kingdom
537335,22086,PAPER CHAIN KIT 50'S CHRISTMAS,United Kingdom
537335,22086,PAPER CHAIN KIT 50'S CHRISTMAS,United Kingdom
537335,22186,RED STAR CARD HOLDER,United Kingdom
537335,22186,RED STAR CARD HOLDER,United Kingdom
537335,22411,JUMBO SHOPPER VINTAGE RED PAISLEY,United Kingdom
537335,22411,JUMBO SHOPPER VINTAGE RED PAISLEY,United Kingdom
537335,22617,BAKING SET SPACEBOY DESIGN,United Kingdom
537335,22617,BAKING SET SPACEBOY DESIGN,United Kingdom
537335,22666,RECIPE BOX PANTRY YELLOW DESIGN,United Kingdom
537335,22666,RECIPE BOX PANTRY YELLOW DESIGN,United Kingdom
537335,22694,WICKER STAR,United Kingdom
537335,22694,WICKER STAR,United Kingdom
537335,22699,ROSES REGENCY TEACUP AND SAUCER,United Kingdom
537335,22699,ROSES REGENCY TEACUP AND SAUCER,United Kingdom
537335,22735,RIBBON REEL SOCKS AND MITTENS,United Kingdom
537335,22735,RIBBON REEL SOCKS AND MITTENS,United Kingdom
537335,22745,POPPY'S PLAYHOUSE BEDROOM,United Kingdom
537335,22745,POPPY'S PLAYHOUSE BEDROOM,United Kingdom
537335,22746,POPPY'S PLAYHOUSE LIVINGROOM,United Kingdom
537335,22746,POPPY'S PLAYHOUSE LIVINGROOM,United Kingdom
537335,22747,POPPY'S PLAYHOUSE BATHROOM,United Kingdom
537335,22747,POPPY'S PLAYHOUSE BATHROOM,United Kingdom
537335,22748,POPPY'S PLAYHOUSE KITCHEN,United Kingdom
537335,22748,POPPY'S PLAYHOUSE KITCHEN,United Kingdom
537335,22941,CHRISTMAS LIGHTS 10 REINDEER,United Kingdom
537335,22941,CHRISTMAS LIGHTS 10 REINDEER,United Kingdom
537335,35597A,DUSTY PINK CHRISTMAS TREE 30CM,United Kingdom
537335,35597A,DUSTY PINK CHRISTMAS TREE 30CM,United Kingdom
537335,35597B,BLACKCHRISTMAS TREE 30CM,United Kingdom
537335,35597B,BLACKCHRISTMAS TREE 30CM,United Kingdom
537335,47480,HANGING PHOTO CLIP ROPE LADDER,United Kingdom
537335,47480,HANGING PHOTO CLIP ROPE LADDER,United Kingdom
537335,84522,PINK PARTY SUNGLASSES,United Kingdom
537335,84522,PINK PARTY SUNGLASSES,United Kingdom
537335,85048,15CM CHRISTMAS GLASS BALL 20 LIGHTS,United Kingdom
537335,85048,15CM CHRISTMAS GLASS BALL 20 LIGHTS,United Kingdom
537367,82582,AREA PATROLLED METAL SIGN,United Kingdom
537367,82582,AREA PATROLLED METAL SIGN,United Kingdom
537405,15044B,BLUE PAPER PARASOL,United Kingdom
537405,15044B,BLUE PAPER PARASOL,United Kingdom
537405,15044C,PURPLE PAPER PARASOL,United Kingdom
537405,15044C,PURPLE PAPER PARASOL,United Kingdom
537405,20668,DISCO BALL CHRISTMAS DECORATION,United Kingdom
537405,20668,DISCO BALL CHRISTMAS DECORATION,United Kingdom
537405,20713,JUMBO BAG OWLS,United Kingdom
537405,20713,JUMBO BAG OWLS,United Kingdom
537405,20966,SANDWICH BATH SPONGE,United Kingdom
537405,20966,SANDWICH BATH SPONGE,United Kingdom
537405,20972,PINK CREAM FELT CRAFT TRINKET BOX,United Kingdom
537405,20972,PINK CREAM FELT CRAFT TRINKET BOX,United Kingdom
537405,21217,RED RETROSPOT ROUND CAKE TINS,United Kingdom
537405,21217,RED RETROSPOT ROUND CAKE TINS,United Kingdom
537405,21361,LOVE LARGE WOOD LETTERS,United Kingdom
537405,21361,LOVE LARGE WOOD LETTERS,United Kingdom
537405,21479,WHITE SKULL HOT WATER BOTTLE,United Kingdom
537405,21479,WHITE SKULL HOT WATER BOTTLE,United Kingdom
537405,21479,WHITE SKULL HOT WATER BOTTLE,United Kingdom
537405,21479,WHITE SKULL HOT WATER BOTTLE,United Kingdom
537405,21484,CHICK GREY HOT WATER BOTTLE,United Kingdom
537405,21484,CHICK GREY HOT WATER BOTTLE,United Kingdom
537405,21623,VINTAGE UNION JACK MEMOBOARD,United Kingdom
537405,21623,VINTAGE UNION JACK MEMOBOARD,United Kingdom
537405,21669,BLUE STRIPE CERAMIC DRAWER KNOB,United Kingdom
537405,21669,BLUE STRIPE CERAMIC DRAWER KNOB,United Kingdom
537405,21784,SHOE SHINE BOX,United Kingdom
537405,21784,SHOE SHINE BOX,United Kingdom
537405,21930,JUMBO STORAGE BAG SKULLS,United Kingdom
537405,21930,JUMBO STORAGE BAG SKULLS,United Kingdom
537405,21931,JUMBO STORAGE BAG SUKI,United Kingdom
537405,21931,JUMBO STORAGE BAG SUKI,United Kingdom
537405,21935,SUKI  SHOULDER BAG,United Kingdom
537405,21935,SUKI  SHOULDER BAG,United Kingdom
537405,22041,"RECORD FRAME 7"" SINGLE SIZE",United Kingdom
537405,22041,"RECORD FRAME 7"" SINGLE SIZE",United Kingdom
537405,22087,PAPER BUNTING WHITE LACE,United Kingdom
537405,22087,PAPER BUNTING WHITE LACE,United Kingdom
537405,22114,HOT WATER BOTTLE TEA AND SYMPATHY,United Kingdom
537405,22114,HOT WATER BOTTLE TEA AND SYMPATHY,United Kingdom
537405,22173,METAL 4 HOOK HANGER FRENCH CHATEAU,United Kingdom
537405,22173,METAL 4 HOOK HANGER FRENCH CHATEAU,United Kingdom
537405,22174,PHOTO CUBE,United Kingdom
537405,22174,PHOTO CUBE,United Kingdom
537405,22355,CHARLOTTE BAG SUKI DESIGN,United Kingdom
537405,22355,CHARLOTTE BAG SUKI DESIGN,United Kingdom
537405,22385,JUMBO BAG SPACEBOY DESIGN,United Kingdom
537405,22385,JUMBO BAG SPACEBOY DESIGN,United Kingdom
537405,22551,PLASTERS IN TIN SPACEBOY,United Kingdom
537405,22551,PLASTERS IN TIN SPACEBOY,United Kingdom
537405,22555,PLASTERS IN TIN STRONGMAN,United Kingdom
537405,22555,PLASTERS IN TIN STRONGMAN,United Kingdom
537405,22556,PLASTERS IN TIN CIRCUS PARADE,United Kingdom
537405,22556,PLASTERS IN TIN CIRCUS PARADE,United Kingdom
537405,22568,FELTCRAFT CUSHION OWL,United Kingdom
537405,22568,FELTCRAFT CUSHION OWL,United Kingdom
537405,22580,ADVENT CALENDAR GINGHAM SACK,United Kingdom
537405,22580,ADVENT CALENDAR GINGHAM SACK,United Kingdom
537405,22673,FRENCH GARDEN SIGN BLUE METAL,United Kingdom
537405,22673,FRENCH GARDEN SIGN BLUE METAL,United Kingdom
537405,22739,RIBBON REEL CHRISTMAS SOCK BAUBLE,United Kingdom
537405,22739,RIBBON REEL CHRISTMAS SOCK BAUBLE,United Kingdom
537405,22755,SMALL PURPLE BABUSHKA NOTEBOOK,United Kingdom
537405,22755,SMALL PURPLE BABUSHKA NOTEBOOK,United Kingdom
537405,22763,KEY CABINET MA CAMPAGNE,United Kingdom
537405,22763,KEY CABINET MA CAMPAGNE,United Kingdom
537405,22788,BROCANTE COAT RACK,United Kingdom
537405,22788,BROCANTE COAT RACK,United Kingdom
537405,22835,HOT WATER BOTTLE I AM SO POORLY,United Kingdom
537405,22835,HOT WATER BOTTLE I AM SO POORLY,United Kingdom
537405,22839,3 TIER CAKE TIN GREEN AND CREAM,United Kingdom
537405,22839,3 TIER CAKE TIN GREEN AND CREAM,United Kingdom
537405,22904,CALENDAR PAPER CUT DESIGN,United Kingdom
537405,22904,CALENDAR PAPER CUT DESIGN,United Kingdom
537405,35004B,SET OF 3 BLACK FLYING DUCKS,United Kingdom
537405,35004B,SET OF 3 BLACK FLYING DUCKS,United Kingdom
537405,35954,SMALL FOLKART STAR CHRISTMAS DEC,United Kingdom
537405,35954,SMALL FOLKART STAR CHRISTMAS DEC,United Kingdom
537405,79302M,"ART LIGHTS,FUNK MONKEY",United Kingdom
537405,79302M,"ART LIGHTS,FUNK MONKEY",United Kingdom
537405,79321,CHILLI LIGHTS,United Kingdom
537405,79321,CHILLI LIGHTS,United Kingdom
537405,82484,WOOD BLACK BOARD ANT WHITE FINISH,United Kingdom
537405,82484,WOOD BLACK BOARD ANT WHITE FINISH,United Kingdom
537405,84352,SILVER CHRISTMAS TREE BAUBLE STAND,United Kingdom
537405,84352,SILVER CHRISTMAS TREE BAUBLE STAND,United Kingdom
537405,85014A,BLACK/BLUE POLKADOT UMBRELLA,United Kingdom
537405,85014A,BLACK/BLUE POLKADOT UMBRELLA,United Kingdom
537405,85045,GREEN CHRISTMAS TREE STRING 20LIGHT,United Kingdom
537405,85045,GREEN CHRISTMAS TREE STRING 20LIGHT,United Kingdom
537405,85132A,CHARLIE + LOLA BISCUITS TINS,United Kingdom
537405,85132A,CHARLIE + LOLA BISCUITS TINS,United Kingdom
537456,22469,HEART OF WICKER SMALL,United Kingdom
537456,22469,HEART OF WICKER SMALL,United Kingdom
537456,22470,HEART OF WICKER LARGE,United Kingdom
537456,22470,HEART OF WICKER LARGE,United Kingdom
537567,20751,FUNKY WASHING UP GLOVES ASSORTED,United Kingdom
537567,20751,FUNKY WASHING UP GLOVES ASSORTED,United Kingdom
537567,20828,GLITTER BUTTERFLY CLIPS,United Kingdom
537567,20828,GLITTER BUTTERFLY CLIPS,United Kingdom
537567,21034,REX CASH+CARRY JUMBO SHOPPER,United Kingdom
537567,21034,REX CASH+CARRY JUMBO SHOPPER,United Kingdom
537567,21174,POTTERING IN THE SHED METAL SIGN,United Kingdom
537567,21174,POTTERING IN THE SHED METAL SIGN,United Kingdom
537567,21327,SKULLS WRITING SET,United Kingdom
537567,21327,SKULLS WRITING SET,United Kingdom
537567,21328,BALLOONS  WRITING SET,United Kingdom
537567,21328,BALLOONS  WRITING SET,United Kingdom
537567,21577,SAVE THE PLANET COTTON TOTE BAG,United Kingdom
537567,21577,SAVE THE PLANET COTTON TOTE BAG,United Kingdom
537567,21617,4 LILY  BOTANICAL DINNER CANDLES,United Kingdom
537567,21617,4 LILY  BOTANICAL DINNER CANDLES,United Kingdom
537567,21642,ASSORTED TUTTI FRUTTI PEN,United Kingdom
537567,21642,ASSORTED TUTTI FRUTTI PEN,United Kingdom
537567,21647,ASSORTED TUTTI FRUTTI LARGE PURSE,United Kingdom
537567,21647,ASSORTED TUTTI FRUTTI LARGE PURSE,United Kingdom
537567,21864,UNION JACK FLAG PASSPORT COVER,United Kingdom
537567,21864,UNION JACK FLAG PASSPORT COVER,United Kingdom
537567,21865,PINK UNION JACK  PASSPORT COVER,United Kingdom
537567,21865,PINK UNION JACK  PASSPORT COVER,United Kingdom
537567,21866,UNION JACK FLAG LUGGAGE TAG,United Kingdom
537567,21866,UNION JACK FLAG LUGGAGE TAG,United Kingdom
537567,21867,PINK UNION JACK  LUGGAGE TAG,United Kingdom
537567,21867,PINK UNION JACK  LUGGAGE TAG,United Kingdom
537567,21916,SET 12 RETRO WHITE CHALK STICKS,United Kingdom
537567,21916,SET 12 RETRO WHITE CHALK STICKS,United Kingdom
537567,21916,SET 12 RETRO WHITE CHALK STICKS,United Kingdom
537567,21916,SET 12 RETRO WHITE CHALK STICKS,United Kingdom
537567,22191,IVORY DINER WALL CLOCK,United Kingdom
537567,22191,IVORY DINER WALL CLOCK,United Kingdom
537567,22360,GLASS JAR ENGLISH CONFECTIONERY,United Kingdom
537567,22360,GLASS JAR ENGLISH CONFECTIONERY,United Kingdom
537567,22371,AIRLINE BAG VINTAGE TOKYO 78,United Kingdom
537567,22371,AIRLINE BAG VINTAGE TOKYO 78,United Kingdom
537567,22438,BALLOON ART MAKE YOUR OWN FLOWERS,United Kingdom
537567,22438,BALLOON ART MAKE YOUR OWN FLOWERS,United Kingdom
537567,22498,WOODEN REGATTA BUNTING,United Kingdom
537567,22498,WOODEN REGATTA BUNTING,United Kingdom
537567,22499,WOODEN UNION JACK BUNTING,United Kingdom
537567,22499,WOODEN UNION JACK BUNTING,United Kingdom
537567,22529,MAGIC DRAWING SLATE GO TO THE FAIR,United Kingdom
537567,22529,MAGIC DRAWING SLATE GO TO THE FAIR,United Kingdom
537567,22530,MAGIC DRAWING SLATE DOLLY GIRL,United Kingdom
537567,22530,MAGIC DRAWING SLATE DOLLY GIRL,United Kingdom
537567,22727,ALARM CLOCK BAKELIKE RED,United Kingdom
537567,22727,ALARM CLOCK BAKELIKE RED,United Kingdom
537567,22816,CARD MOTORBIKE SANTA,United Kingdom
537567,22816,CARD MOTORBIKE SANTA,United Kingdom
537567,22818,CARD CHRISTMAS VILLAGE,United Kingdom
537567,22818,CARD CHRISTMAS VILLAGE,United Kingdom
537567,22940,FELTCRAFT CHRISTMAS FAIRY,United Kingdom
537567,22940,FELTCRAFT CHRISTMAS FAIRY,United Kingdom
537567,22943,CHRISTMAS LIGHTS 10 VINTAGE BAUBLES,United Kingdom
537567,22943,CHRISTMAS LIGHTS 10 VINTAGE BAUBLES,United Kingdom
537567,90178A,AMBER CHUNKY GLASS+BEAD NECKLACE,United Kingdom
537567,90178A,AMBER CHUNKY GLASS+BEAD NECKLACE,United Kingdom
537769,10120,DOGGY RUBBER,United Kingdom
537769,10120,DOGGY RUBBER,United Kingdom
537769,15056BL,EDWARDIAN PARASOL BLACK,United Kingdom
537769,15056BL,EDWARDIAN PARASOL BLACK,United Kingdom
537769,20828,GLITTER BUTTERFLY CLIPS,United Kingdom
537769,20828,GLITTER BUTTERFLY CLIPS,United Kingdom
537769,20992,JAZZ HEARTS PURSE NOTEBOOK,United Kingdom
537769,20992,JAZZ HEARTS PURSE NOTEBOOK,United Kingdom
537769,20996,JAZZ HEARTS ADDRESS BOOK,United Kingdom
537769,20996,JAZZ HEARTS ADDRESS BOOK,United Kingdom
537769,21181,PLEASE ONE PERSON METAL SIGN,United Kingdom
537769,21181,PLEASE ONE PERSON METAL SIGN,United Kingdom
537769,21181,PLEASE ONE PERSON METAL SIGN,United Kingdom
537769,21181,PLEASE ONE PERSON METAL SIGN,United Kingdom
537769,21307,SET/4 BUTTERFLY MIRROR MAGNETS,United Kingdom
537769,21307,SET/4 BUTTERFLY MIRROR MAGNETS,United Kingdom
537769,21407,BROWN CHECK CAT DOORSTOP,United Kingdom
537769,21407,BROWN CHECK CAT DOORSTOP,United Kingdom
537769,21558,SKULL LUNCH BOX WITH CUTLERY,United Kingdom
537769,21558,SKULL LUNCH BOX WITH CUTLERY,United Kingdom
537769,21559,STRAWBERRY LUNCH BOX WITH CUTLERY,United Kingdom
537769,21559,STRAWBERRY LUNCH BOX WITH CUTLERY,United Kingdom
537769,21733,RED HANGING HEART T-LIGHT HOLDER,United Kingdom
537769,21733,RED HANGING HEART T-LIGHT HOLDER,United Kingdom
537769,21889,WOODEN BOX OF DOMINOES,United Kingdom
537769,21889,WOODEN BOX OF DOMINOES,United Kingdom
537769,21947,SET OF 6 HEART CHOPSTICKS,United Kingdom
537769,21947,SET OF 6 HEART CHOPSTICKS,United Kingdom
537769,22130,PARTY CONE CHRISTMAS DECORATION,United Kingdom
537769,22130,PARTY CONE CHRISTMAS DECORATION,United Kingdom
537769,22147,FELTCRAFT BUTTERFLY HEARTS,United Kingdom
537769,22147,FELTCRAFT BUTTERFLY HEARTS,United Kingdom
537769,22156,HEART DECORATION WITH PEARLS,United Kingdom
537769,22156,HEART DECORATION WITH PEARLS,United Kingdom
537769,22157,ANGEL DECORATION WITH LACE PADDED,United Kingdom
537769,22157,ANGEL DECORATION WITH LACE PADDED,United Kingdom
537769,22158,3 HEARTS HANGING DECORATION RUSTIC,United Kingdom
537769,22158,3 HEARTS HANGING DECORATION RUSTIC,United Kingdom
537769,22188,BLACK HEART CARD HOLDER,United Kingdom
537769,22188,BLACK HEART CARD HOLDER,United Kingdom
537769,22189,CREAM HEART CARD HOLDER,United Kingdom
537769,22189,CREAM HEART CARD HOLDER,United Kingdom
537769,22350,ILLUSTRATED CAT BOWL,United Kingdom
537769,22350,ILLUSTRATED CAT BOWL,United Kingdom
537769,22456,NATURAL SLATE CHALKBOARD LARGE,United Kingdom
537769,22456,NATURAL SLATE CHALKBOARD LARGE,United Kingdom
537769,22470,HEART OF WICKER LARGE,United Kingdom
537769,22470,HEART OF WICKER LARGE,United Kingdom
537769,22562,MONSTERS STENCIL CRAFT,United Kingdom
537769,22562,MONSTERS STENCIL CRAFT,United Kingdom
537769,22563,HAPPY STENCIL CRAFT,United Kingdom
537769,22563,HAPPY STENCIL CRAFT,United Kingdom
537769,22564,ALPHABET STENCIL CRAFT,United Kingdom
537769,22564,ALPHABET STENCIL CRAFT,United Kingdom
537769,22564,ALPHABET STENCIL CRAFT,United Kingdom
537769,22564,ALPHABET STENCIL CRAFT,United Kingdom
537769,22569,FELTCRAFT CUSHION BUTTERFLY,United Kingdom
537769,22569,FELTCRAFT CUSHION BUTTERFLY,United Kingdom
537769,22570,FELTCRAFT CUSHION RABBIT,United Kingdom
537769,22570,FELTCRAFT CUSHION RABBIT,United Kingdom
537769,22626,BLACK KITCHEN SCALES,United Kingdom
537769,22626,BLACK KITCHEN SCALES,United Kingdom
537769,22766,PHOTO FRAME CORNICE,United Kingdom
537769,22766,PHOTO FRAME CORNICE,United Kingdom
537769,22834,HAND WARMER BABUSHKA DESIGN,United Kingdom
537769,22834,HAND WARMER BABUSHKA DESIGN,United Kingdom
537769,22834,HAND WARMER BABUSHKA DESIGN,United Kingdom
537769,22834,HAND WARMER BABUSHKA DESIGN,United Kingdom
537769,22834,HAND WARMER BABUSHKA DESIGN,United Kingdom
537769,22834,HAND WARMER BABUSHKA DESIGN,United Kingdom
537769,22867,HAND WARMER BIRD DESIGN,United Kingdom
537769,22867,HAND WARMER BIRD DESIGN,United Kingdom
537769,22867,HAND WARMER BIRD DESIGN,United Kingdom
537769,22867,HAND WARMER BIRD DESIGN,United Kingdom
537769,71038,WHITE HANGING BEADS CANDLE HOLDER,United Kingdom
537769,71038,WHITE HANGING BEADS CANDLE HOLDER,United Kingdom
537769,71477,COLOUR GLASS. STAR T-LIGHT HOLDER,United Kingdom
537769,71477,COLOUR GLASS. STAR T-LIGHT HOLDER,United Kingdom
537769,72802A,ROSE SCENT CANDLE IN JEWELLED BOX,United Kingdom
537769,72802A,ROSE SCENT CANDLE IN JEWELLED BOX,United Kingdom
537769,72802C,VANILLA SCENT CANDLE JEWELLED BOX,United Kingdom
537769,72802C,VANILLA SCENT CANDLE JEWELLED BOX,United Kingdom
537769,72807A,SET/3 ROSE CANDLE IN JEWELLED BOX,United Kingdom
537769,72807A,SET/3 ROSE CANDLE IN JEWELLED BOX,United Kingdom
537769,82482,WOODEN PICTURE FRAME WHITE FINISH,United Kingdom
537769,82482,WOODEN PICTURE FRAME WHITE FINISH,United Kingdom
537769,82482,WOODEN PICTURE FRAME WHITE FINISH,United Kingdom
537769,82482,WOODEN PICTURE FRAME WHITE FINISH,United Kingdom
537769,82494L,WOODEN FRAME ANTIQUE WHITE,United Kingdom
537769,82494L,WOODEN FRAME ANTIQUE WHITE,United Kingdom
537769,85020,ROUND PINK HEART MIRROR,United Kingdom
537769,85020,ROUND PINK HEART MIRROR,United Kingdom
537769,85024C,PINK SMALL JEWELLED PHOTOFRAME,United Kingdom
537769,85024C,PINK SMALL JEWELLED PHOTOFRAME,United Kingdom
537769,85025C,PINK HEART SHAPE PHOTO FRAME,United Kingdom
537769,85025C,PINK HEART SHAPE PHOTO FRAME,United Kingdom
537769,85123A,WHITE HANGING HEART T-LIGHT HOLDER,United Kingdom
537769,85123A,WHITE HANGING HEART T-LIGHT HOLDER,United Kingdom
537769,85123A,WHITE HANGING HEART T-LIGHT HOLDER,United Kingdom
537769,85123A,WHITE HANGING HEART T-LIGHT HOLDER,United Kingdom
537769,85208,SET/12 FUNKY FELT FLOWER PEG IN BAG,United Kingdom
537769,85208,SET/12 FUNKY FELT FLOWER PEG IN BAG,United Kingdom
537769,85208,SET/12 FUNKY FELT FLOWER PEG IN BAG,United Kingdom
537769,85208,SET/12 FUNKY FELT FLOWER PEG IN BAG,United Kingdom
537769,85214,TUB 24 PINK FLOWER PEGS,United Kingdom
537769,85214,TUB 24 PINK FLOWER PEGS,United Kingdom
537793,20711,JUMBO BAG TOYS,United Kingdom
537793,20711,JUMBO BAG TOYS,United Kingdom
537793,20712,JUMBO BAG WOODLAND ANIMALS,United Kingdom
537793,20712,JUMBO BAG WOODLAND ANIMALS,United Kingdom
537793,20713,JUMBO BAG OWLS,United Kingdom
537793,20713,JUMBO BAG OWLS,United Kingdom
537793,20716,PARTY FOOD SHOPPER BAG,United Kingdom
537793,20716,PARTY FOOD SHOPPER BAG,United Kingdom
537793,20717,STRAWBERRY SHOPPER BAG,United Kingdom
537793,20717,STRAWBERRY SHOPPER BAG,United Kingdom
537793,20718,RED RETROSPOT SHOPPER BAG,United Kingdom
537793,20718,RED RETROSPOT SHOPPER BAG,United Kingdom
537793,20725,LUNCH BAG RED RETROSPOT,United Kingdom
537793,20725,LUNCH BAG RED RETROSPOT,United Kingdom
537793,20725,LUNCH BAG RED RETROSPOT,United Kingdom
537793,20725,LUNCH BAG RED RETROSPOT,United Kingdom
537793,20726,LUNCH BAG WOODLAND,United Kingdom
537793,20726,LUNCH BAG WOODLAND,United Kingdom
537793,20727,LUNCH BAG  BLACK SKULL.,United Kingdom
537793,20727,LUNCH BAG  BLACK SKULL.,United Kingdom
537793,21928,JUMBO BAG SCANDINAVIAN PAISLEY,United Kingdom
537793,21928,JUMBO BAG SCANDINAVIAN PAISLEY,United Kingdom
537793,21929,JUMBO BAG PINK VINTAGE PAISLEY,United Kingdom
537793,21929,JUMBO BAG PINK VINTAGE PAISLEY,United Kingdom
537793,21931,JUMBO STORAGE BAG SUKI,United Kingdom
537793,21931,JUMBO STORAGE BAG SUKI,United Kingdom
537793,21932,SCANDINAVIAN PAISLEY PICNIC BAG,United Kingdom
537793,21932,SCANDINAVIAN PAISLEY PICNIC BAG,United Kingdom
537793,21933,PINK VINTAGE PAISLEY PICNIC BAG,United Kingdom
537793,21933,PINK VINTAGE PAISLEY PICNIC BAG,United Kingdom
537793,21936,RED RETROSPOT PICNIC BAG,United Kingdom
537793,21936,RED RETROSPOT PICNIC BAG,United Kingdom
537793,21937,STRAWBERRY   PICNIC BAG,United Kingdom
537793,21937,STRAWBERRY   PICNIC BAG,United Kingdom
537793,22382,LUNCH BAG SPACEBOY DESIGN,United Kingdom
537793,22382,LUNCH BAG SPACEBOY DESIGN,United Kingdom
537793,22383,LUNCH BAG SUKI  DESIGN,United Kingdom
537793,22383,LUNCH BAG SUKI  DESIGN,United Kingdom
537793,22384,LUNCH BAG PINK POLKADOT,United Kingdom
537793,22384,LUNCH BAG PINK POLKADOT,United Kingdom
537793,22384,LUNCH BAG PINK POLKADOT,United Kingdom
537793,22384,LUNCH BAG PINK POLKADOT,United Kingdom
537793,22385,JUMBO BAG SPACEBOY DESIGN,United Kingdom
537793,22385,JUMBO BAG SPACEBOY DESIGN,United Kingdom
537793,22386,JUMBO BAG PINK POLKADOT,United Kingdom
537793,22386,JUMBO BAG PINK POLKADOT,United Kingdom
537793,22411,JUMBO SHOPPER VINTAGE RED PAISLEY,United Kingdom
537793,22411,JUMBO SHOPPER VINTAGE RED PAISLEY,United Kingdom
537793,22662,LUNCH BAG DOLLY GIRL DESIGN,United Kingdom
537793,22662,LUNCH BAG DOLLY GIRL DESIGN,United Kingdom
537793,47504K,ENGLISH ROSE GARDEN SECATEURS,United Kingdom
537793,47504K,ENGLISH ROSE GARDEN SECATEURS,United Kingdom
537793,85099B,JUMBO BAG RED RETROSPOT,United Kingdom
537793,85099B,JUMBO BAG RED RETROSPOT,United Kingdom
537793,85099C,JUMBO  BAG BAROQUE BLACK WHITE,United Kingdom
537793,85099C,JUMBO  BAG BAROQUE BLACK WHITE,United Kingdom
537793,85099F,JUMBO BAG STRAWBERRY,United Kingdom
537793,85099F,JUMBO BAG STRAWBERRY,United Kingdom
538174,16235,RECYCLED PENCIL WITH RABBIT ERASER,Germany
538174,21210,SET OF 72 RETROSPOT PAPER  DOILIES,Germany
538174,21212,PACK OF 72 RETROSPOT CAKE CASES,Germany
538174,21231,SWEETHEART CERAMIC TRINKET BOX,Germany
538174,21232,STRAWBERRY CERAMIC TRINKET BOX,Germany
538174,21577,SAVE THE PLANET COTTON TOTE BAG,Germany
538174,21578,WOODLAND DESIGN  COTTON TOTE BAG,Germany
538174,21700,BIG DOUGHNUT FRIDGE MAGNETS,Germany
538174,21731,RED TOADSTOOL LED NIGHT LIGHT,Germany
538174,21787,RAIN PONCHO RETROSPOT,Germany
538174,22077,6 RIBBONS RUSTIC CHARM,Germany
538174,22326,ROUND SNACK BOXES SET OF4 WOODLAND,Germany
538174,22326,ROUND SNACK BOXES SET OF4 WOODLAND,Germany
538174,22419,LIPSTICK PEN RED,Germany
538174,22423,REGENCY CAKESTAND 3 TIER,Germany
538174,22445,PENCIL CASE LIFE IS BEAUTIFUL,Germany
538174,22472,TV DINNER TRAY DOLLY GIRL,Germany
538174,22489,PACK OF 12 TRADITIONAL CRAYONS,Germany
538174,22491,PACK OF 12 COLOURED PENCILS,Germany
538174,22549,PICTURE DOMINOES,Germany
538174,22554,PLASTERS IN TIN WOODLAND ANIMALS,Germany
538174,22555,PLASTERS IN TIN STRONGMAN,Germany
538174,22556,PLASTERS IN TIN CIRCUS PARADE,Germany
538174,22621,TRADITIONAL KNITTING NANCY,Germany
538174,22625,RED KITCHEN SCALES,Germany
538174,22644,CERAMIC CHERRY CAKE MONEY BANK,Germany
538174,22646,CERAMIC STRAWBERRY CAKE MONEY BANK,Germany
538174,22649,STRAWBERRY FAIRY CAKE TEAPOT,Germany
538174,22728,ALARM CLOCK BAKELIKE PINK,Germany
538174,22741,FUNKY DIVA PEN,Germany
538174,22745,POPPY'S PLAYHOUSE BEDROOM,Germany
538174,22746,POPPY'S PLAYHOUSE LIVINGROOM,Germany
538174,22748,POPPY'S PLAYHOUSE KITCHEN,Germany
538174,22752,SET 7 BABUSHKA NESTING BOXES,Germany
538174,22759,SET OF 3 NOTEBOOKS IN PARCEL,Germany
538174,22797,CHEST OF DRAWERS GINGHAM HEART,Germany
538174,22808,SET OF 6 T-LIGHTS EASTER CHICKS,Germany
538174,22848,BREAD BIN DINER STYLE PINK,Germany
538174,22856,ASSORTED EASTER DECORATIONS  BELLS,Germany
538174,22859,EASTER TIN BUNNY BOUQUET,Germany
538174,22897,OVEN MITT APPLES DESIGN,Germany
538174,22907,PACK OF 20 NAPKINS PANTRY DESIGN,Germany
538174,22908,PACK OF 20 NAPKINS RED APPLES,Germany
538174,22934,BAKING MOULD EASTER EGG WHITE CHOC,Germany
538174,22937,BAKING MOULD CHOCOLATE CUPCAKES,Germany
538174,22968,ROSE COTTAGE KEEPSAKE BOX,Germany
538174,84228,HEN HOUSE W CHICK STANDING,Germany
538307,15058B,PINK POLKADOT GARDEN PARASOL,United Kingdom
538307,20685,DOORMAT RED RETROSPOT,United Kingdom
538307,21041,RED RETROSPOT OVEN GLOVE DOUBLE,United Kingdom
538307,21042,RED RETROSPOT APRON,United Kingdom
538307,21154,RED RETROSPOT OVEN GLOVE,United Kingdom
538307,21205,MULTICOLOUR 3D BALLS GARLAND,United Kingdom
538307,21272,SALLE DE BAIN HOOK,United Kingdom
538307,21447,12 IVORY ROSE PEG PLACE SETTINGS,United Kingdom
538307,21454,PAINTED PINK RABBIT,United Kingdom
538307,21911,GARDEN METAL SIGN,United Kingdom
538307,21975,PACK OF 60 DINOSAUR CAKE CASES,United Kingdom
538307,21982,PACK OF 12 SUKI TISSUES,United Kingdom
538307,22082,RIBBON REEL STRIPES DESIGN,United Kingdom
538307,22086,PAPER CHAIN KIT 50'S CHRISTMAS,United Kingdom
538307,22191,IVORY DINER WALL CLOCK,United Kingdom
538307,22201,FRYING PAN BLUE POLKADOT,United Kingdom
538307,22202,MILK PAN PINK POLKADOT,United Kingdom
538307,22423,REGENCY CAKESTAND 3 TIER,United Kingdom
538307,22580,ADVENT CALENDAR GINGHAM SACK,United Kingdom
538307,22624,IVORY KITCHEN SCALES,United Kingdom
538307,22625,RED KITCHEN SCALES,United Kingdom
538307,22696,WICKER WREATH LARGE,United Kingdom
538307,22726,ALARM CLOCK BAKELIKE GREEN,United Kingdom
538307,22729,ALARM CLOCK BAKELIKE ORANGE,United Kingdom
538307,22732,3D VINTAGE CHRISTMAS STICKERS,United Kingdom
538307,22738,RIBBON REEL SNOWY VILLAGE,United Kingdom
538307,22748,POPPY'S PLAYHOUSE KITCHEN,United Kingdom
538307,22752,SET 7 BABUSHKA NESTING BOXES,United Kingdom
538307,22840,ROUND CAKE TIN VINTAGE RED,United Kingdom
538307,22909,SET OF 20 VINTAGE CHRISTMAS NAPKINS,United Kingdom
538307,22910,PAPER CHAIN KIT VINTAGE CHRISTMAS,United Kingdom
538307,22910,PAPER CHAIN KIT VINTAGE CHRISTMAS,United Kingdom
538307,22951,60 CAKE CASES DOLLY GIRL DESIGN,United Kingdom
538307,35004C,SET OF 3 COLOURED  FLYING DUCKS,United Kingdom
538307,35004P,SET OF 3 PINK FLYING DUCKS,United Kingdom
538307,37495,FAIRY CAKE BIRTHDAY CANDLE SET,United Kingdom
538307,48184,DOORMAT ENGLISH ROSE,United Kingdom
538307,84992,72 SWEETHEART FAIRY CAKE CASES,United Kingdom
538307,85014B,RED RETROSPOT UMBRELLA,United Kingdom
538366,21259,VICTORIAN SEWING BOX SMALL,United Kingdom
538366,22169,FAMILY ALBUM WHITE PICTURE FRAME,United Kingdom
538366,22469,HEART OF WICKER SMALL,United Kingdom
538366,22667,RECIPE BOX RETROSPOT,United Kingdom
538366,22835,HOT WATER BOTTLE I AM SO POORLY,United Kingdom
538366,84030E,ENGLISH ROSE HOT WATER BOTTLE,United Kingdom
538366,85066,CREAM SWEETHEART MINI CHEST,United Kingdom
538522,20801,LARGE PINK GLASS SUNDAE DISH,United Kingdom
538522,21137,BLACK RECORD COVER FRAME,United Kingdom
538522,21876,POTTERING MUG,United Kingdom
538522,22041,"RECORD FRAME 7"" SINGLE SIZE",United Kingdom
538522,22638,SET OF 4 NAPKIN CHARMS CROWNS,United Kingdom
538522,84946,ANTIQUE SILVER TEA GLASS ETCHED,United Kingdom
538651,15056BL,EDWARDIAN PARASOL BLACK,United Kingdom
538651,20675,BLUE POLKADOT BOWL,United Kingdom
538651,21240,BLUE POLKADOT CUP,United Kingdom
538651,21244,BLUE POLKADOT PLATE,United Kingdom
538651,21470,FLOWER VINE RAFFIA FOOD COVER,United Kingdom
538651,21559,STRAWBERRY LUNCH BOX WITH CUTLERY,United Kingdom
538651,21563,RED HEART SHAPE LOVE BUCKET,United Kingdom
538651,22261,FELT EGG COSY WHITE RABBIT,United Kingdom
538651,22262,FELT EGG COSY CHICKEN,United Kingdom
538651,22502,PICNIC BASKET WICKER SMALL,United Kingdom
538651,22644,CERAMIC CHERRY CAKE MONEY BANK,United Kingdom
538651,22766,PHOTO FRAME CORNICE,United Kingdom
538651,22788,BROCANTE COAT RACK,United Kingdom
538651,22891,TEA FOR ONE POLKADOT,United Kingdom
538651,22909,SET OF 20 VINTAGE CHRISTMAS NAPKINS,United Kingdom
538651,35004C,SET OF 3 COLOURED  FLYING DUCKS,United Kingdom
538651,47580,TEA TIME DES TEA COSY,United Kingdom
538651,72598,SET/12 TAPER CANDLES,United Kingdom
538651,79321,CHILLI LIGHTS,United Kingdom
538651,82486,WOOD S/3 CABINET ANT WHITE FINISH,United Kingdom
538651,84946,ANTIQUE SILVER TEA GLASS ETCHED,United Kingdom
538651,84997C,BLUE 3 PIECE POLKADOT CUTLERY SET,United Kingdom
538651,84997D,PINK 3 PIECE POLKADOT CUTLERY SET,United Kingdom
538669,21034,REX CASH+CARRY JUMBO SHOPPER,United Kingdom
538995,20754,RETROSPOT RED WASHING UP GLOVES,United Kingdom
538995,21355,TOAST ITS - I LOVE YOU,United Kingdom
538995,21358,TOAST ITS - HAPPY BIRTHDAY,United Kingdom
538995,21668,RED STRIPE CERAMIC DRAWER KNOB,United Kingdom
538995,21669,BLUE STRIPE CERAMIC DRAWER KNOB,United Kingdom
538995,21670,BLUE SPOT CERAMIC DRAWER KNOB,United Kingdom
538995,21671,RED SPOT CERAMIC DRAWER KNOB,United Kingdom
538995,21672,WHITE SPOT RED CERAMIC DRAWER KNOB,United Kingdom
538995,21673,WHITE SPOT BLUE CERAMIC DRAWER KNOB,United Kingdom
538995,21754,HOME BUILDING BLOCK WORD,United Kingdom
538995,21933,PINK VINTAGE PAISLEY PICNIC BAG,United Kingdom
538995,22083,PAPER CHAIN KIT RETROSPOT,United Kingdom
538995,22120,WELCOME  WOODEN BLOCK LETTERS,United Kingdom
538995,22197,SMALL POPCORN HOLDER,United Kingdom
538995,22198,LARGE POPCORN HOLDER,United Kingdom
538995,22326,ROUND SNACK BOXES SET OF4 WOODLAND,United Kingdom
538995,22435,SET OF 9 HEART SHAPED BALLOONS,United Kingdom
538995,22454,MEASURING TAPE BABUSHKA RED,United Kingdom
538995,22457,NATURAL SLATE HEART CHALKBOARD,United Kingdom
538995,22470,HEART OF WICKER LARGE,United Kingdom
538995,22508,DOORSTOP RETROSPOT HEART,United Kingdom
538995,48184,DOORMAT ENGLISH ROSE,United Kingdom
538995,48187,DOORMAT NEW ENGLAND,United Kingdom
538995,79321,CHILLI LIGHTS,United Kingdom
538995,82482,WOODEN PICTURE FRAME WHITE FINISH,United Kingdom
538995,82551,LAUNDRY 15C METAL SIGN,United Kingdom
538995,82552,WASHROOM METAL SIGN,United Kingdom
538995,84879,ASSORTED COLOUR BIRD ORNAMENT,United Kingdom
538995,84970L,SINGLE HEART ZINC T-LIGHT HOLDER,United Kingdom
538995,85123A,WHITE HANGING HEART T-LIGHT HOLDER,United Kingdom
539008,20749,ASSORTED COLOUR MINI CASES,United Kingdom
539008,20750,RED RETROSPOT MINI CASES,United Kingdom
539008,21716,BOYS VINTAGE TIN SEASIDE BUCKET,United Kingdom
539008,21717,EASTER TIN BUCKET,United Kingdom
539008,22021,BLUE FELT EASTER EGG BASKET,United Kingdom
539008,22127,PARTY CONES CARNIVAL ASSORTED,United Kingdom
539008,22128,PARTY CONES CANDY ASSORTED,United Kingdom
539008,85206A,CREAM FELT EASTER EGG BASKET,United Kingdom
539040,21524,DOORMAT SPOTTY HOME SWEET HOME,United Kingdom
539040,21706,FOLDING UMBRELLA RED/WHITE POLKADOT,United Kingdom
539040,21707,FOLDING UMBRELLA BLACKBLUE POLKADOT,United Kingdom
539040,21709,FOLDING UMBRELLA CHOCOLATE POLKADOT,United Kingdom
539040,22079,RIBBON REEL HEARTS DESIGN,United Kingdom
539040,22080,RIBBON REEL POLKADOTS,United Kingdom
539040,22470,HEART OF WICKER LARGE,United Kingdom
539040,22487,WHITE WOOD GARDEN PLANT LADDER,United Kingdom
539040,48138,DOORMAT UNION FLAG,United Kingdom
539040,72800D,4 BLUE DINNER CANDLES SILVER FLOCK,United Kingdom
539040,72807C,SET/3 VANILLA SCENTED CANDLE IN BOX,United Kingdom
539040,82482,WOODEN PICTURE FRAME WHITE FINISH,United Kingdom
539040,82494L,WOODEN FRAME ANTIQUE WHITE,United Kingdom
539040,85066,CREAM SWEETHEART MINI CHEST,United Kingdom
539078,20982,12 PENCILS TALL TUBE SKULLS,United Kingdom
539078,20983,12 PENCILS TALL TUBE RED RETROSPOT,United Kingdom
539078,21527,RED RETROSPOT TRADITIONAL TEAPOT,United Kingdom
539078,22047,EMPIRE GIFT WRAP,United Kingdom
539078,22147,FELTCRAFT BUTTERFLY HEARTS,United Kingdom
539078,22469,HEART OF WICKER SMALL,United Kingdom
539078,22855,FINE WICKER HEART,United Kingdom
539078,22910,PAPER CHAIN KIT VINTAGE CHRISTMAS,United Kingdom
539078,70006,LOVE HEART POCKET WARMER,United Kingdom
539094,20972,PINK CREAM FELT CRAFT TRINKET BOX,United Kingdom
539094,21484,CHICK GREY HOT WATER BOTTLE,United Kingdom
539094,21485,RETROSPOT HEART HOT WATER BOTTLE,United Kingdom
539094,22569,FELTCRAFT CUSHION BUTTERFLY,United Kingdom
539094,22835,HOT WATER BOTTLE I AM SO POORLY,United Kingdom
539094,22840,ROUND CAKE TIN VINTAGE RED,United Kingdom
539094,85099B,JUMBO BAG RED RETROSPOT,United Kingdom
539118,20973,12 PENCIL SMALL TUBE WOODLAND,United Kingdom
539118,20974,12 PENCILS SMALL TUBE SKULL,United Kingdom
539118,20975,12 PENCILS SMALL TUBE RED RETROSPOT,United Kingdom
539118,21495,SKULLS AND CROSSBONES WRAP,United Kingdom
539118,21830,ASSORTED CREEPY CRAWLIES,United Kingdom
539118,21918,SET 12 KIDS COLOUR  CHALK STICKS,United Kingdom
539118,22049,WRAP CHRISTMAS SCREEN PRINT,United Kingdom
539118,22553,PLASTERS IN TIN SKULLS,United Kingdom
539118,22554,PLASTERS IN TIN WOODLAND ANIMALS,United Kingdom
539118,22555,PLASTERS IN TIN STRONGMAN,United Kingdom
539118,22745,POPPY'S PLAYHOUSE BEDROOM,United Kingdom
539118,22746,POPPY'S PLAYHOUSE LIVINGROOM,United Kingdom
539118,22747,POPPY'S PLAYHOUSE BATHROOM,United Kingdom
539118,22748,POPPY'S PLAYHOUSE KITCHEN,United Kingdom
539118,22970,LONDON BUS COFFEE MUG,United Kingdom
539118,22971,QUEENS GUARD COFFEE MUG,United Kingdom
539118,46000S,POLYESTER FILLER PAD 40x40cm,United Kingdom
539118,82484,WOOD BLACK BOARD ANT WHITE FINISH,United Kingdom
539118,82578,KITCHEN METAL SIGN,United Kingdom
539118,82580,BATHROOM METAL SIGN,United Kingdom
539118,82581,TOILET METAL SIGN,United Kingdom
539118,84077,WORLD WAR 2 GLIDERS ASSTD DESIGNS,United Kingdom
539288,22492,MINI PAINT SET VINTAGE,United Kingdom
539320,15056BL,EDWARDIAN PARASOL BLACK,EIRE
539320,15056N,EDWARDIAN PARASOL NATURAL,EIRE
539320,15056P,EDWARDIAN PARASOL PINK,EIRE
539320,20679,EDWARDIAN PARASOL RED,EIRE
539320,21155,RED RETROSPOT PEG BAG,EIRE
539320,21411,GINGHAM HEART  DOORSTOP RED,EIRE
539320,22795,SWEETHEART RECIPE BOOK STAND,EIRE
539320,22896,PEG BAG APPLES DESIGN,EIRE
539320,22897,OVEN MITT APPLES DESIGN,EIRE
539320,22939,APRON APPLE DELIGHT,EIRE
539320,35957,SMALLFOLKART BAUBLE CHRISTMAS DEC,EIRE
539320,47559B,TEA TIME OVEN GLOVE,EIRE
539320,72816,SET/3 CHRISTMAS DECOUPAGE CANDLES,EIRE
539320,72817,SET OF 2 CHRISTMAS DECOUPAGE CANDLE,EIRE
539320,72818,CHRISTMAS DECOUPAGE CANDLE,EIRE
539320,84032A,CHARLIE+LOLA PINK HOT WATER BOTTLE,EIRE
539320,84032B,CHARLIE + LOLA RED HOT WATER BOTTLE,EIRE
539320,85123A,WHITE HANGING HEART T-LIGHT HOLDER,EIRE
539327,20679,EDWARDIAN PARASOL RED,Germany
539327,21481,FAWN BLUE HOT WATER BOTTLE,Germany
539327,35651,VINTAGE BEAD PINK SCARF,Germany
539327,85014B,RED RETROSPOT UMBRELLA,Germany
539327,POST,POSTAGE,Germany
539417,21143,ANTIQUE GLASS HEART DECORATION,United Kingdom
539417,22164,STRING OF STARS CARD HOLDER,United Kingdom
539417,22791,T-LIGHT GLASS FLUTED ANTIQUE,United Kingdom
539417,85135B,BLUE DRAGONFLY HELICOPTER,United Kingdom
540005,21034,REX CASH+CARRY JUMBO SHOPPER,United Kingdom
540005,21034,REX CASH+CARRY JUMBO SHOPPER,United Kingdom
540005,21381,MINI WOODEN HAPPY BIRTHDAY GARLAND,United Kingdom
540005,21615,4 LAVENDER BOTANICAL DINNER CANDLES,United Kingdom
540005,21618,4 WILDFLOWER BOTANICAL CANDLES,United Kingdom
540005,22178,VICTORIAN GLASS HANGING T-LIGHT,United Kingdom
540005,22403,MAGNETS PACK OF 4 VINTAGE LABELS,United Kingdom
540005,22699,ROSES REGENCY TEACUP AND SAUCER,United Kingdom
540005,22779,WOODEN OWLS LIGHT GARLAND,United Kingdom
540005,22780,LIGHT GARLAND BUTTERFILES PINK,United Kingdom
540005,47504K,ENGLISH ROSE GARDEN SECATEURS,United Kingdom
540005,84766,SILVER ROCOCO CANDLE STICK,United Kingdom
540005,84813,SET OF 4 DIAMOND NAPKIN RINGS,United Kingdom
540005,84949,SILVER HANGING T-LIGHT HOLDER,United Kingdom
540005,85062,PEARL CRYSTAL PUMPKIN T-LIGHT HLDR,United Kingdom
540005,85062,PEARL CRYSTAL PUMPKIN T-LIGHT HLDR,United Kingdom
540160,22379,RECYCLING BAG RETROSPOT,United Kingdom
540160,84997A,GREEN 3 PIECE POLKADOT CUTLERY SET,United Kingdom
540160,84997B,RED 3 PIECE RETROSPOT CUTLERY SET,United Kingdom
540265,21257,VICTORIAN SEWING BOX MEDIUM,United Kingdom
540265,21275,ZINC TOP  2 DOOR WOODEN SHELF,United Kingdom
540265,21974,SET OF 36 PAISLEY FLOWER DOILIES,United Kingdom
540265,22464,HANGING METAL HEART LANTERN,United Kingdom
540265,22607,WOODEN ROUNDERS GARDEN SET,United Kingdom
540265,22619,SET OF 6 SOLDIER SKITTLES,United Kingdom
540265,22720,SET OF 3 CAKE TINS PANTRY DESIGN,United Kingdom
540265,22722,SET OF 6 SPICE TINS PANTRY DESIGN,United Kingdom
540265,22761,CHEST 7 DRAWER MA CAMPAGNE,United Kingdom
540265,22762,CUPBOARD 3 DRAWER MA CAMPAGNE,United Kingdom
540265,22822,CREAM WALL PLANTER HEART SHAPED,United Kingdom
540265,22858,EASTER TIN KEEPSAKE,United Kingdom
540265,22860,EASTER TIN CHICKS PINK DAISY,United Kingdom
540265,22907,PACK OF 20 NAPKINS PANTRY DESIGN,United Kingdom
540265,22960,JAM MAKING SET WITH JARS,United Kingdom
540265,84970S,HANGING HEART ZINC T-LIGHT HOLDER,United Kingdom
540408,85123A,WHITE HANGING HEART T-LIGHT HOLDER,United Kingdom
540671,21181,PLEASE ONE PERSON METAL SIGN,United Kingdom
540671,21363,HOME SMALL WOOD LETTERS,United Kingdom
540671,21868,POTTING SHED TEA MUG,United Kingdom
540671,22139,RETROSPOT TEA SET CERAMIC 11 PC,United Kingdom
540671,22835,HOT WATER BOTTLE I AM SO POORLY,United Kingdom
540671,48116,DOORMAT MULTICOLOUR STRIPE,United Kingdom
540671,84978,HANGING HEART JAR T-LIGHT HOLDER,United Kingdom
540691,21164,HOME SWEET HOME METAL SIGN,United Kingdom
540691,21166,COOK WITH WINE METAL SIGN,United Kingdom
540691,21174,POTTERING IN THE SHED METAL SIGN,United Kingdom
540691,21175,GIN + TONIC DIET METAL SIGN,United Kingdom
540691,21181,PLEASE ONE PERSON METAL SIGN,United Kingdom
540691,21272,SALLE DE BAIN HOOK,United Kingdom
540691,21668,RED STRIPE CERAMIC DRAWER KNOB,United Kingdom
540691,21669,BLUE STRIPE CERAMIC DRAWER KNOB,United Kingdom
540691,21670,BLUE SPOT CERAMIC DRAWER KNOB,United Kingdom
540691,21671,RED SPOT CERAMIC DRAWER KNOB,United Kingdom
540691,21672,WHITE SPOT RED CERAMIC DRAWER KNOB,United Kingdom
540691,21673,WHITE SPOT BLUE CERAMIC DRAWER KNOB,United Kingdom
540691,21755,LOVE BUILDING BLOCK WORD,United Kingdom
540691,21756,BATH BUILDING BLOCK WORD,United Kingdom
540691,21903,MAN FLU METAL SIGN,United Kingdom
540691,21908,CHOCOLATE THIS WAY METAL SIGN,United Kingdom
540691,22120,WELCOME  WOODEN BLOCK LETTERS,United Kingdom
540691,22212,FOUR HOOK  WHITE LOVEBIRDS,United Kingdom
540691,22219,LOVEBIRD HANGING DECORATION WHITE,United Kingdom
540691,22413,METAL SIGN TAKE IT OR LEAVE IT,United Kingdom
540691,22467,GUMBALL COAT RACK,United Kingdom
540691,22771,CLEAR DRAWER KNOB ACRYLIC EDWARDIAN,United Kingdom
540691,22772,PINK DRAWER KNOB ACRYLIC EDWARDIAN,United Kingdom
540691,22773,GREEN DRAWER KNOB ACRYLIC EDWARDIAN,United Kingdom
540691,22774,RED DRAWER KNOB ACRYLIC EDWARDIAN,United Kingdom
540691,22775,PURPLE DRAWERKNOB ACRYLIC EDWARDIAN,United Kingdom
540691,22879,NUMBER TILE VINTAGE FONT 0,United Kingdom
540691,22880,NUMBER TILE VINTAGE FONT 1,United Kingdom
540691,22881,NUMBER TILE VINTAGE FONT 2,United Kingdom
540691,22882,NUMBER TILE VINTAGE FONT 3,United Kingdom
540691,22883,NUMBER TILE VINTAGE FONT 4,United Kingdom
540691,22884,NUMBER TILE VINTAGE FONT 5,United Kingdom
540691,22885,NUMBER TILE VINTAGE FONT 6,United Kingdom
540691,22886,NUMBER TILE VINTAGE FONT 7,United Kingdom
540691,22887,NUMBER TILE VINTAGE FONT 8,United Kingdom
540691,22888,NUMBER TILE VINTAGE FONT 9,United Kingdom
540691,22889,NUMBER TILE VINTAGE FONT No,United Kingdom
540691,82578,KITCHEN METAL SIGN,United Kingdom
540691,82580,BATHROOM METAL SIGN,United Kingdom
540691,82581,TOILET METAL SIGN,United Kingdom
540691,82583,HOT BATHS METAL SIGN,United Kingdom
540691,82600,NO SINGING METAL SIGN,United Kingdom
540691,84406B,CREAM CUPID HEARTS COAT HANGER,United Kingdom
540691,84792,ENCHANTED BIRD COATHANGER 5 HOOK,United Kingdom
540851,21210,SET OF 72 RETROSPOT PAPER  DOILIES,France
540851,21231,SWEETHEART CERAMIC TRINKET BOX,France
540851,21232,STRAWBERRY CERAMIC TRINKET BOX,France
540851,21361,LOVE LARGE WOOD LETTERS,France
540851,21843,RED RETROSPOT CAKE STAND,France
540851,22215,CAKE STAND WHITE TWO TIER LACE,France
540851,22222,CAKE PLATE LOVEBIRD WHITE,France
540954,20652,BLUE POLKADOT LUGGAGE TAG,United Kingdom
540954,20752,BLUE POLKADOT WASHING UP GLOVES,United Kingdom
540954,20996,JAZZ HEARTS ADDRESS BOOK,United Kingdom
540954,21201,TROPICAL  HONEYCOMB PAPER GARLAND,United Kingdom
540954,21275,ZINC TOP  2 DOOR WOODEN SHELF,United Kingdom
540954,21427,SKULLS STORAGE BOX SMALL,United Kingdom
540954,21531,RED RETROSPOT SUGAR JAM BOWL,United Kingdom
540954,21564,PINK  HEART SHAPE LOVE BUCKET,United Kingdom
540954,21623,VINTAGE UNION JACK MEMOBOARD,United Kingdom
540954,21723,ALPHABET HEARTS STICKER SHEET,United Kingdom
540954,21724,PANDA AND BUNNIES STICKER SHEET,United Kingdom
540954,22179,SET 10 LIGHTS NIGHT OWL,United Kingdom
540954,22323,PINK POLKADOT KIDS BAG,United Kingdom
540954,22365,DOORMAT RESPECTABLE HOUSE,United Kingdom
540954,22380,TOY TIDY SPACEBOY,United Kingdom
540954,22381,TOY TIDY PINK POLKADOT,United Kingdom
540954,22424,ENAMEL BREAD BIN CREAM,United Kingdom
540954,22434,BALLOON PUMP WITH 10 BALLOONS,United Kingdom
540954,22483,RED GINGHAM TEDDY BEAR,United Kingdom
540954,22499,WOODEN UNION JACK BUNTING,United Kingdom
540954,72760B,VINTAGE CREAM 3 BASKET CAKE STAND,United Kingdom
540954,84352,SILVER CHRISTMAS TREE BAUBLE STAND,United Kingdom
540954,84832,ZINC WILLIE WINKIE  CANDLE STICK,United Kingdom
540954,85129B,BEADED CRYSTAL HEART GREEN SMALL,United Kingdom
540954,85129C,BEADED CRYSTAL HEART BLUE SMALL,United Kingdom
540954,85129D,BEADED CRYSTAL HEART PINK SMALL,United Kingdom
541105,22386,JUMBO BAG PINK POLKADOT,United Kingdom
541105,85099F,JUMBO BAG STRAWBERRY,United Kingdom
541136,22727,ALARM CLOCK BAKELIKE RED,United Kingdom
541136,22846,BREAD BIN DINER STYLE RED,United Kingdom
541136,22848,BREAD BIN DINER STYLE PINK,United Kingdom
541136,35004C,SET OF 3 COLOURED  FLYING DUCKS,United Kingdom
541136,79321,CHILLI LIGHTS,United Kingdom
541136,85159A,"BLACK TEA,COFFEE,SUGAR JARS",United Kingdom
541136,85159B,"WHITE TEA,COFFEE,SUGAR JARS",United Kingdom
541203,22139,RETROSPOT TEA SET CERAMIC 11 PC,United Kingdom
541203,22617,BAKING SET SPACEBOY DESIGN,United Kingdom
541203,22618,COOKING SET RETROSPOT,United Kingdom
541265,16207B,PINK HEART RED HANDBAG,United Kingdom
541265,20679,EDWARDIAN PARASOL RED,United Kingdom
541265,20711,JUMBO BAG TOYS,United Kingdom
541265,20711,JUMBO BAG TOYS,United Kingdom
541265,20712,JUMBO BAG WOODLAND ANIMALS,United Kingdom
541265,20713,JUMBO BAG OWLS,United Kingdom
541265,20717,STRAWBERRY SHOPPER BAG,United Kingdom
541265,20723,STRAWBERRY CHARLOTTE BAG,United Kingdom
541265,20726,LUNCH BAG WOODLAND,United Kingdom
541265,20726,LUNCH BAG WOODLAND,United Kingdom
541265,20727,LUNCH BAG  BLACK SKULL.,United Kingdom
541265,20832,RED FLOCK LOVE HEART PHOTO FRAME,United Kingdom
541265,20985,HEART CALCULATOR,United Kingdom
541265,21154,RED RETROSPOT OVEN GLOVE,United Kingdom
541265,21355,TOAST ITS - I LOVE YOU,United Kingdom
541265,21358,TOAST ITS - HAPPY BIRTHDAY,United Kingdom
541265,21439,BASKET OF TOADSTOOLS,United Kingdom
541265,21460,GREEN EASTER EGG HUNT START POST,United Kingdom
541265,21461,BLUE EASTER EGG HUNT START POST,United Kingdom
541265,21485,RETROSPOT HEART HOT WATER BOTTLE,United Kingdom
541265,21558,SKULL LUNCH BOX WITH CUTLERY,United Kingdom
541265,21563,RED HEART SHAPE LOVE BUCKET,United Kingdom
541265,21620,SET OF 4 ROSE BOTANICAL CANDLES,United Kingdom
541265,21733,RED HANGING HEART T-LIGHT HOLDER,United Kingdom
541265,21755,LOVE BUILDING BLOCK WORD,United Kingdom
541265,21928,JUMBO BAG SCANDINAVIAN PAISLEY,United Kingdom
541265,21929,JUMBO BAG PINK VINTAGE PAISLEY,United Kingdom
541265,21931,JUMBO STORAGE BAG SUKI,United Kingdom
541265,21935,SUKI  SHOULDER BAG,United Kingdom
541265,22079,RIBBON REEL HEARTS DESIGN,United Kingdom
541265,22132,RED LOVE HEART SHAPE CUP,United Kingdom
541265,22134,MINI LADLE LOVE HEART RED,United Kingdom
541265,22163,HEART STRING MEMO HOLDER HANGING,United Kingdom
541265,22164,STRING OF STARS CARD HOLDER,United Kingdom
541265,22195,LARGE HEART MEASURING SPOONS,United Kingdom
541265,22196,SMALL HEART MEASURING SPOONS,United Kingdom
541265,22212,FOUR HOOK  WHITE LOVEBIRDS,United Kingdom
541265,22224,WHITE LOVEBIRD LANTERN,United Kingdom
541265,22241,GARLAND WOODEN HAPPY EASTER,United Kingdom
541265,22242,5 HOOK HANGER MAGIC TOADSTOOL,United Kingdom
541265,22243,5 HOOK HANGER RED MAGIC TOADSTOOL,United Kingdom
541265,22244,3 HOOK HANGER MAGIC GARDEN,United Kingdom
541265,22250,DECORATION  BUTTERFLY  MAGIC GARDEN,United Kingdom
541265,22266,EASTER DECORATION HANGING BUNNY,United Kingdom
541265,22267,EASTER DECORATION EGG BUNNY,United Kingdom
541265,22267,EASTER DECORATION EGG BUNNY,United Kingdom
541265,22268,EASTER DECORATION SITTING BUNNY,United Kingdom
541265,22268,EASTER DECORATION SITTING BUNNY,United Kingdom
541265,22287,"DECORATION , WOBBLY CHICKEN, METAL",United Kingdom
541265,22287,"DECORATION , WOBBLY CHICKEN, METAL",United Kingdom
541265,22352,LUNCH BOX WITH CUTLERY RETROSPOT,United Kingdom
541265,22354,RETROSPOT PADDED SEAT CUSHION,United Kingdom
541265,22355,CHARLOTTE BAG SUKI DESIGN,United Kingdom
541265,22380,TOY TIDY SPACEBOY,United Kingdom
541265,22382,LUNCH BAG SPACEBOY DESIGN,United Kingdom
541265,22383,LUNCH BAG SUKI  DESIGN,United Kingdom
541265,22448,PIN CUSHION BABUSHKA RED,United Kingdom
541265,22452,MEASURING TAPE BABUSHKA PINK,United Kingdom
541265,22469,HEART OF WICKER SMALL,United Kingdom
541265,22470,HEART OF WICKER LARGE,United Kingdom
541265,22487,WHITE WOOD GARDEN PLANT LADDER,United Kingdom
541265,22505,MEMO BOARD COTTAGE DESIGN,United Kingdom
541265,22508,DOORSTOP RETROSPOT HEART,United Kingdom
541265,22625,RED KITCHEN SCALES,United Kingdom
541265,22661,CHARLOTTE BAG DOLLY GIRL DESIGN,United Kingdom
541265,22661,CHARLOTTE BAG DOLLY GIRL DESIGN,United Kingdom
541265,22662,LUNCH BAG DOLLY GIRL DESIGN,United Kingdom
541265,22667,RECIPE BOX RETROSPOT,United Kingdom
541265,22759,SET OF 3 NOTEBOOKS IN PARCEL,United Kingdom
541265,22774,RED DRAWER KNOB ACRYLIC EDWARDIAN,United Kingdom
541265,22892,SET OF SALT AND PEPPER TOADSTOOLS,United Kingdom
541265,22957,SET 3 PAPER VINTAGE CHICK PAPER EGG,United Kingdom
541265,22967,SET 3 SONG BIRD PAPER EGGS ASSORTED,United Kingdom
541265,22968,ROSE COTTAGE KEEPSAKE BOX,United Kingdom
541265,35095B,RED VICTORIAN FABRIC OVAL BOX,United Kingdom
541265,35922,EASTER BUNNY WREATH,United Kingdom
541265,47503A,ASS FLORAL PRINT MULTI SCREWDRIVER,United Kingdom
541265,47503H,ASS FLORAL PRINT SPIRIT LEVEL,United Kingdom
541265,47504K,ENGLISH ROSE GARDEN SECATEURS,United Kingdom
541265,84032B,CHARLIE + LOLA RED HOT WATER BOTTLE,United Kingdom
541265,84231,EASTER BUNNY WITH BASKET ON BACK,United Kingdom
541265,84231,EASTER BUNNY WITH BASKET ON BACK,United Kingdom
541265,84406B,CREAM CUPID HEARTS COAT HANGER,United Kingdom
541265,84457,SET/3 RABBITS FLOWER SKIPPPING ROPE,United Kingdom
541265,84459A,PINK METAL CHICKEN HEART,United Kingdom
541265,84459A,PINK METAL CHICKEN HEART,United Kingdom
541265,84459B,YELLOW METAL CHICKEN HEART,United Kingdom
541265,84461,12 PINK HEN+CHICKS IN BASKET,United Kingdom
541265,84462,3 PINK HEN+CHICKS IN BASKET,United Kingdom
541265,85025C,PINK HEART SHAPE PHOTO FRAME,United Kingdom
541265,85025C,PINK HEART SHAPE PHOTO FRAME,United Kingdom
541265,85066,CREAM SWEETHEART MINI CHEST,United Kingdom
541265,85099C,JUMBO  BAG BAROQUE BLACK WHITE,United Kingdom
541265,85099C,JUMBO  BAG BAROQUE BLACK WHITE,United Kingdom
541265,85099F,JUMBO BAG STRAWBERRY,United Kingdom
541265,85114A,BLACK ENCHANTED FOREST PLACEMAT,United Kingdom
541265,85114C,RED ENCHANTED FOREST PLACEMAT,United Kingdom
541265,85114C,RED ENCHANTED FOREST PLACEMAT,United Kingdom
541265,85200,BUNNY EGG BOX,United Kingdom
541265,M,Manual,United Kingdom
541491,10002,INFLATABLE POLITICAL GLOBE,Spain
541491,15044B,BLUE PAPER PARASOL,Spain
541491,15044D,RED PAPER PARASOL,Spain
541491,20717,STRAWBERRY SHOPPER BAG,Spain
541491,20719,WOODLAND CHARLOTTE BAG,Spain
541491,20749,ASSORTED COLOUR MINI CASES,Spain
541491,20750,RED RETROSPOT MINI CASES,Spain
541491,20967,GREY FLORAL FELTCRAFT SHOULDER BAG,Spain
541491,20969,RED FLORAL FELTCRAFT SHOULDER BAG,Spain
541491,21137,BLACK RECORD COVER FRAME,Spain
541491,21481,FAWN BLUE HOT WATER BOTTLE,Spain
541491,21731,RED TOADSTOOL LED NIGHT LIGHT,Spain
541491,21791,VINTAGE HEADS AND TAILS CARD GAME,Spain
541491,21889,WOODEN BOX OF DOMINOES,Spain
541491,21892,TRADITIONAL WOODEN CATCH CUP GAME,Spain
541491,21914,BLUE HARMONICA IN BOX,Spain
541491,21915,RED  HARMONICA IN BOX,Spain
541491,21935,SUKI  SHOULDER BAG,Spain
541491,22355,CHARLOTTE BAG SUKI DESIGN,Spain
541491,22432,WATERING CAN PINK BUNNY,Spain
541491,22474,SPACEBOY TV DINNER TRAY,Spain
541491,22494,EMERGENCY FIRST AID TIN,Spain
541491,22652,TRAVEL SEWING KIT,Spain
541491,22661,CHARLOTTE BAG DOLLY GIRL DESIGN,Spain
541491,22904,CALENDAR PAPER CUT DESIGN,Spain
541491,22972,CHILDREN'S SPACEBOY MUG,Spain
541491,37370,RETRO COFFEE MUGS ASSORTED,Spain
541491,79321,CHILLI LIGHTS,Spain
541491,POST,POSTAGE,Spain
541797,20728,LUNCH BAG CARS BLUE,United Kingdom
541797,21715,GIRLS VINTAGE TIN SEASIDE BUCKET,United Kingdom
541797,21718,RED METAL BEACH SPADE,United Kingdom
541797,22138,BAKING SET 9 PIECE RETROSPOT,United Kingdom
541797,22502,PICNIC BASKET WICKER SMALL,United Kingdom
541797,22520,CHILDS GARDEN TROWEL BLUE,United Kingdom
541864,20685,DOORMAT RED RETROSPOT,United Kingdom
541864,20914,SET/5 RED RETROSPOT LID GLASS BOWLS,United Kingdom
541864,20971,PINK BLUE FELT CRAFT TRINKET BOX,United Kingdom
541864,21169,YOU'RE CONFUSING ME METAL SIGN,United Kingdom
541864,21231,SWEETHEART CERAMIC TRINKET BOX,United Kingdom
541864,21932,SCANDINAVIAN PAISLEY PICNIC BAG,United Kingdom
541864,22469,HEART OF WICKER SMALL,United Kingdom
541864,37446,MINI CAKE STAND WITH HANGING CAKES,United Kingdom
541864,37449,CERAMIC CAKE STAND + HANGING CAKES,United Kingdom
541864,37450,CERAMIC CAKE BOWL + HANGING CAKES,United Kingdom
541864,47559B,TEA TIME OVEN GLOVE,United Kingdom
541864,47570B,TEA TIME TABLE CLOTH,United Kingdom
541864,48185,DOORMAT FAIRY CAKE,United Kingdom
541864,82551,LAUNDRY 15C METAL SIGN,United Kingdom
541864,84378,SET OF 3 HEART COOKIE CUTTERS,United Kingdom
541864,84580,MOUSE TOY WITH PINK T-SHIRT,United Kingdom
541864,85099B,JUMBO BAG RED RETROSPOT,United Kingdom
541864,85099F,JUMBO BAG STRAWBERRY,United Kingdom
541864,85150,LADIES & GENTLEMEN METAL SIGN,United Kingdom
541883,20983,12 PENCILS TALL TUBE RED RETROSPOT,United Kingdom
541883,21673,WHITE SPOT BLUE CERAMIC DRAWER KNOB,United Kingdom
541883,22077,6 RIBBONS RUSTIC CHARM,United Kingdom
541883,22079,RIBBON REEL HEARTS DESIGN,United Kingdom
541883,22082,RIBBON REEL STRIPES DESIGN,United Kingdom
541883,22355,CHARLOTTE BAG SUKI DESIGN,United Kingdom
541883,22413,METAL SIGN TAKE IT OR LEAVE IT,United Kingdom
541883,22652,TRAVEL SEWING KIT,United Kingdom
541883,22666,RECIPE BOX PANTRY YELLOW DESIGN,United Kingdom
541883,22720,SET OF 3 CAKE TINS PANTRY DESIGN,United Kingdom
541883,22767,TRIPLE PHOTO FRAME CORNICE,United Kingdom
541883,22771,CLEAR DRAWER KNOB ACRYLIC EDWARDIAN,United Kingdom
541883,22773,GREEN DRAWER KNOB ACRYLIC EDWARDIAN,United Kingdom
541883,22907,PACK OF 20 NAPKINS PANTRY DESIGN,United Kingdom
541883,22938,CUPCAKE LACE PAPER SET 6,United Kingdom
541883,70006,LOVE HEART POCKET WARMER,United Kingdom
541883,82599,FANNY'S REST STOPMETAL SIGN,United Kingdom
541883,82600,NO SINGING METAL SIGN,United Kingdom
541883,84978,HANGING HEART JAR T-LIGHT HOLDER,United Kingdom
541883,85152,HAND OVER THE CHOCOLATE   SIGN,United Kingdom
541960,22697,GREEN REGENCY TEACUP AND SAUCER,United Kingdom
541960,22699,ROSES REGENCY TEACUP AND SAUCER,United Kingdom
541960,22949,36 DOILIES DOLLY GIRL,United Kingdom
541960,71459,HANGING JAM JAR T-LIGHT HOLDER,United Kingdom
541963,21333,CLASSIC WHITE FRAME,United Kingdom
541963,22174,PHOTO CUBE,United Kingdom
541963,22175,PINK OWL SOFT TOY,United Kingdom
541963,22176,BLUE OWL SOFT TOY,United Kingdom
541963,22767,TRIPLE PHOTO FRAME CORNICE,United Kingdom
541963,22768,FAMILY PHOTO FRAME CORNICE,United Kingdom
541963,22776,SWEETHEART CAKESTAND 3 TIER,United Kingdom
541963,46775D,SUNSET COLOUR CHUNKY KNITTED THROW,United Kingdom
541963,71053,WHITE METAL LANTERN,United Kingdom
541963,72741,GRAND CHOCOLATECANDLE,United Kingdom
541963,84050,PINK HEART SHAPE EGG FRYING PAN,United Kingdom
542154,22111,SCOTTIE DOG HOT WATER BOTTLE,United Kingdom
542235,22469,HEART OF WICKER SMALL,United Kingdom
542235,82578,KITCHEN METAL SIGN,United Kingdom
542235,82580,BATHROOM METAL SIGN,United Kingdom
542235,82581,TOILET METAL SIGN,United Kingdom
542470,22197,SMALL POPCORN HOLDER,United Kingdom
542470,22551,PLASTERS IN TIN SPACEBOY,United Kingdom
542470,22556,PLASTERS IN TIN CIRCUS PARADE,United Kingdom
542470,22721,SET OF 3 CAKE TINS SKETCHBOOK,United Kingdom
542470,22776,SWEETHEART CAKESTAND 3 TIER,United Kingdom
542470,22824,3 TIER SWEETHEART GARDEN SHELF,United Kingdom
542470,22907,PACK OF 20 NAPKINS PANTRY DESIGN,United Kingdom
542470,22938,CUPCAKE LACE PAPER SET 6,United Kingdom
542470,22960,JAM MAKING SET WITH JARS,United Kingdom
542470,22961,JAM MAKING SET PRINTED,United Kingdom
542470,22963,JAM JAR WITH GREEN LID,United Kingdom
542470,22971,QUEENS GUARD COFFEE MUG,United Kingdom
542470,22988,SOLDIERS EGG CUP,United Kingdom
542470,72760B,VINTAGE CREAM 3 BASKET CAKE STAND,United Kingdom
542470,84970S,HANGING HEART ZINC T-LIGHT HOLDER,United Kingdom
542470,85123A,WHITE HANGING HEART T-LIGHT HOLDER,United Kingdom
542590,21034,REX CASH+CARRY JUMBO SHOPPER,United Kingdom
542590,22151,PLACE SETTING WHITE HEART,United Kingdom
542590,22626,BLACK KITCHEN SCALES,United Kingdom
542590,22697,GREEN REGENCY TEACUP AND SAUCER,United Kingdom
542590,22699,ROSES REGENCY TEACUP AND SAUCER,United Kingdom
542590,22777,GLASS CLOCHE LARGE,United Kingdom
542590,22960,JAM MAKING SET WITH JARS,United Kingdom
542590,22969,HOMEMADE JAM SCENTED CANDLES,United Kingdom
542590,79000,MOROCCAN TEA GLASS,United Kingdom
542590,84218,BOX/12 CHICK & EGG IN BASKET,United Kingdom
542591,84078A,SET/4 WHITE RETRO STORAGE CUBES,United Kingdom
542921,22379,RECYCLING BAG RETROSPOT,United Kingdom
542921,22381,TOY TIDY PINK POLKADOT,United Kingdom
542926,22899,CHILDREN'S APRON DOLLY GIRL,Germany
543124,15056N,EDWARDIAN PARASOL NATURAL,United Kingdom
543124,20618,QUEEN OF THE SKIES PASSPORT COVER,United Kingdom
543124,20685,DOORMAT RED RETROSPOT,United Kingdom
543124,20728,LUNCH BAG CARS BLUE,United Kingdom
543124,21121,SET/10 RED POLKADOT PARTY CANDLES,United Kingdom
543124,21175,GIN + TONIC DIET METAL SIGN,United Kingdom
543124,21556,CERAMIC STRAWBERRY MONEY BOX,United Kingdom
543124,21564,PINK  HEART SHAPE LOVE BUCKET,United Kingdom
543124,21733,RED HANGING HEART T-LIGHT HOLDER,United Kingdom
543124,22103,MIRROR MOSAIC T-LIGHT HOLDER ROUND,United Kingdom
543124,22151,PLACE SETTING WHITE HEART,United Kingdom
543124,22152,PLACE SETTING WHITE STAR,United Kingdom
543124,22170,PICTURE FRAME WOOD TRIPLE PORTRAIT,United Kingdom
543124,22171,3 HOOK PHOTO SHELF ANTIQUE WHITE,United Kingdom
543124,22175,PINK OWL SOFT TOY,United Kingdom
543124,22241,GARLAND WOODEN HAPPY EASTER,United Kingdom
543124,22262,FELT EGG COSY CHICKEN,United Kingdom
543124,22318,FIVE HEART HANGING DECORATION,United Kingdom
543124,22646,CERAMIC STRAWBERRY CAKE MONEY BANK,United Kingdom
543124,22752,SET 7 BABUSHKA NESTING BOXES,United Kingdom
543124,72760B,VINTAGE CREAM 3 BASKET CAKE STAND,United Kingdom
543124,84378,SET OF 3 HEART COOKIE CUTTERS,United Kingdom
543124,84559B,3D SHEET OF CAT STICKERS,United Kingdom
543124,84949,SILVER HANGING T-LIGHT HOLDER,United Kingdom
543124,85014A,BLACK/BLUE POLKADOT UMBRELLA,United Kingdom
543124,85014B,RED RETROSPOT UMBRELLA,United Kingdom
543124,85150,LADIES & GENTLEMEN METAL SIGN,United Kingdom
543124,85152,HAND OVER THE CHOCOLATE   SIGN,United Kingdom
543124,85163B,BLACK BAROQUE WALL CLOCK,United Kingdom
543179,10002,INFLATABLE POLITICAL GLOBE,Japan
543179,21745,GAOLERS KEYS DECORATIVE GARDEN,Japan
543179,22256,FELT FARM ANIMAL CHICKEN,Japan
543179,22257,FELT FARM ANIMAL SHEEP,Japan
543179,22258,FELT FARM ANIMAL RABBIT,Japan
543179,22267,EASTER DECORATION EGG BUNNY,Japan
543179,22268,EASTER DECORATION SITTING BUNNY,Japan
543179,22359,GLASS JAR KINGS CHOICE,Japan
543179,22360,GLASS JAR ENGLISH CONFECTIONERY,Japan
543179,22364,GLASS JAR DIGESTIVE BISCUITS,Japan
543179,22405,MONEY BOX POCKET MONEY DESIGN,Japan
543179,22406,MONEY BOX KINGS CHOICE DESIGN,Japan
543179,22407,MONEY BOX FIRST ADE DESIGN,Japan
543179,22408,MONEY BOX CONFECTIONERY DESIGN,Japan
543179,22409,MONEY BOX BISCUITS DESIGN,Japan
543179,22410,MONEY BOX HOUSEKEEPING DESIGN,Japan
543179,22489,PACK OF 12 TRADITIONAL CRAYONS,Japan
543179,22492,MINI PAINT SET VINTAGE,Japan
543179,22494,EMERGENCY FIRST AID TIN,Japan
543179,22495,SET OF 2 ROUND TINS CAMEMBERT,Japan
543179,22496,SET OF 2 ROUND TINS DUTCH CHEESE,Japan
543179,22531,MAGIC DRAWING SLATE CIRCUS PARADE,Japan
543179,22532,MAGIC DRAWING SLATE LEAP FROG,Japan
543179,22533,MAGIC DRAWING SLATE BAKE A CAKE,Japan
543179,22534,MAGIC DRAWING SLATE SPACEBOY,Japan
543179,22536,MAGIC DRAWING SLATE PURDEY,Japan
543179,22539,MINI JIGSAW DOLLY GIRL,Japan
543179,22540,MINI JIGSAW CIRCUS PARADE,Japan
543179,22541,MINI JIGSAW LEAP FROG,Japan
543179,22543,MINI JIGSAW BAKE A CAKE,Japan
543179,22544,MINI JIGSAW SPACEBOY,Japan
543179,22546,MINI JIGSAW PURDEY,Japan
543179,22558,CLOTHES PEGS RETROSPOT PACK 24,Japan
543179,22561,WOODEN SCHOOL COLOURING SET,Japan
543179,22567,20 DOLLY PEGS RETROSPOT,Japan
543179,22620,4 TRADITIONAL SPINNING TOPS,Japan
543179,84077,WORLD WAR 2 GLIDERS ASSTD DESIGNS,Japan
543247,22207,FRYING PAN UNION FLAG,United Kingdom
543247,22386,JUMBO BAG PINK POLKADOT,United Kingdom
543247,85099C,JUMBO  BAG BAROQUE BLACK WHITE,United Kingdom
543247,85099F,JUMBO BAG STRAWBERRY,United Kingdom
543369,18098C,PORCELAIN BUTTERFLY OIL BURNER,United Kingdom
543369,20914,SET/5 RED RETROSPOT LID GLASS BOWLS,United Kingdom
543369,21035,SET/2 RED RETROSPOT TEA TOWELS,United Kingdom
543369,21533,RETROSPOT LARGE MILK JUG,United Kingdom
543369,22329,ROUND CONTAINER SET OF 5 RETROSPOT,United Kingdom
543369,22417,PACK OF 60 SPACEBOY CAKE CASES,United Kingdom
543369,22551,PLASTERS IN TIN SPACEBOY,United Kingdom
543369,22555,PLASTERS IN TIN STRONGMAN,United Kingdom
543369,22556,PLASTERS IN TIN CIRCUS PARADE,United Kingdom
543369,22557,PLASTERS IN TIN VINTAGE PAISLEY,United Kingdom
543369,22558,CLOTHES PEGS RETROSPOT PACK 24,United Kingdom
543369,22652,TRAVEL SEWING KIT,United Kingdom
543369,22666,RECIPE BOX PANTRY YELLOW DESIGN,United Kingdom
543369,22671,FRENCH LAUNDRY SIGN BLUE METAL,United Kingdom
543369,22675,FRENCH KITCHEN SIGN BLUE METAL,United Kingdom
543369,22720,SET OF 3 CAKE TINS PANTRY DESIGN,United Kingdom
543369,22721,SET OF 3 CAKE TINS SKETCHBOOK,United Kingdom
543369,22722,SET OF 6 SPICE TINS PANTRY DESIGN,United Kingdom
543369,22723,SET OF 6 HERB TINS SKETCHBOOK,United Kingdom
543369,22766,PHOTO FRAME CORNICE,United Kingdom
543369,22772,PINK DRAWER KNOB ACRYLIC EDWARDIAN,United Kingdom
543369,22794,SWEETHEART WIRE MAGAZINE RACK,United Kingdom
543369,22795,SWEETHEART RECIPE BOOK STAND,United Kingdom
543369,22900,SET 2 TEA TOWELS I LOVE LONDON,United Kingdom
543369,22990,COTTON APRON PANTRY DESIGN,United Kingdom
543369,79321,CHILLI LIGHTS,United Kingdom
543369,84375,SET OF 20 KIDS COOKIE CUTTERS,United Kingdom
543369,84378,SET OF 3 HEART COOKIE CUTTERS,United Kingdom
543369,84380,SET OF 3 BUTTERFLY COOKIE CUTTERS,United Kingdom
543466,15056N,EDWARDIAN PARASOL NATURAL,United Kingdom
543466,21069,VINTAGE BILLBOARD TEA MUG,United Kingdom
543466,21070,VINTAGE BILLBOARD MUG,United Kingdom
543466,21071,VINTAGE BILLBOARD DRINK ME MUG,United Kingdom
543466,21485,RETROSPOT HEART HOT WATER BOTTLE,United Kingdom
543466,21658,GLASS  BEURRE DISH,United Kingdom
543466,21871,SAVE THE PLANET MUG,United Kingdom
543466,22087,PAPER BUNTING WHITE LACE,United Kingdom
543466,22335,HEART DECORATION PAINTED ZINC,United Kingdom
543466,22424,ENAMEL BREAD BIN CREAM,United Kingdom
543466,22429,ENAMEL MEASURING JUG CREAM,United Kingdom
543466,22457,NATURAL SLATE HEART CHALKBOARD,United Kingdom
543466,22480,RED TEA TOWEL CLASSIC DESIGN,United Kingdom
543466,22481,BLACK TEA TOWEL CLASSIC DESIGN,United Kingdom
543466,22482,BLUE TEA TOWEL CLASSIC DESIGN,United Kingdom
543466,22855,FINE WICKER HEART,United Kingdom
543466,22926,IVORY GIANT GARDEN THERMOMETER,United Kingdom
543466,71053,WHITE METAL LANTERN,United Kingdom
543466,84836,ZINC METAL HEART DECORATION,United Kingdom
543466,84946,ANTIQUE SILVER TEA GLASS ETCHED,United Kingdom
543648,21456,2 PICTURE BOOK EGGS EASTER CHICKS,United Kingdom
543648,21457,2 PICTURE BOOK EGGS EASTER DUCKS,United Kingdom
543648,21458,2 PICTURE BOOK EGGS EASTER BUNNY,United Kingdom
543648,22148,EASTER CRAFT 4 CHICKS,United Kingdom
543648,22228,BUNNY WOODEN PAINTED WITH BIRD,United Kingdom
543648,22229,BUNNY WOODEN PAINTED WITH FLOWER,United Kingdom
543648,22241,GARLAND WOODEN HAPPY EASTER,United Kingdom
543648,22251,BIRDHOUSE DECORATION MAGIC GARDEN,United Kingdom
543648,22261,FELT EGG COSY WHITE RABBIT,United Kingdom
543648,22262,FELT EGG COSY CHICKEN,United Kingdom
543648,22488,NATURAL SLATE RECTANGLE CHALKBOARD,United Kingdom
543648,22585,PACK OF 6 BIRDY GIFT TAGS,United Kingdom
543648,22934,BAKING MOULD EASTER EGG WHITE CHOC,United Kingdom
543648,22967,SET 3 SONG BIRD PAPER EGGS ASSORTED,United Kingdom
543648,35922,EASTER BUNNY WREATH,United Kingdom
543648,85093,CANDY SPOT EGG WARMER HARE,United Kingdom
543648,85187,S/12 MINI RABBIT EASTER,United Kingdom
543921,21454,PAINTED PINK RABBIT,United Kingdom
543921,21519,GIN & TONIC DIET GREETING CARD,United Kingdom
543921,21609,SET 12 LAVENDER  BOTANICAL T-LIGHTS,United Kingdom
543921,21613,S/12 VANILLA  BOTANICAL T-LIGHTS,United Kingdom
543921,21922,UNION STRIPE WITH FRINGE  HAMMOCK,United Kingdom
543921,22021,BLUE FELT EASTER EGG BASKET,United Kingdom
543921,22241,GARLAND WOODEN HAPPY EASTER,United Kingdom
543921,22286,"DECORATION , WOBBLY RABBIT , METAL",United Kingdom
543921,22667,RECIPE BOX RETROSPOT,United Kingdom
543921,35909B,PINK FLOWERS RABBIT EASTER,United Kingdom
543921,35910A,MULTICOLOUR EASTER RABBIT,United Kingdom
543921,35921,EASTER BUNNY HANGING GARLAND,United Kingdom
543921,85173,SET/6 FROG PRINCE T-LIGHT CANDLES,United Kingdom
543921,85205B,PINK FELT EASTER RABBIT GARLAND,United Kingdom
543921,85206A,CREAM FELT EASTER EGG BASKET,United Kingdom
544153,20717,STRAWBERRY SHOPPER BAG,United Kingdom
544153,20723,STRAWBERRY CHARLOTTE BAG,United Kingdom
544153,20727,LUNCH BAG  BLACK SKULL.,United Kingdom
544153,20886,BOX OF 9 PEBBLE CANDLES,United Kingdom
544153,21166,COOK WITH WINE METAL SIGN,United Kingdom
544153,21169,YOU'RE CONFUSING ME METAL SIGN,United Kingdom
544153,21175,GIN + TONIC DIET METAL SIGN,United Kingdom
544153,21181,PLEASE ONE PERSON METAL SIGN,United Kingdom
544153,21733,RED HANGING HEART T-LIGHT HOLDER,United Kingdom
544153,21754,HOME BUILDING BLOCK WORD,United Kingdom
544153,21755,LOVE BUILDING BLOCK WORD,United Kingdom
544153,21907,I'M ON HOLIDAY METAL SIGN,United Kingdom
544153,21908,CHOCOLATE THIS WAY METAL SIGN,United Kingdom
544153,21934,SKULL SHOULDER BAG,United Kingdom
544153,21935,SUKI  SHOULDER BAG,United Kingdom
544153,21937,STRAWBERRY   PICNIC BAG,United Kingdom
544153,22120,WELCOME  WOODEN BLOCK LETTERS,United Kingdom
544153,22355,CHARLOTTE BAG SUKI DESIGN,United Kingdom
544153,22382,LUNCH BAG SPACEBOY DESIGN,United Kingdom
544153,22383,LUNCH BAG SUKI  DESIGN,United Kingdom
544153,22469,HEART OF WICKER SMALL,United Kingdom
544153,22470,HEART OF WICKER LARGE,United Kingdom
544153,22488,NATURAL SLATE RECTANGLE CHALKBOARD,United Kingdom
544153,22661,CHARLOTTE BAG DOLLY GIRL DESIGN,United Kingdom
544153,22662,LUNCH BAG DOLLY GIRL DESIGN,United Kingdom
544153,22662,LUNCH BAG DOLLY GIRL DESIGN,United Kingdom
544153,22726,ALARM CLOCK BAKELIKE GREEN,United Kingdom
544153,22727,ALARM CLOCK BAKELIKE RED,United Kingdom
544153,22730,ALARM CLOCK BAKELIKE IVORY,United Kingdom
544153,22804,CANDLEHOLDER PINK HANGING HEART,United Kingdom
544153,47566,PARTY BUNTING,United Kingdom
544153,47566B,TEA TIME PARTY BUNTING,United Kingdom
544153,47590A,BLUE HAPPY BIRTHDAY BUNTING,United Kingdom
544153,47590B,PINK HAPPY BIRTHDAY BUNTING,United Kingdom
544153,47594A,CAROUSEL DESIGN WASHBAG,United Kingdom
544153,47594B,SCOTTIES DESIGN WASHBAG,United Kingdom
544153,82552,WASHROOM METAL SIGN,United Kingdom
544153,82552,WASHROOM METAL SIGN,United Kingdom
544153,82600,NO SINGING METAL SIGN,United Kingdom
544153,85123A,WHITE HANGING HEART T-LIGHT HOLDER,United Kingdom
544153,85150,LADIES & GENTLEMEN METAL SIGN,United Kingdom
544153,85152,HAND OVER THE CHOCOLATE   SIGN,United Kingdom
544159,21136,PAINTED METAL PEARS ASSORTED,United Kingdom
544159,21166,COOK WITH WINE METAL SIGN,United Kingdom
544159,21175,GIN + TONIC DIET METAL SIGN,United Kingdom
544159,21181,PLEASE ONE PERSON METAL SIGN,United Kingdom
544159,21340,CLASSIC METAL BIRDCAGE PLANT HOLDER,United Kingdom
544159,21498,RED RETROSPOT WRAP,United Kingdom
544159,22191,IVORY DINER WALL CLOCK,United Kingdom
544159,22193,RED DINER WALL CLOCK,United Kingdom
544159,22457,NATURAL SLATE HEART CHALKBOARD,United Kingdom
544159,22470,HEART OF WICKER LARGE,United Kingdom
544159,22487,WHITE WOOD GARDEN PLANT LADDER,United Kingdom
544159,22502,PICNIC BASKET WICKER SMALL,United Kingdom
544159,22766,PHOTO FRAME CORNICE,United Kingdom
544159,22767,TRIPLE PHOTO FRAME CORNICE,United Kingdom
544159,22768,FAMILY PHOTO FRAME CORNICE,United Kingdom
544159,23231,WRAP DOILEY DESIGN,United Kingdom
544159,48129,DOORMAT TOPIARY,United Kingdom
544159,48188,DOORMAT WELCOME PUPPIES,United Kingdom
544159,84836,ZINC METAL HEART DECORATION,United Kingdom
544159,84879,ASSORTED COLOUR BIRD ORNAMENT,United Kingdom
544159,84970S,HANGING HEART ZINC T-LIGHT HOLDER,United Kingdom
544159,85152,HAND OVER THE CHOCOLATE   SIGN,United Kingdom
544200,20724,RED RETROSPOT CHARLOTTE BAG,France
544200,20725,LUNCH BAG RED RETROSPOT,France
544200,21843,RED RETROSPOT CAKE STAND,France
544200,21931,JUMBO STORAGE BAG SUKI,France
544200,21936,RED RETROSPOT PICNIC BAG,France
544200,21937,STRAWBERRY   PICNIC BAG,France
544200,22355,CHARLOTTE BAG SUKI DESIGN,France
544200,22356,CHARLOTTE BAG PINK POLKADOT,France
544200,22383,LUNCH BAG SUKI  DESIGN,France
544200,22661,CHARLOTTE BAG DOLLY GIRL DESIGN,France
544200,84997B,RED 3 PIECE RETROSPOT CUTLERY SET,France
544200,84997C,BLUE 3 PIECE POLKADOT CUTLERY SET,France
544200,85169D,PINK LOVE BIRD CANDLE,France
544200,85170D,SET/6 PINK BIRD T-LIGHT CANDLES,France
544200,85173,SET/6 FROG PRINCE T-LIGHT CANDLES,France
544200,POST,POSTAGE,France
544286,20675,BLUE POLKADOT BOWL,United Kingdom
544286,20677,PINK POLKADOT BOWL,United Kingdom
544286,20685,DOORMAT RED RETROSPOT,United Kingdom
544286,21059,PARTY INVITES DINOSAURS,United Kingdom
544286,21060,PARTY INVITES BALLOON GIRL,United Kingdom
544286,21061,PARTY INVITES FOOTBALL,United Kingdom
544286,21062,PARTY INVITES SPACEMAN,United Kingdom
544286,21063,PARTY INVITES JAZZ HEARTS,United Kingdom
544286,21166,COOK WITH WINE METAL SIGN,United Kingdom
544286,21171,BATHROOM METAL SIGN,United Kingdom
544286,21174,POTTERING IN THE SHED METAL SIGN,United Kingdom
544286,21232,STRAWBERRY CERAMIC TRINKET BOX,United Kingdom
544286,21275,ZINC TOP  2 DOOR WOODEN SHELF,United Kingdom
544286,21359,RELAX LARGE WOOD LETTERS,United Kingdom
544286,21361,LOVE LARGE WOOD LETTERS,United Kingdom
544286,21363,HOME SMALL WOOD LETTERS,United Kingdom
544286,21364,PEACE SMALL WOOD LETTERS,United Kingdom
544286,21407,BROWN CHECK CAT DOORSTOP,United Kingdom
544286,21428,SET3 BOOK BOX GREEN GINGHAM FLOWER,United Kingdom
544286,21430,SET/3 RED GINGHAM ROSE STORAGE BOX,United Kingdom
544286,21622,VINTAGE UNION JACK CUSHION COVER,United Kingdom
544286,21623,VINTAGE UNION JACK MEMOBOARD,United Kingdom
544286,21624,VINTAGE UNION JACK DOORSTOP,United Kingdom
544286,21713,CITRONELLA CANDLE FLOWERPOT,United Kingdom
544286,21754,HOME BUILDING BLOCK WORD,United Kingdom
544286,21755,LOVE BUILDING BLOCK WORD,United Kingdom
544286,21757,LIGHTHOUSE PRINTED METAL SIGN,United Kingdom
544286,21781,MA CAMPAGNE CUTLERY BOX,United Kingdom
544286,21908,CHOCOLATE THIS WAY METAL SIGN,United Kingdom
544286,22115,METAL SIGN EMPIRE TEA,United Kingdom
544286,22178,VICTORIAN GLASS HANGING T-LIGHT,United Kingdom
544286,22188,BLACK HEART CARD HOLDER,United Kingdom
544286,22189,CREAM HEART CARD HOLDER,United Kingdom
544286,22413,METAL SIGN TAKE IT OR LEAVE IT,United Kingdom
544286,22423,REGENCY CAKESTAND 3 TIER,United Kingdom
544286,22456,NATURAL SLATE CHALKBOARD LARGE,United Kingdom
544286,22457,NATURAL SLATE HEART CHALKBOARD,United Kingdom
544286,22470,HEART OF WICKER LARGE,United Kingdom
544286,22508,DOORSTOP RETROSPOT HEART,United Kingdom
544286,22606,WOODEN SKITTLES GARDEN SET,United Kingdom
544286,22609,PENS ASSORTED SPACEBALL,United Kingdom
544286,22624,IVORY KITCHEN SCALES,United Kingdom
544286,22625,RED KITCHEN SCALES,United Kingdom
544286,22665,RECIPE BOX BLUE SKETCHBOOK DESIGN,United Kingdom
544286,22666,RECIPE BOX PANTRY YELLOW DESIGN,United Kingdom
544286,22761,CHEST 7 DRAWER MA CAMPAGNE,United Kingdom
544286,22767,TRIPLE PHOTO FRAME CORNICE,United Kingdom
544286,22768,FAMILY PHOTO FRAME CORNICE,United Kingdom
544286,22770,MIRROR CORNICE,United Kingdom
544286,22788,BROCANTE COAT RACK,United Kingdom
544286,22797,CHEST OF DRAWERS GINGHAM HEART,United Kingdom
544286,22804,CANDLEHOLDER PINK HANGING HEART,United Kingdom
544286,22912,YELLOW COAT RACK PARIS FASHION,United Kingdom
544286,22913,RED COAT RACK PARIS FASHION,United Kingdom
544286,22914,BLUE COAT RACK PARIS FASHION,United Kingdom
544286,46000S,POLYESTER FILLER PAD 40x40cm,United Kingdom
544286,48111,DOORMAT 3 SMILEY CATS,United Kingdom
544286,48116,DOORMAT MULTICOLOUR STRIPE,United Kingdom
544286,48194,DOORMAT HEARTS,United Kingdom
544286,71053,WHITE METAL LANTERN,United Kingdom
544286,72741,GRAND CHOCOLATECANDLE,United Kingdom
544286,82486,WOOD S/3 CABINET ANT WHITE FINISH,United Kingdom
544286,82552,WASHROOM METAL SIGN,United Kingdom
544286,82599,FANNY'S REST STOPMETAL SIGN,United Kingdom
544286,82600,NO SINGING METAL SIGN,United Kingdom
544286,84406B,CREAM CUPID HEARTS COAT HANGER,United Kingdom
544286,84792,ENCHANTED BIRD COATHANGER 5 HOOK,United Kingdom
544286,84792,ENCHANTED BIRD COATHANGER 5 HOOK,United Kingdom
544286,85066,CREAM SWEETHEART MINI CHEST,United Kingdom
544286,85123A,WHITE HANGING HEART T-LIGHT HOLDER,United Kingdom
544286,85150,LADIES & GENTLEMEN METAL SIGN,United Kingdom
544286,85152,HAND OVER THE CHOCOLATE   SIGN,United Kingdom
544286,85173,SET/6 FROG PRINCE T-LIGHT CANDLES,United Kingdom
544286,85174,S/4 CACTI CANDLES,United Kingdom
544298,22191,IVORY DINER WALL CLOCK,United Kingdom
544298,22193,RED DINER WALL CLOCK,United Kingdom
544298,22197,SMALL POPCORN HOLDER,United Kingdom
544298,22365,DOORMAT RESPECTABLE HOUSE,United Kingdom
544298,22366,DOORMAT AIRMAIL,United Kingdom
544298,22469,HEART OF WICKER SMALL,United Kingdom
544298,22470,HEART OF WICKER LARGE,United Kingdom
544298,22691,DOORMAT WELCOME SUNRISE,United Kingdom
544298,22720,SET OF 3 CAKE TINS PANTRY DESIGN,United Kingdom
544298,22722,SET OF 6 SPICE TINS PANTRY DESIGN,United Kingdom
544298,22930,BAKING MOULD HEART MILK CHOCOLATE,United Kingdom
544298,22931,BAKING MOULD HEART WHITE CHOCOLATE,United Kingdom
544298,22937,BAKING MOULD CHOCOLATE CUPCAKES,United Kingdom
544298,22993,SET OF 4 PANTRY JELLY MOULDS,United Kingdom
544298,22995,TRAVEL CARD WALLET SUKI,United Kingdom
544298,22996,TRAVEL CARD WALLET VINTAGE TICKET,United Kingdom
544298,22998,TRAVEL CARD WALLET KEEP CALM,United Kingdom
544298,22999,TRAVEL CARD WALLET RETRO PETALS,United Kingdom
544298,23003,TRAVEL CARD WALLET VINTAGE ROSE,United Kingdom
544298,79321,CHILLI LIGHTS,United Kingdom
544298,84212,"ASSORTED FLOWER COLOUR ""LEIS""",United Kingdom
544394,22191,IVORY DINER WALL CLOCK,United Kingdom
544394,22192,BLUE DINER WALL CLOCK,United Kingdom
544394,22193,RED DINER WALL CLOCK,United Kingdom
544394,22423,REGENCY CAKESTAND 3 TIER,United Kingdom
544394,22583,PACK OF 6 HANDBAG GIFT BOXES,United Kingdom
544394,22584,PACK OF 6 PANNETONE GIFT BOXES,United Kingdom
544394,22605,WOODEN CROQUET GARDEN SET,United Kingdom
544394,22691,DOORMAT WELCOME SUNRISE,United Kingdom
544394,22699,ROSES REGENCY TEACUP AND SAUCER,United Kingdom
544394,22725,ALARM CLOCK BAKELIKE CHOCOLATE,United Kingdom
544394,22726,ALARM CLOCK BAKELIKE GREEN,United Kingdom
544394,22727,ALARM CLOCK BAKELIKE RED,United Kingdom
544394,22728,ALARM CLOCK BAKELIKE PINK,United Kingdom
544394,22729,ALARM CLOCK BAKELIKE ORANGE,United Kingdom
544394,22730,ALARM CLOCK BAKELIKE IVORY,United Kingdom
544394,22926,IVORY GIANT GARDEN THERMOMETER,United Kingdom
544404,20726,LUNCH BAG WOODLAND,United Kingdom
544404,20727,LUNCH BAG  BLACK SKULL.,United Kingdom
544404,21559,STRAWBERRY LUNCH BOX WITH CUTLERY,United Kingdom
544404,22197,SMALL POPCORN HOLDER,United Kingdom
544404,22383,LUNCH BAG SUKI  DESIGN,United Kingdom
544440,21430,SET/3 RED GINGHAM ROSE STORAGE BOX,United Kingdom
544440,21756,BATH BUILDING BLOCK WORD,United Kingdom
544440,22423,REGENCY CAKESTAND 3 TIER,United Kingdom
544440,22666,RECIPE BOX PANTRY YELLOW DESIGN,United Kingdom
544633,21844,RED RETROSPOT MUG,United Kingdom
544633,22151,PLACE SETTING WHITE HEART,United Kingdom
544633,22773,GREEN DRAWER KNOB ACRYLIC EDWARDIAN,United Kingdom
544633,22805,BLUE DRAWER KNOB ACRYLIC EDWARDIAN,United Kingdom
544633,84978,HANGING HEART JAR T-LIGHT HOLDER,United Kingdom
544802,21269,ANTIQUE CREAM CUTLERY SHELF,United Kingdom
544802,21668,RED STRIPE CERAMIC DRAWER KNOB,United Kingdom
544802,21669,BLUE STRIPE CERAMIC DRAWER KNOB,United Kingdom
544802,21670,BLUE SPOT CERAMIC DRAWER KNOB,United Kingdom
544802,21672,WHITE SPOT RED CERAMIC DRAWER KNOB,United Kingdom
544802,21715,GIRLS VINTAGE TIN SEASIDE BUCKET,United Kingdom
544802,21716,BOYS VINTAGE TIN SEASIDE BUCKET,United Kingdom
544802,21718,RED METAL BEACH SPADE,United Kingdom
544802,22171,3 HOOK PHOTO SHELF ANTIQUE WHITE,United Kingdom
544802,22173,METAL 4 HOOK HANGER FRENCH CHATEAU,United Kingdom
544802,22441,GROW YOUR OWN BASIL IN ENAMEL MUG,United Kingdom
544802,22485,SET OF 2 WOODEN MARKET CRATES,United Kingdom
544802,22488,NATURAL SLATE RECTANGLE CHALKBOARD,United Kingdom
544802,22763,KEY CABINET MA CAMPAGNE,United Kingdom
544802,72232,FENG SHUI PILLAR CANDLE,United Kingdom
544802,84688,BEACH HUT DESIGN BLACKBOARD,United Kingdom
544802,84832,ZINC WILLIE WINKIE  CANDLE STICK,United Kingdom
544802,84971S,SMALL HEART FLOWERS HOOK,United Kingdom
544895,21754,HOME BUILDING BLOCK WORD,United Kingdom
544895,21755,LOVE BUILDING BLOCK WORD,United Kingdom
544895,21915,RED  HARMONICA IN BOX,United Kingdom
544895,21982,PACK OF 12 SUKI TISSUES,United Kingdom
544895,22090,PAPER BUNTING RETROSPOT,United Kingdom
544895,22427,ENAMEL FLOWER JUG CREAM,United Kingdom
544895,22430,ENAMEL WATERING CAN CREAM,United Kingdom
544895,22726,ALARM CLOCK BAKELIKE GREEN,United Kingdom
544895,22730,ALARM CLOCK BAKELIKE IVORY,United Kingdom
544895,22859,EASTER TIN BUNNY BOUQUET,United Kingdom
544895,82580,BATHROOM METAL SIGN,United Kingdom
544895,85049F,BABY BOOM RIBBONS,United Kingdom
544895,85049G,CHOCOLATE BOX RIBBONS,United Kingdom
544895,85227,SET OF 6 3D KIT CARDS FOR KIDS,United Kingdom
545034,22222,CAKE PLATE LOVEBIRD WHITE,Switzerland
545034,22236,CAKE STAND 3 TIER MAGIC GARDEN,Switzerland
545034,22858,EASTER TIN KEEPSAKE,Switzerland
545034,POST,POSTAGE,Switzerland
545042,21621,VINTAGE UNION JACK BUNTING,United Kingdom
545042,22084,PAPER CHAIN KIT EMPIRE,United Kingdom
545042,22969,HOMEMADE JAM SCENTED CANDLES,United Kingdom
545042,47566,PARTY BUNTING,United Kingdom
545042,48111,DOORMAT 3 SMILEY CATS,United Kingdom
545042,48129,DOORMAT TOPIARY,United Kingdom
545042,48188,DOORMAT WELCOME PUPPIES,United Kingdom
545042,48194,DOORMAT HEARTS,United Kingdom
545070,21212,PACK OF 72 RETROSPOT CAKE CASES,United Kingdom
545070,21790,VINTAGE SNAP CARDS,United Kingdom
545070,21791,VINTAGE HEADS AND TAILS CARD GAME,United Kingdom
545070,22084,PAPER CHAIN KIT EMPIRE,United Kingdom
545070,22087,PAPER BUNTING WHITE LACE,United Kingdom
545070,22469,HEART OF WICKER SMALL,United Kingdom
545070,84970S,HANGING HEART ZINC T-LIGHT HOLDER,United Kingdom
545070,84988,SET OF 72 PINK HEART PAPER DOILIES,United Kingdom
545183,21340,CLASSIC METAL BIRDCAGE PLANT HOLDER,United Kingdom
545183,21922,UNION STRIPE WITH FRINGE  HAMMOCK,United Kingdom
545183,22178,VICTORIAN GLASS HANGING T-LIGHT,United Kingdom
545183,22191,IVORY DINER WALL CLOCK,United Kingdom
545183,22485,SET OF 2 WOODEN MARKET CRATES,United Kingdom
545183,22501,PICNIC BASKET WICKER LARGE,United Kingdom
545183,22667,RECIPE BOX RETROSPOT,United Kingdom
545183,22784,LANTERN CREAM GAZEBO,United Kingdom
545183,22796,PHOTO FRAME 3 CLASSIC HANGING,United Kingdom
545183,22822,CREAM WALL PLANTER HEART SHAPED,United Kingdom
545183,22832,BROCANTE SHELF WITH HOOKS,United Kingdom
545183,22853,CAT BOWL VINTAGE CREAM,United Kingdom
545183,22892,SET OF SALT AND PEPPER TOADSTOOLS,United Kingdom
545183,22960,JAM MAKING SET WITH JARS,United Kingdom
545183,71053,WHITE METAL LANTERN,United Kingdom
545183,84375,SET OF 20 KIDS COOKIE CUTTERS,United Kingdom
545183,84763,ZINC FINISH 15CM PLANTER POTS,United Kingdom
545183,84950,ASSORTED COLOUR T-LIGHT HOLDER,United Kingdom
545290,20675,BLUE POLKADOT BOWL,United Kingdom
545290,20676,RED RETROSPOT BOWL,United Kingdom
545290,20723,STRAWBERRY CHARLOTTE BAG,United Kingdom
545290,21430,SET/3 RED GINGHAM ROSE STORAGE BOX,United Kingdom
545290,21621,VINTAGE UNION JACK BUNTING,United Kingdom
545290,21901,"KEY FOB , BACK DOOR",United Kingdom
545290,21925,UNION STRIPE CUSHION COVER,United Kingdom
545290,21932,SCANDINAVIAN PAISLEY PICNIC BAG,United Kingdom
545290,21934,SKULL SHOULDER BAG,United Kingdom
545290,21935,SUKI  SHOULDER BAG,United Kingdom
545290,21937,STRAWBERRY   PICNIC BAG,United Kingdom
545290,22053,EMPIRE DESIGN ROSETTE,United Kingdom
545290,22356,CHARLOTTE BAG PINK POLKADOT,United Kingdom
545290,22386,JUMBO BAG PINK POLKADOT,United Kingdom
545290,46118,FUNKY MONKEY CUSHION COVER,United Kingdom
545290,48111,DOORMAT 3 SMILEY CATS,United Kingdom
545290,77101A,UNION FLAG WINDSOCK,United Kingdom
545290,77101A,UNION FLAG WINDSOCK,United Kingdom
545577,21411,GINGHAM HEART  DOORSTOP RED,United Kingdom
545577,21668,RED STRIPE CERAMIC DRAWER KNOB,United Kingdom
545577,21670,BLUE SPOT CERAMIC DRAWER KNOB,United Kingdom
545577,22077,6 RIBBONS RUSTIC CHARM,United Kingdom
545577,22079,RIBBON REEL HEARTS DESIGN,United Kingdom
545577,22624,IVORY KITCHEN SCALES,United Kingdom
545577,22720,SET OF 3 CAKE TINS PANTRY DESIGN,United Kingdom
545577,22845,VINTAGE CREAM CAT FOOD CONTAINER,United Kingdom
545577,22846,BREAD BIN DINER STYLE RED,United Kingdom
545577,22849,BREAD BIN DINER STYLE MINT,United Kingdom
545577,22960,JAM MAKING SET WITH JARS,United Kingdom
545577,84978,HANGING HEART JAR T-LIGHT HOLDER,United Kingdom
545577,85049E,SCANDINAVIAN REDS RIBBONS,United Kingdom
545577,85049F,BABY BOOM RIBBONS,United Kingdom
545702,21135,VICTORIAN  METAL POSTCARD SPRING,United Kingdom
545702,22219,LOVEBIRD HANGING DECORATION WHITE,United Kingdom
545702,22296,HEART IVORY TRELLIS LARGE,United Kingdom
545702,22296,HEART IVORY TRELLIS LARGE,United Kingdom
545702,22423,REGENCY CAKESTAND 3 TIER,United Kingdom
545702,22464,HANGING METAL HEART LANTERN,United Kingdom
545702,22501,PICNIC BASKET WICKER LARGE,United Kingdom
545702,22720,SET OF 3 CAKE TINS PANTRY DESIGN,United Kingdom
545702,22727,ALARM CLOCK BAKELIKE RED,United Kingdom
545702,22728,ALARM CLOCK BAKELIKE PINK,United Kingdom
545702,22776,SWEETHEART CAKESTAND 3 TIER,United Kingdom
545702,22784,LANTERN CREAM GAZEBO,United Kingdom
545702,22804,CANDLEHOLDER PINK HANGING HEART,United Kingdom
545702,22876,NUMBER TILE COTTAGE GARDEN 8,United Kingdom
545702,71038,WHITE HANGING BEADS CANDLE HOLDER,United Kingdom
545702,77101A,UNION FLAG WINDSOCK,United Kingdom
545702,84218,BOX/12 CHICK & EGG IN BASKET,United Kingdom
545702,84798B,PURPLE FOXGLOVE ARTIIFCIAL FLOWER,United Kingdom
545702,85123A,WHITE HANGING HEART T-LIGHT HOLDER,United Kingdom
545702,85206A,CREAM FELT EASTER EGG BASKET,United Kingdom
545830,21165,BEWARE OF THE CAT METAL SIGN,United Kingdom
545830,21166,COOK WITH WINE METAL SIGN,United Kingdom
545830,21169,YOU'RE CONFUSING ME METAL SIGN,United Kingdom
545830,21169,YOU'RE CONFUSING ME METAL SIGN,United Kingdom
545830,21172,PARTY METAL SIGN,United Kingdom
545830,21174,POTTERING IN THE SHED METAL SIGN,United Kingdom
545830,21175,GIN + TONIC DIET METAL SIGN,United Kingdom
545830,21181,PLEASE ONE PERSON METAL SIGN,United Kingdom
545830,21523,DOORMAT FANCY FONT HOME SWEET HOME,United Kingdom
545830,21524,DOORMAT SPOTTY HOME SWEET HOME,United Kingdom
545830,21903,MAN FLU METAL SIGN,United Kingdom
545830,21904,HOUSE WRECKING METAL SIGN,United Kingdom
545830,21907,I'M ON HOLIDAY METAL SIGN,United Kingdom
545830,21908,CHOCOLATE THIS WAY METAL SIGN,United Kingdom
545830,21911,GARDEN METAL SIGN,United Kingdom
545830,22168,ORGANISER WOOD ANTIQUE WHITE,United Kingdom
545830,22171,3 HOOK PHOTO SHELF ANTIQUE WHITE,United Kingdom
545830,22173,METAL 4 HOOK HANGER FRENCH CHATEAU,United Kingdom
545830,22243,5 HOOK HANGER RED MAGIC TOADSTOOL,United Kingdom
545830,22244,3 HOOK HANGER MAGIC GARDEN,United Kingdom
545830,22354,RETROSPOT PADDED SEAT CUSHION,United Kingdom
545830,22412,METAL SIGN NEIGHBOURHOOD WITCH,United Kingdom
545830,22413,METAL SIGN TAKE IT OR LEAVE IT,United Kingdom
545830,22414,DOORMAT NEIGHBOURHOOD WITCH,United Kingdom
545830,22423,REGENCY CAKESTAND 3 TIER,United Kingdom
545830,22428,ENAMEL FIRE BUCKET CREAM,United Kingdom
545830,22430,ENAMEL WATERING CAN CREAM,United Kingdom
545830,22498,WOODEN REGATTA BUNTING,United Kingdom
545830,22499,WOODEN UNION JACK BUNTING,United Kingdom
545830,22692,DOORMAT WELCOME TO OUR HOME,United Kingdom
545830,22844,VINTAGE CREAM DOG FOOD CONTAINER,United Kingdom
545830,22845,VINTAGE CREAM CAT FOOD CONTAINER,United Kingdom
545830,22890,NOVELTY BISCUITS CAKE STAND 3 TIER,United Kingdom
545830,23184,BULL DOG BOTTLE OPENER,United Kingdom
545830,47590A,BLUE HAPPY BIRTHDAY BUNTING,United Kingdom
545830,47590B,PINK HAPPY BIRTHDAY BUNTING,United Kingdom
545830,48187,DOORMAT NEW ENGLAND,United Kingdom
545830,48188,DOORMAT WELCOME PUPPIES,United Kingdom
545830,82483,WOOD 2 DRAWER CABINET WHITE FINISH,United Kingdom
545830,82484,WOOD BLACK BOARD ANT WHITE FINISH,United Kingdom
545830,82551,LAUNDRY 15C METAL SIGN,United Kingdom
545830,82552,WASHROOM METAL SIGN,United Kingdom
545830,82582,AREA PATROLLED METAL SIGN,United Kingdom
545830,82583,HOT BATHS METAL SIGN,United Kingdom
545830,82599,FANNY'S REST STOPMETAL SIGN,United Kingdom
545830,82600,NO SINGING METAL SIGN,United Kingdom
545830,84849A,HELLO SAILOR BLUE SOAP HOLDER,United Kingdom
545830,84849B,FAIRY SOAP SOAP HOLDER,United Kingdom
545830,84849D,HOT BATHS SOAP HOLDER,United Kingdom
545830,85150,LADIES & GENTLEMEN METAL SIGN,United Kingdom
545830,85152,HAND OVER THE CHOCOLATE   SIGN,United Kingdom
545851,10120,DOGGY RUBBER,United Kingdom
545851,21389,IVORY HANGING DECORATION  BIRD,United Kingdom
545851,22219,LOVEBIRD HANGING DECORATION WHITE,United Kingdom
545851,22265,EASTER DECORATION NATURAL CHICK,United Kingdom
545851,22268,EASTER DECORATION SITTING BUNNY,United Kingdom
545851,22286,"DECORATION , WOBBLY RABBIT , METAL",United Kingdom
545851,22287,"DECORATION , WOBBLY CHICKEN, METAL",United Kingdom
545851,22288,HANGING METAL RABBIT DECORATION,United Kingdom
545851,22289,HANGING METAL CHICKEN DECORATION,United Kingdom
545851,22291,HANGING CHICK CREAM DECORATION,United Kingdom
545851,22292,HANGING CHICK  YELLOW DECORATION,United Kingdom
545851,22293,HANGING CHICK GREEN DECORATION,United Kingdom
545851,22294,HEART FILIGREE DOVE  SMALL,United Kingdom
545851,22295,HEART FILIGREE DOVE LARGE,United Kingdom
545851,22568,FELTCRAFT CUSHION OWL,United Kingdom
545851,22766,PHOTO FRAME CORNICE,United Kingdom
545851,22776,SWEETHEART CAKESTAND 3 TIER,United Kingdom
545851,22844,VINTAGE CREAM DOG FOOD CONTAINER,United Kingdom
545851,47594B,SCOTTIES DESIGN WASHBAG,United Kingdom
545851,82583,HOT BATHS METAL SIGN,United Kingdom
546003,20725,LUNCH BAG RED RETROSPOT,United Kingdom
546003,20725,LUNCH BAG RED RETROSPOT,United Kingdom
546003,20727,LUNCH BAG  BLACK SKULL.,United Kingdom
546003,20914,SET/5 RED RETROSPOT LID GLASS BOWLS,United Kingdom
546003,21200,MULTICOLOUR HONEYCOMB PAPER GARLAND,United Kingdom
546003,21507,"ELEPHANT, BIRTHDAY CARD,",United Kingdom
546003,21509,COWBOYS AND INDIANS BIRTHDAY CARD,United Kingdom
546003,21558,SKULL LUNCH BOX WITH CUTLERY,United Kingdom
546003,21561,DINOSAUR LUNCH BOX WITH CUTLERY,United Kingdom
546003,21700,BIG DOUGHNUT FRIDGE MAGNETS,United Kingdom
546003,22088,PAPER BUNTING COLOURED LACE,United Kingdom
546003,22189,CREAM HEART CARD HOLDER,United Kingdom
546003,22396,MAGNETS PACK OF 4 RETRO PHOTO,United Kingdom
546003,22398,MAGNETS PACK OF 4 SWALLOWS,United Kingdom
546003,22398,MAGNETS PACK OF 4 SWALLOWS,United Kingdom
546003,22399,MAGNETS PACK OF 4 CHILDHOOD MEMORY,United Kingdom
546003,22400,MAGNETS PACK OF 4 HOME SWEET HOME,United Kingdom
546003,22402,MAGNETS PACK OF 4 VINTAGE COLLAGE,United Kingdom
546003,22425,ENAMEL COLANDER CREAM,United Kingdom
546003,22498,WOODEN REGATTA BUNTING,United Kingdom
546003,22501,PICNIC BASKET WICKER LARGE,United Kingdom
546003,22502,PICNIC BASKET WICKER SMALL,United Kingdom
546003,22514,CHILDS GARDEN SPADE BLUE,United Kingdom
546003,22515,CHILDS GARDEN SPADE PINK,United Kingdom
546003,22517,CHILDS GARDEN RAKE PINK,United Kingdom
546003,22517,CHILDS GARDEN RAKE PINK,United Kingdom
546003,22520,CHILDS GARDEN TROWEL BLUE,United Kingdom
546003,22521,CHILDS GARDEN TROWEL PINK,United Kingdom
546003,22522,CHILDS GARDEN FORK BLUE,United Kingdom
546003,22523,CHILDS GARDEN FORK PINK,United Kingdom
546003,22553,PLASTERS IN TIN SKULLS,United Kingdom
546003,22555,PLASTERS IN TIN STRONGMAN,United Kingdom
546003,22567,20 DOLLY PEGS RETROSPOT,United Kingdom
546003,22630,DOLLY GIRL LUNCH BOX,United Kingdom
546003,22631,CIRCUS PARADE LUNCH BOX,United Kingdom
546003,22631,CIRCUS PARADE LUNCH BOX,United Kingdom
546003,22636,CHILDS BREAKFAST SET CIRCUS PARADE,United Kingdom
546003,22659,LUNCH BOX I LOVE LONDON,United Kingdom
546003,22678,FRENCH BLUE METAL DOOR SIGN 3,United Kingdom
546003,22691,DOORMAT WELCOME SUNRISE,United Kingdom
546003,22721,SET OF 3 CAKE TINS SKETCHBOOK,United Kingdom
546003,22844,VINTAGE CREAM DOG FOOD CONTAINER,United Kingdom
546003,22845,VINTAGE CREAM CAT FOOD CONTAINER,United Kingdom
546003,22853,CAT BOWL VINTAGE CREAM,United Kingdom
546003,22895,SET OF 2 TEA TOWELS APPLE AND PEARS,United Kingdom
546003,22897,OVEN MITT APPLES DESIGN,United Kingdom
546003,22900,SET 2 TEA TOWELS I LOVE LONDON,United Kingdom
546003,22905,CALENDAR IN SEASON DESIGN,United Kingdom
546003,22955,36 FOIL STAR CAKE CASES,United Kingdom
546003,22961,JAM MAKING SET PRINTED,United Kingdom
546003,22970,LONDON BUS COFFEE MUG,United Kingdom
546003,22984,CARD GINGHAM ROSE,United Kingdom
546003,23049,RECYCLED ACAPULCO MAT RED,United Kingdom
546003,47566,PARTY BUNTING,United Kingdom
546006,21034,REX CASH+CARRY JUMBO SHOPPER,United Kingdom
546006,21462,"NURSERY A,B,C PAINTED LETTERS",United Kingdom
546006,21670,BLUE SPOT CERAMIC DRAWER KNOB,United Kingdom
546006,21671,RED SPOT CERAMIC DRAWER KNOB,United Kingdom
546006,22168,ORGANISER WOOD ANTIQUE WHITE,United Kingdom
546006,22180,RETROSPOT LAMP,United Kingdom
546006,22796,PHOTO FRAME 3 CLASSIC HANGING,United Kingdom
546118,21463,MIRRORED DISCO BALL,United Kingdom
546118,21464,DISCO BALL ROTATOR BATTERY OPERATED,United Kingdom
546118,21519,GIN & TONIC DIET GREETING CARD,United Kingdom
546118,21523,DOORMAT FANCY FONT HOME SWEET HOME,United Kingdom
546118,21745,GAOLERS KEYS DECORATIVE GARDEN,United Kingdom
546118,21754,HOME BUILDING BLOCK WORD,United Kingdom
546118,21832,CHOCOLATE CALCULATOR,United Kingdom
546118,22191,IVORY DINER WALL CLOCK,United Kingdom
546118,22192,BLUE DINER WALL CLOCK,United Kingdom
546118,22194,BLACK DINER WALL CLOCK,United Kingdom
546118,22468,BABUSHKA LIGHTS STRING OF 10,United Kingdom
546118,22499,WOODEN UNION JACK BUNTING,United Kingdom
546118,22568,FELTCRAFT CUSHION OWL,United Kingdom
546118,22570,FELTCRAFT CUSHION RABBIT,United Kingdom
546118,23049,RECYCLED ACAPULCO MAT RED,United Kingdom
546118,23050,RECYCLED ACAPULCO MAT GREEN,United Kingdom
546118,23051,RECYCLED ACAPULCO MAT BLUE,United Kingdom
546118,23052,RECYCLED ACAPULCO MAT TURQUOISE,United Kingdom
546118,23053,RECYCLED ACAPULCO MAT PINK,United Kingdom
546118,23054,RECYCLED ACAPULCO MAT LAVENDER,United Kingdom
546118,23181,BULL DOG BOTTLE TOP WALL CLOCK,United Kingdom
546118,48138,DOORMAT UNION FLAG,United Kingdom
546118,82001S,VINYL RECORD FRAME SILVER,United Kingdom
546118,82582,AREA PATROLLED METAL SIGN,United Kingdom
546118,84692,BOX OF 24 COCKTAIL PARASOLS,United Kingdom
546118,85152,HAND OVER THE CHOCOLATE   SIGN,United Kingdom
546236,18097C,WHITE TALL PORCELAIN T-LIGHT HOLDER,Cyprus
546236,20653,CHERRY BLOSSOM LUGGAGE TAG,Cyprus
546236,20654,FIRST CLASS LUGGAGE TAG,Cyprus
546236,20658,RED RETROSPOT LUGGAGE TAG,Cyprus
546236,20967,GREY FLORAL FELTCRAFT SHOULDER BAG,Cyprus
546236,20969,RED FLORAL FELTCRAFT SHOULDER BAG,Cyprus
546236,20970,PINK FLORAL FELTCRAFT SHOULDER BAG,Cyprus
546236,21055,TOOL BOX SOFT TOY,Cyprus
546236,21056,DOCTOR'S BAG SOFT TOY,Cyprus
546236,21108,FAIRY CAKE FLANNEL ASSORTED COLOUR,Cyprus
546236,21110,LARGE CAKE TOWEL PINK SPOTS,Cyprus
546236,22148,EASTER CRAFT 4 CHICKS,Cyprus
546236,22224,WHITE LOVEBIRD LANTERN,Cyprus
546236,22229,BUNNY WOODEN PAINTED WITH FLOWER,Cyprus
546236,22230,JIGSAW TREE WITH WATERING CAN,Cyprus
546236,22231,JIGSAW TREE WITH BIRDHOUSE,Cyprus
546236,22233,JIGSAW RABBIT AND BIRDHOUSE,Cyprus
546236,22271,FELTCRAFT DOLL ROSIE,Cyprus
546236,22272,FELTCRAFT DOLL MARIA,Cyprus
546236,22273,FELTCRAFT DOLL MOLLY,Cyprus
546236,22274,FELTCRAFT DOLL EMILY,Cyprus
546236,22477,WATERING CAN GARDEN MARKER,Cyprus
546236,22520,CHILDS GARDEN TROWEL BLUE,Cyprus
546236,22521,CHILDS GARDEN TROWEL PINK,Cyprus
546236,22522,CHILDS GARDEN FORK BLUE,Cyprus
546236,22523,CHILDS GARDEN FORK PINK,Cyprus
546236,22524,CHILDRENS GARDEN GLOVES BLUE,Cyprus
546236,22525,CHILDRENS GARDEN GLOVES PINK,Cyprus
546236,22565,FELTCRAFT HAIRBANDS PINK AND WHITE,Cyprus
546236,22566,FELTCRAFT HAIRBAND PINK AND PURPLE,Cyprus
546236,22568,FELTCRAFT CUSHION OWL,Cyprus
546236,22569,FELTCRAFT CUSHION BUTTERFLY,Cyprus
546236,22570,FELTCRAFT CUSHION RABBIT,Cyprus
546236,22749,FELTCRAFT PRINCESS CHARLOTTE DOLL,Cyprus
546236,22750,FELTCRAFT PRINCESS LOLA DOLL,Cyprus
546236,22751,FELTCRAFT PRINCESS OLIVIA DOLL,Cyprus
546236,22779,WOODEN OWLS LIGHT GARLAND,Cyprus
546236,22780,LIGHT GARLAND BUTTERFILES PINK,Cyprus
546236,22784,LANTERN CREAM GAZEBO,Cyprus
546236,22857,ASSORTED EASTER GIFT TAGS,Cyprus
546236,35912B,WHITE/PINK CHICK DECORATION,Cyprus
546236,35913B,WHITE/PINK CHICK EASTER DECORATION,Cyprus
546236,37495,FAIRY CAKE BIRTHDAY CANDLE SET,Cyprus
546236,84568,GIRLS ALPHABET IRON ON PATCHES,Cyprus
546236,84598,BOYS ALPHABET IRON ON PATCHES,Cyprus
546236,85095,THREE CANVAS LUGGAGE TAGS,Cyprus
546236,85199L,LARGE HANGING IVORY & RED WOOD BIRD,Cyprus
546236,85199S,SMALL HANGING IVORY/RED WOOD BIRD,Cyprus
546319,22197,SMALL POPCORN HOLDER,United Kingdom
546401,20726,LUNCH BAG WOODLAND,United Kingdom
546401,22367,CHILDRENS APRON SPACEBOY DESIGN,United Kingdom
546401,47591D,PINK FAIRY CAKE CHILDRENS APRON,United Kingdom
546443,21790,VINTAGE SNAP CARDS,United Kingdom
546443,21791,VINTAGE HEADS AND TAILS CARD GAME,United Kingdom
546443,21915,RED  HARMONICA IN BOX,United Kingdom
546443,22440,BALLOON WATER BOMB PACK OF 35,United Kingdom
546443,22561,WOODEN SCHOOL COLOURING SET,United Kingdom
546443,84077,WORLD WAR 2 GLIDERS ASSTD DESIGNS,United Kingdom
546443,84375,SET OF 20 KIDS COOKIE CUTTERS,United Kingdom
546538,15044A,PINK PAPER PARASOL,United Kingdom
546538,15044B,BLUE PAPER PARASOL,United Kingdom
546538,15044D,RED PAPER PARASOL,United Kingdom
546538,15056N,EDWARDIAN PARASOL NATURAL,United Kingdom
546538,20719,WOODLAND CHARLOTTE BAG,United Kingdom
546538,20725,LUNCH BAG RED RETROSPOT,United Kingdom
546538,20726,LUNCH BAG WOODLAND,United Kingdom
546538,20727,LUNCH BAG  BLACK SKULL.,United Kingdom
546538,20972,PINK CREAM FELT CRAFT TRINKET BOX,United Kingdom
546538,21155,RED RETROSPOT PEG BAG,United Kingdom
546538,21231,SWEETHEART CERAMIC TRINKET BOX,United Kingdom
546538,21260,FIRST AID TIN,United Kingdom
546538,21326,AGED GLASS SILVER T-LIGHT HOLDER,United Kingdom
546538,21422,PORCELAIN ROSE SMALL,United Kingdom
546538,22139,RETROSPOT TEA SET CERAMIC 11 PC,United Kingdom
546538,22219,LOVEBIRD HANGING DECORATION WHITE,United Kingdom
546538,22348,TEA BAG PLATE RED RETROSPOT,United Kingdom
546538,22356,CHARLOTTE BAG PINK POLKADOT,United Kingdom
546538,22379,RECYCLING BAG RETROSPOT,United Kingdom
546538,22384,LUNCH BAG PINK POLKADOT,United Kingdom
546538,22393,PAPERWEIGHT VINTAGE COLLAGE,United Kingdom
546538,22457,NATURAL SLATE HEART CHALKBOARD,United Kingdom
546538,22464,HANGING METAL HEART LANTERN,United Kingdom
546538,22646,CERAMIC STRAWBERRY CAKE MONEY BANK,United Kingdom
546538,22792,FLUTED ANTIQUE CANDLE HOLDER,United Kingdom
546538,22829,SWEETHEART WIRE WALL TIDY,United Kingdom
546538,22855,FINE WICKER HEART,United Kingdom
546538,47591D,PINK FAIRY CAKE CHILDRENS APRON,United Kingdom
546538,71053,WHITE METAL LANTERN,United Kingdom
546538,79000,MOROCCAN TEA GLASS,United Kingdom
546538,82580,BATHROOM METAL SIGN,United Kingdom
546538,84836,ZINC METAL HEART DECORATION,United Kingdom
546538,84970L,SINGLE HEART ZINC T-LIGHT HOLDER,United Kingdom
546538,85130D,BEADED CRYSTAL HEART PINK LARGE,United Kingdom
546660,21889,WOODEN BOX OF DOMINOES,EIRE
546660,22191,IVORY DINER WALL CLOCK,EIRE
546660,22193,RED DINER WALL CLOCK,EIRE
546660,22361,GLASS JAR DAISY FRESH COTTON WOOL,EIRE
546660,22363,GLASS JAR MARMALADE,EIRE
546660,22561,WOODEN SCHOOL COLOURING SET,EIRE
546660,22622,BOX OF VINTAGE ALPHABET BLOCKS,EIRE
546660,22624,IVORY KITCHEN SCALES,EIRE
546660,22625,RED KITCHEN SCALES,EIRE
546660,22666,RECIPE BOX PANTRY YELLOW DESIGN,EIRE
546660,22699,ROSES REGENCY TEACUP AND SAUCER,EIRE
546660,22720,SET OF 3 CAKE TINS PANTRY DESIGN,EIRE
546660,22722,SET OF 6 SPICE TINS PANTRY DESIGN,EIRE
546660,22822,CREAM WALL PLANTER HEART SHAPED,EIRE
546660,22846,BREAD BIN DINER STYLE RED,EIRE
546660,22849,BREAD BIN DINER STYLE MINT,EIRE
546660,22912,YELLOW COAT RACK PARIS FASHION,EIRE
546660,22913,RED COAT RACK PARIS FASHION,EIRE
546660,22914,BLUE COAT RACK PARIS FASHION,EIRE
546660,22925,BLUE GIANT GARDEN THERMOMETER,EIRE
546660,22926,IVORY GIANT GARDEN THERMOMETER,EIRE
546660,22927,GREEN GIANT GARDEN THERMOMETER,EIRE
546660,22928,YELLOW GIANT GARDEN THERMOMETER,EIRE
546660,22960,JAM MAKING SET WITH JARS,EIRE
546660,22961,JAM MAKING SET PRINTED,EIRE
546660,22965,3 TRADITIONAl BISCUIT CUTTERS  SET,EIRE
546660,22969,HOMEMADE JAM SCENTED CANDLES,EIRE
546669,21422,PORCELAIN ROSE SMALL,United Kingdom
546669,22231,JIGSAW TREE WITH BIRDHOUSE,United Kingdom
546669,22233,JIGSAW RABBIT AND BIRDHOUSE,United Kingdom
546669,22288,HANGING METAL RABBIT DECORATION,United Kingdom
546669,22291,HANGING CHICK CREAM DECORATION,United Kingdom
546669,22292,HANGING CHICK  YELLOW DECORATION,United Kingdom
546669,22293,HANGING CHICK GREEN DECORATION,United Kingdom
546669,22423,REGENCY CAKESTAND 3 TIER,United Kingdom
546669,22697,GREEN REGENCY TEACUP AND SAUCER,United Kingdom
546669,22698,PINK REGENCY TEACUP AND SAUCER,United Kingdom
546669,22699,ROSES REGENCY TEACUP AND SAUCER,United Kingdom
546669,22813,PACK 3 BOXES BIRD PANNETONE,United Kingdom
546669,22857,ASSORTED EASTER GIFT TAGS,United Kingdom
546669,22916,HERB MARKER THYME,United Kingdom
546669,22917,HERB MARKER ROSEMARY,United Kingdom
546669,22918,HERB MARKER PARSLEY,United Kingdom
546669,22919,HERB MARKER MINT,United Kingdom
546669,22920,HERB MARKER BASIL,United Kingdom
546669,22921,HERB MARKER CHIVES,United Kingdom
546669,22960,JAM MAKING SET WITH JARS,United Kingdom
546669,22961,JAM MAKING SET PRINTED,United Kingdom
546669,22961,JAM MAKING SET PRINTED,United Kingdom
546669,79000,MOROCCAN TEA GLASS,United Kingdom
546669,84879,ASSORTED COLOUR BIRD ORNAMENT,United Kingdom
546829,20971,PINK BLUE FELT CRAFT TRINKET BOX,United Kingdom
546829,20972,PINK CREAM FELT CRAFT TRINKET BOX,United Kingdom
546829,22499,WOODEN UNION JACK BUNTING,United Kingdom
546829,84580,MOUSE TOY WITH PINK T-SHIRT,United Kingdom
546919,22585,PACK OF 6 BIRDY GIFT TAGS,Germany
546919,47367B,PAIR PADDED HANGERS PINK CHECK,Germany
546919,POST,POSTAGE,Germany
547114,20724,RED RETROSPOT CHARLOTTE BAG,United Kingdom
547114,21034,REX CASH+CARRY JUMBO SHOPPER,United Kingdom
547114,21094,SET/6 RED SPOTTY PAPER PLATES,United Kingdom
547114,21172,PARTY METAL SIGN,United Kingdom
547114,21238,RED RETROSPOT CUP,United Kingdom
547114,21239,PINK  POLKADOT CUP,United Kingdom
547114,21240,BLUE POLKADOT CUP,United Kingdom
547114,21242,RED RETROSPOT PLATE,United Kingdom
547114,21936,RED RETROSPOT PICNIC BAG,United Kingdom
547114,21937,STRAWBERRY   PICNIC BAG,United Kingdom
547114,21989,PACK OF 20 SKULL PAPER NAPKINS,United Kingdom
547114,22179,SET 10 LIGHTS NIGHT OWL,United Kingdom
547114,22197,SMALL POPCORN HOLDER,United Kingdom
547114,22355,CHARLOTTE BAG SUKI DESIGN,United Kingdom
547114,22953,BIRTHDAY PARTY CORDON BARRIER TAPE,United Kingdom
547114,23182,TOILET SIGN OCCUPIED OR VACANT,United Kingdom
547114,23182,TOILET SIGN OCCUPIED OR VACANT,United Kingdom
547114,46118,FUNKY MONKEY CUSHION COVER,United Kingdom
547114,46126A,ELVIS WALLHANGING / CURTAIN,United Kingdom
547114,48188,DOORMAT WELCOME PUPPIES,United Kingdom
547114,77101A,UNION FLAG WINDSOCK,United Kingdom
547114,79321,CHILLI LIGHTS,United Kingdom
547223,10002,INFLATABLE POLITICAL GLOBE,United Kingdom
547223,17003,BROCADE RING PURSE,United Kingdom
547223,17021,NAMASTE SWAGAT INCENSE,United Kingdom
547223,20674,GREEN POLKADOT BOWL,United Kingdom
547223,20675,BLUE POLKADOT BOWL,United Kingdom
547223,20676,RED RETROSPOT BOWL,United Kingdom
547223,20719,WOODLAND CHARLOTTE BAG,United Kingdom
547223,20724,RED RETROSPOT CHARLOTTE BAG,United Kingdom
547223,20725,LUNCH BAG RED RETROSPOT,United Kingdom
547223,20726,LUNCH BAG WOODLAND,United Kingdom
547223,20727,LUNCH BAG  BLACK SKULL.,United Kingdom
547223,20727,LUNCH BAG  BLACK SKULL.,United Kingdom
547223,20967,GREY FLORAL FELTCRAFT SHOULDER BAG,United Kingdom
547223,20969,RED FLORAL FELTCRAFT SHOULDER BAG,United Kingdom
547223,20973,12 PENCIL SMALL TUBE WOODLAND,United Kingdom
547223,20974,12 PENCILS SMALL TUBE SKULL,United Kingdom
547223,20974,12 PENCILS SMALL TUBE SKULL,United Kingdom
547223,20975,12 PENCILS SMALL TUBE RED RETROSPOT,United Kingdom
547223,21207,SKULL AND CROSSBONES  GARLAND,United Kingdom
547223,21211,SET OF 72 SKULL PAPER  DOILIES,United Kingdom
547223,21212,PACK OF 72 RETROSPOT CAKE CASES,United Kingdom
547223,21213,PACK OF 72 SKULL CAKE CASES,United Kingdom
547223,21224,SET/4 SKULL BADGES,United Kingdom
547223,21250,SET OF SKULL WALL STICKERS,United Kingdom
547223,21383,PACK OF 12 STICKY BUNNIES,United Kingdom
547223,21504,SKULLS GREETING CARD,United Kingdom
547223,21544,SKULLS  WATER TRANSFER TATTOOS,United Kingdom
547223,21679,SKULLS  STICKERS,United Kingdom
547223,21703,BAG 125g SWIRLY MARBLES,United Kingdom
547223,21790,VINTAGE SNAP CARDS,United Kingdom
547223,21791,VINTAGE HEADS AND TAILS CARD GAME,United Kingdom
547223,21870,I CAN ONLY PLEASE ONE PERSON MUG,United Kingdom
547223,21870,I CAN ONLY PLEASE ONE PERSON MUG,United Kingdom
547223,21871,SAVE THE PLANET MUG,United Kingdom
547223,21975,PACK OF 60 DINOSAUR CAKE CASES,United Kingdom
547223,21976,PACK OF 60 MUSHROOM CAKE CASES,United Kingdom
547223,21977,PACK OF 60 PINK PAISLEY CAKE CASES,United Kingdom
547223,22068,BLACK PIRATE TREASURE CHEST,United Kingdom
547223,22244,3 HOOK HANGER MAGIC GARDEN,United Kingdom
547223,22248,DECORATION  PINK CHICK MAGIC GARDEN,United Kingdom
547223,22250,DECORATION  BUTTERFLY  MAGIC GARDEN,United Kingdom
547223,22251,BIRDHOUSE DECORATION MAGIC GARDEN,United Kingdom
547223,22355,CHARLOTTE BAG SUKI DESIGN,United Kingdom
547223,22382,LUNCH BAG SPACEBOY DESIGN,United Kingdom
547223,22383,LUNCH BAG SUKI DESIGN,United Kingdom
547223,22417,PACK OF 60 SPACEBOY CAKE CASES,United Kingdom
547223,22418,10 COLOUR SPACEBOY PEN,United Kingdom
547223,22549,PICTURE DOMINOES,United Kingdom
547223,22650,CERAMIC PIRATE CHEST MONEY BANK,United Kingdom
547223,22652,TRAVEL SEWING KIT,United Kingdom
547223,22661,CHARLOTTE BAG DOLLY GIRL DESIGN,United Kingdom
547223,22662,LUNCH BAG DOLLY GIRL DESIGN,United Kingdom
547223,22714,CARD BIRTHDAY COWBOY,United Kingdom
547223,22718,CARD CAT AND TREE,United Kingdom
547223,22722,SET OF 6 SPICE TINS PANTRY DESIGN,United Kingdom
547223,22741,FUNKY DIVA PEN,United Kingdom
547223,22815,CARD PSYCHEDELIC APPLES,United Kingdom
547223,22817,CARD SUKI BIRTHDAY,United Kingdom
547223,22821,GIFT BAG PSYCHEDELIC APPLES,United Kingdom
547223,22934,BAKING MOULD EASTER EGG WHITE CHOC,United Kingdom
547223,22951,60 CAKE CASES DOLLY GIRL DESIGN,United Kingdom
547223,22960,JAM MAKING SET WITH JARS,United Kingdom
547223,22972,CHILDREN'S SPACEBOY MUG,United Kingdom
547223,22974,CHILDRENS DOLLY GIRL MUG,United Kingdom
547223,22983,CARD BILLBOARD FONT,United Kingdom
547223,22984,CARD GINGHAM ROSE,United Kingdom
547223,23233,WRAP POPPIES  DESIGN,United Kingdom
547223,79190B,RETRO PLASTIC POLKA TRAY,United Kingdom
547223,79190D,RETRO PLASTIC DAISY TRAY,United Kingdom
547223,84375,SET OF 20 KIDS COOKIE CUTTERS,United Kingdom
547223,84378,SET OF 3 HEART COOKIE CUTTERS,United Kingdom
547223,84380,SET OF 3 BUTTERFLY COOKIE CUTTERS,United Kingdom
547223,84755,COLOUR GLASS T-LIGHT HOLDER HANGING,United Kingdom
547223,84879,ASSORTED COLOUR BIRD ORNAMENT,United Kingdom
547223,84879,ASSORTED COLOUR BIRD ORNAMENT,United Kingdom
547223,84970S,HANGING HEART ZINC T-LIGHT HOLDER,United Kingdom
547223,84991,60 TEATIME FAIRY CAKE CASES,United Kingdom
547223,85175,CACTI T-LIGHT CANDLES,United Kingdom
547223,85199S,SMALL HANGING IVORY/RED WOOD BIRD,United Kingdom
547350,21507,"ELEPHANT, BIRTHDAY CARD,",United Kingdom
547350,21508,VINTAGE KID DOLLY CARD,United Kingdom
547350,21704,BAG 250g SWIRLY MARBLES,United Kingdom
547350,21790,VINTAGE SNAP CARDS,United Kingdom
547350,21829,DINOSAUR KEYRINGS ASSORTED,United Kingdom
547350,21888,BINGO SET,United Kingdom
547350,21889,WOODEN BOX OF DOMINOES,United Kingdom
547350,21890,S/6 WOODEN SKITTLES IN COTTON BAG,United Kingdom
547350,21891,TRADITIONAL WOODEN SKIPPING ROPE,United Kingdom
547350,21912,VINTAGE SNAKES & LADDERS,United Kingdom
547350,21913,VINTAGE SEASIDE JIGSAW PUZZLES,United Kingdom
547350,21918,SET 12 KIDS COLOUR  CHALK STICKS,United Kingdom
547350,22029,SPACEBOY BIRTHDAY CARD,United Kingdom
547350,22030,SWALLOWS GREETING CARD,United Kingdom
547350,22045,SPACEBOY GIFT WRAP,United Kingdom
547350,22091,EMPIRE TISSUE BOX,United Kingdom
547350,22097,SWALLOW SQUARE TISSUE BOX,United Kingdom
547350,22138,BAKING SET 9 PIECE RETROSPOT,United Kingdom
547350,22139,RETROSPOT TEA SET CERAMIC 11 PC,United Kingdom
547350,22149,FELTCRAFT 6 FLOWER FRIENDS,United Kingdom
547350,22197,SMALL POPCORN HOLDER,United Kingdom
547350,22418,10 COLOUR SPACEBOY PEN,United Kingdom
547350,22434,BALLOON PUMP WITH 10 BALLOONS,United Kingdom
547350,22489,PACK OF 12 TRADITIONAL CRAYONS,United Kingdom
547350,22491,PACK OF 12 COLOURED PENCILS,United Kingdom
547350,22492,MINI PAINT SET VINTAGE,United Kingdom
547350,22533,MAGIC DRAWING SLATE BAKE A CAKE,United Kingdom
547350,22534,MAGIC DRAWING SLATE SPACEBOY,United Kingdom
547350,22548,HEADS AND TAILS SPORTING FUN,United Kingdom
547350,22549,PICTURE DOMINOES,United Kingdom
547350,22551,PLASTERS IN TIN SPACEBOY,United Kingdom
547350,22557,PLASTERS IN TIN VINTAGE PAISLEY,United Kingdom
547350,22617,BAKING SET SPACEBOY DESIGN,United Kingdom
547350,22622,BOX OF VINTAGE ALPHABET BLOCKS,United Kingdom
547350,22623,BOX OF VINTAGE JIGSAW BLOCKS,United Kingdom
547350,22693,GROW A FLYTRAP OR SUNFLOWER IN TIN,United Kingdom
547350,22985,"WRAP, BILLBOARD FONTS DESIGN",United Kingdom
547350,23176,ABC TREASURE BOOK BOX,United Kingdom
547350,23177,TREASURE ISLAND BOOK BOX,United Kingdom
547350,84077,WORLD WAR 2 GLIDERS ASSTD DESIGNS,United Kingdom
547350,85227,SET OF 6 3D KIT CARDS FOR KIDS,United Kingdom
547382,20716,PARTY FOOD SHOPPER BAG,United Kingdom
547382,20717,STRAWBERRY SHOPPER BAG,United Kingdom
547382,20718,RED RETROSPOT SHOPPER BAG,United Kingdom
547382,20725,LUNCH BAG RED RETROSPOT,United Kingdom
547382,20726,LUNCH BAG WOODLAND,United Kingdom
547382,20727,LUNCH BAG  BLACK SKULL.,United Kingdom
547382,21136,PAINTED METAL PEARS ASSORTED,United Kingdom
547382,21164,HOME SWEET HOME METAL SIGN,United Kingdom
547382,21165,BEWARE OF THE CAT METAL SIGN,United Kingdom
547382,21166,COOK WITH WINE METAL SIGN,United Kingdom
547382,21169,YOU'RE CONFUSING ME METAL SIGN,United Kingdom
547382,21179,NO JUNK MAIL METAL SIGN,United Kingdom
547382,21181,PLEASE ONE PERSON METAL SIGN,United Kingdom
547382,21899,"KEY FOB , GARAGE DESIGN",United Kingdom
547382,21901,"KEY FOB , BACK DOOR",United Kingdom
547382,21902,"KEY FOB , FRONT  DOOR",United Kingdom
547382,21904,HOUSE WRECKING METAL SIGN,United Kingdom
547382,21907,I'M ON HOLIDAY METAL SIGN,United Kingdom
547382,21908,CHOCOLATE THIS WAY METAL SIGN,United Kingdom
547382,21980,PACK OF 12 RED RETROSPOT TISSUES,United Kingdom
547382,21982,PACK OF 12 SUKI TISSUES,United Kingdom
547382,21984,PACK OF 12 PINK PAISLEY TISSUES,United Kingdom
547382,22084,PAPER CHAIN KIT EMPIRE,United Kingdom
547382,22098,BOUDOIR SQUARE TISSUE BOX,United Kingdom
547382,22178,VICTORIAN GLASS HANGING T-LIGHT,United Kingdom
547382,22382,LUNCH BAG SPACEBOY DESIGN,United Kingdom
547382,22383,LUNCH BAG SUKI DESIGN,United Kingdom
547382,22384,LUNCH BAG PINK POLKADOT,United Kingdom
547382,22405,MONEY BOX POCKET MONEY DESIGN,United Kingdom
547382,22406,MONEY BOX KINGS CHOICE DESIGN,United Kingdom
547382,22407,MONEY BOX FIRST ADE DESIGN,United Kingdom
547382,22408,MONEY BOX CONFECTIONERY DESIGN,United Kingdom
547382,22409,MONEY BOX BISCUITS DESIGN,United Kingdom
547382,22410,MONEY BOX HOUSEKEEPING DESIGN,United Kingdom
547382,22413,METAL SIGN TAKE IT OR LEAVE IT,United Kingdom
547382,22551,PLASTERS IN TIN SPACEBOY,United Kingdom
547382,22554,PLASTERS IN TIN WOODLAND ANIMALS,United Kingdom
547382,22556,PLASTERS IN TIN CIRCUS PARADE,United Kingdom
547382,22557,PLASTERS IN TIN VINTAGE PAISLEY,United Kingdom
547382,22614,PACK OF 12 SPACEBOY TISSUES,United Kingdom
547382,22616,PACK OF 12 LONDON TISSUES,United Kingdom
547382,22662,LUNCH BAG DOLLY GIRL DESIGN,United Kingdom
547382,22776,SWEETHEART CAKESTAND 3 TIER,United Kingdom
547382,47566,PARTY BUNTING,United Kingdom
547382,47599A,PINK PARTY BAGS,United Kingdom
547382,47599B,BLUE PARTY BAGS,United Kingdom
547382,72803A,ROSE SCENT CANDLE JEWELLED DRAWER,United Kingdom
547382,72807B,SET/3 OCEAN SCENT CANDLE JEWEL BOX,United Kingdom
547382,72819,CUPID DESIGN SCENTED CANDLES,United Kingdom
547382,82567,"AIRLINE LOUNGE,METAL SIGN",United Kingdom
547382,82583,HOT BATHS METAL SIGN,United Kingdom
547382,82600,NO SINGING METAL SIGN,United Kingdom
547382,82600,NO SINGING METAL SIGN,United Kingdom
547382,84879,ASSORTED COLOUR BIRD ORNAMENT,United Kingdom
547382,84946,ANTIQUE SILVER T-LIGHT GLASS,United Kingdom
547382,85150,LADIES & GENTLEMEN METAL SIGN,United Kingdom
547382,85152,HAND OVER THE CHOCOLATE   SIGN,United Kingdom
547382,85152,HAND OVER THE CHOCOLATE   SIGN,United Kingdom
547539,22501,PICNIC BASKET WICKER LARGE,United Kingdom
547539,22844,VINTAGE CREAM DOG FOOD CONTAINER,United Kingdom
547539,22845,VINTAGE CREAM CAT FOOD CONTAINER,United Kingdom
547539,22925,BLUE GIANT GARDEN THERMOMETER,United Kingdom
547539,22926,IVORY GIANT GARDEN THERMOMETER,United Kingdom
547539,22927,GREEN GIANT GARDEN THERMOMETER,United Kingdom
547539,22928,YELLOW GIANT GARDEN THERMOMETER,United Kingdom
547570,20679,EDWARDIAN PARASOL RED,United Kingdom
547570,20682,RED RETROSPOT CHILDRENS UMBRELLA,United Kingdom
547570,21313,GLASS HEART T-LIGHT HOLDER,United Kingdom
547570,22219,LOVEBIRD HANGING DECORATION WHITE,United Kingdom
547570,22227,HANGING HEART MIRROR DECORATION,United Kingdom
547570,22341,LOVE GARLAND PAINTED ZINC,United Kingdom
547570,22487,WHITE WOOD GARDEN PLANT LADDER,United Kingdom
547570,84970S,HANGING HEART ZINC T-LIGHT HOLDER,United Kingdom
547655,21164,HOME SWEET HOME METAL SIGN,United Kingdom
547655,21877,HOME SWEET HOME MUG,United Kingdom
547655,22055,MINI CAKE STAND  HANGING STRAWBERY,United Kingdom
547655,22061,LARGE CAKE STAND  HANGING STRAWBERY,United Kingdom
547655,22151,PLACE SETTING WHITE HEART,United Kingdom
547655,22423,REGENCY CAKESTAND 3 TIER,United Kingdom
547655,22666,RECIPE BOX PANTRY YELLOW DESIGN,United Kingdom
547655,22720,SET OF 3 CAKE TINS PANTRY DESIGN,United Kingdom
547655,22776,SWEETHEART CAKESTAND 3 TIER,United Kingdom
547655,22956,36 FOIL HEART CAKE CASES,United Kingdom
547655,22960,JAM MAKING SET WITH JARS,United Kingdom
547655,22961,JAM MAKING SET PRINTED,United Kingdom
547655,22989,SET 2 PANTRY DESIGN TEA TOWELS,United Kingdom
547655,48187,DOORMAT NEW ENGLAND,United Kingdom
547655,85123A,WHITE HANGING HEART T-LIGHT HOLDER,United Kingdom
547666,20914,SET/5 RED RETROSPOT LID GLASS BOWLS,United Kingdom
547666,21390,FILIGRIS HEART WITH BUTTERFLY,United Kingdom
547666,21497,FANCY FONTS BIRTHDAY WRAP,United Kingdom
547666,21539,RED RETROSPOT BUTTER DISH,United Kingdom
547666,21874,GIN AND TONIC MUG,United Kingdom
547666,21916,SET 12 RETRO WHITE CHALK STICKS,United Kingdom
547666,22348,TEA BAG PLATE RED RETROSPOT,United Kingdom
547666,22502,PICNIC BASKET WICKER SMALL,United Kingdom
547666,22666,RECIPE BOX PANTRY YELLOW DESIGN,United Kingdom
547666,22676,FRENCH BLUE METAL DOOR SIGN 1,United Kingdom
547666,22677,FRENCH BLUE METAL DOOR SIGN 2,United Kingdom
547666,22679,FRENCH BLUE METAL DOOR SIGN 4,United Kingdom
547666,22680,FRENCH BLUE METAL DOOR SIGN 5,United Kingdom
547666,22681,FRENCH BLUE METAL DOOR SIGN 6,United Kingdom
547666,22682,FRENCH BLUE METAL DOOR SIGN 7,United Kingdom
547666,22683,FRENCH BLUE METAL DOOR SIGN 8,United Kingdom
547666,22684,FRENCH BLUE METAL DOOR SIGN 9,United Kingdom
547666,22685,FRENCH BLUE METAL DOOR SIGN 0,United Kingdom
547666,22686,FRENCH BLUE METAL DOOR SIGN No,United Kingdom
547666,22708,WRAP DOLLY GIRL,United Kingdom
547666,22720,SET OF 3 CAKE TINS PANTRY DESIGN,United Kingdom
547666,22722,SET OF 6 SPICE TINS PANTRY DESIGN,United Kingdom
547666,22759,SET OF 3 NOTEBOOKS IN PARCEL,United Kingdom
547666,22961,JAM MAKING SET PRINTED,United Kingdom
547666,22985,"WRAP, BILLBOARD FONTS DESIGN",United Kingdom
547666,22986,GINGHAM ROSE WRAP,United Kingdom
547666,23231,WRAP DOILEY DESIGN,United Kingdom
547666,84978,HANGING HEART JAR T-LIGHT HOLDER,United Kingdom
547666,85099B,JUMBO BAG RED RETROSPOT,United Kingdom
547666,85099F,JUMBO BAG STRAWBERRY,United Kingdom
547762,21135,VICTORIAN  METAL POSTCARD SPRING,United Kingdom
547762,21143,ANTIQUE GLASS HEART DECORATION,United Kingdom
547762,22178,VICTORIAN GLASS HANGING T-LIGHT,United Kingdom
547762,22457,NATURAL SLATE HEART CHALKBOARD,United Kingdom
547762,84879,ASSORTED COLOUR BIRD ORNAMENT,United Kingdom
547814,22656,VINTAGE BLUE KITCHEN CABINET,United Kingdom
547862,15036,ASSORTED COLOURS SILK FAN,United Kingdom
547862,21206,STRAWBERRY HONEYCOMB  GARLAND,United Kingdom
547862,21447,12 IVORY ROSE PEG PLACE SETTINGS,United Kingdom
547862,21626,VINTAGE UNION JACK PENNANT,United Kingdom
547862,21790,VINTAGE SNAP CARDS,United Kingdom
547862,21912,VINTAGE SNAKES & LADDERS,United Kingdom
547862,21988,PACK OF 6 SKULL PAPER PLATES,United Kingdom
547862,22053,EMPIRE DESIGN ROSETTE,United Kingdom
547862,22087,PAPER BUNTING WHITE LACE,United Kingdom
547862,22248,DECORATION  PINK CHICK MAGIC GARDEN,United Kingdom
547862,22249,DECORATION WHITE CHICK MAGIC GARDEN,United Kingdom
547862,22806,SET OF 6 T-LIGHTS WEDDING CAKE,United Kingdom
547862,22930,BAKING MOULD HEART MILK CHOCOLATE,United Kingdom
547862,22932,BAKING MOULD TOFFEE CUP CHOCOLATE,United Kingdom
547862,22933,BAKING MOULD EASTER EGG MILK CHOC,United Kingdom
547862,22964,3 PIECE SPACEBOY COOKIE CUTTER SET,United Kingdom
547862,22965,3 TRADITIONAl BISCUIT CUTTERS  SET,United Kingdom
547862,72741,GRAND CHOCOLATECANDLE,United Kingdom
547862,84231,EASTER BUNNY WITH BASKET ON BACK,United Kingdom
547862,84378,SET OF 3 HEART COOKIE CUTTERS,United Kingdom
547862,84380,SET OF 3 BUTTERFLY COOKIE CUTTERS,United Kingdom
548325,16259,PIECE OF CAMO STATIONERY SET,United Kingdom
548325,20674,GREEN POLKADOT BOWL,United Kingdom
548325,20677,PINK POLKADOT BOWL,United Kingdom
548325,21080,SET/20 RED RETROSPOT PAPER NAPKINS,United Kingdom
548325,21086,SET/6 RED SPOTTY PAPER CUPS,United Kingdom
548325,21094,SET/6 RED SPOTTY PAPER PLATES,United Kingdom
548325,21242,RED RETROSPOT PLATE,United Kingdom
548325,21243,PINK  POLKADOT PLATE,United Kingdom
548325,21244,BLUE POLKADOT PLATE,United Kingdom
548325,21245,GREEN POLKADOT PLATE,United Kingdom
548325,21829,DINOSAUR KEYRINGS ASSORTED,United Kingdom
548325,21833,CAMOUFLAGE LED TORCH,United Kingdom
548325,22090,PAPER BUNTING RETROSPOT,United Kingdom
548325,22531,MAGIC DRAWING SLATE CIRCUS PARADE,United Kingdom
548325,22537,MAGIC DRAWING SLATE DINOSAUR,United Kingdom
548552,21714,CITRONELLA CANDLE GARDEN POT,United Kingdom
548552,21931,JUMBO STORAGE BAG SUKI,United Kingdom
548552,21936,RED RETROSPOT PICNIC BAG,United Kingdom
548552,22168,ORGANISER WOOD ANTIQUE WHITE,United Kingdom
548552,22224,WHITE LOVEBIRD LANTERN,United Kingdom
548552,22385,JUMBO BAG SPACEBOY DESIGN,United Kingdom
548552,22607,WOODEN ROUNDERS GARDEN SET,United Kingdom
548552,48194,DOORMAT HEARTS,United Kingdom
548552,72807C,SET/3 VANILLA SCENTED CANDLE IN BOX,United Kingdom
548552,85123A,WHITE HANGING HEART T-LIGHT HOLDER,United Kingdom
548559,22423,REGENCY CAKESTAND 3 TIER,United Kingdom
548559,22697,GREEN REGENCY TEACUP AND SAUCER,United Kingdom
548559,22698,PINK REGENCY TEACUP AND SAUCER,United Kingdom
548559,22699,ROSES REGENCY TEACUP AND SAUCER,United Kingdom
548559,22848,BREAD BIN DINER STYLE PINK,United Kingdom
548864,20914,SET/5 RED RETROSPOT LID GLASS BOWLS,United Kingdom
548864,21136,PAINTED METAL PEARS ASSORTED,United Kingdom
548864,21172,PARTY METAL SIGN,United Kingdom
548864,21577,SAVE THE PLANET COTTON TOTE BAG,United Kingdom
548864,21626,VINTAGE UNION JACK PENNANT,United Kingdom
548864,21891,TRADITIONAL WOODEN SKIPPING ROPE,United Kingdom
548864,21892,TRADITIONAL WOODEN CATCH CUP GAME,United Kingdom
548864,22079,RIBBON REEL HEARTS DESIGN,United Kingdom
548864,22084,PAPER CHAIN KIT EMPIRE,United Kingdom
548864,22091,EMPIRE TISSUE BOX,United Kingdom
548864,22095,LADS ONLY TISSUE BOX,United Kingdom
548864,22131,FOOD CONTAINER SET 3 LOVE HEART,United Kingdom
548864,22372,AIRLINE BAG VINTAGE WORLD CHAMPION,United Kingdom
548864,22423,REGENCY CAKESTAND 3 TIER,United Kingdom
548864,22619,SET OF 6 SOLDIER SKITTLES,United Kingdom
548864,22621,TRADITIONAL KNITTING NANCY,United Kingdom
548864,22728,ALARM CLOCK BAKELIKE PINK,United Kingdom
548864,22804,CANDLEHOLDER PINK HANGING HEART,United Kingdom
548864,22813,PACK 3 BOXES BIRD PANNETONE,United Kingdom
548864,22825,DECORATIVE PLANT POT WITH FRIEZE,United Kingdom
548864,22829,SWEETHEART WIRE WALL TIDY,United Kingdom
548864,22858,EASTER TIN KEEPSAKE,United Kingdom
548864,22859,EASTER TIN BUNNY BOUQUET,United Kingdom
548864,22900,SET 2 TEA TOWELS I LOVE LONDON,United Kingdom
548864,22956,36 FOIL HEART CAKE CASES,United Kingdom
548864,22957,SET 3 PAPER VINTAGE CHICK PAPER EGG,United Kingdom
548864,22962,JAM JAR WITH PINK LID,United Kingdom
548864,22963,JAM JAR WITH GREEN LID,United Kingdom
548864,23179,CLOCK MAGNET MUM'S KITCHEN,United Kingdom
548864,35265,COLOURFUL FLOWER FRUIT BOWL,United Kingdom
548864,72780,BLACK SILOUETTE CANDLE PLATE,United Kingdom
548864,75131,METAL TUBE CHIME ON BAMBOO,United Kingdom
548864,82567,"AIRLINE LOUNGE,METAL SIGN",United Kingdom
548864,84789,ENCHANTED BIRD PLANT CAGE,United Kingdom
548864,84881,BLUE WIRE SPIRAL CANDLE HOLDER,United Kingdom
548864,85124B,BLUE JUICY FRUIT PHOTO FRAME,United Kingdom
548864,85124C,GREEN JUICY FRUIT PHOTO FRAME,United Kingdom
548864,85150,LADIES & GENTLEMEN METAL SIGN,United Kingdom
548864,85184C,S/4 VALENTINE DECOUPAGE HEART BOX,United Kingdom
548971,21165,BEWARE OF THE CAT METAL SIGN,United Kingdom
548971,21166,COOK WITH WINE METAL SIGN,United Kingdom
548971,21175,GIN + TONIC DIET METAL SIGN,United Kingdom
548971,21181,PLEASE ONE PERSON METAL SIGN,United Kingdom
548971,21216,"SET 3 RETROSPOT TEA,COFFEE,SUGAR",United Kingdom
548971,21524,DOORMAT SPOTTY HOME SWEET HOME,United Kingdom
548971,21903,MAN FLU METAL SIGN,United Kingdom
548971,21907,I'M ON HOLIDAY METAL SIGN,United Kingdom
548971,22059,CERAMIC STRAWBERRY DESIGN MUG,United Kingdom
548971,22131,FOOD CONTAINER SET 3 LOVE HEART,United Kingdom
548971,22174,PHOTO CUBE,United Kingdom
548971,22195,LARGE HEART MEASURING SPOONS,United Kingdom
548971,22413,METAL SIGN TAKE IT OR LEAVE IT,United Kingdom
548971,22957,SET 3 PAPER VINTAGE CHICK PAPER EGG,United Kingdom
548971,35914,PINK CHICK EGG WARMER + EGG CUP,United Kingdom
548971,37448,CERAMIC CAKE DESIGN SPOTTED MUG,United Kingdom
548971,48111,DOORMAT 3 SMILEY CATS,United Kingdom
548971,48116,DOORMAT MULTICOLOUR STRIPE,United Kingdom
548971,48185,DOORMAT FAIRY CAKE,United Kingdom
548971,48188,DOORMAT WELCOME PUPPIES,United Kingdom
548971,84596F,SMALL MARSHMALLOWS PINK BOWL,United Kingdom
548971,84596G,SMALL CHOCOLATES PINK BOWL,United Kingdom
548971,84988,SET OF 72 PINK HEART PAPER DOILIES,United Kingdom
548971,85020,ROUND PINK HEART MIRROR,United Kingdom
548971,85150,LADIES & GENTLEMEN METAL SIGN,United Kingdom
549259,15036,ASSORTED COLOURS SILK FAN,United Kingdom
549259,21746,SMALL RED RETROSPOT WINDMILL,United Kingdom
549259,21914,BLUE HARMONICA IN BOX,United Kingdom
549259,21915,RED  HARMONICA IN BOX,United Kingdom
549259,22086,PAPER CHAIN KIT 50'S CHRISTMAS,United Kingdom
549259,22419,LIPSTICK PEN RED,United Kingdom
549259,22741,FUNKY DIVA PEN,United Kingdom
549259,22909,SET OF 20 VINTAGE CHRISTMAS NAPKINS,United Kingdom
549259,22970,LONDON BUS COFFEE MUG,United Kingdom
549259,84077,WORLD WAR 2 GLIDERS ASSTD DESIGNS,United Kingdom
549302,20971,PINK BLUE FELT CRAFT TRINKET BOX,United Kingdom
549302,20981,12 PENCILS TALL TUBE WOODLAND,United Kingdom
549302,20982,12 PENCILS TALL TUBE SKULLS,United Kingdom
549302,21870,I CAN ONLY PLEASE ONE PERSON MUG,United Kingdom
549302,22089,PAPER BUNTING VINTAGE PAISLEY,United Kingdom
549302,22138,BAKING SET 9 PIECE RETROSPOT,United Kingdom
549302,22139,RETROSPOT TEA SET CERAMIC 11 PC,United Kingdom
549302,22149,FELTCRAFT 6 FLOWER FRIENDS,United Kingdom
549302,22457,NATURAL SLATE HEART CHALKBOARD,United Kingdom
549302,22464,HANGING METAL HEART LANTERN,United Kingdom
549302,22465,HANGING METAL STAR LANTERN,United Kingdom
549302,22466,FAIRY TALE COTTAGE NIGHTLIGHT,United Kingdom
549302,22468,BABUSHKA LIGHTS STRING OF 10,United Kingdom
549302,22493,PAINT YOUR OWN CANVAS SET,United Kingdom
549302,22550,HOLIDAY FUN LUDO,United Kingdom
549302,22568,FELTCRAFT CUSHION OWL,United Kingdom
549302,22620,4 TRADITIONAL SPINNING TOPS,United Kingdom
549302,22745,POPPY'S PLAYHOUSE BEDROOM,United Kingdom
549302,22748,POPPY'S PLAYHOUSE KITCHEN,United Kingdom
549302,22752,SET 7 BABUSHKA NESTING BOXES,United Kingdom
549302,23078,ICE CREAM PEN LIP GLOSS,United Kingdom
549302,23177,TREASURE ISLAND BOOK BOX,United Kingdom
549302,47566,PARTY BUNTING,United Kingdom
549302,84879,ASSORTED COLOUR BIRD ORNAMENT,United Kingdom
549306,21294,ETCHED GLASS COASTER,United Kingdom
549306,22423,REGENCY CAKESTAND 3 TIER,United Kingdom
549306,22501,PICNIC BASKET WICKER LARGE,United Kingdom
549306,22595,GINGHAM HEART DECORATION,United Kingdom
549306,82583,HOT BATHS METAL SIGN,United Kingdom
549306,84879,ASSORTED COLOUR BIRD ORNAMENT,United Kingdom
549306,84970S,HANGING HEART ZINC T-LIGHT HOLDER,United Kingdom
549306,85066,CREAM SWEETHEART MINI CHEST,United Kingdom
549433,21922,UNION STRIPE WITH FRINGE  HAMMOCK,United Kingdom
549433,22607,WOODEN ROUNDERS GARDEN SET,United Kingdom
549433,22660,DOORMAT I LOVE LONDON,United Kingdom
549433,22971,QUEENS GUARD COFFEE MUG,United Kingdom
549443,22772,PINK DRAWER KNOB ACRYLIC EDWARDIAN,United Kingdom
549443,22844,VINTAGE CREAM DOG FOOD CONTAINER,United Kingdom
549443,22855,FINE WICKER HEART,United Kingdom
549443,84763,ZINC FINISH 15CM PLANTER POTS,United Kingdom
549443,84832,ZINC WILLIE WINKIE  CANDLE STICK,United Kingdom
549443,84836,ZINC METAL HEART DECORATION,United Kingdom
549443,85123A,WHITE HANGING HEART T-LIGHT HOLDER,United Kingdom
549729,20685,DOORMAT RED RETROSPOT,United Kingdom
549729,21389,IVORY HANGING DECORATION  BIRD,United Kingdom
549729,21498,RED RETROSPOT WRAP,United Kingdom
549729,21733,RED HANGING HEART T-LIGHT HOLDER,United Kingdom
549729,21794,CLASSIC FRENCH STYLE BASKET NATURAL,United Kingdom
549729,21928,JUMBO BAG SCANDINAVIAN BLUE PAISLEY,United Kingdom
549729,21930,JUMBO STORAGE BAG SKULLS,United Kingdom
549729,22188,BLACK HEART CARD HOLDER,United Kingdom
549729,22189,CREAM HEART CARD HOLDER,United Kingdom
549729,22266,EASTER DECORATION HANGING BUNNY,United Kingdom
549729,22386,JUMBO BAG PINK POLKADOT,United Kingdom
549729,22411,JUMBO SHOPPER VINTAGE RED PAISLEY,United Kingdom
549729,22644,CERAMIC CHERRY CAKE MONEY BANK,United Kingdom
549729,22646,CERAMIC STRAWBERRY CAKE MONEY BANK,United Kingdom
549729,22804,CANDLEHOLDER PINK HANGING HEART,United Kingdom
549729,22851,SET 20 NAPKINS FAIRY CAKES DESIGN,United Kingdom
549729,22857,ASSORTED EASTER GIFT TAGS,United Kingdom
549729,22957,SET 3 PAPER VINTAGE CHICK PAPER EGG,United Kingdom
549729,47566,PARTY BUNTING,United Kingdom
549729,47566B,TEA TIME PARTY BUNTING,United Kingdom
549729,48111,DOORMAT 3 SMILEY CATS,United Kingdom
549729,48138,DOORMAT UNION FLAG,United Kingdom
549729,48184,DOORMAT ENGLISH ROSE,United Kingdom
549729,48194,DOORMAT HEARTS,United Kingdom
549729,72741,GRAND CHOCOLATECANDLE,United Kingdom
549729,84745A,PINK HANGING GINGHAM EASTER HEN,United Kingdom
549729,84745B,BLUE HANGING GINGHAM EASTER HEN,United Kingdom
549729,84879,ASSORTED COLOUR BIRD ORNAMENT,United Kingdom
549729,84944,SET OF 6 KASHMIR FOLKART BAUBLES,United Kingdom
549729,85053,FRENCH ENAMEL CANDLEHOLDER,United Kingdom
549729,85059,FRENCH ENAMEL WATER BASIN,United Kingdom
549729,85099B,JUMBO BAG RED RETROSPOT,United Kingdom
549729,85186A,EASTER BUNNY GARLAND OF FLOWERS,United Kingdom
549729,85186C,BUNNY EGG GARLAND,United Kingdom
549729,85188A,GREEN METAL SWINGING BUNNY,United Kingdom
549830,21327,SKULLS WRITING SET,United Kingdom
549830,21329,DINOSAURS  WRITING SET,United Kingdom
549830,21878,PACK OF 6 SANDCASTLE FLAGS ASSORTED,United Kingdom
549830,22084,PAPER CHAIN KIT EMPIRE,United Kingdom
549830,22270,HAPPY EASTER HANGING DECORATION,United Kingdom
549830,22849,BREAD BIN DINER STYLE MINT,United Kingdom
549830,22927,GREEN GIANT GARDEN THERMOMETER,United Kingdom
549830,84596B,SMALL DOLLY MIX DESIGN ORANGE BOWL,United Kingdom
549830,84596F,SMALL MARSHMALLOWS PINK BOWL,United Kingdom
550054,20725,LUNCH BAG RED RETROSPOT,United Kingdom
550054,22423,REGENCY CAKESTAND 3 TIER,United Kingdom
550054,23207,LUNCH BAG ALPHABET DESIGN,United Kingdom
550054,71459,HANGING JAM JAR T-LIGHT HOLDER,United Kingdom
550054,85099B,JUMBO BAG RED RETROSPOT,United Kingdom
550301,21497,FANCY FONTS BIRTHDAY WRAP,United Kingdom
550301,21755,LOVE BUILDING BLOCK WORD,United Kingdom
550301,21755,LOVE BUILDING BLOCK WORD,United Kingdom
550301,21755,LOVE BUILDING BLOCK WORD,United Kingdom
550301,22061,LARGE CAKE STAND  HANGING STRAWBERY,United Kingdom
550301,22241,GARLAND WOODEN HAPPY EASTER,United Kingdom
550301,22284,HEN HOUSE DECORATION,United Kingdom
550301,22427,ENAMEL FLOWER JUG CREAM,United Kingdom
550301,22464,HANGING METAL HEART LANTERN,United Kingdom
550301,22464,HANGING METAL HEART LANTERN,United Kingdom
550301,22904,CALENDAR PAPER CUT DESIGN,United Kingdom
550301,23065,LARGE DECO JEWELLERY STAND,United Kingdom
550301,23230,WRAP ALPHABET DESIGN,United Kingdom
550301,72800D,4 BLUE DINNER CANDLES SILVER FLOCK,United Kingdom
550301,72803A,ROSE SCENT CANDLE JEWELLED DRAWER,United Kingdom
550301,82484,WOOD BLACK BOARD ANT WHITE FINISH,United Kingdom
550301,85123A,WHITE HANGING HEART T-LIGHT HOLDER,United Kingdom
550301,85194L,HANGING SPRING FLOWER EGG LARGE,United Kingdom
550354,M,Manual,Germany
550521,15036,ASSORTED COLOURS SILK FAN,United Kingdom
550521,21912,VINTAGE SNAKES & LADDERS,United Kingdom
550521,21975,PACK OF 60 DINOSAUR CAKE CASES,United Kingdom
550521,21977,PACK OF 60 PINK PAISLEY CAKE CASES,United Kingdom
550521,22192,BLUE DINER WALL CLOCK,United Kingdom
550521,22271,FELTCRAFT DOLL ROSIE,United Kingdom
550521,22274,FELTCRAFT DOLL EMILY,United Kingdom
550521,22366,DOORMAT AIRMAIL,United Kingdom
550521,22384,LUNCH BAG PINK POLKADOT,United Kingdom
550521,22386,JUMBO BAG PINK POLKADOT,United Kingdom
550521,22607,WOODEN ROUNDERS GARDEN SET,United Kingdom
550521,22854,CREAM SWEETHEART EGG HOLDER,United Kingdom
550521,22969,HOMEMADE JAM SCENTED CANDLES,United Kingdom
550521,23199,JUMBO BAG APPLES,United Kingdom
550521,23201,JUMBO BAG ALPHABET,United Kingdom
550521,23206,LUNCH BAG APPLE DESIGN,United Kingdom
550521,23207,LUNCH BAG ALPHABET DESIGN,United Kingdom
550521,23230,WRAP ALPHABET DESIGN,United Kingdom
550521,37370,RETRO COFFEE MUGS ASSORTED,United Kingdom
550521,48184,DOORMAT ENGLISH ROSE,United Kingdom
550521,84879,ASSORTED COLOUR BIRD ORNAMENT,United Kingdom
550521,84992,72 SWEETHEART FAIRY CAKE CASES,United Kingdom
550521,85066,CREAM SWEETHEART MINI CHEST,United Kingdom
550524,22084,PAPER CHAIN KIT EMPIRE,United Kingdom
550524,22088,PAPER BUNTING COLOURED LACE,United Kingdom
550524,22090,PAPER BUNTING RETROSPOT,United Kingdom
550524,84755,COLOUR GLASS T-LIGHT HOLDER HANGING,United Kingdom
550623,21925,UNION STRIPE CUSHION COVER,United Kingdom
550623,21926,RED/CREAM STRIPE CUSHION COVER,United Kingdom
550623,21927,BLUE/CREAM STRIPE CUSHION COVER,United Kingdom
550623,22498,WOODEN REGATTA BUNTING,United Kingdom
550623,22499,WOODEN UNION JACK BUNTING,United Kingdom
550623,46000S,POLYESTER FILLER PAD 40x40cm,United Kingdom
550714,20974,12 PENCILS SMALL TUBE SKULL,United Kingdom
550714,20975,12 PENCILS SMALL TUBE RED RETROSPOT,United Kingdom
550714,21067,VINTAGE RED TEATIME MUG,United Kingdom
550714,21069,VINTAGE BILLBOARD TEA MUG,United Kingdom
550714,21070,VINTAGE BILLBOARD MUG,United Kingdom
550714,21754,HOME BUILDING BLOCK WORD,United Kingdom
550714,21756,BATH BUILDING BLOCK WORD,United Kingdom
550714,22294,HEART FILIGREE DOVE  SMALL,United Kingdom
550714,22383,LUNCH BAG SUKI DESIGN,United Kingdom
550714,22384,LUNCH BAG PINK POLKADOT,United Kingdom
550714,22502,PICNIC BASKET WICKER SMALL,United Kingdom
550714,22595,GINGHAM HEART DECORATION,United Kingdom
550714,22652,TRAVEL SEWING KIT,United Kingdom
550714,22740,POLKADOT PEN,United Kingdom
550714,37370,RETRO COFFEE MUGS ASSORTED,United Kingdom
550714,47566,PARTY BUNTING,United Kingdom
550714,84030E,ENGLISH ROSE HOT WATER BOTTLE,United Kingdom
550714,84913A,SOFT PINK ROSE TOWEL,United Kingdom
550714,84913B,MINT GREEN ROSE TOWEL,United Kingdom
550723,20676,RED RETROSPOT BOWL,United Kingdom
550723,20677,PINK POLKADOT BOWL,United Kingdom
550723,20727,LUNCH BAG  BLACK SKULL.,United Kingdom
550723,20728,LUNCH BAG CARS BLUE,United Kingdom
550723,20914,SET/5 RED RETROSPOT LID GLASS BOWLS,United Kingdom
550723,21928,JUMBO BAG SCANDINAVIAN BLUE PAISLEY,United Kingdom
550723,21930,JUMBO STORAGE BAG SKULLS,United Kingdom
550723,22179,SET 10 LIGHTS NIGHT OWL,United Kingdom
550723,22384,LUNCH BAG PINK POLKADOT,United Kingdom
550723,22386,JUMBO BAG PINK POLKADOT,United Kingdom
550723,22865,HAND WARMER OWL DESIGN,United Kingdom
550723,22930,BAKING MOULD HEART MILK CHOCOLATE,United Kingdom
550723,23146,TRIPLE HOOK ANTIQUE IVORY ROSE,United Kingdom
550723,23152,IVORY SWEETHEART WIRE LETTER RACK,United Kingdom
550723,23199,JUMBO BAG APPLES,United Kingdom
550723,23206,LUNCH BAG APPLE DESIGN,United Kingdom
550723,23207,LUNCH BAG ALPHABET DESIGN,United Kingdom
550723,51020A,SUMMER FUN DESIGN SHOWER CAP,United Kingdom
550754,22423,REGENCY CAKESTAND 3 TIER,United Kingdom
550754,22499,WOODEN UNION JACK BUNTING,United Kingdom
550773,20725,LUNCH BAG RED RETROSPOT,United Kingdom
550773,20750,RED RETROSPOT MINI CASES,United Kingdom
550773,21260,FIRST AID TIN,United Kingdom
550773,21668,RED STRIPE CERAMIC DRAWER KNOB,United Kingdom
550773,21669,BLUE STRIPE CERAMIC DRAWER KNOB,United Kingdom
550773,21670,BLUE SPOT CERAMIC DRAWER KNOB,United Kingdom
550773,21671,RED SPOT CERAMIC DRAWER KNOB,United Kingdom
550773,21672,WHITE SPOT RED CERAMIC DRAWER KNOB,United Kingdom
550773,21936,RED RETROSPOT PICNIC BAG,United Kingdom
550773,21937,STRAWBERRY   PICNIC BAG,United Kingdom
550773,22197,SMALL POPCORN HOLDER,United Kingdom
550773,22377,BOTTLE BAG RETROSPOT,United Kingdom
550773,22379,RECYCLING BAG RETROSPOT,United Kingdom
550773,22381,TOY TIDY PINK POLKADOT,United Kingdom
550773,22386,JUMBO BAG PINK POLKADOT,United Kingdom
550773,22457,NATURAL SLATE HEART CHALKBOARD,United Kingdom
550773,22478,BIRDHOUSE GARDEN MARKER,United Kingdom
550773,22771,CLEAR DRAWER KNOB ACRYLIC EDWARDIAN,United Kingdom
550773,22805,BLUE DRAWER KNOB ACRYLIC EDWARDIAN,United Kingdom
550773,84879,ASSORTED COLOUR BIRD ORNAMENT,United Kingdom
550781,21658,GLASS  BEURRE DISH,United Kingdom
550781,21868,POTTING SHED TEA MUG,United Kingdom
550781,22423,REGENCY CAKESTAND 3 TIER,United Kingdom
550781,22719,GUMBALL MONOCHROME COAT RACK,United Kingdom
550781,22781,GUMBALL MAGAZINE RACK,United Kingdom
550781,22848,BREAD BIN DINER STYLE PINK,United Kingdom
550781,22849,BREAD BIN DINER STYLE MINT,United Kingdom
550781,37327,ASSTD MULTICOLOUR CIRCLES MUG,United Kingdom
550781,37370,RETRO COFFEE MUGS ASSORTED,United Kingdom
550781,47566,PARTY BUNTING,United Kingdom
550781,79030G,TUMBLER NEW ENGLAND,United Kingdom
550781,79066K,RETRO MOD TRAY,United Kingdom
550781,84313C,ORANGE TV TRAY TABLE,United Kingdom
550781,84358,FLOOR LAMP SHADE WOOD BASE,United Kingdom
550781,84563A,PINK & WHITE BREAKFAST TRAY,United Kingdom
550781,84563B,BLUE & WHITE BREAKFAST TRAY,United Kingdom
550781,84597B,RETRO BROWN BALL ASHTRAY,United Kingdom
550781,84597C,RETRO PINK BALL ASHTRAY,United Kingdom
550781,85159B,"WHITE TEA,COFFEE,SUGAR JARS",United Kingdom
550821,21658,GLASS  BEURRE DISH,France
550821,21974,SET OF 36 PAISLEY FLOWER DOILIES,France
550821,22090,PAPER BUNTING RETROSPOT,France
550821,22328,ROUND SNACK BOXES SET OF 4 FRUITS,France
550821,22432,WATERING CAN PINK BUNNY,France
550821,22604,SET OF 4 NAPKIN CHARMS CUTLERY,France
550821,22722,SET OF 6 SPICE TINS PANTRY DESIGN,France
550821,22840,ROUND CAKE TIN VINTAGE RED,France
550821,22841,ROUND CAKE TIN VINTAGE GREEN,France
550821,22907,PACK OF 20 NAPKINS PANTRY DESIGN,France
550821,22926,IVORY GIANT GARDEN THERMOMETER,France
550821,22927,GREEN GIANT GARDEN THERMOMETER,France
550821,22933,BAKING MOULD EASTER EGG MILK CHOC,France
550821,22934,BAKING MOULD EASTER EGG WHITE CHOC,France
550821,22960,JAM MAKING SET WITH JARS,France
550821,22962,JAM JAR WITH PINK LID,France
550821,22963,JAM JAR WITH GREEN LID,France
550821,22978,PANTRY ROLLING PIN,France
550821,22989,SET 2 PANTRY DESIGN TEA TOWELS,France
550821,84375,SET OF 20 KIDS COOKIE CUTTERS,France
550821,84378,SET OF 3 HEART COOKIE CUTTERS,France
550821,84987,SET OF 36 TEATIME PAPER DOILIES,France
550821,84988,SET OF 72 PINK HEART PAPER DOILIES,France
551277,20657,TROPICAL LUGGAGE TAG,United Kingdom
551277,20658,RED RETROSPOT LUGGAGE TAG,United Kingdom
551277,20676,RED RETROSPOT BOWL,United Kingdom
551277,20677,PINK POLKADOT BOWL,United Kingdom
551277,20725,LUNCH BAG RED RETROSPOT,United Kingdom
551277,20914,SET/5 RED RETROSPOT LID GLASS BOWLS,United Kingdom
551277,21155,RED RETROSPOT PEG BAG,United Kingdom
551277,21166,COOK WITH WINE METAL SIGN,United Kingdom
551277,21212,PACK OF 72 RETROSPOT CAKE CASES,United Kingdom
551277,21218,RED SPOTTY BISCUIT TIN,United Kingdom
551277,21314,SMALL GLASS HEART TRINKET POT,United Kingdom
551277,21385,IVORY HANGING DECORATION  HEART,United Kingdom
551277,21528,DAIRY MAID TRADITIONAL TEAPOT,United Kingdom
551277,21531,RED RETROSPOT SUGAR JAM BOWL,United Kingdom
551277,21535,RED RETROSPOT SMALL MILK JUG,United Kingdom
551277,21535,RED RETROSPOT SMALL MILK JUG,United Kingdom
551277,21844,RED RETROSPOT MUG,United Kingdom
551277,21866,UNION JACK FLAG LUGGAGE TAG,United Kingdom
551277,21867,PINK UNION JACK  LUGGAGE TAG,United Kingdom
551277,21867,PINK UNION JACK  LUGGAGE TAG,United Kingdom
551277,21899,"KEY FOB , GARAGE DESIGN",United Kingdom
551277,21900,"KEY FOB , SHED",United Kingdom
551277,21901,"KEY FOB , BACK DOOR",United Kingdom
551277,21936,RED RETROSPOT PICNIC BAG,United Kingdom
551277,21975,PACK OF 60 DINOSAUR CAKE CASES,United Kingdom
551277,21975,PACK OF 60 DINOSAUR CAKE CASES,United Kingdom
551277,22139,RETROSPOT TEA SET CERAMIC 11 PC,United Kingdom
551277,22156,HEART DECORATION WITH PEARLS,United Kingdom
551277,22197,SMALL POPCORN HOLDER,United Kingdom
551277,22296,HEART IVORY TRELLIS LARGE,United Kingdom
551277,22382,LUNCH BAG SPACEBOY DESIGN,United Kingdom
551277,22413,METAL SIGN TAKE IT OR LEAVE IT,United Kingdom
551277,22417,PACK OF 60 SPACEBOY CAKE CASES,United Kingdom
551277,22424,ENAMEL BREAD BIN CREAM,United Kingdom
551277,22457,NATURAL SLATE HEART CHALKBOARD,United Kingdom
551277,22464,HANGING METAL HEART LANTERN,United Kingdom
551277,22558,CLOTHES PEGS RETROSPOT PACK 24,United Kingdom
551277,22766,PHOTO FRAME CORNICE,United Kingdom
551277,22794,SWEETHEART WIRE MAGAZINE RACK,United Kingdom
551277,22796,PHOTO FRAME 3 CLASSIC HANGING,United Kingdom
551277,22840,ROUND CAKE TIN VINTAGE RED,United Kingdom
551277,23132,SMALL IVORY HEART WALL ORGANISER,United Kingdom
551277,23135,SMALL ZINC HEART WALL ORGANISER,United Kingdom
551277,23152,IVORY SWEETHEART WIRE LETTER RACK,United Kingdom
551277,23153,ZINC SWEETHEART WIRE LETTER RACK,United Kingdom
551277,35961,FOLKART ZINC HEART CHRISTMAS DEC,United Kingdom
551277,37447,CERAMIC CAKE DESIGN SPOTTED PLATE,United Kingdom
551277,82578,KITCHEN METAL SIGN,United Kingdom
551277,82580,BATHROOM METAL SIGN,United Kingdom
551277,84596F,SMALL MARSHMALLOWS PINK BOWL,United Kingdom
551277,84755,COLOUR GLASS T-LIGHT HOLDER HANGING,United Kingdom
551277,84836,ZINC METAL HEART DECORATION,United Kingdom
551277,84847,FLORAL BATHROOM SET,United Kingdom
551277,84880,WHITE WIRE EGG HOLDER,United Kingdom
551277,84970L,SINGLE HEART ZINC T-LIGHT HOLDER,United Kingdom
551277,84978,HANGING HEART JAR T-LIGHT HOLDER,United Kingdom
551277,84991,60 TEATIME FAIRY CAKE CASES,United Kingdom
551277,84992,72 SWEETHEART FAIRY CAKE CASES,United Kingdom
551277,84992,72 SWEETHEART FAIRY CAKE CASES,United Kingdom
551277,85061W,WHITE JEWELLED HEART DECORATION,United Kingdom
551277,85062,PEARL CRYSTAL PUMPKIN T-LIGHT HLDR,United Kingdom
551277,85123A,WHITE HANGING HEART T-LIGHT HOLDER,United Kingdom
551277,85130D,BEADED CRYSTAL HEART PINK LARGE,United Kingdom
551277,M,Manual,United Kingdom
551279,22740,POLKADOT PEN,United Kingdom
551289,20725,LUNCH BAG RED RETROSPOT,United Kingdom
551289,20727,LUNCH BAG  BLACK SKULL.,United Kingdom
551289,20728,LUNCH BAG CARS BLUE,United Kingdom
551289,21746,SMALL RED RETROSPOT WINDMILL,United Kingdom
551289,21749,LARGE RED RETROSPOT WINDMILL,United Kingdom
551289,21928,JUMBO BAG SCANDINAVIAN BLUE PAISLEY,United Kingdom
551289,21929,JUMBO BAG PINK VINTAGE PAISLEY,United Kingdom
551289,21984,PACK OF 12 PINK PAISLEY TISSUES,United Kingdom
551289,22227,HANGING HEART MIRROR DECORATION,United Kingdom
551289,22383,LUNCH BAG SUKI DESIGN,United Kingdom
551289,22411,JUMBO SHOPPER VINTAGE RED PAISLEY,United Kingdom
551289,22602,RETROSPOT WOODEN HEART DECORATION,United Kingdom
551289,22926,IVORY GIANT GARDEN THERMOMETER,United Kingdom
551289,23199,JUMBO BAG APPLES,United Kingdom
551289,23206,LUNCH BAG APPLE DESIGN,United Kingdom
551289,23208,LUNCH BAG VINTAGE LEAF DESIGN,United Kingdom
551289,47566,PARTY BUNTING,United Kingdom
551289,47591D,PINK FAIRY CAKE CHILDRENS APRON,United Kingdom
551289,84978,HANGING HEART JAR T-LIGHT HOLDER,United Kingdom
551289,85099B,JUMBO BAG RED RETROSPOT,United Kingdom
551343,22386,JUMBO BAG PINK POLKADOT,United Kingdom
551343,22423,REGENCY CAKESTAND 3 TIER,United Kingdom
551343,22499,WOODEN UNION JACK BUNTING,United Kingdom
551343,22697,GREEN REGENCY TEACUP AND SAUCER,United Kingdom
551343,22698,PINK REGENCY TEACUP AND SAUCER,United Kingdom
551343,22699,ROSES REGENCY TEACUP AND SAUCER,United Kingdom
551343,47566,PARTY BUNTING,United Kingdom
551397,21361,LOVE LARGE WOOD LETTERS,United Kingdom
551397,21363,HOME SMALL WOOD LETTERS,United Kingdom
551397,21422,PORCELAIN ROSE SMALL,United Kingdom
551397,21613,S/12 VANILLA  BOTANICAL T-LIGHTS,United Kingdom
551397,22087,PAPER BUNTING WHITE LACE,United Kingdom
551397,22151,PLACE SETTING WHITE HEART,United Kingdom
551397,22294,HEART FILIGREE DOVE  SMALL,United Kingdom
551397,22457,NATURAL SLATE HEART CHALKBOARD,United Kingdom
551397,22464,HANGING METAL HEART LANTERN,United Kingdom
551397,22776,SWEETHEART CAKESTAND 3 TIER,United Kingdom
551397,22801,ANTIQUE GLASS PEDESTAL BOWL,United Kingdom
551397,22807,SET OF 6 T-LIGHTS TOADSTOOLS,United Kingdom
551397,84879,ASSORTED COLOUR BIRD ORNAMENT,United Kingdom
551397,85040A,S/4 PINK FLOWER CANDLES IN BOWL,United Kingdom
551603,20712,JUMBO BAG WOODLAND ANIMALS,United Kingdom
551603,20726,LUNCH BAG WOODLAND,United Kingdom
551603,21175,GIN + TONIC DIET METAL SIGN,United Kingdom
551603,21179,NO JUNK MAIL METAL SIGN,United Kingdom
551603,21181,PLEASE ONE PERSON METAL SIGN,United Kingdom
551603,21213,PACK OF 72 SKULL CAKE CASES,United Kingdom
551603,21733,RED HANGING HEART T-LIGHT HOLDER,United Kingdom
551603,21929,JUMBO BAG PINK VINTAGE PAISLEY,United Kingdom
551603,21930,JUMBO STORAGE BAG SKULLS,United Kingdom
551603,22131,FOOD CONTAINER SET 3 LOVE HEART,United Kingdom
551603,22385,JUMBO BAG SPACEBOY DESIGN,United Kingdom
551603,22386,JUMBO BAG PINK POLKADOT,United Kingdom
551603,22411,JUMBO SHOPPER VINTAGE RED PAISLEY,United Kingdom
551603,22417,PACK OF 60 SPACEBOY CAKE CASES,United Kingdom
551603,22666,RECIPE BOX PANTRY YELLOW DESIGN,United Kingdom
551603,22722,SET OF 6 SPICE TINS PANTRY DESIGN,United Kingdom
551603,22727,ALARM CLOCK BAKELIKE RED,United Kingdom
551603,22993,SET OF 4 PANTRY JELLY MOULDS,United Kingdom
551603,23075,PARLOUR CERAMIC WALL HOOK,United Kingdom
551603,23199,JUMBO BAG APPLES,United Kingdom
551603,82600,NO SINGING METAL SIGN,United Kingdom
551603,84563B,BLUE & WHITE BREAKFAST TRAY,United Kingdom
551603,85099B,JUMBO BAG RED RETROSPOT,United Kingdom
551603,85150,LADIES & GENTLEMEN METAL SIGN,United Kingdom
551959,22665,RECIPE BOX BLUE SKETCHBOOK DESIGN,United Kingdom
551959,22721,SET OF 3 CAKE TINS SKETCHBOOK,United Kingdom
551959,22723,SET OF 6 HERB TINS SKETCHBOOK,United Kingdom
551959,22799,SWEETHEART WIRE FRUIT BOWL,United Kingdom
551959,22969,HOMEMADE JAM SCENTED CANDLES,United Kingdom
551959,22995,TRAVEL CARD WALLET SUKI,United Kingdom
551959,23180,MUM'S KITCHEN CLOCK,United Kingdom
552057,21080,SET/20 RED RETROSPOT PAPER NAPKINS,United Kingdom
552057,21524,DOORMAT SPOTTY HOME SWEET HOME,United Kingdom
552057,21754,HOME BUILDING BLOCK WORD,United Kingdom
552057,21980,PACK OF 12 RED RETROSPOT TISSUES,United Kingdom
552057,22722,SET OF 6 SPICE TINS PANTRY DESIGN,United Kingdom
552057,22847,BREAD BIN DINER STYLE IVORY,United Kingdom
552057,23144,ZINC T-LIGHT HOLDER STARS SMALL,United Kingdom
552057,23194,GYMKHANA TREASURE BOOK BOX,United Kingdom
552057,23230,WRAP ALPHABET DESIGN,United Kingdom
552057,23299,FOOD COVER WITH BEADS SET 2,United Kingdom
552057,48184,DOORMAT ENGLISH ROSE,United Kingdom
552057,84945,MULTI COLOUR SILVER T-LIGHT HOLDER,United Kingdom
552057,84946,ANTIQUE SILVER T-LIGHT GLASS,United Kingdom
552168,20971,PINK BLUE FELT CRAFT TRINKET BOX,United Kingdom
552168,22147,FELTCRAFT BUTTERFLY HEARTS,United Kingdom
552168,22150,3 STRIPEY MICE FELTCRAFT,United Kingdom
552168,22438,BALLOON ART MAKE YOUR OWN FLOWERS,United Kingdom
552168,22653,BUTTON BOX,United Kingdom
552168,22744,MAKE YOUR OWN MONSOON CARD KIT,United Kingdom
552168,23076,ICE CREAM SUNDAE LIP GLOSS,United Kingdom
552168,23078,ICE CREAM PEN LIP GLOSS,United Kingdom
552168,47566,PARTY BUNTING,United Kingdom
552168,72741,GRAND CHOCOLATECANDLE,United Kingdom
552168,84051,ASS COLOUR GLOWING TIARAS,United Kingdom
552188,20674,GREEN POLKADOT BOWL,Belgium
552188,20675,BLUE POLKADOT BOWL,Belgium
552188,20676,RED RETROSPOT BOWL,Belgium
552188,21238,RED RETROSPOT CUP,Belgium
552188,21240,BLUE POLKADOT CUP,Belgium
552188,21242,RED RETROSPOT PLATE,Belgium
552188,21244,BLUE POLKADOT PLATE,Belgium
552188,21245,GREEN POLKADOT PLATE,Belgium
552188,21452,TOADSTOOL MONEY BOX,Belgium
552188,22551,PLASTERS IN TIN SPACEBOY,Belgium
552188,22555,PLASTERS IN TIN STRONGMAN,Belgium
552188,22556,PLASTERS IN TIN CIRCUS PARADE,Belgium
552188,22557,PLASTERS IN TIN VINTAGE PAISLEY,Belgium
552188,22629,SPACEBOY LUNCH BOX,Belgium
552188,22630,DOLLY GIRL LUNCH BOX,Belgium
552188,22631,CIRCUS PARADE LUNCH BOX,Belgium
552188,22634,CHILDS BREAKFAST SET SPACEBOY,Belgium
552188,23254,CHILDRENS CUTLERY DOLLY GIRL,Belgium
552188,23255,CHILDRENS CUTLERY CIRCUS PARADE,Belgium
552188,23256,CHILDRENS CUTLERY SPACEBOY,Belgium
552188,POST,POSTAGE,Belgium
552254,21172,PARTY METAL SIGN,United Kingdom
552254,21174,POTTERING IN THE SHED METAL SIGN,United Kingdom
552254,21494,ROTATING LEAVES T-LIGHT HOLDER,United Kingdom
552254,21928,JUMBO BAG SCANDINAVIAN BLUE PAISLEY,United Kingdom
552254,22087,PAPER BUNTING WHITE LACE,United Kingdom
552254,23298,SPOTTY BUNTING,United Kingdom
552255,20801,LARGE PINK GLASS SUNDAE DISH,United Kingdom
552255,20838,FRENCH LATTICE CUSHION COVER,United Kingdom
552255,21212,PACK OF 72 RETROSPOT CAKE CASES,United Kingdom
552255,21213,PACK OF 72 SKULL CAKE CASES,United Kingdom
552255,21933,PINK VINTAGE PAISLEY PICNIC BAG,United Kingdom
552255,21975,PACK OF 60 DINOSAUR CAKE CASES,United Kingdom
552255,21977,PACK OF 60 PINK PAISLEY CAKE CASES,United Kingdom
552255,22417,PACK OF 60 SPACEBOY CAKE CASES,United Kingdom
552255,22423,REGENCY CAKESTAND 3 TIER,United Kingdom
552255,22951,60 CAKE CASES DOLLY GIRL DESIGN,United Kingdom
552255,35809A,ENAMEL PINK TEA CONTAINER,United Kingdom
552255,35810A,ENAMEL PINK COFFEE CONTAINER,United Kingdom
552255,82613B,"METAL SIGN,CUPCAKE SINGLE HOOK",United Kingdom
552255,84992,72 SWEETHEART FAIRY CAKE CASES,United Kingdom
552269,10125,MINI FUNKY DESIGN TAPES,United Kingdom
552269,20717,STRAWBERRY SHOPPER BAG,United Kingdom
552269,20717,STRAWBERRY SHOPPER BAG,United Kingdom
552269,20723,STRAWBERRY CHARLOTTE BAG,United Kingdom
552269,20914,SET/5 RED RETROSPOT LID GLASS BOWLS,United Kingdom
552269,20979,36 PENCILS TUBE RED RETROSPOT,United Kingdom
552269,21136,PAINTED METAL PEARS ASSORTED,United Kingdom
552269,21145,ANTIQUE GLASS PLACE SETTING,United Kingdom
552269,21586,KINGS CHOICE GIANT TUBE MATCHES,United Kingdom
552269,21755,LOVE BUILDING BLOCK WORD,United Kingdom
552269,21901,"KEY FOB , BACK DOOR",United Kingdom
552269,21902,"KEY FOB , FRONT  DOOR",United Kingdom
552269,22083,PAPER CHAIN KIT RETROSPOT,United Kingdom
552269,22090,PAPER BUNTING RETROSPOT,United Kingdom
552269,22161,HEART DECORATION RUSTIC HANGING,United Kingdom
552269,22161,HEART DECORATION RUSTIC HANGING,United Kingdom
552269,22296,HEART IVORY TRELLIS LARGE,United Kingdom
552269,22297,HEART IVORY TRELLIS SMALL,United Kingdom
552269,22349,DOG BOWL CHASING BALL DESIGN,United Kingdom
552269,22361,GLASS JAR DAISY FRESH COTTON WOOL,United Kingdom
552269,22361,GLASS JAR DAISY FRESH COTTON WOOL,United Kingdom
552269,22363,GLASS JAR MARMALADE,United Kingdom
552269,22364,GLASS JAR DIGESTIVE BISCUITS,United Kingdom
552269,22379,RECYCLING BAG RETROSPOT,United Kingdom
552269,22381,TOY TIDY PINK POLKADOT,United Kingdom
552269,22386,JUMBO BAG PINK POLKADOT,United Kingdom
552269,22419,LIPSTICK PEN RED,United Kingdom
552269,22421,LIPSTICK PEN FUSCHIA,United Kingdom
552269,22602,RETROSPOT WOODEN HEART DECORATION,United Kingdom
552269,22639,SET OF 4 NAPKIN CHARMS HEARTS,United Kingdom
552269,22666,RECIPE BOX PANTRY YELLOW DESIGN,United Kingdom
552269,22666,RECIPE BOX PANTRY YELLOW DESIGN,United Kingdom
552269,22692,DOORMAT WELCOME TO OUR HOME,United Kingdom
552269,22694,WICKER STAR,United Kingdom
552269,22694,WICKER STAR,United Kingdom
552269,22722,SET OF 6 SPICE TINS PANTRY DESIGN,United Kingdom
552269,22766,PHOTO FRAME CORNICE,United Kingdom
552269,22789,T-LIGHT HOLDER SWEETHEART HANGING,United Kingdom
552269,22855,FINE WICKER HEART,United Kingdom
552269,22916,HERB MARKER THYME,United Kingdom
552269,22917,HERB MARKER ROSEMARY,United Kingdom
552269,22917,HERB MARKER ROSEMARY,United Kingdom
552269,22917,HERB MARKER ROSEMARY,United Kingdom
552269,22918,HERB MARKER PARSLEY,United Kingdom
552269,22918,HERB MARKER PARSLEY,United Kingdom
552269,22919,HERB MARKER MINT,United Kingdom
552269,22919,HERB MARKER MINT,United Kingdom
552269,22920,HERB MARKER BASIL,United Kingdom
552269,22920,HERB MARKER BASIL,United Kingdom
552269,22921,HERB MARKER CHIVES,United Kingdom
552269,22921,HERB MARKER CHIVES,United Kingdom
552269,22926,IVORY GIANT GARDEN THERMOMETER,United Kingdom
552269,22953,BIRTHDAY PARTY CORDON BARRIER TAPE,United Kingdom
552269,22960,JAM MAKING SET WITH JARS,United Kingdom
552269,22980,PANTRY SCRUBBING BRUSH,United Kingdom
552269,22993,SET OF 4 PANTRY JELLY MOULDS,United Kingdom
552269,23040,PAPER LANTERN 9 POINT SNOW STAR,United Kingdom
552269,23068,ALUMINIUM STAMPED HEART,United Kingdom
552269,23130,MISTLETOE HEART WREATH GREEN,United Kingdom
552269,23154,SET OF 4 JAM JAR MAGNETS,United Kingdom
552269,23182,TOILET SIGN OCCUPIED OR VACANT,United Kingdom
552269,23203,JUMBO BAG DOILEY PATTERNS,United Kingdom
552269,23203,JUMBO BAG DOILEY PATTERNS,United Kingdom
552269,23206,LUNCH BAG APPLE DESIGN,United Kingdom
552269,23298,SPOTTY BUNTING,United Kingdom
552269,23298,SPOTTY BUNTING,United Kingdom
552269,48188,DOORMAT WELCOME PUPPIES,United Kingdom
552269,84692,BOX OF 24 COCKTAIL PARASOLS,United Kingdom
552269,84879,ASSORTED COLOUR BIRD ORNAMENT,United Kingdom
552269,84978,HANGING HEART JAR T-LIGHT HOLDER,United Kingdom
552269,85062,PEARL CRYSTAL PUMPKIN T-LIGHT HLDR,United Kingdom
552269,85099B,JUMBO BAG RED RETROSPOT,United Kingdom
552269,85123A,WHITE HANGING HEART T-LIGHT HOLDER,United Kingdom
552269,85123A,WHITE HANGING HEART T-LIGHT HOLDER,United Kingdom
552287,21498,RED RETROSPOT WRAP,United Kingdom
552287,22192,BLUE DINER WALL CLOCK,United Kingdom
552287,22383,LUNCH BAG SUKI DESIGN,United Kingdom
552287,22727,ALARM CLOCK BAKELIKE RED,United Kingdom
552287,22729,ALARM CLOCK BAKELIKE ORANGE,United Kingdom
552287,23206,LUNCH BAG APPLE DESIGN,United Kingdom
552287,23207,LUNCH BAG ALPHABET DESIGN,United Kingdom
552319,20665,RED RETROSPOT PURSE,United Kingdom
552319,20724,RED RETROSPOT CHARLOTTE BAG,United Kingdom
552319,21232,STRAWBERRY CERAMIC TRINKET BOX,United Kingdom
552319,85014B,RED RETROSPOT UMBRELLA,United Kingdom
552330,20726,LUNCH BAG WOODLAND,United Kingdom
552330,20969,RED FLORAL FELTCRAFT SHOULDER BAG,United Kingdom
552330,20970,PINK FLORAL FELTCRAFT SHOULDER BAG,United Kingdom
552330,22082,RIBBON REEL STRIPES DESIGN,United Kingdom
552330,22083,PAPER CHAIN KIT RETROSPOT,United Kingdom
552330,22149,FELTCRAFT 6 FLOWER FRIENDS,United Kingdom
552330,22150,3 STRIPEY MICE FELTCRAFT,United Kingdom
552330,22273,FELTCRAFT DOLL MOLLY,United Kingdom
552330,22274,FELTCRAFT DOLL EMILY,United Kingdom
552330,22568,FELTCRAFT CUSHION OWL,United Kingdom
552330,22569,FELTCRAFT CUSHION BUTTERFLY,United Kingdom
552330,22570,FELTCRAFT CUSHION RABBIT,United Kingdom
552330,22652,TRAVEL SEWING KIT,United Kingdom
552330,22749,FELTCRAFT PRINCESS CHARLOTTE DOLL,United Kingdom
552330,22750,FELTCRAFT PRINCESS LOLA DOLL,United Kingdom
552330,23126,FELTCRAFT GIRL AMELIE KIT,United Kingdom
552330,23127,FELTCRAFT GIRL NICOLE KIT,United Kingdom
552330,23128,FELTCRAFT BOY JEAN-PAUL KIT,United Kingdom
552330,23298,SPOTTY BUNTING,United Kingdom
552330,47566,PARTY BUNTING,United Kingdom
552452,21326,AGED GLASS SILVER T-LIGHT HOLDER,United Kingdom
552452,21340,CLASSIC METAL BIRDCAGE PLANT HOLDER,United Kingdom
552452,21592,RETROSPOT CIGAR BOX MATCHES,United Kingdom
552452,21947,SET OF 6 HEART CHOPSTICKS,United Kingdom
552452,21985,PACK OF 12 HEARTS DESIGN TISSUES,United Kingdom
552452,21993,FLORAL FOLK STATIONERY SET,United Kingdom
552452,22083,PAPER CHAIN KIT RETROSPOT,United Kingdom
552452,22090,PAPER BUNTING RETROSPOT,United Kingdom
552452,22097,SWALLOW SQUARE TISSUE BOX,United Kingdom
552452,22098,BOUDOIR SQUARE TISSUE BOX,United Kingdom
552452,22178,VICTORIAN GLASS HANGING T-LIGHT,United Kingdom
552452,22800,ANTIQUE TALL SWIRLGLASS TRINKET POT,United Kingdom
552452,22801,ANTIQUE GLASS PEDESTAL BOWL,United Kingdom
552452,84763,ZINC FINISH 15CM PLANTER POTS,United Kingdom
552452,85141,JARDIN ETCHED GLASS FRUITBOWL,United Kingdom
552557,22697,GREEN REGENCY TEACUP AND SAUCER,United Kingdom
552557,22698,PINK REGENCY TEACUP AND SAUCER,United Kingdom
552557,22699,ROSES REGENCY TEACUP AND SAUCER,United Kingdom
552557,23173,REGENCY TEAPOT ROSES,United Kingdom
552557,23174,REGENCY SUGAR BOWL GREEN,United Kingdom
552557,23175,REGENCY MILK JUG PINK,United Kingdom
552643,20886,BOX OF 9 PEBBLE CANDLES,United Kingdom
552643,21126,SET OF 6 GIRLS CELEBRATION CANDLES,United Kingdom
552643,21212,PACK OF 72 RETROSPOT CAKE CASES,United Kingdom
552643,21363,HOME SMALL WOOD LETTERS,United Kingdom
552643,21533,RETROSPOT LARGE MILK JUG,United Kingdom
552643,21977,PACK OF 60 PINK PAISLEY CAKE CASES,United Kingdom
552643,22170,PICTURE FRAME WOOD TRIPLE PORTRAIT,United Kingdom
552643,22423,REGENCY CAKESTAND 3 TIER,United Kingdom
552643,22629,SPACEBOY LUNCH BOX,United Kingdom
552643,22630,DOLLY GIRL LUNCH BOX,United Kingdom
552643,22631,CIRCUS PARADE LUNCH BOX,United Kingdom
552643,22832,BROCANTE SHELF WITH HOOKS,United Kingdom
552643,22993,SET OF 4 PANTRY JELLY MOULDS,United Kingdom
552643,23136,IVORY WIRE SWEETHEART LETTER TRAY,United Kingdom
552643,23152,IVORY SWEETHEART WIRE LETTER RACK,United Kingdom
552643,23284,DOORMAT KEEP CALM AND COME IN,United Kingdom
552643,23298,SPOTTY BUNTING,United Kingdom
552643,47566,PARTY BUNTING,United Kingdom
552643,72351A,SET/6 TURQUOISE BUTTERFLY T-LIGHTS,United Kingdom
552643,72351B,SET/6 PINK  BUTTERFLY T-LIGHTS,United Kingdom
552643,72802B,OCEAN SCENT CANDLE IN JEWELLED BOX,United Kingdom
552643,82486,WOOD S/3 CABINET ANT WHITE FINISH,United Kingdom
552643,84991,60 TEATIME FAIRY CAKE CASES,United Kingdom
552643,84992,72 SWEETHEART FAIRY CAKE CASES,United Kingdom
552643,85039B,S/4 IVORY MINI ROSE CANDLE IN BOWL,United Kingdom
552643,85040A,S/4 PINK FLOWER CANDLES IN BOWL,United Kingdom
552643,85123A,WHITE HANGING HEART T-LIGHT HOLDER,United Kingdom
552643,85170D,SET/6 PINK BIRD T-LIGHT CANDLES,United Kingdom
552822,20712,JUMBO BAG WOODLAND ANIMALS,United Kingdom
552822,20726,LUNCH BAG WOODLAND,United Kingdom
552822,20823,GOLD WINE GOBLET,United Kingdom
552822,21238,RED RETROSPOT CUP,United Kingdom
552822,21242,RED RETROSPOT PLATE,United Kingdom
552822,21497,FANCY FONTS BIRTHDAY WRAP,United Kingdom
552822,21731,RED TOADSTOOL LED NIGHT LIGHT,United Kingdom
552822,21912,VINTAGE SNAKES & LADDERS,United Kingdom
552822,21913,VINTAGE SEASIDE JIGSAW PUZZLES,United Kingdom
552822,21915,RED  HARMONICA IN BOX,United Kingdom
552822,21918,SET 12 KIDS COLOUR  CHALK STICKS,United Kingdom
552822,22090,PAPER BUNTING RETROSPOT,United Kingdom
552822,22197,SMALL POPCORN HOLDER,United Kingdom
552822,22278,OVERNIGHT BAG VINTAGE ROSE PAISLEY,United Kingdom
552822,22331,WOODLAND PARTY BAG + STICKER SET,United Kingdom
552822,22332,SKULLS PARTY BAG + STICKER SET,United Kingdom
552822,22333,RETROSPOT PARTY BAG + STICKER SET,United Kingdom
552822,22382,LUNCH BAG SPACEBOY DESIGN,United Kingdom
552822,22429,ENAMEL MEASURING JUG CREAM,United Kingdom
552822,22436,12 COLOURED PARTY BALLOONS,United Kingdom
552822,22437,SET OF 9 BLACK SKULL BALLOONS,United Kingdom
552822,22466,FAIRY TALE COTTAGE NIGHTLIGHT,United Kingdom
552822,22493,PAINT YOUR OWN CANVAS SET,United Kingdom
552822,22560,TRADITIONAL MODELLING CLAY,United Kingdom
552822,22622,BOX OF VINTAGE ALPHABET BLOCKS,United Kingdom
552822,22630,DOLLY GIRL LUNCH BOX,United Kingdom
552822,22711,WRAP CIRCUS PARADE,United Kingdom
552822,22993,SET OF 4 PANTRY JELLY MOULDS,United Kingdom
552822,23054,RECYCLED ACAPULCO MAT LAVENDER,United Kingdom
552822,23084,RABBIT NIGHT LIGHT,United Kingdom
552822,23201,JUMBO BAG ALPHABET,United Kingdom
552822,23203,JUMBO BAG DOILEY PATTERNS,United Kingdom
552822,23205,CHARLOTTE BAG VINTAGE ALPHABET,United Kingdom
552822,23207,LUNCH BAG ALPHABET DESIGN,United Kingdom
552822,23209,LUNCH BAG DOILEY PATTERN,United Kingdom
552822,23230,WRAP ALPHABET DESIGN,United Kingdom
552822,84912B,GREEN ROSE WASHBAG,United Kingdom
552822,84997B,CHILDRENS CUTLERY RETROSPOT RED,United Kingdom
552833,23167,SMALL CERAMIC TOP STORAGE JAR,United Kingdom
552950,17013D,ORIGAMI ROSE INCENSE IN TUBE,United Kingdom
552950,17091A,LAVENDER INCENSE IN TIN,United Kingdom
552950,21135,VICTORIAN  METAL POSTCARD SPRING,United Kingdom
552950,21174,POTTERING IN THE SHED METAL SIGN,United Kingdom
552950,21175,GIN + TONIC DIET METAL SIGN,United Kingdom
552950,21288,STRIPEY CHOCOLATE NESTING BOXES,United Kingdom
552950,21360,JOY LARGE WOOD LETTERS,United Kingdom
552950,21430,SET/3 RED GINGHAM ROSE STORAGE BOX,United Kingdom
552950,21790,VINTAGE SNAP CARDS,United Kingdom
552950,22156,HEART DECORATION WITH PEARLS,United Kingdom
552950,22170,PICTURE FRAME WOOD TRIPLE PORTRAIT,United Kingdom
552950,22178,VICTORIAN GLASS HANGING T-LIGHT,United Kingdom
552950,22219,LOVEBIRD HANGING DECORATION WHITE,United Kingdom
552950,22278,OVERNIGHT BAG VINTAGE ROSE PAISLEY,United Kingdom
552950,22464,HANGING METAL HEART LANTERN,United Kingdom
552950,22766,PHOTO FRAME CORNICE,United Kingdom
552950,22767,TRIPLE PHOTO FRAME CORNICE,United Kingdom
552950,22768,FAMILY PHOTO FRAME CORNICE,United Kingdom
552950,22770,MIRROR CORNICE,United Kingdom
552950,22788,BROCANTE COAT RACK,United Kingdom
552950,22796,PHOTO FRAME 3 CLASSIC HANGING,United Kingdom
552950,22960,JAM MAKING SET WITH JARS,United Kingdom
552950,23282,FOLDING BUTTERFLY MIRROR IVORY,United Kingdom
552950,72807A,SET/3 ROSE CANDLE IN JEWELLED BOX,United Kingdom
552950,72807C,SET/3 VANILLA SCENTED CANDLE IN BOX,United Kingdom
552950,82482,WOODEN PICTURE FRAME WHITE FINISH,United Kingdom
552950,82484,WOOD BLACK BOARD ANT WHITE FINISH,United Kingdom
552950,84637,KITCHEN FLOWER POTS WALL PLAQUE,United Kingdom
552950,84638,SMALL KITCHEN FLOWER POTS PLAQUE,United Kingdom
552950,84818,DANISH ROSE PHOTO FRAME,United Kingdom
552950,84879,ASSORTED COLOUR BIRD ORNAMENT,United Kingdom
552950,84946,ANTIQUE SILVER T-LIGHT GLASS,United Kingdom
552950,85016,SET OF 6 VINTAGE NOTELETS KIT,United Kingdom
552950,85066,CREAM SWEETHEART MINI CHEST,United Kingdom
552958,21165,BEWARE OF THE CAT METAL SIGN,United Kingdom
552958,21174,POTTERING IN THE SHED METAL SIGN,United Kingdom
552958,21524,DOORMAT SPOTTY HOME SWEET HOME,United Kingdom
552958,21756,BATH BUILDING BLOCK WORD,United Kingdom
552958,22436,12 COLOURED PARTY BALLOONS,United Kingdom
552958,22440,BALLOON WATER BOMB PACK OF 35,United Kingdom
552958,22674,FRENCH TOILET SIGN BLUE METAL,United Kingdom
552958,22770,MIRROR CORNICE,United Kingdom
552958,22922,FRIDGE MAGNETS US DINER ASSORTED,United Kingdom
552958,23282,FOLDING BUTTERFLY MIRROR IVORY,United Kingdom
552958,23284,DOORMAT KEEP CALM AND COME IN,United Kingdom
552958,35637A,IVORY STRING CURTAIN WITH POLE,United Kingdom
552958,48185,DOORMAT FAIRY CAKE,United Kingdom
552958,48194,DOORMAT HEARTS,United Kingdom
552958,84356,POMPOM CURTAIN,United Kingdom
552972,21326,AGED GLASS SILVER T-LIGHT HOLDER,United Kingdom
552972,21703,BAG 125g SWIRLY MARBLES,United Kingdom
552972,22138,BAKING SET 9 PIECE RETROSPOT,United Kingdom
552972,22617,BAKING SET SPACEBOY DESIGN,United Kingdom
552972,22847,BREAD BIN DINER STYLE IVORY,United Kingdom
552972,22848,BREAD BIN DINER STYLE PINK,United Kingdom
552972,22849,BREAD BIN DINER STYLE MINT,United Kingdom
552972,23065,LARGE DECO JEWELLERY STAND,United Kingdom
552972,85053,FRENCH ENAMEL CANDLEHOLDER,United Kingdom
552972,85123A,WHITE HANGING HEART T-LIGHT HOLDER,United Kingdom
553034,15044B,BLUE PAPER PARASOL,United Kingdom
553034,15044C,PURPLE PAPER PARASOL,United Kingdom
553034,15044D,RED PAPER PARASOL,United Kingdom
553034,15056N,EDWARDIAN PARASOL NATURAL,United Kingdom
553034,20679,EDWARDIAN PARASOL RED,United Kingdom
553034,20828,GLITTER BUTTERFLY CLIPS,United Kingdom
553034,21326,AGED GLASS SILVER T-LIGHT HOLDER,United Kingdom
553034,21326,AGED GLASS SILVER T-LIGHT HOLDER,United Kingdom
553034,21563,RED HEART SHAPE LOVE BUCKET,United Kingdom
553034,21631,HIPPY CHIC DECORATIVE PARASOL,United Kingdom
553034,22103,MIRROR MOSAIC T-LIGHT HOLDER ROUND,United Kingdom
553034,22103,MIRROR MOSAIC T-LIGHT HOLDER ROUND,United Kingdom
553034,22103,MIRROR MOSAIC T-LIGHT HOLDER ROUND,United Kingdom
553034,22180,RETROSPOT LAMP,United Kingdom
553034,22418,10 COLOUR SPACEBOY PEN,United Kingdom
553034,22419,LIPSTICK PEN RED,United Kingdom
553034,22421,LIPSTICK PEN FUSCHIA,United Kingdom
553034,22435,SET OF 9 HEART SHAPED BALLOONS,United Kingdom
553034,22460,EMBOSSED GLASS TEALIGHT HOLDER,United Kingdom
553034,22531,MAGIC DRAWING SLATE CIRCUS PARADE,United Kingdom
553034,22560,TRADITIONAL MODELLING CLAY,United Kingdom
553034,22616,PACK OF 12 LONDON TISSUES,United Kingdom
553034,22807,SET OF 6 T-LIGHTS TOADSTOOLS,United Kingdom
553034,22825,DECORATIVE PLANT POT WITH FRIEZE,United Kingdom
553034,22900,SET 2 TEA TOWELS I LOVE LONDON,United Kingdom
553034,40016,CHINESE DRAGON PAPER LANTERNS,United Kingdom
553034,84945,MULTI COLOUR SILVER T-LIGHT HOLDER,United Kingdom
553034,84945,MULTI COLOUR SILVER T-LIGHT HOLDER,United Kingdom
553034,85014B,RED RETROSPOT UMBRELLA,United Kingdom
553034,85135B,BLUE DRAGONFLY HELICOPTER,United Kingdom
553034,85175,CACTI T-LIGHT CANDLES,United Kingdom
553196,21539,RED RETROSPOT BUTTER DISH,United Kingdom
553196,21755,LOVE BUILDING BLOCK WORD,United Kingdom
553196,22476,EMPIRE UNION JACK TV DINNER TRAY,United Kingdom
553196,22507,MEMO BOARD RETROSPOT  DESIGN,United Kingdom
553196,22847,BREAD BIN DINER STYLE IVORY,United Kingdom
553196,82484,WOOD BLACK BOARD ANT WHITE FINISH,United Kingdom
553220,20727,LUNCH BAG  BLACK SKULL.,United Kingdom
553220,21172,PARTY METAL SIGN,United Kingdom
553220,21212,PACK OF 72 RETROSPOT CAKE CASES,United Kingdom
553220,21533,RETROSPOT LARGE MILK JUG,United Kingdom
553220,21539,RED RETROSPOT BUTTER DISH,United Kingdom
553220,21877,HOME SWEET HOME MUG,United Kingdom
553220,22090,PAPER BUNTING RETROSPOT,United Kingdom
553220,22178,VICTORIAN GLASS HANGING T-LIGHT,United Kingdom
553220,22423,REGENCY CAKESTAND 3 TIER,United Kingdom
553220,22629,SPACEBOY LUNCH BOX,United Kingdom
553220,22721,SET OF 3 CAKE TINS SKETCHBOOK,United Kingdom
553220,22943,CHRISTMAS LIGHTS 10 VINTAGE BAUBLES,United Kingdom
553220,22960,JAM MAKING SET WITH JARS,United Kingdom
553220,22972,CHILDREN'S SPACEBOY MUG,United Kingdom
553220,23144,ZINC T-LIGHT HOLDER STARS SMALL,United Kingdom
553220,23145,ZINC T-LIGHT HOLDER STAR LARGE,United Kingdom
553220,23201,JUMBO BAG ALPHABET,United Kingdom
553220,23202,JUMBO BAG VINTAGE LEAF,United Kingdom
553220,23203,JUMBO BAG DOILEY PATTERNS,United Kingdom
553220,23207,LUNCH BAG ALPHABET DESIGN,United Kingdom
553220,23208,LUNCH BAG VINTAGE LEAF DESIGN,United Kingdom
553220,23209,LUNCH BAG DOILEY PATTERN,United Kingdom
553220,23254,CHILDRENS CUTLERY DOLLY GIRL,United Kingdom
553220,23256,CHILDRENS CUTLERY SPACEBOY,United Kingdom
553220,23298,SPOTTY BUNTING,United Kingdom
553220,47566,PARTY BUNTING,United Kingdom
553220,79321,CHILLI LIGHTS,United Kingdom
553220,84792,ENCHANTED BIRD COATHANGER 5 HOOK,United Kingdom
553220,84796B,BLUE SAVANNAH PICNIC HAMPER FOR 2,United Kingdom
553220,84879,ASSORTED COLOUR BIRD ORNAMENT,United Kingdom
553220,85099B,JUMBO BAG RED RETROSPOT,United Kingdom
553341,15036,ASSORTED COLOURS SILK FAN,United Kingdom
553341,21754,HOME BUILDING BLOCK WORD,United Kingdom
553341,21755,LOVE BUILDING BLOCK WORD,United Kingdom
553341,21874,GIN AND TONIC MUG,United Kingdom
553341,22178,VICTORIAN GLASS HANGING T-LIGHT,United Kingdom
553341,22501,PICNIC BASKET WICKER LARGE,United Kingdom
553341,22666,RECIPE BOX PANTRY YELLOW DESIGN,United Kingdom
553341,22794,SWEETHEART WIRE MAGAZINE RACK,United Kingdom
553341,22795,SWEETHEART RECIPE BOOK STAND,United Kingdom
553341,22891,TEA FOR ONE POLKADOT,United Kingdom
553341,22911,PAPER CHAIN KIT LONDON,United Kingdom
553341,23085,ANTIQUE SILVER BAUBLE LAMP,United Kingdom
553341,23152,IVORY SWEETHEART WIRE LETTER RACK,United Kingdom
553341,23166,MEDIUM CERAMIC TOP STORAGE JAR,United Kingdom
553341,23168,CLASSIC CAFE SUGAR DISPENSER,United Kingdom
553341,23184,BULL DOG BOTTLE OPENER,United Kingdom
553341,23298,SPOTTY BUNTING,United Kingdom
553341,84879,ASSORTED COLOUR BIRD ORNAMENT,United Kingdom
553345,20725,LUNCH BAG RED RETROSPOT,United Kingdom
553345,21136,PAINTED METAL PEARS ASSORTED,United Kingdom
553345,21932,SCANDINAVIAN PAISLEY PICNIC BAG,United Kingdom
553345,21933,PINK VINTAGE PAISLEY PICNIC BAG,United Kingdom
553345,21936,RED RETROSPOT PICNIC BAG,United Kingdom
553345,22090,PAPER BUNTING RETROSPOT,United Kingdom
553345,22191,IVORY DINER WALL CLOCK,United Kingdom
553345,22192,BLUE DINER WALL CLOCK,United Kingdom
553345,22193,RED DINER WALL CLOCK,United Kingdom
553345,22328,ROUND SNACK BOXES SET OF 4 FRUITS,United Kingdom
553345,22382,LUNCH BAG SPACEBOY DESIGN,United Kingdom
553345,22383,LUNCH BAG SUKI DESIGN,United Kingdom
553345,22558,CLOTHES PEGS RETROSPOT PACK 24,United Kingdom
553345,22616,PACK OF 12 LONDON TISSUES,United Kingdom
553345,22659,LUNCH BOX I LOVE LONDON,United Kingdom
553345,22727,ALARM CLOCK BAKELIKE RED,United Kingdom
553345,22728,ALARM CLOCK BAKELIKE PINK,United Kingdom
553345,22729,ALARM CLOCK BAKELIKE ORANGE,United Kingdom
553345,22900,SET 2 TEA TOWELS I LOVE LONDON,United Kingdom
553345,22998,TRAVEL CARD WALLET KEEP CALM,United Kingdom
553345,23000,TRAVEL CARD WALLET TRANSPORT,United Kingdom
553345,23004,TRAVEL CARD WALLET PANTRY,United Kingdom
553345,23077,DOUGHNUT LIP GLOSS,United Kingdom
553345,23078,ICE CREAM PEN LIP GLOSS,United Kingdom
553345,23206,LUNCH BAG APPLE DESIGN,United Kingdom
553345,23208,LUNCH BAG VINTAGE LEAF DESIGN,United Kingdom
553345,23209,LUNCH BAG DOILEY PATTERN,United Kingdom
553345,23298,SPOTTY BUNTING,United Kingdom
553345,47348A,FUSCHIA VOILE POINTY SHOE DEC,United Kingdom
553345,47566,PARTY BUNTING,United Kingdom
553345,75049L,LARGE CIRCULAR MIRROR MOBILE,United Kingdom
553345,84879,ASSORTED COLOUR BIRD ORNAMENT,United Kingdom
553345,85123A,WHITE HANGING HEART T-LIGHT HOLDER,United Kingdom
553345,85132A,CHARLIE + LOLA BISCUITS TINS,United Kingdom
553498,22469,HEART OF WICKER SMALL,United Kingdom
553498,22470,HEART OF WICKER LARGE,United Kingdom
553498,23080,RED METAL BOX TOP SECRET,United Kingdom
553498,23081,GREEN METAL BOX ARMY SUPPLIES,United Kingdom
553498,23103,JINGLE BELL HEART DECORATION,United Kingdom
553498,23110,PARISIENNE KEY CABINET,United Kingdom
553614,23165,LARGE CERAMIC TOP STORAGE JAR,United Kingdom
553614,23173,REGENCY TEAPOT ROSES,United Kingdom
553614,23174,REGENCY SUGAR BOWL GREEN,United Kingdom
553614,23175,REGENCY MILK JUG PINK,United Kingdom
553654,22791,T-LIGHT GLASS FLUTED ANTIQUE,United Kingdom
553654,84946,ANTIQUE SILVER T-LIGHT GLASS,United Kingdom
553654,85123A,WHITE HANGING HEART T-LIGHT HOLDER,United Kingdom
553725,20685,DOORMAT RED RETROSPOT,United Kingdom
553725,21313,GLASS HEART T-LIGHT HOLDER,United Kingdom
553725,21524,DOORMAT SPOTTY HOME SWEET HOME,United Kingdom
553725,22219,LOVEBIRD HANGING DECORATION WHITE,United Kingdom
553725,22244,3 HOOK HANGER MAGIC GARDEN,United Kingdom
553725,22245,"HOOK, 1 HANGER ,MAGIC GARDEN",United Kingdom
553725,22791,T-LIGHT GLASS FLUTED ANTIQUE,United Kingdom
553725,22969,HOMEMADE JAM SCENTED CANDLES,United Kingdom
553725,22979,PANTRY WASHING UP BRUSH,United Kingdom
553725,22989,SET 2 PANTRY DESIGN TEA TOWELS,United Kingdom
553725,23065,LARGE JEWELLERY STAND,United Kingdom
553725,23066,SMALL JEWELLERY STAND,United Kingdom
553725,23092,LARGE ANTIQUE WHITE PHOTO FRAME,United Kingdom
553725,23093,SMALL PARISIENNE HEART PHOTO FRAME,United Kingdom
553725,23199,JUMBO BAG APPLES,United Kingdom
553725,23201,JUMBO BAG ALPHABET,United Kingdom
553725,23205,CHARLOTTE BAG ALPHABET  DESIGN,United Kingdom
553725,23284,DOORMAT KEEP CALM AND COME IN,United Kingdom
553725,85123A,WHITE HANGING HEART T-LIGHT HOLDER,United Kingdom
553734,15058A,BLUE POLKADOT GARDEN PARASOL,United Kingdom
553734,15058B,PINK POLKADOT GARDEN PARASOL,United Kingdom
553734,23109,LED TEA LIGHTS,United Kingdom
553734,23162,REGENCY TEA STRAINER,United Kingdom
554003,22423,REGENCY CAKESTAND 3 TIER,United Kingdom
554003,22961,JAM MAKING SET PRINTED,United Kingdom
554003,23170,REGENCY TEA PLATE ROSES,United Kingdom
554003,23171,REGENCY TEA PLATE GREEN,United Kingdom
554003,23172,REGENCY TEA PLATE PINK,United Kingdom
554092,20725,LUNCH BAG RED RETROSPOT,United Kingdom
554092,21313,GLASS HEART T-LIGHT HOLDER,United Kingdom
554092,21916,SET 12 RETRO WHITE CHALK STICKS,United Kingdom
554092,22173,METAL 4 HOOK HANGER FRENCH CHATEAU,United Kingdom
554092,22303,COFFEE MUG APPLES DESIGN,United Kingdom
554092,22456,NATURAL SLATE CHALKBOARD LARGE,United Kingdom
554092,22469,HEART OF WICKER SMALL,United Kingdom
554092,22804,CANDLEHOLDER PINK HANGING HEART,United Kingdom
554092,23133,LARGE IVORY HEART WALL ORGANISER,United Kingdom
554092,23135,SMALL ZINC HEART WALL ORGANISER,United Kingdom
554092,23162,REGENCY TEA STRAINER,United Kingdom
554092,23206,LUNCH BAG APPLE DESIGN,United Kingdom
554092,23232,WRAP VINTAGE PETALS  DESIGN,United Kingdom
554092,84978,HANGING HEART JAR T-LIGHT HOLDER,United Kingdom
554092,85123A,WHITE HANGING HEART T-LIGHT HOLDER,United Kingdom
554130,22501,PICNIC BASKET WICKER LARGE,United Kingdom
554160,16225,RATTLE SNAKE EGGS,United Kingdom
554160,20679,EDWARDIAN PARASOL RED,United Kingdom
554160,20719,WOODLAND CHARLOTTE BAG,United Kingdom
554160,20724,RED RETROSPOT CHARLOTTE BAG,United Kingdom
554160,20886,BOX OF 9 PEBBLE CANDLES,United Kingdom
554160,21121,SET/10 RED POLKADOT PARTY CANDLES,United Kingdom
554160,21129,SILVER FISHING GNOME,United Kingdom
554160,21131,GOLD STANDING GNOME,United Kingdom
554160,21155,RED RETROSPOT PEG BAG,United Kingdom
554160,21179,NO JUNK MAIL METAL SIGN,United Kingdom
554160,21187,WHITE BELL HONEYCOMB PAPER GARLAND,United Kingdom
554160,21212,PACK OF 72 RETROSPOT CAKE CASES,United Kingdom
554160,21452,TOADSTOOL MONEY BOX,United Kingdom
554160,21498,RED RETROSPOT WRAP,United Kingdom
554160,21523,DOORMAT FANCY FONT HOME SWEET HOME,United Kingdom
554160,21641,ASSORTED TUTTI FRUTTI KEYRING BALL,United Kingdom
554160,21669,BLUE STRIPE CERAMIC DRAWER KNOB,United Kingdom
554160,21673,WHITE SPOT BLUE CERAMIC DRAWER KNOB,United Kingdom
554160,21716,BOYS VINTAGE TIN SEASIDE BUCKET,United Kingdom
554160,21718,RED METAL BEACH SPADE,United Kingdom
554160,21754,HOME BUILDING BLOCK WORD,United Kingdom
554160,21756,BATH BUILDING BLOCK WORD,United Kingdom
554160,21934,SKULL SHOULDER BAG,United Kingdom
554160,21975,PACK OF 60 DINOSAUR CAKE CASES,United Kingdom
554160,21976,PACK OF 60 MUSHROOM CAKE CASES,United Kingdom
554160,21985,PACK OF 12 HEARTS DESIGN TISSUES,United Kingdom
554160,22090,PAPER BUNTING RETROSPOT,United Kingdom
554160,22150,3 STRIPEY MICE FELTCRAFT,United Kingdom
554160,22212,FOUR HOOK  WHITE LOVEBIRDS,United Kingdom
554160,22222,CAKE PLATE LOVEBIRD WHITE,United Kingdom
554160,22315,200 RED + WHITE BENDY STRAWS,United Kingdom
554160,22342,HOME GARLAND PAINTED ZINC,United Kingdom
554160,22352,LUNCH BOX WITH CUTLERY RETROSPOT,United Kingdom
554160,22380,TOY TIDY SPACEBOY,United Kingdom
554160,22383,LUNCH BAG SUKI DESIGN,United Kingdom
554160,22386,JUMBO BAG PINK POLKADOT,United Kingdom
554160,22411,JUMBO SHOPPER VINTAGE RED PAISLEY,United Kingdom
554160,22419,LIPSTICK PEN RED,United Kingdom
554160,22425,ENAMEL COLANDER CREAM,United Kingdom
554160,22485,SET OF 2 WOODEN MARKET CRATES,United Kingdom
554160,22554,PLASTERS IN TIN WOODLAND ANIMALS,United Kingdom
554160,22556,PLASTERS IN TIN CIRCUS PARADE,United Kingdom
554160,22595,GINGHAM HEART DECORATION,United Kingdom
554160,22613,PACK OF 20 SPACEBOY NAPKINS,United Kingdom
554160,22614,PACK OF 12 SPACEBOY TISSUES,United Kingdom
554160,22621,TRADITIONAL KNITTING NANCY,United Kingdom
554160,22652,TRAVEL SEWING KIT,United Kingdom
554160,22653,BUTTON BOX,United Kingdom
554160,22675,FRENCH KITCHEN SIGN BLUE METAL,United Kingdom
554160,22755,SMALL PURPLE BABUSHKA NOTEBOOK,United Kingdom
554160,22766,PHOTO FRAME CORNICE,United Kingdom
554160,22771,CLEAR DRAWER KNOB ACRYLIC EDWARDIAN,United Kingdom
554160,22781,GUMBALL MAGAZINE RACK,United Kingdom
554160,22884,NUMBER TILE VINTAGE FONT 5,United Kingdom
554160,22893,MINI CAKE STAND T-LIGHT HOLDER,United Kingdom
554160,22907,PACK OF 20 NAPKINS PANTRY DESIGN,United Kingdom
554160,22994,TRAVEL CARD WALLET RETROSPOT,United Kingdom
554160,23084,RABBIT NIGHT LIGHT,United Kingdom
554160,23108,SET OF 10 LED DOLLY LIGHTS,United Kingdom
554160,23131,MISTLETOE HEART WREATH CREAM,United Kingdom
554160,23146,TRIPLE HOOK ANTIQUE IVORY ROSE,United Kingdom
554160,23146,TRIPLE HOOK ANTIQUE IVORY ROSE,United Kingdom
554160,23147,SINGLE ANTIQUE ROSE HOOK IVORY,United Kingdom
554160,23182,TOILET SIGN OCCUPIED OR VACANT,United Kingdom
554160,23201,JUMBO BAG ALPHABET,United Kingdom
554160,23204,CHARLOTTE BAG APPLES DESIGN,United Kingdom
554160,23207,LUNCH BAG ALPHABET DESIGN,United Kingdom
554160,23301,GARDENERS KNEELING PAD KEEP CALM,United Kingdom
554160,35653,VINTAGE BEAD NOTEBOOK,United Kingdom
554160,46000S,POLYESTER FILLER PAD 40x40cm,United Kingdom
554160,47421,ASSORTED COLOUR LIZARD SUCTION HOOK,United Kingdom
554160,79321,CHILLI LIGHTS,United Kingdom
554160,82001S,VINYL RECORD FRAME SILVER,United Kingdom
554160,82482,WOODEN PICTURE FRAME WHITE FINISH,United Kingdom
554160,84050,PINK HEART SHAPE EGG FRYING PAN,United Kingdom
554160,84692,BOX OF 24 COCKTAIL PARASOLS,United Kingdom
554160,84884A,ANT WHITE WIRE HEART SPIRAL,United Kingdom
554160,85024B,EAU DE NILE JEWELLED PHOTOFRAME,United Kingdom
554160,85025C,PINK HEART SHAPE PHOTO FRAME,United Kingdom
554160,85099B,JUMBO BAG RED RETROSPOT,United Kingdom
554277,22966,GINGERBREAD MAN COOKIE CUTTER,United Kingdom
554845,21733,RED HANGING HEART T-LIGHT HOLDER,United Kingdom
554845,22469,HEART OF WICKER SMALL,United Kingdom
554845,22470,HEART OF WICKER LARGE,United Kingdom
554845,82551,LAUNDRY 15C METAL SIGN,United Kingdom
554845,82580,BATHROOM METAL SIGN,United Kingdom
554845,82581,TOILET METAL SIGN,United Kingdom
554845,82600,NO SINGING METAL SIGN,United Kingdom
554845,85123A,WHITE HANGING HEART T-LIGHT HOLDER,United Kingdom
554939,20712,JUMBO BAG WOODLAND ANIMALS,United Kingdom
554939,20723,STRAWBERRY CHARLOTTE BAG,United Kingdom
554939,20724,RED RETROSPOT CHARLOTTE BAG,United Kingdom
554939,20726,LUNCH BAG WOODLAND,United Kingdom
554939,21242,RED RETROSPOT PLATE,United Kingdom
554939,21245,GREEN POLKADOT PLATE,United Kingdom
554939,21929,JUMBO BAG PINK VINTAGE PAISLEY,United Kingdom
554939,22356,CHARLOTTE BAG PINK POLKADOT,United Kingdom
554939,22383,LUNCH BAG SUKI DESIGN,United Kingdom
554939,22386,JUMBO BAG PINK POLKADOT,United Kingdom
554939,23204,CHARLOTTE BAG APPLES DESIGN,United Kingdom
554939,23205,CHARLOTTE BAG VINTAGE ALPHABET,United Kingdom
554939,23208,LUNCH BAG VINTAGE LEAF DESIGN,United Kingdom
554939,84510A,SET OF 4 ENGLISH ROSE COASTERS,United Kingdom
554939,84997A,CHILDRENS CUTLERY POLKADOT GREEN,United Kingdom
554939,84997B,CHILDRENS CUTLERY RETROSPOT RED,United Kingdom
554939,85099C,JUMBO  BAG BAROQUE BLACK WHITE,United Kingdom
554939,85099F,JUMBO BAG STRAWBERRY,United Kingdom
555017,21340,CLASSIC METAL BIRDCAGE PLANT HOLDER,United Kingdom
555017,21794,CLASSIC FRENCH STYLE BASKET NATURAL,United Kingdom
555017,22173,METAL 4 HOOK HANGER FRENCH CHATEAU,United Kingdom
555017,22485,SET OF 2 WOODEN MARKET CRATES,United Kingdom
555017,22487,WHITE WOOD GARDEN PLANT LADDER,United Kingdom
555017,22782,SET 3 WICKER STORAGE BASKETS,United Kingdom
555017,22829,SWEETHEART WIRE WALL TIDY,United Kingdom
555017,82482,WOODEN PICTURE FRAME WHITE FINISH,United Kingdom
555017,84792,ENCHANTED BIRD COATHANGER 5 HOOK,United Kingdom
555107,20711,JUMBO BAG TOYS,Italy
555107,20712,JUMBO BAG WOODLAND ANIMALS,Italy
555107,20719,WOODLAND CHARLOTTE BAG,Italy
555107,20724,RED RETROSPOT CHARLOTTE BAG,Italy
555107,21055,TOOL BOX SOFT TOY,Italy
555107,21110,LARGE CAKE TOWEL PINK SPOTS,Italy
555107,21249,WOODLAND  HEIGHT CHART STICKERS,Italy
555107,21930,JUMBO STORAGE BAG SKULLS,Italy
555107,21931,JUMBO STORAGE BAG SUKI,Italy
555107,22273,FELTCRAFT DOLL MOLLY,Italy
555107,22326,ROUND SNACK BOXES SET OF4 WOODLAND,Italy
555107,22328,ROUND SNACK BOXES SET OF 4 FRUITS,Italy
555107,22379,RECYCLING BAG RETROSPOT,Italy
555107,22380,TOY TIDY SPACEBOY,Italy
555107,22381,TOY TIDY PINK POLKADOT,Italy
555107,22466,FAIRY TALE COTTAGE NIGHTLIGHT,Italy
555107,22549,PICTURE DOMINOES,Italy
555107,22584,PACK OF 6 PANNETONE GIFT BOXES,Italy
555107,22745,POPPY'S PLAYHOUSE BEDROOM,Italy
555107,22748,POPPY'S PLAYHOUSE KITCHEN,Italy
555107,22898,CHILDRENS APRON APPLES DESIGN,Italy
555107,23176,ABC TREASURE BOOK BOX,Italy
555107,23201,JUMBO BAG ALPHABET,Italy
555283,23192,BUNDLE OF 3 ALPHABET EXERCISE BOOKS,United Kingdom
555283,23201,JUMBO BAG ALPHABET,United Kingdom
555283,23205,CHARLOTTE BAG ALPHABET  DESIGN,United Kingdom
555283,23207,LUNCH BAG ALPHABET DESIGN,United Kingdom
555287,23168,CLASSIC SUGAR DISPENSER,United Kingdom
555287,23200,JUMBO BAG PEARS,United Kingdom
555287,23202,JUMBO BAG VINTAGE LEAF,United Kingdom
555287,23203,JUMBO BAG DOILEY PATTERNS,United Kingdom
555287,23209,LUNCH BAG DOILEY PATTERN,United Kingdom
555495,20728,LUNCH BAG CARS BLUE,United Kingdom
555495,21621,VINTAGE UNION JACK BUNTING,United Kingdom
555495,21793,CLASSIC FRENCH STYLE BASKET BROWN,United Kingdom
555495,21930,JUMBO STORAGE BAG SKULLS,United Kingdom
555495,21937,STRAWBERRY   PICNIC BAG,United Kingdom
555495,22383,LUNCH BAG SUKI DESIGN,United Kingdom
555495,22386,JUMBO BAG PINK POLKADOT,United Kingdom
555495,23199,JUMBO BAG APPLES,United Kingdom
555495,23200,JUMBO BAG PEARS,United Kingdom
555495,23201,JUMBO BAG ALPHABET,United Kingdom
555495,23202,JUMBO BAG VINTAGE LEAF,United Kingdom
555495,23203,JUMBO BAG DOILEY PATTERNS,United Kingdom
555495,23206,LUNCH BAG APPLE DESIGN,United Kingdom
555495,23207,LUNCH BAG ALPHABET DESIGN,United Kingdom
555495,85099B,JUMBO BAG RED RETROSPOT,United Kingdom
555516,21034,REX CASH+CARRY JUMBO SHOPPER,United Kingdom
555516,21399,BLUE POLKADOT COFFEE MUG,United Kingdom
555516,21755,LOVE BUILDING BLOCK WORD,United Kingdom
555516,22173,METAL 4 HOOK HANGER FRENCH CHATEAU,United Kingdom
555516,22411,JUMBO SHOPPER VINTAGE RED PAISLEY,United Kingdom
555516,22558,CLOTHES PEGS RETROSPOT PACK 24,United Kingdom
555516,22649,STRAWBERRY FAIRY CAKE TEAPOT,United Kingdom
555516,22652,TRAVEL SEWING KIT,United Kingdom
555516,23007,SPACEBOY BABY GIFT SET,United Kingdom
555516,23075,PARLOUR CERAMIC WALL HOOK,United Kingdom
555516,23079,TOADSTOOL BEDSIDE LIGHT,United Kingdom
555516,23108,SET OF 10 LED DOLLY LIGHTS,United Kingdom
555516,23202,JUMBO BAG VINTAGE LEAF,United Kingdom
555516,23203,JUMBO BAG DOILEY PATTERNS,United Kingdom
555516,23207,LUNCH BAG ALPHABET DESIGN,United Kingdom
555516,23208,LUNCH BAG VINTAGE LEAF DESIGN,United Kingdom
555516,23209,LUNCH BAG DOILEY PATTERN,United Kingdom
555516,23300,GARDENERS KNEELING PAD CUP OF TEA,United Kingdom
555516,23301,GARDENERS KNEELING PAD KEEP CALM,United Kingdom
555516,47566,PARTY BUNTING,United Kingdom
555516,48184,DOORMAT ENGLISH ROSE,United Kingdom
555516,48185,DOORMAT FAIRY CAKE,United Kingdom
555516,48187,DOORMAT NEW ENGLAND,United Kingdom
555516,82486,WOOD S/3 CABINET ANT WHITE FINISH,United Kingdom
555516,85123A,WHITE HANGING HEART T-LIGHT HOLDER,United Kingdom
555726,20749,ASSORTED COLOUR MINI CASES,Spain
555726,21340,CLASSIC METAL BIRDCAGE PLANT HOLDER,Spain
555726,21559,STRAWBERRY LUNCH BOX WITH CUTLERY,Spain
555726,22028,PENNY FARTHING BIRTHDAY CARD,Spain
555726,22149,FELTCRAFT 6 FLOWER FRIENDS,Spain
555726,22328,ROUND SNACK BOXES SET OF 4 FRUITS,Spain
555726,22423,REGENCY CAKESTAND 3 TIER,Spain
555726,22704,WRAP RED APPLES,Spain
555726,22728,ALARM CLOCK BAKELIKE PINK,Spain
555726,22831,WHITE BROCANTE SOAP DISH,Spain
555726,22844,VINTAGE CREAM DOG FOOD CONTAINER,Spain
555726,22845,VINTAGE CREAM CAT FOOD CONTAINER,Spain
555726,22848,BREAD BIN DINER STYLE PINK,Spain
555726,22892,SET OF SALT AND PEPPER TOADSTOOLS,Spain
555726,23048,SET OF 10 LANTERNS FAIRY LIGHT STAR,Spain
555726,23108,SET OF 10 LED DOLLY LIGHTS,Spain
555726,23141,TRIPLE WIRE HOOK PINK HEART,Spain
555726,23204,CHARLOTTE BAG APPLES DESIGN,Spain
555726,23231,WRAP DOILEY DESIGN,Spain
555726,23275,SET OF 3 HANGING OWLS OLLIE BEAK,Spain
555726,84380,SET OF 3 BUTTERFLY COOKIE CUTTERS,Spain
555726,84755,COLOUR GLASS T-LIGHT HOLDER HANGING,Spain
555726,POST,POSTAGE,Spain
555736,16161P,WRAP ENGLISH ROSE,United Kingdom
555736,20914,SET/5 RED RETROSPOT LID GLASS BOWLS,United Kingdom
555736,21175,GIN + TONIC DIET METAL SIGN,United Kingdom
555736,21439,BASKET OF TOADSTOOLS,United Kingdom
555736,21506,"FANCY FONT BIRTHDAY CARD,",United Kingdom
555736,21519,GIN & TONIC DIET GREETING CARD,United Kingdom
555736,21743,STAR PORTABLE TABLE LIGHT,United Kingdom
555736,21877,HOME SWEET HOME MUG,United Kingdom
555736,21903,MAN FLU METAL SIGN,United Kingdom
555736,21907,I'M ON HOLIDAY METAL SIGN,United Kingdom
555736,21918,SET 12 KIDS COLOUR  CHALK STICKS,United Kingdom
555736,22028,PENNY FARTHING BIRTHDAY CARD,United Kingdom
555736,22077,6 RIBBONS RUSTIC CHARM,United Kingdom
555736,22147,FELTCRAFT BUTTERFLY HEARTS,United Kingdom
555736,22348,TEA BAG PLATE RED RETROSPOT,United Kingdom
555736,22469,HEART OF WICKER SMALL,United Kingdom
555736,22715,CARD WEDDING DAY,United Kingdom
555736,22740,POLKADOT PEN,United Kingdom
555736,22741,FUNKY DIVA PEN,United Kingdom
555736,22759,SET OF 3 NOTEBOOKS IN PARCEL,United Kingdom
555736,22776,SWEETHEART CAKESTAND 3 TIER,United Kingdom
555736,22819,"BIRTHDAY CARD, RETRO SPOT",United Kingdom
555736,22891,TEA FOR ONE POLKADOT,United Kingdom
555736,22904,CALENDAR PAPER CUT DESIGN,United Kingdom
555736,22984,CARD GINGHAM ROSE,United Kingdom
555736,22986,WRAP GINGHAM ROSE,United Kingdom
555736,23231,WRAP DOILEY DESIGN,United Kingdom
555736,71101E,STANDING FAIRY POLE SUPPORT,United Kingdom
555736,84212,"ASSORTED FLOWER COLOUR ""LEIS""",United Kingdom
555736,84247G,"DECOUPAGE,GREETING CARD,",United Kingdom
555876,16045,POPART WOODEN PENCILS ASST,United Kingdom
555876,21212,PACK OF 72 RETROSPOT CAKE CASES,United Kingdom
555876,21391,FRENCH LAVENDER SCENT HEART,United Kingdom
555876,21634,ASSORTED MINI MADRAS NOTEBOOK,United Kingdom
555876,21933,PINK VINTAGE PAISLEY PICNIC BAG,United Kingdom
555876,22161,HEART DECORATION RUSTIC HANGING,United Kingdom
555876,22608,PENS ASSORTED FUNKY JEWELED,United Kingdom
555876,22715,CARD WEDDING DAY,United Kingdom
555876,47566,PARTY BUNTING,United Kingdom
555876,51014A,"FEATHER PEN,HOT PINK",United Kingdom
555876,84596B,SMALL DOLLY MIX DESIGN ORANGE BOWL,United Kingdom
555876,84596F,SMALL MARSHMALLOWS PINK BOWL,United Kingdom
555876,84596G,SMALL CHOCOLATES PINK BOWL,United Kingdom
555876,85015,SET OF 12  VINTAGE POSTCARD SET,United Kingdom
555876,85032A,ROMANTIC IMAGES GIFT WRAP SET,United Kingdom
556038,10133,COLOURING PENCILS BROWN TUBE,United Kingdom
556038,18094C,WHITE AND BLUE CERAMIC OIL BURNER,United Kingdom
556038,20751,FUNKY WASHING UP GLOVES ASSORTED,United Kingdom
556038,21034,REX CASH+CARRY JUMBO SHOPPER,United Kingdom
556038,21084,SET/6 COLLAGE PAPER CUPS,United Kingdom
556038,21090,SET/6 COLLAGE PAPER PLATES,United Kingdom
556038,21385,IVORY HANGING DECORATION  HEART,United Kingdom
556038,21733,RED HANGING HEART T-LIGHT HOLDER,United Kingdom
556038,22062,CERAMIC BOWL WITH LOVE HEART DESIGN,United Kingdom
556038,22063,CERAMIC BOWL WITH STRAWBERRY DESIGN,United Kingdom
556038,22066,LOVE HEART TRINKET POT,United Kingdom
556038,22099,CARAVAN SQUARE TISSUE BOX,United Kingdom
556038,22199,FRYING PAN RED RETROSPOT,United Kingdom
556038,22469,HEART OF WICKER SMALL,United Kingdom
556038,22470,HEART OF WICKER LARGE,United Kingdom
556038,22577,WOODEN HEART CHRISTMAS SCANDINAVIAN,United Kingdom
556038,22609,PENS ASSORTED SPACEBALL,United Kingdom
556038,71477,COLOUR GLASS. STAR T-LIGHT HOLDER,United Kingdom
556038,84212,"ASSORTED FLOWER COLOUR ""LEIS""",United Kingdom
556038,84356,POMPOM CURTAIN,United Kingdom
556038,84944,SET OF 6 KASHMIR FOLKART BAUBLES,United Kingdom
556038,85132B,CHARLIE AND LOLA TABLE TINS,United Kingdom
556071,17038,PORCELAIN BUDAH INCENSE HOLDER,United Kingdom
556071,17084N,FAIRY DREAMS INCENSE,United Kingdom
556071,17084P,DRAGONS BLOOD INCENSE,United Kingdom
556071,21135,VICTORIAN  METAL POSTCARD SPRING,United Kingdom
556071,21166,COOK WITH WINE METAL SIGN,United Kingdom
556071,21167,WHITE SAGE INCENSE,United Kingdom
556071,21198,WHITE HEART CONFETTI IN TUBE,United Kingdom
556071,21446,12 RED ROSE PEG PLACE SETTINGS,United Kingdom
556071,21586,KINGS CHOICE GIANT TUBE MATCHES,United Kingdom
556071,21745,GAOLERS KEYS DECORATIVE GARDEN,United Kingdom
556071,21770,OPEN CLOSED METAL SIGN,United Kingdom
556071,21794,CLASSIC FRENCH STYLE BASKET NATURAL,United Kingdom
556071,21974,SET OF 36 PAISLEY FLOWER DOILIES,United Kingdom
556071,22156,HEART DECORATION WITH PEARLS,United Kingdom
556071,22470,HEART OF WICKER LARGE,United Kingdom
556071,23049,RECYCLED ACAPULCO MAT RED,United Kingdom
556071,23051,RECYCLED ACAPULCO MAT BLUE,United Kingdom
556071,23082,SET 6 PAPER TABLE LANTERN HEARTS,United Kingdom
556071,23108,SET OF 10 LED DOLLY LIGHTS,United Kingdom
556071,35607B,BLACK FEATHER CHRISTMAS DECORATION,United Kingdom
556071,51014C,"FEATHER PEN,COAL BLACK",United Kingdom
556071,82551,LAUNDRY 15C METAL SIGN,United Kingdom
556071,82567,"AIRLINE LOUNGE,METAL SIGN",United Kingdom
556071,82583,HOT BATHS METAL SIGN,United Kingdom
556071,84279P,CHERRY BLOSSOM  DECORATIVE FLASK,United Kingdom
556071,84692,BOX OF 24 COCKTAIL PARASOLS,United Kingdom
556071,84879,ASSORTED COLOUR BIRD ORNAMENT,United Kingdom
556071,84944,SET OF 6 KASHMIR FOLKART BAUBLES,United Kingdom
556071,85116,BLACK CANDELABRA T-LIGHT HOLDER,United Kingdom
556107,16012,FOOD/DRINK SPONGE STICKERS,United Kingdom
556107,20686,DOLLY MIXTURE CHILDREN'S UMBRELLA,United Kingdom
556107,20712,JUMBO BAG WOODLAND ANIMALS,United Kingdom
556107,20773,BLUE PAISLEY NOTEBOOK,United Kingdom
556107,20775,DAISY NOTEBOOK,United Kingdom
556107,21534,DAIRY MAID LARGE MILK JUG,United Kingdom
556107,21586,KINGS CHOICE GIANT TUBE MATCHES,United Kingdom
556107,21668,RED STRIPE CERAMIC DRAWER KNOB,United Kingdom
556107,21675,BUTTERFLIES STICKERS,United Kingdom
556107,21678,PAISLEY PATTERN  STICKERS,United Kingdom
556107,21706,FOLDING UMBRELLA RED/WHITE POLKADOT,United Kingdom
556107,21707,FOLDING UMBRELLA BLACKBLUE POLKADOT,United Kingdom
556107,21709,FOLDING UMBRELLA CHOCOLATE POLKADOT,United Kingdom
556107,21711,FOLDING UMBRELLA WHITE/RED POLKADOT,United Kingdom
556107,21906,PHARMACIE FIRST AID TIN,United Kingdom
556107,21932,SCANDINAVIAN PAISLEY PICNIC BAG,United Kingdom
556107,21932,SCANDINAVIAN PAISLEY PICNIC BAG,United Kingdom
556107,22024,RAINY LADIES BIRTHDAY CARD,United Kingdom
556107,22051,BLUE SCANDINAVIAN PAISLEY WRAP,United Kingdom
556107,22064,PINK DOUGHNUT TRINKET POT,United Kingdom
556107,22158,3 HEARTS HANGING DECORATION RUSTIC,United Kingdom
556107,22207,FRYING PAN UNION FLAG,United Kingdom
556107,22207,FRYING PAN UNION FLAG,United Kingdom
556107,22386,JUMBO BAG PINK POLKADOT,United Kingdom
556107,22425,ENAMEL COLANDER CREAM,United Kingdom
556107,22429,ENAMEL MEASURING JUG CREAM,United Kingdom
556107,22551,PLASTERS IN TIN SPACEBOY,United Kingdom
556107,22554,PLASTERS IN TIN WOODLAND ANIMALS,United Kingdom
556107,22557,PLASTERS IN TIN VINTAGE PAISLEY,United Kingdom
556107,22627,MINT KITCHEN SCALES,United Kingdom
556107,22646,CERAMIC STRAWBERRY CAKE MONEY BANK,United Kingdom
556107,22727,ALARM CLOCK BAKELIKE RED,United Kingdom
556107,22728,ALARM CLOCK BAKELIKE PINK,United Kingdom
556107,22729,ALARM CLOCK BAKELIKE ORANGE,United Kingdom
556107,22766,PHOTO FRAME CORNICE,United Kingdom
556107,22907,PACK OF 20 NAPKINS PANTRY DESIGN,United Kingdom
556107,22908,PACK OF 20 NAPKINS RED APPLES,United Kingdom
556107,22913,RED COAT RACK PARIS FASHION,United Kingdom
556107,22914,BLUE COAT RACK PARIS FASHION,United Kingdom
556107,22978,PANTRY ROLLING PIN,United Kingdom
556107,22980,PANTRY SCRUBBING BRUSH,United Kingdom
556107,23109,LED TEA LIGHTS,United Kingdom
556107,23109,LED TEA LIGHTS,United Kingdom
556107,23118,PARISIENNE JEWELLERY DRAWER,United Kingdom
556107,23199,JUMBO BAG APPLES,United Kingdom
556107,23256,CHILDRENS CUTLERY SPACEBOY,United Kingdom
556107,23256,CHILDRENS CUTLERY SPACEBOY,United Kingdom
556107,23298,SPOTTY BUNTING,United Kingdom
556107,23298,SPOTTY BUNTING,United Kingdom
556107,47566,PARTY BUNTING,United Kingdom
556107,47566B,TEA TIME PARTY BUNTING,United Kingdom
556107,84879,ASSORTED COLOUR BIRD ORNAMENT,United Kingdom
556107,85066,CREAM SWEETHEART MINI CHEST,United Kingdom
556107,85123A,WHITE HANGING HEART T-LIGHT HOLDER,United Kingdom
556107,85123A,WHITE HANGING HEART T-LIGHT HOLDER,United Kingdom
556107,90204,PAIR OF ENAMEL BUTTERFLY HAIRCLIP,United Kingdom
556107,90208,PAIR OF PINK FLOWER CLUSTER SLIDE,United Kingdom
556107,90209B,GREEN ENAMEL+GLASS HAIR COMB,United Kingdom
556107,90209B,GREEN ENAMEL+GLASS HAIR COMB,United Kingdom
556107,90209C,PINK ENAMEL+GLASS HAIR COMB,United Kingdom
556397,22386,JUMBO BAG PINK POLKADOT,United Kingdom
556397,85099F,JUMBO BAG STRAWBERRY,United Kingdom
556629,21928,JUMBO BAG SCANDINAVIAN BLUE PAISLEY,United Kingdom
556629,21929,JUMBO BAG PINK VINTAGE PAISLEY,United Kingdom
556629,22386,JUMBO BAG PINK POLKADOT,United Kingdom
556629,22427,ENAMEL FLOWER JUG CREAM,United Kingdom
556629,22460,EMBOSSED GLASS TEALIGHT HOLDER,United Kingdom
556629,22792,FLUTED ANTIQUE CANDLE HOLDER,United Kingdom
556629,22801,ANTIQUE GLASS PEDESTAL BOWL,United Kingdom
556629,22907,PACK OF 20 NAPKINS PANTRY DESIGN,United Kingdom
556629,22960,JAM MAKING SET WITH JARS,United Kingdom
556629,22961,JAM MAKING SET PRINTED,United Kingdom
556629,23100,SILVER BELLS TABLE DECORATION,United Kingdom
556629,23118,PARISIENNE JEWELLERY DRAWER,United Kingdom
556629,23148,MINIATURE ANTIQUE ROSE HOOK IVORY,United Kingdom
556629,23173,REGENCY TEAPOT ROSES,United Kingdom
556629,23174,REGENCY SUGAR BOWL GREEN,United Kingdom
556629,23175,REGENCY MILK JUG PINK,United Kingdom
556629,23199,JUMBO BAG APPLES,United Kingdom
556629,23240,SET OF 4 KNICK KNACK TINS DOILEY,United Kingdom
556629,23243,SET OF TEA COFFEE SUGAR TINS PANTRY,United Kingdom
556629,23245,SET OF 3 REGENCY CAKE TINS,United Kingdom
556629,23298,SPOTTY BUNTING,United Kingdom
556629,84946,ANTIQUE SILVER T-LIGHT GLASS,United Kingdom
556629,84949,SILVER HANGING T-LIGHT HOLDER,United Kingdom
556629,85099B,JUMBO BAG RED RETROSPOT,United Kingdom
556629,85099F,JUMBO BAG STRAWBERRY,United Kingdom
556724,20914,SET/5 RED RETROSPOT LID GLASS BOWLS,United Kingdom
556724,21174,POTTERING IN THE SHED METAL SIGN,United Kingdom
556724,21669,BLUE STRIPE CERAMIC DRAWER KNOB,United Kingdom
556724,21671,RED SPOT CERAMIC DRAWER KNOB,United Kingdom
556724,21922,UNION STRIPE WITH FRINGE  HAMMOCK,United Kingdom
556724,22469,HEART OF WICKER SMALL,United Kingdom
556724,22667,RECIPE BOX RETROSPOT,United Kingdom
556724,22723,SET OF 6 HERB TINS SKETCHBOOK,United Kingdom
556724,23206,LUNCH BAG APPLE DESIGN,United Kingdom
556724,23243,SET OF TEA COFFEE SUGAR TINS PANTRY,United Kingdom
556724,23245,SET OF 3 REGENCY CAKE TINS,United Kingdom
556724,82551,LAUNDRY 15C METAL SIGN,United Kingdom
556724,82552,WASHROOM METAL SIGN,United Kingdom
556724,82600,NO SINGING METAL SIGN,United Kingdom
556906,15058A,BLUE POLKADOT GARDEN PARASOL,United Kingdom
556906,15058B,PINK POLKADOT GARDEN PARASOL,United Kingdom
556906,20718,RED RETROSPOT SHOPPER BAG,United Kingdom
556906,20725,LUNCH BAG RED RETROSPOT,United Kingdom
556906,21041,RED RETROSPOT OVEN GLOVE DOUBLE,United Kingdom
556906,21078,SET/20 STRAWBERRY PAPER NAPKINS,United Kingdom
556906,21154,RED RETROSPOT OVEN GLOVE,United Kingdom
556906,21294,ETCHED GLASS COASTER,United Kingdom
556906,21476,STEEL SWEETHEART ROUND TABLE CREAM,United Kingdom
556906,21588,RETROSPOT GIANT TUBE MATCHES,United Kingdom
556906,21792,CLASSIC FRENCH STYLE BASKET GREEN,United Kingdom
556906,21794,CLASSIC FRENCH STYLE BASKET NATURAL,United Kingdom
556906,22851,SET 20 NAPKINS FAIRY CAKES DESIGN,United Kingdom
556906,23206,LUNCH BAG APPLE DESIGN,United Kingdom
556906,47566,PARTY BUNTING,United Kingdom
556906,47593B,SCOTTIE DOGS BABY BIB,United Kingdom
556906,85014A,BLACK/BLUE POLKADOT UMBRELLA,United Kingdom
556906,85014B,RED RETROSPOT UMBRELLA,United Kingdom
557225,20719,WOODLAND CHARLOTTE BAG,United Kingdom
557225,20727,LUNCH BAG  BLACK SKULL.,United Kingdom
557225,22103,MIRROR MOSAIC T-LIGHT HOLDER ROUND,United Kingdom
557225,22382,LUNCH BAG SPACEBOY DESIGN,United Kingdom
557225,22427,ENAMEL FLOWER JUG CREAM,United Kingdom
557225,22663,JUMBO BAG DOLLY GIRL DESIGN,United Kingdom
557225,23033,DRAWER KNOB CERAMIC RED,United Kingdom
557225,23034,DRAWER KNOB CERAMIC BLACK,United Kingdom
557225,23035,DRAWER KNOB CERAMIC IVORY,United Kingdom
557225,71477,COLOUR GLASS. STAR T-LIGHT HOLDER,United Kingdom
557571,21703,BAG 125g SWIRLY MARBLES,United Kingdom
557571,21790,VINTAGE SNAP CARDS,United Kingdom
557571,21890,S/6 WOODEN SKITTLES IN COTTON BAG,United Kingdom
557571,21891,TRADITIONAL WOODEN SKIPPING ROPE,United Kingdom
557571,21912,VINTAGE SNAKES & LADDERS,United Kingdom
557571,22532,MAGIC DRAWING SLATE LEAP FROG,United Kingdom
557571,22533,MAGIC DRAWING SLATE BAKE A CAKE,United Kingdom
557571,22535,MAGIC DRAWING SLATE BUNNIES,United Kingdom
557571,22536,MAGIC DRAWING SLATE PURDEY,United Kingdom
557571,22548,HEADS AND TAILS SPORTING FUN,United Kingdom
557571,22550,HOLIDAY FUN LUDO,United Kingdom
557571,22693,GROW A FLYTRAP OR SUNFLOWER IN TIN,United Kingdom
557571,23229,VINTAGE DONKEY TAIL GAME,United Kingdom
557763,20727,LUNCH BAG  BLACK SKULL.,United Kingdom
557763,21326,AGED GLASS SILVER T-LIGHT HOLDER,United Kingdom
557763,21930,JUMBO STORAGE BAG SKULLS,United Kingdom
557763,21977,PACK OF 60 PINK PAISLEY CAKE CASES,United Kingdom
557763,22303,COFFEE MUG APPLES DESIGN,United Kingdom
557763,22355,CHARLOTTE BAG SUKI DESIGN,United Kingdom
557763,22383,LUNCH BAG SUKI DESIGN,United Kingdom
557763,22384,LUNCH BAG PINK POLKADOT,United Kingdom
557763,22386,JUMBO BAG PINK POLKADOT,United Kingdom
557763,23121,PACK OF 6 COCKTAIL PARASOL STRAWS,United Kingdom
557763,23199,JUMBO BAG APPLES,United Kingdom
557763,23204,CHARLOTTE BAG APPLES DESIGN,United Kingdom
557763,23206,LUNCH BAG APPLE DESIGN,United Kingdom
557763,23209,LUNCH BAG DOILEY PATTERN,United Kingdom
557763,23236,DOILEY STORAGE TIN,United Kingdom
557763,23240,SET OF 4 KNICK KNACK TINS DOILEY,United Kingdom
557763,23285,PINK VINTAGE SPOT BEAKER,United Kingdom
557763,23286,BLUE VINTAGE SPOT BEAKER,United Kingdom
557763,23298,SPOTTY BUNTING,United Kingdom
557763,23307,SET OF 60 PANTRY DESIGN CAKE CASES,United Kingdom
557763,85123A,WHITE HANGING HEART T-LIGHT HOLDER,United Kingdom
557766,21012,ANTIQUE ALL GLASS CANDLESTICK,United Kingdom
557766,22427,ENAMEL FLOWER JUG CREAM,United Kingdom
557766,72598,SET/12 TAPER CANDLES,United Kingdom
557769,21326,AGED GLASS SILVER T-LIGHT HOLDER,United Kingdom
557769,21930,JUMBO STORAGE BAG SKULLS,United Kingdom
557769,22624,IVORY KITCHEN SCALES,United Kingdom
557769,22627,MINT KITCHEN SCALES,United Kingdom
557769,23027,DRAWER KNOB VINTAGE GLASS HEXAGON,United Kingdom
557769,23028,DRAWER KNOB CRACKLE GLAZE BLUE,United Kingdom
557769,23029,DRAWER KNOB CRACKLE GLAZE GREEN,United Kingdom
557769,23031,DRAWER KNOB CRACKLE GLAZE PINK,United Kingdom
557769,23032,DRAWER KNOB CRACKLE GLAZE IVORY,United Kingdom
557788,21232,STRAWBERRY CERAMIC TRINKET BOX,United Kingdom
557788,22485,SET OF 2 WOODEN MARKET CRATES,United Kingdom
557788,22697,GREEN REGENCY TEACUP AND SAUCER,United Kingdom
557788,22698,PINK REGENCY TEACUP AND SAUCER,United Kingdom
557948,21200,MULTICOLOUR HONEYCOMB PAPER GARLAND,United Kingdom
557948,21201,TROPICAL  HONEYCOMB PAPER GARLAND,United Kingdom
557948,22139,RETROSPOT TEA SET CERAMIC 11 PC,United Kingdom
557948,22673,FRENCH GARDEN SIGN BLUE METAL,United Kingdom
557948,22961,JAM MAKING SET PRINTED,United Kingdom
557948,22969,HOMEMADE JAM SCENTED CANDLES,United Kingdom
557948,82580,BATHROOM METAL SIGN,United Kingdom
557948,82581,TOILET METAL SIGN,United Kingdom
557948,84945,MULTI COLOUR SILVER T-LIGHT HOLDER,United Kingdom
557967,21210,SET OF 72 RETROSPOT PAPER  DOILIES,United Kingdom
557967,21843,RED RETROSPOT CAKE STAND,United Kingdom
557967,22139,RETROSPOT TEA SET CERAMIC 11 PC,United Kingdom
557967,22470,HEART OF WICKER LARGE,United Kingdom
557967,22667,RECIPE BOX RETROSPOT,United Kingdom
557967,22741,FUNKY DIVA PEN,United Kingdom
557967,23075,DOUBLE CERAMIC PARLOUR HOOK,United Kingdom
557967,23118,PARISIENNE JEWELLERY DRAWER,United Kingdom
557967,23147,SINGLE ANTIQUE ROSE HOOK IVORY,United Kingdom
557967,23169,CLASSIC GLASS SWEET JAR,United Kingdom
557967,23203,JUMBO BAG DOILEY PATTERNS,United Kingdom
557967,23245,SET OF 3 REGENCY CAKE TINS,United Kingdom
557967,47566,PARTY BUNTING,United Kingdom
557967,82484,WOOD BLACK BOARD ANT WHITE FINISH,United Kingdom
557967,84406B,CREAM CUPID HEARTS COAT HANGER,United Kingdom
558099,21034,REX CASH+CARRY JUMBO SHOPPER,United Kingdom
558099,21135,VICTORIAN  METAL POSTCARD SPRING,United Kingdom
558099,21136,PAINTED METAL PEARS ASSORTED,United Kingdom
558099,21212,PACK OF 72 RETROSPOT CAKE CASES,United Kingdom
558099,21314,SMALL GLASS HEART TRINKET POT,United Kingdom
558099,21616,4 PEAR BOTANICAL DINNER CANDLES,United Kingdom
558099,21617,4 LILY  BOTANICAL DINNER CANDLES,United Kingdom
558099,21618,4 WILDFLOWER BOTANICAL CANDLES,United Kingdom
558099,21619,4 VANILLA BOTANICAL CANDLES,United Kingdom
558099,21983,PACK OF 12 BLUE PAISLEY TISSUES,United Kingdom
558099,21984,PACK OF 12 PINK PAISLEY TISSUES,United Kingdom
558099,21984,PACK OF 12 PINK PAISLEY TISSUES,United Kingdom
558099,22156,HEART DECORATION WITH PEARLS,United Kingdom
558099,22161,HEART DECORATION RUSTIC HANGING,United Kingdom
558099,22162,HEART GARLAND RUSTIC PADDED,United Kingdom
558099,22583,PACK OF 6 HANDBAG GIFT BOXES,United Kingdom
558099,22584,PACK OF 6 PANNETONE GIFT BOXES,United Kingdom
558099,22585,PACK OF 6 BIRDY GIFT TAGS,United Kingdom
558099,22604,SET OF 4 NAPKIN CHARMS CUTLERY,United Kingdom
558099,22621,TRADITIONAL KNITTING NANCY,United Kingdom
558099,22639,SET OF 4 NAPKIN CHARMS HEARTS,United Kingdom
558099,22641,SET OF 4 NAPKIN CHARMS INSTRUMENT,United Kingdom
558099,22643,SET OF 4 NAPKIN CHARMS LEAVES,United Kingdom
558099,22778,GLASS CLOCHE SMALL,United Kingdom
558099,22778,GLASS CLOCHE SMALL,United Kingdom
558099,22794,SWEETHEART WIRE MAGAZINE RACK,United Kingdom
558099,22795,SWEETHEART RECIPE BOOK STAND,United Kingdom
558099,22821,GIFT BAG PSYCHEDELIC APPLES,United Kingdom
558099,22986,WRAP GINGHAM ROSE,United Kingdom
558099,23060,HEART BEADED TRELLIS DECORATION,United Kingdom
558099,23061,VINTAGE EMBOSSED HEART,United Kingdom
558099,23066,SMALL DECO JEWELLERY STAND,United Kingdom
558099,23067,HANGING ENGRAVED METAL HEART,United Kingdom
558099,23068,ALUMINIUM STAMPED HEART,United Kingdom
558099,23182,TOILET SIGN OCCUPIED OR VACANT,United Kingdom
558099,35648,VINTAGE BEAD PINK PURSE,United Kingdom
558099,35648,VINTAGE BEAD PINK PURSE,United Kingdom
558099,35649,VINTAGE BEAD COSMETIC BAG,United Kingdom
558099,35649,VINTAGE BEAD COSMETIC BAG,United Kingdom
558099,35651,VINTAGE BEAD PINK SCARF,United Kingdom
558099,35651,VINTAGE BEAD PINK SCARF,United Kingdom
558099,71038,WHITE HANGING BEADS CANDLE HOLDER,United Kingdom
558099,82483,WOOD 2 DRAWER CABINET WHITE FINISH,United Kingdom
558099,84609,TALL ROCOCO CANDLE HOLDER,United Kingdom
558099,84709B,PINK OVAL JEWELLED MIRROR,United Kingdom
558099,84821,DANISH ROSE DELUXE COASTER,United Kingdom
558099,84821,DANISH ROSE DELUXE COASTER,United Kingdom
558099,85014A,BLACK/BLUE POLKADOT UMBRELLA,United Kingdom
558099,85104,SILVER GLASS T-LIGHT SET,United Kingdom
558099,85125,SMALL ROUND CUT GLASS CANDLESTICK,United Kingdom
558099,90000A,RASPBERRY ANT COPPER FLOWER NECKLAC,United Kingdom
558099,90065A,WHITE VINTAGE CRYSTAL BRACELET,United Kingdom
558099,90067A,PINK VINTAGE VICTORIAN EARRINGS,United Kingdom
558099,90073,VINTAGE ENAMEL & CRYSTAL EARRINGS,United Kingdom
558099,90129A,PINK GLASS TASSLE BAG CHARM,United Kingdom
558099,90129B,TURQUOISE GLASS TASSLE BAG CHARM,United Kingdom
558099,90129C,GREEN GLASS TASSLE BAG CHARM,United Kingdom
558099,90129F,RED GLASS TASSLE BAG CHARM,United Kingdom
558099,90147,CHUNKY SILVER NECKLACE PASTEL FLOWE,United Kingdom
558099,90160A,PURPLE BOUDICCA LARGE BRACELET,United Kingdom
558099,90160C,TURQ+RED BOUDICCA LARGE BRACELET,United Kingdom
558099,90160D,PINK BOUDICCA LARGE BRACELET,United Kingdom
558099,90170,DAISY HAIR BAND,United Kingdom
558099,90176D,DIAMANTE NECKLACE PURPLE,United Kingdom
558099,90177D,DROP DIAMANTE EARRINGS PURPLE,United Kingdom
558099,90200A,PURPLE SWEETHEART BRACELET,United Kingdom
558099,90200D,PINK SWEETHEART BRACELET,United Kingdom
558099,90200E,GREEN SWEETHEART BRACELET,United Kingdom
558099,90201A,PURPLE ENAMEL FLOWER RING,United Kingdom
558099,90201C,RED ENAMEL FLOWER RING,United Kingdom
558099,90201D,GREEN ENAMEL FLOWER RING,United Kingdom
558125,20676,RED RETROSPOT BOWL,United Kingdom
558125,21094,SET/6 RED SPOTTY PAPER PLATES,United Kingdom
558125,21380,WOODEN HAPPY BIRTHDAY GARLAND,United Kingdom
558125,22090,PAPER BUNTING RETROSPOT,United Kingdom
558125,22333,RETROSPOT PARTY BAG + STICKER SET,United Kingdom
558125,47566B,TEA TIME PARTY BUNTING,United Kingdom
558125,47590A,BLUE HAPPY BIRTHDAY BUNTING,United Kingdom
558125,47599A,PINK PARTY BAGS,United Kingdom
558125,84755,COLOUR GLASS T-LIGHT HOLDER HANGING,United Kingdom
558199,21231,SWEETHEART CERAMIC TRINKET BOX,United Kingdom
558199,21232,STRAWBERRY CERAMIC TRINKET BOX,United Kingdom
558199,21843,RED RETROSPOT CAKE STAND,United Kingdom
558199,22064,PINK DOUGHNUT TRINKET POT,United Kingdom
558199,22067,CHOC TRUFFLE GOLD TRINKET POT,United Kingdom
558199,22072,RED RETROSPOT TEA CUP AND SAUCER,United Kingdom
558199,22423,REGENCY CAKESTAND 3 TIER,United Kingdom
558199,22501,PICNIC BASKET WICKER LARGE,United Kingdom
558199,22644,CERAMIC CHERRY CAKE MONEY BANK,United Kingdom
558199,22646,CERAMIC STRAWBERRY CAKE MONEY BANK,United Kingdom
558199,22890,NOVELTY BISCUITS CAKE STAND 3 TIER,United Kingdom
558199,22925,BLUE GIANT GARDEN THERMOMETER,United Kingdom
558419,21936,RED RETROSPOT PICNIC BAG,United Kingdom
558419,23080,RED METAL BOX TOP SECRET,United Kingdom
558419,23202,JUMBO BAG VINTAGE LEAF,United Kingdom
558419,23235,STORAGE TIN VINTAGE LEAF,United Kingdom
558419,23236,DOILEY STORAGE TIN,United Kingdom
558419,23237,SET OF 4 KNICK KNACK TINS LEAVES,United Kingdom
558419,23244,STORAGE TIN VINTAGE LEAF,United Kingdom
558419,23301,GARDENERS KNEELING PAD KEEP CALM,United Kingdom
558419,23308,SET OF 60 VINTAGE LEAF CAKE CASES,United Kingdom
558419,85099F,JUMBO BAG STRAWBERRY,United Kingdom
558470,21428,SET3 BOOK BOX GREEN GINGHAM FLOWER,United Kingdom
558470,21430,SET/3 RED GINGHAM ROSE STORAGE BOX,United Kingdom
558470,22487,WHITE WOOD GARDEN PLANT LADDER,United Kingdom
558470,22782,SET 3 WICKER STORAGE BASKETS,United Kingdom
558634,20685,DOORMAT RED RETROSPOT,United Kingdom
558634,21688,SILVER PLATE CANDLE BOWL SMALL,United Kingdom
558634,22169,FAMILY ALBUM WHITE PICTURE FRAME,United Kingdom
558634,23049,RECYCLED ACAPULCO MAT RED,United Kingdom
558634,23050,RECYCLED ACAPULCO MAT GREEN,United Kingdom
558634,23051,RECYCLED ACAPULCO MAT BLUE,United Kingdom
558634,23052,RECYCLED ACAPULCO MAT TURQUOISE,United Kingdom
558634,23053,RECYCLED ACAPULCO MAT PINK,United Kingdom
558634,23054,RECYCLED ACAPULCO MAT LAVENDER,United Kingdom
558634,23245,SET OF 3 REGENCY CAKE TINS,United Kingdom
558634,23283,DOORMAT VINTAGE LEAVES DESIGN,United Kingdom
558634,48129,DOORMAT TOPIARY,United Kingdom
558634,48138,DOORMAT UNION FLAG,United Kingdom
558634,48184,DOORMAT ENGLISH ROSE,United Kingdom
558634,48188,DOORMAT WELCOME PUPPIES,United Kingdom
558634,48194,DOORMAT HEARTS,United Kingdom
558696,15044C,PURPLE PAPER PARASOL,United Kingdom
558696,15056BL,EDWARDIAN PARASOL BLACK,United Kingdom
558696,15056N,EDWARDIAN PARASOL NATURAL,United Kingdom
558696,15056P,EDWARDIAN PARASOL PINK,United Kingdom
558696,16237,SLEEPING CAT ERASERS,United Kingdom
558696,20679,EDWARDIAN PARASOL RED,United Kingdom
558696,20712,JUMBO BAG WOODLAND ANIMALS,United Kingdom
558696,20713,JUMBO BAG OWLS,United Kingdom
558696,20719,WOODLAND CHARLOTTE BAG,United Kingdom
558696,20723,STRAWBERRY CHARLOTTE BAG,United Kingdom
558696,20724,RED RETROSPOT CHARLOTTE BAG,United Kingdom
558696,20727,LUNCH BAG  BLACK SKULL.,United Kingdom
558696,20728,LUNCH BAG CARS BLUE,United Kingdom
558696,20972,PINK CREAM FELT CRAFT TRINKET BOX,United Kingdom
558696,21155,RED RETROSPOT PEG BAG,United Kingdom
558696,21232,STRAWBERRY CERAMIC TRINKET BOX,United Kingdom
558696,21933,PINK VINTAGE PAISLEY PICNIC BAG,United Kingdom
558696,22355,CHARLOTTE BAG SUKI DESIGN,United Kingdom
558696,22356,CHARLOTTE BAG PINK POLKADOT,United Kingdom
558696,22382,LUNCH BAG SPACEBOY DESIGN,United Kingdom
558696,22383,LUNCH BAG SUKI DESIGN,United Kingdom
558696,22386,JUMBO BAG PINK POLKADOT,United Kingdom
558696,22411,JUMBO SHOPPER VINTAGE RED PAISLEY,United Kingdom
558696,22423,REGENCY CAKESTAND 3 TIER,United Kingdom
558696,22449,SILK PURSE BABUSHKA PINK,United Kingdom
558696,22468,BABUSHKA LIGHTS STRING OF 10,United Kingdom
558696,22558,CLOTHES PEGS RETROSPOT PACK 24,United Kingdom
558696,22607,WOODEN ROUNDERS GARDEN SET,United Kingdom
558696,22621,TRADITIONAL KNITTING NANCY,United Kingdom
558696,22727,ALARM CLOCK BAKELIKE RED,United Kingdom
558696,22728,ALARM CLOCK BAKELIKE PINK,United Kingdom
558696,22779,WOODEN OWLS LIGHT GARLAND,United Kingdom
558696,22780,LIGHT GARLAND BUTTERFILES PINK,United Kingdom
558696,22968,ROSE COTTAGE KEEPSAKE BOX,United Kingdom
558696,23079,TOADSTOOL BEDSIDE LIGHT,United Kingdom
558696,23108,SET OF 10 LED DOLLY LIGHTS,United Kingdom
558696,23188,VINTAGE  2 METER FOLDING RULER,United Kingdom
558696,23191,BUNDLE OF 3 RETRO NOTE BOOKS,United Kingdom
558696,23192,BUNDLE OF 3 ALPHABET EXERCISE BOOKS,United Kingdom
558696,23199,JUMBO BAG APPLES,United Kingdom
558696,23200,JUMBO BAG PEARS,United Kingdom
558696,23202,JUMBO BAG VINTAGE LEAF,United Kingdom
558696,23204,CHARLOTTE BAG APPLES DESIGN,United Kingdom
558696,23206,LUNCH BAG APPLE DESIGN,United Kingdom
558696,23208,LUNCH BAG VINTAGE LEAF DESIGN,United Kingdom
558696,23245,SET OF 3 REGENCY CAKE TINS,United Kingdom
558696,23289,DOLLY GIRL CHILDRENS BOWL,United Kingdom
558696,23290,SPACEBOY CHILDRENS BOWL,United Kingdom
558696,23291,DOLLY GIRL CHILDRENS CUP,United Kingdom
558696,23292,SPACEBOY CHILDRENS CUP,United Kingdom
558696,79000,MOROCCAN TEA GLASS,United Kingdom
558696,85049C,ROMANTIC PINKS RIBBONS,United Kingdom
558696,85049E,SCANDINAVIAN REDS RIBBONS,United Kingdom
558767,21034,REX CASH+CARRY JUMBO SHOPPER,United Kingdom
558767,21034,REX CASH+CARRY JUMBO SHOPPER,United Kingdom
558767,21122,SET/10 PINK POLKADOT PARTY CANDLES,United Kingdom
558767,21124,SET/10 BLUE POLKADOT PARTY CANDLES,United Kingdom
558767,21363,HOME SMALL WOOD LETTERS,United Kingdom
558767,21411,GINGHAM HEART  DOORSTOP RED,United Kingdom
558767,21452,TOADSTOOL MONEY BOX,United Kingdom
558767,21524,DOORMAT SPOTTY HOME SWEET HOME,United Kingdom
558767,21621,VINTAGE UNION JACK BUNTING,United Kingdom
558767,21877,HOME SWEET HOME MUG,United Kingdom
558767,22423,REGENCY CAKESTAND 3 TIER,United Kingdom
558767,22427,ENAMEL FLOWER JUG CREAM,United Kingdom
558767,22470,HEART OF WICKER LARGE,United Kingdom
558767,22483,RED GINGHAM TEDDY BEAR,United Kingdom
558767,22507,MEMO BOARD RETROSPOT  DESIGN,United Kingdom
558767,22508,DOORSTOP RETROSPOT HEART,United Kingdom
558767,22668,PINK BABY BUNTING,United Kingdom
558767,22692,DOORMAT WELCOME TO OUR HOME,United Kingdom
558767,22794,SWEETHEART WIRE MAGAZINE RACK,United Kingdom
558767,22968,ROSE COTTAGE KEEPSAKE BOX,United Kingdom
558767,23019,SMALL APOTHECARY MEASURING JAR,United Kingdom
558767,23254,CHILDRENS CUTLERY DOLLY GIRL,United Kingdom
558767,23256,CHILDRENS CUTLERY SPACEBOY,United Kingdom
558767,23284,DOORMAT KEEP CALM AND COME IN,United Kingdom
558767,23321,SMALL WHITE HEART OF WICKER,United Kingdom
558767,23322,LARGE WHITE HEART OF WICKER,United Kingdom
558767,47566,PARTY BUNTING,United Kingdom
558767,48138,DOORMAT UNION FLAG,United Kingdom
558767,84581,DOG TOY WITH PINK CROCHET SKIRT,United Kingdom
558894,22427,ENAMEL FLOWER JUG CREAM,United Kingdom
558894,22427,ENAMEL FLOWER JUG CREAM,United Kingdom
558925,21210,SET OF 72 RETROSPOT PAPER  DOILIES,United Kingdom
558964,22469,HEART OF WICKER SMALL,United Kingdom
558964,23165,LARGE CERAMIC TOP STORAGE JAR,United Kingdom
558964,23166,MEDIUM CERAMIC TOP STORAGE JAR,United Kingdom
558964,23167,SMALL CERAMIC TOP STORAGE JAR,United Kingdom
558964,23203,JUMBO BAG DOILEY PATTERNS,United Kingdom
558964,23226,FILIGREE HEART DAISY WHITE,United Kingdom
558964,23227,FILIGREE HEART BUTTERFLY WHITE,United Kingdom
558964,23228,FILIGREE HEART BIRD WHITE,United Kingdom
558964,23298,SPOTTY BUNTING,United Kingdom
559110,15056N,EDWARDIAN PARASOL NATURAL,United Kingdom
559299,20727,LUNCH BAG  BLACK SKULL.,United Kingdom
559299,21929,JUMBO BAG PINK VINTAGE PAISLEY,United Kingdom
559299,21932,SCANDINAVIAN PAISLEY PICNIC BAG,United Kingdom
559299,21933,PINK VINTAGE PAISLEY PICNIC BAG,United Kingdom
559299,21975,PACK OF 60 DINOSAUR CAKE CASES,United Kingdom
559299,22367,CHILDRENS APRON SPACEBOY DESIGN,United Kingdom
559299,22383,LUNCH BAG SUKI DESIGN,United Kingdom
559299,23203,JUMBO BAG DOILEY PATTERNS,United Kingdom
559299,23206,LUNCH BAG APPLE DESIGN,United Kingdom
559299,23307,SET OF 60 PANTRY DESIGN CAKE CASES,United Kingdom
559299,47591D,PINK FAIRY CAKE CHILDRENS APRON,United Kingdom
559299,84596B,SMALL DOLLY MIX DESIGN ORANGE BOWL,United Kingdom
559299,84596F,SMALL MARSHMALLOWS PINK BOWL,United Kingdom
559299,84991,60 TEATIME FAIRY CAKE CASES,United Kingdom
559299,85099B,JUMBO BAG RED RETROSPOT,United Kingdom
559419,22207,FRYING PAN UNION FLAG,United Kingdom
559419,85099B,JUMBO BAG RED RETROSPOT,United Kingdom
559798,22093,MOTORING TISSUE BOX,Germany
559798,22094,RED RETROSPOT TISSUE BOX,Germany
559798,22961,JAM MAKING SET PRINTED,Germany
559798,23186,FRENCH STYLE STORAGE JAR CAFE,Germany
559798,84818,DANISH ROSE PHOTO FRAME,Germany
559798,84929,ASSTD FRUIT+FLOWERS FRIDGE MAGNETS,Germany
559979,10125,MINI FUNKY DESIGN TAPES,United Kingdom
559979,16045,POPART WOODEN PENCILS ASST,United Kingdom
559979,16054,POPART RECT PENCIL SHARPENER ASST,United Kingdom
559979,20719,WOODLAND CHARLOTTE BAG,United Kingdom
559979,20766,GARDEN PATH SKETCHBOOK,United Kingdom
559979,20981,12 PENCILS TALL TUBE WOODLAND,United Kingdom
559979,21328,BALLOONS  WRITING SET,United Kingdom
559979,21577,SAVE THE PLANET COTTON TOTE BAG,United Kingdom
559979,21703,BAG 125g SWIRLY MARBLES,United Kingdom
559979,21889,WOODEN BOX OF DOMINOES,United Kingdom
559979,22418,10 COLOUR SPACEBOY PEN,United Kingdom
559979,22492,MINI PAINT SET VINTAGE,United Kingdom
559979,22507,MEMO BOARD RETROSPOT  DESIGN,United Kingdom
559979,22564,ALPHABET STENCIL CRAFT,United Kingdom
559979,22596,CHRISTMAS STAR WISH LIST CHALKBOARD,United Kingdom
559979,22609,PENS ASSORTED SPACEBALL,United Kingdom
559979,22906,12 MESSAGE CARDS WITH ENVELOPES,United Kingdom
559979,23190,BUNDLE OF 3 SCHOOL EXERCISE BOOKS,United Kingdom
559979,23198,PANTRY MAGNETIC  SHOPPING LIST,United Kingdom
559979,23205,CHARLOTTE BAG VINTAGE ALPHABET,United Kingdom
559979,85015,SET OF 12  VINTAGE POSTCARD SET,United Kingdom
559980,15056BL,EDWARDIAN PARASOL BLACK,United Kingdom
559980,15056N,EDWARDIAN PARASOL NATURAL,United Kingdom
559980,15056P,EDWARDIAN PARASOL PINK,United Kingdom
559980,20679,EDWARDIAN PARASOL RED,United Kingdom
559980,21832,CHOCOLATE CALCULATOR,United Kingdom
559980,22436,12 COLOURED PARTY BALLOONS,United Kingdom
559980,22437,SET OF 9 BLACK SKULL BALLOONS,United Kingdom
559980,23310,BUBBLEGUM RING ASSORTED,United Kingdom
560018,10135,COLOURING PENCILS BROWN TUBE,United Kingdom
560018,11001,ASSTD DESIGN RACING CAR PEN,United Kingdom
560018,11001,ASSTD DESIGN RACING CAR PEN,United Kingdom
560018,20727,LUNCH BAG  BLACK SKULL.,United Kingdom
560018,20978,36 PENCILS TUBE SKULLS,United Kingdom
560018,21034,REX CASH+CARRY JUMBO SHOPPER,United Kingdom
560018,21034,REX CASH+CARRY JUMBO SHOPPER,United Kingdom
560018,21080,SET/20 RED RETROSPOT PAPER NAPKINS,United Kingdom
560018,21080,SET/20 RED RETROSPOT PAPER NAPKINS,United Kingdom
560018,21086,SET/6 RED SPOTTY PAPER CUPS,United Kingdom
560018,21086,SET/6 RED SPOTTY PAPER CUPS,United Kingdom
560018,21086,SET/6 RED SPOTTY PAPER CUPS,United Kingdom
560018,21094,SET/6 RED SPOTTY PAPER PLATES,United Kingdom
560018,21212,PACK OF 72 RETROSPOT CAKE CASES,United Kingdom
560018,21213,PACK OF 72 SKULL CAKE CASES,United Kingdom
560018,21497,FANCY FONTS BIRTHDAY WRAP,United Kingdom
560018,21713,CITRONELLA CANDLE FLOWERPOT,United Kingdom
560018,21713,CITRONELLA CANDLE FLOWERPOT,United Kingdom
560018,21713,CITRONELLA CANDLE FLOWERPOT,United Kingdom
560018,21750,LARGE SKULL WINDMILL,United Kingdom
560018,21750,LARGE SKULL WINDMILL,United Kingdom
560018,21987,PACK OF 6 SKULL PAPER CUPS,United Kingdom
560018,21988,PACK OF 6 SKULL PAPER PLATES,United Kingdom
560018,21989,PACK OF 20 SKULL PAPER NAPKINS,United Kingdom
560018,21989,PACK OF 20 SKULL PAPER NAPKINS,United Kingdom
560018,22082,RIBBON REEL STRIPES DESIGN,United Kingdom
560018,22085,PAPER CHAIN KIT SKULLS,United Kingdom
560018,22091,EMPIRE TISSUE BOX,United Kingdom
560018,22097,SWALLOW SQUARE TISSUE BOX,United Kingdom
560018,22138,BAKING SET 9 PIECE RETROSPOT,United Kingdom
560018,22178,VICTORIAN GLASS HANGING T-LIGHT,United Kingdom
560018,22197,POPCORN HOLDER,United Kingdom
560018,22197,POPCORN HOLDER,United Kingdom
560018,22327,ROUND SNACK BOXES SET OF 4 SKULLS,United Kingdom
560018,22328,ROUND SNACK BOXES SET OF 4 FRUITS,United Kingdom
560018,22332,SKULLS PARTY BAG + STICKER SET,United Kingdom
560018,22333,RETROSPOT PARTY BAG + STICKER SET,United Kingdom
560018,22333,RETROSPOT PARTY BAG + STICKER SET,United Kingdom
560018,22367,CHILDRENS APRON SPACEBOY DESIGN,United Kingdom
560018,22367,CHILDRENS APRON SPACEBOY DESIGN,United Kingdom
560018,22481,BLACK TEA TOWEL CLASSIC DESIGN,United Kingdom
560018,22489,PACK OF 12 TRADITIONAL CRAYONS,United Kingdom
560018,22489,PACK OF 12 TRADITIONAL CRAYONS,United Kingdom
560018,22493,PAINT YOUR OWN CANVAS SET,United Kingdom
560018,22493,PAINT YOUR OWN CANVAS SET,United Kingdom
560018,22494,EMERGENCY FIRST AID TIN,United Kingdom
560018,22505,MEMO BOARD COTTAGE DESIGN,United Kingdom
560018,22553,PLASTERS IN TIN SKULLS,United Kingdom
560018,22553,PLASTERS IN TIN SKULLS,United Kingdom
560018,22624,IVORY KITCHEN SCALES,United Kingdom
560018,22626,BLACK KITCHEN SCALES,United Kingdom
560018,22915,ASSORTED BOTTLE TOP  MAGNETS,United Kingdom
560018,22938,CUPCAKE LACE PAPER SET 6,United Kingdom
560018,22961,JAM MAKING SET PRINTED,United Kingdom
560018,23015,CORDIAL GLASS JUG,United Kingdom
560018,23018,LARGE APOTHECARY MEASURING JAR,United Kingdom
560018,23082,SET 6 PAPER TABLE LANTERN HEARTS,United Kingdom
560018,23091,ZINC HERB GARDEN CONTAINER,United Kingdom
560018,23120,PACK OF 6 SMALL FRUIT STRAWS,United Kingdom
560018,23121,PACK OF 6 COCKTAIL PARASOL STRAWS,United Kingdom
560018,23123,COCKTAIL SWORDS 50 PIECES,United Kingdom
560018,23191,BUNDLE OF 3 RETRO NOTE BOOKS,United Kingdom
560018,23192,BUNDLE OF 3 ALPHABET EXERCISE BOOKS,United Kingdom
560018,23229,VINTAGE DONKEY TAIL GAME,United Kingdom
560018,23295,SET OF 12 MINI LOAF BAKING CASES,United Kingdom
560018,79144C,PAINTED LIGHTBULB RAINBOW DESIGN,United Kingdom
560018,79144C,PAINTED LIGHTBULB RAINBOW DESIGN,United Kingdom
560018,79163,BLACK CHAMPAGNE GLASS,United Kingdom
560096,23284,DOORMAT KEEP CALM AND COME IN,United Kingdom
560096,48138,DOORMAT UNION FLAG,United Kingdom
560096,48185,DOORMAT FAIRY CAKE,United Kingdom
560098,21169,YOU'RE CONFUSING ME METAL SIGN,United Kingdom
560098,21175,GIN + TONIC DIET METAL SIGN,United Kingdom
560098,21179,NO JUNK MAIL METAL SIGN,United Kingdom
560098,21903,MAN FLU METAL SIGN,United Kingdom
560098,21905,MORE BUTTER METAL SIGN,United Kingdom
560098,21907,I'M ON HOLIDAY METAL SIGN,United Kingdom
560098,22117,METAL SIGN HER DINNER IS SERVED,United Kingdom
560098,22171,3 HOOK PHOTO SHELF ANTIQUE WHITE,United Kingdom
560098,22412,METAL SIGN NEIGHBOURHOOD WITCH,United Kingdom
560098,22505,MEMO BOARD COTTAGE DESIGN,United Kingdom
560098,23132,SMALL IVORY HEART WALL ORGANISER,United Kingdom
560098,23146,TRIPLE HOOK ANTIQUE IVORY ROSE,United Kingdom
560098,23176,ABC TREASURE BOOK BOX,United Kingdom
560098,23177,TREASURE ISLAND BOOK BOX,United Kingdom
560098,23194,GYMKHANA TREASURE BOOK BOX,United Kingdom
560098,23321,SMALL WHITE HEART OF WICKER,United Kingdom
560098,71477,COLOUR GLASS. STAR T-LIGHT HOLDER,United Kingdom
560098,82567,"AIRLINE LOUNGE,METAL SIGN",United Kingdom
560098,82582,AREA PATROLLED METAL SIGN,United Kingdom
560098,82600,NO SINGING METAL SIGN,United Kingdom
560205,23208,LUNCH BAG VINTAGE LEAF DESIGN,United Kingdom
560266,22171,3 HOOK PHOTO SHELF ANTIQUE WHITE,United Kingdom
560266,22379,RECYCLING BAG RETROSPOT,United Kingdom
560266,22606,WOODEN SKITTLES GARDEN SET,United Kingdom
560266,22666,RECIPE BOX PANTRY YELLOW DESIGN,United Kingdom
560266,22795,SWEETHEART RECIPE BOOK STAND,United Kingdom
560266,84380,SET OF 3 BUTTERFLY COOKIE CUTTERS,United Kingdom
560605,22616,PACK OF 12 LONDON TISSUES,United Kingdom
560605,22900,SET 2 TEA TOWELS I LOVE LONDON,United Kingdom
560605,22970,LONDON BUS COFFEE MUG,United Kingdom
560605,22988,SOLDIERS EGG CUP,United Kingdom
560712,20712,JUMBO BAG WOODLAND ANIMALS,United Kingdom
560712,20751,FUNKY WASHING UP GLOVES ASSORTED,United Kingdom
560712,20981,12 PENCILS TALL TUBE WOODLAND,United Kingdom
560712,20982,12 PENCILS TALL TUBE SKULLS,United Kingdom
560712,21033,JUMBO BAG CHARLIE AND LOLA TOYS,United Kingdom
560712,21034,REX CASH+CARRY JUMBO SHOPPER,United Kingdom
560712,21929,JUMBO BAG PINK VINTAGE PAISLEY,United Kingdom
560712,21930,JUMBO STORAGE BAG SKULLS,United Kingdom
560712,21931,JUMBO STORAGE BAG SUKI,United Kingdom
560712,21982,PACK OF 12 SUKI TISSUES,United Kingdom
560712,21984,PACK OF 12 PINK PAISLEY TISSUES,United Kingdom
560712,21990,MODERN FLORAL STATIONERY SET,United Kingdom
560712,22093,MOTORING TISSUE BOX,United Kingdom
560712,22099,CARAVAN SQUARE TISSUE BOX,United Kingdom
560712,22386,JUMBO BAG PINK POLKADOT,United Kingdom
560712,22411,JUMBO SHOPPER VINTAGE RED PAISLEY,United Kingdom
560712,22558,CLOTHES PEGS RETROSPOT PACK 24,United Kingdom
560712,22781,GUMBALL MAGAZINE RACK,United Kingdom
560712,22908,PACK OF 20 NAPKINS RED APPLES,United Kingdom
560712,23196,VINTAGE LEAF MAGNETIC NOTEPAD,United Kingdom
560712,23199,JUMBO BAG APPLES,United Kingdom
560712,23200,JUMBO BAG PEARS,United Kingdom
560712,23201,JUMBO BAG ALPHABET,United Kingdom
560712,23202,JUMBO BAG VINTAGE LEAF,United Kingdom
560712,23203,JUMBO BAG DOILEY PATTERNS,United Kingdom
560712,23283,DOORMAT VINTAGE LEAF,United Kingdom
560712,23298,SPOTTY BUNTING,United Kingdom
560712,23344,JUMBO BAG 50'S CHRISTMAS,United Kingdom
560712,79066K,RETRO MOD TRAY,United Kingdom
560712,79190A,RETRO PLASTIC 70'S TRAY,United Kingdom
560712,79191C,RETRO PLASTIC ELEPHANT TRAY,United Kingdom
560712,84536A,ENGLISH ROSE NOTEBOOK A7 SIZE,United Kingdom
560712,84592,CROCHET ROSE PURSE WITH SUEDE BACK,United Kingdom
560712,84596B,SMALL DOLLY MIX DESIGN ORANGE BOWL,United Kingdom
560712,84596F,SMALL MARSHMALLOWS PINK BOWL,United Kingdom
560712,84732B,CUTE BIRD CEATURE SCREEN,United Kingdom
560712,84732D,CUTE RABBIT CEATURE SCREEN,United Kingdom
560712,85099B,JUMBO BAG RED RETROSPOT,United Kingdom
560712,85099C,JUMBO  BAG BAROQUE BLACK WHITE,United Kingdom
560712,85099F,JUMBO BAG STRAWBERRY,United Kingdom
560807,20728,LUNCH BAG CARS BLUE,United Kingdom
560807,21977,PACK OF 60 PINK PAISLEY CAKE CASES,United Kingdom
560807,22083,PAPER CHAIN KIT RETROSPOT,United Kingdom
560807,22086,PAPER CHAIN KIT 50'S CHRISTMAS,United Kingdom
560807,22417,PACK OF 60 SPACEBOY CAKE CASES,United Kingdom
560807,22457,NATURAL SLATE HEART CHALKBOARD,United Kingdom
560807,22614,PACK OF 12 SPACEBOY TISSUES,United Kingdom
560807,22661,CHARLOTTE BAG DOLLY GIRL DESIGN,United Kingdom
560807,22910,PAPER CHAIN KIT VINTAGE CHRISTMAS,United Kingdom
560807,22950,36 DOILIES VINTAGE CHRISTMAS,United Kingdom
560807,22952,60 CAKE CASES VINTAGE CHRISTMAS,United Kingdom
560807,22956,36 FOIL HEART CAKE CASES,United Kingdom
560807,22960,JAM MAKING SET WITH JARS,United Kingdom
560807,23200,JUMBO BAG PEARS,United Kingdom
560807,23201,JUMBO BAG ALPHABET,United Kingdom
560807,23203,JUMBO BAG DOILEY PATTERNS,United Kingdom
560807,23207,LUNCH BAG ALPHABET DESIGN,United Kingdom
560807,23236,DOILEY STORAGE TIN,United Kingdom
560807,23247,BISCUIT TIN 50'S CHRISTMAS,United Kingdom
560807,23293,SET OF 12 FAIRY CAKE BAKING CASES,United Kingdom
560807,23296,SET OF 6 TEA TIME BAKING CASES,United Kingdom
560807,23297,SET 40 HEART SHAPE PETIT FOUR CASES,United Kingdom
560807,23301,GARDENERS KNEELING PAD KEEP CALM,United Kingdom
560807,23306,SET OF 36 DOILIES PANTRY DESIGN,United Kingdom
560807,23318,BOX OF 6 MINI VINTAGE CRACKERS,United Kingdom
560807,23319,BOX OF 6 MINI 50'S CRACKERS,United Kingdom
560807,23344,JUMBO BAG 50'S CHRISTMAS,United Kingdom
560807,48187,DOORMAT NEW ENGLAND,United Kingdom
560807,84375,SET OF 20 KIDS COOKIE CUTTERS,United Kingdom
560895,16161P,WRAP ENGLISH ROSE,United Kingdom
560895,21313,GLASS HEART T-LIGHT HOLDER,United Kingdom
560895,21497,FANCY FONTS BIRTHDAY WRAP,United Kingdom
560895,21498,RED RETROSPOT WRAP,United Kingdom
560895,21500,PINK POLKADOT WRAP,United Kingdom
560895,21980,PACK OF 12 RED RETROSPOT TISSUES,United Kingdom
560895,22156,HEART DECORATION WITH PEARLS,United Kingdom
560895,22417,PACK OF 60 SPACEBOY CAKE CASES,United Kingdom
560895,22423,REGENCY CAKESTAND 3 TIER,United Kingdom
560895,22460,EMBOSSED GLASS TEALIGHT HOLDER,United Kingdom
560895,22467,GUMBALL COAT RACK,United Kingdom
560895,22697,GREEN REGENCY TEACUP AND SAUCER,United Kingdom
560895,22698,PINK REGENCY TEACUP AND SAUCER,United Kingdom
560895,22699,ROSES REGENCY TEACUP AND SAUCER,United Kingdom
560895,22704,WRAP RED APPLES,United Kingdom
560895,22798,ANTIQUE GLASS DRESSING TABLE POT,United Kingdom
560895,22951,60 CAKE CASES DOLLY GIRL DESIGN,United Kingdom
560895,23013,GLASS APOTHECARY BOTTLE TONIC,United Kingdom
560895,23014,GLASS APOTHECARY BOTTLE ELIXIR,United Kingdom
560895,23067,HANGING ENGRAVED METAL HEART,United Kingdom
560895,23133,LARGE IVORY HEART WALL ORGANISER,United Kingdom
560895,23134,LARGE ZINC HEART WALL ORGANISER,United Kingdom
560895,23226,FILIGREE HEART DAISY WHITE,United Kingdom
560895,23227,FILIGREE HEART BUTTERFLY WHITE,United Kingdom
560895,23230,WRAP ALPHABET DESIGN,United Kingdom
560895,23231,WRAP DOILEY DESIGN,United Kingdom
560895,23232,WRAP VINTAGE LEAF DESIGN,United Kingdom
560895,23240,SET OF 4 KNICK KNACK TINS DOILEY,United Kingdom
560895,23245,SET OF 3 REGENCY CAKE TINS,United Kingdom
560895,23275,SET OF 3 HANGING OWLS OLLIE BEAK,United Kingdom
560895,23293,SET OF 12 FAIRY CAKE BAKING CASES,United Kingdom
560895,23295,SET OF 12 MINI LOAF BAKING CASES,United Kingdom
560895,23296,SET OF 6 TEA TIME BAKING CASES,United Kingdom
560895,23297,SET 40 HEART SHAPE PETIT FOUR CASES,United Kingdom
560895,23307,SET OF 60 PANTRY DESIGN CAKE CASES,United Kingdom
560895,23545,WRAP RED DOILEY,United Kingdom
560895,23546,WRAP PAISLEY PARK,United Kingdom
560895,23549,WRAP BIRD GARDEN,United Kingdom
560895,71459,HANGING JAM JAR T-LIGHT HOLDER,United Kingdom
560895,84970S,HANGING HEART ZINC T-LIGHT HOLDER,United Kingdom
560895,84992,72 SWEETHEART FAIRY CAKE CASES,United Kingdom
561095,16161P,WRAP ENGLISH ROSE,United Kingdom
561095,21314,SMALL GLASS HEART TRINKET POT,United Kingdom
561095,21340,CLASSIC METAL BIRDCAGE PLANT HOLDER,United Kingdom
561095,21670,BLUE SPOT CERAMIC DRAWER KNOB,United Kingdom
561095,22423,REGENCY CAKESTAND 3 TIER,United Kingdom
561095,22698,PINK REGENCY TEACUP AND SAUCER,United Kingdom
561095,22699,ROSES REGENCY TEACUP AND SAUCER,United Kingdom
561095,22771,CLEAR DRAWER KNOB ACRYLIC EDWARDIAN,United Kingdom
561095,22776,SWEETHEART CAKESTAND 3 TIER,United Kingdom
561095,23031,DRAWER KNOB CRACKLE GLAZE PINK,United Kingdom
561095,23148,MINIATURE ANTIQUE ROSE HOOK IVORY,United Kingdom
561095,23231,WRAP DOILEY DESIGN,United Kingdom
561095,23296,SET OF 6 TEA TIME BAKING CASES,United Kingdom
561095,23307,SET OF 60 PANTRY DESIGN CAKE CASES,United Kingdom
561095,84879,ASSORTED COLOUR BIRD ORNAMENT,United Kingdom
561192,21165,BEWARE OF THE CAT METAL SIGN,United Kingdom
561192,21174,POTTERING IN THE SHED METAL SIGN,United Kingdom
561192,21212,PACK OF 72 RETROSPOT CAKE CASES,United Kingdom
561192,21216,"SET 3 RETROSPOT TEA,COFFEE,SUGAR",United Kingdom
561192,21217,RED RETROSPOT ROUND CAKE TINS,United Kingdom
561192,21218,RED SPOTTY BISCUIT TIN,United Kingdom
561192,21411,GINGHAM HEART  DOORSTOP RED,United Kingdom
561192,21533,RETROSPOT LARGE MILK JUG,United Kingdom
561192,21745,GAOLERS KEYS DECORATIVE GARDEN,United Kingdom
561192,21787,RAIN PONCHO RETROSPOT,United Kingdom
561192,21874,GIN AND TONIC MUG,United Kingdom
561192,21876,POTTERING MUG,United Kingdom
561192,21899,GARAGE KEY FOB,United Kingdom
561192,21900,"KEY FOB , SHED",United Kingdom
561192,22070,SMALL RED RETROSPOT MUG IN BOX,United Kingdom
561192,22072,RED RETROSPOT TEA CUP AND SAUCER,United Kingdom
561192,22093,MOTORING TISSUE BOX,United Kingdom
561192,22098,BOUDOIR SQUARE TISSUE BOX,United Kingdom
561192,22139,RETROSPOT TEA SET CERAMIC 11 PC,United Kingdom
561192,22170,PICTURE FRAME WOOD TRIPLE PORTRAIT,United Kingdom
561192,22171,3 HOOK PHOTO SHELF ANTIQUE WHITE,United Kingdom
561192,22457,NATURAL SLATE HEART CHALKBOARD,United Kingdom
561192,22507,MEMO BOARD RETROSPOT  DESIGN,United Kingdom
561192,22508,DOORSTOP RETROSPOT HEART,United Kingdom
561192,22561,WOODEN SCHOOL COLOURING SET,United Kingdom
561192,22607,WOODEN ROUNDERS GARDEN SET,United Kingdom
561192,22644,CERAMIC CHERRY CAKE MONEY BANK,United Kingdom
561192,22645,CERAMIC HEART FAIRY CAKE MONEY BANK,United Kingdom
561192,22646,CERAMIC STRAWBERRY CAKE MONEY BANK,United Kingdom
561192,22646,CERAMIC STRAWBERRY CAKE MONEY BANK,United Kingdom
561192,22690,DOORMAT HOME SWEET HOME BLUE,United Kingdom
561192,22782,SET 3 WICKER STORAGE BASKETS,United Kingdom
561192,22845,VINTAGE CREAM CAT FOOD CONTAINER,United Kingdom
561192,22854,CREAM SWEETHEART EGG HOLDER,United Kingdom
561192,23028,DRAWER KNOB CRACKLE GLAZE BLUE,United Kingdom
561192,23029,DRAWER KNOB CRACKLE GLAZE GREEN,United Kingdom
561192,23031,DRAWER KNOB CRACKLE GLAZE PINK,United Kingdom
561192,23032,DRAWER KNOB CRACKLE GLAZE IVORY,United Kingdom
561192,23035,DRAWER KNOB CERAMIC IVORY,United Kingdom
561192,23056,FLOWERS CHANDELIER T-LIGHT HOLDER,United Kingdom
561192,23075,PARLOUR CERAMIC WALL HOOK,United Kingdom
561192,23132,SMALL IVORY HEART WALL ORGANISER,United Kingdom
561192,23168,CLASSIC CAFE SUGAR DISPENSER,United Kingdom
561192,23177,TREASURE ISLAND BOOK BOX,United Kingdom
561192,23182,TOILET SIGN OCCUPIED OR VACANT,United Kingdom
561192,23194,GYMKHANA TREASURE BOOK BOX,United Kingdom
561192,23284,DOORMAT KEEP CALM AND COME IN,United Kingdom
561192,23300,GARDENERS KNEELING PAD CUP OF TEA,United Kingdom
561192,23301,GARDENERS KNEELING PAD KEEP CALM,United Kingdom
561192,23321,SMALL WHITE HEART OF WICKER,United Kingdom
561192,23322,LARGE WHITE HEART OF WICKER,United Kingdom
561192,79066K,RETRO MOD TRAY,United Kingdom
561192,84629,WHITE 3 FRAME BIRDS AND TREE,United Kingdom
561192,84912A,PINK ROSE WASHBAG,United Kingdom
561192,84912B,GREEN ROSE WASHBAG,United Kingdom
561192,84978,HANGING HEART JAR T-LIGHT HOLDER,United Kingdom
561192,85123A,WHITE HANGING HEART T-LIGHT HOLDER,United Kingdom
561192,85152,HAND OVER THE CHOCOLATE   SIGN,United Kingdom
561203,15058C,ICE CREAM DESIGN GARDEN PARASOL,United Kingdom
561203,20728,LUNCH BAG CARS BLUE,United Kingdom
561203,21089,SET/6 GREEN SPRING PAPER CUPS,United Kingdom
561203,21172,PARTY METAL SIGN,United Kingdom
561203,21179,NO JUNK MAIL METAL SIGN,United Kingdom
561203,21642,ASSORTED TUTTI FRUTTI PEN,United Kingdom
561203,21874,GIN AND TONIC MUG,United Kingdom
561203,21903,MAN FLU METAL SIGN,United Kingdom
561203,21908,CHOCOLATE THIS WAY METAL SIGN,United Kingdom
561203,22095,LADS ONLY TISSUE BOX,United Kingdom
561203,22470,HEART OF WICKER LARGE,United Kingdom
561203,22953,BIRTHDAY PARTY CORDON BARRIER TAPE,United Kingdom
561203,23310,BUBBLEGUM RING ASSORTED,United Kingdom
561203,47563A,RETRO LONGBOARD IRONING BOARD COVER,United Kingdom
561203,82580,BATHROOM METAL SIGN,United Kingdom
561203,85152,HAND OVER THE CHOCOLATE   SIGN,United Kingdom
561332,20685,DOORMAT RED RETROSPOT,Switzerland
561332,21212,PACK OF 72 RETROSPOT CAKE CASES,Switzerland
561332,21523,DOORMAT FANCY FONT HOME SWEET HOME,Switzerland
561332,21524,DOORMAT SPOTTY HOME SWEET HOME,Switzerland
561332,22310,IVORY KNITTED MUG COSY,Switzerland
561332,22311,OFFICE MUG WARMER BLACK+SILVER,Switzerland
561332,22312,OFFICE MUG WARMER POLKADOT,Switzerland
561332,22313,OFFICE MUG WARMER PINK,Switzerland
561332,22314,OFFICE MUG WARMER CHOC+BLUE,Switzerland
561332,22690,DOORMAT HOME SWEET HOME BLUE,Switzerland
561332,22692,DOORMAT WELCOME TO OUR HOME,Switzerland
561332,23284,DOORMAT KEEP CALM AND COME IN,Switzerland
561332,23293,SET OF 12 FAIRY CAKE BAKING CASES,Switzerland
561332,23297,SET 40 HEART SHAPE PETIT FOUR CASES,Switzerland
561332,48111,DOORMAT 3 SMILEY CATS,Switzerland
561332,48116,DOORMAT MULTICOLOUR STRIPE,Switzerland
561332,48129,DOORMAT TOPIARY,Switzerland
561332,48184,DOORMAT ENGLISH ROSE,Switzerland
561332,48185,DOORMAT FAIRY CAKE,Switzerland
561332,48187,DOORMAT NEW ENGLAND,Switzerland
561332,48188,DOORMAT WELCOME PUPPIES,Switzerland
561332,48194,DOORMAT HEARTS,Switzerland
561384,21382,SET/4 SPRING FLOWER DECORATION,United Kingdom
561384,22457,NATURAL SLATE HEART CHALKBOARD,United Kingdom
561384,22779,WOODEN OWLS LIGHT GARLAND,United Kingdom
561393,21469,POLKA DOT RAFFIA FOOD COVER,United Kingdom
561393,21733,RED HANGING HEART T-LIGHT HOLDER,United Kingdom
561393,21746,SMALL RED RETROSPOT WINDMILL,United Kingdom
561393,21912,VINTAGE SNAKES & LADDERS,United Kingdom
561393,21977,PACK OF 60 PINK PAISLEY CAKE CASES,United Kingdom
561393,22077,6 RIBBONS RUSTIC CHARM,United Kingdom
561393,22993,SET OF 4 PANTRY JELLY MOULDS,United Kingdom
561393,48194,DOORMAT HEARTS,United Kingdom
561393,84991,60 TEATIME FAIRY CAKE CASES,United Kingdom
561393,85123A,WHITE HANGING HEART T-LIGHT HOLDER,United Kingdom
561533,22467,GUMBALL COAT RACK,United Kingdom
561533,22725,ALARM CLOCK BAKELIKE CHOCOLATE,United Kingdom
561533,22726,ALARM CLOCK BAKELIKE GREEN,United Kingdom
561533,22729,ALARM CLOCK BAKELIKE ORANGE,United Kingdom
561533,22781,GUMBALL MAGAZINE RACK,United Kingdom
561885,17012B,ORIGAMI JASMINE INCENSE/CANDLE SET,United Kingdom
561885,17012C,ORIGAMI LAVENDER INCENSE/CANDL SET,United Kingdom
561885,17012D,ORIGAMI ROSE INCENSE/CANDLE SET,United Kingdom
561885,17012F,ORIGAMI SANDLEWOOD INCENSE/CAND SET,United Kingdom
561885,20765,CHRYSANTHEMUM SKETCHBOOK,United Kingdom
561885,20771,CHRYSANTHEMUM  JOURNAL,United Kingdom
561885,20777,CHRYSANTHEMUM NOTEBOOK,United Kingdom
561885,20856,DENIM PATCH PURSE PINK BUTTERFLY,United Kingdom
561885,20992,JAZZ HEARTS PURSE NOTEBOOK,United Kingdom
561885,21058,PARTY INVITES WOODLAND,United Kingdom
561885,21060,PARTY INVITES BALLOON GIRL,United Kingdom
561885,21063,PARTY INVITES JAZZ HEARTS,United Kingdom
561885,21107,CREAM SLICE FLANNEL PINK SPOT,United Kingdom
561885,21108,FAIRY CAKE FLANNEL ASSORTED COLOUR,United Kingdom
561885,21112,SWISS ROLL TOWEL PINK  SPOTS,United Kingdom
561885,21175,GIN + TONIC DIET METAL SIGN,United Kingdom
561885,21217,RED RETROSPOT ROUND CAKE TINS,United Kingdom
561885,21411,GINGHAM HEART  DOORSTOP RED,United Kingdom
561885,21428,SET3 BOOK BOX GREEN GINGHAM FLOWER,United Kingdom
561885,21528,DAIRY MAID TRADITIONAL TEAPOT,United Kingdom
561885,21530,DAIRY MAID TOASTRACK,United Kingdom
561885,21534,DAIRY MAID LARGE MILK JUG,United Kingdom
561885,21636,MADRAS NOTEBOOK MEDIUM,United Kingdom
561885,21647,ASSORTED TUTTI FRUTTI LARGE PURSE,United Kingdom
561885,21648,ASSORTED TUTTI FRUTTI SMALL PURSE,United Kingdom
561885,21743,STAR PORTABLE TABLE LIGHT,United Kingdom
561885,21744,SNOWFLAKE PORTABLE TABLE LIGHT,United Kingdom
561885,21846,PINK DIAMANTE PEN IN GIFT BOX,United Kingdom
561885,21847,GREEN  DIAMANTE PEN IN GIFT BOX,United Kingdom
561885,21849,SILVER DIAMANTE PEN IN GIFT BOX,United Kingdom
561885,21865,PINK UNION JACK  PASSPORT COVER,United Kingdom
561885,21867,PINK UNION JACK  LUGGAGE TAG,United Kingdom
561885,21990,MODERN FLORAL STATIONERY SET,United Kingdom
561885,21991,BOHEMIAN COLLAGE STATIONERY SET,United Kingdom
561885,22166,WALL MIRROR RECTANGLE DIAMANTE PINK,United Kingdom
561885,22167,OVAL WALL MIRROR DIAMANTE,United Kingdom
561885,22274,FELTCRAFT DOLL EMILY,United Kingdom
561885,22282,12 EGG HOUSE PAINTED WOOD,United Kingdom
561885,22443,GROW YOUR OWN HERBS SET OF 3,United Kingdom
561885,22607,WOODEN ROUNDERS GARDEN SET,United Kingdom
561885,22750,FELTCRAFT PRINCESS LOLA DOLL,United Kingdom
561885,22751,FELTCRAFT PRINCESS OLIVIA DOLL,United Kingdom
561885,22796,PHOTO FRAME 3 CLASSIC HANGING,United Kingdom
561885,72351A,SET/6 TURQUOISE BUTTERFLY T-LIGHTS,United Kingdom
561885,72351B,SET/6 PINK  BUTTERFLY T-LIGHTS,United Kingdom
561885,72800C,4 PINK DINNER CANDLE SILVER FLOCK,United Kingdom
561885,72802A,ROSE SCENT CANDLE IN JEWELLED BOX,United Kingdom
561885,72803A,ROSE SCENT CANDLE JEWELLED DRAWER,United Kingdom
561885,72807C,SET/3 VANILLA SCENTED CANDLE IN BOX,United Kingdom
561885,84509A,SET OF 4 ENGLISH ROSE PLACEMATS,United Kingdom
561885,84510A,SET OF 4 ENGLISH ROSE COASTERS,United Kingdom
561885,85039B,S/4 IVORY MINI ROSE CANDLE IN BOWL,United Kingdom
561885,85040A,S/4 PINK FLOWER CANDLES IN BOWL,United Kingdom
561885,85061W,WHITE JEWELLED HEART DECORATION,United Kingdom
561885,85130B,BEADED CRYSTAL HEART GREEN LARGE,United Kingdom
561885,85130C,BEADED CRYSTAL HEART BLUE  LARGE,United Kingdom
561885,90123A,PINK HEART OF GLASS BRACELET,United Kingdom
561885,90123B,TURQUOISE HEART OF GLASS BRACELET,United Kingdom
561885,90123C,GREEN HEART OF GLASS BRACELET,United Kingdom
561885,M,Manual,United Kingdom
562019,21928,JUMBO BAG SCANDINAVIAN BLUE PAISLEY,United Kingdom
562019,21929,JUMBO BAG PINK VINTAGE PAISLEY,United Kingdom
562019,21930,JUMBO STORAGE BAG SKULLS,United Kingdom
562019,21931,JUMBO STORAGE BAG SUKI,United Kingdom
562019,22385,JUMBO BAG SPACEBOY DESIGN,United Kingdom
562019,22386,JUMBO BAG PINK POLKADOT,United Kingdom
562019,22411,JUMBO SHOPPER VINTAGE RED PAISLEY,United Kingdom
562019,22663,JUMBO BAG DOLLY GIRL DESIGN,United Kingdom
562019,23199,JUMBO BAG APPLES,United Kingdom
562019,23200,JUMBO BAG PEARS,United Kingdom
562019,23201,JUMBO BAG ALPHABET,United Kingdom
562019,23202,JUMBO BAG VINTAGE LEAF,United Kingdom
562019,23203,JUMBO BAG DOILEY PATTERNS,United Kingdom
562019,85099B,JUMBO BAG RED RETROSPOT,United Kingdom
562152,21188,3D HEARTS  HONEYCOMB PAPER GARLAND,United Kingdom
562152,21733,RED HANGING HEART T-LIGHT HOLDER,United Kingdom
562152,22927,GREEN GIANT GARDEN THERMOMETER,United Kingdom
562152,22928,YELLOW GIANT GARDEN THERMOMETER,United Kingdom
562152,84755,COLOUR GLASS T-LIGHT HOLDER HANGING,United Kingdom
562152,85123A,WHITE HANGING HEART T-LIGHT HOLDER,United Kingdom
562271,15039,SANDALWOOD FAN,United Kingdom
562271,20914,SET/5 RED RETROSPOT LID GLASS BOWLS,United Kingdom
562271,22411,JUMBO SHOPPER VINTAGE RED PAISLEY,United Kingdom
562271,22725,ALARM CLOCK BAKELIKE CHOCOLATE,United Kingdom
562271,22726,ALARM CLOCK BAKELIKE GREEN,United Kingdom
562271,22727,ALARM CLOCK BAKELIKE RED,United Kingdom
562271,22728,ALARM CLOCK BAKELIKE PINK,United Kingdom
562271,22729,ALARM CLOCK BAKELIKE ORANGE,United Kingdom
562271,22730,ALARM CLOCK BAKELIKE IVORY,United Kingdom
562271,23315,IVORY REFECTORY CLOCK,United Kingdom
562271,23316,RED REFECTORY CLOCK,United Kingdom
562271,84077,WORLD WAR 2 GLIDERS ASSTD DESIGNS,United Kingdom
562526,20685,DOORMAT RED RETROSPOT,United Kingdom
562526,21025,SPACE FROG,United Kingdom
562526,21026,SPACE OWL,United Kingdom
562526,21027,NINJA RABBIT PINK,United Kingdom
562526,21028,NINJA RABBIT BLACK,United Kingdom
562526,21175,GIN + TONIC DIET METAL SIGN,United Kingdom
562526,21523,DOORMAT FANCY FONT HOME SWEET HOME,United Kingdom
562526,21621,VINTAGE UNION JACK BUNTING,United Kingdom
562526,21623,VINTAGE UNION JACK MEMOBOARD,United Kingdom
562526,21955,DOORMAT UNION JACK GUNS AND ROSES,United Kingdom
562526,22084,PAPER CHAIN KIT EMPIRE,United Kingdom
562526,22197,POPCORN HOLDER,United Kingdom
562526,22499,WOODEN UNION JACK BUNTING,United Kingdom
562526,22561,WOODEN SCHOOL COLOURING SET,United Kingdom
562526,22616,PACK OF 12 LONDON TISSUES,United Kingdom
562526,22690,DOORMAT HOME SWEET HOME BLUE,United Kingdom
562526,22690,DOORMAT HOME SWEET HOME BLUE,United Kingdom
562526,48138,DOORMAT UNION FLAG,United Kingdom
562526,48187,DOORMAT NEW ENGLAND,United Kingdom
562725,20766,GARDEN PATH SKETCHBOOK,United Kingdom
562725,22187,GREEN CHRISTMAS TREE CARD HOLDER,United Kingdom
562725,22219,LOVEBIRD HANGING DECORATION WHITE,United Kingdom
562725,22236,CAKE STAND 3 TIER MAGIC GARDEN,United Kingdom
562725,22295,HEART FILIGREE DOVE LARGE,United Kingdom
562725,22335,HEART DECORATION PAINTED ZINC,United Kingdom
562725,22341,LOVE GARLAND PAINTED ZINC,United Kingdom
562725,22358,KINGS CHOICE TEA CADDY,United Kingdom
562725,22427,ENAMEL FLOWER JUG CREAM,United Kingdom
562725,22595,GINGHAM HEART DECORATION,United Kingdom
562725,22776,SWEETHEART CAKESTAND 3 TIER,United Kingdom
562725,23082,SET 6 PAPER TABLE LANTERN HEARTS,United Kingdom
562725,23145,ZINC T-LIGHT HOLDER STAR LARGE,United Kingdom
562725,23147,SINGLE ANTIQUE ROSE HOOK IVORY,United Kingdom
562725,23245,SET OF 3 REGENCY CAKE TINS,United Kingdom
562725,23247,BISCUIT TIN 50'S CHRISTMAS,United Kingdom
562725,46000S,POLYESTER FILLER PAD 40x40cm,United Kingdom
562725,82484,WOOD BLACK BOARD ANT WHITE FINISH,United Kingdom
562725,82494L,WOODEN FRAME ANTIQUE WHITE,United Kingdom
562918,20727,LUNCH BAG  BLACK SKULL.,United Kingdom
562918,20728,LUNCH BAG CARS BLUE,United Kingdom
562918,21035,SET/2 RED RETROSPOT TEA TOWELS,United Kingdom
562918,21746,SMALL RED RETROSPOT WINDMILL,United Kingdom
562918,22178,VICTORIAN GLASS HANGING T-LIGHT,United Kingdom
562918,22382,LUNCH BAG SPACEBOY DESIGN,United Kingdom
562918,22666,RECIPE BOX PANTRY YELLOW DESIGN,United Kingdom
562918,22776,SWEETHEART CAKESTAND 3 TIER,United Kingdom
562918,22838,3 TIER CAKE TIN RED AND CREAM,United Kingdom
562918,23206,LUNCH BAG APPLE DESIGN,United Kingdom
562918,23295,SET OF 12 MINI LOAF BAKING CASES,United Kingdom
562918,23300,GARDENERS KNEELING PAD CUP OF TEA,United Kingdom
562918,23301,GARDENERS KNEELING PAD KEEP CALM,United Kingdom
562918,82551,LAUNDRY 15C METAL SIGN,United Kingdom
562918,84755,COLOUR GLASS T-LIGHT HOLDER HANGING,United Kingdom
562918,84991,60 TEATIME FAIRY CAKE CASES,United Kingdom
562918,85053,FRENCH ENAMEL CANDLEHOLDER,United Kingdom
562918,85099B,JUMBO BAG RED RETROSPOT,United Kingdom
562918,85099F,JUMBO BAG STRAWBERRY,United Kingdom
562918,85123A,WHITE HANGING HEART T-LIGHT HOLDER,United Kingdom
563095,20728,LUNCH BAG CARS BLUE,United Kingdom
563095,21249,WOODLAND  HEIGHT CHART STICKERS,United Kingdom
563095,21251,DINOSAUR HEIGHT CHART STICKER SET,United Kingdom
563095,21365,MIRRORED WALL ART STARS,United Kingdom
563095,21369,MIRRORED WALL ART SPLODGES,United Kingdom
563095,21371,MIRRORED WALL ART POPPIES,United Kingdom
563095,21429,RED GINGHAM ROSE JEWELLERY BOX,United Kingdom
563095,21703,BAG 125g SWIRLY MARBLES,United Kingdom
563095,22197,POPCORN HOLDER,United Kingdom
563095,22328,ROUND SNACK BOXES SET OF 4 FRUITS,United Kingdom
563095,22331,WOODLAND PARTY BAG + STICKER SET,United Kingdom
563095,22334,DINOSAUR PARTY BAG + STICKER SET,United Kingdom
563095,22383,LUNCH BAG SUKI DESIGN,United Kingdom
563095,22726,ALARM CLOCK BAKELIKE GREEN,United Kingdom
563095,22728,ALARM CLOCK BAKELIKE PINK,United Kingdom
563095,23207,LUNCH BAG ALPHABET DESIGN,United Kingdom
563095,23209,LUNCH BAG VINTAGE DOILY,United Kingdom
563104,21340,CLASSIC METAL BIRDCAGE PLANT HOLDER,United Kingdom
563104,21385,IVORY HANGING DECORATION  HEART,United Kingdom
563104,22296,HEART IVORY TRELLIS LARGE,United Kingdom
563104,22297,HEART IVORY TRELLIS SMALL,United Kingdom
563104,22465,HANGING METAL STAR LANTERN,United Kingdom
563104,22470,HEART OF WICKER LARGE,United Kingdom
563104,22720,SET OF 3 CAKE TINS PANTRY DESIGN,United Kingdom
563104,23094,LE GRAND TRAY CHIC SET,United Kingdom
563104,23133,LARGE IVORY HEART WALL ORGANISER,United Kingdom
563104,23146,TRIPLE HOOK ANTIQUE IVORY ROSE,United Kingdom
563104,23147,SINGLE ANTIQUE ROSE HOOK IVORY,United Kingdom
563104,23243,SET OF TEA COFFEE SUGAR TINS PANTRY,United Kingdom
563104,23321,SMALL WHITE HEART OF WICKER,United Kingdom
563104,23322,LARGE WHITE HEART OF WICKER,United Kingdom
563104,23329,DECORATIVE WICKER HEART LARGE,United Kingdom
563104,23330,DECORATIVE WICKER HEART MEDIUM,United Kingdom
563104,23332,IVORY WICKER HEART LARGE,United Kingdom
563104,23333,IVORY WICKER HEART MEDIUM,United Kingdom
563104,82483,WOOD 2 DRAWER CABINET WHITE FINISH,United Kingdom
563104,85123A,WHITE HANGING HEART T-LIGHT HOLDER,United Kingdom
563176,22075,6 RIBBONS ELEGANT CHRISTMAS,United Kingdom
563176,22076,6 RIBBONS EMPIRE,United Kingdom
563176,22377,BOTTLE BAG RETROSPOT,United Kingdom
563176,23082,SET 6 PAPER TABLE LANTERN HEARTS,United Kingdom
563176,23083,SET 6 PAPER TABLE LANTERN STARS,United Kingdom
563176,23090,VINTAGE GLASS T-LIGHT HOLDER,United Kingdom
563176,84947,ANTIQUE SILVER TEA GLASS ENGRAVED,United Kingdom
563176,85049A,TRADITIONAL CHRISTMAS RIBBONS,United Kingdom
563176,85106,CUT GLASS HEXAGON T-LIGHT HOLDER,United Kingdom
563176,85107,CUT GLASS T-LIGHT HOLDER OCTAGON,United Kingdom
563251,21259,VICTORIAN SEWING BOX SMALL,United Kingdom
563251,22456,NATURAL SLATE CHALKBOARD LARGE,United Kingdom
563251,22621,TRADITIONAL KNITTING NANCY,United Kingdom
563251,22652,TRAVEL SEWING KIT,United Kingdom
563374,15036,ASSORTED COLOURS SILK FAN,United Kingdom
563374,21086,SET/6 RED SPOTTY PAPER CUPS,United Kingdom
563374,47566,PARTY BUNTING,United Kingdom
563374,47566B,TEA TIME PARTY BUNTING,United Kingdom
563374,47590B,PINK HAPPY BIRTHDAY BUNTING,United Kingdom
563374,47599A,PINK PARTY BAGS,United Kingdom
563374,47599B,BLUE PARTY BAGS,United Kingdom
563374,62018,SOMBRERO,United Kingdom
563954,20685,DOORMAT RED RETROSPOT,United Kingdom
563954,21165,BEWARE OF THE CAT METAL SIGN,United Kingdom
563954,21531,RED RETROSPOT SUGAR JAM BOWL,United Kingdom
563954,21790,VINTAGE SNAP CARDS,United Kingdom
563954,21791,VINTAGE HEADS AND TAILS CARD GAME,United Kingdom
563954,21889,WOODEN BOX OF DOMINOES,United Kingdom
563954,21914,BLUE HARMONICA IN BOX,United Kingdom
563954,21915,RED  HARMONICA IN BOX,United Kingdom
563954,22139,RETROSPOT TEA SET CERAMIC 11 PC,United Kingdom
563954,22302,COFFEE MUG PEARS  DESIGN,United Kingdom
563954,22303,COFFEE MUG APPLES DESIGN,United Kingdom
563954,22304,COFFEE MUG BLUE PAISLEY DESIGN,United Kingdom
563954,22456,NATURAL SLATE CHALKBOARD LARGE,United Kingdom
563954,22457,NATURAL SLATE HEART CHALKBOARD,United Kingdom
563954,22488,NATURAL SLATE RECTANGLE CHALKBOARD,United Kingdom
563954,22551,PLASTERS IN TIN SPACEBOY,United Kingdom
563954,22554,PLASTERS IN TIN WOODLAND ANIMALS,United Kingdom
563954,22556,PLASTERS IN TIN CIRCUS PARADE,United Kingdom
563954,22560,TRADITIONAL MODELLING CLAY,United Kingdom
563954,22605,WOODEN CROQUET GARDEN SET,United Kingdom
563954,22607,WOODEN ROUNDERS GARDEN SET,United Kingdom
563954,22622,BOX OF VINTAGE ALPHABET BLOCKS,United Kingdom
563954,22623,BOX OF VINTAGE JIGSAW BLOCKS,United Kingdom
563954,22726,ALARM CLOCK BAKELIKE GREEN,United Kingdom
563954,22727,ALARM CLOCK BAKELIKE RED,United Kingdom
563954,22728,ALARM CLOCK BAKELIKE PINK,United Kingdom
563954,22729,ALARM CLOCK BAKELIKE ORANGE,United Kingdom
563954,22730,ALARM CLOCK BAKELIKE IVORY,United Kingdom
563954,48116,DOORMAT MULTICOLOUR STRIPE,United Kingdom
563954,71459,HANGING JAM JAR T-LIGHT HOLDER,United Kingdom
563954,84755,COLOUR GLASS T-LIGHT HOLDER HANGING,United Kingdom
564370,22766,PHOTO FRAME CORNICE,United Kingdom
564370,22776,SWEETHEART CAKESTAND 3 TIER,United Kingdom
564370,72802B,OCEAN SCENT CANDLE IN JEWELLED BOX,United Kingdom
564370,72802C,VANILLA SCENT CANDLE JEWELLED BOX,United Kingdom
564430,20711,JUMBO BAG TOYS,United Kingdom
564430,20713,JUMBO BAG OWLS,United Kingdom
564430,22663,JUMBO BAG DOLLY GIRL DESIGN,United Kingdom
564430,23200,JUMBO BAG PEARS,United Kingdom
564430,23201,JUMBO BAG ALPHABET,United Kingdom
564430,23202,JUMBO BAG VINTAGE LEAF,United Kingdom
564430,23203,JUMBO BAG VINTAGE DOILY,United Kingdom
564430,23205,CHARLOTTE BAG VINTAGE ALPHABET,United Kingdom
564430,23293,SET OF 12 FAIRY CAKE BAKING CASES,United Kingdom
564430,23344,JUMBO BAG 50'S CHRISTMAS,United Kingdom
564430,79321,CHILLI LIGHTS,United Kingdom
564668,21586,KINGS CHOICE GIANT TUBE MATCHES,United Kingdom
564668,22111,SCOTTIE DOG HOT WATER BOTTLE,United Kingdom
564668,22112,CHOCOLATE HOT WATER BOTTLE,United Kingdom
564668,23188,VINTAGE  2 METER FOLDING RULER,United Kingdom
564668,23189,SET OF 12 FORK CANDLES,United Kingdom
564668,47503A,ASS FLORAL PRINT MULTI SCREWDRIVER,United Kingdom
564668,47504H,ENGLISH ROSE SPIRIT LEVEL,United Kingdom
564668,47504K,ENGLISH ROSE GARDEN SECATEURS,United Kingdom
564668,84029G,KNITTED UNION FLAG HOT WATER BOTTLE,United Kingdom
564858,POST,POSTAGE,Spain
564958,20682,RED RETROSPOT CHILDRENS UMBRELLA,United Kingdom
564958,20728,LUNCH BAG CARS BLUE,United Kingdom
564958,21731,RED TOADSTOOL LED NIGHT LIGHT,United Kingdom
564958,22029,SPACEBOY BIRTHDAY CARD,United Kingdom
564958,22371,AIRLINE BAG VINTAGE TOKYO 78,United Kingdom
564958,22382,LUNCH BAG SPACEBOY DESIGN,United Kingdom
564958,22385,JUMBO BAG SPACEBOY DESIGN,United Kingdom
564958,22629,SPACEBOY LUNCH BOX,United Kingdom
564958,22630,DOLLY GIRL LUNCH BOX,United Kingdom
564958,22637,PIGGY BANK RETROSPOT,United Kingdom
564958,22659,LUNCH BOX I LOVE LONDON,United Kingdom
564958,22778,GLASS CLOCHE SMALL,United Kingdom
564958,22892,SET OF SALT AND PEPPER TOADSTOOLS,United Kingdom
564958,23201,JUMBO BAG ALPHABET,United Kingdom
564958,23206,LUNCH BAG APPLE DESIGN,United Kingdom
564958,23207,LUNCH BAG ALPHABET DESIGN,United Kingdom
564958,23238,SET OF 4 KNICK KNACK TINS LONDON,United Kingdom
564958,23254,CHILDRENS CUTLERY DOLLY GIRL,United Kingdom
564958,23255,CHILDRENS CUTLERY CIRCUS PARADE,United Kingdom
564958,23256,CHILDRENS CUTLERY SPACEBOY,United Kingdom
564958,23289,DOLLY GIRL CHILDRENS BOWL,United Kingdom
564958,23290,SPACEBOY CHILDRENS BOWL,United Kingdom
564958,23291,DOLLY GIRL CHILDRENS CUP,United Kingdom
564958,23292,SPACEBOY CHILDRENS CUP,United Kingdom
564958,23298,SPOTTY BUNTING,United Kingdom
564958,23345,DOLLY GIRL BEAKER,United Kingdom
564958,23346,SPACEBOY BEAKER,United Kingdom
564958,23347,I LOVE LONDON BEAKER,United Kingdom
564958,84279P,CHERRY BLOSSOM  DECORATIVE FLASK,United Kingdom
565153,21212,PACK OF 72 RETROSPOT CAKE CASES,United Kingdom
565153,21912,VINTAGE SNAKES & LADDERS,United Kingdom
565153,21977,PACK OF 60 PINK PAISLEY CAKE CASES,United Kingdom
565153,22090,PAPER BUNTING RETROSPOT,United Kingdom
565153,84991,60 TEATIME FAIRY CAKE CASES,United Kingdom
565153,85014B,RED RETROSPOT UMBRELLA,United Kingdom
565153,85099B,JUMBO BAG RED RETROSPOT,United Kingdom
565211,20996,JAZZ HEARTS ADDRESS BOOK,United Kingdom
565211,22095,LADS ONLY TISSUE BOX,United Kingdom
565211,22097,SWALLOW SQUARE TISSUE BOX,United Kingdom
565211,22098,BOUDOIR SQUARE TISSUE BOX,United Kingdom
565211,22100,SKULLS SQUARE TISSUE BOX,United Kingdom
565211,22835,HOT WATER BOTTLE I AM SO POORLY,United Kingdom
565211,23357,HOT WATER BOTTLE SEX BOMB,United Kingdom
565211,47348A,FUSCHIA VOILE POINTY SHOE DEC,United Kingdom
565398,22197,POPCORN HOLDER,United Kingdom
565398,22666,RECIPE BOX PANTRY YELLOW DESIGN,United Kingdom
565398,22667,RECIPE BOX RETROSPOT,United Kingdom
565398,22997,TRAVEL CARD WALLET UNION JACK,United Kingdom
565398,22997,TRAVEL CARD WALLET UNION JACK,United Kingdom
565398,22998,TRAVEL CARD WALLET KEEP CALM,United Kingdom
565398,23005,TRAVEL CARD WALLET I LOVE LONDON,United Kingdom
565398,23154,SET OF 4 JAM JAR MAGNETS,United Kingdom
565398,23154,SET OF 4 JAM JAR MAGNETS,United Kingdom
565398,23156,SET OF 5 MINI GROCERY MAGNETS,United Kingdom
565398,79190A,RETRO PLASTIC 70'S TRAY,United Kingdom
565398,79190B,RETRO PLASTIC POLKA TRAY,United Kingdom
565398,79190D,RETRO PLASTIC DAISY TRAY,United Kingdom
565398,79321,CHILLI LIGHTS,United Kingdom
565398,82482,WOODEN PICTURE FRAME WHITE FINISH,United Kingdom
565398,82483,WOOD 2 DRAWER CABINET WHITE FINISH,United Kingdom
565398,82484,WOOD BLACK BOARD ANT WHITE FINISH,United Kingdom
565398,85123A,WHITE HANGING HEART T-LIGHT HOLDER,United Kingdom
565460,16045,POPART WOODEN PENCILS ASST,United Kingdom
565460,16048,TEATIME ROUND PENCIL SHARPENER,United Kingdom
565460,16054,POPART RECT PENCIL SHARPENER ASST,United Kingdom
565460,16218,CARTOON  PENCIL SHARPENERS,United Kingdom
565460,16259,PIECE OF CAMO STATIONERY SET,United Kingdom
565460,21080,SET/20 RED RETROSPOT PAPER NAPKINS,United Kingdom
565460,21400,RED PUDDING SPOON,United Kingdom
565460,21401,BLUE PUDDING SPOON,United Kingdom
565460,21402,RED  EGG  SPOON,United Kingdom
565460,21481,FAWN BLUE HOT WATER BOTTLE,United Kingdom
565460,21524,DOORMAT SPOTTY HOME SWEET HOME,United Kingdom
565460,21641,ASSORTED TUTTI FRUTTI KEYRING BALL,United Kingdom
565460,21845,DAIRY MAID STRIPE MUG,United Kingdom
565460,21982,PACK OF 12 SUKI TISSUES,United Kingdom
565460,22092,BLUE PAISLEY TISSUE BOX,United Kingdom
565460,22094,RED RETROSPOT TISSUE BOX,United Kingdom
565460,22096,PINK PAISLEY SQUARE TISSUE BOX,United Kingdom
565460,22099,CARAVAN SQUARE TISSUE BOX,United Kingdom
565460,22232,JIGSAW TOADSTOOLS 3 PIECE,United Kingdom
565460,22233,JIGSAW RABBIT AND BIRDHOUSE,United Kingdom
565460,22324,BLUE POLKADOT KIDS BAG,United Kingdom
565460,22383,LUNCH BAG SUKI DESIGN,United Kingdom
565460,22396,MAGNETS PACK OF 4 RETRO PHOTO,United Kingdom
565460,22398,MAGNETS PACK OF 4 SWALLOWS,United Kingdom
565460,22400,MAGNETS PACK OF 4 HOME SWEET HOME,United Kingdom
565460,22402,MAGNETS PACK OF 4 VINTAGE COLLAGE,United Kingdom
565460,22403,MAGNETS PACK OF 4 VINTAGE LABELS,United Kingdom
565460,22418,10 COLOUR SPACEBOY PEN,United Kingdom
565460,22608,PENS ASSORTED FUNKY JEWELED,United Kingdom
565460,22609,PENS ASSORTED SPACEBALL,United Kingdom
565460,22610,PENS ASSORTED FUNNY FACE,United Kingdom
565460,22665,RECIPE BOX BLUE SKETCHBOOK DESIGN,United Kingdom
565460,22666,RECIPE BOX PANTRY YELLOW DESIGN,United Kingdom
565460,22667,RECIPE BOX RETROSPOT,United Kingdom
565460,22723,SET OF 6 HERB TINS SKETCHBOOK,United Kingdom
565460,22784,LANTERN CREAM GAZEBO,United Kingdom
565460,22851,SET 20 NAPKINS FAIRY CAKES DESIGN,United Kingdom
565460,22907,PACK OF 20 NAPKINS PANTRY DESIGN,United Kingdom
565460,22908,PACK OF 20 NAPKINS RED APPLES,United Kingdom
565460,22993,SET OF 4 PANTRY JELLY MOULDS,United Kingdom
565460,23078,ICE CREAM PEN LIP GLOSS,United Kingdom
565460,23110,PARISIENNE KEY CABINET,United Kingdom
565460,23118,PARISIENNE JEWELLERY DRAWER,United Kingdom
565460,23191,BUNDLE OF 3 RETRO NOTE BOOKS,United Kingdom
565460,23192,BUNDLE OF 3 ALPHABET EXERCISE BOOKS,United Kingdom
565460,23199,JUMBO BAG APPLES,United Kingdom
565460,23200,JUMBO BAG PEARS,United Kingdom
565460,23206,LUNCH BAG APPLE DESIGN,United Kingdom
565460,23208,LUNCH BAG VINTAGE LEAF DESIGN,United Kingdom
565460,23209,LUNCH BAG VINTAGE DOILY,United Kingdom
565460,23300,GARDENERS KNEELING PAD CUP OF TEA,United Kingdom
565460,23301,GARDENERS KNEELING PAD KEEP CALM,United Kingdom
565460,84380,SET OF 3 BUTTERFLY COOKIE CUTTERS,United Kingdom
565460,85071A,BLUE CHARLIE+LOLA PERSONAL DOORSIGN,United Kingdom
565460,85071C,"CHARLIE+LOLA""EXTREMELY BUSY"" SIGN",United Kingdom
565612,20749,ASSORTED COLOUR MINI CASES,France
565612,20750,RED RETROSPOT MINI CASES,France
565612,20981,12 PENCILS TALL TUBE WOODLAND,France
565612,20983,12 PENCILS TALL TUBE RED RETROSPOT,France
565612,21156,RETROSPOT CHILDRENS APRON,France
565612,21791,VINTAGE HEADS AND TAILS CARD GAME,France
565612,22367,CHILDRENS APRON SPACEBOY DESIGN,France
565612,22548,HEADS AND TAILS SPORTING FUN,France
565612,22549,PICTURE DOMINOES,France
565612,22551,PLASTERS IN TIN SPACEBOY,France
565612,22554,PLASTERS IN TIN WOODLAND ANIMALS,France
565612,22555,PLASTERS IN TIN STRONGMAN,France
565612,22556,PLASTERS IN TIN CIRCUS PARADE,France
565612,22634,CHILDS BREAKFAST SET SPACEBOY,France
565612,22635,CHILDS BREAKFAST SET DOLLY GIRL,France
565612,22899,CHILDREN'S APRON DOLLY GIRL,France
565612,23289,DOLLY GIRL CHILDRENS BOWL,France
565612,23290,SPACEBOY CHILDRENS BOWL,France
565612,23291,DOLLY GIRL CHILDRENS CUP,France
565612,23292,SPACEBOY CHILDRENS CUP,France
565612,POST,POSTAGE,France
565643,20724,RED RETROSPOT CHARLOTTE BAG,United Kingdom
565643,21155,RED RETROSPOT PEG BAG,United Kingdom
565643,22595,GINGHAM HEART DECORATION,United Kingdom
565643,23212,HEART WREATH DECORATION WITH BELL,United Kingdom
565643,23213,STAR WREATH DECORATION WITH BELL,United Kingdom
565643,23298,SPOTTY BUNTING,United Kingdom
565643,23374,RED SPOT PAPER GIFT BAG,United Kingdom
565643,85123A,WHITE HANGING HEART T-LIGHT HOLDER,United Kingdom
565664,20718,RED RETROSPOT SHOPPER BAG,United Kingdom
565664,21058,PARTY INVITES WOODLAND,United Kingdom
565664,21059,PARTY INVITES DINOSAURS,United Kingdom
565664,21060,PARTY INVITES BALLOON GIRL,United Kingdom
565664,21080,SET/20 RED RETROSPOT PAPER NAPKINS,United Kingdom
565664,21086,SET/6 RED SPOTTY PAPER CUPS,United Kingdom
565664,21094,SET/6 RED SPOTTY PAPER PLATES,United Kingdom
565664,21207,SKULL AND CROSSBONES  GARLAND,United Kingdom
565664,21212,PACK OF 72 RETROSPOT CAKE CASES,United Kingdom
565664,21213,PACK OF 72 SKULL CAKE CASES,United Kingdom
565664,21495,SKULLS AND CROSSBONES WRAP,United Kingdom
565664,21498,RED RETROSPOT WRAP,United Kingdom
565664,21499,BLUE POLKADOT WRAP,United Kingdom
565664,21880,RED RETROSPOT TAPE,United Kingdom
565664,21883,STARS GIFT TAPE,United Kingdom
565664,21975,PACK OF 60 DINOSAUR CAKE CASES,United Kingdom
565664,21987,PACK OF 6 SKULL PAPER CUPS,United Kingdom
565664,21988,PACK OF 6 SKULL PAPER PLATES,United Kingdom
565664,21989,PACK OF 20 SKULL PAPER NAPKINS,United Kingdom
565664,22083,PAPER CHAIN KIT RETROSPOT,United Kingdom
565664,22083,PAPER CHAIN KIT RETROSPOT,United Kingdom
565664,22086,PAPER CHAIN KIT 50'S CHRISTMAS,United Kingdom
565664,22332,SKULLS PARTY BAG + STICKER SET,United Kingdom
565664,22333,RETROSPOT PARTY BAG + STICKER SET,United Kingdom
565664,22334,DINOSAUR PARTY BAG + STICKER SET,United Kingdom
565664,22436,12 COLOURED PARTY BALLOONS,United Kingdom
565664,22436,12 COLOURED PARTY BALLOONS,United Kingdom
565664,22548,HEADS AND TAILS SPORTING FUN,United Kingdom
565664,23121,PACK OF 6 COCKTAIL PARASOL STRAWS,United Kingdom
565664,23125,6PC WOOD PLATE SET DISPOSABLE,United Kingdom
565664,23231,WRAP  VINTAGE DOILY,United Kingdom
565664,23232,WRAP VINTAGE LEAF DESIGN,United Kingdom
565664,23293,SET OF 12 FAIRY CAKE BAKING CASES,United Kingdom
565664,23294,SET OF 6 SNACK LOAF BAKING CASES,United Kingdom
565664,23295,SET OF 12 MINI LOAF BAKING CASES,United Kingdom
565664,23296,SET OF 6 TEA TIME BAKING CASES,United Kingdom
565664,23297,SET 40 HEART SHAPE PETIT FOUR CASES,United Kingdom
565664,23298,SPOTTY BUNTING,United Kingdom
565664,23549,WRAP BIRD GARDEN,United Kingdom
565664,47566,PARTY BUNTING,United Kingdom
565664,47590A,BLUE HAPPY BIRTHDAY BUNTING,United Kingdom
565664,47590B,PINK HAPPY BIRTHDAY BUNTING,United Kingdom
565664,84380,SET OF 3 BUTTERFLY COOKIE CUTTERS,United Kingdom
565664,84692,BOX OF 24 COCKTAIL PARASOLS,United Kingdom
565741,22427,ENAMEL FLOWER JUG CREAM,United Kingdom
565741,47566,PARTY BUNTING,United Kingdom
565741,71459,HANGING JAM JAR T-LIGHT HOLDERS,United Kingdom
565741,85053,FRENCH ENAMEL CANDLEHOLDER,United Kingdom
566023,15039,SANDALWOOD FAN,United Kingdom
566023,20972,PINK CREAM FELT CRAFT TRINKET BOX,United Kingdom
566023,20983,12 PENCILS TALL TUBE RED RETROSPOT,United Kingdom
566023,21136,PAINTED METAL PEARS ASSORTED,United Kingdom
566023,21790,VINTAGE SNAP CARDS,United Kingdom
566023,21791,VINTAGE HEADS AND TAILS CARD GAME,United Kingdom
566023,21890,S/6 WOODEN SKITTLES IN COTTON BAG,United Kingdom
566023,21891,TRADITIONAL WOODEN SKIPPING ROPE,United Kingdom
566023,21915,RED  HARMONICA IN BOX,United Kingdom
566023,22295,HEART FILIGREE DOVE LARGE,United Kingdom
566023,22489,PACK OF 12 TRADITIONAL CRAYONS,United Kingdom
566023,22536,MAGIC DRAWING SLATE PURDEY,United Kingdom
566023,22561,WOODEN SCHOOL COLOURING SET,United Kingdom
566023,22620,4 TRADITIONAL SPINNING TOPS,United Kingdom
566023,22621,TRADITIONAL KNITTING NANCY,United Kingdom
566023,22800,ANTIQUE TALL SWIRLGLASS TRINKET POT,United Kingdom
566023,23310,BUBBLEGUM RING ASSORTED,United Kingdom
566023,84879,ASSORTED COLOUR BIRD ORNAMENT,United Kingdom
566198,21447,12 IVORY ROSE PEG PLACE SETTINGS,United Kingdom
566198,22147,FELTCRAFT BUTTERFLY HEARTS,United Kingdom
566198,22149,FELTCRAFT 6 FLOWER FRIENDS,United Kingdom
566198,22169,FAMILY ALBUM WHITE PICTURE FRAME,United Kingdom
566198,22178,VICTORIAN GLASS HANGING T-LIGHT,United Kingdom
566198,22469,HEART OF WICKER SMALL,United Kingdom
566198,22487,WHITE WOOD GARDEN PLANT LADDER,United Kingdom
566198,22507,MEMO BOARD RETROSPOT  DESIGN,United Kingdom
566198,22961,JAM MAKING SET PRINTED,United Kingdom
566198,23091,ZINC HERB GARDEN CONTAINER,United Kingdom
566198,23118,PARISIENNE JEWELLERY DRAWER,United Kingdom
566198,23243,SET OF TEA COFFEE SUGAR TINS PANTRY,United Kingdom
566198,23245,SET OF 3 REGENCY CAKE TINS,United Kingdom
566198,23330,DECORATIVE WICKER HEART MEDIUM,United Kingdom
566198,23333,IVORY WICKER HEART MEDIUM,United Kingdom
566198,23396,LA JARDIN BOTANIQUE CUSHION COVER,United Kingdom
566198,23400,SHELF WITH 4 HOOKS HOME SWEET HOME,United Kingdom
566198,23401,RUSTIC MIRROR WITH LACE HEART,United Kingdom
566198,23403,LETTER HOLDER HOME SWEET HOME,United Kingdom
566198,23404,HOME SWEET HOME BLACKBOARD,United Kingdom
566198,23405,HOME SWEET HOME 2 DRAWER CABINET,United Kingdom
566198,23407,SET OF 2 TRAYS HOME SWEET HOME,United Kingdom
566198,23424,GINGHAM RECIPE BOOK BOX,United Kingdom
566198,85066,CREAM SWEETHEART MINI CHEST,United Kingdom
566198,85152,HAND OVER THE CHOCOLATE   SIGN,United Kingdom
566199,21754,HOME BUILDING BLOCK WORD,United Kingdom
566199,21755,LOVE BUILDING BLOCK WORD,United Kingdom
566199,21900,"KEY FOB , SHED",United Kingdom
566199,21901,"KEY FOB , BACK DOOR",United Kingdom
566199,22386,JUMBO BAG PINK POLKADOT,United Kingdom
566199,22469,HEART OF WICKER SMALL,United Kingdom
566199,22470,HEART OF WICKER LARGE,United Kingdom
566199,22694,WICKER STAR,United Kingdom
566199,23144,ZINC T-LIGHT HOLDER STARS SMALL,United Kingdom
566199,23145,ZINC T-LIGHT HOLDER STAR LARGE,United Kingdom
566199,23201,JUMBO BAG ALPHABET,United Kingdom
566199,23343,JUMBO BAG VINTAGE CHRISTMAS,United Kingdom
566199,23344,JUMBO BAG 50'S CHRISTMAS,United Kingdom
566199,85099B,JUMBO BAG RED RETROSPOT,United Kingdom
566199,85099C,JUMBO  BAG BAROQUE BLACK WHITE,United Kingdom
566247,22720,SET OF 3 CAKE TINS PANTRY DESIGN,United Kingdom
566247,47566,PARTY BUNTING,United Kingdom
566247,85123A,WHITE HANGING HEART T-LIGHT HOLDER,United Kingdom
566396,21918,SET 12 KIDS COLOUR  CHALK STICKS,United Kingdom
566396,22197,POPCORN HOLDER,United Kingdom
566396,22423,REGENCY CAKESTAND 3 TIER,United Kingdom
566396,22697,GREEN REGENCY TEACUP AND SAUCER,United Kingdom
566396,22698,PINK REGENCY TEACUP AND SAUCER,United Kingdom
566396,22699,ROSES REGENCY TEACUP AND SAUCER,United Kingdom
566396,22994,TRAVEL CARD WALLET RETROSPOT,United Kingdom
566396,22998,TRAVEL CARD WALLET KEEP CALM,United Kingdom
566396,22999,TRAVEL CARD WALLET VINTAGE LEAF,United Kingdom
566396,23000,TRAVEL CARD WALLET TRANSPORT,United Kingdom
566396,23161,REGENCY CAKE FORK,United Kingdom
566396,23173,REGENCY TEAPOT ROSES,United Kingdom
566396,23174,REGENCY SUGAR BOWL GREEN,United Kingdom
566396,23175,REGENCY MILK JUG PINK,United Kingdom
566396,23245,SET OF 3 REGENCY CAKE TINS,United Kingdom
566396,23336,EGG FRYING PAN PINK,United Kingdom
566396,23338,EGG FRYING PAN RED,United Kingdom
566396,23339,EGG FRYING PAN BLUE,United Kingdom
566429,82583,HOT BATHS METAL SIGN,United Kingdom
566480,20713,JUMBO BAG OWLS,United Kingdom
566480,20724,RED RETROSPOT CHARLOTTE BAG,United Kingdom
566480,21931,JUMBO STORAGE BAG SUKI,United Kingdom
566480,22355,CHARLOTTE BAG SUKI DESIGN,United Kingdom
566480,22379,RECYCLING BAG RETROSPOT,United Kingdom
566480,22661,CHARLOTTE BAG DOLLY GIRL DESIGN,United Kingdom
566480,22910,PAPER CHAIN KIT VINTAGE CHRISTMAS,United Kingdom
566480,23238,SET OF 4 KNICK KNACK TINS LONDON,United Kingdom
566480,23239,SET OF 4 KNICK KNACK TINS POPPIES,United Kingdom
566480,23240,SET OF 4 KNICK KNACK TINS DOILY,United Kingdom
566480,23245,SET OF 3 REGENCY CAKE TINS,United Kingdom
566480,23313,VINTAGE CHRISTMAS BUNTING,United Kingdom
566480,23344,JUMBO BAG 50'S CHRISTMAS,United Kingdom
566480,84596B,SMALL DOLLY MIX DESIGN ORANGE BOWL,United Kingdom
566599,20685,DOORMAT RED RETROSPOT,United Kingdom
566599,20727,LUNCH BAG  BLACK SKULL.,United Kingdom
566599,21080,SET/20 RED RETROSPOT PAPER NAPKINS,United Kingdom
566599,21504,SKULLS GREETING CARD,United Kingdom
566599,21524,DOORMAT SPOTTY HOME SWEET HOME,United Kingdom
566599,21675,BUTTERFLIES STICKERS,United Kingdom
566599,21676,FLOWERS  STICKERS,United Kingdom
566599,21677,HEARTS  STICKERS,United Kingdom
566599,21679,SKULLS  STICKERS,United Kingdom
566599,21733,RED HANGING HEART T-LIGHT HOLDER,United Kingdom
566599,21833,CAMOUFLAGE LED TORCH,United Kingdom
566599,21930,JUMBO STORAGE BAG SKULLS,United Kingdom
566599,21931,JUMBO STORAGE BAG SUKI,United Kingdom
566599,21987,PACK OF 6 SKULL PAPER CUPS,United Kingdom
566599,21988,PACK OF 6 SKULL PAPER PLATES,United Kingdom
566599,21989,PACK OF 20 SKULL PAPER NAPKINS,United Kingdom
566599,22029,SPACEBOY BIRTHDAY CARD,United Kingdom
566599,22068,BLACK PIRATE TREASURE CHEST,United Kingdom
566599,22111,SCOTTIE DOG HOT WATER BOTTLE,United Kingdom
566599,22112,CHOCOLATE HOT WATER BOTTLE,United Kingdom
566599,22114,HOT WATER BOTTLE TEA AND SYMPATHY,United Kingdom
566599,22302,COFFEE MUG PEARS  DESIGN,United Kingdom
566599,22332,SKULLS PARTY BAG + STICKER SET,United Kingdom
566599,22333,RETROSPOT PARTY BAG + STICKER SET,United Kingdom
566599,22382,LUNCH BAG SPACEBOY DESIGN,United Kingdom
566599,22383,LUNCH BAG SUKI DESIGN,United Kingdom
566599,22423,REGENCY CAKESTAND 3 TIER,United Kingdom
566599,22434,BALLOON PUMP WITH 10 BALLOONS,United Kingdom
566599,22436,12 COLOURED PARTY BALLOONS,United Kingdom
566599,22437,SET OF 9 BLACK SKULL BALLOONS,United Kingdom
566599,22562,MONSTERS STENCIL CRAFT,United Kingdom
566599,22563,HAPPY STENCIL CRAFT,United Kingdom
566599,22564,ALPHABET STENCIL CRAFT,United Kingdom
566599,22588,CARD HOLDER GINGHAM HEART,United Kingdom
566599,22623,BOX OF VINTAGE JIGSAW BLOCKS,United Kingdom
566599,22633,HAND WARMER UNION JACK,United Kingdom
566599,22692,DOORMAT WELCOME TO OUR HOME,United Kingdom
566599,22716,CARD CIRCUS PARADE,United Kingdom
566599,22717,CARD DOG AND BALL,United Kingdom
566599,22718,CARD CAT AND TREE,United Kingdom
566599,22804,CANDLEHOLDER PINK HANGING HEART,United Kingdom
566599,22834,HAND WARMER BABUSHKA DESIGN,United Kingdom
566599,22866,HAND WARMER SCOTTY DOG DESIGN,United Kingdom
566599,22983,CARD BILLBOARD FONT,United Kingdom
566599,22991,GIRAFFE WOODEN RULER,United Kingdom
566599,22992,REVOLVER WOODEN RULER,United Kingdom
566599,23119,PACK OF 6 LARGE FRUIT STRAWS,United Kingdom
566599,23120,PACK OF 6 SMALL FRUIT STRAWS,United Kingdom
566599,23121,PACK OF 6 COCKTAIL PARASOL STRAWS,United Kingdom
566599,23201,JUMBO BAG ALPHABET,United Kingdom
566599,23202,JUMBO BAG VINTAGE LEAF,United Kingdom
566599,23207,LUNCH BAG ALPHABET DESIGN,United Kingdom
566599,23208,LUNCH BAG VINTAGE LEAF DESIGN,United Kingdom
566599,23245,SET OF 3 REGENCY CAKE TINS,United Kingdom
566599,23297,SET 40 HEART SHAPE PETIT FOUR CASES,United Kingdom
566599,23298,SPOTTY BUNTING,United Kingdom
566599,23300,GARDENERS KNEELING PAD CUP OF TEA,United Kingdom
566599,23301,GARDENERS KNEELING PAD KEEP CALM,United Kingdom
566599,23302,KNEELING MAT HOUSEWORK  DESIGN,United Kingdom
566599,23329,DECORATIVE WICKER HEART LARGE,United Kingdom
566599,23330,DECORATIVE WICKER HEART MEDIUM,United Kingdom
566599,23331,DECORATIVE WICKER HEART SMALL,United Kingdom
566599,23332,IVORY WICKER HEART LARGE,United Kingdom
566599,23333,IVORY WICKER HEART MEDIUM,United Kingdom
566599,23334,IVORY WICKER HEART SMALL,United Kingdom
566599,23355,HOT WATER BOTTLE KEEP CALM,United Kingdom
566599,23356,LOVE HOT WATER BOTTLE,United Kingdom
566599,23357,HOT WATER BOTTLE SEX BOMB,United Kingdom
566599,23547,WRAP FLOWER SHOP,United Kingdom
566599,48111,DOORMAT 3 SMILEY CATS,United Kingdom
566599,48129,DOORMAT TOPIARY,United Kingdom
566599,48138,DOORMAT UNION FLAG,United Kingdom
566599,48194,DOORMAT HEARTS,United Kingdom
566599,84029G,KNITTED UNION FLAG HOT WATER BOTTLE,United Kingdom
566599,84559A,3D SHEET OF DOG STICKERS,United Kingdom
566599,84559B,3D SHEET OF CAT STICKERS,United Kingdom
566599,85123A,WHITE HANGING HEART T-LIGHT HOLDER,United Kingdom
566607,20725,LUNCH BAG RED RETROSPOT,United Kingdom
566607,20728,LUNCH BAG CARS BLUE,United Kingdom
566607,20914,SET/5 RED RETROSPOT LID GLASS BOWLS,United Kingdom
566607,21042,RED RETROSPOT APRON,United Kingdom
566607,21080,SET/20 RED RETROSPOT PAPER NAPKINS,United Kingdom
566607,21121,SET/10 RED POLKADOT PARTY CANDLES,United Kingdom
566607,21381,MINI WOODEN HAPPY BIRTHDAY GARLAND,United Kingdom
566607,21485,RETROSPOT HEART HOT WATER BOTTLE,United Kingdom
566607,21535,RED RETROSPOT SMALL MILK JUG,United Kingdom
566607,21584,RETROSPOT SMALL TUBE MATCHES,United Kingdom
566607,21586,KINGS CHOICE GIANT TUBE MATCHES,United Kingdom
566607,22113,GREY HEART HOT WATER BOTTLE,United Kingdom
566607,22383,LUNCH BAG SUKI DESIGN,United Kingdom
566607,22469,HEART OF WICKER SMALL,United Kingdom
566607,22470,HEART OF WICKER LARGE,United Kingdom
566607,22476,EMPIRE UNION JACK TV DINNER TRAY,United Kingdom
566607,22499,WOODEN UNION JACK BUNTING,United Kingdom
566607,22502,PICNIC BASKET WICKER SMALL,United Kingdom
566607,22637,PIGGY BANK RETROSPOT,United Kingdom
566607,22646,CERAMIC STRAWBERRY CAKE MONEY BANK,United Kingdom
566607,22652,TRAVEL SEWING KIT,United Kingdom
566607,22690,DOORMAT HOME SWEET HOME BLUE,United Kingdom
566607,22696,WICKER WREATH LARGE,United Kingdom
566607,22697,GREEN REGENCY TEACUP AND SAUCER,United Kingdom
566607,22698,PINK REGENCY TEACUP AND SAUCER,United Kingdom
566607,23154,SET OF 4 JAM JAR MAGNETS,United Kingdom
566607,23170,REGENCY TEA PLATE ROSES,United Kingdom
566607,23171,REGENCY TEA PLATE GREEN,United Kingdom
566607,23172,REGENCY TEA PLATE PINK,United Kingdom
566607,23206,LUNCH BAG APPLE DESIGN,United Kingdom
566607,23209,LUNCH BAG VINTAGE DOILY,United Kingdom
566607,23300,GARDENERS KNEELING PAD CUP OF TEA,United Kingdom
566607,23301,GARDENERS KNEELING PAD KEEP CALM,United Kingdom
566607,23348,CHILDRENS TOY COOKING UTENSIL SET,United Kingdom
566607,23355,HOT WATER BOTTLE KEEP CALM,United Kingdom
566607,23357,HOT WATER BOTTLE SEX BOMB,United Kingdom
566607,23424,GINGHAM RECIPE BOOK BOX,United Kingdom
566607,23427,STOOL HOME SWEET HOME,United Kingdom
566607,47566,PARTY BUNTING,United Kingdom
566607,48116,DOORMAT MULTICOLOUR STRIPE,United Kingdom
566607,48138,DOORMAT UNION FLAG,United Kingdom
566607,48185,DOORMAT FAIRY CAKE,United Kingdom
566607,84744,S/6 SEW ON CROCHET FLOWERS,United Kingdom
566607,85066,CREAM SWEETHEART MINI CHEST,United Kingdom
566674,20971,PINK BLUE FELT CRAFT TRINKET BOX,United Kingdom
566674,20972,PINK CREAM FELT CRAFT TRINKET BOX,United Kingdom
566674,21889,WOODEN BOX OF DOMINOES,United Kingdom
566674,22147,FELTCRAFT BUTTERFLY HEARTS,United Kingdom
566674,22149,FELTCRAFT 6 FLOWER FRIENDS,United Kingdom
566674,22150,3 STRIPEY MICE FELTCRAFT,United Kingdom
566674,22273,FELTCRAFT DOLL MOLLY,United Kingdom
566674,22568,FELTCRAFT CUSHION OWL,United Kingdom
566674,22569,FELTCRAFT CUSHION BUTTERFLY,United Kingdom
566674,22570,FELTCRAFT CUSHION RABBIT,United Kingdom
566674,22734,SET OF 6 RIBBONS VINTAGE CHRISTMAS,United Kingdom
566674,22749,FELTCRAFT PRINCESS CHARLOTTE DOLL,United Kingdom
566674,22750,FELTCRAFT PRINCESS LOLA DOLL,United Kingdom
566674,22751,FELTCRAFT PRINCESS OLIVIA DOLL,United Kingdom
566674,22909,SET OF 20 VINTAGE CHRISTMAS NAPKINS,United Kingdom
566674,22910,PAPER CHAIN KIT VINTAGE CHRISTMAS,United Kingdom
566674,22940,FELTCRAFT CHRISTMAS FAIRY,United Kingdom
566674,22943,CHRISTMAS LIGHTS 10 VINTAGE BAUBLES,United Kingdom
566674,22950,36 DOILIES VINTAGE CHRISTMAS,United Kingdom
566674,22952,60 CAKE CASES VINTAGE CHRISTMAS,United Kingdom
566674,22960,JAM MAKING SET WITH JARS,United Kingdom
566674,22961,JAM MAKING SET PRINTED,United Kingdom
566674,23237,SET OF 4 KNICK KNACK TINS LEAF,United Kingdom
566674,23293,SET OF 12 FAIRY CAKE BAKING CASES,United Kingdom
566674,23295,SET OF 12 MINI LOAF BAKING CASES,United Kingdom
566674,23310,BUBBLEGUM RING ASSORTED,United Kingdom
566674,23318,BOX OF 6 MINI VINTAGE CRACKERS,United Kingdom
566674,23319,BOX OF 6 MINI 50'S CRACKERS,United Kingdom
566674,23378,PACK OF 12 50'S CHRISTMAS TISSUES,United Kingdom
566674,85048,15CM CHRISTMAS GLASS BALL 20 LIGHTS,United Kingdom
566674,85049A,TRADITIONAL CHRISTMAS RIBBONS,United Kingdom
566819,21217,RED RETROSPOT ROUND CAKE TINS,United Kingdom
566819,21754,HOME BUILDING BLOCK WORD,United Kingdom
566819,21755,LOVE BUILDING BLOCK WORD,United Kingdom
566819,22111,SCOTTIE DOG HOT WATER BOTTLE,United Kingdom
566819,22112,CHOCOLATE HOT WATER BOTTLE,United Kingdom
566819,22114,HOT WATER BOTTLE TEA AND SYMPATHY,United Kingdom
566819,22469,HEART OF WICKER SMALL,United Kingdom
566819,22470,HEART OF WICKER LARGE,United Kingdom
566819,22795,SWEETHEART RECIPE BOOK STAND,United Kingdom
566819,22826,LOVE SEAT ANTIQUE WHITE METAL,United Kingdom
566819,22844,VINTAGE CREAM DOG FOOD CONTAINER,United Kingdom
566819,23321,SMALL WHITE HEART OF WICKER,United Kingdom
566819,23322,LARGE WHITE HEART OF WICKER,United Kingdom
566819,23332,IVORY WICKER HEART LARGE,United Kingdom
566819,23356,LOVE HOT WATER BOTTLE,United Kingdom
566819,82482,WOODEN PICTURE FRAME WHITE FINISH,United Kingdom
566819,82494L,WOODEN FRAME ANTIQUE WHITE,United Kingdom
567095,15056BL,EDWARDIAN PARASOL BLACK,United Kingdom
567095,20679,EDWARDIAN PARASOL RED,United Kingdom
567095,20719,WOODLAND CHARLOTTE BAG,United Kingdom
567095,20724,RED RETROSPOT CHARLOTTE BAG,United Kingdom
567095,20725,LUNCH BAG RED RETROSPOT,United Kingdom
567095,20726,LUNCH BAG WOODLAND,United Kingdom
567095,21523,DOORMAT FANCY FONT HOME SWEET HOME,United Kingdom
567095,21931,JUMBO STORAGE BAG SUKI,United Kingdom
567095,21985,PACK OF 12 HEARTS DESIGN TISSUES,United Kingdom
567095,21986,PACK OF 12 PINK POLKADOT TISSUES,United Kingdom
567095,22112,CHOCOLATE HOT WATER BOTTLE,United Kingdom
567095,22114,HOT WATER BOTTLE TEA AND SYMPATHY,United Kingdom
567095,22169,FAMILY ALBUM WHITE PICTURE FRAME,United Kingdom
567095,22173,METAL 4 HOOK HANGER FRENCH CHATEAU,United Kingdom
567095,22355,CHARLOTTE BAG SUKI DESIGN,United Kingdom
567095,22382,LUNCH BAG SPACEBOY DESIGN,United Kingdom
567095,22411,JUMBO SHOPPER VINTAGE RED PAISLEY,United Kingdom
567095,22469,HEART OF WICKER SMALL,United Kingdom
567095,22470,HEART OF WICKER LARGE,United Kingdom
567095,22692,DOORMAT WELCOME TO OUR HOME,United Kingdom
567095,22726,ALARM CLOCK BAKELIKE GREEN,United Kingdom
567095,22727,ALARM CLOCK BAKELIKE RED,United Kingdom
567095,22728,ALARM CLOCK BAKELIKE PINK,United Kingdom
567095,22776,SWEETHEART 3 TIER CAKE STAND,United Kingdom
567095,23203,JUMBO BAG VINTAGE DOILY,United Kingdom
567095,23204,CHARLOTTE BAG APPLES DESIGN,United Kingdom
567095,23209,LUNCH BAG VINTAGE DOILY,United Kingdom
567095,23344,JUMBO BAG 50'S CHRISTMAS,United Kingdom
567095,23355,HOT WATER BOTTLE KEEP CALM,United Kingdom
567095,23358,HOT STUFF HOT WATER BOTTLE,United Kingdom
567095,23391,I LOVE LONDON MINI BACKPACK,United Kingdom
567095,82482,WOODEN PICTURE FRAME WHITE FINISH,United Kingdom
567095,82484,WOOD BLACK BOARD ANT WHITE FINISH,United Kingdom
567095,82494L,WOODEN FRAME ANTIQUE WHITE,United Kingdom
567095,84406B,CREAM CUPID HEARTS COAT HANGER,United Kingdom
567095,84792,ENCHANTED BIRD COATHANGER 5 HOOK,United Kingdom
567095,85099B,JUMBO BAG RED RETROSPOT,United Kingdom
567181,21034,REX CASH+CARRY JUMBO SHOPPER,United Kingdom
567181,21905,MORE BUTTER METAL SIGN,United Kingdom
567181,22115,METAL SIGN EMPIRE TEA,United Kingdom
567181,22173,METAL 4 HOOK HANGER FRENCH CHATEAU,United Kingdom
567181,22995,TRAVEL CARD WALLET SUKI,United Kingdom
567181,22996,TRAVEL CARD WALLET VINTAGE TICKET,United Kingdom
567181,22997,TRAVEL CARD WALLET UNION JACK,United Kingdom
567181,22998,TRAVEL CARD WALLET KEEP CALM,United Kingdom
567181,23005,TRAVEL CARD WALLET I LOVE LONDON,United Kingdom
567181,23006,TRAVEL CARD WALLET FLOWER MEADOW,United Kingdom
567181,23264,SET OF 3 WOODEN SLEIGH DECORATIONS,United Kingdom
567181,82578,KITCHEN METAL SIGN,United Kingdom
567181,82580,BATHROOM METAL SIGN,United Kingdom
567181,82581,TOILET METAL SIGN,United Kingdom
567287,22138,BAKING SET 9 PIECE RETROSPOT,United Kingdom
567287,22470,HEART OF WICKER LARGE,United Kingdom
567287,22668,PINK BABY BUNTING,United Kingdom
567287,23108,SET OF 10 LED DOLLY LIGHTS,United Kingdom
567287,23298,SPOTTY BUNTING,United Kingdom
567334,22112,CHOCOLATE HOT WATER BOTTLE,EIRE
567334,22460,EMBOSSED GLASS TEALIGHT HOLDER,EIRE
567334,22561,WOODEN SCHOOL COLOURING SET,EIRE
567334,22654,DELUXE SEWING KIT,EIRE
567334,22666,RECIPE BOX PANTRY YELLOW DESIGN,EIRE
567334,22867,HAND WARMER BIRD DESIGN,EIRE
567334,22960,JAM MAKING SET WITH JARS,EIRE
567334,23067,HANGING ENGRAVED METAL HEART,EIRE
567334,23068,ALUMINIUM STAMPED HEART,EIRE
567334,23085,ANTIQUE SILVER BAUBLE LAMP,EIRE
567334,23101,SILVER STARS TABLE DECORATION,EIRE
567334,23111,PARISIENNE SEWING BOX,EIRE
567334,23201,JUMBO BAG ALPHABET,EIRE
567334,23298,SPOTTY BUNTING,EIRE
567334,23333,IVORY WICKER HEART MEDIUM,EIRE
567334,23397,FOOT STOOL HOME SWEET HOME,EIRE
567334,23427,STOOL HOME SWEET HOME,EIRE
567334,47566,PARTY BUNTING,EIRE
567334,47590A,BLUE HAPPY BIRTHDAY BUNTING,EIRE
567334,47590B,PINK HAPPY BIRTHDAY BUNTING,EIRE
567334,82483,WOOD 2 DRAWER CABINET WHITE FINISH,EIRE
567334,82494L,WOODEN FRAME ANTIQUE WHITE,EIRE
567334,84030E,ENGLISH ROSE HOT WATER BOTTLE,EIRE
567334,85048,15CM CHRISTMAS GLASS BALL 20 LIGHTS,EIRE
567474,15034,PAPER POCKET TRAVELING FAN,United Kingdom
567474,15036,ASSORTED COLOURS SILK FAN,United Kingdom
567474,15056N,EDWARDIAN PARASOL NATURAL,United Kingdom
567474,20695,FLORAL BLUE MONSTER,United Kingdom
567474,20697,LITTLE GREEN MONSTER SOFT TOY,United Kingdom
567474,20698,LITTLE PINK MONSTER SOFT TOY,United Kingdom
567474,20705,MRS ROBOT SOFT TOY,United Kingdom
567474,20718,RED RETROSPOT SHOPPER BAG,United Kingdom
567474,20724,RED RETROSPOT CHARLOTTE BAG,United Kingdom
567474,20725,LUNCH BAG RED RETROSPOT,United Kingdom
567474,21034,REX CASH+CARRY JUMBO SHOPPER,United Kingdom
567474,21034,REX CASH+CARRY JUMBO SHOPPER,United Kingdom
567474,21080,SET/20 RED RETROSPOT PAPER NAPKINS,United Kingdom
567474,21166,COOK WITH WINE METAL SIGN,United Kingdom
567474,21172,PARTY METAL SIGN,United Kingdom
567474,21175,GIN + TONIC DIET METAL SIGN,United Kingdom
567474,21232,STRAWBERRY CERAMIC TRINKET BOX,United Kingdom
567474,21485,RETROSPOT HEART HOT WATER BOTTLE,United Kingdom
567474,21533,RETROSPOT LARGE MILK JUG,United Kingdom
567474,21535,RED RETROSPOT SMALL MILK JUG,United Kingdom
567474,21539,RED RETROSPOT BUTTER DISH,United Kingdom
567474,21770,OPEN CLOSED METAL SIGN,United Kingdom
567474,21843,RED RETROSPOT CAKE STAND,United Kingdom
567474,21844,RED RETROSPOT MUG,United Kingdom
567474,21872,GLAMOROUS  MUG,United Kingdom
567474,21874,GIN AND TONIC MUG,United Kingdom
567474,21980,PACK OF 12 RED RETROSPOT TISSUES,United Kingdom
567474,22072,RED RETROSPOT TEA CUP AND SAUCER,United Kingdom
567474,22191,IVORY DINER WALL CLOCK,United Kingdom
567474,22193,RED DINER WALL CLOCK,United Kingdom
567474,22311,OFFICE MUG WARMER BLACK+SILVER,United Kingdom
567474,22312,OFFICE MUG WARMER POLKADOT,United Kingdom
567474,22332,SKULLS PARTY BAG + STICKER SET,United Kingdom
567474,22365,DOORMAT RESPECTABLE HOUSE,United Kingdom
567474,22366,DOORMAT AIRMAIL,United Kingdom
567474,22440,BALLOON WATER BOMB PACK OF 35,United Kingdom
567474,22469,HEART OF WICKER SMALL,United Kingdom
567474,22470,HEART OF WICKER LARGE,United Kingdom
567474,22632,HAND WARMER RED RETROSPOT,United Kingdom
567474,22637,PIGGY BANK RETROSPOT,United Kingdom
567474,22652,TRAVEL SEWING KIT,United Kingdom
567474,22654,DELUXE SEWING KIT,United Kingdom
567474,22667,RECIPE BOX RETROSPOT,United Kingdom
567474,22834,HAND WARMER BABUSHKA DESIGN,United Kingdom
567474,22835,HOT WATER BOTTLE I AM SO POORLY,United Kingdom
567474,22865,HAND WARMER OWL DESIGN,United Kingdom
567474,22866,HAND WARMER SCOTTY DOG DESIGN,United Kingdom
567474,22867,HAND WARMER BIRD DESIGN,United Kingdom
567474,22896,PEG BAG APPLES DESIGN,United Kingdom
567474,22897,OVEN MITT APPLES DESIGN,United Kingdom
567474,22903,CALENDAR FAMILY FAVOURITES,United Kingdom
567474,22992,REVOLVER WOODEN RULER,United Kingdom
567474,23007,SPACEBOY BABY GIFT SET,United Kingdom
567474,23076,ICE CREAM SUNDAE LIP GLOSS,United Kingdom
567474,23077,DOUGHNUT LIP GLOSS,United Kingdom
567474,23123,COCKTAIL SWORDS 50 PIECES,United Kingdom
567474,23184,BULL DOG BOTTLE OPENER,United Kingdom
567474,23191,BUNDLE OF 3 RETRO NOTE BOOKS,United Kingdom
567474,23196,VINTAGE LEAF MAGNETIC NOTEPAD,United Kingdom
567474,23208,LUNCH BAG VINTAGE LEAF DESIGN,United Kingdom
567474,23237,SET OF 4 KNICK KNACK TINS LEAF,United Kingdom
567474,23239,SET OF 4 KNICK KNACK TINS POPPIES,United Kingdom
567474,23244,ROUND STORAGE TIN VINTAGE LEAF,United Kingdom
567474,23308,SET OF 60 VINTAGE LEAF CAKE CASES,United Kingdom
567474,23342,MINT DINER WALL CLOCK,United Kingdom
567474,23355,HOT WATER BOTTLE KEEP CALM,United Kingdom
567474,23356,LOVE HOT WATER BOTTLE,United Kingdom
567474,23356,LOVE HOT WATER BOTTLE,United Kingdom
567474,23357,HOT WATER BOTTLE SEX BOMB,United Kingdom
567474,23358,HOT STUFF HOT WATER BOTTLE,United Kingdom
567474,23381,PACK OF 12 VINTAGE LEAF TISSUES,United Kingdom
567474,23381,PACK OF 12 VINTAGE LEAF TISSUES,United Kingdom
567474,23399,HOME SWEET HOME HANGING HEART,United Kingdom
567474,23404,HOME SWEET HOME BLACKBOARD,United Kingdom
567474,23406,HOME SWEET HOME KEY HOLDER,United Kingdom
567474,23407,SET OF 2 TRAYS HOME SWEET HOME,United Kingdom
567474,23414,ZINC BOX SIGN HOME,United Kingdom
567474,23426,METAL SIGN DROP YOUR PANTS,United Kingdom
567474,23439,HAND WARMER RED LOVE HEART,United Kingdom
567474,23439,HAND WARMER RED LOVE HEART,United Kingdom
567474,23551,PACK OF 12 PAISLEY PARK TISSUES,United Kingdom
567474,79321,CHILLI LIGHTS,United Kingdom
567474,82567,"AIRLINE LOUNGE,METAL SIGN",United Kingdom
567474,82583,HOT BATHS METAL SIGN,United Kingdom
567474,82583,HOT BATHS METAL SIGN,United Kingdom
567474,82600,NO SINGING METAL SIGN,United Kingdom
567474,84692,BOX OF 24 COCKTAIL PARASOLS,United Kingdom
567474,85014A,BLACK/BLUE POLKADOT UMBRELLA,United Kingdom
567474,85014B,RED RETROSPOT UMBRELLA,United Kingdom
567474,85150,LADIES & GENTLEMEN METAL SIGN,United Kingdom
567474,85152,HAND OVER THE CHOCOLATE   SIGN,United Kingdom
567478,21524,DOORMAT SPOTTY HOME SWEET HOME,Italy
567478,22366,DOORMAT AIRMAIL,Italy
567478,22627,MINT KITCHEN SCALES,Italy
567478,22692,DOORMAT WELCOME TO OUR HOME,Italy
567478,22720,SET OF 3 CAKE TINS PANTRY DESIGN,Italy
567478,22722,SET OF 6 SPICE TINS PANTRY DESIGN,Italy
567478,22804,CANDLEHOLDER PINK HANGING HEART,Italy
567478,22844,VINTAGE CREAM DOG FOOD CONTAINER,Italy
567478,22845,VINTAGE CREAM CAT FOOD CONTAINER,Italy
567478,22847,BREAD BIN DINER STYLE IVORY,Italy
567478,22960,JAM MAKING SET WITH JARS,Italy
567478,23243,SET OF TEA COFFEE SUGAR TINS PANTRY,Italy
567478,23342,MINT DINER WALL CLOCK,Italy
567478,23423,PANTRY 3 HOOK ROLLING PIN HANGER,Italy
567478,48138,DOORMAT UNION FLAG,Italy
567506,22666,RECIPE BOX PANTRY YELLOW DESIGN,United Kingdom
567506,22720,SET OF 3 CAKE TINS PANTRY DESIGN,United Kingdom
567506,22722,SET OF 6 SPICE TINS PANTRY DESIGN,United Kingdom
567506,22799,SWEETHEART WIRE FRUIT BOWL,United Kingdom
567506,22961,JAM MAKING SET PRINTED,United Kingdom
567506,84880,WHITE WIRE EGG HOLDER,United Kingdom
567509,21175,GIN + TONIC DIET METAL SIGN,United Kingdom
567509,21975,PACK OF 60 DINOSAUR CAKE CASES,United Kingdom
567509,21977,PACK OF 60 PINK PAISLEY CAKE CASES,United Kingdom
567509,22191,IVORY DINER WALL CLOCK,United Kingdom
567509,22192,BLUE DINER WALL CLOCK,United Kingdom
567509,22193,RED DINER WALL CLOCK,United Kingdom
567509,22197,POPCORN HOLDER,United Kingdom
567509,22412,METAL SIGN NEIGHBOURHOOD WITCH,United Kingdom
567509,22470,HEART OF WICKER LARGE,United Kingdom
567509,22694,WICKER STAR,United Kingdom
567509,22695,WICKER WREATH SMALL,United Kingdom
567509,22696,WICKER WREATH LARGE,United Kingdom
567509,22727,ALARM CLOCK BAKELIKE RED,United Kingdom
567509,22730,ALARM CLOCK BAKELIKE IVORY,United Kingdom
567509,22948,METAL DECORATION NAUGHTY CHILDREN,United Kingdom
567509,22951,60 CAKE CASES DOLLY GIRL DESIGN,United Kingdom
567509,23293,SET OF 12 FAIRY CAKE BAKING CASES,United Kingdom
567509,23294,SET OF 6 SNACK LOAF BAKING CASES,United Kingdom
567509,23295,SET OF 12 MINI LOAF BAKING CASES,United Kingdom
567509,23296,SET OF 6 TEA TIME BAKING CASES,United Kingdom
567509,23315,IVORY REFECTORY CLOCK,United Kingdom
567509,23316,RED REFECTORY CLOCK,United Kingdom
567509,23321,SMALL WHITE HEART OF WICKER,United Kingdom
567509,47422,ASSORTED MONKEY SUCTION CUP HOOK,United Kingdom
567509,72586,SET OF 6 HALLOWEEN GHOST T-LIGHTS,United Kingdom
567509,84991,60 TEATIME FAIRY CAKE CASES,United Kingdom
567509,84992,72 SWEETHEART FAIRY CAKE CASES,United Kingdom
567509,85231B,CINAMMON SET OF 9 T-LIGHTS,United Kingdom
567509,85231G,ORANGE SCENTED SET/9 T-LIGHTS,United Kingdom
567546,21326,AGED GLASS SILVER T-LIGHT HOLDER,United Kingdom
567546,22169,FAMILY ALBUM WHITE PICTURE FRAME,United Kingdom
567546,22212,FOUR HOOK  WHITE LOVEBIRDS,United Kingdom
567546,22692,DOORMAT WELCOME TO OUR HOME,United Kingdom
567546,22791,T-LIGHT GLASS FLUTED ANTIQUE,United Kingdom
567683,21430,SET/3 RED GINGHAM ROSE STORAGE BOX,United Kingdom
567683,21788,KIDS RAIN MAC BLUE,United Kingdom
567683,21789,KIDS RAIN MAC PINK,United Kingdom
567683,22193,RED DINER WALL CLOCK,United Kingdom
567683,22469,HEART OF WICKER SMALL,United Kingdom
567683,22530,MAGIC DRAWING SLATE DOLLY GIRL,United Kingdom
567683,22537,MAGIC DRAWING SLATE DINOSAUR,United Kingdom
567683,22720,SET OF 3 CAKE TINS PANTRY DESIGN,United Kingdom
567683,22969,HOMEMADE JAM SCENTED CANDLES,United Kingdom
567683,22989,SET 2 PANTRY DESIGN TEA TOWELS,United Kingdom
567683,23092,LARGE ANTIQUE WHITE PHOTO FRAME,United Kingdom
567683,23112,PARISIENNE CURIO CABINET,United Kingdom
567683,23341,PINK DINER WALL CLOCK,United Kingdom
567683,23342,MINT DINER WALL CLOCK,United Kingdom
567683,23401,RUSTIC MIRROR WITH LACE HEART,United Kingdom
567683,85232D,SET/3 DECOUPAGE STACKING TINS,United Kingdom
567707,21506,"FANCY FONT BIRTHDAY CARD,",United Kingdom
567707,22037,ROBOT BIRTHDAY CARD,United Kingdom
567707,22716,CARD CIRCUS PARADE,United Kingdom
567707,22817,CARD SUKI BIRTHDAY,United Kingdom
567707,22941,CHRISTMAS LIGHTS 10 REINDEER,United Kingdom
567707,23126,FELTCRAFT GIRL AMELIE KIT,United Kingdom
567707,23247,BISCUIT TIN 50'S CHRISTMAS,United Kingdom
567707,23439,HAND WARMER RED LOVE HEART,United Kingdom
567707,23503,PLAYING CARDS KEEP CALM & CARRY ON,United Kingdom
567826,15036,ASSORTED COLOURS SILK FAN,United Kingdom
567826,20723,STRAWBERRY CHARLOTTE BAG,United Kingdom
567826,20724,RED RETROSPOT CHARLOTTE BAG,United Kingdom
567826,21154,RED RETROSPOT OVEN GLOVE,United Kingdom
567826,21231,SWEETHEART CERAMIC TRINKET BOX,United Kingdom
567826,21232,STRAWBERRY CERAMIC TRINKET BOX,United Kingdom
567826,22027,TEA PARTY BIRTHDAY CARD,United Kingdom
567826,22064,PINK DOUGHNUT TRINKET POT,United Kingdom
567826,22355,CHARLOTTE BAG SUKI DESIGN,United Kingdom
567826,22385,JUMBO BAG SPACEBOY DESIGN,United Kingdom
567826,22661,CHARLOTTE BAG DOLLY GIRL DESIGN,United Kingdom
567826,22712,CARD DOLLY GIRL,United Kingdom
567826,23242,TREASURE TIN BUFFALO BILL,United Kingdom
567888,23298,SPOTTY BUNTING,United Kingdom
567888,47566,PARTY BUNTING,United Kingdom
567904,20726,LUNCH BAG WOODLAND,Germany
567904,21754,HOME BUILDING BLOCK WORD,Germany
567904,21755,LOVE BUILDING BLOCK WORD,Germany
567904,22382,LUNCH BAG SPACEBOY DESIGN,Germany
567904,22505,MEMO BOARD COTTAGE DESIGN,Germany
567904,23176,ABC TREASURE BOOK BOX,Germany
567904,23196,VINTAGE LEAF MAGNETIC NOTEPAD,Germany
567904,23209,LUNCH BAG VINTAGE DOILY,Germany
567904,23247,BISCUIT TIN 50'S CHRISTMAS,Germany
567904,23353,6 GIFT TAGS VINTAGE CHRISTMAS,Germany
567904,23388,WOODLAND MINI BACKPACK,Germany
567904,23389,SPACEBOY MINI BACKPACK,Germany
567904,23421,PANTRY HOOK SPATULA,Germany
567904,23422,PANTRY HOOK BALLOON WHISK,Germany
567904,23423,PANTRY 3 HOOK ROLLING PIN HANGER,Germany
567904,85183A,CHARLIE & LOLA WASTEPAPER BIN BLUE,Germany
567904,POST,POSTAGE,Germany
567913,21260,FIRST AID TIN,United Kingdom
567913,22722,SET OF 6 SPICE TINS PANTRY DESIGN,United Kingdom
567913,23245,SET OF 3 REGENCY CAKE TINS,United Kingdom
567913,23574,PACKING CHARGE,United Kingdom
568176,21739,COSY SLIPPER SHOES SMALL GREEN,France
568176,22326,ROUND SNACK BOXES SET OF4 WOODLAND,France
568176,22423,REGENCY CAKESTAND 3 TIER,France
568176,22720,SET OF 3 CAKE TINS PANTRY DESIGN,France
568176,22722,SET OF 6 SPICE TINS PANTRY DESIGN,France
568176,22726,ALARM CLOCK BAKELIKE GREEN,France
568176,22728,ALARM CLOCK BAKELIKE PINK,France
568176,23209,LUNCH BAG VINTAGE DOILY,France
568176,23231,WRAP  VINTAGE DOILY,France
568176,23372,SET 36 COLOUR PENCILS DOLLY GIRL,France
568176,23388,WOODLAND MINI BACKPACK,France
568176,23390,DOLLY GIRL MINI BACKPACK,France
568176,85015,SET OF 12  VINTAGE POSTCARD SET,France
568176,POST,POSTAGE,France
568181,21411,GINGHAM HEART  DOORSTOP RED,United Kingdom
568181,21809,CHRISTMAS HANGING TREE WITH BELL,United Kingdom
568181,22161,HEART DECORATION RUSTIC HANGING,United Kingdom
568181,22163,HEART STRING MEMO HOLDER HANGING,United Kingdom
568181,22186,RED STAR CARD HOLDER,United Kingdom
568181,22342,HOME GARLAND PAINTED ZINC,United Kingdom
568181,22469,HEART OF WICKER SMALL,United Kingdom
568181,22508,DOORSTOP RETROSPOT HEART,United Kingdom
568181,22577,WOODEN HEART CHRISTMAS SCANDINAVIAN,United Kingdom
568181,22578,WOODEN STAR CHRISTMAS SCANDINAVIAN,United Kingdom
568181,22579,WOODEN TREE CHRISTMAS SCANDINAVIAN,United Kingdom
568181,22594,CHRISTMAS GINGHAM TREE,United Kingdom
568181,22595,GINGHAM HEART DECORATION,United Kingdom
568181,22596,CHRISTMAS STAR WISH LIST CHALKBOARD,United Kingdom
568181,23214,JINGLE BELL HEART ANTIQUE GOLD,United Kingdom
568181,23222,CHRISTMAS TREE HANGING GOLD,United Kingdom
568181,23263,SET OF 3 WOODEN HEART DECORATIONS,United Kingdom
568181,23275,SET OF 3 HANGING OWLS OLLIE BEAK,United Kingdom
568181,35923,CANDY HEART HANGING DECORATION,United Kingdom
568181,85130B,BEADED CRYSTAL HEART GREEN LARGE,United Kingdom
568181,85130C,BEADED CRYSTAL HEART BLUE  LARGE,United Kingdom
568181,85203,HANGING WOOD AND FELT BUTTERFLY,United Kingdom
568181,85204,HANGING WOOD AND FELT FLOWER,United Kingdom
568214,48138,DOORMAT UNION FLAG,United Kingdom
568221,21668,RED STRIPE CERAMIC DRAWER KNOB,EIRE
568221,21669,BLUE STRIPE CERAMIC DRAWER KNOB,EIRE
568221,21670,BLUE SPOT CERAMIC DRAWER KNOB,EIRE
568221,21672,WHITE SPOT RED CERAMIC DRAWER KNOB,EIRE
568221,21673,WHITE SPOT BLUE CERAMIC DRAWER KNOB,EIRE
568221,22141,CHRISTMAS CRAFT TREE TOP ANGEL,EIRE
568221,22734,SET OF 6 RIBBONS VINTAGE CHRISTMAS,EIRE
568221,22909,SET OF 20 VINTAGE CHRISTMAS NAPKINS,EIRE
568221,22991,GIRAFFE WOODEN RULER,EIRE
568221,23029,DRAWER KNOB CRACKLE GLAZE GREEN,EIRE
568221,23031,DRAWER KNOB CRACKLE GLAZE PINK,EIRE
568221,23111,PARISIENNE SEWING BOX,EIRE
568221,23118,PARISIENNE JEWELLERY DRAWER,EIRE
568221,23267,SET OF 4 SANTA PLACE SETTINGS,EIRE
568221,23349,ROLL WRAP VINTAGE CHRISTMAS,EIRE
568221,23356,LOVE HOT WATER BOTTLE,EIRE
568221,23373,VINTAGE CHRISTMAS PAPER GIFT BAG,EIRE
568221,23436,VINTAGE CHRISTMAS GIFT BAG LARGE,EIRE
568221,84992,72 SWEETHEART FAIRY CAKE CASES,EIRE
568221,85014A,BLACK/BLUE POLKADOT UMBRELLA,EIRE
568221,85017B,ENVELOPE 50 BLOSSOM IMAGES,EIRE
568221,C2,CARRIAGE,EIRE
568399,21262,WHITE GOOSE FEATHER CHRISTMAS TREE,United Kingdom
568399,21394,RED POLKADOT BEAKER,United Kingdom
568399,22086,PAPER CHAIN KIT 50'S CHRISTMAS,United Kingdom
568399,22592,CARDHOLDER HOLLY WREATH METAL,United Kingdom
568399,22610,PENS ASSORTED FUNNY FACE,United Kingdom
568399,22734,SET OF 6 RIBBONS VINTAGE CHRISTMAS,United Kingdom
568399,22907,PACK OF 20 NAPKINS PANTRY DESIGN,United Kingdom
568399,22909,SET OF 20 VINTAGE CHRISTMAS NAPKINS,United Kingdom
568399,22952,60 CAKE CASES VINTAGE CHRISTMAS,United Kingdom
568399,22990,COTTON APRON PANTRY DESIGN,United Kingdom
568399,23267,SET OF 4 SANTA PLACE SETTINGS,United Kingdom
568399,23268,SET OF 2 CERAMIC CHRISTMAS REINDEER,United Kingdom
568399,23293,SET OF 12 FAIRY CAKE BAKING CASES,United Kingdom
568399,23295,SET OF 12 MINI LOAF BAKING CASES,United Kingdom
568399,23298,SPOTTY BUNTING,United Kingdom
568399,23307,SET OF 60 PANTRY DESIGN CAKE CASES,United Kingdom
568399,23311,VINTAGE CHRISTMAS STOCKING,United Kingdom
568399,23312,VINTAGE CHRISTMAS GIFT SACK,United Kingdom
568399,23328,SET 6 SCHOOL MILK BOTTLES IN CRATE,United Kingdom
568399,35953,FOLKART STAR CHRISTMAS DECORATIONS,United Kingdom
568399,47566,PARTY BUNTING,United Kingdom
568402,16045,POPART WOODEN PENCILS ASST,United Kingdom
568402,16048,TEATIME ROUND PENCIL SHARPENER,United Kingdom
568402,20996,JAZZ HEARTS ADDRESS BOOK,United Kingdom
568402,21642,ASSORTED TUTTI FRUTTI PEN,United Kingdom
568402,21790,VINTAGE SNAP CARDS,United Kingdom
568402,21888,BINGO SET,United Kingdom
568402,21889,WOODEN BOX OF DOMINOES,United Kingdom
568402,22209,WOOD STAMP SET HAPPY BIRTHDAY,United Kingdom
568402,22456,NATURAL SLATE CHALKBOARD LARGE,United Kingdom
568402,22457,NATURAL SLATE HEART CHALKBOARD,United Kingdom
568402,22610,PENS ASSORTED FUNNY FACE,United Kingdom
568402,22620,4 TRADITIONAL SPINNING TOPS,United Kingdom
568402,22890,NOVELTY BISCUITS CAKE STAND 3 TIER,United Kingdom
568402,47567B,TEA TIME KITCHEN APRON,United Kingdom
568535,21875,KINGS CHOICE MUG,United Kingdom
568535,22115,METAL SIGN EMPIRE TEA,United Kingdom
568535,22358,KINGS CHOICE TEA CADDY,United Kingdom
568535,23328,SET 6 SCHOOL MILK BOTTLES IN CRATE,United Kingdom
568588,20978,36 PENCILS TUBE SKULLS,United Kingdom
568588,20979,36 PENCILS TUBE RED RETROSPOT,United Kingdom
568588,21181,PLEASE ONE PERSON METAL SIGN,United Kingdom
568588,21232,STRAWBERRY CERAMIC TRINKET BOX,United Kingdom
568588,22356,CHARLOTTE BAG PINK POLKADOT,United Kingdom
568588,22792,FLUTED ANTIQUE CANDLE HOLDER,United Kingdom
568588,23099,FRENCH CARRIAGE LANTERN,United Kingdom
568588,37495,FAIRY CAKE BIRTHDAY CANDLE SET,United Kingdom
568588,72807C,SET/3 VANILLA SCENTED CANDLE IN BOX,United Kingdom
568701,16008,SMALL FOLDING SCISSOR(POINTED EDGE),United Kingdom
568701,20719,WOODLAND CHARLOTTE BAG,United Kingdom
568701,20749,ASSORTED COLOUR MINI CASES,United Kingdom
568701,20996,JAZZ HEARTS ADDRESS BOOK,United Kingdom
568701,21136,PAINTED METAL PEARS ASSORTED,United Kingdom
568701,21287,SCENTED VELVET LOUNGE CANDLE,United Kingdom
568701,21428,SET3 BOOK BOX GREEN GINGHAM FLOWER,United Kingdom
568701,21733,RED HANGING HEART T-LIGHT HOLDER,United Kingdom
568701,21903,MAN FLU METAL SIGN,United Kingdom
568701,22138,BAKING SET 9 PIECE RETROSPOT,United Kingdom
568701,22294,HEART FILIGREE DOVE  SMALL,United Kingdom
568701,22457,NATURAL SLATE HEART CHALKBOARD,United Kingdom
568701,22588,CARD HOLDER GINGHAM HEART,United Kingdom
568701,22595,GINGHAM HEART DECORATION,United Kingdom
568701,22617,BAKING SET SPACEBOY DESIGN,United Kingdom
568701,22666,RECIPE BOX PANTRY YELLOW DESIGN,United Kingdom
568701,22668,PINK BABY BUNTING,United Kingdom
568701,22720,SET OF 3 CAKE TINS PANTRY DESIGN,United Kingdom
568701,22797,CHEST OF DRAWERS GINGHAM HEART,United Kingdom
568701,23014,GLASS APOTHECARY BOTTLE ELIXIR,United Kingdom
568701,23165,LARGE CERAMIC TOP STORAGE JAR,United Kingdom
568701,23166,MEDIUM CERAMIC TOP STORAGE JAR,United Kingdom
568701,23167,SMALL CERAMIC TOP STORAGE JAR,United Kingdom
568701,23209,LUNCH BAG VINTAGE DOILY,United Kingdom
568701,23236,STORAGE TIN VINTAGE DOILY,United Kingdom
568701,23263,SET OF 3 WOODEN HEART DECORATIONS,United Kingdom
568701,23270,SET OF 2 CERAMIC PAINTED HEARTS,United Kingdom
568701,23329,DECORATIVE WICKER HEART LARGE,United Kingdom
568701,23402,HOME SWEET HOME 3 PEG HANGER,United Kingdom
568701,23404,HOME SWEET HOME BLACKBOARD,United Kingdom
568701,23407,SET OF 2 TRAYS HOME SWEET HOME,United Kingdom
568701,23418,LAVENDER TOILETTE BOTTLE,United Kingdom
568701,23432,PRETTY HANGING QUILTED HEARTS,United Kingdom
568701,84609,TALL ROCOCO CANDLE HOLDER,United Kingdom
568701,84832,ZINC WILLIE WINKIE  CANDLE STICK,United Kingdom
568701,84836,ZINC METAL HEART DECORATION,United Kingdom
568701,84879,ASSORTED COLOUR BIRD ORNAMENT,United Kingdom
568701,84978,HANGING HEART JAR T-LIGHT HOLDER,United Kingdom
568701,85066,CREAM SWEETHEART MINI CHEST,United Kingdom
568715,15030,FAN BLACK FRAME,United Kingdom
568715,16169K,WRAP FOLK ART,United Kingdom
568715,21064,BOOM BOX SPEAKER BOYS,United Kingdom
568715,21506,"FANCY FONT BIRTHDAY CARD,",United Kingdom
568715,21509,COWBOYS AND INDIANS BIRTHDAY CARD,United Kingdom
568715,21519,GIN & TONIC DIET GREETING CARD,United Kingdom
568715,22026,BANQUET BIRTHDAY  CARD,United Kingdom
568715,22028,PENNY FARTHING BIRTHDAY CARD,United Kingdom
568715,22031,BOTANICAL LAVENDER BIRTHDAY CARD,United Kingdom
568715,22032,BOTANICAL LILY GREETING CARD,United Kingdom
568715,22039,BOTANICAL LILY GIFT WRAP,United Kingdom
568715,22048,BIRTHDAY BANQUET GIFT WRAP,United Kingdom
568715,22185,SLATE TILE NATURAL HANGING,United Kingdom
568715,22478,BIRDHOUSE GARDEN MARKER,United Kingdom
568715,22488,NATURAL SLATE RECTANGLE CHALKBOARD,United Kingdom
568715,22567,20 DOLLY PEGS RETROSPOT,United Kingdom
568715,22666,RECIPE BOX PANTRY YELLOW DESIGN,United Kingdom
568715,22712,CARD DOLLY GIRL,United Kingdom
568715,22714,CARD BIRTHDAY COWBOY,United Kingdom
568715,22716,CARD CIRCUS PARADE,United Kingdom
568715,22916,HERB MARKER THYME,United Kingdom
568715,22917,HERB MARKER ROSEMARY,United Kingdom
568715,22919,HERB MARKER MINT,United Kingdom
568715,22920,HERB MARKER BASIL,United Kingdom
568715,22949,36 DOILIES DOLLY GIRL,United Kingdom
568715,22961,JAM MAKING SET PRINTED,United Kingdom
568715,22983,CARD BILLBOARD FONT,United Kingdom
568715,22984,CARD GINGHAM ROSE,United Kingdom
568715,22989,SET 2 PANTRY DESIGN TEA TOWELS,United Kingdom
568715,23041,PAPER LANTERN 9 POINT SNOW STAR,United Kingdom
568715,23042,PAPER LANTERN 7 POINT SNOW STAR,United Kingdom
568715,23202,JUMBO BAG VINTAGE LEAF,United Kingdom
568715,23231,WRAP  VINTAGE DOILY,United Kingdom
568715,23233,WRAP POPPIES  DESIGN,United Kingdom
568715,82552,WASHROOM METAL SIGN,United Kingdom
568715,84247K,"FOLK ART GREETING CARD,pack/12",United Kingdom
568715,84247N,PACK/12 BLUE FOLKART CARDS,United Kingdom
568828,16048,TEATIME ROUND PENCIL SHARPENER,United Kingdom
568828,16216,LETTER SHAPE PENCIL SHARPENER,United Kingdom
568828,20992,JAZZ HEARTS PURSE NOTEBOOK,United Kingdom
568828,21704,BAG 250g SWIRLY MARBLES,United Kingdom
568828,21790,VINTAGE SNAP CARDS,United Kingdom
568828,21890,S/6 WOODEN SKITTLES IN COTTON BAG,United Kingdom
568828,21915,RED  HARMONICA IN BOX,United Kingdom
568828,21992,VINTAGE PAISLEY STATIONERY SET,United Kingdom
568828,22115,METAL SIGN EMPIRE TEA,United Kingdom
568828,22396,MAGNETS PACK OF 4 RETRO PHOTO,United Kingdom
568828,22402,MAGNETS PACK OF 4 VINTAGE COLLAGE,United Kingdom
568828,22403,MAGNETS PACK OF 4 VINTAGE LABELS,United Kingdom
568828,22489,PACK OF 12 TRADITIONAL CRAYONS,United Kingdom
568828,22548,HEADS AND TAILS SPORTING FUN,United Kingdom
568828,22608,PENS ASSORTED FUNKY JEWELED,United Kingdom
568828,22620,4 TRADITIONAL SPINNING TOPS,United Kingdom
568828,23367,SET 12 COLOUR PENCILS SPACEBOY,United Kingdom
568828,23368,SET 12 COLOUR PENCILS DOLLY GIRL,United Kingdom
568828,23504,PLAYING CARDS JUBILEE UNION JACK,United Kingdom
568828,47503A,ASS FLORAL PRINT MULTI SCREWDRIVER,United Kingdom
568828,84926A,WAKE UP COCKEREL TILE COASTER,United Kingdom
568828,84926E,FLOWERS TILE COASTER,United Kingdom
568828,84929,ASSTD FRUIT+FLOWERS FRIDGE MAGNETS,United Kingdom
568829,22600,CHRISTMAS RETROSPOT STAR WOOD,United Kingdom
568829,22601,CHRISTMAS RETROSPOT ANGEL WOOD,United Kingdom
568829,22602,RETROSPOT WOODEN HEART DECORATION,United Kingdom
568829,22666,RECIPE BOX PANTRY YELLOW DESIGN,United Kingdom
568829,22909,SET OF 20 VINTAGE CHRISTMAS NAPKINS,United Kingdom
568829,23032,DRAWER KNOB CRACKLE GLAZE IVORY,United Kingdom
568829,23209,LUNCH BAG VINTAGE DOILY,United Kingdom
568829,23234,BISCUIT TIN VINTAGE CHRISTMAS,United Kingdom
568829,23311,VINTAGE CHRISTMAS STOCKING,United Kingdom
568829,23312,VINTAGE CHRISTMAS GIFT SACK,United Kingdom
568829,23313,VINTAGE CHRISTMAS BUNTING,United Kingdom
568829,23318,BOX OF 6 MINI VINTAGE CRACKERS,United Kingdom
568829,23328,SET 6 SCHOOL MILK BOTTLES IN CRATE,United Kingdom
568829,23343,JUMBO BAG VINTAGE CHRISTMAS,United Kingdom
568829,23344,JUMBO BAG 50'S CHRISTMAS,United Kingdom
568829,23349,ROLL WRAP VINTAGE CHRISTMAS,United Kingdom
568829,23350,ROLL WRAP VINTAGE SPOT,United Kingdom
568829,23351,ROLL WRAP 50'S CHRISTMAS,United Kingdom
568829,23352,ROLL WRAP 50'S RED CHRISTMAS,United Kingdom
568829,23419,HOME SWEET HOME BOTTLE,United Kingdom
568897,20846,ZINC HEART LATTICE T-LIGHT HOLDER,United Kingdom
568897,21313,GLASS HEART T-LIGHT HOLDER,United Kingdom
568897,22114,HOT WATER BOTTLE TEA AND SYMPATHY,United Kingdom
568897,22469,HEART OF WICKER SMALL,United Kingdom
568897,22835,HOT WATER BOTTLE I AM SO POORLY,United Kingdom
568897,23072,MARIE ANTOINETTE TRINKET BOX SILVER,United Kingdom
568897,23088,ZINC HEART FLOWER T-LIGHT HOLDER,United Kingdom
568897,23321,SMALL WHITE HEART OF WICKER,United Kingdom
568897,23322,LARGE WHITE HEART OF WICKER,United Kingdom
568897,23399,HOME SWEET HOME HANGING HEART,United Kingdom
568897,23400,SHELF WITH 4 HOOKS HOME SWEET HOME,United Kingdom
568897,23403,LETTER HOLDER HOME SWEET HOME,United Kingdom
568897,23427,STOOL HOME SWEET HOME,United Kingdom
568897,23432,PRETTY HANGING QUILTED HEARTS,United Kingdom
568897,84406B,CREAM CUPID HEARTS COAT HANGER,United Kingdom
568897,84946,ANTIQUE SILVER T-LIGHT GLASS,United Kingdom
568908,16161P,WRAP ENGLISH ROSE,United Kingdom
568908,21108,FAIRY CAKE FLANNEL ASSORTED COLOUR,United Kingdom
568908,21155,RED RETROSPOT PEG BAG,United Kingdom
568908,21204,DAISIES  HONEYCOMB GARLAND,United Kingdom
568908,21206,STRAWBERRY HONEYCOMB  GARLAND,United Kingdom
568908,21212,PACK OF 72 RETROSPOT CAKE CASES,United Kingdom
568908,21533,RETROSPOT LARGE MILK JUG,United Kingdom
568908,21534,DAIRY MAID LARGE MILK JUG,United Kingdom
568908,21668,RED STRIPE CERAMIC DRAWER KNOB,United Kingdom
568908,21669,BLUE STRIPE CERAMIC DRAWER KNOB,United Kingdom
568908,21672,WHITE SPOT RED CERAMIC DRAWER KNOB,United Kingdom
568908,21673,WHITE SPOT BLUE CERAMIC DRAWER KNOB,United Kingdom
568908,21786,POLKADOT RAIN HAT,United Kingdom
568908,21787,RAIN PONCHO RETROSPOT,United Kingdom
568908,21788,KIDS RAIN MAC BLUE,United Kingdom
568908,21789,KIDS RAIN MAC PINK,United Kingdom
568908,21929,JUMBO BAG PINK VINTAGE PAISLEY,United Kingdom
568908,22050,PINK PAISLEY ROSE GIFT WRAP,United Kingdom
568908,22076,6 RIBBONS EMPIRE,United Kingdom
568908,22077,6 RIBBONS RUSTIC CHARM,United Kingdom
568908,22083,PAPER CHAIN KIT RETROSPOT,United Kingdom
568908,22090,PAPER BUNTING RETROSPOT,United Kingdom
568908,22180,RETROSPOT LAMP,United Kingdom
568908,22197,POPCORN HOLDER,United Kingdom
568908,22324,BLUE POLKADOT KIDS BAG,United Kingdom
568908,22417,PACK OF 60 SPACEBOY CAKE CASES,United Kingdom
568908,22423,REGENCY CAKESTAND 3 TIER,United Kingdom
568908,22427,ENAMEL FLOWER JUG CREAM,United Kingdom
568908,22448,PIN CUSHION BABUSHKA RED,United Kingdom
568908,22509,SEWING BOX RETROSPOT DESIGN,United Kingdom
568908,22558,CLOTHES PEGS RETROSPOT PACK 24,United Kingdom
568908,22567,20 DOLLY PEGS RETROSPOT,United Kingdom
568908,22595,GINGHAM HEART DECORATION,United Kingdom
568908,22624,IVORY KITCHEN SCALES,United Kingdom
568908,22625,RED KITCHEN SCALES,United Kingdom
568908,22699,ROSES REGENCY TEACUP AND SAUCER,United Kingdom
568908,22720,SET OF 3 CAKE TINS PANTRY DESIGN,United Kingdom
568908,22792,FLUTED ANTIQUE CANDLE HOLDER,United Kingdom
568908,22832,BROCANTE SHELF WITH HOOKS,United Kingdom
568908,22951,60 CAKE CASES DOLLY GIRL DESIGN,United Kingdom
568908,22966,GINGERBREAD MAN COOKIE CUTTER,United Kingdom
568908,22986,WRAP GINGHAM ROSE,United Kingdom
568908,22989,SET 2 PANTRY DESIGN TEA TOWELS,United Kingdom
568908,23079,TOADSTOOL BEDSIDE LIGHT,United Kingdom
568908,23168,CLASSIC CAFE SUGAR DISPENSER,United Kingdom
568908,23170,REGENCY TEA PLATE ROSES,United Kingdom
568908,23173,REGENCY TEAPOT ROSES,United Kingdom
568908,23174,REGENCY SUGAR BOWL GREEN,United Kingdom
568908,23175,REGENCY MILK JUG PINK,United Kingdom
568908,23203,JUMBO BAG VINTAGE DOILY,United Kingdom
568908,23231,WRAP  VINTAGE DOILY,United Kingdom
568908,23236,STORAGE TIN VINTAGE DOILY,United Kingdom
568908,23240,SET OF 4 KNICK KNACK TINS DOILY,United Kingdom
568908,23245,SET OF 3 REGENCY CAKE TINS,United Kingdom
568908,23359,SET OF 12 T-LIGHTS VINTAGE DOILY,United Kingdom
568908,23493,VINTAGE DOILY TRAVEL SEWING KIT,United Kingdom
568908,23513,EMBROIDERED RIBBON REEL SUSIE,United Kingdom
568908,23514,EMBROIDERED RIBBON REEL SALLY,United Kingdom
568908,23545,WRAP RED VINTAGE DOILY,United Kingdom
568908,47566,PARTY BUNTING,United Kingdom
568908,47578A,ENGLISH ROSE SMALL SCENTED FLOWER,United Kingdom
568908,48184,DOORMAT ENGLISH ROSE,United Kingdom
568908,72760B,VINTAGE CREAM 3 BASKET CAKE STAND,United Kingdom
568908,84849A,HELLO SAILOR BLUE SOAP HOLDER,United Kingdom
568908,84946,ANTIQUE SILVER T-LIGHT GLASS,United Kingdom
568908,85170C,SET/6 EAU DE NIL BIRD T-LIGHTS,United Kingdom
568908,85170D,SET/6 PINK BIRD T-LIGHT CANDLES,United Kingdom
569019,21498,RED RETROSPOT WRAP,United Kingdom
569019,21809,CHRISTMAS HANGING TREE WITH BELL,United Kingdom
569019,21811,HANGING HEART WITH BELL,United Kingdom
569019,21822,GLITTER CHRISTMAS TREE WITH BELLS,United Kingdom
569019,22047,EMPIRE GIFT WRAP,United Kingdom
569019,22153,ANGEL DECORATION STARS ON DRESS,United Kingdom
569019,22154,ANGEL DECORATION 3 BUTTONS,United Kingdom
569019,22158,3 HEARTS HANGING DECORATION RUSTIC,United Kingdom
569019,22178,VICTORIAN GLASS HANGING T-LIGHT,United Kingdom
569019,22460,EMBOSSED GLASS TEALIGHT HOLDER,United Kingdom
569019,22464,HANGING METAL HEART LANTERN,United Kingdom
569019,22575,METAL MERRY CHRISTMAS WREATH,United Kingdom
569019,23057,BEADED CHANDELIER T-LIGHT HOLDER,United Kingdom
569019,23232,WRAP VINTAGE LEAF DESIGN,United Kingdom
569019,23233,WRAP POPPIES  DESIGN,United Kingdom
569019,84946,ANTIQUE SILVER T-LIGHT GLASS,United Kingdom
569227,15056BL,EDWARDIAN PARASOL BLACK,United Kingdom
569227,15056N,EDWARDIAN PARASOL NATURAL,United Kingdom
569227,22114,HOT WATER BOTTLE TEA AND SYMPATHY,United Kingdom
569227,22366,DOORMAT AIRMAIL,United Kingdom
569227,22633,HAND WARMER UNION JACK,United Kingdom
569227,22798,ANTIQUE GLASS DRESSING TABLE POT,United Kingdom
569227,23284,DOORMAT KEEP CALM AND COME IN,United Kingdom
569227,23355,HOT WATER BOTTLE KEEP CALM,United Kingdom
569227,23356,LOVE HOT WATER BOTTLE,United Kingdom
569227,23439,HAND WARMER RED LOVE HEART,United Kingdom
569227,23534,STOP FOR TEA WALL ART,United Kingdom
569227,23535,BICYCLE SAFTEY WALL ART,United Kingdom
569227,23541,WALL ART CLASSIC PUDDINGS,United Kingdom
569227,48138,DOORMAT UNION FLAG,United Kingdom
569241,21121,SET/10 RED POLKADOT PARTY CANDLES,United Kingdom
569241,21122,SET/10 PINK POLKADOT PARTY CANDLES,United Kingdom
569241,21124,SET/10 BLUE POLKADOT PARTY CANDLES,United Kingdom
569241,21790,VINTAGE SNAP CARDS,United Kingdom
569241,21791,VINTAGE HEADS AND TAILS CARD GAME,United Kingdom
569241,21889,WOODEN BOX OF DOMINOES,United Kingdom
569241,21890,S/6 WOODEN SKITTLES IN COTTON BAG,United Kingdom
569241,21891,TRADITIONAL WOODEN SKIPPING ROPE,United Kingdom
569241,21914,BLUE HARMONICA IN BOX,United Kingdom
569241,21915,RED  HARMONICA IN BOX,United Kingdom
569241,21916,SET 12 RETRO WHITE CHALK STICKS,United Kingdom
569241,21918,SET 12 KIDS COLOUR  CHALK STICKS,United Kingdom
569241,22144,CHRISTMAS CRAFT LITTLE FRIENDS,United Kingdom
569241,22489,PACK OF 12 TRADITIONAL CRAYONS,United Kingdom
569241,22491,PACK OF 12 COLOURED PENCILS,United Kingdom
569241,22549,PICTURE DOMINOES,United Kingdom
569241,22619,SET OF 6 SOLDIER SKITTLES,United Kingdom
569241,22621,TRADITIONAL KNITTING NANCY,United Kingdom
569241,22622,BOX OF VINTAGE ALPHABET BLOCKS,United Kingdom
569241,22731,3D CHRISTMAS STAMPS STICKERS,United Kingdom
569241,22732,3D VINTAGE CHRISTMAS STICKERS,United Kingdom
569241,22733,3D TRADITIONAL CHRISTMAS STICKERS,United Kingdom
569241,22734,SET OF 6 RIBBONS VINTAGE CHRISTMAS,United Kingdom
569241,22738,RIBBON REEL SNOWY VILLAGE,United Kingdom
569241,22812,PACK 3 BOXES CHRISTMAS PANNETONE,United Kingdom
569241,22867,HAND WARMER BIRD DESIGN,United Kingdom
569241,22909,SET OF 20 VINTAGE CHRISTMAS NAPKINS,United Kingdom
569241,22910,PAPER CHAIN KIT VINTAGE CHRISTMAS,United Kingdom
569241,22940,FELTCRAFT CHRISTMAS FAIRY,United Kingdom
569241,22941,CHRISTMAS LIGHTS 10 REINDEER,United Kingdom
569241,22942,CHRISTMAS LIGHTS 10 SANTAS,United Kingdom
569241,22943,CHRISTMAS LIGHTS 10 VINTAGE BAUBLES,United Kingdom
569241,22945,CHRISTMAS METAL TAGS ASSORTED,United Kingdom
569241,22950,36 DOILIES VINTAGE CHRISTMAS,United Kingdom
569241,22959,WRAP CHRISTMAS VILLAGE,United Kingdom
569241,23082,SET 6 PAPER TABLE LANTERN HEARTS,United Kingdom
569241,23271,CHRISTMAS TABLE SILVER CANDLE SPIKE,United Kingdom
569241,23318,BOX OF 6 MINI VINTAGE CRACKERS,United Kingdom
569241,23340,VINTAGE CHRISTMAS CAKE FRILL,United Kingdom
569241,23353,6 GIFT TAGS VINTAGE CHRISTMAS,United Kingdom
569241,23376,PACK OF 12 VINTAGE CHRISTMAS TISSUE,United Kingdom
569241,23378,PACK OF 12 50'S CHRISTMAS TISSUES,United Kingdom
569241,23436,VINTAGE CHRISTMAS GIFT BAG LARGE,United Kingdom
569241,23439,HAND WARMER RED LOVE HEART,United Kingdom
569241,85049A,TRADITIONAL CHRISTMAS RIBBONS,United Kingdom
569241,85049E,SCANDINAVIAN REDS RIBBONS,United Kingdom
569538,21166,COOK WITH WINE METAL SIGN,United Kingdom
569538,21181,PLEASE ONE PERSON METAL SIGN,United Kingdom
569538,22115,METAL SIGN EMPIRE TEA,United Kingdom
569538,22116,METAL SIGN HIS DINNER IS SERVED,United Kingdom
569538,22169,FAMILY ALBUM WHITE PICTURE FRAME,United Kingdom
569538,22578,WOODEN STAR CHRISTMAS SCANDINAVIAN,United Kingdom
569538,22588,CARD HOLDER GINGHAM HEART,United Kingdom
569538,22596,CHRISTMAS STAR WISH LIST CHALKBOARD,United Kingdom
569538,22696,WICKER WREATH LARGE,United Kingdom
569538,22722,SET OF 6 SPICE TINS PANTRY DESIGN,United Kingdom
569538,23263,SET OF 3 WOODEN HEART DECORATIONS,United Kingdom
569538,23265,SET OF 3 WOODEN TREE DECORATIONS,United Kingdom
569538,23301,GARDENERS KNEELING PAD KEEP CALM,United Kingdom
569538,23328,SET 6 SCHOOL MILK BOTTLES IN CRATE,United Kingdom
569538,23426,METAL SIGN DROP YOUR PANTS,United Kingdom
569538,23503,PLAYING CARDS KEEP CALM & CARRY ON,United Kingdom
569538,84879,ASSORTED COLOUR BIRD ORNAMENT,United Kingdom
569538,84945,MULTI COLOUR SILVER T-LIGHT HOLDER,United Kingdom
569538,85152,HAND OVER THE CHOCOLATE   SIGN,United Kingdom
569560,21136,PAINTED METAL PEARS ASSORTED,United Kingdom
569560,22185,SLATE TILE NATURAL HANGING,United Kingdom
569560,22457,NATURAL SLATE HEART CHALKBOARD,United Kingdom
569560,22488,NATURAL SLATE RECTANGLE CHALKBOARD,United Kingdom
569560,22671,FRENCH LAUNDRY SIGN BLUE METAL,United Kingdom
569560,22673,FRENCH GARDEN SIGN BLUE METAL,United Kingdom
569560,22675,FRENCH KITCHEN SIGN BLUE METAL,United Kingdom
569560,23012,GLASS APOTHECARY BOTTLE PERFUME,United Kingdom
569560,23013,GLASS APOTHECARY BOTTLE TONIC,United Kingdom
569560,23014,GLASS APOTHECARY BOTTLE ELIXIR,United Kingdom
569560,23026,DRAWER KNOB VINTAGE GLASS STAR,United Kingdom
569560,23029,DRAWER KNOB CRACKLE GLAZE GREEN,United Kingdom
569560,23031,DRAWER KNOB CRACKLE GLAZE PINK,United Kingdom
569560,23032,DRAWER KNOB CRACKLE GLAZE IVORY,United Kingdom
569560,35970,ZINC FOLKART SLEIGH BELLS,United Kingdom
569560,84879,ASSORTED COLOUR BIRD ORNAMENT,United Kingdom
569570,15056BL,EDWARDIAN PARASOL BLACK,United Kingdom
569570,21531,RED RETROSPOT SUGAR JAM BOWL,United Kingdom
569570,21535,RED RETROSPOT SMALL MILK JUG,United Kingdom
569570,21844,RED RETROSPOT MUG,United Kingdom
569570,21977,PACK OF 60 PINK PAISLEY CAKE CASES,United Kingdom
569570,21980,PACK OF 12 RED RETROSPOT TISSUES,United Kingdom
569570,22423,REGENCY CAKESTAND 3 TIER,United Kingdom
569570,22652,TRAVEL SEWING KIT,United Kingdom
569570,22659,LUNCH BOX I LOVE LONDON,United Kingdom
569570,22697,GREEN REGENCY TEACUP AND SAUCER,United Kingdom
569570,22698,PINK REGENCY TEACUP AND SAUCER,United Kingdom
569570,22699,ROSES REGENCY TEACUP AND SAUCER,United Kingdom
569570,22970,LONDON BUS COFFEE MUG,United Kingdom
569570,22988,SOLDIERS EGG CUP,United Kingdom
569570,23170,REGENCY TEA PLATE ROSES,United Kingdom
569570,23171,REGENCY TEA PLATE GREEN,United Kingdom
569570,23172,REGENCY TEA PLATE PINK,United Kingdom
569570,23203,JUMBO BAG VINTAGE DOILY,United Kingdom
569570,23206,LUNCH BAG APPLE DESIGN,United Kingdom
569570,23245,SET OF 3 REGENCY CAKE TINS,United Kingdom
569570,23284,DOORMAT KEEP CALM AND COME IN,United Kingdom
569570,23307,SET OF 60 PANTRY DESIGN CAKE CASES,United Kingdom
569570,23309,SET OF 60 I LOVE LONDON CAKE CASES,United Kingdom
569570,23355,HOT WATER BOTTLE KEEP CALM,United Kingdom
569570,85014B,RED RETROSPOT UMBRELLA,United Kingdom
569675,20971,PINK BLUE FELT CRAFT TRINKET BOX,United Kingdom
569675,21174,POTTERING IN THE SHED METAL SIGN,United Kingdom
569675,21876,POTTERING MUG,United Kingdom
569675,21907,I'M ON HOLIDAY METAL SIGN,United Kingdom
569675,21977,PACK OF 60 PINK PAISLEY CAKE CASES,United Kingdom
569675,22149,FELTCRAFT 6 FLOWER FRIENDS,United Kingdom
569675,22425,ENAMEL COLANDER CREAM,United Kingdom
569675,22429,ENAMEL MEASURING JUG CREAM,United Kingdom
569675,22621,TRADITIONAL KNITTING NANCY,United Kingdom
569675,22624,IVORY KITCHEN SCALES,United Kingdom
569675,22625,RED KITCHEN SCALES,United Kingdom
569675,22627,MINT KITCHEN SCALES,United Kingdom
569675,22632,HAND WARMER RED RETROSPOT,United Kingdom
569675,22633,HAND WARMER UNION JACK,United Kingdom
569675,22961,JAM MAKING SET PRINTED,United Kingdom
569675,23202,JUMBO BAG VINTAGE LEAF,United Kingdom
569675,23284,DOORMAT KEEP CALM AND COME IN,United Kingdom
569675,23296,SET OF 6 TEA TIME BAKING CASES,United Kingdom
569675,23300,GARDENERS KNEELING PAD CUP OF TEA,United Kingdom
569675,23301,GARDENERS KNEELING PAD KEEP CALM,United Kingdom
569675,23355,HOT WATER BOTTLE KEEP CALM,United Kingdom
569675,23424,GINGHAM RECIPE BOOK BOX,United Kingdom
569675,23503,PLAYING CARDS KEEP CALM & CARRY ON,United Kingdom
569675,23504,PLAYING CARDS JUBILEE UNION JACK,United Kingdom
569675,48138,DOORMAT UNION FLAG,United Kingdom
569675,82583,HOT BATHS METAL SIGN,United Kingdom
569675,84029G,KNITTED UNION FLAG HOT WATER BOTTLE,United Kingdom
569675,84077,WORLD WAR 2 GLIDERS ASSTD DESIGNS,United Kingdom
569675,84987,SET OF 36 TEATIME PAPER DOILIES,United Kingdom
569675,84991,60 TEATIME FAIRY CAKE CASES,United Kingdom
569675,85099B,JUMBO BAG RED RETROSPOT,United Kingdom
569730,20677,PINK POLKADOT BOWL,United Kingdom
569730,22492,MINI PAINT SET VINTAGE,United Kingdom
569730,47590A,BLUE HAPPY BIRTHDAY BUNTING,United Kingdom
569768,21745,GAOLERS KEYS DECORATIVE GARDEN,United Kingdom
569768,21871,SAVE THE PLANET MUG,United Kingdom
569768,21908,CHOCOLATE THIS WAY METAL SIGN,United Kingdom
569768,22024,RAINY LADIES BIRTHDAY CARD,United Kingdom
569768,22037,ROBOT BIRTHDAY CARD,United Kingdom
569768,22107,PIZZA PLATE IN BOX,United Kingdom
569768,22109,FULL ENGLISH BREAKFAST PLATE,United Kingdom
569768,22197,POPCORN HOLDER,United Kingdom
569768,22568,FELTCRAFT CUSHION OWL,United Kingdom
569768,22569,FELTCRAFT CUSHION BUTTERFLY,United Kingdom
569768,22676,FRENCH BLUE METAL DOOR SIGN 1,United Kingdom
569768,22679,FRENCH BLUE METAL DOOR SIGN 4,United Kingdom
569768,23012,GLASS APOTHECARY BOTTLE PERFUME,United Kingdom
569768,82582,AREA PATROLLED METAL SIGN,United Kingdom
569768,84659A,WHITE TRAVEL ALARM CLOCK,United Kingdom
569768,85152,HAND OVER THE CHOCOLATE   SIGN,United Kingdom
569789,21194,PINK  HONEYCOMB PAPER FAN,United Kingdom
569789,21705,BAG 500g SWIRLY MARBLES,United Kingdom
569789,21889,WOODEN BOX OF DOMINOES,United Kingdom
569789,21914,BLUE HARMONICA IN BOX,United Kingdom
569789,21915,RED  HARMONICA IN BOX,United Kingdom
569789,21955,DOORMAT UNION JACK GUNS AND ROSES,United Kingdom
569789,22112,CHOCOLATE HOT WATER BOTTLE,United Kingdom
569789,22114,HOT WATER BOTTLE TEA AND SYMPATHY,United Kingdom
569789,22131,FOOD CONTAINER SET 3 LOVE HEART,United Kingdom
569789,22690,DOORMAT HOME SWEET HOME BLUE,United Kingdom
569789,22791,T-LIGHT GLASS FLUTED ANTIQUE,United Kingdom
569789,23283,DOORMAT VINTAGE LEAF,United Kingdom
569789,23294,SET OF 6 SNACK LOAF BAKING CASES,United Kingdom
569789,23295,SET OF 12 MINI LOAF BAKING CASES,United Kingdom
569789,23296,SET OF 6 TEA TIME BAKING CASES,United Kingdom
569789,23344,JUMBO BAG 50'S CHRISTMAS,United Kingdom
569789,23356,LOVE HOT WATER BOTTLE,United Kingdom
569789,35471D,SET OF 3 BIRD LIGHT PINK FEATHER,United Kingdom
569789,48116,DOORMAT MULTICOLOUR STRIPE,United Kingdom
569789,48129,DOORMAT TOPIARY,United Kingdom
569789,48173C,DOORMAT BLACK FLOCK,United Kingdom
569789,84030E,ENGLISH ROSE HOT WATER BOTTLE,United Kingdom
569789,84945,MULTI COLOUR SILVER T-LIGHT HOLDER,United Kingdom
569789,85032A,ROMANTIC IMAGES GIFT WRAP SET,United Kingdom
569914,20718,RED RETROSPOT SHOPPER BAG,United Kingdom
569914,22065,CHRISTMAS PUDDING TRINKET POT,United Kingdom
569914,23076,ICE CREAM SUNDAE LIP GLOSS,United Kingdom
569914,23419,HOME SWEET HOME BOTTLE,United Kingdom
569914,23493,VINTAGE DOILY TRAVEL SEWING KIT,United Kingdom
569914,84997B,CHILDRENS CUTLERY RETROSPOT RED,United Kingdom
569918,20749,ASSORTED COLOUR MINI CASES,United Kingdom
569918,21914,BLUE HARMONICA IN BOX,United Kingdom
569918,21915,RED  HARMONICA IN BOX,United Kingdom
569918,22530,MAGIC DRAWING SLATE DOLLY GIRL,United Kingdom
569918,22532,MAGIC DRAWING SLATE LEAP FROG,United Kingdom
569918,22697,GREEN REGENCY TEACUP AND SAUCER,United Kingdom
569918,22698,PINK REGENCY TEACUP AND SAUCER,United Kingdom
569918,22699,ROSES REGENCY TEACUP AND SAUCER,United Kingdom
569918,22737,RIBBON REEL CHRISTMAS PRESENT,United Kingdom
569918,22812,PACK 3 BOXES CHRISTMAS PANNETONE,United Kingdom
569918,84968C,SET OF 16 VINTAGE PISTACHIO CUTLERY,United Kingdom
569997,23245,SET OF 3 REGENCY CAKE TINS,Denmark
569997,23293,SET OF 12 FAIRY CAKE BAKING CASES,Denmark
569997,23295,SET OF 12 MINI LOAF BAKING CASES,Denmark
569997,23296,SET OF 6 TEA TIME BAKING CASES,Denmark
569997,37495,FAIRY CAKE BIRTHDAY CANDLE SET,Denmark
569997,POST,POSTAGE,Denmark
570027,16156S,WRAP PINK FAIRY CAKES,United Kingdom
570027,16161P,WRAP ENGLISH ROSE,United Kingdom
570027,20972,PINK CREAM FELT CRAFT TRINKET BOX,United Kingdom
570027,21174,POTTERING IN THE SHED METAL SIGN,United Kingdom
570027,21181,PLEASE ONE PERSON METAL SIGN,United Kingdom
570027,21485,RETROSPOT HEART HOT WATER BOTTLE,United Kingdom
570027,21497,FANCY FONTS BIRTHDAY WRAP,United Kingdom
570027,21668,RED STRIPE CERAMIC DRAWER KNOB,United Kingdom
570027,21669,BLUE STRIPE CERAMIC DRAWER KNOB,United Kingdom
570027,21670,BLUE SPOT CERAMIC DRAWER KNOB,United Kingdom
570027,21671,RED SPOT CERAMIC DRAWER KNOB,United Kingdom
570027,21673,WHITE SPOT BLUE CERAMIC DRAWER KNOB,United Kingdom
570027,22045,SPACEBOY GIFT WRAP,United Kingdom
570027,22086,PAPER CHAIN KIT 50'S CHRISTMAS,United Kingdom
570027,22112,CHOCOLATE HOT WATER BOTTLE,United Kingdom
570027,22149,FELTCRAFT 6 FLOWER FRIENDS,United Kingdom
570027,22193,RED DINER WALL CLOCK,United Kingdom
570027,22197,POPCORN HOLDER,United Kingdom
570027,22467,GUMBALL COAT RACK,United Kingdom
570027,22725,ALARM CLOCK BAKELIKE CHOCOLATE,United Kingdom
570027,22726,ALARM CLOCK BAKELIKE GREEN,United Kingdom
570027,22727,ALARM CLOCK BAKELIKE RED,United Kingdom
570027,22835,HOT WATER BOTTLE I AM SO POORLY,United Kingdom
570027,22909,SET OF 20 VINTAGE CHRISTMAS NAPKINS,United Kingdom
570027,22993,SET OF 4 PANTRY JELLY MOULDS,United Kingdom
570027,23025,DRAWER KNOB VINTAGE GLASS BALL,United Kingdom
570027,23034,DRAWER KNOB CERAMIC BLACK,United Kingdom
570027,23108,SET OF 10 LED DOLLY LIGHTS,United Kingdom
570027,23123,COCKTAIL SWORDS 50 PIECES,United Kingdom
570027,23232,WRAP VINTAGE LEAF DESIGN,United Kingdom
570027,23284,DOORMAT KEEP CALM AND COME IN,United Kingdom
570027,23344,JUMBO BAG 50'S CHRISTMAS,United Kingdom
570027,23401,RUSTIC MIRROR WITH LACE HEART,United Kingdom
570027,23526,WALL ART DOG LICENCE,United Kingdom
570027,23530,WALL ART ONLY ONE PERSON,United Kingdom
570027,23534,WALL ART STOP FOR TEA,United Kingdom
570027,23535,WALL ART BICYCLE SAFETY,United Kingdom
570027,23541,WALL ART CLASSIC PUDDINGS,United Kingdom
570027,47590A,BLUE HAPPY BIRTHDAY BUNTING,United Kingdom
570027,47590B,PINK HAPPY BIRTHDAY BUNTING,United Kingdom
570027,82582,AREA PATROLLED METAL SIGN,United Kingdom
570027,84596B,SMALL DOLLY MIX DESIGN ORANGE BOWL,United Kingdom
570027,85099B,JUMBO BAG RED RETROSPOT,United Kingdom
570082,16008,SMALL FOLDING SCISSOR(POINTED EDGE),Germany
570082,16045,POPART WOODEN PENCILS ASST,Germany
570082,21014,SWISS CHALET TREE DECORATION,Germany
570082,21015,DARK BIRD HOUSE TREE DECORATION,Germany
570082,21558,SKULL LUNCH BOX WITH CUTLERY,Germany
570082,21559,STRAWBERRY LUNCH BOX WITH CUTLERY,Germany
570082,22336,DOVE DECORATION PAINTED ZINC,Germany
570082,22352,LUNCH BOX WITH CUTLERY RETROSPOT,Germany
570082,22398,MAGNETS PACK OF 4 SWALLOWS,Germany
570082,22579,WOODEN TREE CHRISTMAS SCANDINAVIAN,Germany
570082,22608,PENS ASSORTED FUNKY JEWELED,Germany
570082,22610,PENS ASSORTED FUNNY FACE,Germany
570082,22993,SET OF 4 PANTRY JELLY MOULDS,Germany
570082,23379,PACK OF 12 RED APPLE TISSUES,Germany
570082,23388,WOODLAND MINI BACKPACK,Germany
570082,23389,SPACEBOY MINI BACKPACK,Germany
570082,23392,SPACEBOY ROCKET LOLLY MAKERS,Germany
570082,23483,HANGING  BUTTERFLY T-LIGHT HOLDER,Germany
570082,23540,WALL ART THE MAGIC FOREST,Germany
570082,23542,WALL ART 70'S ALPHABET,Germany
570082,23559,WOODLAND BUNNIES LOLLY MAKERS,Germany
570082,35964,FOLKART CLIP ON STARS,Germany
570082,90087,CRYSTAL SEA HORSE PHONE CHARM,Germany
570082,POST,POSTAGE,Germany
570092,21931,JUMBO STORAGE BAG SUKI,United Kingdom
570092,22207,FRYING PAN UNION FLAG,United Kingdom
570092,22386,JUMBO BAG PINK POLKADOT,United Kingdom
570092,22961,JAM MAKING SET PRINTED,United Kingdom
570092,85099B,JUMBO BAG RED RETROSPOT,United Kingdom
570092,85099F,JUMBO BAG STRAWBERRY,United Kingdom
570096,15056BL,EDWARDIAN PARASOL BLACK,United Kingdom
570096,20829,GLITTER HANGING BUTTERFLY STRING,United Kingdom
570096,21165,BEWARE OF THE CAT METAL SIGN,United Kingdom
570096,21166,COOK WITH WINE METAL SIGN,United Kingdom
570096,21207,SKULL AND CROSSBONES  GARLAND,United Kingdom
570096,21257,VICTORIAN SEWING BOX MEDIUM,United Kingdom
570096,21427,SKULLS STORAGE BOX SMALL,United Kingdom
570096,21470,FLOWER VINE RAFFIA FOOD COVER,United Kingdom
570096,21880,RED RETROSPOT TAPE,United Kingdom
570096,21882,SKULLS TAPE,United Kingdom
570096,22139,RETROSPOT TEA SET CERAMIC 11 PC,United Kingdom
570096,22227,HANGING HEART MIRROR DECORATION,United Kingdom
570096,22326,ROUND SNACK BOXES SET OF4 WOODLAND,United Kingdom
570096,22327,ROUND SNACK BOXES SET OF 4 SKULLS,United Kingdom
570096,22467,GUMBALL COAT RACK,United Kingdom
570096,22671,FRENCH LAUNDRY SIGN BLUE METAL,United Kingdom
570096,22676,FRENCH BLUE METAL DOOR SIGN 1,United Kingdom
570096,22685,FRENCH BLUE METAL DOOR SIGN 0,United Kingdom
570096,22686,FRENCH BLUE METAL DOOR SIGN No,United Kingdom
570096,22755,SMALL PURPLE BABUSHKA NOTEBOOK,United Kingdom
570096,23031,DRAWER KNOB CRACKLE GLAZE PINK,United Kingdom
570096,23168,CLASSIC CAFE SUGAR DISPENSER,United Kingdom
570096,23197,SKETCHBOOK MAGNETIC SHOPPING LIST,United Kingdom
570096,35924,HANGING FAIRY CAKE DECORATION,United Kingdom
570096,84347,ROTATING SILVER ANGELS T-LIGHT HLDR,United Kingdom
570096,84509A,SET OF 4 ENGLISH ROSE PLACEMATS,United Kingdom
570096,84510A,SET OF 4 ENGLISH ROSE COASTERS,United Kingdom
570096,84970L,SINGLE HEART ZINC T-LIGHT HOLDER,United Kingdom
570682,20725,LUNCH BAG RED RETROSPOT,United Kingdom
570682,20726,LUNCH BAG WOODLAND,United Kingdom
570682,20728,LUNCH BAG CARS BLUE,United Kingdom
570682,22086,PAPER CHAIN KIT 50'S CHRISTMAS,United Kingdom
570682,22141,CHRISTMAS CRAFT TREE TOP ANGEL,United Kingdom
570682,22142,CHRISTMAS CRAFT WHITE FAIRY,United Kingdom
570682,22144,CHRISTMAS CRAFT LITTLE FRIENDS,United Kingdom
570682,22382,LUNCH BAG SPACEBOY DESIGN,United Kingdom
570682,22383,LUNCH BAG SUKI DESIGN,United Kingdom
570682,22716,CARD CIRCUS PARADE,United Kingdom
570682,22734,SET OF 6 RIBBONS VINTAGE CHRISTMAS,United Kingdom
570682,22940,FELTCRAFT CHRISTMAS FAIRY,United Kingdom
570682,23207,LUNCH BAG ALPHABET DESIGN,United Kingdom
570682,23208,LUNCH BAG VINTAGE LEAF DESIGN,United Kingdom
570682,23209,LUNCH BAG VINTAGE DOILY,United Kingdom
570682,23313,VINTAGE CHRISTMAS BUNTING,United Kingdom
571046,10080,GROOVY CACTUS INFLATABLE,United Kingdom
571046,15034,PAPER POCKET TRAVELING FAN,United Kingdom
571046,15056P,EDWARDIAN PARASOL PINK,United Kingdom
571046,15056P,EDWARDIAN PARASOL PINK,United Kingdom
571046,16216,LETTER SHAPE PENCIL SHARPENER,United Kingdom
571046,16237,SLEEPING CAT ERASERS,United Kingdom
571046,17136A,BLUE STONES ON WIRE FOR CANDLE,United Kingdom
571046,17136A,BLUE STONES ON WIRE FOR CANDLE,United Kingdom
571046,20682,RED RETROSPOT CHILDRENS UMBRELLA,United Kingdom
571046,20984,12 PENCILS TALL TUBE POSY,United Kingdom
571046,20992,JAZZ HEARTS PURSE NOTEBOOK,United Kingdom
571046,20996,JAZZ HEARTS ADDRESS BOOK,United Kingdom
571046,21034,REX CASH+CARRY JUMBO SHOPPER,United Kingdom
571046,21098,CHRISTMAS TOILET ROLL,United Kingdom
571046,21098,CHRISTMAS TOILET ROLL,United Kingdom
571046,21367,MIRRORED WALL ART GENTS,United Kingdom
571046,21368,MIRRORED WALL ART LADIES,United Kingdom
571046,21591,COSY HOUR CIGAR BOX MATCHES,United Kingdom
571046,21622,VINTAGE UNION JACK CUSHION COVER,United Kingdom
571046,21703,BAG 125g SWIRLY MARBLES,United Kingdom
571046,21829,DINOSAUR KEYRINGS ASSORTED,United Kingdom
571046,21849,SILVER DIAMANTE PEN IN GIFT BOX,United Kingdom
571046,21850,BLUE  DIAMANTE PEN IN GIFT BOX,United Kingdom
571046,21851,LILAC DIAMANTE PEN IN GIFT BOX,United Kingdom
571046,21915,RED  HARMONICA IN BOX,United Kingdom
571046,21931,JUMBO STORAGE BAG SUKI,United Kingdom
571046,21948,SET OF 6 CAKE CHOPSTICKS,United Kingdom
571046,22086,PAPER CHAIN KIT 50'S CHRISTMAS,United Kingdom
571046,22091,EMPIRE TISSUE BOX,United Kingdom
571046,22158,3 HEARTS HANGING DECORATION RUSTIC,United Kingdom
571046,22189,CREAM HEART CARD HOLDER,United Kingdom
571046,22197,POPCORN HOLDER,United Kingdom
571046,22197,POPCORN HOLDER,United Kingdom
571046,22197,POPCORN HOLDER,United Kingdom
571046,22197,POPCORN HOLDER,United Kingdom
571046,22306,SILVER MUG BONE CHINA TREE OF LIFE,United Kingdom
571046,22403,MAGNETS PACK OF 4 VINTAGE LABELS,United Kingdom
571046,22403,MAGNETS PACK OF 4 VINTAGE LABELS,United Kingdom
571046,22470,HEART OF WICKER LARGE,United Kingdom
571046,22473,TV DINNER TRAY VINTAGE PAISLEY,United Kingdom
571046,22475,SKULL DESIGN TV DINNER TRAY,United Kingdom
571046,22475,SKULL DESIGN TV DINNER TRAY,United Kingdom
571046,22605,WOODEN CROQUET GARDEN SET,United Kingdom
571046,22607,WOODEN ROUNDERS GARDEN SET,United Kingdom
571046,22607,WOODEN ROUNDERS GARDEN SET,United Kingdom
571046,22608,PENS ASSORTED FUNKY JEWELED,United Kingdom
571046,22616,PACK OF 12 LONDON TISSUES,United Kingdom
571046,22623,BOX OF VINTAGE JIGSAW BLOCKS,United Kingdom
571046,22627,MINT KITCHEN SCALES,United Kingdom
571046,22629,SPACEBOY LUNCH BOX,United Kingdom
571046,22630,DOLLY GIRL LUNCH BOX,United Kingdom
571046,22735,RIBBON REEL SOCKS AND MITTENS,United Kingdom
571046,22736,RIBBON REEL MAKING SNOWMEN,United Kingdom
571046,22737,RIBBON REEL CHRISTMAS PRESENT,United Kingdom
571046,22970,LONDON BUS COFFEE MUG,United Kingdom
571046,22990,COTTON APRON PANTRY DESIGN,United Kingdom
571046,22990,COTTON APRON PANTRY DESIGN,United Kingdom
571046,22991,GIRAFFE WOODEN RULER,United Kingdom
571046,22991,GIRAFFE WOODEN RULER,United Kingdom
571046,22992,REVOLVER WOODEN RULER,United Kingdom
571046,23100,SILVER BELLS TABLE DECORATION,United Kingdom
571046,23132,SMALL IVORY HEART WALL ORGANISER,United Kingdom
571046,23133,LARGE IVORY HEART WALL ORGANISER,United Kingdom
571046,23202,JUMBO BAG VINTAGE LEAF,United Kingdom
571046,23203,JUMBO BAG VINTAGE DOILY,United Kingdom
571046,23294,SET OF 6 SNACK LOAF BAKING CASES,United Kingdom
571046,23294,SET OF 6 SNACK LOAF BAKING CASES,United Kingdom
571046,23295,SET OF 12 MINI LOAF BAKING CASES,United Kingdom
571046,23295,SET OF 12 MINI LOAF BAKING CASES,United Kingdom
571046,23313,VINTAGE CHRISTMAS BUNTING,United Kingdom
571046,23314,VINTAGE CHRISTMAS TABLECLOTH,United Kingdom
571046,23321,SMALL WHITE HEART OF WICKER,United Kingdom
571046,23322,LARGE WHITE HEART OF WICKER,United Kingdom
571046,23332,IVORY WICKER HEART LARGE,United Kingdom
571046,23333,IVORY WICKER HEART MEDIUM,United Kingdom
571046,23353,6 GIFT TAGS VINTAGE CHRISTMAS,United Kingdom
571046,23369,SET 36 COLOUR PENCILS LOVE LONDON,United Kingdom
571046,23388,WOODLAND MINI BACKPACK,United Kingdom
571046,23389,SPACEBOY MINI BACKPACK,United Kingdom
571046,23390,DOLLY GIRL MINI BACKPACK,United Kingdom
571046,23390,DOLLY GIRL MINI BACKPACK,United Kingdom
571046,23390,DOLLY GIRL MINI BACKPACK,United Kingdom
571046,23391,I LOVE LONDON MINI BACKPACK,United Kingdom
571046,23461,SWEETHEART BIRD HOUSE,United Kingdom
571046,23504,PLAYING CARDS JUBILEE UNION JACK,United Kingdom
571046,44235,ASSORTED COLOURED CIRCLE MOBILE,United Kingdom
571046,47503A,ASS FLORAL PRINT MULTI SCREWDRIVER,United Kingdom
571046,47503A,ASS FLORAL PRINT MULTI SCREWDRIVER,United Kingdom
571046,47503H,ASS FLORAL PRINT SPIRIT LEVEL,United Kingdom
571046,47503H,ASS FLORAL PRINT SPIRIT LEVEL,United Kingdom
571046,47504H,ENGLISH ROSE SPIRIT LEVEL,United Kingdom
571046,47504K,ENGLISH ROSE GARDEN SECATEURS,United Kingdom
571046,47591D,PINK FAIRY CAKE CHILDRENS APRON,United Kingdom
571046,51014A,"FEATHER PEN,HOT PINK",United Kingdom
571046,51014A,"FEATHER PEN,HOT PINK",United Kingdom
571046,51014C,"FEATHER PEN,COAL BLACK",United Kingdom
571046,51014L,"FEATHER PEN,LIGHT PINK",United Kingdom
571046,82616C,MIDNIGHT GLAMOUR SCARF KNITTING KIT,United Kingdom
571046,84012,MAGIC SHEEP WOOL GROWING FROM PAPER,United Kingdom
571046,84031A,CHARLIE+LOLA RED HOT WATER BOTTLE,United Kingdom
571046,84031B,CHARLIE LOLA BLUE HOT WATER BOTTLE,United Kingdom
571046,84032A,CHARLIE+LOLA PINK HOT WATER BOTTLE,United Kingdom
571046,84077,WORLD WAR 2 GLIDERS ASSTD DESIGNS,United Kingdom
571046,84559A,3D SHEET OF DOG STICKERS,United Kingdom
571046,84559B,3D SHEET OF CAT STICKERS,United Kingdom
571046,84827,ASS DES PHONE SPONGE CRAFT STICKER,United Kingdom
571046,84827,ASS DES PHONE SPONGE CRAFT STICKER,United Kingdom
571046,84827,ASS DES PHONE SPONGE CRAFT STICKER,United Kingdom
571046,85035A,GARDENIA 3 WICK MORRIS BOXED CANDLE,United Kingdom
571046,85035C,ROSE 3 WICK MORRIS BOX CANDLE,United Kingdom
571046,85035C,ROSE 3 WICK MORRIS BOX CANDLE,United Kingdom
571046,85150,LADIES & GENTLEMEN METAL SIGN,United Kingdom
571213,20723,STRAWBERRY CHARLOTTE BAG,United Kingdom
571213,20725,LUNCH BAG RED RETROSPOT,United Kingdom
571213,20726,LUNCH BAG WOODLAND,United Kingdom
571213,20727,LUNCH BAG  BLACK SKULL.,United Kingdom
571213,20728,LUNCH BAG CARS BLUE,United Kingdom
571213,22355,CHARLOTTE BAG SUKI DESIGN,United Kingdom
571213,22383,LUNCH BAG SUKI DESIGN,United Kingdom
571213,22384,LUNCH BAG PINK POLKADOT,United Kingdom
571213,22469,HEART OF WICKER SMALL,United Kingdom
571213,22470,HEART OF WICKER LARGE,United Kingdom
571213,23082,SET 6 PAPER TABLE LANTERN HEARTS,United Kingdom
571213,23206,LUNCH BAG APPLE DESIGN,United Kingdom
571213,23209,LUNCH BAG VINTAGE DOILY,United Kingdom
571213,23388,WOODLAND MINI BACKPACK,United Kingdom
571213,23431,NATURAL HANGING QUILTED HEARTS,United Kingdom
571213,23432,PRETTY HANGING QUILTED HEARTS,United Kingdom
571213,23433,HANGING QUILTED PATCHWORK APPLES,United Kingdom
571213,23530,WALL ART ONLY ONE PERSON,United Kingdom
571213,23531,WALL ART BIG LOVE,United Kingdom
571281,20750,RED RETROSPOT MINI CASES,United Kingdom
571281,20969,RED FLORAL FELTCRAFT SHOULDER BAG,United Kingdom
571281,20970,PINK FLORAL FELTCRAFT SHOULDER BAG,United Kingdom
571281,21109,LARGE CAKE TOWEL CHOCOLATE SPOTS,United Kingdom
571281,21110,LARGE CAKE TOWEL PINK SPOTS,United Kingdom
571281,21111,"SWISS ROLL TOWEL, CHOCOLATE  SPOTS",United Kingdom
571281,21112,SWISS ROLL TOWEL PINK  SPOTS,United Kingdom
571281,21258,VICTORIAN SEWING BOX LARGE,United Kingdom
571281,21259,VICTORIAN SEWING BOX SMALL,United Kingdom
571281,21317,GLASS SPHERE CANDLE STAND MEDIUM,United Kingdom
571281,21411,GINGHAM HEART  DOORSTOP RED,United Kingdom
571281,21481,FAWN BLUE HOT WATER BOTTLE,United Kingdom
571281,21484,CHICK GREY HOT WATER BOTTLE,United Kingdom
571281,21485,RETROSPOT HEART HOT WATER BOTTLE,United Kingdom
571281,21523,DOORMAT FANCY FONT HOME SWEET HOME,United Kingdom
571281,21625,VINTAGE UNION JACK APRON,United Kingdom
571281,21628,TRIANGULAR POUFFE VINTAGE,United Kingdom
571281,21629,SQUARE FLOOR CUSHION VINTAGE RED,United Kingdom
571281,21630,FLOOR CUSHION ELEPHANT CARNIVAL,United Kingdom
571281,21706,FOLDING UMBRELLA RED/WHITE POLKADOT,United Kingdom
571281,21708,FOLDING UMBRELLA CREAM POLKADOT,United Kingdom
571281,21709,FOLDING UMBRELLA CHOCOLATE POLKADOT,United Kingdom
571281,21710,FOLDING UMBRELLA PINKWHITE POLKADOT,United Kingdom
571281,21711,FOLDING UMBRELLA WHITE/RED POLKADOT,United Kingdom
571281,21812,GARLAND WITH HEARTS AND BELLS,United Kingdom
571281,21813,GARLAND WITH STARS AND BELLS,United Kingdom
571281,21955,DOORMAT UNION JACK GUNS AND ROSES,United Kingdom
571281,22086,PAPER CHAIN KIT 50'S CHRISTMAS,United Kingdom
571281,22106,MIRROR MOSAIC HURRICANE LAMP,United Kingdom
571281,22111,SCOTTIE DOG HOT WATER BOTTLE,United Kingdom
571281,22113,GREY HEART HOT WATER BOTTLE,United Kingdom
571281,22169,FAMILY ALBUM WHITE PICTURE FRAME,United Kingdom
571281,22179,SET 10 NIGHT OWL LIGHTS,United Kingdom
571281,22224,WHITE LOVEBIRD LANTERN,United Kingdom
571281,22423,REGENCY CAKESTAND 3 TIER,United Kingdom
571281,22442,GROW YOUR OWN FLOWERS SET OF 3,United Kingdom
571281,22468,BABUSHKA LIGHTS STRING OF 10,United Kingdom
571281,22473,TV DINNER TRAY VINTAGE PAISLEY,United Kingdom
571281,22475,SKULL DESIGN TV DINNER TRAY,United Kingdom
571281,22476,EMPIRE UNION JACK TV DINNER TRAY,United Kingdom
571281,22508,DOORSTOP RETROSPOT HEART,United Kingdom
571281,22512,DOORSTOP RACING CAR DESIGN,United Kingdom
571281,22568,FELTCRAFT CUSHION OWL,United Kingdom
571281,22569,FELTCRAFT CUSHION BUTTERFLY,United Kingdom
571281,22660,DOORMAT I LOVE LONDON,United Kingdom
571281,22761,CHEST 7 DRAWER MA CAMPAGNE,United Kingdom
571281,22762,CUPBOARD 3 DRAWER MA CAMPAGNE,United Kingdom
571281,22763,KEY CABINET MA CAMPAGNE,United Kingdom
571281,22767,TRIPLE PHOTO FRAME CORNICE,United Kingdom
571281,22796,PHOTO FRAME 3 CLASSIC HANGING,United Kingdom
571281,22797,CHEST OF DRAWERS GINGHAM HEART,United Kingdom
571281,22798,ANTIQUE GLASS DRESSING TABLE POT,United Kingdom
571281,22801,ANTIQUE GLASS PEDESTAL BOWL,United Kingdom
571281,22890,NOVELTY BISCUITS CAKE STAND 3 TIER,United Kingdom
571281,22910,PAPER CHAIN KIT VINTAGE CHRISTMAS,United Kingdom
571281,22940,FELTCRAFT CHRISTMAS FAIRY,United Kingdom
571281,22947,WOODEN ADVENT CALENDAR RED,United Kingdom
571281,22960,JAM MAKING SET WITH JARS,United Kingdom
571281,23073,GEORGIAN TRINKET BOX,United Kingdom
571281,23085,ANTIQUE SILVER BAUBLE LAMP,United Kingdom
571281,23099,FRENCH CARRIAGE LANTERN,United Kingdom
571281,23104,IVORY CAFE HANGING LAMP,United Kingdom
571281,23110,PARISIENNE KEY CABINET,United Kingdom
571281,23118,PARISIENNE JEWELLERY DRAWER,United Kingdom
571281,23126,FELTCRAFT GIRL AMELIE KIT,United Kingdom
571281,23128,FELTCRAFT BOY JEAN-PAUL KIT,United Kingdom
571281,23284,DOORMAT KEEP CALM AND COME IN,United Kingdom
571281,23311,VINTAGE CHRISTMAS STOCKING,United Kingdom
571281,23313,VINTAGE CHRISTMAS BUNTING,United Kingdom
571281,23356,LOVE HOT WATER BOTTLE,United Kingdom
571281,23397,FOOT STOOL HOME SWEET HOME,United Kingdom
571281,23401,RUSTIC MIRROR WITH LACE HEART,United Kingdom
571281,23405,HOME SWEET HOME 2 DRAWER CABINET,United Kingdom
571281,23406,HOME SWEET HOME KEY HOLDER,United Kingdom
571281,23407,SET OF 2 TRAYS HOME SWEET HOME,United Kingdom
571281,23409,PHOTO FRAME LINEN AND LACE LARGE,United Kingdom
571281,23410,CURIO CABINET LINEN AND LACE,United Kingdom
571281,35004B,SET OF 3 BLACK FLYING DUCKS,United Kingdom
571281,35004G,SET OF 3 GOLD FLYING DUCKS,United Kingdom
571281,47567B,TEA TIME KITCHEN APRON,United Kingdom
571281,48173C,DOORMAT BLACK FLOCK,United Kingdom
571281,48194,DOORMAT HEARTS,United Kingdom
571281,71053,WHITE METAL LANTERN,United Kingdom
571281,79302M,"ART LIGHTS,FUNK MONKEY",United Kingdom
571281,79321,CHILLI LIGHTS,United Kingdom
571281,82011B,BATHROOM SCALES RUBBER DUCKS,United Kingdom
571281,82011C,BATHROOM SCALES FOOTPRINTS IN SAND,United Kingdom
571281,84029E,RED WOOLLY HOTTIE WHITE HEART.,United Kingdom
571281,84030E,ENGLISH ROSE HOT WATER BOTTLE,United Kingdom
571281,84600,NEW BAROQUE JEWELLERY BOX,United Kingdom
571281,84609,TALL ROCOCO CANDLE HOLDER,United Kingdom
571281,84708B,PINK JEWELLED PHOTO FRAME,United Kingdom
571281,85014B,RED RETROSPOT UMBRELLA,United Kingdom
571281,85125,SMALL ROUND CUT GLASS CANDLESTICK,United Kingdom
571281,85163A,WHITE BAROQUE WALL CLOCK,United Kingdom
571281,85168B,BLACK BAROQUE CARRIAGE CLOCK,United Kingdom
571299,21928,JUMBO BAG SCANDINAVIAN BLUE PAISLEY,United Kingdom
571299,85099C,JUMBO  BAG BAROQUE BLACK WHITE,United Kingdom
571456,20718,RED RETROSPOT SHOPPER BAG,United Kingdom
571456,20725,LUNCH BAG RED RETROSPOT,United Kingdom
571456,20727,LUNCH BAG  BLACK SKULL.,United Kingdom
571456,20970,PINK FLORAL FELTCRAFT SHOULDER BAG,United Kingdom
571456,21172,PARTY METAL SIGN,United Kingdom
571456,22147,FELTCRAFT BUTTERFLY HEARTS,United Kingdom
571456,22271,FELTCRAFT DOLL ROSIE,United Kingdom
571456,22294,HEART FILIGREE DOVE  SMALL,United Kingdom
571456,22382,LUNCH BAG SPACEBOY DESIGN,United Kingdom
571456,22383,LUNCH BAG SUKI DESIGN,United Kingdom
571456,22616,PACK OF 12 LONDON TISSUES,United Kingdom
571456,22659,LUNCH BOX I LOVE LONDON,United Kingdom
571456,22713,CARD I LOVE LONDON,United Kingdom
571456,22726,ALARM CLOCK BAKELIKE GREEN,United Kingdom
571456,22727,ALARM CLOCK BAKELIKE RED,United Kingdom
571456,22728,ALARM CLOCK BAKELIKE PINK,United Kingdom
571456,22729,ALARM CLOCK BAKELIKE ORANGE,United Kingdom
571456,22729,ALARM CLOCK BAKELIKE ORANGE,United Kingdom
571456,22749,FELTCRAFT PRINCESS CHARLOTTE DOLL,United Kingdom
571456,22900,SET 2 TEA TOWELS I LOVE LONDON,United Kingdom
571456,22983,CARD BILLBOARD FONT,United Kingdom
571456,22998,TRAVEL CARD WALLET KEEP CALM,United Kingdom
571456,23002,TRAVEL CARD WALLET SKULLS,United Kingdom
571456,23146,TRIPLE HOOK ANTIQUE IVORY ROSE,United Kingdom
571456,23147,SINGLE ANTIQUE ROSE HOOK IVORY,United Kingdom
571456,23148,MINIATURE ANTIQUE ROSE HOOK IVORY,United Kingdom
571456,23199,JUMBO BAG APPLES,United Kingdom
571456,23199,JUMBO BAG APPLES,United Kingdom
571456,23200,JUMBO BAG PEARS,United Kingdom
571456,23203,JUMBO BAG VINTAGE DOILY,United Kingdom
571456,23206,LUNCH BAG APPLE DESIGN,United Kingdom
571456,23208,LUNCH BAG VINTAGE LEAF DESIGN,United Kingdom
571456,23209,LUNCH BAG VINTAGE DOILY,United Kingdom
571456,23238,SET OF 4 KNICK KNACK TINS LONDON,United Kingdom
571456,23239,SET OF 4 KNICK KNACK TINS POPPIES,United Kingdom
571456,23240,SET OF 4 KNICK KNACK TINS DOILY,United Kingdom
571456,23298,SPOTTY BUNTING,United Kingdom
571456,23347,I LOVE LONDON BEAKER,United Kingdom
571456,23369,SET 36 COLOUR PENCILS LOVE LONDON,United Kingdom
571456,23389,SPACEBOY MINI BACKPACK,United Kingdom
571456,23500,KEY RING BASEBALL BOOT ASSORTED,United Kingdom
571456,23501,KEY RING BASEBALL BOOT UNION JACK,United Kingdom
571456,82578,KITCHEN METAL SIGN,United Kingdom
571456,82580,BATHROOM METAL SIGN,United Kingdom
571456,82581,TOILET METAL SIGN,United Kingdom
571456,82582,AREA PATROLLED METAL SIGN,United Kingdom
571456,84375,SET OF 20 KIDS COOKIE CUTTERS,United Kingdom
571456,84378,SET OF 3 HEART COOKIE CUTTERS,United Kingdom
571456,84380,SET OF 3 BUTTERFLY COOKIE CUTTERS,United Kingdom
571456,84596G,SMALL CHOCOLATES PINK BOWL,United Kingdom
571456,84836,ZINC METAL HEART DECORATION,United Kingdom
571456,84879,ASSORTED COLOUR BIRD ORNAMENT,United Kingdom
571456,85183A,CHARLIE & LOLA WASTEPAPER BIN BLUE,United Kingdom
571486,16054,POPART RECT PENCIL SHARPENER ASST,United Kingdom
571486,16218,CARTOON  PENCIL SHARPENERS,United Kingdom
571486,16219,HOUSE SHAPE PENCIL SHARPENER,United Kingdom
571486,20972,PINK CREAM FELT CRAFT TRINKET BOX,United Kingdom
571486,21382,SET/4 SPRING FLOWER DECORATION,United Kingdom
571486,21523,DOORMAT FANCY FONT HOME SWEET HOME,United Kingdom
571486,21871,SAVE THE PLANET MUG,United Kingdom
571486,21876,POTTERING MUG,United Kingdom
571486,21985,PACK OF 12 HEARTS DESIGN TISSUES,United Kingdom
571486,22228,BUNNY WOODEN PAINTED WITH BIRD,United Kingdom
571486,22231,JIGSAW TREE WITH BIRDHOUSE,United Kingdom
571486,22456,NATURAL SLATE CHALKBOARD LARGE,United Kingdom
571486,22457,NATURAL SLATE HEART CHALKBOARD,United Kingdom
571486,22614,PACK OF 12 SPACEBOY TISSUES,United Kingdom
571486,22727,ALARM CLOCK BAKELIKE RED,United Kingdom
571486,22776,SWEETHEART 3 TIER CAKE STAND,United Kingdom
571486,23207,LUNCH BAG ALPHABET DESIGN,United Kingdom
571486,23283,DOORMAT VINTAGE LEAF,United Kingdom
571486,23284,DOORMAT KEEP CALM AND COME IN,United Kingdom
571486,23301,GARDENERS KNEELING PAD KEEP CALM,United Kingdom
571486,23381,PACK OF 12 VINTAGE LEAF TISSUES,United Kingdom
571486,23549,WRAP BIRD GARDEN,United Kingdom
571486,23550,WRAP ALPHABET POSTER,United Kingdom
571486,23551,PACK OF 12 PAISLEY PARK TISSUES,United Kingdom
571486,48187,DOORMAT NEW ENGLAND,United Kingdom
571486,84976,RECTANGULAR SHAPED MIRROR,United Kingdom
571486,85014B,RED RETROSPOT UMBRELLA,United Kingdom
571549,21625,VINTAGE UNION JACK APRON,United Kingdom
571549,21810,CHRISTMAS HANGING STAR WITH BELL,United Kingdom
571549,21811,HANGING HEART WITH BELL,United Kingdom
571549,21888,BINGO SET,United Kingdom
571549,22086,PAPER CHAIN KIT 50'S CHRISTMAS,United Kingdom
571549,22138,BAKING SET 9 PIECE RETROSPOT,United Kingdom
571549,22577,WOODEN HEART CHRISTMAS SCANDINAVIAN,United Kingdom
571549,22617,BAKING SET SPACEBOY DESIGN,United Kingdom
571549,22969,HOMEMADE JAM SCENTED CANDLES,United Kingdom
571549,23203,JUMBO BAG VINTAGE DOILY,United Kingdom
571549,23313,VINTAGE CHRISTMAS BUNTING,United Kingdom
571549,23494,VINTAGE DOILY DELUXE SEWING KIT,United Kingdom
571549,23503,PLAYING CARDS KEEP CALM & CARRY ON,United Kingdom
571549,47566,PARTY BUNTING,United Kingdom
571549,48138,DOORMAT UNION FLAG,United Kingdom
571549,72818,CHRISTMAS DECOUPAGE CANDLE,United Kingdom
571916,20975,12 PENCILS SMALL TUBE RED RETROSPOT,United Kingdom
572104,22114,HOT WATER BOTTLE TEA AND SYMPATHY,United Kingdom
572104,23284,DOORMAT KEEP CALM AND COME IN,United Kingdom
572104,23355,HOT WATER BOTTLE KEEP CALM,United Kingdom
572104,23393,HOME SWEET HOME CUSHION COVER,United Kingdom
572104,23397,FOOT STOOL HOME SWEET HOME,United Kingdom
572104,23462,ROCOCO WALL MIROR,United Kingdom
572104,23485,BOTANICAL GARDENS WALL CLOCK,United Kingdom
572104,23543,KEEP CALM WALL ART,United Kingdom
572196,21908,CHOCOLATE THIS WAY METAL SIGN,United Kingdom
572196,22188,BLACK HEART CARD HOLDER,United Kingdom
572196,22189,CREAM HEART CARD HOLDER,United Kingdom
572196,22469,HEART OF WICKER SMALL,United Kingdom
572196,23132,SMALL IVORY HEART WALL ORGANISER,United Kingdom
572196,23133,LARGE IVORY HEART WALL ORGANISER,United Kingdom
572196,23400,SHELF WITH 4 HOOKS HOME SWEET HOME,United Kingdom
572196,23525,WALL ART BUFFALO BILL,United Kingdom
572196,23529,WALL ART DOLLY GIRL,United Kingdom
572196,23530,WALL ART ONLY ONE PERSON,United Kingdom
572196,23531,WALL ART BIG LOVE,United Kingdom
572196,23541,WALL ART CLASSIC PUDDINGS,United Kingdom
572196,82482,WOODEN PICTURE FRAME WHITE FINISH,United Kingdom
572196,82484,WOOD BLACK BOARD ANT WHITE FINISH,United Kingdom
572196,82583,HOT BATHS METAL SIGN,United Kingdom
572196,85152,HAND OVER THE CHOCOLATE   SIGN,United Kingdom
572221,22315,200 RED + WHITE BENDY STRAWS,United Kingdom
572221,22720,SET OF 3 CAKE TINS PANTRY DESIGN,United Kingdom
572221,23164,REGENCY CAKE SLICE,United Kingdom
572221,23167,SMALL CERAMIC TOP STORAGE JAR,United Kingdom
572221,23170,REGENCY TEA PLATE ROSES,United Kingdom
572221,23171,REGENCY TEA PLATE GREEN,United Kingdom
572221,23172,REGENCY TEA PLATE PINK,United Kingdom
572221,23202,JUMBO BAG VINTAGE LEAF,United Kingdom
572221,23245,SET OF 3 REGENCY CAKE TINS,United Kingdom
572221,23307,SET OF 60 PANTRY DESIGN CAKE CASES,United Kingdom
572221,23328,SET 6 SCHOOL MILK BOTTLES IN CRATE,United Kingdom
572221,85099B,JUMBO BAG RED RETROSPOT,United Kingdom
572222,22616,PACK OF 12 LONDON TISSUES,United Kingdom
572272,21745,GAOLERS KEYS DECORATIVE GARDEN,United Kingdom
572272,22082,RIBBON REEL STRIPES DESIGN,United Kingdom
572272,22469,HEART OF WICKER SMALL,United Kingdom
572272,22577,WOODEN HEART CHRISTMAS SCANDINAVIAN,United Kingdom
572272,22578,WOODEN STAR CHRISTMAS SCANDINAVIAN,United Kingdom
572272,22579,WOODEN TREE CHRISTMAS SCANDINAVIAN,United Kingdom
572272,22624,IVORY KITCHEN SCALES,United Kingdom
572272,23263,SET OF 3 WOODEN HEART DECORATIONS,United Kingdom
572272,23265,SET OF 3 WOODEN TREE DECORATIONS,United Kingdom
572272,23266,SET OF 3 WOODEN STOCKING DECORATION,United Kingdom
572272,23330,DECORATIVE WICKER HEART MEDIUM,United Kingdom
572272,23485,BOTANICAL GARDENS WALL CLOCK,United Kingdom
572272,82486,3 DRAWER ANTIQUE WHITE WOOD CABINET,United Kingdom
572568,21877,HOME SWEET HOME MUG,United Kingdom
572568,22424,ENAMEL BREAD BIN CREAM,United Kingdom
572568,22666,RECIPE BOX PANTRY YELLOW DESIGN,United Kingdom
572568,22722,SET OF 6 SPICE TINS PANTRY DESIGN,United Kingdom
572568,22993,SET OF 4 PANTRY JELLY MOULDS,United Kingdom
572568,23212,HEART WREATH DECORATION WITH BELL,United Kingdom
572568,23214,JINGLE BELL HEART ANTIQUE GOLD,United Kingdom
572568,23243,SET OF TEA COFFEE SUGAR TINS PANTRY,United Kingdom
572568,23298,SPOTTY BUNTING,United Kingdom
572568,23404,HOME SWEET HOME BLACKBOARD,United Kingdom
572568,23405,HOME SWEET HOME 2 DRAWER CABINET,United Kingdom
572568,23581,JUMBO BAG PAISLEY PARK,United Kingdom
572568,47566,PARTY BUNTING,United Kingdom
572568,84879,ASSORTED COLOUR BIRD ORNAMENT,United Kingdom
572568,85099C,JUMBO  BAG BAROQUE BLACK WHITE,United Kingdom
572874,20972,PINK CREAM FELT CRAFT TRINKET BOX,United Kingdom
572874,21479,WHITE SKULL HOT WATER BOTTLE,United Kingdom
572874,22112,CHOCOLATE HOT WATER BOTTLE,United Kingdom
572874,22727,ALARM CLOCK BAKELIKE RED,United Kingdom
572874,22739,RIBBON REEL CHRISTMAS SOCK BAUBLE,United Kingdom
572874,22745,POPPY'S PLAYHOUSE BEDROOM,United Kingdom
572874,22747,POPPY'S PLAYHOUSE BATHROOM,United Kingdom
572874,22748,POPPY'S PLAYHOUSE KITCHEN,United Kingdom
572874,23295,SET OF 12 MINI LOAF BAKING CASES,United Kingdom
572925,20914,SET/5 RED RETROSPOT LID GLASS BOWLS,France
572925,21481,FAWN BLUE HOT WATER BOTTLE,France
572925,21485,RETROSPOT HEART HOT WATER BOTTLE,France
572925,21539,RED RETROSPOT BUTTER DISH,France
572925,22153,ANGEL DECORATION STARS ON DRESS,France
572925,22625,RED KITCHEN SCALES,France
572925,23212,HEART WREATH DECORATION WITH BELL,France
572925,23213,STAR WREATH DECORATION WITH BELL,France
572925,23231,WRAP  VINTAGE DOILY,France
572925,23328,SET 6 SCHOOL MILK BOTTLES IN CRATE,France
572925,23479,WIRE EGG BASKET,France
572925,23485,BOTANICAL GARDENS WALL CLOCK,France
572925,23511,EMBROIDERED RIBBON REEL EMILY,France
572925,23512,EMBROIDERED RIBBON REEL ROSIE,France
572969,20750,RED RETROSPOT MINI CASES,United Kingdom
572969,20983,12 PENCILS TALL TUBE RED RETROSPOT,United Kingdom
572969,21014,SWISS CHALET TREE DECORATION,United Kingdom
572969,21055,TOOL BOX SOFT TOY,United Kingdom
572969,21108,FAIRY CAKE FLANNEL ASSORTED COLOUR,United Kingdom
572969,21400,RED PUDDING SPOON,United Kingdom
572969,21494,ROTATING LEAVES T-LIGHT HOLDER,United Kingdom
572969,21535,RED RETROSPOT SMALL MILK JUG,United Kingdom
572969,21591,COSY HOUR CIGAR BOX MATCHES,United Kingdom
572969,21616,4 PEAR BOTANICAL DINNER CANDLES,United Kingdom
572969,21618,4 WILDFLOWER BOTANICAL CANDLES,United Kingdom
572969,21619,4 VANILLA BOTANICAL CANDLES,United Kingdom
572969,22091,EMPIRE TISSUE BOX,United Kingdom
572969,22132,RED LOVE HEART SHAPE CUP,United Kingdom
572969,22300,COFFEE MUG DOG + BALL DESIGN,United Kingdom
572969,22301,COFFEE MUG CAT + BIRD DESIGN,United Kingdom
572969,22303,COFFEE MUG APPLES DESIGN,United Kingdom
572969,22307,GOLD MUG BONE CHINA TREE OF LIFE,United Kingdom
572969,22577,WOODEN HEART CHRISTMAS SCANDINAVIAN,United Kingdom
572969,22578,WOODEN STAR CHRISTMAS SCANDINAVIAN,United Kingdom
572969,22595,GINGHAM HEART DECORATION,United Kingdom
572969,22666,RECIPE BOX PANTRY YELLOW DESIGN,United Kingdom
572969,22698,PINK REGENCY TEACUP AND SAUCER,United Kingdom
572969,22699,ROSES REGENCY TEACUP AND SAUCER,United Kingdom
572969,22734,SET OF 6 RIBBONS VINTAGE CHRISTMAS,United Kingdom
572969,22835,HOT WATER BOTTLE I AM SO POORLY,United Kingdom
572969,22892,SET OF SALT AND PEPPER TOADSTOOLS,United Kingdom
572969,22898,CHILDRENS APRON APPLES DESIGN,United Kingdom
572969,22908,PACK OF 20 NAPKINS RED APPLES,United Kingdom
572969,22970,LONDON BUS COFFEE MUG,United Kingdom
572969,23189,SET OF 12 FORK CANDLES,United Kingdom
572969,23355,HOT WATER BOTTLE KEEP CALM,United Kingdom
572969,23367,SET 12 COLOUR PENCILS SPACEBOY,United Kingdom
572969,23368,SET 12 COLOUR PENCILS DOLLY GIRL,United Kingdom
572969,23493,VINTAGE DOILY TRAVEL SEWING KIT,United Kingdom
572969,23494,VINTAGE DOILY DELUXE SEWING KIT,United Kingdom
572969,84347,ROTATING SILVER ANGELS T-LIGHT HLDR,United Kingdom
572969,85176,SEWING SUSAN 21 NEEDLE SET,United Kingdom
572969,C2,CARRIAGE,United Kingdom
573001,21892,TRADITIONAL WOODEN CATCH CUP GAME,United Kingdom
573001,22138,BAKING SET 9 PIECE RETROSPOT,United Kingdom
573001,22144,CHRISTMAS CRAFT LITTLE FRIENDS,United Kingdom
573001,22496,SET OF 2 ROUND TINS DUTCH CHEESE,United Kingdom
573001,22585,PACK OF 6 BIRDY GIFT TAGS,United Kingdom
573001,22595,GINGHAM HEART DECORATION,United Kingdom
573001,22945,CHRISTMAS METAL TAGS ASSORTED,United Kingdom
573001,22996,TRAVEL CARD WALLET VINTAGE TICKET,United Kingdom
573001,23176,ABC TREASURE BOOK BOX,United Kingdom
573001,23301,GARDENERS KNEELING PAD KEEP CALM,United Kingdom
573001,23521,WALL ART CAT AND BIRD,United Kingdom
573001,23522,WALL ART DOG AND BALL,United Kingdom
573001,23534,WALL ART STOP FOR TEA,United Kingdom
573001,23536,WALL ART VILLAGE SHOW,United Kingdom
573001,72760B,VINTAGE CREAM 3 BASKET CAKE STAND,United Kingdom
573001,82482,WOODEN PICTURE FRAME WHITE FINISH,United Kingdom
573001,82494L,WOODEN FRAME ANTIQUE WHITE,United Kingdom
573001,85078,SCANDINAVIAN 3 HEARTS NAPKIN RING,United Kingdom
573002,20712,JUMBO BAG WOODLAND ANIMALS,Netherlands
573002,20719,WOODLAND CHARLOTTE BAG,Netherlands
573002,20728,LUNCH BAG CARS BLUE,Netherlands
573002,21559,STRAWBERRY LUNCH BOX WITH CUTLERY,Netherlands
573002,21561,DINOSAUR LUNCH BOX WITH CUTLERY,Netherlands
573002,22142,CHRISTMAS CRAFT WHITE FAIRY,Netherlands
573002,22144,CHRISTMAS CRAFT LITTLE FRIENDS,Netherlands
573002,22196,SMALL HEART MEASURING SPOONS,Netherlands
573002,22352,LUNCH BOX WITH CUTLERY RETROSPOT,Netherlands
573002,22467,GUMBALL COAT RACK,Netherlands
573002,22543,MINI JIGSAW BAKE A CAKE,Netherlands
573002,22545,MINI JIGSAW BUNNIES,Netherlands
573002,22558,CLOTHES PEGS RETROSPOT PACK 24,Netherlands
573002,22629,SPACEBOY LUNCH BOX,Netherlands
573002,22630,DOLLY GIRL LUNCH BOX,Netherlands
573002,22667,RECIPE BOX RETROSPOT,Netherlands
573002,22940,FELTCRAFT CHRISTMAS FAIRY,Netherlands
573002,23240,SET OF 4 KNICK KNACK TINS DOILY,Netherlands
573002,23344,JUMBO BAG 50'S CHRISTMAS,Netherlands
573002,23346,SPACEBOY BEAKER,Netherlands
573002,23382,BOX OF 6 CHRISTMAS CAKE DECORATIONS,Netherlands
573002,23480,MINI LIGHTS WOODLAND MUSHROOMS,Netherlands
573002,35970,ZINC FOLKART SLEIGH BELLS,Netherlands
573002,85017B,ENVELOPE 50 BLOSSOM IMAGES,Netherlands
573002,85178,VICTORIAN SEWING KIT,Netherlands
573007,21704,BAG 250g SWIRLY MARBLES,United Kingdom
573007,21791,VINTAGE HEADS AND TAILS CARD GAME,United Kingdom
573007,21915,RED  HARMONICA IN BOX,United Kingdom
573007,22061,LARGE CAKE STAND  HANGING STRAWBERY,United Kingdom
573007,22063,CERAMIC BOWL WITH STRAWBERRY DESIGN,United Kingdom
573007,22191,IVORY DINER WALL CLOCK,United Kingdom
573007,22192,BLUE DINER WALL CLOCK,United Kingdom
573007,22619,SET OF 6 SOLDIER SKITTLES,United Kingdom
573007,22621,TRADITIONAL KNITTING NANCY,United Kingdom
573007,22726,ALARM CLOCK BAKELIKE GREEN,United Kingdom
573007,22728,ALARM CLOCK BAKELIKE PINK,United Kingdom
573007,22840,ROUND CAKE TIN VINTAGE RED,United Kingdom
573007,22890,NOVELTY BISCUITS CAKE STAND 3 TIER,United Kingdom
573007,22941,CHRISTMAS LIGHTS 10 REINDEER,United Kingdom
573007,23084,RABBIT NIGHT LIGHT,United Kingdom
573007,23322,LARGE WHITE HEART OF WICKER,United Kingdom
573007,23323,WHITE WICKER STAR,United Kingdom
573007,23341,PINK DINER WALL CLOCK,United Kingdom
573007,23342,MINT DINER WALL CLOCK,United Kingdom
573007,37449,CERAMIC CAKE STAND + HANGING CAKES,United Kingdom
573269,20682,RED RETROSPOT CHILDRENS UMBRELLA,United Kingdom
573269,20717,STRAWBERRY SHOPPER BAG,United Kingdom
573269,20718,RED RETROSPOT SHOPPER BAG,United Kingdom
573269,20725,LUNCH BAG RED RETROSPOT,United Kingdom
573269,20726,LUNCH BAG WOODLAND,United Kingdom
573269,20728,LUNCH BAG CARS BLUE,United Kingdom
573269,20914,SET/5 RED RETROSPOT LID GLASS BOWLS,United Kingdom
573269,21733,RED HANGING HEART T-LIGHT HOLDER,United Kingdom
573269,21899,GARAGE KEY FOB,United Kingdom
573269,21901,"KEY FOB , BACK DOOR",United Kingdom
573269,21914,BLUE HARMONICA IN BOX,United Kingdom
573269,21915,RED  HARMONICA IN BOX,United Kingdom
573269,21931,JUMBO STORAGE BAG SUKI,United Kingdom
573269,22119,PEACE WOODEN BLOCK LETTERS,United Kingdom
573269,22121,NOEL WOODEN BLOCK LETTERS,United Kingdom
573269,22138,BAKING SET 9 PIECE RETROSPOT,United Kingdom
573269,22139,RETROSPOT TEA SET CERAMIC 11 PC,United Kingdom
573269,22380,TOY TIDY SPACEBOY,United Kingdom
573269,22382,LUNCH BAG SPACEBOY DESIGN,United Kingdom
573269,22383,LUNCH BAG SUKI DESIGN,United Kingdom
573269,22577,WOODEN HEART CHRISTMAS SCANDINAVIAN,United Kingdom
573269,22578,WOODEN STAR CHRISTMAS SCANDINAVIAN,United Kingdom
573269,22579,WOODEN TREE CHRISTMAS SCANDINAVIAN,United Kingdom
573269,22581,WOOD STOCKING CHRISTMAS SCANDISPOT,United Kingdom
573269,22593,CHRISTMAS GINGHAM STAR,United Kingdom
573269,22594,CHRISTMAS GINGHAM TREE,United Kingdom
573269,22595,GINGHAM HEART DECORATION,United Kingdom
573269,22600,CHRISTMAS RETROSPOT STAR WOOD,United Kingdom
573269,22601,CHRISTMAS RETROSPOT ANGEL WOOD,United Kingdom
573269,22602,RETROSPOT WOODEN HEART DECORATION,United Kingdom
573269,22603,CHRISTMAS RETROSPOT TREE WOOD,United Kingdom
573269,22617,BAKING SET SPACEBOY DESIGN,United Kingdom
573269,22621,TRADITIONAL KNITTING NANCY,United Kingdom
573269,22629,SPACEBOY LUNCH BOX,United Kingdom
573269,22630,DOLLY GIRL LUNCH BOX,United Kingdom
573269,22634,CHILDS BREAKFAST SET SPACEBOY,United Kingdom
573269,22635,CHILDS BREAKFAST SET DOLLY GIRL,United Kingdom
573269,22662,LUNCH BAG DOLLY GIRL DESIGN,United Kingdom
573269,22689,DOORMAT MERRY CHRISTMAS RED,United Kingdom
573269,22899,CHILDREN'S APRON DOLLY GIRL,United Kingdom
573269,23210,WHITE ROCKING HORSE HAND PAINTED,United Kingdom
573269,23211,RED ROCKING HORSE HAND PAINTED,United Kingdom
573269,23212,HEART WREATH DECORATION WITH BELL,United Kingdom
573269,23212,HEART WREATH DECORATION WITH BELL,United Kingdom
573269,23213,STAR WREATH DECORATION WITH BELL,United Kingdom
573269,23321,SMALL WHITE HEART OF WICKER,United Kingdom
573269,23322,LARGE WHITE HEART OF WICKER,United Kingdom
573269,23343,JUMBO BAG VINTAGE CHRISTMAS,United Kingdom
573269,23344,JUMBO BAG 50'S CHRISTMAS,United Kingdom
573269,23345,DOLLY GIRL BEAKER,United Kingdom
573269,23346,SPACEBOY BEAKER,United Kingdom
573269,23389,SPACEBOY MINI BACKPACK,United Kingdom
573269,23390,DOLLY GIRL MINI BACKPACK,United Kingdom
573269,23581,JUMBO BAG PAISLEY PARK,United Kingdom
573269,35970,ZINC FOLKART SLEIGH BELLS,United Kingdom
573269,47504K,ENGLISH ROSE GARDEN SECATEURS,United Kingdom
573269,48173C,DOORMAT BLACK FLOCK,United Kingdom
573269,82494L,WOODEN FRAME ANTIQUE WHITE,United Kingdom
573269,84347,ROTATING SILVER ANGELS T-LIGHT HLDR,United Kingdom
573269,85014A,BLACK/BLUE POLKADOT UMBRELLA,United Kingdom
573269,85014B,RED RETROSPOT UMBRELLA,United Kingdom
573269,85099B,JUMBO BAG RED RETROSPOT,United Kingdom
573323,21380,WOODEN HAPPY BIRTHDAY GARLAND,United Kingdom
573323,21754,HOME BUILDING BLOCK WORD,United Kingdom
573323,21756,BATH BUILDING BLOCK WORD,United Kingdom
573323,21916,SET 12 RETRO WHITE CHALK STICKS,United Kingdom
573323,22096,PINK PAISLEY SQUARE TISSUE BOX,United Kingdom
573323,22173,METAL 4 HOOK HANGER FRENCH CHATEAU,United Kingdom
573323,22188,BLACK HEART CARD HOLDER,United Kingdom
573323,22189,CREAM HEART CARD HOLDER,United Kingdom
573323,22192,BLUE DINER WALL CLOCK,United Kingdom
573323,22193,RED DINER WALL CLOCK,United Kingdom
573323,22296,HEART IVORY TRELLIS LARGE,United Kingdom
573323,22297,HEART IVORY TRELLIS SMALL,United Kingdom
573323,22423,REGENCY CAKESTAND 3 TIER,United Kingdom
573323,22456,NATURAL SLATE CHALKBOARD LARGE,United Kingdom
573323,22469,HEART OF WICKER SMALL,United Kingdom
573323,22624,IVORY KITCHEN SCALES,United Kingdom
573323,22625,RED KITCHEN SCALES,United Kingdom
573323,22626,BLACK KITCHEN SCALES,United Kingdom
573323,22694,WICKER STAR,United Kingdom
573323,22720,SET OF 3 CAKE TINS PANTRY DESIGN,United Kingdom
573323,22725,ALARM CLOCK BAKELIKE CHOCOLATE,United Kingdom
573323,22726,ALARM CLOCK BAKELIKE GREEN,United Kingdom
573323,22727,ALARM CLOCK BAKELIKE RED,United Kingdom
573323,22728,ALARM CLOCK BAKELIKE PINK,United Kingdom
573323,23026,DRAWER KNOB VINTAGE GLASS STAR,United Kingdom
573323,23114,VINTAGE LEAF CHOPPING BOARD,United Kingdom
573323,23115,RED APPLES CHOPPING BOARD,United Kingdom
573323,23116,VEGETABLE GARDEN CHOPPING BOARD,United Kingdom
573323,23196,VINTAGE LEAF MAGNETIC NOTEPAD,United Kingdom
573323,23197,SKETCHBOOK MAGNETIC SHOPPING LIST,United Kingdom
573323,23245,SET OF 3 REGENCY CAKE TINS,United Kingdom
573323,23307,SET OF 60 PANTRY DESIGN CAKE CASES,United Kingdom
573323,23308,SET OF 60 VINTAGE LEAF CAKE CASES,United Kingdom
573323,23321,SMALL WHITE HEART OF WICKER,United Kingdom
573323,23329,DECORATIVE WICKER HEART LARGE,United Kingdom
573323,23332,IVORY WICKER HEART LARGE,United Kingdom
573323,23341,PINK DINER WALL CLOCK,United Kingdom
573323,23342,MINT DINER WALL CLOCK,United Kingdom
573323,23521,WALL ART CAT AND BIRD,United Kingdom
573323,23522,WALL ART DOG AND BALL,United Kingdom
573323,23532,WALL ART WORK REST AND PLAY,United Kingdom
573323,23534,WALL ART STOP FOR TEA,United Kingdom
573323,23536,WALL ART VILLAGE SHOW,United Kingdom
573323,23540,WALL ART THE MAGIC FOREST,United Kingdom
573323,23541,WALL ART CLASSIC PUDDINGS,United Kingdom
573323,23542,WALL ART 70'S ALPHABET,United Kingdom
573323,82482,WOODEN PICTURE FRAME WHITE FINISH,United Kingdom
573323,82484,WOOD BLACK BOARD ANT WHITE FINISH,United Kingdom
573323,82486,3 DRAWER ANTIQUE WHITE WOOD CABINET,United Kingdom
573323,82486,3 DRAWER ANTIQUE WHITE WOOD CABINET,United Kingdom
573323,82494L,WOODEN FRAME ANTIQUE WHITE,United Kingdom
573323,84406B,CREAM CUPID HEARTS COAT HANGER,United Kingdom
573323,85123A,WHITE HANGING HEART T-LIGHT HOLDER,United Kingdom
573349,23201,JUMBO BAG ALPHABET,United Kingdom
573349,23206,LUNCH BAG APPLE DESIGN,United Kingdom
573349,23207,LUNCH BAG ALPHABET DESIGN,United Kingdom
573349,23389,SPACEBOY MINI BACKPACK,United Kingdom
573349,23390,DOLLY GIRL MINI BACKPACK,United Kingdom
573349,23391,I LOVE LONDON MINI BACKPACK,United Kingdom
573349,84879,ASSORTED COLOUR BIRD ORNAMENT,United Kingdom
573510,16207A,PINK STRAWBERRY HANDBAG,United Kingdom
573510,20961,STRAWBERRY BATH SPONGE,United Kingdom
573510,20963,APPLE BATH SPONGE,United Kingdom
573510,21841,BABY MOUSE RED GINGHAM DRESS,United Kingdom
573510,22024,RAINY LADIES BIRTHDAY CARD,United Kingdom
573510,22025,RING OF ROSES BIRTHDAY CARD,United Kingdom
573510,22025,RING OF ROSES BIRTHDAY CARD,United Kingdom
573510,22027,TEA PARTY BIRTHDAY CARD,United Kingdom
573510,22199,FRYING PAN RED RETROSPOT,United Kingdom
573510,22203,MILK PAN RED RETROSPOT,United Kingdom
573510,22333,RETROSPOT PARTY BAG + STICKER SET,United Kingdom
573510,22629,SPACEBOY LUNCH BOX,United Kingdom
573510,22630,DOLLY GIRL LUNCH BOX,United Kingdom
573510,22630,DOLLY GIRL LUNCH BOX,United Kingdom
573510,22736,RIBBON REEL MAKING SNOWMEN,United Kingdom
573510,22738,RIBBON REEL SNOWY VILLAGE,United Kingdom
573510,22816,CARD MOTORBIKE SANTA,United Kingdom
573510,22907,PACK OF 20 NAPKINS PANTRY DESIGN,United Kingdom
573510,22940,FELTCRAFT CHRISTMAS FAIRY,United Kingdom
573510,22946,WOODEN ADVENT CALENDAR CREAM,United Kingdom
573510,23078,ICE CREAM PEN LIP GLOSS,United Kingdom
573510,23084,RABBIT NIGHT LIGHT,United Kingdom
573510,23349,ROLL WRAP VINTAGE CHRISTMAS,United Kingdom
573510,23352,ROLL WRAP 50'S RED CHRISTMAS,United Kingdom
573510,23445,ICE CREAM BUBBLES,United Kingdom
573510,23523,WALL ART TREASURE AHOY,United Kingdom
573510,23527,WALL ART ANIMALS AND NATURE,United Kingdom
573548,16169E,WRAP 50'S  CHRISTMAS,United Kingdom
573548,16169M,WRAP DAISY CARPET,United Kingdom
573548,20674,GREEN POLKADOT BOWL,United Kingdom
573548,20675,BLUE POLKADOT BOWL,United Kingdom
573548,20676,RED RETROSPOT BOWL,United Kingdom
573548,20677,PINK POLKADOT BOWL,United Kingdom
573548,21165,BEWARE OF THE CAT METAL SIGN,United Kingdom
573548,21166,COOK WITH WINE METAL SIGN,United Kingdom
573548,21174,POTTERING IN THE SHED METAL SIGN,United Kingdom
573548,21175,GIN + TONIC DIET METAL SIGN,United Kingdom
573548,21411,GINGHAM HEART  DOORSTOP RED,United Kingdom
573548,21485,RETROSPOT HEART HOT WATER BOTTLE,United Kingdom
573548,21498,RED RETROSPOT WRAP,United Kingdom
573548,21500,PINK POLKADOT WRAP,United Kingdom
573548,22050,PINK PAISLEY ROSE GIFT WRAP,United Kingdom
573548,22112,CHOCOLATE HOT WATER BOTTLE,United Kingdom
573548,22114,HOT WATER BOTTLE TEA AND SYMPATHY,United Kingdom
573548,22151,PLACE SETTING WHITE HEART,United Kingdom
573548,22217,T-LIGHT HOLDER HANGING LACE,United Kingdom
573548,22412,METAL SIGN NEIGHBOURHOOD WITCH,United Kingdom
573548,22469,HEART OF WICKER SMALL,United Kingdom
573548,22470,HEART OF WICKER LARGE,United Kingdom
573548,22508,DOORSTOP RETROSPOT HEART,United Kingdom
573548,22577,WOODEN HEART CHRISTMAS SCANDINAVIAN,United Kingdom
573548,22578,WOODEN STAR CHRISTMAS SCANDINAVIAN,United Kingdom
573548,22579,WOODEN TREE CHRISTMAS SCANDINAVIAN,United Kingdom
573548,22694,WICKER STAR,United Kingdom
573548,23101,SILVER STARS TABLE DECORATION,United Kingdom
573548,23102,SILVER HEARTS TABLE DECORATION,United Kingdom
573548,23109,PACK OF SIX LED TEA LIGHTS,United Kingdom
573548,23144,ZINC T-LIGHT HOLDER STARS SMALL,United Kingdom
573548,23145,ZINC T-LIGHT HOLDER STAR LARGE,United Kingdom
573548,23182,TOILET SIGN OCCUPIED OR VACANT,United Kingdom
573548,23264,SET OF 3 WOODEN SLEIGH DECORATIONS,United Kingdom
573548,23265,SET OF 3 WOODEN TREE DECORATIONS,United Kingdom
573548,23266,SET OF 3 WOODEN STOCKING DECORATION,United Kingdom
573548,23272,TREE T-LIGHT HOLDER WILLIE WINKIE,United Kingdom
573548,23273,HEART T-LIGHT HOLDER WILLIE WINKIE,United Kingdom
573548,23274,STAR T-LIGHT HOLDER WILLIE WINKIE,United Kingdom
573548,23284,DOORMAT KEEP CALM AND COME IN,United Kingdom
573548,23322,LARGE WHITE HEART OF WICKER,United Kingdom
573548,23323,WHITE WICKER STAR,United Kingdom
573548,23329,DECORATIVE WICKER HEART LARGE,United Kingdom
573548,23330,DECORATIVE WICKER HEART MEDIUM,United Kingdom
573548,23355,HOT WATER BOTTLE KEEP CALM,United Kingdom
573548,23357,HOT WATER BOTTLE SEX BOMB,United Kingdom
573548,23358,HOT STUFF HOT WATER BOTTLE,United Kingdom
573548,23426,METAL SIGN DROP YOUR PANTS,United Kingdom
573548,23460,SWEETHEART WALL TIDY,United Kingdom
573548,82482,WOODEN PICTURE FRAME WHITE FINISH,United Kingdom
573548,82494L,WOODEN FRAME ANTIQUE WHITE,United Kingdom
573548,82583,HOT BATHS METAL SIGN,United Kingdom
573548,84029E,RED WOOLLY HOTTIE WHITE HEART.,United Kingdom
573548,84596F,SMALL MARSHMALLOWS PINK BOWL,United Kingdom
573548,84596G,SMALL CHOCOLATES PINK BOWL,United Kingdom
573548,84836,ZINC METAL HEART DECORATION,United Kingdom
573548,84970L,SINGLE HEART ZINC T-LIGHT HOLDER,United Kingdom
573548,84970S,HANGING HEART ZINC T-LIGHT HOLDER,United Kingdom
573548,84978,HANGING HEART JAR T-LIGHT HOLDER,United Kingdom
573548,85123A,WHITE HANGING HEART T-LIGHT HOLDER,United Kingdom
573548,85150,LADIES & GENTLEMEN METAL SIGN,United Kingdom
573548,85150,LADIES & GENTLEMEN METAL SIGN,United Kingdom
573552,21479,WHITE SKULL HOT WATER BOTTLE,United Kingdom
573552,21497,FANCY FONTS BIRTHDAY WRAP,United Kingdom
573552,22419,LIPSTICK PEN RED,United Kingdom
573552,22421,LIPSTICK PEN FUSCHIA,United Kingdom
573552,22596,CHRISTMAS STAR WISH LIST CHALKBOARD,United Kingdom
573552,22621,TRADITIONAL KNITTING NANCY,United Kingdom
573552,22632,HAND WARMER RED RETROSPOT,United Kingdom
573552,22704,WRAP RED APPLES,United Kingdom
573552,22711,WRAP CIRCUS PARADE,United Kingdom
573552,22835,HOT WATER BOTTLE I AM SO POORLY,United Kingdom
573552,22867,HAND WARMER BIRD DESIGN,United Kingdom
573552,22959,WRAP CHRISTMAS VILLAGE,United Kingdom
573552,23083,SET 6 PAPER TABLE LANTERN STARS,United Kingdom
573552,23129,HEART SHAPED HOLLY WREATH,United Kingdom
573552,23130,MISTLETOE HEART WREATH GREEN,United Kingdom
573552,23210,WHITE ROCKING HORSE HAND PAINTED,United Kingdom
573552,23213,STAR WREATH DECORATION WITH BELL,United Kingdom
573552,23232,WRAP VINTAGE LEAF DESIGN,United Kingdom
573552,23233,WRAP POPPIES  DESIGN,United Kingdom
573552,23234,BISCUIT TIN VINTAGE CHRISTMAS,United Kingdom
573552,23241,TREASURE TIN GYMKHANA DESIGN,United Kingdom
573552,23271,CHRISTMAS TABLE SILVER CANDLE SPIKE,United Kingdom
573552,23439,HAND WARMER RED LOVE HEART,United Kingdom
573552,84029E,RED WOOLLY HOTTIE WHITE HEART.,United Kingdom
573552,84347,ROTATING SILVER ANGELS T-LIGHT HLDR,United Kingdom
573582,21890,S/6 WOODEN SKITTLES IN COTTON BAG,United Kingdom
573582,21891,TRADITIONAL WOODEN SKIPPING ROPE,United Kingdom
573582,21892,TRADITIONAL WOODEN CATCH CUP GAME,United Kingdom
573582,22086,PAPER CHAIN KIT 50'S CHRISTMAS,United Kingdom
573582,22111,SCOTTIE DOG HOT WATER BOTTLE,United Kingdom
573582,22113,GREY HEART HOT WATER BOTTLE,United Kingdom
573582,22138,BAKING SET 9 PIECE RETROSPOT,United Kingdom
573582,22139,RETROSPOT TEA SET CERAMIC 11 PC,United Kingdom
573582,22178,VICTORIAN GLASS HANGING T-LIGHT,United Kingdom
573582,22456,NATURAL SLATE CHALKBOARD LARGE,United Kingdom
573582,22457,NATURAL SLATE HEART CHALKBOARD,United Kingdom
573582,22580,ADVENT CALENDAR GINGHAM SACK,United Kingdom
573582,22596,CHRISTMAS STAR WISH LIST CHALKBOARD,United Kingdom
573582,22768,FAMILY PHOTO FRAME CORNICE,United Kingdom
573582,22910,PAPER CHAIN KIT VINTAGE CHRISTMAS,United Kingdom
573582,23082,SET 6 PAPER TABLE LANTERN HEARTS,United Kingdom
573582,23096,PETIT TRAY CHIC,United Kingdom
573582,23168,CLASSIC CAFE SUGAR DISPENSER,United Kingdom
573582,23271,CHRISTMAS TABLE SILVER CANDLE SPIKE,United Kingdom
573582,23311,VINTAGE CHRISTMAS STOCKING,United Kingdom
573582,23312,VINTAGE CHRISTMAS GIFT SACK,United Kingdom
573582,23313,VINTAGE CHRISTMAS BUNTING,United Kingdom
573582,23403,LETTER HOLDER HOME SWEET HOME,United Kingdom
573582,23460,SWEETHEART WALL TIDY,United Kingdom
573582,23462,ROCOCO WALL MIRROR WHITE,United Kingdom
573582,23479,WIRE EGG BASKET,United Kingdom
573582,23483,HANGING  BUTTERFLY T-LIGHT HOLDER,United Kingdom
573582,35970,ZINC FOLKART SLEIGH BELLS,United Kingdom
573582,71477,COLOUR GLASS. STAR T-LIGHT HOLDER,United Kingdom
573582,82482,WOODEN PICTURE FRAME WHITE FINISH,United Kingdom
573582,84755,COLOUR GLASS T-LIGHT HOLDER HANGING,United Kingdom
573582,85062,PEARL CRYSTAL PUMPKIN T-LIGHT HLDR,United Kingdom
573582,85066,CREAM SWEETHEART MINI CHEST,United Kingdom
573918,21733,RED HANGING HEART T-LIGHT HOLDER,United Kingdom
573918,22158,3 HEARTS HANGING DECORATION RUSTIC,United Kingdom
573918,22189,CREAM HEART CARD HOLDER,United Kingdom
573918,22667,RECIPE BOX RETROSPOT,United Kingdom
573918,22771,CLEAR DRAWER KNOB ACRYLIC EDWARDIAN,United Kingdom
573918,22794,SWEETHEART WIRE MAGAZINE RACK,United Kingdom
573918,22804,PINK HANGING HEART T-LIGHT HOLDER,United Kingdom
573918,22946,WOODEN ADVENT CALENDAR CREAM,United Kingdom
573918,23096,PETIT TRAY CHIC,United Kingdom
573918,23196,VINTAGE LEAF MAGNETIC NOTEPAD,United Kingdom
573918,23197,SKETCHBOOK MAGNETIC SHOPPING LIST,United Kingdom
573918,23198,PANTRY MAGNETIC  SHOPPING LIST,United Kingdom
573918,23348,CHILDRENS TOY COOKING UTENSIL SET,United Kingdom
573918,23452,HEART MINI PORTRAIT FRAME,United Kingdom
573918,23453,OVAL  MINI PORTRAIT FRAME,United Kingdom
573918,85123A,WHITE HANGING HEART T-LIGHT HOLDER,United Kingdom
573982,21787,RAIN PONCHO RETROSPOT,United Kingdom
573994,22155,STAR DECORATION RUSTIC,United Kingdom
573994,22161,HEART DECORATION RUSTIC HANGING,United Kingdom
573994,22597,MUSICAL ZINC HEART DECORATION,United Kingdom
573994,22598,CHRISTMAS MUSICAL ZINC TREE,United Kingdom
573994,22599,CHRISTMAS MUSICAL ZINC STAR,United Kingdom
573994,23574,PACKING CHARGE,United Kingdom
574025,16045,POPART WOODEN PENCILS ASST,United Kingdom
574025,16218,CARTOON  PENCIL SHARPENERS,United Kingdom
574025,16236,KITTY PENCIL ERASERS,United Kingdom
574025,20832,RED FLOCK LOVE HEART PHOTO FRAME,United Kingdom
574025,20986,BLUE CALCULATOR RULER,United Kingdom
574025,21108,FAIRY CAKE FLANNEL ASSORTED COLOUR,United Kingdom
574025,21159,MOODY BOY  DOOR HANGER,United Kingdom
574025,21162,TOXIC AREA  DOOR HANGER,United Kingdom
574025,21212,PACK OF 72 RETROSPOT CAKE CASES,United Kingdom
574025,21213,PACK OF 72 SKULL CAKE CASES,United Kingdom
574025,21327,SKULLS WRITING SET,United Kingdom
574025,21479,WHITE SKULL HOT WATER BOTTLE,United Kingdom
574025,22197,POPCORN HOLDER,United Kingdom
574025,22332,SKULLS PARTY BAG + STICKER SET,United Kingdom
574025,22554,PLASTERS IN TIN WOODLAND ANIMALS,United Kingdom
574025,22608,PENS ASSORTED FUNKY JEWELED,United Kingdom
574025,22609,PENS ASSORTED SPACEBALL,United Kingdom
574025,22609,PENS ASSORTED SPACEBALL,United Kingdom
574025,22610,PENS ASSORTED FUNNY FACE,United Kingdom
574025,22610,PENS ASSORTED FUNNY FACE,United Kingdom
574025,22741,FUNKY DIVA PEN,United Kingdom
574025,22928,YELLOW GIANT GARDEN THERMOMETER,United Kingdom
574025,22951,60 CAKE CASES DOLLY GIRL DESIGN,United Kingdom
574025,23133,LARGE IVORY HEART WALL ORGANISER,United Kingdom
574025,23300,GARDENERS KNEELING PAD CUP OF TEA,United Kingdom
574025,23301,GARDENERS KNEELING PAD KEEP CALM,United Kingdom
574025,23301,GARDENERS KNEELING PAD KEEP CALM,United Kingdom
574025,23355,HOT WATER BOTTLE KEEP CALM,United Kingdom
574025,84077,WORLD WAR 2 GLIDERS ASSTD DESIGNS,United Kingdom
574025,84876B,GREEN HEART COMPACT MIRROR,United Kingdom
574025,84991,60 TEATIME FAIRY CAKE CASES,United Kingdom
574025,84992,72 SWEETHEART FAIRY CAKE CASES,United Kingdom
574046,20749,ASSORTED COLOUR MINI CASES,United Kingdom
574046,20749,ASSORTED COLOUR MINI CASES,United Kingdom
574046,21212,PACK OF 72 RETROSPOT CAKE CASES,United Kingdom
574046,21892,TRADITIONAL WOODEN CATCH CUP GAME,United Kingdom
574046,21977,PACK OF 60 PINK PAISLEY CAKE CASES,United Kingdom
574046,21977,PACK OF 60 PINK PAISLEY CAKE CASES,United Kingdom
574046,22080,RIBBON REEL POLKADOTS,United Kingdom
574046,22114,HOT WATER BOTTLE TEA AND SYMPATHY,United Kingdom
574046,22170,PICTURE FRAME WOOD TRIPLE PORTRAIT,United Kingdom
574046,22171,3 HOOK PHOTO SHELF ANTIQUE WHITE,United Kingdom
574046,22507,MEMO BOARD RETROSPOT  DESIGN,United Kingdom
574046,22620,4 TRADITIONAL SPINNING TOPS,United Kingdom
574046,22795,SWEETHEART RECIPE BOOK STAND,United Kingdom
574046,22835,HOT WATER BOTTLE I AM SO POORLY,United Kingdom
574046,22993,SET OF 4 PANTRY JELLY MOULDS,United Kingdom
574046,23103,JINGLE BELL HEART DECORATION,United Kingdom
574046,23263,SET OF 3 WOODEN HEART DECORATIONS,United Kingdom
574046,23264,SET OF 3 WOODEN SLEIGH DECORATIONS,United Kingdom
574046,23275,SET OF 3 HANGING OWLS OLLIE BEAK,United Kingdom
574046,23321,SMALL WHITE HEART OF WICKER,United Kingdom
574046,23356,LOVE HOT WATER BOTTLE,United Kingdom
574046,23461,SWEETHEART BIRD HOUSE,United Kingdom
574046,23479,WIRE EGG BASKET,United Kingdom
574046,35970,ZINC FOLKART SLEIGH BELLS,United Kingdom
574046,48194,DOORMAT HEARTS,United Kingdom
574046,82482,WOODEN PICTURE FRAME WHITE FINISH,United Kingdom
574046,82484,WOOD BLACK BOARD ANT WHITE FINISH,United Kingdom
574046,82494L,WOODEN FRAME ANTIQUE WHITE,United Kingdom
574046,82494L,WOODEN FRAME ANTIQUE WHITE,United Kingdom
574046,84536A,ENGLISH ROSE NOTEBOOK A7 SIZE,United Kingdom
574046,84536A,ENGLISH ROSE NOTEBOOK A7 SIZE,United Kingdom
574053,20981,12 PENCILS TALL TUBE WOODLAND,United Kingdom
574053,20982,12 PENCILS TALL TUBE SKULLS,United Kingdom
574053,21108,FAIRY CAKE FLANNEL ASSORTED COLOUR,United Kingdom
574053,21174,POTTERING IN THE SHED METAL SIGN,United Kingdom
574053,21889,WOODEN BOX OF DOMINOES,United Kingdom
574053,21975,PACK OF 60 DINOSAUR CAKE CASES,United Kingdom
574053,21976,PACK OF 60 MUSHROOM CAKE CASES,United Kingdom
574053,22077,6 RIBBONS RUSTIC CHARM,United Kingdom
574053,22187,GREEN CHRISTMAS TREE CARD HOLDER,United Kingdom
574053,22572,ROCKING HORSE GREEN CHRISTMAS,United Kingdom
574053,22595,GINGHAM HEART DECORATION,United Kingdom
574053,22766,PHOTO FRAME CORNICE,United Kingdom
574053,22867,HAND WARMER BIRD DESIGN,United Kingdom
574053,22916,HERB MARKER THYME,United Kingdom
574053,22917,HERB MARKER ROSEMARY,United Kingdom
574053,22918,HERB MARKER PARSLEY,United Kingdom
574053,22919,HERB MARKER MINT,United Kingdom
574053,22920,HERB MARKER BASIL,United Kingdom
574053,22921,HERB MARKER CHIVES,United Kingdom
574053,22961,JAM MAKING SET PRINTED,United Kingdom
574053,23096,PETIT TRAY CHIC,United Kingdom
574053,23192,BUNDLE OF 3 ALPHABET EXERCISE BOOKS,United Kingdom
574053,23199,JUMBO BAG APPLES,United Kingdom
574053,23200,JUMBO BAG PEARS,United Kingdom
574053,23201,JUMBO BAG ALPHABET,United Kingdom
574053,23203,JUMBO BAG VINTAGE DOILY,United Kingdom
574053,23214,JINGLE BELL HEART ANTIQUE GOLD,United Kingdom
574053,23215,JINGLE BELL HEART ANTIQUE SILVER,United Kingdom
574053,23237,SET OF 4 KNICK KNACK TINS LEAF,United Kingdom
574053,23240,SET OF 4 KNICK KNACK TINS DOILY,United Kingdom
574053,23269,SET OF 2 CERAMIC CHRISTMAS TREES,United Kingdom
574053,23330,DECORATIVE WICKER HEART MEDIUM,United Kingdom
574053,23343,JUMBO BAG VINTAGE CHRISTMAS,United Kingdom
574053,23344,JUMBO BAG 50'S CHRISTMAS,United Kingdom
574053,23382,BOX OF 6 CHRISTMAS CAKE DECORATIONS,United Kingdom
574053,23461,SWEETHEART BIRD HOUSE,United Kingdom
574053,23503,PLAYING CARDS KEEP CALM & CARRY ON,United Kingdom
574053,35970,ZINC FOLKART SLEIGH BELLS,United Kingdom
574053,82552,WASHROOM METAL SIGN,United Kingdom
574053,84077,WORLD WAR 2 GLIDERS ASSTD DESIGNS,United Kingdom
574053,85066,CREAM SWEETHEART MINI CHEST,United Kingdom
574053,85199S,SMALL HANGING IVORY/RED WOOD BIRD,United Kingdom
574285,21166,COOK WITH WINE METAL SIGN,United Kingdom
574285,21175,GIN + TONIC DIET METAL SIGN,United Kingdom
574285,21733,RED HANGING HEART T-LIGHT HOLDER,United Kingdom
574285,82551,LAUNDRY 15C METAL SIGN,United Kingdom
574285,82552,WASHROOM METAL SIGN,United Kingdom
574285,85123A,WHITE HANGING HEART T-LIGHT HOLDER,United Kingdom
574393,20728,LUNCH BAG CARS BLUE,United Kingdom
574393,21891,TRADITIONAL WOODEN SKIPPING ROPE,United Kingdom
574393,22382,LUNCH BAG SPACEBOY DESIGN,United Kingdom
574393,22419,LIPSTICK PEN RED,United Kingdom
574393,22751,FELTCRAFT PRINCESS OLIVIA DOLL,United Kingdom
574393,22809,SET OF 6 T-LIGHTS SANTA,United Kingdom
574393,23103,JINGLE BELL HEART DECORATION,United Kingdom
574393,23202,JUMBO BAG VINTAGE LEAF,United Kingdom
574393,23203,JUMBO BAG VINTAGE DOILY,United Kingdom
574393,23222,CHRISTMAS TREE HANGING GOLD,United Kingdom
574393,23256,CHILDRENS CUTLERY SPACEBOY,United Kingdom
574393,23301,GARDENERS KNEELING PAD KEEP CALM,United Kingdom
574393,23350,ROLL WRAP VINTAGE SPOT,United Kingdom
574393,23582,VINTAGE DOILY JUMBO BAG RED,United Kingdom
574393,84997D,CHILDRENS CUTLERY POLKADOT PINK,United Kingdom
574393,85099B,JUMBO BAG RED RETROSPOT,United Kingdom
574393,85123A,WHITE HANGING HEART T-LIGHT HOLDER,United Kingdom
574687,23581,JUMBO BAG PAISLEY PARK,United Kingdom
574687,23582,VINTAGE DOILY JUMBO BAG RED,United Kingdom
574687,23583,LUNCH BAG PAISLEY PARK,United Kingdom
574732,20969,RED FLORAL FELTCRAFT SHOULDER BAG,United Kingdom
574732,20972,PINK CREAM FELT CRAFT TRINKET BOX,United Kingdom
574732,20981,12 PENCILS TALL TUBE WOODLAND,United Kingdom
574732,21136,PAINTED METAL PEARS ASSORTED,United Kingdom
574732,21481,FAWN BLUE HOT WATER BOTTLE,United Kingdom
574732,21754,HOME BUILDING BLOCK WORD,United Kingdom
574732,21755,LOVE BUILDING BLOCK WORD,United Kingdom
574732,21756,BATH BUILDING BLOCK WORD,United Kingdom
574732,21790,VINTAGE SNAP CARDS,United Kingdom
574732,21791,VINTAGE HEADS AND TAILS CARD GAME,United Kingdom
574732,21889,WOODEN BOX OF DOMINOES,United Kingdom
574732,21891,TRADITIONAL WOODEN SKIPPING ROPE,United Kingdom
574732,21892,TRADITIONAL WOODEN CATCH CUP GAME,United Kingdom
574732,21914,BLUE HARMONICA IN BOX,United Kingdom
574732,21915,RED  HARMONICA IN BOX,United Kingdom
574732,22120,WELCOME  WOODEN BLOCK LETTERS,United Kingdom
574732,22138,BAKING SET 9 PIECE RETROSPOT,United Kingdom
574732,22141,CHRISTMAS CRAFT TREE TOP ANGEL,United Kingdom
574732,22367,CHILDRENS APRON SPACEBOY DESIGN,United Kingdom
574732,22549,PICTURE DOMINOES,United Kingdom
574732,22568,FELTCRAFT CUSHION OWL,United Kingdom
574732,22617,BAKING SET SPACEBOY DESIGN,United Kingdom
574732,22620,4 TRADITIONAL SPINNING TOPS,United Kingdom
574732,22621,TRADITIONAL KNITTING NANCY,United Kingdom
574732,22622,BOX OF VINTAGE ALPHABET BLOCKS,United Kingdom
574732,22623,BOX OF VINTAGE JIGSAW BLOCKS,United Kingdom
574732,22624,IVORY KITCHEN SCALES,United Kingdom
574732,22633,HAND WARMER UNION JACK,United Kingdom
574732,22767,TRIPLE PHOTO FRAME CORNICE,United Kingdom
574732,22768,FAMILY PHOTO FRAME CORNICE,United Kingdom
574732,22838,3 TIER CAKE TIN RED AND CREAM,United Kingdom
574732,22840,ROUND CAKE TIN VINTAGE RED,United Kingdom
574732,22842,BISCUIT TIN VINTAGE RED,United Kingdom
574732,22865,HAND WARMER OWL DESIGN,United Kingdom
574732,22899,CHILDREN'S APRON DOLLY GIRL,United Kingdom
574732,23076,ICE CREAM SUNDAE LIP GLOSS,United Kingdom
574732,23077,DOUGHNUT LIP GLOSS,United Kingdom
574732,23092,LARGE ANTIQUE WHITE PHOTO FRAME,United Kingdom
574732,23101,SILVER STARS TABLE DECORATION,United Kingdom
574732,23293,SET OF 12 FAIRY CAKE BAKING CASES,United Kingdom
574732,23294,SET OF 6 SNACK LOAF BAKING CASES,United Kingdom
574732,23296,SET OF 6 TEA TIME BAKING CASES,United Kingdom
574732,23310,BUBBLEGUM RING ASSORTED,United Kingdom
574732,23424,GINGHAM RECIPE BOOK BOX,United Kingdom
574732,23493,VINTAGE DOILY TRAVEL SEWING KIT,United Kingdom
574732,84077,WORLD WAR 2 GLIDERS ASSTD DESIGNS,United Kingdom
574732,84879,ASSORTED COLOUR BIRD ORNAMENT,United Kingdom
575078,21164,HOME SWEET HOME METAL SIGN,United Kingdom
575078,21216,"SET 3 RETROSPOT TEA,COFFEE,SUGAR",United Kingdom
575078,21906,PHARMACIE FIRST AID TIN,United Kingdom
575078,22411,JUMBO SHOPPER VINTAGE RED PAISLEY,United Kingdom
575078,22909,SET OF 20 VINTAGE CHRISTMAS NAPKINS,United Kingdom
575078,22961,JAM MAKING SET PRINTED,United Kingdom
575078,23243,SET OF TEA COFFEE SUGAR TINS PANTRY,United Kingdom
575078,23318,BOX OF 6 MINI VINTAGE CRACKERS,United Kingdom
575078,23343,JUMBO BAG VINTAGE CHRISTMAS,United Kingdom
575078,23344,JUMBO BAG 50'S CHRISTMAS,United Kingdom
575078,23494,VINTAGE DOILY DELUXE SEWING KIT,United Kingdom
575078,23502,PLAYING CARDS VINTAGE DOILY,United Kingdom
575078,23503,PLAYING CARDS KEEP CALM & CARRY ON,United Kingdom
575078,23581,JUMBO BAG PAISLEY PARK,United Kingdom
575078,23582,VINTAGE DOILY JUMBO BAG RED,United Kingdom
575078,23583,LUNCH BAG PAISLEY PARK,United Kingdom
575078,85099B,JUMBO BAG RED RETROSPOT,United Kingdom
575166,22197,POPCORN HOLDER,United Kingdom
575166,22577,WOODEN HEART CHRISTMAS SCANDINAVIAN,United Kingdom
575166,22578,WOODEN STAR CHRISTMAS SCANDINAVIAN,United Kingdom
575166,22579,WOODEN TREE CHRISTMAS SCANDINAVIAN,United Kingdom
575166,23084,RABBIT NIGHT LIGHT,United Kingdom
575166,23293,SET OF 12 FAIRY CAKE BAKING CASES,United Kingdom
575166,85099B,JUMBO BAG RED RETROSPOT,United Kingdom
575300,21175,GIN + TONIC DIET METAL SIGN,United Kingdom
575300,21231,SWEETHEART CERAMIC TRINKET BOX,United Kingdom
575300,22061,LARGE CAKE STAND  HANGING STRAWBERY,United Kingdom
575300,22549,PICTURE DOMINOES,United Kingdom
575300,22621,TRADITIONAL KNITTING NANCY,United Kingdom
575300,22633,HAND WARMER UNION JACK,United Kingdom
575300,22649,STRAWBERRY FAIRY CAKE TEAPOT,United Kingdom
575300,22722,SET OF 6 SPICE TINS PANTRY DESIGN,United Kingdom
575300,23076,ICE CREAM SUNDAE LIP GLOSS,United Kingdom
575300,47566,PARTY BUNTING,United Kingdom
575300,84077,WORLD WAR 2 GLIDERS ASSTD DESIGNS,United Kingdom
575415,23313,VINTAGE CHRISTMAS BUNTING,United Kingdom
575484,20685,DOORMAT RED RETROSPOT,United Kingdom
575484,21843,RED RETROSPOT CAKE STAND,United Kingdom
575484,22065,CHRISTMAS PUDDING TRINKET POT,United Kingdom
575484,22312,OFFICE MUG WARMER POLKADOT,United Kingdom
575484,22423,REGENCY CAKESTAND 3 TIER,United Kingdom
575484,22558,CLOTHES PEGS RETROSPOT PACK 24,United Kingdom
575484,22596,CHRISTMAS STAR WISH LIST CHALKBOARD,United Kingdom
575484,22600,CHRISTMAS RETROSPOT STAR WOOD,United Kingdom
575484,22601,CHRISTMAS RETROSPOT ANGEL WOOD,United Kingdom
575484,22637,PIGGY BANK RETROSPOT,United Kingdom
575484,22697,GREEN REGENCY TEACUP AND SAUCER,United Kingdom
575484,22698,PINK REGENCY TEACUP AND SAUCER,United Kingdom
575484,22699,ROSES REGENCY TEACUP AND SAUCER,United Kingdom
575484,22720,SET OF 3 CAKE TINS PANTRY DESIGN,United Kingdom
575484,22722,SET OF 6 SPICE TINS PANTRY DESIGN,United Kingdom
575484,23084,RABBIT NIGHT LIGHT,United Kingdom
575484,23170,REGENCY TEA PLATE ROSES,United Kingdom
575484,23171,REGENCY TEA PLATE GREEN,United Kingdom
575484,23172,REGENCY TEA PLATE PINK,United Kingdom
575484,23173,REGENCY TEAPOT ROSES,United Kingdom
575484,23245,SET OF 3 REGENCY CAKE TINS,United Kingdom
575484,23284,DOORMAT KEEP CALM AND COME IN,United Kingdom
575484,48111,DOORMAT 3 SMILEY CATS,United Kingdom
575484,48185,DOORMAT FAIRY CAKE,United Kingdom
575484,82483,WOOD 2 DRAWER CABINET WHITE FINISH,United Kingdom
575484,82486,3 DRAWER ANTIQUE WHITE WOOD CABINET,United Kingdom
575485,21108,FAIRY CAKE FLANNEL ASSORTED COLOUR,United Kingdom
575485,21231,SWEETHEART CERAMIC TRINKET BOX,United Kingdom
575485,21974,SET OF 36 PAISLEY FLOWER DOILIES,United Kingdom
575485,22423,REGENCY CAKESTAND 3 TIER,United Kingdom
575485,22720,SET OF 3 CAKE TINS PANTRY DESIGN,United Kingdom
575485,22851,SET 20 NAPKINS FAIRY CAKES DESIGN,United Kingdom
575485,22989,SET 2 PANTRY DESIGN TEA TOWELS,United Kingdom
575485,23243,SET OF TEA COFFEE SUGAR TINS PANTRY,United Kingdom
575485,23245,SET OF 3 REGENCY CAKE TINS,United Kingdom
575485,84509A,SET OF 4 ENGLISH ROSE PLACEMATS,United Kingdom
575485,84988,SET OF 72 PINK HEART PAPER DOILIES,United Kingdom
575574,20718,RED RETROSPOT SHOPPER BAG,United Kingdom
575574,20961,STRAWBERRY BATH SPONGE,United Kingdom
575574,20963,APPLE BATH SPONGE,United Kingdom
575574,20973,12 PENCIL SMALL TUBE WOODLAND,United Kingdom
575574,21039,RED RETROSPOT SHOPPING BAG,United Kingdom
575574,21080,SET/20 RED RETROSPOT PAPER NAPKINS,United Kingdom
575574,21155,RED RETROSPOT PEG BAG,United Kingdom
575574,21172,PARTY METAL SIGN,United Kingdom
575574,21243,PINK POLKADOT PLATE,United Kingdom
575574,21563,RED HEART SHAPE LOVE BUCKET,United Kingdom
575574,21828,EIGHT PIECE SNAKE  SET,United Kingdom
575574,21828,EIGHT PIECE SNAKE  SET,United Kingdom
575574,21899,GARAGE KEY FOB,United Kingdom
575574,21900,"KEY FOB , SHED",United Kingdom
575574,21902,"KEY FOB , FRONT  DOOR",United Kingdom
575574,22057,CERAMIC PLATE STRAWBERRY DESIGN,United Kingdom
575574,22107,PIZZA PLATE IN BOX,United Kingdom
575574,22109,FULL ENGLISH BREAKFAST PLATE,United Kingdom
575574,22195,LARGE HEART MEASURING SPOONS,United Kingdom
575574,22196,SMALL HEART MEASURING SPOONS,United Kingdom
575574,22321,BIRD DECORATION RED RETROSPOT,United Kingdom
575574,22322,BIRD DECORATION GREEN POLKADOT,United Kingdom
575574,22488,NATURAL SLATE RECTANGLE CHALKBOARD,United Kingdom
575574,23002,TRAVEL CARD WALLET SKULLS,United Kingdom
575574,23005,TRAVEL CARD WALLET I LOVE LONDON,United Kingdom
575574,23080,RED METAL BOX TOP SECRET,United Kingdom
575574,23157,SET OF 6 NATIVITY MAGNETS,United Kingdom
575574,23419,HOME SWEET HOME BOTTLE,United Kingdom
575574,85049G,CHOCOLATE BOX RIBBONS,United Kingdom
575639,21108,FAIRY CAKE FLANNEL ASSORTED COLOUR,United Kingdom
575639,22083,PAPER CHAIN KIT RETROSPOT,United Kingdom
575639,22115,METAL SIGN EMPIRE TEA,United Kingdom
575639,22196,SMALL HEART MEASURING SPOONS,United Kingdom
575639,22348,TEA BAG PLATE RED RETROSPOT,United Kingdom
575639,22558,CLOTHES PEGS RETROSPOT PACK 24,United Kingdom
575639,22993,SET OF 4 PANTRY JELLY MOULDS,United Kingdom
575639,23263,SET OF 3 WOODEN HEART DECORATIONS,United Kingdom
575639,72349B,SET/6 PURPLE BUTTERFLY T-LIGHTS,United Kingdom
575639,85175,CACTI T-LIGHT CANDLES,United Kingdom
575684,20846,ZINC HEART LATTICE T-LIGHT HOLDER,United Kingdom
575684,22178,VICTORIAN GLASS HANGING T-LIGHT,United Kingdom
575684,22596,CHRISTMAS STAR WISH LIST CHALKBOARD,United Kingdom
575684,23130,MISTLETOE HEART WREATH GREEN,United Kingdom
575684,23144,ZINC T-LIGHT HOLDER STARS SMALL,United Kingdom
575684,84946,ANTIQUE SILVER T-LIGHT GLASS,United Kingdom
575705,20725,LUNCH BAG RED RETROSPOT,United Kingdom
575705,21803,CHRISTMAS TREE STAR DECORATION,United Kingdom
575705,21818,GLITTER HEART DECORATION,United Kingdom
575705,22041,"RECORD FRAME 7"" SINGLE SIZE",United Kingdom
575705,22141,CHRISTMAS CRAFT TREE TOP ANGEL,United Kingdom
575705,22144,CHRISTMAS CRAFT LITTLE FRIENDS,United Kingdom
575705,22191,IVORY DINER WALL CLOCK,United Kingdom
575705,22192,BLUE DINER WALL CLOCK,United Kingdom
575705,22193,RED DINER WALL CLOCK,United Kingdom
575705,22296,HEART IVORY TRELLIS LARGE,United Kingdom
575705,22337,ANGEL DECORATION PAINTED ZINC,United Kingdom
575705,22910,PAPER CHAIN KIT VINTAGE CHRISTMAS,United Kingdom
575705,22952,60 CAKE CASES VINTAGE CHRISTMAS,United Kingdom
575705,23206,LUNCH BAG APPLE DESIGN,United Kingdom
575705,23209,LUNCH BAG VINTAGE DOILY,United Kingdom
575705,23313,VINTAGE CHRISTMAS BUNTING,United Kingdom
575705,23341,PINK DINER WALL CLOCK,United Kingdom
575705,23342,MINT DINER WALL CLOCK,United Kingdom
575705,23530,WALL ART ONLY ONE PERSON,United Kingdom
575705,23531,WALL ART BIG LOVE,United Kingdom
575705,23532,WALL ART WORK REST AND PLAY,United Kingdom
575705,23534,WALL ART STOP FOR TEA,United Kingdom
575705,23535,WALL ART BICYCLE SAFETY,United Kingdom
575705,23541,WALL ART CLASSIC PUDDINGS,United Kingdom
575705,23543,WALL ART KEEP CALM,United Kingdom
575705,23681,LUNCH BAG RED VINTAGE DOILY,United Kingdom
575705,84879,ASSORTED COLOUR BIRD ORNAMENT,United Kingdom
575724,22111,SCOTTIE DOG HOT WATER BOTTLE,United Kingdom
575724,22112,CHOCOLATE HOT WATER BOTTLE,United Kingdom
575724,22114,HOT WATER BOTTLE TEA AND SYMPATHY,United Kingdom
575724,22207,FRYING PAN UNION FLAG,United Kingdom
575724,23355,HOT WATER BOTTLE KEEP CALM,United Kingdom
575724,84029E,RED WOOLLY HOTTIE WHITE HEART.,United Kingdom
575767,16011,ANIMAL STICKERS,United Kingdom
575767,16235,RECYCLED PENCIL WITH RABBIT ERASER,United Kingdom
575767,16236,KITTY PENCIL ERASERS,United Kingdom
575767,20669,RED HEART LUGGAGE TAG,United Kingdom
575767,21220,SET/4 BADGES DOGS,United Kingdom
575767,21429,RED GINGHAM ROSE JEWELLERY BOX,United Kingdom
575767,21452,TOADSTOOL MONEY BOX,United Kingdom
575767,21866,UNION JACK FLAG LUGGAGE TAG,United Kingdom
575767,21867,PINK UNION JACK  LUGGAGE TAG,United Kingdom
575767,21943,CAKES AND RABBITS DESIGN FLANNEL,United Kingdom
575767,21944,KITTENS DESIGN FLANNEL,United Kingdom
575767,21945,STRAWBERRIES  DESIGN FLANNEL,United Kingdom
575767,22086,PAPER CHAIN KIT 50'S CHRISTMAS,United Kingdom
575767,22139,RETROSPOT TEA SET CERAMIC 11 PC,United Kingdom
575767,22144,CHRISTMAS CRAFT LITTLE FRIENDS,United Kingdom
575767,22315,200 RED + WHITE BENDY STRAWS,United Kingdom
575767,22440,BALLOON WATER BOMB PACK OF 35,United Kingdom
575767,22440,BALLOON WATER BOMB PACK OF 35,United Kingdom
575767,22445,PENCIL CASE LIFE IS BEAUTIFUL,United Kingdom
575767,22493,PAINT YOUR OWN CANVAS SET,United Kingdom
575767,22505,MEMO BOARD COTTAGE DESIGN,United Kingdom
575767,22551,PLASTERS IN TIN SPACEBOY,United Kingdom
575767,22555,PLASTERS IN TIN STRONGMAN,United Kingdom
575767,22556,PLASTERS IN TIN CIRCUS PARADE,United Kingdom
575767,22562,MONSTERS STENCIL CRAFT,United Kingdom
575767,22563,HAPPY STENCIL CRAFT,United Kingdom
575767,22595,GINGHAM HEART DECORATION,United Kingdom
575767,22906,12 MESSAGE CARDS WITH ENVELOPES,United Kingdom
575767,22970,LONDON BUS COFFEE MUG,United Kingdom
575767,22970,LONDON BUS COFFEE MUG,United Kingdom
575767,22971,QUEENS GUARD COFFEE MUG,United Kingdom
575767,23010,CIRCUS PARADE BABY GIFT SET,United Kingdom
575767,23154,SET OF 4 JAM JAR MAGNETS,United Kingdom
575767,23156,SET OF 5 MINI GROCERY MAGNETS,United Kingdom
575767,23159,SET OF 5 PANCAKE DAY MAGNETS,United Kingdom
575767,23192,BUNDLE OF 3 ALPHABET EXERCISE BOOKS,United Kingdom
575767,23232,WRAP VINTAGE LEAF DESIGN,United Kingdom
575767,23275,SET OF 3 HANGING OWLS OLLIE BEAK,United Kingdom
575767,23348,CHILDRENS TOY COOKING UTENSIL SET,United Kingdom
575767,23351,ROLL WRAP 50'S CHRISTMAS,United Kingdom
575767,23378,PACK OF 12 50'S CHRISTMAS TISSUES,United Kingdom
575767,23378,PACK OF 12 50'S CHRISTMAS TISSUES,United Kingdom
575767,23389,SPACEBOY MINI BACKPACK,United Kingdom
575767,23480,MINI LIGHTS WOODLAND MUSHROOMS,United Kingdom
575767,23480,MINI LIGHTS WOODLAND MUSHROOMS,United Kingdom
575767,23497,CLASSIC CHROME BICYCLE BELL,United Kingdom
575767,23567,EGG CUP HENRIETTA HEN PINK,United Kingdom
575767,23570,TRADITIONAL PICK UP STICKS GAME,United Kingdom
575767,47590B,PINK HAPPY BIRTHDAY BUNTING,United Kingdom
575767,84012,MAGIC SHEEP WOOL GROWING FROM PAPER,United Kingdom
575767,84199,GLOW IN DARK DOLPHINS,United Kingdom
575767,84569D,PACK 6 HEART/ICE-CREAM PATCHES,United Kingdom
575767,84826,ASSTD DESIGN 3D PAPER STICKERS,United Kingdom
575767,85199S,SMALL HANGING IVORY/RED WOOD BIRD,United Kingdom
575767,85199S,SMALL HANGING IVORY/RED WOOD BIRD,United Kingdom
575767,90094,NECKLACE+BRACELET SET FRUIT SALAD,United Kingdom
575767,90098,NECKLACE+BRACELET PINK BUTTERFLY,United Kingdom
575767,90099,NECKLACE+BRACELET SET BLUE HIBISCUS,United Kingdom
575970,20723,STRAWBERRY CHARLOTTE BAG,United Kingdom
575970,20727,LUNCH BAG  BLACK SKULL.,United Kingdom
575970,21340,CLASSIC METAL BIRDCAGE PLANT HOLDER,United Kingdom
575970,21929,JUMBO BAG PINK VINTAGE PAISLEY,United Kingdom
575970,22096,PINK PAISLEY SQUARE TISSUE BOX,United Kingdom
575970,22384,LUNCH BAG PINK POLKADOT,United Kingdom
575970,22789,T-LIGHT HOLDER SWEETHEART HANGING,United Kingdom
575970,22795,SWEETHEART RECIPE BOOK STAND,United Kingdom
575970,23148,MINIATURE ANTIQUE ROSE HOOK IVORY,United Kingdom
575970,23152,IVORY SWEETHEART WIRE LETTER RACK,United Kingdom
575970,23202,JUMBO BAG VINTAGE LEAF,United Kingdom
575970,23207,LUNCH BAG ALPHABET DESIGN,United Kingdom
575970,23328,SET 6 SCHOOL MILK BOTTLES IN CRATE,United Kingdom
575970,23462,ROCOCO WALL MIRROR WHITE,United Kingdom
575970,82482,WOODEN PICTURE FRAME WHITE FINISH,United Kingdom
575970,82483,WOOD 2 DRAWER CABINET WHITE FINISH,United Kingdom
575970,82486,3 DRAWER ANTIQUE WHITE WOOD CABINET,United Kingdom
575970,82494L,WOODEN FRAME ANTIQUE WHITE,United Kingdom
575970,84978,HANGING HEART JAR T-LIGHT HOLDER,United Kingdom
575970,85061W,WHITE JEWELLED HEART DECORATION,United Kingdom
575988,23382,BOX OF 6 CHRISTMAS CAKE DECORATIONS,United Kingdom
575988,23486,ANTIQUE HEART SHELF UNIT,United Kingdom
575988,23503,PLAYING CARDS KEEP CALM & CARRY ON,United Kingdom
575988,23504,PLAYING CARDS JUBILEE UNION JACK,United Kingdom
575988,23505,PLAYING CARDS I LOVE LONDON,United Kingdom
575988,23570,TRADITIONAL PICK UP STICKS GAME,United Kingdom
576014,16162M,THE KING GIFT BAG 25x24x12cm,United Kingdom
576014,16169E,WRAP 50'S  CHRISTMAS,United Kingdom
576014,22111,SCOTTIE DOG HOT WATER BOTTLE,United Kingdom
576014,22434,BALLOON PUMP WITH 10 BALLOONS,United Kingdom
576014,22449,SILK PURSE BABUSHKA PINK,United Kingdom
576014,22450,SILK PURSE BABUSHKA BLUE,United Kingdom
576014,22531,MAGIC DRAWING SLATE CIRCUS PARADE,United Kingdom
576014,22534,MAGIC DRAWING SLATE SPACEBOY,United Kingdom
576014,22535,MAGIC DRAWING SLATE BUNNIES,United Kingdom
576014,22536,MAGIC DRAWING SLATE PURDEY,United Kingdom
576014,22549,PICTURE DOMINOES,United Kingdom
576014,22561,WOODEN SCHOOL COLOURING SET,United Kingdom
576014,22619,SET OF 6 SOLDIER SKITTLES,United Kingdom
576014,22619,SET OF 6 SOLDIER SKITTLES,United Kingdom
576014,22694,WICKER STAR,United Kingdom
576014,22725,ALARM CLOCK BAKELIKE CHOCOLATE,United Kingdom
576014,22726,ALARM CLOCK BAKELIKE GREEN,United Kingdom
576014,22727,ALARM CLOCK BAKELIKE RED,United Kingdom
576014,22728,ALARM CLOCK BAKELIKE PINK,United Kingdom
576014,22730,ALARM CLOCK BAKELIKE IVORY,United Kingdom
576014,22752,SET 7 BABUSHKA NESTING BOXES,United Kingdom
576014,22809,SET OF 6 T-LIGHTS SANTA,United Kingdom
576014,22810,SET OF 6 T-LIGHTS SNOWMEN,United Kingdom
576014,22818,CARD CHRISTMAS VILLAGE,United Kingdom
576014,22834,HAND WARMER BABUSHKA DESIGN,United Kingdom
576014,22865,HAND WARMER OWL DESIGN,United Kingdom
576014,22866,HAND WARMER SCOTTY DOG DESIGN,United Kingdom
576014,22867,HAND WARMER BIRD DESIGN,United Kingdom
576014,22940,FELTCRAFT CHRISTMAS FAIRY,United Kingdom
576014,22941,CHRISTMAS LIGHTS 10 REINDEER,United Kingdom
576014,22991,GIRAFFE WOODEN RULER,United Kingdom
576014,22992,REVOLVER WOODEN RULER,United Kingdom
576014,23084,RABBIT NIGHT LIGHT,United Kingdom
576014,23103,JINGLE BELL HEART DECORATION,United Kingdom
576014,23126,FELTCRAFT GIRL AMELIE KIT,United Kingdom
576014,23127,FELTCRAFT GIRL NICOLE KIT,United Kingdom
576014,23211,RED ROCKING HORSE HAND PAINTED,United Kingdom
576014,23229,VINTAGE DONKEY TAIL GAME,United Kingdom
576014,23263,SET OF 3 WOODEN HEART DECORATIONS,United Kingdom
576014,23265,SET OF 3 WOODEN TREE DECORATIONS,United Kingdom
576014,23266,SET OF 3 WOODEN STOCKING DECORATION,United Kingdom
576014,23356,LOVE HOT WATER BOTTLE,United Kingdom
576014,23497,CLASSIC CHROME BICYCLE BELL,United Kingdom
576014,35970,ZINC FOLKART SLEIGH BELLS,United Kingdom
576014,84030E,ENGLISH ROSE HOT WATER BOTTLE,United Kingdom
576014,85231B,CINAMMON SET OF 9 T-LIGHTS,United Kingdom
576057,20719,WOODLAND CHARLOTTE BAG,United Kingdom
576057,20723,STRAWBERRY CHARLOTTE BAG,United Kingdom
576057,20724,RED RETROSPOT CHARLOTTE BAG,United Kingdom
576057,20725,LUNCH BAG RED RETROSPOT,United Kingdom
576057,20726,LUNCH BAG WOODLAND,United Kingdom
576057,20727,LUNCH BAG  BLACK SKULL.,United Kingdom
576057,20728,LUNCH BAG CARS BLUE,United Kingdom
576057,21212,PACK OF 72 RETROSPOT CAKE CASES,United Kingdom
576057,21213,PACK OF 72 SKULL CAKE CASES,United Kingdom
576057,21242,RED RETROSPOT PLATE,United Kingdom
576057,21243,PINK POLKADOT PLATE,United Kingdom
576057,21245,GREEN POLKADOT PLATE,United Kingdom
576057,21975,PACK OF 60 DINOSAUR CAKE CASES,United Kingdom
576057,21977,PACK OF 60 PINK PAISLEY CAKE CASES,United Kingdom
576057,22197,POPCORN HOLDER,United Kingdom
576057,22355,CHARLOTTE BAG SUKI DESIGN,United Kingdom
576057,22356,CHARLOTTE BAG PINK POLKADOT,United Kingdom
576057,22382,LUNCH BAG SPACEBOY DESIGN,United Kingdom
576057,22383,LUNCH BAG SUKI DESIGN,United Kingdom
576057,22384,LUNCH BAG PINK POLKADOT,United Kingdom
576057,22417,PACK OF 60 SPACEBOY CAKE CASES,United Kingdom
576057,22418,10 COLOUR SPACEBOY PEN,United Kingdom
576057,22661,CHARLOTTE BAG DOLLY GIRL DESIGN,United Kingdom
576057,22662,LUNCH BAG DOLLY GIRL DESIGN,United Kingdom
576057,22951,60 CAKE CASES DOLLY GIRL DESIGN,United Kingdom
576057,22993,SET OF 4 PANTRY JELLY MOULDS,United Kingdom
576057,23204,CHARLOTTE BAG APPLES DESIGN,United Kingdom
576057,23205,CHARLOTTE BAG VINTAGE ALPHABET,United Kingdom
576057,23206,LUNCH BAG APPLE DESIGN,United Kingdom
576057,23207,LUNCH BAG ALPHABET DESIGN,United Kingdom
576057,23208,LUNCH BAG VINTAGE LEAF DESIGN,United Kingdom
576057,23209,LUNCH BAG VINTAGE DOILY,United Kingdom
576057,23307,SET OF 60 PANTRY DESIGN CAKE CASES,United Kingdom
576057,23308,SET OF 60 VINTAGE LEAF CAKE CASES,United Kingdom
576057,23309,SET OF 60 I LOVE LONDON CAKE CASES,United Kingdom
576057,23583,LUNCH BAG PAISLEY PARK,United Kingdom
576057,23681,LUNCH BAG RED VINTAGE DOILY,United Kingdom
576057,47567B,TEA TIME KITCHEN APRON,United Kingdom
576057,47567B,TEA TIME KITCHEN APRON,United Kingdom
576057,47591D,PINK FAIRY CAKE CHILDRENS APRON,United Kingdom
576057,84987,SET OF 36 TEATIME PAPER DOILIES,United Kingdom
576057,84991,60 TEATIME FAIRY CAKE CASES,United Kingdom
576057,84992,72 SWEETHEART FAIRY CAKE CASES,United Kingdom
576078,17003,BROCADE RING PURSE,United Kingdom
576078,17012C,ORIGAMI LAVENDER INCENSE/CANDL SET,United Kingdom
576078,17012D,ORIGAMI ROSE INCENSE/CANDLE SET,United Kingdom
576078,17012F,ORIGAMI SANDLEWOOD INCENSE/CAND SET,United Kingdom
576078,20724,RED RETROSPOT CHARLOTTE BAG,United Kingdom
576078,20973,12 PENCIL SMALL TUBE WOODLAND,United Kingdom
576078,20974,12 PENCILS SMALL TUBE SKULL,United Kingdom
576078,20975,12 PENCILS SMALL TUBE RED RETROSPOT,United Kingdom
576078,21066,VINTAGE RED MUG,United Kingdom
576078,21068,VINTAGE BILLBOARD LOVE/HATE MUG,United Kingdom
576078,21070,VINTAGE BILLBOARD MUG,United Kingdom
576078,21108,FAIRY CAKE FLANNEL ASSORTED COLOUR,United Kingdom
576078,21313,GLASS HEART T-LIGHT HOLDER,United Kingdom
576078,21382,SET/4 SPRING FLOWER DECORATION,United Kingdom
576078,21385,IVORY HANGING DECORATION  HEART,United Kingdom
576078,21615,4 LAVENDER BOTANICAL DINNER CANDLES,United Kingdom
576078,21617,4 LILY  BOTANICAL DINNER CANDLES,United Kingdom
576078,21619,4 VANILLA BOTANICAL CANDLES,United Kingdom
576078,21620,SET OF 4 ROSE BOTANICAL CANDLES,United Kingdom
576078,21703,BAG 125g SWIRLY MARBLES,United Kingdom
576078,21705,BAG 500g SWIRLY MARBLES,United Kingdom
576078,21811,HANGING HEART WITH BELL,United Kingdom
576078,21818,GLITTER HEART DECORATION,United Kingdom
576078,21822,GLITTER CHRISTMAS TREE WITH BELLS,United Kingdom
576078,21871,SAVE THE PLANET MUG,United Kingdom
576078,21872,GLAMOROUS  MUG,United Kingdom
576078,21873,IF YOU CAN'T STAND THE HEAT MUG,United Kingdom
576078,21874,GIN AND TONIC MUG,United Kingdom
576078,21875,KINGS CHOICE MUG,United Kingdom
576078,21876,POTTERING MUG,United Kingdom
576078,21877,HOME SWEET HOME MUG,United Kingdom
576078,21980,PACK OF 12 RED RETROSPOT TISSUES,United Kingdom
576078,21981,PACK OF 12 WOODLAND TISSUES,United Kingdom
576078,21990,MODERN FLORAL STATIONERY SET,United Kingdom
576078,21991,BOHEMIAN COLLAGE STATIONERY SET,United Kingdom
576078,21992,VINTAGE PAISLEY STATIONERY SET,United Kingdom
576078,21993,FLORAL FOLK STATIONERY SET,United Kingdom
576078,22065,CHRISTMAS PUDDING TRINKET POT,United Kingdom
576078,22066,LOVE HEART TRINKET POT,United Kingdom
576078,22087,PAPER BUNTING WHITE LACE,United Kingdom
576078,22163,HEART STRING MEMO HOLDER HANGING,United Kingdom
576078,22294,HEART FILIGREE DOVE  SMALL,United Kingdom
576078,22300,COFFEE MUG DOG + BALL DESIGN,United Kingdom
576078,22301,COFFEE MUG CAT + BIRD DESIGN,United Kingdom
576078,22335,HEART DECORATION PAINTED ZINC,United Kingdom
576078,22597,MUSICAL ZINC HEART DECORATION,United Kingdom
576078,22632,HAND WARMER RED RETROSPOT,United Kingdom
576078,22633,HAND WARMER UNION JACK,United Kingdom
576078,22766,PHOTO FRAME CORNICE,United Kingdom
576078,22865,HAND WARMER OWL DESIGN,United Kingdom
576078,22866,HAND WARMER SCOTTY DOG DESIGN,United Kingdom
576078,22970,LONDON BUS COFFEE MUG,United Kingdom
576078,22971,QUEENS GUARD COFFEE MUG,United Kingdom
576078,23089,GLASS BON BON JAR,United Kingdom
576078,23196,VINTAGE LEAF MAGNETIC NOTEPAD,United Kingdom
576078,23198,PANTRY MAGNETIC  SHOPPING LIST,United Kingdom
576078,23224,CHERUB HEART DECORATION GOLD,United Kingdom
576078,23226,FILIGREE HEART DAISY WHITE,United Kingdom
576078,23227,FILIGREE HEART BUTTERFLY WHITE,United Kingdom
576078,23236,STORAGE TIN VINTAGE DOILY,United Kingdom
576078,23238,SET OF 4 KNICK KNACK TINS LONDON,United Kingdom
576078,23240,SET OF 4 KNICK KNACK TINS DOILY,United Kingdom
576078,23365,SET 12 COLOUR PENCILS LOVE LONDON,United Kingdom
576078,23366,SET 12 COLOURING PENCILS DOILY,United Kingdom
576078,23378,PACK OF 12 50'S CHRISTMAS TISSUES,United Kingdom
576078,23380,PACK OF 12 VINTAGE DOILY TISSUES,United Kingdom
576078,23439,HAND WARMER RED LOVE HEART,United Kingdom
576078,23469,CARD HOLDER LOVE BIRD SMALL,United Kingdom
576078,23493,VINTAGE DOILY TRAVEL SEWING KIT,United Kingdom
576078,35964,FOLKART CLIP ON STARS,United Kingdom
576078,35971,ROSE FOLKART HEART DECORATIONS,United Kingdom
576078,37413,ICON MUG REVOLUTIONARY,United Kingdom
576078,47503A,ASS FLORAL PRINT MULTI SCREWDRIVER,United Kingdom
576078,47503H,ASS FLORAL PRINT SPIRIT LEVEL,United Kingdom
576078,47504H,ENGLISH ROSE SPIRIT LEVEL,United Kingdom
576078,72709,IVORY SCULPTED RND CANDLE,United Kingdom
576078,82482,WOODEN PICTURE FRAME WHITE FINISH,United Kingdom
576078,82483,WOOD 2 DRAWER CABINET WHITE FINISH,United Kingdom
576078,82486,3 DRAWER ANTIQUE WHITE WOOD CABINET,United Kingdom
576078,82494L,WOODEN FRAME ANTIQUE WHITE,United Kingdom
576078,84029E,RED WOOLLY HOTTIE WHITE HEART.,United Kingdom
576078,84029G,KNITTED UNION FLAG HOT WATER BOTTLE,United Kingdom
576078,84706F,RED PEONY TABLE CLOCK,United Kingdom
576078,84836,ZINC METAL HEART DECORATION,United Kingdom
576078,84879,ASSORTED COLOUR BIRD ORNAMENT,United Kingdom
576078,84946,ANTIQUE SILVER T-LIGHT GLASS,United Kingdom
576078,85032A,ROMANTIC IMAGES GIFT WRAP SET,United Kingdom
576078,85032B,BLOSSOM IMAGES GIFT WRAP SET,United Kingdom
576078,85032C,CURIOUS IMAGES GIFT WRAP SET,United Kingdom
576078,85038,6 CHOCOLATE LOVE HEART T-LIGHTS,United Kingdom
576078,85130D,BEADED CRYSTAL HEART PINK LARGE,United Kingdom
576078,85160B,BLACK BIRD GARDEN DESIGN MUG,United Kingdom
576078,85169A,IVORY LOVE BIRD CANDLE,United Kingdom
576078,85169C,EAU DE NIL LOVE BIRD CANDLE,United Kingdom
576078,85169D,PINK LOVE BIRD CANDLE,United Kingdom
576078,85170D,SET/6 PINK BIRD T-LIGHT CANDLES,United Kingdom
576087,20682,RED RETROSPOT CHILDRENS UMBRELLA,France
576087,20712,JUMBO BAG WOODLAND ANIMALS,France
576087,20719,WOODLAND CHARLOTTE BAG,France
576087,20724,RED RETROSPOT CHARLOTTE BAG,France
576087,20725,LUNCH BAG RED RETROSPOT,France
576087,20726,LUNCH BAG WOODLAND,France
576087,21156,RETROSPOT CHILDRENS APRON,France
576087,21481,FAWN BLUE HOT WATER BOTTLE,France
576087,21731,RED TOADSTOOL LED NIGHT LIGHT,France
576087,22027,TEA PARTY BIRTHDAY CARD,France
576087,22037,ROBOT BIRTHDAY CARD,France
576087,22367,CHILDRENS APRON SPACEBOY DESIGN,France
576087,22379,RECYCLING BAG RETROSPOT,France
576087,22380,TOY TIDY SPACEBOY,France
576087,22381,TOY TIDY PINK POLKADOT,France
576087,22382,LUNCH BAG SPACEBOY DESIGN,France
576087,22385,JUMBO BAG SPACEBOY DESIGN,France
576087,22551,PLASTERS IN TIN SPACEBOY,France
576087,22554,PLASTERS IN TIN WOODLAND ANIMALS,France
576087,22634,CHILDS BREAKFAST SET SPACEBOY,France
576087,22635,CHILDS BREAKFAST SET DOLLY GIRL,France
576087,22661,CHARLOTTE BAG DOLLY GIRL DESIGN,France
576087,22727,ALARM CLOCK BAKELIKE RED,France
576087,22898,CHILDRENS APRON APPLES DESIGN,France
576087,23084,RABBIT NIGHT LIGHT,France
576087,23108,SET OF 10 LED DOLLY LIGHTS,France
576087,23202,JUMBO BAG VINTAGE LEAF,France
576087,23206,LUNCH BAG APPLE DESIGN,France
576087,23290,SPACEBOY CHILDRENS BOWL,France
576087,23292,SPACEBOY CHILDRENS CUP,France
576087,23388,WOODLAND MINI BACKPACK,France
576087,23389,SPACEBOY MINI BACKPACK,France
576087,23390,DOLLY GIRL MINI BACKPACK,France
576087,23480,MINI LIGHTS WOODLAND MUSHROOMS,France
576087,79191B,RETRO PLASTIC POLKA TRAY,France
576087,79191C,RETRO PLASTIC ELEPHANT TRAY,France
576087,85099B,JUMBO BAG RED RETROSPOT,France
576087,POST,POSTAGE,France
576184,23382,BOX OF 6 CHRISTMAS CAKE DECORATIONS,United Kingdom
576184,23497,CLASSIC CHROME BICYCLE BELL,United Kingdom
576184,23535,BICYCLE SAFTEY WALL ART,United Kingdom
576184,23582,VINTAGE DOILY JUMBO BAG RED,United Kingdom
576184,23681,LUNCH BAG RED VINTAGE DOILY,United Kingdom
576353,21080,SET/20 RED RETROSPOT PAPER NAPKINS,United Kingdom
576353,21790,VINTAGE SNAP CARDS,United Kingdom
576353,21791,VINTAGE HEADS AND TAILS CARD GAME,United Kingdom
576353,21889,WOODEN BOX OF DOMINOES,United Kingdom
576353,22093,MOTORING TISSUE BOX,United Kingdom
576353,22095,LADS ONLY TISSUE BOX,United Kingdom
576353,22549,PICTURE DOMINOES,United Kingdom
576353,22571,ROCKING HORSE RED CHRISTMAS,United Kingdom
576353,22572,ROCKING HORSE GREEN CHRISTMAS,United Kingdom
576353,22609,PENS ASSORTED SPACEBALL,United Kingdom
576353,22909,SET OF 20 VINTAGE CHRISTMAS NAPKINS,United Kingdom
576353,23217,LAUREL HEART ANTIQUE SILVER,United Kingdom
576353,23269,SET OF 2 CERAMIC CHRISTMAS TREES,United Kingdom
576353,23328,SET 6 SCHOOL MILK BOTTLES IN CRATE,United Kingdom
576353,23461,SWEETHEART BIRD HOUSE,United Kingdom
576353,23465,TUSCAN VILLA BIRD FEEDER,United Kingdom
576353,23466,TUSCAN VILLA DOVECOTE BIRD FEEDER,United Kingdom
576353,23504,PLAYING CARDS JUBILEE UNION JACK,United Kingdom
576353,23505,PLAYING CARDS I LOVE LONDON,United Kingdom
576353,84879,ASSORTED COLOUR BIRD ORNAMENT,United Kingdom
576519,22332,SKULLS PARTY BAG + STICKER SET,Sweden
576519,22334,DINOSAUR PARTY BAG + STICKER SET,Sweden
576519,22553,PLASTERS IN TIN SKULLS,Sweden
576519,22734,SET OF 6 RIBBONS VINTAGE CHRISTMAS,Sweden
576519,23318,BOX OF 6 MINI VINTAGE CRACKERS,Sweden
576519,23319,BOX OF 6 MINI 50'S CRACKERS,Sweden
576519,23597,PAPER BUNTING PAISLEY PARK,Sweden
576519,POST,POSTAGE,Sweden
576692,22179,SET 10 NIGHT OWL LIGHTS,United Kingdom
576692,22382,LUNCH BAG SPACEBOY DESIGN,United Kingdom
576692,23077,DOUGHNUT LIP GLOSS,United Kingdom
576692,23198,PANTRY MAGNETIC  SHOPPING LIST,United Kingdom
576692,23202,JUMBO BAG VINTAGE LEAF,United Kingdom
576692,23351,ROLL WRAP 50'S CHRISTMAS,United Kingdom
576692,23352,ROLL WRAP 50'S RED CHRISTMAS,United Kingdom
576692,23354,6 GIFT TAGS 50'S CHRISTMAS,United Kingdom
576692,23378,PACK OF 12 50'S CHRISTMAS TISSUES,United Kingdom
576692,23480,MINI LIGHTS WOODLAND MUSHROOMS,United Kingdom
576692,23583,LUNCH BAG PAISLEY PARK,United Kingdom
576692,84077,WORLD WAR 2 GLIDERS ASSTD DESIGNS,United Kingdom
576769,20726,LUNCH BAG WOODLAND,United Kingdom
576769,20727,LUNCH BAG  BLACK SKULL.,United Kingdom
576769,20982,12 PENCILS TALL TUBE SKULLS,United Kingdom
576769,21936,RED RETROSPOT PICNIC BAG,United Kingdom
576769,22382,LUNCH BAG SPACEBOY DESIGN,United Kingdom
576769,23206,LUNCH BAG APPLE DESIGN,United Kingdom
576769,23583,LUNCH BAG PAISLEY PARK,United Kingdom
576834,21155,RED RETROSPOT PEG BAG,United Kingdom
576834,21588,RETROSPOT GIANT TUBE MATCHES,United Kingdom
576834,21914,BLUE HARMONICA IN BOX,United Kingdom
576834,22086,PAPER CHAIN KIT 50'S CHRISTMAS,United Kingdom
576834,22139,RETROSPOT TEA SET CERAMIC 11 PC,United Kingdom
576834,22197,POPCORN HOLDER,United Kingdom
576834,22279,POCKET BAG BLUE PAISLEY RED SPOT,United Kingdom
576834,22551,PLASTERS IN TIN SPACEBOY,United Kingdom
576834,22909,SET OF 20 VINTAGE CHRISTMAS NAPKINS,United Kingdom
576834,23110,PARISIENNE KEY CABINET,United Kingdom
576834,23129,HEART SHAPED HOLLY WREATH,United Kingdom
576834,23130,MISTLETOE HEART WREATH GREEN,United Kingdom
576834,23234,BISCUIT TIN VINTAGE CHRISTMAS,United Kingdom
576834,23241,TREASURE TIN GYMKHANA DESIGN,United Kingdom
576834,23247,BISCUIT TIN 50'S CHRISTMAS,United Kingdom
576834,23295,SET OF 12 MINI LOAF BAKING CASES,United Kingdom
576834,23354,6 GIFT TAGS 50'S CHRISTMAS,United Kingdom
576834,79321,CHILLI LIGHTS,United Kingdom
576842,21619,4 VANILLA BOTANICAL CANDLES,United Kingdom
576842,21620,SET OF 4 ROSE BOTANICAL CANDLES,United Kingdom
576842,22091,EMPIRE TISSUE BOX,United Kingdom
576842,22694,WICKER STAR,United Kingdom
576842,23084,RABBIT NIGHT LIGHT,United Kingdom
576842,23344,JUMBO BAG 50'S CHRISTMAS,United Kingdom
576842,23351,ROLL WRAP 50'S CHRISTMAS,United Kingdom
576842,23417,BATHROOM HOOK,United Kingdom
576842,23455,SMALL PARLOUR PICTURE FRAME,United Kingdom
576842,23456,MEDIUM PARLOUR PICTURE FRAME,United Kingdom
576842,23681,LUNCH BAG RED VINTAGE DOILY,United Kingdom
576842,35471D,SET OF 3 BIRD LIGHT PINK FEATHER,United Kingdom
576842,84946,ANTIQUE SILVER T-LIGHT GLASS,United Kingdom
576842,84947,ANTIQUE SILVER TEA GLASS ENGRAVED,United Kingdom
576847,21137,BLACK RECORD COVER FRAME,United Kingdom
576847,21731,RED TOADSTOOL LED NIGHT LIGHT,United Kingdom
576847,21914,BLUE HARMONICA IN BOX,United Kingdom
576847,22041,"RECORD FRAME 7"" SINGLE SIZE",United Kingdom
576847,22197,POPCORN HOLDER,United Kingdom
576847,22418,10 COLOUR SPACEBOY PEN,United Kingdom
576847,23084,RABBIT NIGHT LIGHT,United Kingdom
576847,23188,VINTAGE  2 METRE FOLDING RULER,United Kingdom
576847,23489,VINTAGE BELLS GARLAND,United Kingdom
576847,23497,CLASSIC CHROME BICYCLE BELL,United Kingdom
576847,84077,WORLD WAR 2 GLIDERS ASSTD DESIGNS,United Kingdom
576857,20751,FUNKY WASHING UP GLOVES ASSORTED,United Kingdom
576857,20754,RETROSPOT RED WASHING UP GLOVES,United Kingdom
576857,20985,HEART CALCULATOR,United Kingdom
576857,20986,BLUE CALCULATOR RULER,United Kingdom
576857,21121,SET/10 RED POLKADOT PARTY CANDLES,United Kingdom
576857,21212,PACK OF 72 RETROSPOT CAKE CASES,United Kingdom
576857,21260,FIRST AID TIN,United Kingdom
576857,21331,MOROCCAN BEATEN METAL DISH LARGE,United Kingdom
576857,21430,SET/3 RED GINGHAM ROSE STORAGE BOX,United Kingdom
576857,21528,DAIRY MAID TRADITIONAL TEAPOT,United Kingdom
576857,21832,CHOCOLATE CALCULATOR,United Kingdom
576857,21896,POTTING SHED TWINE,United Kingdom
576857,21928,JUMBO BAG SCANDINAVIAN BLUE PAISLEY,United Kingdom
576857,21932,SCANDINAVIAN PAISLEY PICNIC BAG,United Kingdom
576857,21983,PACK OF 12 BLUE PAISLEY TISSUES,United Kingdom
576857,21985,PACK OF 12 HEARTS DESIGN TISSUES,United Kingdom
576857,21990,MODERN FLORAL STATIONERY SET,United Kingdom
576857,22072,RED RETROSPOT TEA CUP AND SAUCER,United Kingdom
576857,22077,6 RIBBONS RUSTIC CHARM,United Kingdom
576857,22077,6 RIBBONS RUSTIC CHARM,United Kingdom
576857,22092,BLUE PAISLEY TISSUE BOX,United Kingdom
576857,22095,LADS ONLY TISSUE BOX,United Kingdom
576857,22098,BOUDOIR SQUARE TISSUE BOX,United Kingdom
576857,22109,FULL ENGLISH BREAKFAST PLATE,United Kingdom
576857,22158,3 HEARTS HANGING DECORATION RUSTIC,United Kingdom
576857,22386,JUMBO BAG PINK POLKADOT,United Kingdom
576857,22435,SET OF 9 HEART SHAPED BALLOONS,United Kingdom
576857,22439,6 ROCKET BALLOONS,United Kingdom
576857,22457,NATURAL SLATE HEART CHALKBOARD,United Kingdom
576857,22487,WHITE WOOD GARDEN PLANT LADDER,United Kingdom
576857,22500,SET OF 2 TINS JARDIN DE PROVENCE,United Kingdom
576857,22555,PLASTERS IN TIN STRONGMAN,United Kingdom
576857,22557,PLASTERS IN TIN VINTAGE PAISLEY,United Kingdom
576857,22615,PACK OF 12 CIRCUS PARADE TISSUES,United Kingdom
576857,22616,PACK OF 12 LONDON TISSUES,United Kingdom
576857,22616,PACK OF 12 LONDON TISSUES,United Kingdom
576857,22616,PACK OF 12 LONDON TISSUES,United Kingdom
576857,22632,HAND WARMER RED RETROSPOT,United Kingdom
576857,22633,HAND WARMER UNION JACK,United Kingdom
576857,22723,SET OF 6 HERB TINS SKETCHBOOK,United Kingdom
576857,22906,12 MESSAGE CARDS WITH ENVELOPES,United Kingdom
576857,22910,PAPER CHAIN KIT VINTAGE CHRISTMAS,United Kingdom
576857,22915,ASSORTED BOTTLE TOP  MAGNETS,United Kingdom
576857,23090,VINTAGE GLASS T-LIGHT HOLDER,United Kingdom
576857,23090,VINTAGE GLASS T-LIGHT HOLDER,United Kingdom
576857,23090,VINTAGE GLASS T-LIGHT HOLDER,United Kingdom
576857,23096,PETIT TRAY CHIC,United Kingdom
576857,23101,SILVER STARS TABLE DECORATION,United Kingdom
576857,23102,SILVER HEARTS TABLE DECORATION,United Kingdom
576857,23120,PACK OF 6 SMALL FRUIT STRAWS,United Kingdom
576857,23120,PACK OF 6 SMALL FRUIT STRAWS,United Kingdom
576857,23121,PACK OF 6 COCKTAIL PARASOL STRAWS,United Kingdom
576857,23121,PACK OF 6 COCKTAIL PARASOL STRAWS,United Kingdom
576857,23154,SET OF 4 JAM JAR MAGNETS,United Kingdom
576857,23156,SET OF 5 MINI GROCERY MAGNETS,United Kingdom
576857,23191,BUNDLE OF 3 RETRO NOTE BOOKS,United Kingdom
576857,23192,BUNDLE OF 3 ALPHABET EXERCISE BOOKS,United Kingdom
576857,23196,VINTAGE LEAF MAGNETIC NOTEPAD,United Kingdom
576857,23199,JUMBO BAG APPLES,United Kingdom
576857,23202,JUMBO BAG VINTAGE LEAF,United Kingdom
576857,23232,WRAP VINTAGE LEAF DESIGN,United Kingdom
576857,23293,SET OF 12 FAIRY CAKE BAKING CASES,United Kingdom
576857,23298,SPOTTY BUNTING,United Kingdom
576857,23300,GARDENERS KNEELING PAD CUP OF TEA,United Kingdom
576857,23308,SET OF 60 VINTAGE LEAF CAKE CASES,United Kingdom
576857,23329,DECORATIVE WICKER HEART LARGE,United Kingdom
576857,23329,DECORATIVE WICKER HEART LARGE,United Kingdom
576857,23330,DECORATIVE WICKER HEART MEDIUM,United Kingdom
576857,23330,DECORATIVE WICKER HEART MEDIUM,United Kingdom
576857,23331,DECORATIVE WICKER HEART SMALL,United Kingdom
576857,23337,EGG FRYING PAN MINT,United Kingdom
576857,23338,EGG FRYING PAN RED,United Kingdom
576857,23339,EGG FRYING PAN BLUE,United Kingdom
576857,23349,ROLL WRAP VINTAGE CHRISTMAS,United Kingdom
576857,23350,ROLL WRAP VINTAGE SPOT,United Kingdom
576857,23399,HOME SWEET HOME HANGING HEART,United Kingdom
576857,23399,HOME SWEET HOME HANGING HEART,United Kingdom
576857,23411,TRELLIS COAT RACK,United Kingdom
576857,23418,LAVENDER TOILETTE BOTTLE,United Kingdom
576857,23418,LAVENDER TOILETTE BOTTLE,United Kingdom
576857,23439,HAND WARMER RED LOVE HEART,United Kingdom
576857,23494,VINTAGE DOILY DELUXE SEWING KIT,United Kingdom
576857,23499,SET 12 VINTAGE DOILY CHALK,United Kingdom
576857,23554,LANDMARK FRAME OXFORD STREET,United Kingdom
576857,23556,LANDMARK FRAME COVENT GARDEN,United Kingdom
576857,84596B,SMALL DOLLY MIX DESIGN ORANGE BOWL,United Kingdom
576857,84596F,SMALL MARSHMALLOWS PINK BOWL,United Kingdom
576857,84596G,SMALL CHOCOLATES PINK BOWL,United Kingdom
576857,84673A,PINK FLY SWAT,United Kingdom
576857,84673B,BLUE FLY SWAT,United Kingdom
576857,84992,72 SWEETHEART FAIRY CAKE CASES,United Kingdom
576857,85038,6 CHOCOLATE LOVE HEART T-LIGHTS,United Kingdom
576863,20726,LUNCH BAG WOODLAND,Germany
576863,21058,PARTY INVITES WOODLAND,Germany
576863,21062,PARTY INVITES SPACEMAN,Germany
576863,22029,SPACEBOY BIRTHDAY CARD,Germany
576863,22382,LUNCH BAG SPACEBOY DESIGN,Germany
576863,22423,REGENCY CAKESTAND 3 TIER,Germany
576863,22551,PLASTERS IN TIN SPACEBOY,Germany
576863,22964,3 PIECE SPACEBOY COOKIE CUTTER SET,Germany
576863,23084,RABBIT NIGHT LIGHT,Germany
576863,23157,SET OF 6 NATIVITY MAGNETS,Germany
576863,23234,BISCUIT TIN VINTAGE CHRISTMAS,Germany
576863,23245,SET OF 3 REGENCY CAKE TINS,Germany
576863,POST,POSTAGE,Germany
576892,22847,BREAD BIN DINER STYLE IVORY,United Kingdom
576892,23343,JUMBO BAG VINTAGE CHRISTMAS,United Kingdom
576892,23378,PACK OF 12 50'S CHRISTMAS TISSUES,United Kingdom
576892,23407,SET OF 2 TRAYS HOME SWEET HOME,United Kingdom
577023,20972,PINK CREAM FELT CRAFT TRINKET BOX,United Kingdom
577023,20973,12 PENCIL SMALL TUBE WOODLAND,United Kingdom
577023,21213,PACK OF 72 SKULL CAKE CASES,United Kingdom
577023,21481,FAWN BLUE HOT WATER BOTTLE,United Kingdom
577023,22726,ALARM CLOCK BAKELIKE GREEN,United Kingdom
577023,22727,ALARM CLOCK BAKELIKE RED,United Kingdom
577023,22865,HAND WARMER OWL DESIGN,United Kingdom
577023,22867,HAND WARMER BIRD DESIGN,United Kingdom
577023,22904,CALENDAR PAPER CUT DESIGN,United Kingdom
577023,22988,SOLDIERS EGG CUP,United Kingdom
577023,23209,LUNCH BAG VINTAGE DOILY,United Kingdom
577023,23240,SET OF 4 KNICK KNACK TINS DOILY,United Kingdom
577023,23285,PINK VINTAGE SPOT BEAKER,United Kingdom
577023,23286,BLUE VINTAGE SPOT BEAKER,United Kingdom
577023,23366,SET 12 COLOURING PENCILS DOILY,United Kingdom
577023,23493,VINTAGE DOILY TRAVEL SEWING KIT,United Kingdom
577023,23503,PLAYING CARDS KEEP CALM & CARRY ON,United Kingdom
577023,23531,WALL ART BIG LOVE,United Kingdom
577023,23542,WALL ART 70'S ALPHABET,United Kingdom
577059,21340,CLASSIC METAL BIRDCAGE PLANT HOLDER,United Kingdom
577059,22138,BAKING SET 9 PIECE RETROSPOT,United Kingdom
577059,22577,WOODEN HEART CHRISTMAS SCANDINAVIAN,United Kingdom
577059,22621,TRADITIONAL KNITTING NANCY,United Kingdom
577059,22624,IVORY KITCHEN SCALES,United Kingdom
577059,22625,RED KITCHEN SCALES,United Kingdom
577059,22941,CHRISTMAS LIGHTS 10 REINDEER,United Kingdom
577059,22952,60 CAKE CASES VINTAGE CHRISTMAS,United Kingdom
577059,22960,JAM MAKING SET WITH JARS,United Kingdom
577059,23311,VINTAGE CHRISTMAS STOCKING,United Kingdom
577059,23313,VINTAGE CHRISTMAS BUNTING,United Kingdom
577059,23352,ROLL WRAP 50'S RED CHRISTMAS,United Kingdom
577475,20914,SET/5 RED RETROSPOT LID GLASS BOWLS,United Kingdom
577475,21080,SET/20 RED RETROSPOT PAPER NAPKINS,United Kingdom
577475,21155,RED RETROSPOT PEG BAG,United Kingdom
577475,21212,PACK OF 72 RETROSPOT CAKE CASES,United Kingdom
577475,21239,PINK  POLKADOT CUP,United Kingdom
577475,21243,PINK POLKADOT PLATE,United Kingdom
577475,21430,SET/3 RED GINGHAM ROSE STORAGE BOX,United Kingdom
577475,21619,4 VANILLA BOTANICAL CANDLES,United Kingdom
577475,21843,RED RETROSPOT CAKE STAND,United Kingdom
577475,22079,RIBBON REEL HEARTS DESIGN,United Kingdom
577475,22087,PAPER BUNTING WHITE LACE,United Kingdom
577475,22096,PINK PAISLEY SQUARE TISSUE BOX,United Kingdom
577475,22132,RED LOVE HEART SHAPE CUP,United Kingdom
577475,22135,MINI LADLE LOVE HEART PINK,United Kingdom
577475,22271,FELTCRAFT DOLL ROSIE,United Kingdom
577475,22325,MOBILE VINTAGE HEARTS,United Kingdom
577475,22381,TOY TIDY PINK POLKADOT,United Kingdom
577475,22508,DOORSTOP RETROSPOT HEART,United Kingdom
577475,22692,DOORMAT WELCOME TO OUR HOME,United Kingdom
577475,22768,FAMILY PHOTO FRAME CORNICE,United Kingdom
577475,22966,GINGERBREAD MAN COOKIE CUTTER,United Kingdom
577475,22979,PANTRY WASHING UP BRUSH,United Kingdom
577475,23319,BOX OF 6 MINI 50'S CRACKERS,United Kingdom
577475,23352,ROLL WRAP 50'S RED CHRISTMAS,United Kingdom
577475,23354,6 GIFT TAGS 50'S CHRISTMAS,United Kingdom
577475,23460,SWEETHEART WALL TIDY,United Kingdom
577475,23567,EGG CUP HENRIETTA HEN PINK,United Kingdom
577475,48194,DOORMAT HEARTS,United Kingdom
577475,84946,ANTIQUE SILVER T-LIGHT GLASS,United Kingdom
577475,85066,CREAM SWEETHEART MINI CHEST,United Kingdom
577725,22325,MOBILE VINTAGE HEARTS,United Kingdom
577725,22470,HEART OF WICKER LARGE,United Kingdom
577725,23322,LARGE WHITE HEART OF WICKER,United Kingdom
577806,20749,ASSORTED COLOUR MINI CASES,United Kingdom
577806,21429,RED GINGHAM ROSE JEWELLERY BOX,United Kingdom
577806,22138,BAKING SET 9 PIECE RETROSPOT,United Kingdom
577806,22139,RETROSPOT TEA SET CERAMIC 11 PC,United Kingdom
577806,23581,JUMBO BAG PAISLEY PARK,United Kingdom
578009,20982,12 PENCILS TALL TUBE SKULLS,United Kingdom
578009,21034,REX CASH+CARRY JUMBO SHOPPER,United Kingdom
578009,22271,FELTCRAFT DOLL ROSIE,United Kingdom
578009,22273,FELTCRAFT DOLL MOLLY,United Kingdom
578009,22274,FELTCRAFT DOLL EMILY,United Kingdom
578009,22452,MEASURING TAPE BABUSHKA PINK,United Kingdom
578009,22568,FELTCRAFT CUSHION OWL,United Kingdom
578009,22602,RETROSPOT WOODEN HEART DECORATION,United Kingdom
578009,22603,CHRISTMAS RETROSPOT TREE WOOD,United Kingdom
578009,22738,RIBBON REEL SNOWY VILLAGE,United Kingdom
578009,22910,PAPER CHAIN KIT VINTAGE CHRISTMAS,United Kingdom
578009,22979,PANTRY WASHING UP BRUSH,United Kingdom
578009,22981,PANTRY APPLE CORER,United Kingdom
578009,23096,PETIT TRAY CHIC,United Kingdom
578009,23126,FELTCRAFT GIRL AMELIE KIT,United Kingdom
578009,23323,WHITE WICKER STAR,United Kingdom
578009,23333,IVORY WICKER HEART MEDIUM,United Kingdom
578009,23334,IVORY WICKER HEART SMALL,United Kingdom
578009,23382,BOX OF 6 CHRISTMAS CAKE DECORATIONS,United Kingdom
578023,23275,SET OF 3 HANGING OWLS OLLIE BEAK,United Kingdom
578068,20728,LUNCH BAG CARS BLUE,United Kingdom
578068,20755,BLUE PAISLEY POCKET BOOK,United Kingdom
578068,20756,GREEN FERN POCKET BOOK,United Kingdom
578068,20758,ABSTRACT CIRCLES POCKET BOOK,United Kingdom
578068,20759,CHRYSANTHEMUM POCKET BOOK,United Kingdom
578068,20780,BLACK EAR MUFF HEADPHONES,United Kingdom
578068,20781,GOLD EAR MUFF HEADPHONES,United Kingdom
578068,20893,HANGING BAUBLE T-LIGHT HOLDER SMALL,United Kingdom
578068,20971,PINK BLUE FELT CRAFT TRINKET BOX,United Kingdom
578068,20975,12 PENCILS SMALL TUBE RED RETROSPOT,United Kingdom
578068,21034,REX CASH+CARRY JUMBO SHOPPER,United Kingdom
578068,21066,VINTAGE RED MUG,United Kingdom
578068,21068,VINTAGE BILLBOARD LOVE/HATE MUG,United Kingdom
578068,21098,CHRISTMAS TOILET ROLL,United Kingdom
578068,21259,VICTORIAN SEWING BOX SMALL,United Kingdom
578068,21481,FAWN BLUE HOT WATER BOTTLE,United Kingdom
578068,21485,RETROSPOT HEART HOT WATER BOTTLE,United Kingdom
578068,21638,ASSORTED TUTTI FRUTTI NOTEBOOK,United Kingdom
578068,21745,GAOLERS KEYS DECORATIVE GARDEN,United Kingdom
578068,21774,DECORATIVE CATS BATHROOM BOTTLE,United Kingdom
578068,21775,DECORATIVE FLORE BATHROOM BOTTLE,United Kingdom
578068,21820,GLITTER HEART GARLAND WITH BELLS,United Kingdom
578068,21875,KINGS CHOICE MUG,United Kingdom
578068,21876,POTTERING MUG,United Kingdom
578068,21914,BLUE HARMONICA IN BOX,United Kingdom
578068,22086,PAPER CHAIN KIT 50'S CHRISTMAS,United Kingdom
578068,22111,SCOTTIE DOG HOT WATER BOTTLE,United Kingdom
578068,22112,CHOCOLATE HOT WATER BOTTLE,United Kingdom
578068,22189,CREAM HEART CARD HOLDER,United Kingdom
578068,22294,HEART FILIGREE DOVE  SMALL,United Kingdom
578068,22295,HEART FILIGREE DOVE LARGE,United Kingdom
578068,22358,KINGS CHOICE TEA CADDY,United Kingdom
578068,22362,GLASS JAR PEACOCK BATH SALTS,United Kingdom
578068,22364,GLASS JAR DIGESTIVE BISCUITS,United Kingdom
578068,22383,LUNCH BAG SUKI DESIGN,United Kingdom
578068,22551,PLASTERS IN TIN SPACEBOY,United Kingdom
578068,22554,PLASTERS IN TIN WOODLAND ANIMALS,United Kingdom
578068,22555,PLASTERS IN TIN STRONGMAN,United Kingdom
578068,22556,PLASTERS IN TIN CIRCUS PARADE,United Kingdom
578068,22557,PLASTERS IN TIN VINTAGE PAISLEY,United Kingdom
578068,22574,HEART WOODEN CHRISTMAS DECORATION,United Kingdom
578068,22586,FELTCRAFT HAIRBAND PINK AND BLUE,United Kingdom
578068,22587,FELTCRAFT HAIRBAND RED AND BLUE,United Kingdom
578068,22632,HAND WARMER RED RETROSPOT,United Kingdom
578068,22651,GENTLEMAN SHIRT REPAIR KIT,United Kingdom
578068,22662,LUNCH BAG DOLLY GIRL DESIGN,United Kingdom
578068,22666,RECIPE BOX PANTRY YELLOW DESIGN,United Kingdom
578068,22667,RECIPE BOX RETROSPOT,United Kingdom
578068,22679,FRENCH BLUE METAL DOOR SIGN 4,United Kingdom
578068,22685,FRENCH BLUE METAL DOOR SIGN 0,United Kingdom
578068,22722,SET OF 6 SPICE TINS PANTRY DESIGN,United Kingdom
578068,22834,HAND WARMER BABUSHKA DESIGN,United Kingdom
578068,22865,HAND WARMER OWL DESIGN,United Kingdom
578068,22866,HAND WARMER SCOTTY DOG DESIGN,United Kingdom
578068,22867,HAND WARMER BIRD DESIGN,United Kingdom
578068,22909,SET OF 20 VINTAGE CHRISTMAS NAPKINS,United Kingdom
578068,22910,PAPER CHAIN KIT VINTAGE CHRISTMAS,United Kingdom
578068,22940,FELTCRAFT CHRISTMAS FAIRY,United Kingdom
578068,23068,ALUMINIUM STAMPED HEART,United Kingdom
578068,23083,SET 6 PAPER TABLE LANTERN STARS,United Kingdom
578068,23084,RABBIT NIGHT LIGHT,United Kingdom
578068,23090,VINTAGE GLASS T-LIGHT HOLDER,United Kingdom
578068,23108,SET OF 10 LED DOLLY LIGHTS,United Kingdom
578068,23138,SINGLE WIRE HOOK IVORY HEART,United Kingdom
578068,23138,SINGLE WIRE HOOK IVORY HEART,United Kingdom
578068,23153,ZINC SWEETHEART WIRE LETTER RACK,United Kingdom
578068,23156,SET OF 5 MINI GROCERY MAGNETS,United Kingdom
578068,23156,SET OF 5 MINI GROCERY MAGNETS,United Kingdom
578068,23157,SET OF 6 NATIVITY MAGNETS,United Kingdom
578068,23158,SET OF 5 LUCKY CAT MAGNETS,United Kingdom
578068,23176,ABC TREASURE BOOK BOX,United Kingdom
578068,23177,TREASURE ISLAND BOOK BOX,United Kingdom
578068,23189,SET OF 12 FORK CANDLES,United Kingdom
578068,23193,BUFFALO BILL TREASURE BOOK BOX,United Kingdom
578068,23196,VINTAGE LEAF MAGNETIC NOTEPAD,United Kingdom
578068,23198,PANTRY MAGNETIC  SHOPPING LIST,United Kingdom
578068,23238,SET OF 4 KNICK KNACK TINS LONDON,United Kingdom
578068,23243,SET OF TEA COFFEE SUGAR TINS PANTRY,United Kingdom
578068,23247,BISCUIT TIN 50'S CHRISTMAS,United Kingdom
578068,23275,SET OF 3 HANGING OWLS OLLIE BEAK,United Kingdom
578068,23318,BOX OF 6 MINI VINTAGE CRACKERS,United Kingdom
578068,23319,BOX OF 6 MINI 50'S CRACKERS,United Kingdom
578068,23330,DECORATIVE WICKER HEART MEDIUM,United Kingdom
578068,23332,IVORY WICKER HEART LARGE,United Kingdom
578068,23333,IVORY WICKER HEART MEDIUM,United Kingdom
578068,23344,JUMBO BAG 50'S CHRISTMAS,United Kingdom
578068,23356,LOVE HOT WATER BOTTLE,United Kingdom
578068,23358,HOT STUFF HOT WATER BOTTLE,United Kingdom
578068,23366,SET 12 COLOURING PENCILS DOILY,United Kingdom
578068,23382,BOX OF 6 CHRISTMAS CAKE DECORATIONS,United Kingdom
578068,23415,HOME SWEET HOME HOOK,United Kingdom
578068,23439,HAND WARMER RED LOVE HEART,United Kingdom
578068,23462,ROCOCO WALL MIRROR WHITE,United Kingdom
578068,23493,VINTAGE DOILY TRAVEL SEWING KIT,United Kingdom
578068,23493,VINTAGE DOILY TRAVEL SEWING KIT,United Kingdom
578068,23502,PLAYING CARDS VINTAGE DOILY,United Kingdom
578068,23505,PLAYING CARDS I LOVE LONDON,United Kingdom
578068,23505,PLAYING CARDS I LOVE LONDON,United Kingdom
578068,23506,MINI PLAYING CARDS SPACEBOY,United Kingdom
578068,23506,MINI PLAYING CARDS SPACEBOY,United Kingdom
578068,23507,MINI PLAYING CARDS BUFFALO BILL,United Kingdom
578068,23507,MINI PLAYING CARDS BUFFALO BILL,United Kingdom
578068,23508,MINI PLAYING CARDS DOLLY GIRL,United Kingdom
578068,23569,TRADTIONAL ALPHABET STAMP SET,United Kingdom
578068,23570,TRADITIONAL PICK UP STICKS GAME,United Kingdom
578068,23571,TRADITIONAL NAUGHTS & CROSSES,United Kingdom
578068,70006,LOVE HEART POCKET WARMER,United Kingdom
578068,70007,HI TEC ALPINE HAND WARMER,United Kingdom
578068,79321,CHILLI LIGHTS,United Kingdom
578068,82483,WOOD 2 DRAWER CABINET WHITE FINISH,United Kingdom
578068,82551,LAUNDRY 15C METAL SIGN,United Kingdom
578068,82552,WASHROOM METAL SIGN,United Kingdom
578068,84006,MAGIC TREE -PAPER FLOWERS,United Kingdom
578068,84012,MAGIC SHEEP WOOL GROWING FROM PAPER,United Kingdom
578068,84030E,ENGLISH ROSE HOT WATER BOTTLE,United Kingdom
578068,84558A,3D DOG PICTURE PLAYING CARDS,United Kingdom
578068,84755,COLOUR GLASS T-LIGHT HOLDER HANGING,United Kingdom
578068,84879,ASSORTED COLOUR BIRD ORNAMENT,United Kingdom
578068,85123A,WHITE HANGING HEART T-LIGHT HOLDER,United Kingdom
578072,15034,PAPER POCKET TRAVELING FAN,United Kingdom
578072,17003,BROCADE RING PURSE,United Kingdom
578072,21034,REX CASH+CARRY JUMBO SHOPPER,United Kingdom
578072,21034,REX CASH+CARRY JUMBO SHOPPER,United Kingdom
578072,21084,SET/6 COLLAGE PAPER CUPS,United Kingdom
578072,21090,SET/6 COLLAGE PAPER PLATES,United Kingdom
578072,21109,LARGE CAKE TOWEL CHOCOLATE SPOTS,United Kingdom
578072,21121,SET/10 RED POLKADOT PARTY CANDLES,United Kingdom
578072,21122,SET/10 PINK POLKADOT PARTY CANDLES,United Kingdom
578072,21124,SET/10 BLUE POLKADOT PARTY CANDLES,United Kingdom
578072,21222,SET/4 BADGES BEETLES,United Kingdom
578072,21222,SET/4 BADGES BEETLES,United Kingdom
578072,21591,COSY HOUR CIGAR BOX MATCHES,United Kingdom
578072,21810,CHRISTMAS HANGING STAR WITH BELL,United Kingdom
578072,21812,GARLAND WITH HEARTS AND BELLS,United Kingdom
578072,21819,GLITTER CHRISTMAS STAR,United Kingdom
578072,21820,GLITTER HEART GARLAND WITH BELLS,United Kingdom
578072,21821,GLITTER STAR GARLAND WITH BELLS,United Kingdom
578072,21822,GLITTER CHRISTMAS TREE WITH BELLS,United Kingdom
578072,21822,GLITTER CHRISTMAS TREE WITH BELLS,United Kingdom
578072,21828,EIGHT PIECE SNAKE  SET,United Kingdom
578072,21987,PACK OF 6 SKULL PAPER CUPS,United Kingdom
578072,21988,PACK OF 6 SKULL PAPER PLATES,United Kingdom
578072,22086,PAPER CHAIN KIT 50'S CHRISTMAS,United Kingdom
578072,22130,PARTY CONE CHRISTMAS DECORATION,United Kingdom
578072,22144,CHRISTMAS CRAFT LITTLE FRIENDS,United Kingdom
578072,22215,CAKE STAND WHITE TWO TIER LACE,United Kingdom
578072,22277,COSMETIC BAG VINTAGE ROSE PAISLEY,United Kingdom
578072,22319,HAIRCLIPS FORTIES FABRIC ASSORTED,United Kingdom
578072,22334,DINOSAUR PARTY BAG + STICKER SET,United Kingdom
578072,22334,DINOSAUR PARTY BAG + STICKER SET,United Kingdom
578072,22460,EMBOSSED GLASS TEALIGHT HOLDER,United Kingdom
578072,22469,HEART OF WICKER SMALL,United Kingdom
578072,22470,HEART OF WICKER LARGE,United Kingdom
578072,22472,TV DINNER TRAY DOLLY GIRL,United Kingdom
578072,22474,SPACEBOY TV DINNER TRAY,United Kingdom
578072,22580,ADVENT CALENDAR GINGHAM SACK,United Kingdom
578072,22613,PACK OF 20 SPACEBOY NAPKINS,United Kingdom
578072,22627,MINT KITCHEN SCALES,United Kingdom
578072,22791,T-LIGHT GLASS FLUTED ANTIQUE,United Kingdom
578072,22798,ANTIQUE GLASS DRESSING TABLE POT,United Kingdom
578072,22801,ANTIQUE GLASS PEDESTAL BOWL,United Kingdom
578072,22801,ANTIQUE GLASS PEDESTAL BOWL,United Kingdom
578072,22851,SET 20 NAPKINS FAIRY CAKES DESIGN,United Kingdom
578072,22851,SET 20 NAPKINS FAIRY CAKES DESIGN,United Kingdom
578072,22909,SET OF 20 VINTAGE CHRISTMAS NAPKINS,United Kingdom
578072,22910,PAPER CHAIN KIT VINTAGE CHRISTMAS,United Kingdom
578072,23058,CHRISTMAS HANGING SNOWFLAKE,United Kingdom
578072,23060,HEART BEADED TRELLIS DECORATION,United Kingdom
578072,23061,VINTAGE EMBOSSED HEART,United Kingdom
578072,23068,ALUMINIUM STAMPED HEART,United Kingdom
578072,23088,ZINC HEART FLOWER T-LIGHT HOLDER,United Kingdom
578072,23103,JINGLE BELL HEART DECORATION,United Kingdom
578072,23113,PANTRY CHOPPING BOARD,United Kingdom
578072,23121,PACK OF 6 COCKTAIL PARASOL STRAWS,United Kingdom
578072,23122,PARTY CHARMS 50 PIECES,United Kingdom
578072,23122,PARTY CHARMS 50 PIECES,United Kingdom
578072,23245,SET OF 3 REGENCY CAKE TINS,United Kingdom
578072,23318,BOX OF 6 MINI VINTAGE CRACKERS,United Kingdom
578072,23319,BOX OF 6 MINI 50'S CRACKERS,United Kingdom
578072,23320,GIANT 50'S CHRISTMAS CRACKER,United Kingdom
578072,23330,DECORATIVE WICKER HEART MEDIUM,United Kingdom
578072,23331,DECORATIVE WICKER HEART SMALL,United Kingdom
578072,23331,DECORATIVE WICKER HEART SMALL,United Kingdom
578072,23332,IVORY WICKER HEART LARGE,United Kingdom
578072,23333,IVORY WICKER HEART MEDIUM,United Kingdom
578072,23334,IVORY WICKER HEART SMALL,United Kingdom
578072,47599A,PINK PARTY BAGS,United Kingdom
578072,78124,MAGAZINE RACK GEBRA ASSORTED,United Kingdom
578072,84199,GLOW IN DARK DOLPHINS,United Kingdom
578072,84199,GLOW IN DARK DOLPHINS,United Kingdom
578072,84692,BOX OF 24 COCKTAIL PARASOLS,United Kingdom
578072,84836,ZINC METAL HEART DECORATION,United Kingdom
578072,84947,ANTIQUE SILVER TEA GLASS ENGRAVED,United Kingdom
578072,84947,ANTIQUE SILVER TEA GLASS ENGRAVED,United Kingdom
578072,84949,SILVER HANGING T-LIGHT HOLDER,United Kingdom
578072,84949,SILVER HANGING T-LIGHT HOLDER,United Kingdom
578286,22578,WOODEN STAR CHRISTMAS SCANDINAVIAN,United Kingdom
578321,20728,LUNCH BAG CARS BLUE,Spain
578321,84997B,CHILDRENS CUTLERY RETROSPOT RED,Spain
578321,84997C,CHILDRENS CUTLERY POLKADOT BLUE,Spain
578321,84997D,CHILDRENS CUTLERY POLKADOT PINK,Spain
578816,21592,RETROSPOT CIGAR BOX MATCHES,United Kingdom
578816,22632,HAND WARMER RED RETROSPOT,United Kingdom
578816,23444,Next Day Carriage,United Kingdom
578816,23503,PLAYING CARDS KEEP CALM & CARRY ON,United Kingdom
578816,72741,GRAND CHOCOLATECANDLE,United Kingdom
578856,21034,REX CASH+CARRY JUMBO SHOPPER,United Kingdom
578856,21592,RETROSPOT CIGAR BOX MATCHES,United Kingdom
578856,21731,RED TOADSTOOL LED NIGHT LIGHT,United Kingdom
578856,21833,CAMOUFLAGE LED TORCH,United Kingdom
578856,21977,PACK OF 60 PINK PAISLEY CAKE CASES,United Kingdom
578856,22114,HOT WATER BOTTLE TEA AND SYMPATHY,United Kingdom
578856,22139,RETROSPOT TEA SET CERAMIC 11 PC,United Kingdom
578856,22466,FAIRY TALE COTTAGE NIGHT LIGHT,United Kingdom
578856,22659,LUNCH BOX I LOVE LONDON,United Kingdom
578856,22730,ALARM CLOCK BAKELIKE IVORY,United Kingdom
578856,22745,POPPY'S PLAYHOUSE BEDROOM,United Kingdom
578856,22746,POPPY'S PLAYHOUSE LIVINGROOM,United Kingdom
578856,22748,POPPY'S PLAYHOUSE KITCHEN,United Kingdom
578856,22792,FLUTED ANTIQUE CANDLE HOLDER,United Kingdom
578856,22835,HOT WATER BOTTLE I AM SO POORLY,United Kingdom
578856,22992,REVOLVER WOODEN RULER,United Kingdom
578856,23084,RABBIT NIGHT LIGHT,United Kingdom
578856,23189,SET OF 12 FORK CANDLES,United Kingdom
578856,23205,CHARLOTTE BAG VINTAGE ALPHABET,United Kingdom
578856,23207,LUNCH BAG ALPHABET DESIGN,United Kingdom
578856,23245,SET OF 3 REGENCY CAKE TINS,United Kingdom
578856,23357,HOT WATER BOTTLE SEX BOMB,United Kingdom
578856,23360,SET 8 CANDLES VINTAGE DOILY,United Kingdom
578856,23365,SET 12 COLOUR PENCILS LOVE LONDON,United Kingdom
578856,23376,PACK OF 12 VINTAGE CHRISTMAS TISSUE,United Kingdom
578856,23378,PACK OF 12 50'S CHRISTMAS TISSUES,United Kingdom
578856,23486,ANTIQUE HEART SHELF UNIT,United Kingdom
578856,23506,MINI PLAYING CARDS SPACEBOY,United Kingdom
578856,23531,WALL ART BIG LOVE,United Kingdom
578856,23534,WALL ART STOP FOR TEA,United Kingdom
578856,23535,WALL ART BICYCLE SAFETY,United Kingdom
578856,23541,WALL ART CLASSIC PUDDINGS,United Kingdom
578856,23542,WALL ART 70'S ALPHABET,United Kingdom
578856,23543,WALL ART KEEP CALM,United Kingdom
578856,23552,BICYCLE PUNCTURE REPAIR KIT,United Kingdom
578856,23569,TRADTIONAL ALPHABET STAMP SET,United Kingdom
578856,23578,SNACK TRAY RED GINGHAM,United Kingdom
578856,84692,BOX OF 24 COCKTAIL PARASOLS,United Kingdom
578856,84946,ANTIQUE SILVER T-LIGHT GLASS,United Kingdom
578856,84947,ANTIQUE SILVER TEA GLASS ENGRAVED,United Kingdom
578996,20718,RED RETROSPOT SHOPPER BAG,United Kingdom
578996,20975,12 PENCILS SMALL TUBE RED RETROSPOT,United Kingdom
578996,20992,JAZZ HEARTS PURSE NOTEBOOK,United Kingdom
578996,20996,JAZZ HEARTS ADDRESS BOOK,United Kingdom
578996,21034,REX CASH+CARRY JUMBO SHOPPER,United Kingdom
578996,21231,SWEETHEART CERAMIC TRINKET BOX,United Kingdom
578996,21810,CHRISTMAS HANGING STAR WITH BELL,United Kingdom
578996,21930,JUMBO STORAGE BAG SKULLS,United Kingdom
578996,21933,PINK VINTAGE PAISLEY PICNIC BAG,United Kingdom
578996,22064,PINK DOUGHNUT TRINKET POT,United Kingdom
578996,22068,BLACK PIRATE TREASURE CHEST,United Kingdom
578996,22173,METAL 4 HOOK HANGER FRENCH CHATEAU,United Kingdom
578996,22386,JUMBO BAG PINK POLKADOT,United Kingdom
578996,22419,LIPSTICK PEN RED,United Kingdom
578996,22420,LIPSTICK PEN BABY PINK,United Kingdom
578996,22507,MEMO BOARD RETROSPOT  DESIGN,United Kingdom
578996,23132,SMALL IVORY HEART WALL ORGANISER,United Kingdom
578996,23343,JUMBO BAG VINTAGE CHRISTMAS,United Kingdom
578996,23469,CARD HOLDER LOVE BIRD SMALL,United Kingdom
578996,23581,JUMBO BAG PAISLEY PARK,United Kingdom
578996,47591D,PINK FAIRY CAKE CHILDRENS APRON,United Kingdom
578996,70006,LOVE HEART POCKET WARMER,United Kingdom
578996,70006,LOVE HEART POCKET WARMER,United Kingdom
578996,81952V,ROUND PURPLE CLOCK WITH SUCKER,United Kingdom
578996,M,Manual,United Kingdom
579016,23497,CLASSIC CHROME BICYCLE BELL,United Kingdom
579016,23498,CLASSIC BICYCLE CLIPS,United Kingdom
579016,23526,DOG LICENCE WALL ART,United Kingdom
579016,23534,STOP FOR TEA WALL ART,United Kingdom
579016,23535,BICYCLE SAFTEY WALL ART,United Kingdom
579016,23552,BICYCLE PUNCTURE REPAIR KIT,United Kingdom
579016,23571,TRADITIONAL NAUGHTS & CROSSES,United Kingdom
579188,15036,ASSORTED COLOURS SILK FAN,United Kingdom
579188,20963,APPLE BATH SPONGE,United Kingdom
579188,21137,BLACK RECORD COVER FRAME,United Kingdom
579188,21497,FANCY FONTS BIRTHDAY WRAP,United Kingdom
579188,21703,BAG 125g SWIRLY MARBLES,United Kingdom
579188,21833,CAMOUFLAGE LED TORCH,United Kingdom
579188,21990,MODERN FLORAL STATIONERY SET,United Kingdom
579188,22041,"RECORD FRAME 7"" SINGLE SIZE",United Kingdom
579188,22082,RIBBON REEL STRIPES DESIGN,United Kingdom
579188,22139,RETROSPOT TEA SET CERAMIC 11 PC,United Kingdom
579188,22174,PHOTO CUBE,United Kingdom
579188,22181,SNOWSTORM PHOTO FRAME FRIDGE MAGNET,United Kingdom
579188,22382,LUNCH BAG SPACEBOY DESIGN,United Kingdom
579188,22450,SILK PURSE BABUSHKA BLUE,United Kingdom
579188,22453,MEASURING TAPE BABUSHKA BLUE,United Kingdom
579188,22466,FAIRY TALE COTTAGE NIGHT LIGHT,United Kingdom
579188,22717,CARD DOG AND BALL,United Kingdom
579188,22846,BREAD BIN DINER STYLE RED,United Kingdom
579188,22906,12 MESSAGE CARDS WITH ENVELOPES,United Kingdom
579188,22909,SET OF 20 VINTAGE CHRISTMAS NAPKINS,United Kingdom
579188,23052,RECYCLED ACAPULCO MAT TURQUOISE,United Kingdom
579188,23076,ICE CREAM SUNDAE LIP GLOSS,United Kingdom
579188,23078,ICE CREAM PEN LIP GLOSS,United Kingdom
579188,23084,RABBIT NIGHT LIGHT,United Kingdom
579188,23159,SET OF 5 PANCAKE DAY MAGNETS,United Kingdom
579188,23177,TREASURE ISLAND BOOK BOX,United Kingdom
579188,23206,LUNCH BAG APPLE DESIGN,United Kingdom
579188,23293,SET OF 12 FAIRY CAKE BAKING CASES,United Kingdom
579188,23318,BOX OF 6 MINI VINTAGE CRACKERS,United Kingdom
579188,23320,GIANT 50'S CHRISTMAS CRACKER,United Kingdom
579188,23349,ROLL WRAP VINTAGE CHRISTMAS,United Kingdom
579188,23389,SPACEBOY MINI BACKPACK,United Kingdom
579188,23495,SET OF 3 PANTRY WOODEN SPOONS,United Kingdom
579188,23498,CLASSIC BICYCLE CLIPS,United Kingdom
579188,23500,KEY RING BASEBALL BOOT ASSORTED,United Kingdom
579188,23569,TRADTIONAL ALPHABET STAMP SET,United Kingdom
579188,23570,TRADITIONAL PICK UP STICKS GAME,United Kingdom
579188,37413,ICON MUG REVOLUTIONARY,United Kingdom
579188,84946,ANTIQUE SILVER T-LIGHT GLASS,United Kingdom
579456,20914,SET/5 RED RETROSPOT LID GLASS BOWLS,United Kingdom
579456,21034,REX CASH+CARRY JUMBO SHOPPER,United Kingdom
579456,21084,SET/6 COLLAGE PAPER CUPS,United Kingdom
579456,21090,SET/6 COLLAGE PAPER PLATES,United Kingdom
579456,21383,PACK OF 12 STICKY BUNNIES,United Kingdom
579456,21592,RETROSPOT CIGAR BOX MATCHES,United Kingdom
579456,21733,RED HANGING HEART T-LIGHT HOLDER,United Kingdom
579456,21739,COSY SLIPPER SHOES SMALL GREEN,United Kingdom
579456,21773,DECORATIVE ROSE BATHROOM BOTTLE,United Kingdom
579456,21774,DECORATIVE CATS BATHROOM BOTTLE,United Kingdom
579456,21775,DECORATIVE FLORE BATHROOM BOTTLE,United Kingdom
579456,21947,SET OF 6 HEART CHOPSTICKS,United Kingdom
579456,22093,MOTORING TISSUE BOX,United Kingdom
579456,22097,SWALLOW SQUARE TISSUE BOX,United Kingdom
579456,22098,BOUDOIR SQUARE TISSUE BOX,United Kingdom
579456,22163,HEART STRING MEMO HOLDER HANGING,United Kingdom
579456,22181,SNOWSTORM PHOTO FRAME FRIDGE MAGNET,United Kingdom
579456,22203,MILK PAN RED RETROSPOT,United Kingdom
579456,22212,FOUR HOOK  WHITE LOVEBIRDS,United Kingdom
579456,22277,COSMETIC BAG VINTAGE ROSE PAISLEY,United Kingdom
579456,22306,SILVER MUG BONE CHINA TREE OF LIFE,United Kingdom
579456,22326,ROUND SNACK BOXES SET OF4 WOODLAND,United Kingdom
579456,22398,MAGNETS PACK OF 4 SWALLOWS,United Kingdom
579456,22419,LIPSTICK PEN RED,United Kingdom
579456,22467,GUMBALL COAT RACK,United Kingdom
579456,22494,EMERGENCY FIRST AID TIN,United Kingdom
579456,22495,SET OF 2 ROUND TINS CAMEMBERT,United Kingdom
579456,22496,SET OF 2 ROUND TINS DUTCH CHEESE,United Kingdom
579456,22551,PLASTERS IN TIN SPACEBOY,United Kingdom
579456,22576,SWALLOW WOODEN CHRISTMAS DECORATION,United Kingdom
579456,22585,PACK OF 6 BIRDY GIFT TAGS,United Kingdom
579456,22624,IVORY KITCHEN SCALES,United Kingdom
579456,22624,IVORY KITCHEN SCALES,United Kingdom
579456,22626,BLACK KITCHEN SCALES,United Kingdom
579456,22670,FRENCH WC SIGN BLUE METAL,United Kingdom
579456,22676,FRENCH BLUE METAL DOOR SIGN 1,United Kingdom
579456,22677,FRENCH BLUE METAL DOOR SIGN 2,United Kingdom
579456,22804,PINK HANGING HEART T-LIGHT HOLDER,United Kingdom
579456,22984,CARD GINGHAM ROSE,United Kingdom
579456,23084,RABBIT NIGHT LIGHT,United Kingdom
579456,23084,RABBIT NIGHT LIGHT,United Kingdom
579456,23209,LUNCH BAG VINTAGE DOILY,United Kingdom
579456,23275,SET OF 3 HANGING OWLS OLLIE BEAK,United Kingdom
579456,23281,FOLDING BUTTERFLY MIRROR RED,United Kingdom
579456,23282,FOLDING BUTTERFLY MIRROR IVORY,United Kingdom
579456,23282,FOLDING BUTTERFLY MIRROR IVORY,United Kingdom
579456,23284,DOORMAT KEEP CALM AND COME IN,United Kingdom
579456,23287,RED VINTAGE SPOT BEAKER,United Kingdom
579456,23318,BOX OF 6 MINI VINTAGE CRACKERS,United Kingdom
579456,23353,6 GIFT TAGS VINTAGE CHRISTMAS,United Kingdom
579456,23354,6 GIFT TAGS 50'S CHRISTMAS,United Kingdom
579456,23416,CHAMBRE HOOK,United Kingdom
579456,23428,IVORY RETRO KITCHEN WALL CLOCK,United Kingdom
579456,23452,HEART MINI PORTRAIT FRAME,United Kingdom
579456,23493,VINTAGE DOILY TRAVEL SEWING KIT,United Kingdom
579456,23493,VINTAGE DOILY TRAVEL SEWING KIT,United Kingdom
579456,23503,PLAYING CARDS KEEP CALM & CARRY ON,United Kingdom
579456,35471D,SET OF 3 BIRD LIGHT PINK FEATHER,United Kingdom
579456,47421,ASSORTED COLOUR LIZARD SUCTION HOOK,United Kingdom
579456,82567,"AIRLINE LOUNGE,METAL SIGN",United Kingdom
579456,82578,KITCHEN METAL SIGN,United Kingdom
579456,82580,BATHROOM METAL SIGN,United Kingdom
579456,82581,TOILET METAL SIGN,United Kingdom
579456,82582,AREA PATROLLED METAL SIGN,United Kingdom
579456,84380,SET OF 3 BUTTERFLY COOKIE CUTTERS,United Kingdom
579456,84596B,SMALL DOLLY MIX DESIGN ORANGE BOWL,United Kingdom
579456,84792,ENCHANTED BIRD COATHANGER 5 HOOK,United Kingdom
579456,84843,WHITE SOAP RACK WITH 2 BOTTLES,United Kingdom
579456,85015,SET OF 12  VINTAGE POSTCARD SET,United Kingdom
579456,85034B,3 WHITE CHOC MORRIS BOXED CANDLES,United Kingdom
579456,85123A,WHITE HANGING HEART T-LIGHT HOLDER,United Kingdom
579456,85169A,IVORY LOVE BIRD CANDLE,United Kingdom
579456,85178,VICTORIAN SEWING KIT,United Kingdom
579456,85227,SET OF 6 3D KIT CARDS FOR KIDS,United Kingdom
579540,15056BL,EDWARDIAN PARASOL BLACK,United Kingdom
579540,15056N,EDWARDIAN PARASOL NATURAL,United Kingdom
579540,15056P,EDWARDIAN PARASOL PINK,United Kingdom
579540,20685,DOORMAT RED RETROSPOT,United Kingdom
579540,20712,JUMBO BAG WOODLAND ANIMALS,United Kingdom
579540,21889,WOODEN BOX OF DOMINOES,United Kingdom
579540,21929,JUMBO BAG PINK VINTAGE PAISLEY,United Kingdom
579540,21930,JUMBO STORAGE BAG SKULLS,United Kingdom
579540,22385,JUMBO BAG SPACEBOY DESIGN,United Kingdom
579540,22553,PLASTERS IN TIN SKULLS,United Kingdom
579540,22690,DOORMAT HOME SWEET HOME BLUE,United Kingdom
579540,22835,HOT WATER BOTTLE I AM SO POORLY,United Kingdom
579540,23199,JUMBO BAG APPLES,United Kingdom
579540,23200,JUMBO BAG PEARS,United Kingdom
579540,23201,JUMBO BAG ALPHABET,United Kingdom
579540,23284,DOORMAT KEEP CALM AND COME IN,United Kingdom
579540,23343,JUMBO BAG VINTAGE CHRISTMAS,United Kingdom
579540,23344,JUMBO BAG 50'S CHRISTMAS,United Kingdom
579540,23570,TRADITIONAL PICK UP STICKS GAME,United Kingdom
579540,23571,TRADITIONAL NAUGHTS & CROSSES,United Kingdom
579540,23582,VINTAGE DOILY JUMBO BAG RED,United Kingdom
579540,48138,DOORMAT UNION FLAG,United Kingdom
579899,20970,PINK FLORAL FELTCRAFT SHOULDER BAG,United Kingdom
579899,22402,MAGNETS PACK OF 4 VINTAGE COLLAGE,United Kingdom
579899,22457,NATURAL SLATE HEART CHALKBOARD,United Kingdom
579899,22577,WOODEN HEART CHRISTMAS SCANDINAVIAN,United Kingdom
579899,22595,GINGHAM HEART DECORATION,United Kingdom
579899,22623,BOX OF VINTAGE JIGSAW BLOCKS,United Kingdom
579899,23129,HEART SHAPED HOLLY WREATH,United Kingdom
579899,23301,GARDENERS KNEELING PAD KEEP CALM,United Kingdom
579899,23407,SET OF 2 TRAYS HOME SWEET HOME,United Kingdom
579899,23562,SET OF 6 RIBBONS PERFECTLY PRETTY,United Kingdom
579899,71477,COLOURED GLASS STAR T-LIGHT HOLDER,United Kingdom
579899,84347,ROTATING SILVER ANGELS T-LIGHT HLDR,United Kingdom
579936,21787,RAIN PONCHO RETROSPOT,United Kingdom
580091,21034,REX CASH+CARRY JUMBO SHOPPER,United Kingdom
580091,21619,4 VANILLA BOTANICAL CANDLES,United Kingdom
580091,21620,SET OF 4 ROSE BOTANICAL CANDLES,United Kingdom
580091,21833,CAMOUFLAGE LED TORCH,United Kingdom
580091,22075,6 RIBBONS ELEGANT CHRISTMAS,United Kingdom
580091,23084,RABBIT NIGHT LIGHT,United Kingdom
580091,23119,PACK OF 6 LARGE FRUIT STRAWS,United Kingdom
580091,23500,KEY RING BASEBALL BOOT ASSORTED,United Kingdom
580091,84945,MULTI COLOUR SILVER T-LIGHT HOLDER,United Kingdom
580091,85049A,TRADITIONAL CHRISTMAS RIBBONS,United Kingdom
580166,22112,CHOCOLATE HOT WATER BOTTLE,United Kingdom
580166,22835,HOT WATER BOTTLE I AM SO POORLY,United Kingdom
580166,23082,SET 6 PAPER TABLE LANTERN HEARTS,United Kingdom
580166,23109,PACK OF SIX LED TEA LIGHTS,United Kingdom
580166,23535,WALL ART BICYCLE SAFETY,United Kingdom
580525,21666,RIDGED GLASS T-LIGHT HOLDER,United Kingdom
580525,22113,GREY HEART HOT WATER BOTTLE,United Kingdom
580525,22178,VICTORIAN GLASS HANGING T-LIGHT,United Kingdom
580525,85136C,RED SHARK HELICOPTER,United Kingdom
580656,71477,COLOURED GLASS STAR T-LIGHT HOLDER,United Kingdom
580656,72799C,PINK PILLAR CANDLE SILVER FLOCK,United Kingdom
580656,72799E,IVORY PILLAR CANDLE SILVER FLOCK,United Kingdom
580656,72800B,4 PURPLE FLOCK DINNER CANDLES,United Kingdom
580656,72800C,4 PINK DINNER CANDLE SILVER FLOCK,United Kingdom
580656,72800E,4 IVORY DINNER CANDLES SILVER FLOCK,United Kingdom
580656,84347,ROTATING SILVER ANGELS T-LIGHT HLDR,United Kingdom
580656,84356,POMPOM CURTAIN,United Kingdom
580752,20685,DOORMAT RED RETROSPOT,Greece
580752,20725,LUNCH BAG RED RETROSPOT,Greece
580752,20727,LUNCH BAG  BLACK SKULL.,Greece
580752,20728,LUNCH BAG CARS BLUE,Greece
580752,20750,RED RETROSPOT MINI CASES,Greece
580752,20982,12 PENCILS TALL TUBE SKULLS,Greece
580752,20983,12 PENCILS TALL TUBE RED RETROSPOT,Greece
580752,21479,WHITE SKULL HOT WATER BOTTLE,Greece
580752,21481,FAWN BLUE HOT WATER BOTTLE,Greece
580752,21891,TRADITIONAL WOODEN SKIPPING ROPE,Greece
580752,22029,SPACEBOY BIRTHDAY CARD,Greece
580752,22037,ROBOT BIRTHDAY CARD,Greece
580752,22111,SCOTTIE DOG HOT WATER BOTTLE,Greece
580752,22138,BAKING SET 9 PIECE RETROSPOT,Greece
580752,22139,RETROSPOT TEA SET CERAMIC 11 PC,Greece
580752,22326,ROUND SNACK BOXES SET OF4 WOODLAND,Greece
580752,22327,ROUND SNACK BOXES SET OF 4 SKULLS,Greece
580752,22382,LUNCH BAG SPACEBOY DESIGN,Greece
580752,22584,PACK OF 6 PANETTONE GIFT BOXES,Greece
580752,22617,BAKING SET SPACEBOY DESIGN,Greece
580752,22619,SET OF 6 SOLDIER SKITTLES,Greece
580752,22623,BOX OF VINTAGE JIGSAW BLOCKS,Greece
580752,22712,CARD DOLLY GIRL,Greece
580752,22750,FELTCRAFT PRINCESS LOLA DOLL,Greece
580752,22816,CARD MOTORBIKE SANTA,Greece
580752,22899,CHILDREN'S APRON DOLLY GIRL,Greece
580752,22940,FELTCRAFT CHRISTMAS FAIRY,Greece
580752,22941,CHRISTMAS LIGHTS 10 REINDEER,Greece
580752,22966,GINGERBREAD MAN COOKIE CUTTER,Greece
580752,23084,RABBIT NIGHT LIGHT,Greece
580752,23108,SET OF 10 LED DOLLY LIGHTS,Greece
580752,23254,CHILDRENS CUTLERY DOLLY GIRL,Greece
580752,23256,CHILDRENS CUTLERY SPACEBOY,Greece
580752,23389,SPACEBOY MINI BACKPACK,Greece
580752,23390,DOLLY GIRL MINI BACKPACK,Greece
580752,POST,POSTAGE,Greece
580755,21191,LARGE WHITE HONEYCOMB PAPER BELL,United Kingdom
580755,21204,DAISIES  HONEYCOMB GARLAND,United Kingdom
580909,21872,GLAMOROUS  MUG,United Kingdom
580909,21876,POTTERING MUG,United Kingdom
580909,21928,JUMBO BAG SCANDINAVIAN BLUE PAISLEY,United Kingdom
580909,21929,JUMBO BAG PINK VINTAGE PAISLEY,United Kingdom
580909,22083,PAPER CHAIN KIT RETROSPOT,United Kingdom
580909,22385,JUMBO BAG SPACEBOY DESIGN,United Kingdom
580909,22663,JUMBO BAG DOLLY GIRL DESIGN,United Kingdom
580909,22910,PAPER CHAIN KIT VINTAGE CHRISTMAS,United Kingdom
580909,23200,JUMBO BAG PEARS,United Kingdom
580909,23343,JUMBO BAG VINTAGE CHRISTMAS,United Kingdom
580909,23344,JUMBO BAG 50'S CHRISTMAS,United Kingdom
580909,23498,CLASSIC BICYCLE CLIPS,United Kingdom
580909,23560,SET OF 6 RIBBONS COUNTRY STYLE,United Kingdom
580909,23562,SET OF 6 RIBBONS PERFECTLY PRETTY,United Kingdom
580909,23581,JUMBO BAG PAISLEY PARK,United Kingdom
580909,23582,VINTAGE DOILY JUMBO BAG RED,United Kingdom
581143,23249,VINTAGE RED ENAMEL TRIM PLATE,United Kingdom
581143,23250,VINTAGE RED TRIM ENAMEL BOWL,United Kingdom
581182,20831,GOLD PHOTO FRAME,Portugal
581182,21109,LARGE CAKE TOWEL CHOCOLATE SPOTS,Portugal
581182,21115,ROSE CARAVAN DOORSTOP,Portugal
581182,21128,GOLD FISHING GNOME,Portugal
581182,21166,COOK WITH WINE METAL SIGN,Portugal
581182,21907,I'M ON HOLIDAY METAL SIGN,Portugal
581182,22199,FRYING PAN RED RETROSPOT,Portugal
581182,22203,MILK PAN RED RETROSPOT,Portugal
581182,22366,DOORMAT AIRMAIL,Portugal
581182,22442,GROW YOUR OWN FLOWERS SET OF 3,Portugal
581182,22496,SET OF 2 ROUND TINS DUTCH CHEESE,Portugal
581182,22690,DOORMAT HOME SWEET HOME BLUE,Portugal
581182,22692,DOORMAT WELCOME TO OUR HOME,Portugal
581182,23108,SET OF 10 LED DOLLY LIGHTS,Portugal
581182,23284,DOORMAT KEEP CALM AND COME IN,Portugal
581182,23302,KNEELING MAT HOUSEWORK  DESIGN,Portugal
581182,POST,POSTAGE,Portugal
581186,21314,SMALL GLASS HEART TRINKET POT,United Kingdom
581186,22312,OFFICE MUG WARMER POLKADOT,United Kingdom
581186,22726,ALARM CLOCK BAKELIKE GREEN,United Kingdom
581186,22727,ALARM CLOCK BAKELIKE RED,United Kingdom
581186,22865,HAND WARMER OWL DESIGN,United Kingdom
581186,22866,HAND WARMER SCOTTY DOG DESIGN,United Kingdom
581186,22867,HAND WARMER BIRD DESIGN,United Kingdom
581186,23077,DOUGHNUT LIP GLOSS,United Kingdom
581224,20996,JAZZ HEARTS ADDRESS BOOK,United Kingdom
581224,21051,RIBBONS PURSE,United Kingdom
581224,21485,RETROSPOT HEART HOT WATER BOTTLE,United Kingdom
581224,22319,HAIRCLIPS FORTIES FABRIC ASSORTED,United Kingdom
581224,22722,SET OF 6 SPICE TINS PANTRY DESIGN,United Kingdom
581224,23552,BICYCLE PUNCTURE REPAIR KIT,United Kingdom
581224,23583,LUNCH BAG PAISLEY PARK,United Kingdom
581224,47504H,ENGLISH ROSE SPIRIT LEVEL,United Kingdom
581224,51014A,"FEATHER PEN,HOT PINK",United Kingdom
581224,85071B,RED CHARLIE+LOLA PERSONAL DOORSIGN,United Kingdom
581395,21623,VINTAGE UNION JACK MEMOBOARD,United Kingdom
581395,21755,LOVE BUILDING BLOCK WORD,United Kingdom
581395,22086,PAPER CHAIN KIT 50'S CHRISTMAS,United Kingdom
581395,22208,WOOD STAMP SET THANK YOU,United Kingdom
581395,22442,GROW YOUR OWN FLOWERS SET OF 3,United Kingdom
581395,22507,MEMO BOARD RETROSPOT  DESIGN,United Kingdom
581395,22753,SMALL YELLOW BABUSHKA NOTEBOOK,United Kingdom
581395,22982,PANTRY PASTRY BRUSH,United Kingdom
581395,23080,RED METAL BOX TOP SECRET,United Kingdom
581395,23081,GREEN METAL BOX ARMY SUPPLIES,United Kingdom
581395,23240,SET OF 4 KNICK KNACK TINS DOILY,United Kingdom
581395,23256,CHILDRENS CUTLERY SPACEBOY,United Kingdom
581395,23300,GARDENERS KNEELING PAD CUP OF TEA,United Kingdom
581395,23301,GARDENERS KNEELING PAD KEEP CALM,United Kingdom
581395,23302,KNEELING MAT HOUSEWORK  DESIGN,United Kingdom
581395,23359,SET OF 12 T-LIGHTS VINTAGE DOILY,United Kingdom
581395,23370,SET 36 COLOURING PENCILS DOILY,United Kingdom
581395,23485,BOTANICAL GARDENS WALL CLOCK,United Kingdom
581395,84997B,CHILDRENS CUTLERY RETROSPOT RED,United Kingdom
581395,85123A,CREAM HANGING HEART T-LIGHT HOLDER,United Kingdom
581456,21034,REX CASH+CARRY JUMBO SHOPPER,United Kingdom
581456,21121,SET/10 RED POLKADOT PARTY CANDLES,United Kingdom
581456,21122,SET/10 PINK POLKADOT PARTY CANDLES,United Kingdom
581456,21123,SET/10 IVORY POLKADOT PARTY CANDLES,United Kingdom
581456,21123,SET/10 IVORY POLKADOT PARTY CANDLES,United Kingdom
581456,21124,SET/10 BLUE POLKADOT PARTY CANDLES,United Kingdom
581456,21790,VINTAGE SNAP CARDS,United Kingdom
581456,21889,WOODEN BOX OF DOMINOES,United Kingdom
581456,22086,PAPER CHAIN KIT 50'S CHRISTMAS,United Kingdom
581456,22111,SCOTTIE DOG HOT WATER BOTTLE,United Kingdom
581456,22606,WOODEN SKITTLES GARDEN SET,United Kingdom
581456,22909,SET OF 20 VINTAGE CHRISTMAS NAPKINS,United Kingdom
581456,22910,PAPER CHAIN KIT VINTAGE CHRISTMAS,United Kingdom
581456,22964,3 PIECE SPACEBOY COOKIE CUTTER SET,United Kingdom
581456,22966,GINGERBREAD MAN COOKIE CUTTER,United Kingdom
581456,22994,TRAVEL CARD WALLET RETROSPOT,United Kingdom
581456,22995,TRAVEL CARD WALLET SUKI,United Kingdom
581456,22996,TRAVEL CARD WALLET VINTAGE TICKET,United Kingdom
581456,22998,TRAVEL CARD WALLET KEEP CALM,United Kingdom
581456,22999,TRAVEL CARD WALLET VINTAGE LEAF,United Kingdom
581456,23002,TRAVEL CARD WALLET SKULLS,United Kingdom
581456,23005,TRAVEL CARD WALLET I LOVE LONDON,United Kingdom
581456,23329,DECORATIVE WICKER HEART LARGE,United Kingdom
581456,23329,DECORATIVE WICKER HEART LARGE,United Kingdom
581456,23330,DECORATIVE WICKER HEART MEDIUM,United Kingdom
581456,23330,DECORATIVE WICKER HEART MEDIUM,United Kingdom
581456,23331,DECORATIVE WICKER HEART SMALL,United Kingdom
581456,23331,DECORATIVE WICKER HEART SMALL,United Kingdom
581456,23394,POSTE FRANCE CUSHION COVER,United Kingdom
581456,23395,BELLE JARDINIERE CUSHION COVER,United Kingdom
581456,23396,LE JARDIN BOTANIQUE CUSHION COVER,United Kingdom
581456,23569,TRADTIONAL ALPHABET STAMP SET,United Kingdom
581456,23570,TRADITIONAL PICK UP STICKS GAME,United Kingdom
581456,23571,TRADITIONAL NAUGHTS & CROSSES,United Kingdom
581456,23597,PAPER BUNTING PAISLEY PARK,United Kingdom
581456,35964,FOLKART CLIP ON STARS,United Kingdom
581456,35964,FOLKART CLIP ON STARS,United Kingdom
581456,84380,SET OF 3 BUTTERFLY COOKIE CUTTERS,United Kingdom
581456,84380,SET OF 3 BUTTERFLY COOKIE CUTTERS,United Kingdom
581566,23404,HOME SWEET HOME BLACKBOARD,United Kingdom
