Invoice,InvoiceDate,Quantity,Price,Customer ID,Country
489546,2009-12-01 12:30:00,6,1.65,14156,EIRE
489546,2009-12-01 12:30:00,4,4.25,14156,EIRE
489546,2009-12-01 12:30:00,12,0.85,14156,EIRE
489546,2009-12-01 12:30:00,12,1.65,14156,EIRE
489546,2009-12-01 12:30:00,12,2.1,14156,EIRE
489546,2009-12-01 12:30:00,24,0.55,14156,EIRE
489546,2009-12-01 12:30:00,3,4.25,14156,EIRE
489546,2009-12-01 12:30:00,8,1.65,14156,EIRE
489546,2009-12-01 12:30:00,8,1.95,14156,EIRE
489546,2009-12-01 12:30:00,12,0.85,14156,EIRE
489546,2009-12-01 12:30:00,6,2.55,14156,EIRE
489546,2009-12-01 12:30:00,9,4.25,14156,EIRE
489546,2009-12-01 12:30:00,3,4.95,14156,EIRE
489546,2009-12-01 12:30:00,3,4.95,14156,EIRE
489546,2009-12-01 12:30:00,1,14.95,14156,EIRE
489546,2009-12-01 12:30:00,6,3.75,14156,EIRE
489546,2009-12-01 12:30:00,4,3.45,14156,EIRE
489546,2009-12-01 12:30:00,2,6.75,14156,EIRE
489546,2009-12-01 12:30:00,6,2.1,14156,EIRE
489546,2009-12-01 12:30:00,2,12.75,14156,EIRE
489546,2009-12-01 12:30:00,2,6.75,14156,EIRE
489546,2009-12-01 12:30:00,12,1.25,14156,EIRE
489546,2009-12-01 12:30:00,12,1.25,14156,EIRE
489546,2009-12-01 12:30:00,6,2.95,14156,EIRE
489546,2009-12-01 12:30:00,4,8.5,14156,EIRE
489546,2009-12-01 12:30:00,1,12.75,14156,EIRE
489546,2009-12-01 12:30:00,6,2.1,14156,EIRE
489546,2009-12-01 12:30:00,6,2.1,14156,EIRE
489546,2009-12-01 12:30:00,4,4.25,14156,EIRE
489546,2009-12-01 12:30:00,4,10.75,14156,EIRE
489546,2009-12-01 12:30:00,4,6.75,14156,EIRE
489546,2009-12-01 12:30:00,2,6.75,14156,EIRE
489546,2009-12-01 12:30:00,6,2.95,14156,EIRE
489550,2009-12-01 12:33:00,12,1.25,14156,EIRE
489550,2009-12-01 12:33:00,12,1.25,14156,EIRE
489550,2009-12-01 12:33:00,12,1.25,14156,EIRE
489550,2009-12-01 12:33:00,6,2.1,14156,EIRE
489550,2009-12-01 12:33:00,48,0.55,14156,EIRE
489550,2009-12-01 12:33:00,2,14.95,14156,EIRE
489550,2009-12-01 12:33:00,2,9.95,14156,EIRE
489550,2009-12-01 12:33:00,18,1.25,14156,EIRE
489550,2009-12-01 12:33:00,6,2.95,14156,EIRE
489550,2009-12-01 12:33:00,2,4.95,14156,EIRE
489550,2009-12-01 12:33:00,6,3.75,14156,EIRE
489550,2009-12-01 12:33:00,2,6.75,14156,EIRE
489550,2009-12-01 12:33:00,6,3.75,14156,EIRE
489550,2009-12-01 12:33:00,12,0.85,14156,EIRE
489550,2009-12-01 12:33:00,12,0.85,14156,EIRE
489550,2009-12-01 12:33:00,4,9.95,14156,EIRE
489550,2009-12-01 12:33:00,6,2.55,14156,EIRE
489550,2009-12-01 12:33:00,48,0.55,14156,EIRE
489550,2009-12-01 12:33:00,2,12.75,14156,EIRE
489550,2009-12-01 12:33:00,2,12.75,14156,EIRE
489550,2009-12-01 12:33:00,4,12.75,14156,EIRE
489550,2009-12-01 12:33:00,2,6.75,14156,EIRE
489550,2009-12-01 12:33:00,6,3.75,14156,EIRE
489667,2009-12-01 18:35:00,12,1.25,16563,United Kingdom
489667,2009-12-01 18:35:00,32,2.55,16563,United Kingdom
489667,2009-12-01 18:35:00,24,3.75,16563,United Kingdom
489667,2009-12-01 18:35:00,12,1.95,16563,United Kingdom
489667,2009-12-01 18:35:00,24,3.39,16563,United Kingdom
489667,2009-12-01 18:35:00,12,1.69,16563,United Kingdom
489667,2009-12-01 18:35:00,32,2.95,16563,United Kingdom
489667,2009-12-01 18:35:00,25,0.42,16563,United Kingdom
489667,2009-12-01 18:35:00,24,1.69,16563,United Kingdom
489667,2009-12-01 18:35:00,24,3.39,16563,United Kingdom
490023,2009-12-03 12:38:00,1,79.95,16168,United Kingdom
490023,2009-12-03 12:38:00,6,2.95,16168,United Kingdom
490023,2009-12-03 12:38:00,30,2.55,16168,United Kingdom
490023,2009-12-03 12:38:00,12,1.25,16168,United Kingdom
490118,2009-12-03 17:46:00,2,3.95,17851,United Kingdom
490118,2009-12-03 17:46:00,2,4.25,17851,United Kingdom
490118,2009-12-03 17:46:00,2,5.95,17851,United Kingdom
490118,2009-12-03 17:46:00,4,5.95,17851,United Kingdom
490118,2009-12-03 17:46:00,4,1.55,17851,United Kingdom
490118,2009-12-03 17:46:00,3,4.95,17851,United Kingdom
490118,2009-12-03 17:46:00,2,3.75,17851,United Kingdom
490118,2009-12-03 17:46:00,3,0.85,17851,United Kingdom
490118,2009-12-03 17:46:00,2,0.85,17851,United Kingdom
490118,2009-12-03 17:46:00,3,2.95,17851,United Kingdom
490118,2009-12-03 17:46:00,3,1.45,17851,United Kingdom
490118,2009-12-03 17:46:00,3,1.65,17851,United Kingdom
490118,2009-12-03 17:46:00,12,0.65,17851,United Kingdom
490118,2009-12-03 17:46:00,2,3.45,17851,United Kingdom
490118,2009-12-03 17:46:00,2,7.95,17851,United Kingdom
490118,2009-12-03 17:46:00,3,1.45,17851,United Kingdom
490118,2009-12-03 17:46:00,4,2.1,17851,United Kingdom
490118,2009-12-03 17:46:00,2,1.25,17851,United Kingdom
490118,2009-12-03 17:46:00,3,5.49,17851,United Kingdom
490118,2009-12-03 17:46:00,2,3.25,17851,United Kingdom
490118,2009-12-03 17:46:00,2,2.95,17851,United Kingdom
490118,2009-12-03 17:46:00,2,1.95,17851,United Kingdom
490118,2009-12-03 17:46:00,2,1.95,17851,United Kingdom
490118,2009-12-03 17:46:00,5,2.1,17851,United Kingdom
490118,2009-12-03 17:46:00,6,0.85,17851,United Kingdom
490118,2009-12-03 17:46:00,11,0.42,17851,United Kingdom
490118,2009-12-03 17:46:00,3,0.65,17851,United Kingdom
490118,2009-12-03 17:46:00,4,0.85,17851,United Kingdom
490118,2009-12-03 17:46:00,4,0.85,17851,United Kingdom
490118,2009-12-03 17:46:00,4,0.85,17851,United Kingdom
490118,2009-12-03 17:46:00,5,0.85,17851,United Kingdom
490118,2009-12-03 17:46:00,4,1.25,17851,United Kingdom
490118,2009-12-03 17:46:00,3,0.65,17851,United Kingdom
490118,2009-12-03 17:46:00,4,1.25,17851,United Kingdom
490118,2009-12-03 17:46:00,2,0.85,17851,United Kingdom
490118,2009-12-03 17:46:00,1,1.65,17851,United Kingdom
490118,2009-12-03 17:46:00,5,0.65,17851,United Kingdom
490118,2009-12-03 17:46:00,2,3.75,17851,United Kingdom
490118,2009-12-03 17:46:00,3,1.25,17851,United Kingdom
490118,2009-12-03 17:46:00,2,2.95,17851,United Kingdom
490118,2009-12-03 17:46:00,2,2.55,17851,United Kingdom
490118,2009-12-03 17:46:00,1,2.95,17851,United Kingdom
490118,2009-12-03 17:46:00,1,2.55,17851,United Kingdom
490118,2009-12-03 17:46:00,1,2.1,17851,United Kingdom
490118,2009-12-03 17:46:00,3,1.25,17851,United Kingdom
490118,2009-12-03 17:46:00,1,2.95,17851,United Kingdom
490118,2009-12-03 17:46:00,5,7.95,17851,United Kingdom
490127,2009-12-03 18:13:00,2,7.95,14156,EIRE
490127,2009-12-03 18:13:00,6,2.55,14156,EIRE
490127,2009-12-03 18:13:00,6,2.1,14156,EIRE
490127,2009-12-03 18:13:00,2,8.95,14156,EIRE
490127,2009-12-03 18:13:00,2,10.75,14156,EIRE
490127,2009-12-03 18:13:00,12,1.25,14156,EIRE
490127,2009-12-03 18:13:00,12,1.25,14156,EIRE
490127,2009-12-03 18:13:00,2,9.95,14156,EIRE
490127,2009-12-03 18:13:00,4,4.95,14156,EIRE
490127,2009-12-03 18:13:00,3,5.95,14156,EIRE
490127,2009-12-03 18:13:00,24,0.55,14156,EIRE
490127,2009-12-03 18:13:00,24,0.42,14156,EIRE
490127,2009-12-03 18:13:00,3,4.95,14156,EIRE
490127,2009-12-03 18:13:00,1,50.0,14156,EIRE
490127,2009-12-03 18:13:00,2,7.95,14156,EIRE
490127,2009-12-03 18:13:00,1,7.95,14156,EIRE
490127,2009-12-03 18:13:00,12,1.95,14156,EIRE
490127,2009-12-03 18:13:00,12,1.25,14156,EIRE
490127,2009-12-03 18:13:00,6,2.1,14156,EIRE
490127,2009-12-03 18:13:00,2,4.95,14156,EIRE
490127,2009-12-03 18:13:00,6,2.1,14156,EIRE
490127,2009-12-03 18:13:00,8,3.95,14156,EIRE
490127,2009-12-03 18:13:00,3,4.95,14156,EIRE
490127,2009-12-03 18:13:00,6,2.95,14156,EIRE
490127,2009-12-03 18:13:00,4,4.25,14156,EIRE
490127,2009-12-03 18:13:00,6,4.95,14156,EIRE
490127,2009-12-03 18:13:00,4,3.75,14156,EIRE
490127,2009-12-03 18:13:00,2,8.5,14156,EIRE
490127,2009-12-03 18:13:00,3,4.25,14156,EIRE
490127,2009-12-03 18:13:00,2,8.5,14156,EIRE
490127,2009-12-03 18:13:00,6,2.55,14156,EIRE
490127,2009-12-03 18:13:00,3,4.95,14156,EIRE
490127,2009-12-03 18:13:00,12,0.85,14156,EIRE
490137,2009-12-03 19:22:00,2,3.75,14713,United Kingdom
490137,2009-12-03 19:22:00,12,2.95,14713,United Kingdom
490137,2009-12-03 19:22:00,6,1.65,14713,United Kingdom
490137,2009-12-03 19:22:00,6,1.65,14713,United Kingdom
490137,2009-12-03 19:22:00,3,1.25,14713,United Kingdom
490137,2009-12-03 19:22:00,12,0.85,14713,United Kingdom
490137,2009-12-03 19:22:00,3,1.25,14713,United Kingdom
490137,2009-12-03 19:22:00,2,2.55,14713,United Kingdom
490137,2009-12-03 19:22:00,3,1.65,14713,United Kingdom
490137,2009-12-03 19:22:00,2,2.95,14713,United Kingdom
490137,2009-12-03 19:22:00,6,0.85,14713,United Kingdom
490137,2009-12-03 19:22:00,4,1.95,14713,United Kingdom
490137,2009-12-03 19:22:00,2,1.95,14713,United Kingdom
490137,2009-12-03 19:22:00,3,2.1,14713,United Kingdom
490137,2009-12-03 19:22:00,12,0.42,14713,United Kingdom
490137,2009-12-03 19:22:00,2,2.95,14713,United Kingdom
490137,2009-12-03 19:22:00,6,0.55,14713,United Kingdom
490137,2009-12-03 19:22:00,12,1.25,14713,United Kingdom
490137,2009-12-03 19:22:00,2,1.95,14713,United Kingdom
490137,2009-12-03 19:22:00,2,1.95,14713,United Kingdom
490137,2009-12-03 19:22:00,2,2.1,14713,United Kingdom
490154,2009-12-04 10:18:00,3,1.25,16335,United Kingdom
490154,2009-12-04 10:18:00,1,1.69,16335,United Kingdom
490154,2009-12-04 10:18:00,2,1.65,16335,United Kingdom
490154,2009-12-04 10:18:00,1,1.65,16335,United Kingdom
490154,2009-12-04 10:18:00,2,1.25,16335,United Kingdom
490154,2009-12-04 10:18:00,1,2.1,16335,United Kingdom
490154,2009-12-04 10:18:00,2,1.25,16335,United Kingdom
490154,2009-12-04 10:18:00,2,1.25,16335,United Kingdom
490154,2009-12-04 10:18:00,4,5.95,16335,United Kingdom
490154,2009-12-04 10:18:00,2,1.95,16335,United Kingdom
490154,2009-12-04 10:18:00,1,1.25,16335,United Kingdom
490154,2009-12-04 10:18:00,6,1.95,16335,United Kingdom
490154,2009-12-04 10:18:00,4,1.95,16335,United Kingdom
490154,2009-12-04 10:18:00,4,1.49,16335,United Kingdom
490154,2009-12-04 10:18:00,4,1.25,16335,United Kingdom
490154,2009-12-04 10:18:00,3,1.95,16335,United Kingdom
490154,2009-12-04 10:18:00,1,6.75,16335,United Kingdom
490154,2009-12-04 10:18:00,1,6.75,16335,United Kingdom
490154,2009-12-04 10:18:00,1,6.75,16335,United Kingdom
490154,2009-12-04 10:18:00,2,8.5,16335,United Kingdom
490154,2009-12-04 10:18:00,6,1.25,16335,United Kingdom
490154,2009-12-04 10:18:00,1,4.95,16335,United Kingdom
490154,2009-12-04 10:18:00,2,0.95,16335,United Kingdom
490154,2009-12-04 10:18:00,1,4.95,16335,United Kingdom
490154,2009-12-04 10:18:00,1,1.25,16335,United Kingdom
490154,2009-12-04 10:18:00,2,1.25,16335,United Kingdom
490154,2009-12-04 10:18:00,1,7.95,16335,United Kingdom
490154,2009-12-04 10:18:00,9,1.45,16335,United Kingdom
490154,2009-12-04 10:18:00,1,5.95,16335,United Kingdom
490154,2009-12-04 10:18:00,9,1.49,16335,United Kingdom
490154,2009-12-04 10:18:00,1,7.95,16335,United Kingdom
490154,2009-12-04 10:18:00,1,5.95,16335,United Kingdom
490154,2009-12-04 10:18:00,2,5.95,16335,United Kingdom
490154,2009-12-04 10:18:00,1,1.69,16335,United Kingdom
490154,2009-12-04 10:18:00,2,1.69,16335,United Kingdom
490154,2009-12-04 10:18:00,1,2.55,16335,United Kingdom
490154,2009-12-04 10:18:00,3,3.75,16335,United Kingdom
490154,2009-12-04 10:18:00,1,7.95,16335,United Kingdom
490154,2009-12-04 10:18:00,2,3.75,16335,United Kingdom
490154,2009-12-04 10:18:00,4,3.75,16335,United Kingdom
490154,2009-12-04 10:18:00,3,2.95,16335,United Kingdom
490154,2009-12-04 10:18:00,1,2.55,16335,United Kingdom
490154,2009-12-04 10:18:00,1,2.55,16335,United Kingdom
490154,2009-12-04 10:18:00,2,2.55,16335,United Kingdom
490154,2009-12-04 10:18:00,1,1.25,16335,United Kingdom
490154,2009-12-04 10:18:00,1,1.65,16335,United Kingdom
490154,2009-12-04 10:18:00,2,1.25,16335,United Kingdom
490154,2009-12-04 10:18:00,1,1.25,16335,United Kingdom
490154,2009-12-04 10:18:00,1,3.75,16335,United Kingdom
490326,2009-12-04 15:28:00,6,2.1,13733,United Kingdom
490326,2009-12-04 15:28:00,2,9.95,13733,United Kingdom
490326,2009-12-04 15:28:00,4,3.45,13733,United Kingdom
490326,2009-12-04 15:28:00,6,2.1,13733,United Kingdom
490326,2009-12-04 15:28:00,6,2.95,13733,United Kingdom
490326,2009-12-04 15:28:00,6,2.95,13733,United Kingdom
490326,2009-12-04 15:28:00,12,1.25,13733,United Kingdom
490326,2009-12-04 15:28:00,12,0.85,13733,United Kingdom
490326,2009-12-04 15:28:00,4,3.45,13733,United Kingdom
490326,2009-12-04 15:28:00,4,3.95,13733,United Kingdom
490399,2009-12-06 10:38:00,2,6.75,12975,United Kingdom
490399,2009-12-06 10:38:00,3,4.25,12975,United Kingdom
490399,2009-12-06 10:38:00,4,3.75,12975,United Kingdom
490399,2009-12-06 10:38:00,2,6.75,12975,United Kingdom
490399,2009-12-06 10:38:00,3,5.95,12975,United Kingdom
490399,2009-12-06 10:38:00,12,1.25,12975,United Kingdom
490399,2009-12-06 10:38:00,1,12.75,12975,United Kingdom
490399,2009-12-06 10:38:00,4,4.95,12975,United Kingdom
490399,2009-12-06 10:38:00,3,4.65,12975,United Kingdom
490399,2009-12-06 10:38:00,8,6.75,12975,United Kingdom
490399,2009-12-06 10:38:00,4,6.75,12975,United Kingdom
490399,2009-12-06 10:38:00,8,1.95,12975,United Kingdom
490399,2009-12-06 10:38:00,2,5.49,12975,United Kingdom
490399,2009-12-06 10:38:00,12,1.25,12975,United Kingdom
490399,2009-12-06 10:38:00,8,2.1,12975,United Kingdom
490399,2009-12-06 10:38:00,6,2.55,12975,United Kingdom
490399,2009-12-06 10:38:00,12,1.25,12975,United Kingdom
490399,2009-12-06 10:38:00,4,6.75,12975,United Kingdom
490399,2009-12-06 10:38:00,2,6.75,12975,United Kingdom
490399,2009-12-06 10:38:00,6,6.75,12975,United Kingdom
490399,2009-12-06 10:38:00,4,6.75,12975,United Kingdom
490399,2009-12-06 10:38:00,2,6.75,12975,United Kingdom
490399,2009-12-06 10:38:00,3,5.45,12975,United Kingdom
490728,2009-12-07 16:40:00,1,0.55,16702,United Kingdom
490728,2009-12-07 16:40:00,1,0.55,16702,United Kingdom
490728,2009-12-07 16:40:00,2,0.85,16702,United Kingdom
490728,2009-12-07 16:40:00,2,0.85,16702,United Kingdom
490728,2009-12-07 16:40:00,1,4.25,16702,United Kingdom
490728,2009-12-07 16:40:00,1,4.95,16702,United Kingdom
490728,2009-12-07 16:40:00,2,1.65,16702,United Kingdom
490728,2009-12-07 16:40:00,1,6.75,16702,United Kingdom
490728,2009-12-07 16:40:00,24,0.42,16702,United Kingdom
490728,2009-12-07 16:40:00,1,3.75,16702,United Kingdom
490728,2009-12-07 16:40:00,1,16.95,16702,United Kingdom
490728,2009-12-07 16:40:00,12,0.42,16702,United Kingdom
490728,2009-12-07 16:40:00,1,2.95,16702,United Kingdom
490728,2009-12-07 16:40:00,10,1.25,16702,United Kingdom
490728,2009-12-07 16:40:00,24,0.55,16702,United Kingdom
490728,2009-12-07 16:40:00,6,3.75,16702,United Kingdom
490728,2009-12-07 16:40:00,36,0.21,16702,United Kingdom
490728,2009-12-07 16:40:00,10,1.25,16702,United Kingdom
490728,2009-12-07 16:40:00,10,1.25,16702,United Kingdom
490728,2009-12-07 16:40:00,2,6.95,16702,United Kingdom
490728,2009-12-07 16:40:00,1,4.95,16702,United Kingdom
490728,2009-12-07 16:40:00,2,2.95,16702,United Kingdom
490728,2009-12-07 16:40:00,12,1.25,16702,United Kingdom
490728,2009-12-07 16:40:00,12,1.25,16702,United Kingdom
490728,2009-12-07 16:40:00,10,1.25,16702,United Kingdom
490728,2009-12-07 16:40:00,12,0.42,16702,United Kingdom
490728,2009-12-07 16:40:00,1,5.95,16702,United Kingdom
490958,2009-12-08 15:12:00,48,3.39,13576,United Kingdom
490958,2009-12-08 15:12:00,24,3.39,13576,United Kingdom
490958,2009-12-08 15:12:00,4,3.75,13576,United Kingdom
490958,2009-12-08 15:12:00,8,2.1,13576,United Kingdom
490958,2009-12-08 15:12:00,18,1.49,13576,United Kingdom
490958,2009-12-08 15:12:00,18,1.45,13576,United Kingdom
491026,2009-12-08 19:02:00,48,3.39,15181,United Kingdom
491138,2009-12-09 16:26:00,60,0.85,16168,United Kingdom
491138,2009-12-09 16:26:00,2,12.75,16168,United Kingdom
491138,2009-12-09 16:26:00,12,1.95,16168,United Kingdom
491138,2009-12-09 16:26:00,1,79.95,16168,United Kingdom
491211,2009-12-10 14:22:00,24,1.25,14895,United Kingdom
491211,2009-12-10 14:22:00,24,1.45,14895,United Kingdom
491211,2009-12-10 14:22:00,12,2.55,14895,United Kingdom
491211,2009-12-10 14:22:00,12,2.55,14895,United Kingdom
491211,2009-12-10 14:22:00,6,5.95,14895,United Kingdom
491211,2009-12-10 14:22:00,12,2.95,14895,United Kingdom
491211,2009-12-10 14:22:00,12,1.25,14895,United Kingdom
491211,2009-12-10 14:22:00,24,1.49,14895,United Kingdom
491211,2009-12-10 14:22:00,24,2.95,14895,United Kingdom
491211,2009-12-10 14:22:00,6,10.75,14895,United Kingdom
491211,2009-12-10 14:22:00,24,1.25,14895,United Kingdom
491211,2009-12-10 14:22:00,12,6.95,14895,United Kingdom
491211,2009-12-10 14:22:00,48,2.55,14895,United Kingdom
491211,2009-12-10 14:22:00,6,9.95,14895,United Kingdom
491211,2009-12-10 14:22:00,8,8.5,14895,United Kingdom
491211,2009-12-10 14:22:00,18,2.55,14895,United Kingdom
491211,2009-12-10 14:22:00,24,1.25,14895,United Kingdom
491211,2009-12-10 14:22:00,36,0.55,14895,United Kingdom
491211,2009-12-10 14:22:00,6,9.95,14895,United Kingdom
491211,2009-12-10 14:22:00,24,0.55,14895,United Kingdom
491211,2009-12-10 14:22:00,36,0.55,14895,United Kingdom
491211,2009-12-10 14:22:00,12,1.65,14895,United Kingdom
491211,2009-12-10 14:22:00,48,0.85,14895,United Kingdom
491211,2009-12-10 14:22:00,48,0.85,14895,United Kingdom
491211,2009-12-10 14:22:00,36,2.1,14895,United Kingdom
491211,2009-12-10 14:22:00,12,6.35,14895,United Kingdom
491211,2009-12-10 14:22:00,12,4.25,14895,United Kingdom
491211,2009-12-10 14:22:00,6,1.45,14895,United Kingdom
491211,2009-12-10 14:22:00,12,5.95,14895,United Kingdom
491211,2009-12-10 14:22:00,12,5.95,14895,United Kingdom
491211,2009-12-10 14:22:00,8,2.1,14895,United Kingdom
491211,2009-12-10 14:22:00,6,9.95,14895,United Kingdom
491211,2009-12-10 14:22:00,48,1.69,14895,United Kingdom
491211,2009-12-10 14:22:00,24,2.1,14895,United Kingdom
491211,2009-12-10 14:22:00,32,2.55,14895,United Kingdom
491211,2009-12-10 14:22:00,24,2.75,14895,United Kingdom
491211,2009-12-10 14:22:00,2,9.95,14895,United Kingdom
491508,2009-12-11 12:24:00,32,2.55,16191,United Kingdom
491508,2009-12-11 12:24:00,48,2.75,16191,United Kingdom
491508,2009-12-11 12:24:00,18,1.25,16191,United Kingdom
491508,2009-12-11 12:24:00,18,1.25,16191,United Kingdom
491508,2009-12-11 12:24:00,18,1.25,16191,United Kingdom
491508,2009-12-11 12:24:00,18,1.25,16191,United Kingdom
491508,2009-12-11 12:24:00,18,1.25,16191,United Kingdom
491508,2009-12-11 12:24:00,18,1.25,16191,United Kingdom
491516,2009-12-11 12:28:00,1,0.42,14895,United Kingdom
491516,2009-12-11 12:28:00,3,16.95,14895,United Kingdom
491584,2009-12-11 12:55:00,1,2.95,12854,United Kingdom
491584,2009-12-11 12:55:00,1,2.95,12854,United Kingdom
491584,2009-12-11 12:55:00,6,2.95,12854,United Kingdom
491584,2009-12-11 12:55:00,4,2.95,12854,United Kingdom
491584,2009-12-11 12:55:00,4,2.1,12854,United Kingdom
491584,2009-12-11 12:55:00,6,2.1,12854,United Kingdom
491584,2009-12-11 12:55:00,12,1.25,12854,United Kingdom
491584,2009-12-11 12:55:00,5,2.1,12854,United Kingdom
491584,2009-12-11 12:55:00,4,1.25,12854,United Kingdom
491584,2009-12-11 12:55:00,4,1.25,12854,United Kingdom
491584,2009-12-11 12:55:00,2,8.5,12854,United Kingdom
491584,2009-12-11 12:55:00,2,4.95,12854,United Kingdom
491584,2009-12-11 12:55:00,2,1.45,12854,United Kingdom
491584,2009-12-11 12:55:00,4,2.1,12854,United Kingdom
491584,2009-12-11 12:55:00,2,1.45,12854,United Kingdom
491584,2009-12-11 12:55:00,2,4.95,12854,United Kingdom
491584,2009-12-11 12:55:00,1,5.49,12854,United Kingdom
491584,2009-12-11 12:55:00,1,5.95,12854,United Kingdom
491584,2009-12-11 12:55:00,12,1.65,12854,United Kingdom
491584,2009-12-11 12:55:00,4,2.95,12854,United Kingdom
491584,2009-12-11 12:55:00,1,9.95,12854,United Kingdom
491584,2009-12-11 12:55:00,5,1.65,12854,United Kingdom
491584,2009-12-11 12:55:00,25,0.42,12854,United Kingdom
491584,2009-12-11 12:55:00,12,2.55,12854,United Kingdom
491584,2009-12-11 12:55:00,2,6.75,12854,United Kingdom
491584,2009-12-11 12:55:00,4,5.45,12854,United Kingdom
491584,2009-12-11 12:55:00,6,4.65,12854,United Kingdom
491584,2009-12-11 12:55:00,2,0.95,12854,United Kingdom
491584,2009-12-11 12:55:00,2,4.25,12854,United Kingdom
491584,2009-12-11 12:55:00,25,0.42,12854,United Kingdom
491584,2009-12-11 12:55:00,25,0.42,12854,United Kingdom
491584,2009-12-11 12:55:00,25,0.42,12854,United Kingdom
491584,2009-12-11 12:55:00,25,0.42,12854,United Kingdom
491584,2009-12-11 12:55:00,6,0.65,12854,United Kingdom
491584,2009-12-11 12:55:00,24,2.95,12854,United Kingdom
491584,2009-12-11 12:55:00,6,0.65,12854,United Kingdom
491584,2009-12-11 12:55:00,6,0.65,12854,United Kingdom
491584,2009-12-11 12:55:00,2,4.25,12854,United Kingdom
491584,2009-12-11 12:55:00,4,5.95,12854,United Kingdom
491584,2009-12-11 12:55:00,2,2.95,12854,United Kingdom
491584,2009-12-11 12:55:00,2,6.75,12854,United Kingdom
491584,2009-12-11 12:55:00,6,0.85,12854,United Kingdom
491584,2009-12-11 12:55:00,4,1.95,12854,United Kingdom
491584,2009-12-11 12:55:00,6,0.65,12854,United Kingdom
491584,2009-12-11 12:55:00,2,6.75,12854,United Kingdom
491630,2009-12-11 14:39:00,5,0.85,17851,United Kingdom
491630,2009-12-11 14:39:00,1,9.95,17851,United Kingdom
491630,2009-12-11 14:39:00,2,4.25,17851,United Kingdom
491630,2009-12-11 14:39:00,2,1.95,17851,United Kingdom
491630,2009-12-11 14:39:00,5,0.85,17851,United Kingdom
491630,2009-12-11 14:39:00,5,0.85,17851,United Kingdom
491630,2009-12-11 14:39:00,3,1.25,17851,United Kingdom
491630,2009-12-11 14:39:00,4,2.95,17851,United Kingdom
491630,2009-12-11 14:39:00,2,7.95,17851,United Kingdom
491630,2009-12-11 14:39:00,3,1.25,17851,United Kingdom
491630,2009-12-11 14:39:00,5,0.85,17851,United Kingdom
491630,2009-12-11 14:39:00,2,7.95,17851,United Kingdom
491630,2009-12-11 14:39:00,1,9.95,17851,United Kingdom
491630,2009-12-11 14:39:00,3,1.25,17851,United Kingdom
491630,2009-12-11 14:39:00,1,5.95,17851,United Kingdom
491630,2009-12-11 14:39:00,3,2.55,17851,United Kingdom
491630,2009-12-11 14:39:00,1,6.75,17851,United Kingdom
491630,2009-12-11 14:39:00,5,2.1,17851,United Kingdom
491630,2009-12-11 14:39:00,6,1.69,17851,United Kingdom
491630,2009-12-11 14:39:00,1,5.95,17851,United Kingdom
491630,2009-12-11 14:39:00,5,1.25,17851,United Kingdom
491630,2009-12-11 14:39:00,6,2.1,17851,United Kingdom
491630,2009-12-11 14:39:00,5,0.85,17851,United Kingdom
491630,2009-12-11 14:39:00,4,1.65,17851,United Kingdom
491630,2009-12-11 14:39:00,4,1.65,17851,United Kingdom
491630,2009-12-11 14:39:00,4,0.42,17851,United Kingdom
491630,2009-12-11 14:39:00,3,4.95,17851,United Kingdom
491630,2009-12-11 14:39:00,2,3.75,17851,United Kingdom
491630,2009-12-11 14:39:00,2,5.45,17851,United Kingdom
491630,2009-12-11 14:39:00,2,1.25,17851,United Kingdom
491630,2009-12-11 14:39:00,24,0.85,17851,United Kingdom
491630,2009-12-11 14:39:00,9,1.95,17851,United Kingdom
491630,2009-12-11 14:39:00,1,2.95,17851,United Kingdom
491630,2009-12-11 14:39:00,2,2.95,17851,United Kingdom
491630,2009-12-11 14:39:00,3,2.95,17851,United Kingdom
491630,2009-12-11 14:39:00,1,2.95,17851,United Kingdom
491630,2009-12-11 14:39:00,3,0.85,17851,United Kingdom
491630,2009-12-11 14:39:00,6,0.85,17851,United Kingdom
491630,2009-12-11 14:39:00,5,0.85,17851,United Kingdom
491630,2009-12-11 14:39:00,6,0.85,17851,United Kingdom
491630,2009-12-11 14:39:00,3,0.85,17851,United Kingdom
491630,2009-12-11 14:39:00,5,1.25,17851,United Kingdom
491630,2009-12-11 14:39:00,5,1.65,17851,United Kingdom
491630,2009-12-11 14:39:00,7,2.95,17851,United Kingdom
491630,2009-12-11 14:39:00,2,2.95,17851,United Kingdom
491630,2009-12-11 14:39:00,3,4.95,17851,United Kingdom
491630,2009-12-11 14:39:00,2,5.95,17851,United Kingdom
491630,2009-12-11 14:39:00,2,1.25,17851,United Kingdom
491630,2009-12-11 14:39:00,4,1.65,17851,United Kingdom
491630,2009-12-11 14:39:00,4,1.25,17851,United Kingdom
491630,2009-12-11 14:39:00,1,6.75,17851,United Kingdom
491630,2009-12-11 14:39:00,3,3.75,17851,United Kingdom
491630,2009-12-11 14:39:00,3,2.95,17851,United Kingdom
491630,2009-12-11 14:39:00,2,3.75,17851,United Kingdom
491630,2009-12-11 14:39:00,1,6.75,17851,United Kingdom
491630,2009-12-11 14:39:00,1,4.25,17851,United Kingdom
491630,2009-12-11 14:39:00,1,4.25,17851,United Kingdom
491630,2009-12-11 14:39:00,1,3.75,17851,United Kingdom
491652,2009-12-13 10:48:00,3,2.95,16335,United Kingdom
491652,2009-12-13 10:48:00,3,2.95,16335,United Kingdom
491652,2009-12-13 10:48:00,2,1.25,16335,United Kingdom
491652,2009-12-13 10:48:00,2,1.25,16335,United Kingdom
491652,2009-12-13 10:48:00,2,1.25,16335,United Kingdom
491652,2009-12-13 10:48:00,2,1.25,16335,United Kingdom
491652,2009-12-13 10:48:00,2,6.95,16335,United Kingdom
491652,2009-12-13 10:48:00,6,1.25,16335,United Kingdom
491652,2009-12-13 10:48:00,12,1.25,16335,United Kingdom
491652,2009-12-13 10:48:00,6,1.95,16335,United Kingdom
491652,2009-12-13 10:48:00,4,2.95,16335,United Kingdom
491652,2009-12-13 10:48:00,2,6.75,16335,United Kingdom
491652,2009-12-13 10:48:00,2,7.95,16335,United Kingdom
491652,2009-12-13 10:48:00,1,2.95,16335,United Kingdom
491652,2009-12-13 10:48:00,1,2.95,16335,United Kingdom
491652,2009-12-13 10:48:00,2,0.95,16335,United Kingdom
491652,2009-12-13 10:48:00,2,6.75,16335,United Kingdom
491652,2009-12-13 10:48:00,3,6.75,16335,United Kingdom
491652,2009-12-13 10:48:00,1,5.95,16335,United Kingdom
491652,2009-12-13 10:48:00,2,6.75,16335,United Kingdom
491652,2009-12-13 10:48:00,1,8.5,16335,United Kingdom
491652,2009-12-13 10:48:00,4,10.75,16335,United Kingdom
491652,2009-12-13 10:48:00,3,9.95,16335,United Kingdom
491652,2009-12-13 10:48:00,1,6.75,16335,United Kingdom
491652,2009-12-13 10:48:00,2,4.95,16335,United Kingdom
491652,2009-12-13 10:48:00,2,6.75,16335,United Kingdom
491652,2009-12-13 10:48:00,3,3.95,16335,United Kingdom
491652,2009-12-13 10:48:00,9,1.49,16335,United Kingdom
491652,2009-12-13 10:48:00,2,8.5,16335,United Kingdom
491652,2009-12-13 10:48:00,1,6.75,16335,United Kingdom
491652,2009-12-13 10:48:00,1,19.95,16335,United Kingdom
491652,2009-12-13 10:48:00,1,6.75,16335,United Kingdom
491652,2009-12-13 10:48:00,4,7.95,16335,United Kingdom
491652,2009-12-13 10:48:00,3,2.95,16335,United Kingdom
491652,2009-12-13 10:48:00,1,4.95,16335,United Kingdom
491652,2009-12-13 10:48:00,1,1.25,16335,United Kingdom
491652,2009-12-13 10:48:00,2,2.95,16335,United Kingdom
491652,2009-12-13 10:48:00,6,1.25,16335,United Kingdom
491652,2009-12-13 10:48:00,10,0.42,16335,United Kingdom
491652,2009-12-13 10:48:00,3,2.1,16335,United Kingdom
491652,2009-12-13 10:48:00,3,2.1,16335,United Kingdom
491652,2009-12-13 10:48:00,2,1.25,16335,United Kingdom
491652,2009-12-13 10:48:00,2,1.25,16335,United Kingdom
491652,2009-12-13 10:48:00,2,1.25,16335,United Kingdom
491652,2009-12-13 10:48:00,2,12.75,16335,United Kingdom
491652,2009-12-13 10:48:00,2,3.25,16335,United Kingdom
491652,2009-12-13 10:48:00,4,0.85,16335,United Kingdom
491652,2009-12-13 10:48:00,4,0.85,16335,United Kingdom
491652,2009-12-13 10:48:00,2,2.55,16335,United Kingdom
491652,2009-12-13 10:48:00,2,2.1,16335,United Kingdom
491652,2009-12-13 10:48:00,10,1.25,16335,United Kingdom
491656,2009-12-13 10:59:00,2,1.65,16719,United Kingdom
491656,2009-12-13 10:59:00,3,4.95,16719,United Kingdom
491656,2009-12-13 10:59:00,4,3.75,16719,United Kingdom
491656,2009-12-13 10:59:00,4,1.25,16719,United Kingdom
491656,2009-12-13 10:59:00,1,3.75,16719,United Kingdom
491656,2009-12-13 10:59:00,1,2.1,16719,United Kingdom
491656,2009-12-13 10:59:00,5,3.75,16719,United Kingdom
491656,2009-12-13 10:59:00,2,3.75,16719,United Kingdom
491656,2009-12-13 10:59:00,2,3.75,16719,United Kingdom
491656,2009-12-13 10:59:00,2,12.75,16719,United Kingdom
491656,2009-12-13 10:59:00,2,1.25,16719,United Kingdom
491656,2009-12-13 10:59:00,2,4.95,16719,United Kingdom
491656,2009-12-13 10:59:00,2,6.75,16719,United Kingdom
491656,2009-12-13 10:59:00,3,2.1,16719,United Kingdom
491656,2009-12-13 10:59:00,2,1.65,16719,United Kingdom
491656,2009-12-13 10:59:00,2,1.65,16719,United Kingdom
491656,2009-12-13 10:59:00,6,6.75,16719,United Kingdom
491656,2009-12-13 10:59:00,13,6.75,16719,United Kingdom
491656,2009-12-13 10:59:00,25,0.42,16719,United Kingdom
491656,2009-12-13 10:59:00,25,0.42,16719,United Kingdom
491656,2009-12-13 10:59:00,25,0.42,16719,United Kingdom
491656,2009-12-13 10:59:00,2,6.75,16719,United Kingdom
491656,2009-12-13 10:59:00,1,7.95,16719,United Kingdom
491656,2009-12-13 10:59:00,5,0.42,16719,United Kingdom
491656,2009-12-13 10:59:00,2,0.65,16719,United Kingdom
491656,2009-12-13 10:59:00,1,3.75,16719,United Kingdom
491656,2009-12-13 10:59:00,1,3.75,16719,United Kingdom
491656,2009-12-13 10:59:00,25,0.42,16719,United Kingdom
492092,2009-12-15 14:03:00,4,3.75,14156,EIRE
492092,2009-12-15 14:03:00,2,5.95,14156,EIRE
492092,2009-12-15 14:03:00,2,12.75,14156,EIRE
492092,2009-12-15 14:03:00,4,3.75,14156,EIRE
492092,2009-12-15 14:03:00,8,1.65,14156,EIRE
492092,2009-12-15 14:03:00,4,3.45,14156,EIRE
492092,2009-12-15 14:03:00,3,4.95,14156,EIRE
492092,2009-12-15 14:03:00,6,2.55,14156,EIRE
492092,2009-12-15 14:03:00,24,0.42,14156,EIRE
492092,2009-12-15 14:03:00,6,2.95,14156,EIRE
492092,2009-12-15 14:03:00,4,3.75,14156,EIRE
492092,2009-12-15 14:03:00,12,0.85,14156,EIRE
492092,2009-12-15 14:03:00,24,0.85,14156,EIRE
492092,2009-12-15 14:03:00,6,2.95,14156,EIRE
492092,2009-12-15 14:03:00,2,7.95,14156,EIRE
492092,2009-12-15 14:03:00,6,2.95,14156,EIRE
492092,2009-12-15 14:03:00,3,4.65,14156,EIRE
492092,2009-12-15 14:03:00,3,4.65,14156,EIRE
492092,2009-12-15 14:03:00,1,50.0,14156,EIRE
492092,2009-12-15 14:03:00,12,1.25,14156,EIRE
492092,2009-12-15 14:03:00,6,2.1,14156,EIRE
492092,2009-12-15 14:03:00,2,10.95,14156,EIRE
492092,2009-12-15 14:03:00,6,2.95,14156,EIRE
492092,2009-12-15 14:03:00,12,1.25,14156,EIRE
492092,2009-12-15 14:03:00,2,9.95,14156,EIRE
492092,2009-12-15 14:03:00,12,0.42,14156,EIRE
492092,2009-12-15 14:03:00,12,0.85,14156,EIRE
492092,2009-12-15 14:03:00,6,2.95,14156,EIRE
492092,2009-12-15 14:03:00,4,3.75,14156,EIRE
492092,2009-12-15 14:03:00,6,2.1,14156,EIRE
492092,2009-12-15 14:03:00,24,1.25,14156,EIRE
492092,2009-12-15 14:03:00,12,1.25,14156,EIRE
492092,2009-12-15 14:03:00,12,1.45,14156,EIRE
492092,2009-12-15 14:03:00,12,1.65,14156,EIRE
492092,2009-12-15 14:03:00,3,4.95,14156,EIRE
492092,2009-12-15 14:03:00,4,4.25,14156,EIRE
492092,2009-12-15 14:03:00,6,2.55,14156,EIRE
492092,2009-12-15 14:03:00,2,7.95,14156,EIRE
492092,2009-12-15 14:03:00,6,2.95,14156,EIRE
492092,2009-12-15 14:03:00,12,0.85,14156,EIRE
492092,2009-12-15 14:03:00,12,1.25,14156,EIRE
492092,2009-12-15 14:03:00,12,1.69,14156,EIRE
492235,2009-12-15 19:06:00,144,0.36,14460,United Kingdom
492235,2009-12-15 19:06:00,2,7.95,14460,United Kingdom
492235,2009-12-15 19:06:00,24,0.85,14460,United Kingdom
492235,2009-12-15 19:06:00,50,0.21,14460,United Kingdom
492235,2009-12-15 19:06:00,10,1.25,14460,United Kingdom
492235,2009-12-15 19:06:00,24,0.85,14460,United Kingdom
492235,2009-12-15 19:06:00,4,5.95,14460,United Kingdom
492251,2009-12-16 10:51:00,24,0.55,14156,EIRE
492251,2009-12-16 10:51:00,12,1.25,14156,EIRE
492251,2009-12-16 10:51:00,6,2.55,14156,EIRE
492251,2009-12-16 10:51:00,6,2.55,14156,EIRE
492251,2009-12-16 10:51:00,6,2.1,14156,EIRE
492251,2009-12-16 10:51:00,6,2.1,14156,EIRE
492251,2009-12-16 10:51:00,6,2.1,14156,EIRE
492251,2009-12-16 10:51:00,12,2.1,14156,EIRE
492251,2009-12-16 10:51:00,4,4.25,14156,EIRE
492251,2009-12-16 10:51:00,12,1.65,14156,EIRE
492251,2009-12-16 10:51:00,12,0.42,14156,EIRE
492251,2009-12-16 10:51:00,10,1.95,14156,EIRE
492251,2009-12-16 10:51:00,2,7.95,14156,EIRE
492251,2009-12-16 10:51:00,2,8.95,14156,EIRE
492251,2009-12-16 10:51:00,2,8.95,14156,EIRE
492251,2009-12-16 10:51:00,4,3.75,14156,EIRE
492251,2009-12-16 10:51:00,12,1.69,14156,EIRE
492251,2009-12-16 10:51:00,12,1.25,14156,EIRE
492251,2009-12-16 10:51:00,3,4.95,14156,EIRE
492251,2009-12-16 10:51:00,3,4.95,14156,EIRE
492251,2009-12-16 10:51:00,6,2.55,14156,EIRE
492251,2009-12-16 10:51:00,12,1.25,14156,EIRE
492251,2009-12-16 10:51:00,6,2.55,14156,EIRE
492251,2009-12-16 10:51:00,6,2.55,14156,EIRE
492251,2009-12-16 10:51:00,12,1.25,14156,EIRE
492251,2009-12-16 10:51:00,6,2.95,14156,EIRE
492251,2009-12-16 10:51:00,6,2.95,14156,EIRE
492251,2009-12-16 10:51:00,4,3.95,14156,EIRE
492251,2009-12-16 10:51:00,4,3.45,14156,EIRE
492251,2009-12-16 10:51:00,3,4.95,14156,EIRE
492251,2009-12-16 10:51:00,10,1.95,14156,EIRE
492251,2009-12-16 10:51:00,10,1.95,14156,EIRE
492251,2009-12-16 10:51:00,10,1.95,14156,EIRE
492251,2009-12-16 10:51:00,12,1.25,14156,EIRE
492251,2009-12-16 10:51:00,12,2.55,14156,EIRE
492251,2009-12-16 10:51:00,6,2.95,14156,EIRE
492251,2009-12-16 10:51:00,2,9.95,14156,EIRE
492251,2009-12-16 10:51:00,12,1.25,14156,EIRE
492251,2009-12-16 10:51:00,8,1.65,14156,EIRE
492251,2009-12-16 10:51:00,2,9.95,14156,EIRE
492251,2009-12-16 10:51:00,3,10.95,14156,EIRE
492251,2009-12-16 10:51:00,8,1.65,14156,EIRE
492251,2009-12-16 10:51:00,6,2.95,14156,EIRE
492251,2009-12-16 10:51:00,10,1.95,14156,EIRE
492251,2009-12-16 10:51:00,24,0.65,14156,EIRE
492251,2009-12-16 10:51:00,6,2.1,14156,EIRE
492251,2009-12-16 10:51:00,24,1.25,14156,EIRE
492251,2009-12-16 10:51:00,12,1.25,14156,EIRE
492251,2009-12-16 10:51:00,10,0.85,14156,EIRE
492361,2009-12-16 13:40:00,3,1.25,17833,United Kingdom
492361,2009-12-16 13:40:00,4,1.25,17833,United Kingdom
492361,2009-12-16 13:40:00,2,4.25,17833,United Kingdom
492361,2009-12-16 13:40:00,5,1.69,17833,United Kingdom
492361,2009-12-16 13:40:00,12,2.95,17833,United Kingdom
492361,2009-12-16 13:40:00,2,1.95,17833,United Kingdom
492361,2009-12-16 13:40:00,2,1.95,17833,United Kingdom
492361,2009-12-16 13:40:00,1,2.55,17833,United Kingdom
492361,2009-12-16 13:40:00,3,2.1,17833,United Kingdom
492361,2009-12-16 13:40:00,2,3.75,17833,United Kingdom
492361,2009-12-16 13:40:00,2,2.55,17833,United Kingdom
492361,2009-12-16 13:40:00,4,1.25,17833,United Kingdom
492361,2009-12-16 13:40:00,25,0.55,17833,United Kingdom
492361,2009-12-16 13:40:00,4,1.45,17833,United Kingdom
492361,2009-12-16 13:40:00,6,2.1,17833,United Kingdom
492361,2009-12-16 13:40:00,2,6.75,17833,United Kingdom
492361,2009-12-16 13:40:00,2,6.75,17833,United Kingdom
492361,2009-12-16 13:40:00,3,6.75,17833,United Kingdom
492361,2009-12-16 13:40:00,18,1.49,17833,United Kingdom
492361,2009-12-16 13:40:00,2,8.95,17833,United Kingdom
492361,2009-12-16 13:40:00,1,1.25,17833,United Kingdom
492361,2009-12-16 13:40:00,2,6.75,17833,United Kingdom
492361,2009-12-16 13:40:00,1,1.69,17833,United Kingdom
492361,2009-12-16 13:40:00,4,1.45,17833,United Kingdom
492361,2009-12-16 13:40:00,1,1.25,17833,United Kingdom
492361,2009-12-16 13:40:00,18,1.45,17833,United Kingdom
492361,2009-12-16 13:40:00,2,6.75,17833,United Kingdom
492361,2009-12-16 13:40:00,2,6.75,17833,United Kingdom
492361,2009-12-16 13:40:00,2,6.75,17833,United Kingdom
492361,2009-12-16 13:40:00,2,6.75,17833,United Kingdom
492361,2009-12-16 13:40:00,2,6.75,17833,United Kingdom
492361,2009-12-16 13:40:00,4,1.45,17833,United Kingdom
492539,2009-12-17 13:35:00,2,3.75,16908,United Kingdom
492539,2009-12-17 13:35:00,22,4.95,16908,United Kingdom
492539,2009-12-17 13:35:00,2,3.75,16908,United Kingdom
492539,2009-12-17 13:35:00,3,2.95,16908,United Kingdom
492539,2009-12-17 13:35:00,3,4.25,16908,United Kingdom
492539,2009-12-17 13:35:00,2,3.75,16908,United Kingdom
492539,2009-12-17 13:35:00,2,2.55,16908,United Kingdom
492539,2009-12-17 13:35:00,3,3.75,16908,United Kingdom
492539,2009-12-17 13:35:00,2,4.25,16908,United Kingdom
492539,2009-12-17 13:35:00,4,1.65,16908,United Kingdom
492539,2009-12-17 13:35:00,2,4.25,16908,United Kingdom
492539,2009-12-17 13:35:00,1,4.25,16908,United Kingdom
492539,2009-12-17 13:35:00,1,4.25,16908,United Kingdom
492539,2009-12-17 13:35:00,1,3.49,16908,United Kingdom
492539,2009-12-17 13:35:00,3,3.75,16908,United Kingdom
492539,2009-12-17 13:35:00,2,4.65,16908,United Kingdom
492539,2009-12-17 13:35:00,2,4.65,16908,United Kingdom
492539,2009-12-17 13:35:00,1,4.65,16908,United Kingdom
492539,2009-12-17 13:35:00,1,4.65,16908,United Kingdom
492539,2009-12-17 13:35:00,2,4.25,16908,United Kingdom
492710,2009-12-18 09:58:00,168,1.95,17638,United Kingdom
492710,2009-12-18 09:58:00,144,1.95,17638,United Kingdom
492753,2009-12-18 13:48:00,6,2.95,14156,EIRE
492753,2009-12-18 13:48:00,12,0.85,14156,EIRE
492753,2009-12-18 13:48:00,6,2.1,14156,EIRE
492753,2009-12-18 13:48:00,4,3.75,14156,EIRE
492753,2009-12-18 13:48:00,4,10.75,14156,EIRE
492753,2009-12-18 13:48:00,10,1.25,14156,EIRE
492753,2009-12-18 13:48:00,12,1.25,14156,EIRE
492753,2009-12-18 13:48:00,6,2.55,14156,EIRE
492753,2009-12-18 13:48:00,10,1.25,14156,EIRE
492753,2009-12-18 13:48:00,4,3.75,14156,EIRE
492753,2009-12-18 13:48:00,12,2.1,14156,EIRE
492753,2009-12-18 13:48:00,8,1.95,14156,EIRE
492753,2009-12-18 13:48:00,24,0.55,14156,EIRE
492753,2009-12-18 13:48:00,24,0.55,14156,EIRE
492753,2009-12-18 13:48:00,4,3.75,14156,EIRE
492753,2009-12-18 13:48:00,6,2.1,14156,EIRE
492753,2009-12-18 13:48:00,5,4.65,14156,EIRE
492753,2009-12-18 13:48:00,6,3.75,14156,EIRE
492753,2009-12-18 13:48:00,6,3.75,14156,EIRE
492753,2009-12-18 13:48:00,24,0.85,14156,EIRE
492753,2009-12-18 13:48:00,8,3.95,14156,EIRE
492753,2009-12-18 13:48:00,24,1.95,14156,EIRE
492753,2009-12-18 13:48:00,24,1.25,14156,EIRE
492753,2009-12-18 13:48:00,36,1.25,14156,EIRE
492753,2009-12-18 13:48:00,9,4.95,14156,EIRE
492753,2009-12-18 13:48:00,24,1.95,14156,EIRE
492753,2009-12-18 13:48:00,6,2.95,14156,EIRE
492753,2009-12-18 13:48:00,6,2.55,14156,EIRE
492753,2009-12-18 13:48:00,12,0.42,14156,EIRE
492753,2009-12-18 13:48:00,6,2.1,14156,EIRE
492753,2009-12-18 13:48:00,3,9.95,14156,EIRE
492753,2009-12-18 13:48:00,24,0.55,14156,EIRE
492753,2009-12-18 13:48:00,4,10.95,14156,EIRE
492753,2009-12-18 13:48:00,9,4.95,14156,EIRE
492803,2009-12-20 12:06:00,3,1.65,17851,United Kingdom
492803,2009-12-20 12:06:00,12,0.42,17851,United Kingdom
492803,2009-12-20 12:06:00,1,1.65,17851,United Kingdom
492803,2009-12-20 12:06:00,1,2.55,17851,United Kingdom
492803,2009-12-20 12:06:00,1,7.95,17851,United Kingdom
492803,2009-12-20 12:06:00,6,1.25,17851,United Kingdom
492803,2009-12-20 12:06:00,1,6.95,17851,United Kingdom
492803,2009-12-20 12:06:00,5,0.85,17851,United Kingdom
492803,2009-12-20 12:06:00,25,0.42,17851,United Kingdom
492803,2009-12-20 12:06:00,2,2.95,17851,United Kingdom
492803,2009-12-20 12:06:00,3,4.95,17851,United Kingdom
492803,2009-12-20 12:06:00,2,1.65,17851,United Kingdom
492803,2009-12-20 12:06:00,9,2.1,17851,United Kingdom
492803,2009-12-20 12:06:00,4,2.25,17851,United Kingdom
492803,2009-12-20 12:06:00,1,2.95,17851,United Kingdom
492803,2009-12-20 12:06:00,3,1.25,17851,United Kingdom
492803,2009-12-20 12:06:00,3,7.95,17851,United Kingdom
492803,2009-12-20 12:06:00,5,1.65,17851,United Kingdom
492803,2009-12-20 12:06:00,5,3.75,17851,United Kingdom
492803,2009-12-20 12:06:00,15,1.65,17851,United Kingdom
492803,2009-12-20 12:06:00,25,0.42,17851,United Kingdom
492803,2009-12-20 12:06:00,7,2.95,17851,United Kingdom
492803,2009-12-20 12:06:00,4,3.75,17851,United Kingdom
492803,2009-12-20 12:06:00,5,1.65,17851,United Kingdom
492803,2009-12-20 12:06:00,5,0.85,17851,United Kingdom
492803,2009-12-20 12:06:00,1,5.49,17851,United Kingdom
492803,2009-12-20 12:06:00,1,5.49,17851,United Kingdom
492803,2009-12-20 12:06:00,1,3.75,17851,United Kingdom
492803,2009-12-20 12:06:00,1,3.75,17851,United Kingdom
492803,2009-12-20 12:06:00,25,0.42,17851,United Kingdom
492803,2009-12-20 12:06:00,1,2.95,17851,United Kingdom
492803,2009-12-20 12:06:00,1,5.95,17851,United Kingdom
492803,2009-12-20 12:06:00,1,8.5,17851,United Kingdom
492803,2009-12-20 12:06:00,4,1.65,17851,United Kingdom
492803,2009-12-20 12:06:00,6,1.65,17851,United Kingdom
492803,2009-12-20 12:06:00,1,5.49,17851,United Kingdom
492803,2009-12-20 12:06:00,2,3.45,17851,United Kingdom
492803,2009-12-20 12:06:00,33,1.95,17851,United Kingdom
492943,2009-12-21 13:04:00,48,5.45,14156,EIRE
492943,2009-12-21 13:04:00,288,2.55,14156,EIRE
492943,2009-12-21 13:04:00,96,1.06,14156,EIRE
492943,2009-12-21 13:04:00,100,1.45,14156,EIRE
492943,2009-12-21 13:04:00,96,1.75,14156,EIRE
492943,2009-12-21 13:04:00,240,0.72,14156,EIRE
492943,2009-12-21 13:04:00,108,1.06,14156,EIRE
492943,2009-12-21 13:04:00,288,1.85,14156,EIRE
492943,2009-12-21 13:04:00,108,1.06,14156,EIRE
492943,2009-12-21 13:04:00,48,1.45,14156,EIRE
492943,2009-12-21 13:04:00,72,1.69,14156,EIRE
492943,2009-12-21 13:04:00,288,1.85,14156,EIRE
492943,2009-12-21 13:04:00,96,1.45,14156,EIRE
492943,2009-12-21 13:04:00,48,5.45,14156,EIRE
492943,2009-12-21 13:04:00,240,0.42,14156,EIRE
492943,2009-12-21 13:04:00,64,2.55,14156,EIRE
492943,2009-12-21 13:04:00,288,1.85,14156,EIRE
492943,2009-12-21 13:04:00,144,0.32,14156,EIRE
492943,2009-12-21 13:04:00,72,4.25,14156,EIRE
492943,2009-12-21 13:04:00,100,1.45,14156,EIRE
492943,2009-12-21 13:04:00,240,0.42,14156,EIRE
492943,2009-12-21 13:04:00,240,0.42,14156,EIRE
492943,2009-12-21 13:04:00,40,5.95,14156,EIRE
492943,2009-12-21 13:04:00,32,6.95,14156,EIRE
492943,2009-12-21 13:04:00,72,1.06,14156,EIRE
492943,2009-12-21 13:04:00,72,1.06,14156,EIRE
492943,2009-12-21 13:04:00,240,0.42,14156,EIRE
492943,2009-12-21 13:04:00,60,1.06,14156,EIRE
492943,2009-12-21 13:04:00,40,5.95,14156,EIRE
492943,2009-12-21 13:04:00,60,2.75,14156,EIRE
492943,2009-12-21 13:04:00,60,2.75,14156,EIRE
492943,2009-12-21 13:04:00,128,1.06,14156,EIRE
492943,2009-12-21 13:04:00,288,1.06,14156,EIRE
492943,2009-12-21 13:04:00,60,1.65,14156,EIRE
492943,2009-12-21 13:04:00,48,5.45,14156,EIRE
493308,2009-12-22 16:17:00,1,12.75,15064,United Kingdom
493308,2009-12-22 16:17:00,6,1.95,15064,United Kingdom
493308,2009-12-22 16:17:00,6,2.95,15064,United Kingdom
493308,2009-12-22 16:17:00,12,1.45,15064,United Kingdom
493308,2009-12-22 16:17:00,12,0.42,15064,United Kingdom
493308,2009-12-22 16:17:00,10,1.65,15064,United Kingdom
493308,2009-12-22 16:17:00,1,50.0,15064,United Kingdom
493308,2009-12-22 16:17:00,1,10.95,15064,United Kingdom
493308,2009-12-22 16:17:00,6,2.55,15064,United Kingdom
493308,2009-12-22 16:17:00,12,0.85,15064,United Kingdom
493308,2009-12-22 16:17:00,6,2.55,15064,United Kingdom
493308,2009-12-22 16:17:00,6,2.95,15064,United Kingdom
493308,2009-12-22 16:17:00,3,6.95,15064,United Kingdom
493308,2009-12-22 16:17:00,3,4.95,15064,United Kingdom
493308,2009-12-22 16:17:00,1,9.95,15064,United Kingdom
493308,2009-12-22 16:17:00,1,9.95,15064,United Kingdom
493308,2009-12-22 16:17:00,6,2.95,15064,United Kingdom
493308,2009-12-22 16:17:00,12,0.65,15064,United Kingdom
493308,2009-12-22 16:17:00,12,0.65,15064,United Kingdom
493308,2009-12-22 16:17:00,3,5.95,15064,United Kingdom
493308,2009-12-22 16:17:00,6,2.95,15064,United Kingdom
493571,2010-01-05 10:07:00,1,12.75,14198,United Kingdom
493571,2010-01-05 10:07:00,2,6.75,14198,United Kingdom
493571,2010-01-05 10:07:00,2,6.75,14198,United Kingdom
493571,2010-01-05 10:07:00,4,5.95,14198,United Kingdom
493571,2010-01-05 10:07:00,6,2.55,14198,United Kingdom
493571,2010-01-05 10:07:00,2,6.75,14198,United Kingdom
493571,2010-01-05 10:07:00,4,6.75,14198,United Kingdom
493571,2010-01-05 10:07:00,2,7.95,14198,United Kingdom
493819,2010-01-07 12:34:00,432,0.25,14156,EIRE
493819,2010-01-07 12:34:00,432,0.25,14156,EIRE
493819,2010-01-07 12:34:00,432,0.25,14156,EIRE
493819,2010-01-07 12:34:00,608,2.55,14156,EIRE
493819,2010-01-07 12:34:00,208,2.55,14156,EIRE
493819,2010-01-07 12:34:00,300,1.45,14156,EIRE
493819,2010-01-07 12:34:00,144,1.06,14156,EIRE
493819,2010-01-07 12:34:00,300,1.45,14156,EIRE
493819,2010-01-07 12:34:00,288,0.72,14156,EIRE
493819,2010-01-07 12:34:00,216,1.06,14156,EIRE
493819,2010-01-07 12:34:00,400,0.42,14156,EIRE
493819,2010-01-07 12:34:00,216,1.45,14156,EIRE
493819,2010-01-07 12:34:00,192,3.39,14156,EIRE
493819,2010-01-07 12:34:00,192,1.45,14156,EIRE
493819,2010-01-07 12:34:00,144,3.39,14156,EIRE
493819,2010-01-07 12:34:00,216,1.06,14156,EIRE
493819,2010-01-07 12:34:00,204,3.39,14156,EIRE
493819,2010-01-07 12:34:00,432,0.25,14156,EIRE
493819,2010-01-07 12:34:00,480,0.42,14156,EIRE
493819,2010-01-07 12:34:00,480,0.42,14156,EIRE
493819,2010-01-07 12:34:00,198,4.25,14156,EIRE
493819,2010-01-07 12:34:00,432,0.25,14156,EIRE
493819,2010-01-07 12:34:00,576,1.06,14156,EIRE
493819,2010-01-07 12:34:00,224,2.1,14156,EIRE
493819,2010-01-07 12:34:00,480,0.42,14156,EIRE
493819,2010-01-07 12:34:00,216,2.95,14156,EIRE
493819,2010-01-07 12:34:00,216,2.95,14156,EIRE
493819,2010-01-07 12:34:00,216,1.45,14156,EIRE
493819,2010-01-07 12:34:00,480,0.72,14156,EIRE
493819,2010-01-07 12:34:00,576,0.55,14156,EIRE
493819,2010-01-07 12:34:00,120,1.45,14156,EIRE
493819,2010-01-07 12:34:00,120,1.45,14156,EIRE
493819,2010-01-07 12:34:00,96,4.25,14156,EIRE
493819,2010-01-07 12:34:00,96,4.25,14156,EIRE
493819,2010-01-07 12:34:00,96,2.55,14156,EIRE
493819,2010-01-07 12:34:00,96,2.55,14156,EIRE
493819,2010-01-07 12:34:00,200,2.55,14156,EIRE
493819,2010-01-07 12:34:00,320,2.55,14156,EIRE
493819,2010-01-07 12:34:00,200,2.55,14156,EIRE
493819,2010-01-07 12:34:00,300,1.06,14156,EIRE
493819,2010-01-07 12:34:00,300,1.06,14156,EIRE
493819,2010-01-07 12:34:00,288,0.72,14156,EIRE
493819,2010-01-07 12:34:00,144,2.1,14156,EIRE
493819,2010-01-07 12:34:00,192,3.39,14156,EIRE
493819,2010-01-07 12:34:00,224,2.1,14156,EIRE
493819,2010-01-07 12:34:00,400,1.06,14156,EIRE
493819,2010-01-07 12:34:00,336,1.45,14156,EIRE
493819,2010-01-07 12:34:00,280,1.65,14156,EIRE
493819,2010-01-07 12:34:00,400,1.06,14156,EIRE
493819,2010-01-07 12:34:00,300,1.65,14156,EIRE
493819,2010-01-07 12:34:00,300,1.65,14156,EIRE
493819,2010-01-07 12:34:00,400,1.06,14156,EIRE
493819,2010-01-07 12:34:00,400,1.06,14156,EIRE
493819,2010-01-07 12:34:00,300,1.65,14156,EIRE
493819,2010-01-07 12:34:00,300,1.65,14156,EIRE
493819,2010-01-07 12:34:00,144,2.1,14156,EIRE
493819,2010-01-07 12:34:00,80,4.25,14156,EIRE
493819,2010-01-07 12:34:00,100,1.85,14156,EIRE
493819,2010-01-07 12:34:00,150,5.95,14156,EIRE
493819,2010-01-07 12:34:00,300,2.55,14156,EIRE
493819,2010-01-07 12:34:00,160,2.55,14156,EIRE
493819,2010-01-07 12:34:00,96,10.95,14156,EIRE
493819,2010-01-07 12:34:00,96,10.95,14156,EIRE
493819,2010-01-07 12:34:00,144,10.95,14156,EIRE
493819,2010-01-07 12:34:00,192,1.06,14156,EIRE
493819,2010-01-07 12:34:00,288,1.06,14156,EIRE
493819,2010-01-07 12:34:00,288,1.25,14156,EIRE
493819,2010-01-07 12:34:00,288,1.85,14156,EIRE
493819,2010-01-07 12:34:00,216,3.39,14156,EIRE
493819,2010-01-07 12:34:00,300,2.55,14156,EIRE
493819,2010-01-07 12:34:00,150,5.95,14156,EIRE
493819,2010-01-07 12:34:00,200,9.95,14156,EIRE
493819,2010-01-07 12:34:00,150,5.95,14156,EIRE
493819,2010-01-07 12:34:00,624,0.64,14156,EIRE
493819,2010-01-07 12:34:00,300,2.55,14156,EIRE
493819,2010-01-07 12:34:00,300,2.55,14156,EIRE
493819,2010-01-07 12:34:00,480,1.45,14156,EIRE
493819,2010-01-07 12:34:00,576,1.06,14156,EIRE
493819,2010-01-07 12:34:00,192,2.1,14156,EIRE
493819,2010-01-07 12:34:00,192,2.1,14156,EIRE
493819,2010-01-07 12:34:00,60,7.65,14156,EIRE
493819,2010-01-07 12:34:00,150,0.72,14156,EIRE
493819,2010-01-07 12:34:00,60,7.65,14156,EIRE
493819,2010-01-07 12:34:00,192,2.55,14156,EIRE
493819,2010-01-07 12:34:00,192,1.85,14156,EIRE
493819,2010-01-07 12:34:00,480,0.42,14156,EIRE
493819,2010-01-07 12:34:00,576,0.64,14156,EIRE
493819,2010-01-07 12:34:00,192,1.69,14156,EIRE
493819,2010-01-07 12:34:00,144,2.1,14156,EIRE
493819,2010-01-07 12:34:00,144,2.1,14156,EIRE
493819,2010-01-07 12:34:00,96,2.95,14156,EIRE
493819,2010-01-07 12:34:00,288,0.85,14156,EIRE
493819,2010-01-07 12:34:00,200,1.06,14156,EIRE
493819,2010-01-07 12:34:00,100,5.95,14156,EIRE
494120,2010-01-11 12:48:00,150,10.95,14156,EIRE
494327,2010-01-13 11:57:00,48,2.1,13576,United Kingdom
494327,2010-01-13 11:57:00,8,2.1,13576,United Kingdom
494327,2010-01-13 11:57:00,18,1.45,13576,United Kingdom
494327,2010-01-13 11:57:00,48,3.39,13576,United Kingdom
494327,2010-01-13 11:57:00,1,12.75,13576,United Kingdom
494327,2010-01-13 11:57:00,12,1.25,13576,United Kingdom
494327,2010-01-13 11:57:00,6,2.55,13576,United Kingdom
494327,2010-01-13 11:57:00,24,3.39,13576,United Kingdom
494348,2010-01-13 14:25:00,1,546.95,14156,EIRE
494625,2010-01-15 15:47:00,1,4.95,17851,United Kingdom
494625,2010-01-15 15:47:00,1,7.95,17851,United Kingdom
494625,2010-01-15 15:47:00,4,1.65,17851,United Kingdom
494625,2010-01-15 15:47:00,1,9.95,17851,United Kingdom
494625,2010-01-15 15:47:00,12,0.42,17851,United Kingdom
494625,2010-01-15 15:47:00,12,0.42,17851,United Kingdom
494625,2010-01-15 15:47:00,12,0.42,17851,United Kingdom
494625,2010-01-15 15:47:00,12,0.42,17851,United Kingdom
494625,2010-01-15 15:47:00,12,0.42,17851,United Kingdom
494625,2010-01-15 15:47:00,12,0.42,17851,United Kingdom
494625,2010-01-15 15:47:00,1,2.95,17851,United Kingdom
494625,2010-01-15 15:47:00,12,0.42,17851,United Kingdom
494625,2010-01-15 15:47:00,2,2.95,17851,United Kingdom
494625,2010-01-15 15:47:00,25,0.42,17851,United Kingdom
494625,2010-01-15 15:47:00,1,1.05,17851,United Kingdom
494625,2010-01-15 15:47:00,1,6.75,17851,United Kingdom
494625,2010-01-15 15:47:00,1,6.75,17851,United Kingdom
494625,2010-01-15 15:47:00,1,2.95,17851,United Kingdom
494625,2010-01-15 15:47:00,1,2.95,17851,United Kingdom
494625,2010-01-15 15:47:00,1,2.95,17851,United Kingdom
494625,2010-01-15 15:47:00,1,4.65,17851,United Kingdom
494625,2010-01-15 15:47:00,12,0.42,17851,United Kingdom
494625,2010-01-15 15:47:00,2,4.95,17851,United Kingdom
494625,2010-01-15 15:47:00,3,1.05,17851,United Kingdom
494625,2010-01-15 15:47:00,2,1.65,17851,United Kingdom
494625,2010-01-15 15:47:00,4,0.85,17851,United Kingdom
494625,2010-01-15 15:47:00,3,0.85,17851,United Kingdom
494625,2010-01-15 15:47:00,2,3.75,17851,United Kingdom
494625,2010-01-15 15:47:00,3,0.42,17851,United Kingdom
494625,2010-01-15 15:47:00,2,3.25,17851,United Kingdom
494625,2010-01-15 15:47:00,2,5.95,17851,United Kingdom
494625,2010-01-15 15:47:00,1,1.25,17851,United Kingdom
494625,2010-01-15 15:47:00,1,0.65,17851,United Kingdom
494625,2010-01-15 15:47:00,1,1.25,17851,United Kingdom
494625,2010-01-15 15:47:00,1,0.85,17851,United Kingdom
494625,2010-01-15 15:47:00,5,1.05,17851,United Kingdom
494625,2010-01-15 15:47:00,2,0.85,17851,United Kingdom
494625,2010-01-15 15:47:00,1,0.85,17851,United Kingdom
494625,2010-01-15 15:47:00,1,0.85,17851,United Kingdom
494625,2010-01-15 15:47:00,1,12.75,17851,United Kingdom
494625,2010-01-15 15:47:00,1,1.65,17851,United Kingdom
494625,2010-01-15 15:47:00,2,3.75,17851,United Kingdom
494625,2010-01-15 15:47:00,2,0.65,17851,United Kingdom
494625,2010-01-15 15:47:00,1,0.85,17851,United Kingdom
494625,2010-01-15 15:47:00,1,0.85,17851,United Kingdom
494625,2010-01-15 15:47:00,2,0.65,17851,United Kingdom
494636,2010-01-17 10:27:00,3,1.69,16335,United Kingdom
494636,2010-01-17 10:27:00,3,2.55,16335,United Kingdom
494636,2010-01-17 10:27:00,3,1.69,16335,United Kingdom
494636,2010-01-17 10:27:00,2,1.25,16335,United Kingdom
494636,2010-01-17 10:27:00,3,1.25,16335,United Kingdom
494636,2010-01-17 10:27:00,2,2.55,16335,United Kingdom
494636,2010-01-17 10:27:00,2,0.85,16335,United Kingdom
494636,2010-01-17 10:27:00,2,2.55,16335,United Kingdom
494636,2010-01-17 10:27:00,4,0.85,16335,United Kingdom
494636,2010-01-17 10:27:00,3,1.25,16335,United Kingdom
494636,2010-01-17 10:27:00,2,2.55,16335,United Kingdom
494636,2010-01-17 10:27:00,4,1.49,16335,United Kingdom
494636,2010-01-17 10:27:00,2,8.95,16335,United Kingdom
494636,2010-01-17 10:27:00,3,1.69,16335,United Kingdom
494636,2010-01-17 10:27:00,2,0.95,16335,United Kingdom
494636,2010-01-17 10:27:00,3,1.69,16335,United Kingdom
494636,2010-01-17 10:27:00,3,0.85,16335,United Kingdom
494636,2010-01-17 10:27:00,3,3.75,16335,United Kingdom
494636,2010-01-17 10:27:00,3,0.85,16335,United Kingdom
494636,2010-01-17 10:27:00,2,2.1,16335,United Kingdom
494636,2010-01-17 10:27:00,1,6.75,16335,United Kingdom
494636,2010-01-17 10:27:00,12,1.25,16335,United Kingdom
494636,2010-01-17 10:27:00,3,10.75,16335,United Kingdom
494636,2010-01-17 10:27:00,3,5.95,16335,United Kingdom
494636,2010-01-17 10:27:00,4,1.25,16335,United Kingdom
494636,2010-01-17 10:27:00,1,6.75,16335,United Kingdom
494636,2010-01-17 10:27:00,4,1.25,16335,United Kingdom
494636,2010-01-17 10:27:00,1,1.25,16335,United Kingdom
494636,2010-01-17 10:27:00,2,1.25,16335,United Kingdom
494636,2010-01-17 10:27:00,2,1.25,16335,United Kingdom
494636,2010-01-17 10:27:00,4,1.95,16335,United Kingdom
494636,2010-01-17 10:27:00,6,0.85,16335,United Kingdom
494636,2010-01-17 10:27:00,2,3.75,16335,United Kingdom
494636,2010-01-17 10:27:00,2,2.1,16335,United Kingdom
494889,2010-01-19 13:09:00,1,2.95,14472,United Kingdom
494889,2010-01-19 13:09:00,1,15.95,14472,United Kingdom
494889,2010-01-19 13:09:00,1,2.95,14472,United Kingdom
494889,2010-01-19 13:09:00,3,2.12,14472,United Kingdom
494889,2010-01-19 13:09:00,1,12.75,14472,United Kingdom
494889,2010-01-19 13:09:00,2,5.95,14472,United Kingdom
494889,2010-01-19 13:09:00,1,2.95,14472,United Kingdom
494889,2010-01-19 13:09:00,1,2.95,14472,United Kingdom
494889,2010-01-19 13:09:00,2,2.95,14472,United Kingdom
494889,2010-01-19 13:09:00,2,7.95,14472,United Kingdom
494889,2010-01-19 13:09:00,4,0.85,14472,United Kingdom
494889,2010-01-19 13:09:00,2,1.25,14472,United Kingdom
494889,2010-01-19 13:09:00,2,3.95,14472,United Kingdom
494889,2010-01-19 13:09:00,2,3.95,14472,United Kingdom
494889,2010-01-19 13:09:00,4,1.45,14472,United Kingdom
494889,2010-01-19 13:09:00,5,0.85,14472,United Kingdom
494889,2010-01-19 13:09:00,3,1.95,14472,United Kingdom
494889,2010-01-19 13:09:00,2,1.25,14472,United Kingdom
494889,2010-01-19 13:09:00,1,1.49,14472,United Kingdom
494889,2010-01-19 13:09:00,1,9.95,14472,United Kingdom
494889,2010-01-19 13:09:00,1,1.25,14472,United Kingdom
494889,2010-01-19 13:09:00,2,1.65,14472,United Kingdom
494889,2010-01-19 13:09:00,2,1.25,14472,United Kingdom
494889,2010-01-19 13:09:00,1,1.45,14472,United Kingdom
494889,2010-01-19 13:09:00,1,12.75,14472,United Kingdom
494889,2010-01-19 13:09:00,2,5.95,14472,United Kingdom
494889,2010-01-19 13:09:00,1,4.95,14472,United Kingdom
494889,2010-01-19 13:09:00,3,2.1,14472,United Kingdom
494889,2010-01-19 13:09:00,8,0.85,14472,United Kingdom
494889,2010-01-19 13:09:00,1,1.45,14472,United Kingdom
494889,2010-01-19 13:09:00,3,1.45,14472,United Kingdom
494889,2010-01-19 13:09:00,1,1.49,14472,United Kingdom
494889,2010-01-19 13:09:00,2,1.25,14472,United Kingdom
494889,2010-01-19 13:09:00,1,1.49,14472,United Kingdom
494889,2010-01-19 13:09:00,1,1.25,14472,United Kingdom
494889,2010-01-19 13:09:00,1,4.95,14472,United Kingdom
494889,2010-01-19 13:09:00,1,1.45,14472,United Kingdom
494889,2010-01-19 13:09:00,3,1.25,14472,United Kingdom
494889,2010-01-19 13:09:00,3,1.45,14472,United Kingdom
494889,2010-01-19 13:09:00,4,2.1,14472,United Kingdom
494889,2010-01-19 13:09:00,1,1.45,14472,United Kingdom
494889,2010-01-19 13:09:00,2,1.45,14472,United Kingdom
494889,2010-01-19 13:09:00,24,0.65,14472,United Kingdom
494889,2010-01-19 13:09:00,2,1.25,14472,United Kingdom
494889,2010-01-19 13:09:00,1,1.25,14472,United Kingdom
494889,2010-01-19 13:09:00,2,1.25,14472,United Kingdom
494889,2010-01-19 13:09:00,1,3.25,14472,United Kingdom
494889,2010-01-19 13:09:00,1,2.1,14472,United Kingdom
494889,2010-01-19 13:09:00,2,2.1,14472,United Kingdom
494889,2010-01-19 13:09:00,5,1.65,14472,United Kingdom
494889,2010-01-19 13:09:00,6,1.65,14472,United Kingdom
494889,2010-01-19 13:09:00,15,1.25,14472,United Kingdom
494893,2010-01-19 13:31:00,2,6.75,14156,EIRE
494893,2010-01-19 13:31:00,6,2.95,14156,EIRE
494893,2010-01-19 13:31:00,2,6.75,14156,EIRE
494893,2010-01-19 13:31:00,2,6.75,14156,EIRE
494893,2010-01-19 13:31:00,6,3.75,14156,EIRE
494893,2010-01-19 13:31:00,5,2.95,14156,EIRE
494893,2010-01-19 13:31:00,12,2.55,14156,EIRE
494893,2010-01-19 13:31:00,12,0.42,14156,EIRE
494893,2010-01-19 13:31:00,4,2.95,14156,EIRE
494893,2010-01-19 13:31:00,6,2.95,14156,EIRE
494893,2010-01-19 13:31:00,6,2.95,14156,EIRE
494893,2010-01-19 13:31:00,2,9.95,14156,EIRE
494893,2010-01-19 13:31:00,3,4.65,14156,EIRE
494893,2010-01-19 13:31:00,6,3.75,14156,EIRE
494893,2010-01-19 13:31:00,24,1.25,14156,EIRE
494893,2010-01-19 13:31:00,6,2.95,14156,EIRE
494893,2010-01-19 13:31:00,3,6.95,14156,EIRE
494893,2010-01-19 13:31:00,6,10.75,14156,EIRE
494893,2010-01-19 13:31:00,10,1.25,14156,EIRE
494893,2010-01-19 13:31:00,5,4.65,14156,EIRE
494893,2010-01-19 13:31:00,12,2.1,14156,EIRE
494893,2010-01-19 13:31:00,2,6.75,14156,EIRE
494893,2010-01-19 13:31:00,6,4.25,14156,EIRE
494893,2010-01-19 13:31:00,2,6.75,14156,EIRE
494893,2010-01-19 13:31:00,6,2.55,14156,EIRE
494893,2010-01-19 13:31:00,2,6.75,14156,EIRE
494893,2010-01-19 13:31:00,2,6.75,14156,EIRE
494893,2010-01-19 13:31:00,8,1.95,14156,EIRE
494893,2010-01-19 13:31:00,2,6.75,14156,EIRE
494893,2010-01-19 13:31:00,4,3.75,14156,EIRE
494893,2010-01-19 13:31:00,8,3.75,14156,EIRE
494893,2010-01-19 13:31:00,10,1.25,14156,EIRE
494893,2010-01-19 13:31:00,12,0.85,14156,EIRE
494893,2010-01-19 13:31:00,24,0.55,14156,EIRE
494893,2010-01-19 13:31:00,6,2.1,14156,EIRE
494893,2010-01-19 13:31:00,24,1.25,14156,EIRE
494893,2010-01-19 13:31:00,6,2.55,14156,EIRE
494893,2010-01-19 13:31:00,8,1.95,14156,EIRE
494893,2010-01-19 13:31:00,9,4.95,14156,EIRE
494893,2010-01-19 13:31:00,2,10.95,14156,EIRE
494893,2010-01-19 13:31:00,6,3.35,14156,EIRE
494893,2010-01-19 13:31:00,6,2.55,14156,EIRE
494893,2010-01-19 13:31:00,12,2.55,14156,EIRE
494893,2010-01-19 13:31:00,1,14.95,14156,EIRE
494893,2010-01-19 13:31:00,24,0.55,14156,EIRE
494893,2010-01-19 13:31:00,4,3.75,14156,EIRE
494893,2010-01-19 13:31:00,2,6.75,14156,EIRE
494893,2010-01-19 13:31:00,4,3.75,14156,EIRE
494893,2010-01-19 13:31:00,6,4.95,14156,EIRE
494971,2010-01-20 11:05:00,50,1.45,14156,EIRE
494971,2010-01-20 11:05:00,50,1.45,14156,EIRE
494971,2010-01-20 11:05:00,72,1.06,14156,EIRE
494989,2010-01-20 11:49:00,4,1.95,14556,United Kingdom
494989,2010-01-20 11:49:00,2,3.75,14556,United Kingdom
494989,2010-01-20 11:49:00,2,1.95,14556,United Kingdom
494989,2010-01-20 11:49:00,6,3.75,14556,United Kingdom
494989,2010-01-20 11:49:00,1,3.75,14556,United Kingdom
494989,2010-01-20 11:49:00,1,2.95,14556,United Kingdom
494989,2010-01-20 11:49:00,2,4.95,14556,United Kingdom
494989,2010-01-20 11:49:00,2,1.65,14556,United Kingdom
494989,2010-01-20 11:49:00,2,1.95,14556,United Kingdom
494989,2010-01-20 11:49:00,1,1.25,14556,United Kingdom
494989,2010-01-20 11:49:00,1,1.25,14556,United Kingdom
494989,2010-01-20 11:49:00,4,1.65,14556,United Kingdom
494989,2010-01-20 11:49:00,1,5.45,14556,United Kingdom
494989,2010-01-20 11:49:00,2,1.95,14556,United Kingdom
494989,2010-01-20 11:49:00,2,1.95,14556,United Kingdom
494989,2010-01-20 11:49:00,1,5.45,14556,United Kingdom
494989,2010-01-20 11:49:00,3,1.25,14556,United Kingdom
494989,2010-01-20 11:49:00,1,6.75,14556,United Kingdom
494989,2010-01-20 11:49:00,2,1.69,14556,United Kingdom
494989,2010-01-20 11:49:00,1,6.75,14556,United Kingdom
494989,2010-01-20 11:49:00,1,2.1,14556,United Kingdom
494989,2010-01-20 11:49:00,1,2.1,14556,United Kingdom
494989,2010-01-20 11:49:00,1,5.95,14556,United Kingdom
494989,2010-01-20 11:49:00,1,1.25,14556,United Kingdom
494989,2010-01-20 11:49:00,1,2.1,14556,United Kingdom
494989,2010-01-20 11:49:00,1,0.55,14556,United Kingdom
494989,2010-01-20 11:49:00,1,10.65,14556,United Kingdom
494989,2010-01-20 11:49:00,1,6.75,14556,United Kingdom
494989,2010-01-20 11:49:00,2,10.65,14556,United Kingdom
494989,2010-01-20 11:49:00,1,1.65,14556,United Kingdom
494989,2010-01-20 11:49:00,1,2.95,14556,United Kingdom
494989,2010-01-20 11:49:00,3,1.25,14556,United Kingdom
494989,2010-01-20 11:49:00,1,5.95,14556,United Kingdom
494989,2010-01-20 11:49:00,1,5.95,14556,United Kingdom
494989,2010-01-20 11:49:00,2,2.95,14556,United Kingdom
494989,2010-01-20 11:49:00,2,3.75,14556,United Kingdom
494989,2010-01-20 11:49:00,1,1.45,14556,United Kingdom
494989,2010-01-20 11:49:00,2,2.1,14556,United Kingdom
494989,2010-01-20 11:49:00,1,10.95,14556,United Kingdom
494989,2010-01-20 11:49:00,2,2.95,14556,United Kingdom
494989,2010-01-20 11:49:00,2,0.85,14556,United Kingdom
494989,2010-01-20 11:49:00,2,1.25,14556,United Kingdom
494989,2010-01-20 11:49:00,1,2.95,14556,United Kingdom
494989,2010-01-20 11:49:00,1,2.95,14556,United Kingdom
494989,2010-01-20 11:49:00,2,3.25,14556,United Kingdom
494989,2010-01-20 11:49:00,1,5.45,14556,United Kingdom
494989,2010-01-20 11:49:00,2,5.45,14556,United Kingdom
494989,2010-01-20 11:49:00,1,4.95,14556,United Kingdom
494989,2010-01-20 11:49:00,1,2.1,14556,United Kingdom
494989,2010-01-20 11:49:00,4,0.85,14556,United Kingdom
494989,2010-01-20 11:49:00,2,0.85,14556,United Kingdom
494989,2010-01-20 11:49:00,1,1.25,14556,United Kingdom
494989,2010-01-20 11:49:00,1,1.65,14556,United Kingdom
494989,2010-01-20 11:49:00,1,1.25,14556,United Kingdom
494989,2010-01-20 11:49:00,1,1.25,14556,United Kingdom
494989,2010-01-20 11:49:00,1,2.1,14556,United Kingdom
494989,2010-01-20 11:49:00,1,2.55,14556,United Kingdom
494989,2010-01-20 11:49:00,1,1.49,14556,United Kingdom
494989,2010-01-20 11:49:00,1,5.45,14556,United Kingdom
494989,2010-01-20 11:49:00,1,2.95,14556,United Kingdom
494989,2010-01-20 11:49:00,2,2.1,14556,United Kingdom
494989,2010-01-20 11:49:00,1,2.55,14556,United Kingdom
494989,2010-01-20 11:49:00,1,2.1,14556,United Kingdom
494989,2010-01-20 11:49:00,2,2.1,14556,United Kingdom
494989,2010-01-20 11:49:00,2,2.1,14556,United Kingdom
494989,2010-01-20 11:49:00,2,2.1,14556,United Kingdom
494989,2010-01-20 11:49:00,1,1.65,14556,United Kingdom
494989,2010-01-20 11:49:00,1,1.25,14556,United Kingdom
494989,2010-01-20 11:49:00,1,2.1,14556,United Kingdom
494989,2010-01-20 11:49:00,2,1.65,14556,United Kingdom
494989,2010-01-20 11:49:00,1,0.85,14556,United Kingdom
494989,2010-01-20 11:49:00,2,3.75,14556,United Kingdom
494989,2010-01-20 11:49:00,1,9.95,14556,United Kingdom
494989,2010-01-20 11:49:00,6,0.65,14556,United Kingdom
494989,2010-01-20 11:49:00,1,5.95,14556,United Kingdom
494989,2010-01-20 11:49:00,1,1.69,14556,United Kingdom
494989,2010-01-20 11:49:00,1,1.25,14556,United Kingdom
495177,2010-01-21 13:22:00,3,2.1,14064,United Kingdom
495177,2010-01-21 13:22:00,2,2.95,14064,United Kingdom
495177,2010-01-21 13:22:00,12,2.1,14064,United Kingdom
495177,2010-01-21 13:22:00,12,1.95,14064,United Kingdom
495177,2010-01-21 13:22:00,12,2.1,14064,United Kingdom
495177,2010-01-21 13:22:00,24,1.69,14064,United Kingdom
495177,2010-01-21 13:22:00,6,1.45,14064,United Kingdom
495177,2010-01-21 13:22:00,1,1.95,14064,United Kingdom
495177,2010-01-21 13:22:00,6,1.45,14064,United Kingdom
495177,2010-01-21 13:22:00,15,0.65,14064,United Kingdom
495177,2010-01-21 13:22:00,24,2.55,14064,United Kingdom
495177,2010-01-21 13:22:00,1,0.95,14064,United Kingdom
495177,2010-01-21 13:22:00,2,1.65,14064,United Kingdom
495177,2010-01-21 13:22:00,12,2.1,14064,United Kingdom
495177,2010-01-21 13:22:00,3,1.45,14064,United Kingdom
495177,2010-01-21 13:22:00,5,1.65,14064,United Kingdom
495177,2010-01-21 13:22:00,6,1.45,14064,United Kingdom
495177,2010-01-21 13:22:00,4,0.55,14064,United Kingdom
495177,2010-01-21 13:22:00,4,0.55,14064,United Kingdom
495177,2010-01-21 13:22:00,6,0.55,14064,United Kingdom
495177,2010-01-21 13:22:00,6,0.55,14064,United Kingdom
495177,2010-01-21 13:22:00,12,0.55,14064,United Kingdom
495177,2010-01-21 13:22:00,13,1.25,14064,United Kingdom
495177,2010-01-21 13:22:00,6,1.65,14064,United Kingdom
495177,2010-01-21 13:22:00,24,0.55,14064,United Kingdom
495177,2010-01-21 13:22:00,4,1.65,14064,United Kingdom
495177,2010-01-21 13:22:00,2,1.65,14064,United Kingdom
495177,2010-01-21 13:22:00,32,0.42,14064,United Kingdom
495177,2010-01-21 13:22:00,12,1.25,14064,United Kingdom
495177,2010-01-21 13:22:00,24,1.25,14064,United Kingdom
495177,2010-01-21 13:22:00,5,0.55,14064,United Kingdom
495177,2010-01-21 13:22:00,10,1.65,14064,United Kingdom
495227,2010-01-21 19:11:00,2,1.95,14713,United Kingdom
495227,2010-01-21 19:11:00,2,2.55,14713,United Kingdom
495227,2010-01-21 19:11:00,3,1.69,14713,United Kingdom
495227,2010-01-21 19:11:00,3,2.95,14713,United Kingdom
495227,2010-01-21 19:11:00,3,2.95,14713,United Kingdom
495227,2010-01-21 19:11:00,3,2.95,14713,United Kingdom
495227,2010-01-21 19:11:00,2,2.55,14713,United Kingdom
495227,2010-01-21 19:11:00,2,2.55,14713,United Kingdom
495227,2010-01-21 19:11:00,3,1.25,14713,United Kingdom
495227,2010-01-21 19:11:00,6,0.85,14713,United Kingdom
495227,2010-01-21 19:11:00,6,0.42,14713,United Kingdom
495227,2010-01-21 19:11:00,3,1.25,14713,United Kingdom
495227,2010-01-21 19:11:00,3,1.25,14713,United Kingdom
495227,2010-01-21 19:11:00,3,1.65,14713,United Kingdom
495227,2010-01-21 19:11:00,3,1.25,14713,United Kingdom
495227,2010-01-21 19:11:00,2,2.1,14713,United Kingdom
495227,2010-01-21 19:11:00,2,2.55,14713,United Kingdom
495227,2010-01-21 19:11:00,2,2.95,14713,United Kingdom
495227,2010-01-21 19:11:00,6,0.85,14713,United Kingdom
495227,2010-01-21 19:11:00,1,2.95,14713,United Kingdom
495227,2010-01-21 19:11:00,2,2.95,14713,United Kingdom
495227,2010-01-21 19:11:00,3,0.85,14713,United Kingdom
495227,2010-01-21 19:11:00,3,0.85,14713,United Kingdom
495227,2010-01-21 19:11:00,3,1.95,14713,United Kingdom
495227,2010-01-21 19:11:00,3,1.95,14713,United Kingdom
495227,2010-01-21 19:11:00,3,1.95,14713,United Kingdom
495227,2010-01-21 19:11:00,3,1.95,14713,United Kingdom
495227,2010-01-21 19:11:00,3,1.95,14713,United Kingdom
495227,2010-01-21 19:11:00,3,0.85,14713,United Kingdom
495227,2010-01-21 19:11:00,6,1.25,14713,United Kingdom
495227,2010-01-21 19:11:00,2,3.75,14713,United Kingdom
495227,2010-01-21 19:11:00,6,0.55,14713,United Kingdom
495227,2010-01-21 19:11:00,6,0.55,14713,United Kingdom
495227,2010-01-21 19:11:00,3,1.65,14713,United Kingdom
495227,2010-01-21 19:11:00,3,1.65,14713,United Kingdom
495227,2010-01-21 19:11:00,3,1.25,14713,United Kingdom
495227,2010-01-21 19:11:00,3,2.95,14713,United Kingdom
495232,2010-01-22 09:19:00,8,3.25,14156,EIRE
495232,2010-01-22 09:19:00,6,2.1,14156,EIRE
495232,2010-01-22 09:19:00,8,2.95,14156,EIRE
495232,2010-01-22 09:19:00,2,6.75,14156,EIRE
495232,2010-01-22 09:19:00,2,6.75,14156,EIRE
495232,2010-01-22 09:19:00,4,6.75,14156,EIRE
495232,2010-01-22 09:19:00,4,3.75,14156,EIRE
495232,2010-01-22 09:19:00,3,6.35,14156,EIRE
495232,2010-01-22 09:19:00,2,8.5,14156,EIRE
495232,2010-01-22 09:19:00,4,4.25,14156,EIRE
495232,2010-01-22 09:19:00,6,2.1,14156,EIRE
495232,2010-01-22 09:19:00,4,3.75,14156,EIRE
495232,2010-01-22 09:19:00,8,1.65,14156,EIRE
495232,2010-01-22 09:19:00,6,2.95,14156,EIRE
495232,2010-01-22 09:19:00,4,4.95,14156,EIRE
495232,2010-01-22 09:19:00,2,9.95,14156,EIRE
495232,2010-01-22 09:19:00,12,1.25,14156,EIRE
495232,2010-01-22 09:19:00,6,2.1,14156,EIRE
495232,2010-01-22 09:19:00,12,0.65,14156,EIRE
495232,2010-01-22 09:19:00,3,4.95,14156,EIRE
495232,2010-01-22 09:19:00,2,6.95,14156,EIRE
495232,2010-01-22 09:19:00,12,1.25,14156,EIRE
495232,2010-01-22 09:19:00,6,2.1,14156,EIRE
495232,2010-01-22 09:19:00,2,9.95,14156,EIRE
495232,2010-01-22 09:19:00,12,0.85,14156,EIRE
495232,2010-01-22 09:19:00,10,3.75,14156,EIRE
495232,2010-01-22 09:19:00,2,9.95,14156,EIRE
495232,2010-01-22 09:19:00,12,1.25,14156,EIRE
495232,2010-01-22 09:19:00,12,1.49,14156,EIRE
495232,2010-01-22 09:19:00,6,2.95,14156,EIRE
495232,2010-01-22 09:19:00,2,9.95,14156,EIRE
495232,2010-01-22 09:19:00,12,1.49,14156,EIRE
495232,2010-01-22 09:19:00,4,3.75,14156,EIRE
495232,2010-01-22 09:19:00,12,1.25,14156,EIRE
495232,2010-01-22 09:19:00,3,4.65,14156,EIRE
495232,2010-01-22 09:19:00,2,8.5,14156,EIRE
495232,2010-01-22 09:19:00,3,4.95,14156,EIRE
495232,2010-01-22 09:19:00,24,0.55,14156,EIRE
495232,2010-01-22 09:19:00,12,1.45,14156,EIRE
495232,2010-01-22 09:19:00,12,1.45,14156,EIRE
495232,2010-01-22 09:19:00,12,1.25,14156,EIRE
495232,2010-01-22 09:19:00,12,1.25,14156,EIRE
495232,2010-01-22 09:19:00,12,1.25,14156,EIRE
495232,2010-01-22 09:19:00,24,0.55,14156,EIRE
495232,2010-01-22 09:19:00,12,1.95,14156,EIRE
495232,2010-01-22 09:19:00,2,7.95,14156,EIRE
495232,2010-01-22 09:19:00,3,4.95,14156,EIRE
495232,2010-01-22 09:19:00,3,4.95,14156,EIRE
495232,2010-01-22 09:19:00,6,2.95,14156,EIRE
495232,2010-01-22 09:19:00,6,2.55,14156,EIRE
495232,2010-01-22 09:19:00,3,4.25,14156,EIRE
495232,2010-01-22 09:19:00,12,1.25,14156,EIRE
495232,2010-01-22 09:19:00,8,1.25,14156,EIRE
495232,2010-01-22 09:19:00,6,1.65,14156,EIRE
495232,2010-01-22 09:19:00,6,3.75,14156,EIRE
495232,2010-01-22 09:19:00,4,7.95,14156,EIRE
495232,2010-01-22 09:19:00,12,1.95,14156,EIRE
495232,2010-01-22 09:19:00,12,0.85,14156,EIRE
495232,2010-01-22 09:19:00,12,0.85,14156,EIRE
495232,2010-01-22 09:19:00,24,1.25,14156,EIRE
495232,2010-01-22 09:19:00,6,5.95,14156,EIRE
495232,2010-01-22 09:19:00,12,1.65,14156,EIRE
495232,2010-01-22 09:19:00,12,1.25,14156,EIRE
495232,2010-01-22 09:19:00,12,1.25,14156,EIRE
495232,2010-01-22 09:19:00,24,0.85,14156,EIRE
495232,2010-01-22 09:19:00,12,0.65,14156,EIRE
495232,2010-01-22 09:19:00,24,0.42,14156,EIRE
495232,2010-01-22 09:19:00,6,2.1,14156,EIRE
495232,2010-01-22 09:19:00,12,0.85,14156,EIRE
495232,2010-01-22 09:19:00,12,1.25,14156,EIRE
495232,2010-01-22 09:19:00,6,3.75,14156,EIRE
495235,2010-01-22 09:40:00,1,1193.89,14156,EIRE
495304,2010-01-22 13:52:00,4,3.75,14156,EIRE
495304,2010-01-22 13:52:00,12,0.85,14156,EIRE
495304,2010-01-22 13:52:00,6,2.55,14156,EIRE
495304,2010-01-22 13:52:00,2,10.65,14156,EIRE
495304,2010-01-22 13:52:00,10,1.25,14156,EIRE
495304,2010-01-22 13:52:00,10,1.25,14156,EIRE
495304,2010-01-22 13:52:00,5,4.65,14156,EIRE
495304,2010-01-22 13:52:00,24,0.55,14156,EIRE
495304,2010-01-22 13:52:00,1,50.0,14156,EIRE
495304,2010-01-22 13:52:00,2,10.65,14156,EIRE
495304,2010-01-22 13:52:00,12,0.85,14156,EIRE
495304,2010-01-22 13:52:00,12,1.95,14156,EIRE
495304,2010-01-22 13:52:00,12,0.85,14156,EIRE
495304,2010-01-22 13:52:00,12,1.25,14156,EIRE
495304,2010-01-22 13:52:00,12,2.1,14156,EIRE
495304,2010-01-22 13:52:00,24,0.55,14156,EIRE
495304,2010-01-22 13:52:00,6,2.95,14156,EIRE
495304,2010-01-22 13:52:00,6,2.1,14156,EIRE
495304,2010-01-22 13:52:00,6,2.95,14156,EIRE
495304,2010-01-22 13:52:00,12,1.95,14156,EIRE
495304,2010-01-22 13:52:00,2,8.5,14156,EIRE
495304,2010-01-22 13:52:00,2,10.75,14156,EIRE
495304,2010-01-22 13:52:00,12,1.95,14156,EIRE
495304,2010-01-22 13:52:00,12,1.95,14156,EIRE
495304,2010-01-22 13:52:00,24,1.65,14156,EIRE
495304,2010-01-22 13:52:00,24,1.95,14156,EIRE
495304,2010-01-22 13:52:00,4,3.75,14156,EIRE
495304,2010-01-22 13:52:00,1,2.1,14156,EIRE
495304,2010-01-22 13:52:00,10,1.25,14156,EIRE
495304,2010-01-22 13:52:00,10,1.95,14156,EIRE
495304,2010-01-22 13:52:00,25,0.42,14156,EIRE
495304,2010-01-22 13:52:00,25,0.42,14156,EIRE
495304,2010-01-22 13:52:00,2,5.95,14156,EIRE
495304,2010-01-22 13:52:00,6,2.95,14156,EIRE
495304,2010-01-22 13:52:00,6,3.75,14156,EIRE
495304,2010-01-22 13:52:00,25,0.42,14156,EIRE
495304,2010-01-22 13:52:00,1,12.75,14156,EIRE
495304,2010-01-22 13:52:00,3,4.25,14156,EIRE
495304,2010-01-22 13:52:00,10,0.85,14156,EIRE
495354,2010-01-24 11:26:00,12,2.1,16950,United Kingdom
495354,2010-01-24 11:26:00,36,0.55,16950,United Kingdom
495354,2010-01-24 11:26:00,12,1.25,16950,United Kingdom
495354,2010-01-24 11:26:00,12,2.1,16950,United Kingdom
495354,2010-01-24 11:26:00,24,0.65,16950,United Kingdom
495354,2010-01-24 11:26:00,24,1.25,16950,United Kingdom
495354,2010-01-24 11:26:00,4,3.75,16950,United Kingdom
495354,2010-01-24 11:26:00,6,5.95,16950,United Kingdom
495354,2010-01-24 11:26:00,24,0.65,16950,United Kingdom
495354,2010-01-24 11:26:00,6,1.65,16950,United Kingdom
495354,2010-01-24 11:26:00,8,2.55,16950,United Kingdom
495354,2010-01-24 11:26:00,12,2.95,16950,United Kingdom
495354,2010-01-24 11:26:00,24,1.25,16950,United Kingdom
495354,2010-01-24 11:26:00,24,1.25,16950,United Kingdom
495354,2010-01-24 11:26:00,8,3.95,16950,United Kingdom
495354,2010-01-24 11:26:00,12,1.65,16950,United Kingdom
495354,2010-01-24 11:26:00,24,0.85,16950,United Kingdom
495584,2010-01-26 10:13:00,4,6.75,16719,United Kingdom
495584,2010-01-26 10:13:00,4,6.75,16719,United Kingdom
495584,2010-01-26 10:13:00,8,6.75,16719,United Kingdom
495584,2010-01-26 10:13:00,1,6.75,16719,United Kingdom
495584,2010-01-26 10:13:00,25,0.42,16719,United Kingdom
495584,2010-01-26 10:13:00,1,21.95,16719,United Kingdom
495584,2010-01-26 10:13:00,2,2.95,16719,United Kingdom
495584,2010-01-26 10:13:00,2,12.75,16719,United Kingdom
495584,2010-01-26 10:13:00,3,1.25,16719,United Kingdom
495584,2010-01-26 10:13:00,2,1.69,16719,United Kingdom
495584,2010-01-26 10:13:00,2,2.55,16719,United Kingdom
495584,2010-01-26 10:13:00,2,3.75,16719,United Kingdom
495584,2010-01-26 10:13:00,6,1.25,16719,United Kingdom
495584,2010-01-26 10:13:00,66,0.21,16719,United Kingdom
495584,2010-01-26 10:13:00,2,4.95,16719,United Kingdom
495706,2010-01-26 13:04:00,1,1.45,15003,United Kingdom
495706,2010-01-26 13:04:00,1,1.65,15003,United Kingdom
495706,2010-01-26 13:04:00,2,1.45,15003,United Kingdom
495706,2010-01-26 13:04:00,1,1.65,15003,United Kingdom
495706,2010-01-26 13:04:00,1,0.85,15003,United Kingdom
495706,2010-01-26 13:04:00,1,0.65,15003,United Kingdom
495706,2010-01-26 13:04:00,1,1.25,15003,United Kingdom
495706,2010-01-26 13:04:00,1,1.65,15003,United Kingdom
495706,2010-01-26 13:04:00,1,0.85,15003,United Kingdom
495706,2010-01-26 13:04:00,12,0.85,15003,United Kingdom
495706,2010-01-26 13:04:00,1,2.95,15003,United Kingdom
495706,2010-01-26 13:04:00,1,3.95,15003,United Kingdom
495706,2010-01-26 13:04:00,1,2.95,15003,United Kingdom
495706,2010-01-26 13:04:00,1,1.25,15003,United Kingdom
495706,2010-01-26 13:04:00,1,1.25,15003,United Kingdom
495706,2010-01-26 13:04:00,1,1.25,15003,United Kingdom
495706,2010-01-26 13:04:00,1,1.25,15003,United Kingdom
495706,2010-01-26 13:04:00,1,0.85,15003,United Kingdom
495706,2010-01-26 13:04:00,1,0.85,15003,United Kingdom
495706,2010-01-26 13:04:00,1,0.65,15003,United Kingdom
495706,2010-01-26 13:04:00,1,1.25,15003,United Kingdom
495706,2010-01-26 13:04:00,1,1.45,15003,United Kingdom
495706,2010-01-26 13:04:00,2,1.65,15003,United Kingdom
495706,2010-01-26 13:04:00,1,1.65,15003,United Kingdom
495706,2010-01-26 13:04:00,1,1.25,15003,United Kingdom
495706,2010-01-26 13:04:00,1,3.75,15003,United Kingdom
495706,2010-01-26 13:04:00,1,2.95,15003,United Kingdom
495706,2010-01-26 13:04:00,2,2.95,15003,United Kingdom
495706,2010-01-26 13:04:00,1,1.65,15003,United Kingdom
495706,2010-01-26 13:04:00,1,0.85,15003,United Kingdom
495706,2010-01-26 13:04:00,1,1.25,15003,United Kingdom
495706,2010-01-26 13:04:00,2,1.25,15003,United Kingdom
495706,2010-01-26 13:04:00,2,0.55,15003,United Kingdom
495706,2010-01-26 13:04:00,4,1.25,15003,United Kingdom
495706,2010-01-26 13:04:00,1,0.85,15003,United Kingdom
495706,2010-01-26 13:04:00,2,0.85,15003,United Kingdom
495706,2010-01-26 13:04:00,4,0.85,15003,United Kingdom
495706,2010-01-26 13:04:00,1,1.25,15003,United Kingdom
495706,2010-01-26 13:04:00,2,1.45,15003,United Kingdom
495706,2010-01-26 13:04:00,1,1.25,15003,United Kingdom
495706,2010-01-26 13:04:00,2,0.55,15003,United Kingdom
495706,2010-01-26 13:04:00,1,1.25,15003,United Kingdom
495706,2010-01-26 13:04:00,1,2.1,15003,United Kingdom
495706,2010-01-26 13:04:00,6,0.85,15003,United Kingdom
495706,2010-01-26 13:04:00,1,1.25,15003,United Kingdom
495706,2010-01-26 13:04:00,1,1.65,15003,United Kingdom
495706,2010-01-26 13:04:00,1,0.85,15003,United Kingdom
495706,2010-01-26 13:04:00,1,1.25,15003,United Kingdom
495706,2010-01-26 13:04:00,24,3.39,15003,United Kingdom
495706,2010-01-26 13:04:00,1,2.55,15003,United Kingdom
495706,2010-01-26 13:04:00,1,2.95,15003,United Kingdom
495706,2010-01-26 13:04:00,1,6.75,15003,United Kingdom
495706,2010-01-26 13:04:00,1,2.25,15003,United Kingdom
495706,2010-01-26 13:04:00,9,1.45,15003,United Kingdom
495706,2010-01-26 13:04:00,1,6.95,15003,United Kingdom
495706,2010-01-26 13:04:00,1,5.95,15003,United Kingdom
495706,2010-01-26 13:04:00,1,12.75,15003,United Kingdom
495706,2010-01-26 13:04:00,2,1.25,15003,United Kingdom
495706,2010-01-26 13:04:00,1,3.75,15003,United Kingdom
495706,2010-01-26 13:04:00,1,1.25,15003,United Kingdom
495706,2010-01-26 13:04:00,1,12.75,15003,United Kingdom
495706,2010-01-26 13:04:00,1,3.75,15003,United Kingdom
495706,2010-01-26 13:04:00,1,4.25,15003,United Kingdom
495706,2010-01-26 13:04:00,1,1.65,15003,United Kingdom
495706,2010-01-26 13:04:00,1,1.65,15003,United Kingdom
495706,2010-01-26 13:04:00,1,1.65,15003,United Kingdom
495706,2010-01-26 13:04:00,1,1.65,15003,United Kingdom
495706,2010-01-26 13:04:00,1,1.65,15003,United Kingdom
495706,2010-01-26 13:04:00,1,2.95,15003,United Kingdom
495706,2010-01-26 13:04:00,1,2.95,15003,United Kingdom
495706,2010-01-26 13:04:00,1,1.49,15003,United Kingdom
495706,2010-01-26 13:04:00,1,2.55,15003,United Kingdom
495706,2010-01-26 13:04:00,1,7.95,15003,United Kingdom
495706,2010-01-26 13:04:00,1,6.75,15003,United Kingdom
495706,2010-01-26 13:04:00,1,6.95,15003,United Kingdom
495706,2010-01-26 13:04:00,30,0.21,15003,United Kingdom
495706,2010-01-26 13:04:00,1,2.95,15003,United Kingdom
495706,2010-01-26 13:04:00,1,1.25,15003,United Kingdom
495706,2010-01-26 13:04:00,1,1.25,15003,United Kingdom
495706,2010-01-26 13:04:00,1,1.25,15003,United Kingdom
495706,2010-01-26 13:04:00,1,1.25,15003,United Kingdom
495706,2010-01-26 13:04:00,2,2.95,15003,United Kingdom
495706,2010-01-26 13:04:00,1,4.25,15003,United Kingdom
495706,2010-01-26 13:04:00,2,1.65,15003,United Kingdom
495706,2010-01-26 13:04:00,1,4.95,15003,United Kingdom
495706,2010-01-26 13:04:00,1,3.75,15003,United Kingdom
495706,2010-01-26 13:04:00,1,2.1,15003,United Kingdom
495706,2010-01-26 13:04:00,1,1.25,15003,United Kingdom
495706,2010-01-26 13:04:00,2,0.85,15003,United Kingdom
495706,2010-01-26 13:04:00,4,1.45,15003,United Kingdom
495706,2010-01-26 13:04:00,2,0.85,15003,United Kingdom
495706,2010-01-26 13:04:00,4,1.49,15003,United Kingdom
495706,2010-01-26 13:04:00,1,1.45,15003,United Kingdom
495706,2010-01-26 13:04:00,1,4.25,15003,United Kingdom
495706,2010-01-26 13:04:00,2,0.85,15003,United Kingdom
495706,2010-01-26 13:04:00,2,0.85,15003,United Kingdom
495706,2010-01-26 13:04:00,1,1.45,15003,United Kingdom
495706,2010-01-26 13:04:00,1,3.75,15003,United Kingdom
495750,2010-01-26 16:27:00,1,132.79,14156,EIRE
495760,2010-01-26 16:31:00,1,64.13,14156,EIRE
495777,2010-01-26 17:05:00,1,179.45,14156,EIRE
495782,2010-01-26 17:10:00,1,139.71,14156,EIRE
495784,2010-01-26 17:11:00,1,11.31,14156,EIRE
495788,2010-01-26 17:16:00,1,11.9,14156,EIRE
495807,2010-01-27 09:02:00,10,1.65,13698,United Kingdom
495807,2010-01-27 09:02:00,10,1.65,13698,United Kingdom
495807,2010-01-27 09:02:00,5,2.1,13698,United Kingdom
495807,2010-01-27 09:02:00,5,2.1,13698,United Kingdom
495807,2010-01-27 09:02:00,4,3.75,13698,United Kingdom
495807,2010-01-27 09:02:00,2,39.95,13698,United Kingdom
495807,2010-01-27 09:02:00,3,6.35,13698,United Kingdom
495807,2010-01-27 09:02:00,3,5.45,13698,United Kingdom
495915,2010-01-27 13:12:00,100,1.65,15797,United Kingdom
495915,2010-01-27 13:12:00,128,1.06,15797,United Kingdom
496345,2010-01-31 15:55:00,12,4.95,15317,United Kingdom
496345,2010-01-31 15:55:00,3,5.95,15317,United Kingdom
496345,2010-01-31 15:55:00,6,2.95,15317,United Kingdom
496345,2010-01-31 15:55:00,12,1.25,15317,United Kingdom
496345,2010-01-31 15:55:00,12,1.65,15317,United Kingdom
496644,2010-02-03 11:58:00,1,3.75,15003,United Kingdom
496644,2010-02-03 11:58:00,2,1.25,15003,United Kingdom
496644,2010-02-03 11:58:00,1,0.85,15003,United Kingdom
496644,2010-02-03 11:58:00,1,0.85,15003,United Kingdom
496644,2010-02-03 11:58:00,1,1.25,15003,United Kingdom
496644,2010-02-03 11:58:00,1,1.25,15003,United Kingdom
496644,2010-02-03 11:58:00,1,5.95,15003,United Kingdom
496644,2010-02-03 11:58:00,1,2.55,15003,United Kingdom
496644,2010-02-03 11:58:00,1,2.55,15003,United Kingdom
496644,2010-02-03 11:58:00,1,2.55,15003,United Kingdom
496644,2010-02-03 11:58:00,1,4.95,15003,United Kingdom
496644,2010-02-03 11:58:00,1,1.65,15003,United Kingdom
496644,2010-02-03 11:58:00,1,3.75,15003,United Kingdom
496644,2010-02-03 11:58:00,1,4.95,15003,United Kingdom
496644,2010-02-03 11:58:00,1,2.95,15003,United Kingdom
496644,2010-02-03 11:58:00,1,2.95,15003,United Kingdom
496644,2010-02-03 11:58:00,1,2.95,15003,United Kingdom
496644,2010-02-03 11:58:00,1,2.95,15003,United Kingdom
496644,2010-02-03 11:58:00,2,0.85,15003,United Kingdom
496644,2010-02-03 11:58:00,1,1.25,15003,United Kingdom
496644,2010-02-03 11:58:00,1,1.25,15003,United Kingdom
496644,2010-02-03 11:58:00,1,1.65,15003,United Kingdom
496644,2010-02-03 11:58:00,2,1.25,15003,United Kingdom
496644,2010-02-03 11:58:00,1,2.1,15003,United Kingdom
496644,2010-02-03 11:58:00,1,1.25,15003,United Kingdom
496644,2010-02-03 11:58:00,1,2.95,15003,United Kingdom
496644,2010-02-03 11:58:00,1,2.95,15003,United Kingdom
496644,2010-02-03 11:58:00,2,2.95,15003,United Kingdom
496644,2010-02-03 11:58:00,3,2.95,15003,United Kingdom
496644,2010-02-03 11:58:00,3,0.85,15003,United Kingdom
496644,2010-02-03 11:58:00,2,0.85,15003,United Kingdom
496644,2010-02-03 11:58:00,1,1.25,15003,United Kingdom
496644,2010-02-03 11:58:00,1,1.25,15003,United Kingdom
496644,2010-02-03 11:58:00,1,0.85,15003,United Kingdom
496644,2010-02-03 11:58:00,1,0.85,15003,United Kingdom
496644,2010-02-03 11:58:00,1,0.85,15003,United Kingdom
496644,2010-02-03 11:58:00,1,1.25,15003,United Kingdom
496644,2010-02-03 11:58:00,1,1.25,15003,United Kingdom
496644,2010-02-03 11:58:00,1,1.25,15003,United Kingdom
496644,2010-02-03 11:58:00,1,1.25,15003,United Kingdom
496644,2010-02-03 11:58:00,1,1.25,15003,United Kingdom
496644,2010-02-03 11:58:00,4,1.25,15003,United Kingdom
496644,2010-02-03 11:58:00,2,0.85,15003,United Kingdom
496644,2010-02-03 11:58:00,2,0.65,15003,United Kingdom
496644,2010-02-03 11:58:00,2,1.49,15003,United Kingdom
496644,2010-02-03 11:58:00,1,0.85,15003,United Kingdom
496677,2010-02-03 12:46:00,1,2.95,16081,United Kingdom
496677,2010-02-03 12:46:00,2,1.45,16081,United Kingdom
496677,2010-02-03 12:46:00,2,1.45,16081,United Kingdom
496677,2010-02-03 12:46:00,3,2.95,16081,United Kingdom
496677,2010-02-03 12:46:00,2,1.25,16081,United Kingdom
496677,2010-02-03 12:46:00,9,1.45,16081,United Kingdom
496677,2010-02-03 12:46:00,1,4.95,16081,United Kingdom
496677,2010-02-03 12:46:00,1,1.49,16081,United Kingdom
496677,2010-02-03 12:46:00,4,1.65,16081,United Kingdom
496677,2010-02-03 12:46:00,1,1.25,16081,United Kingdom
496677,2010-02-03 12:46:00,2,2.95,16081,United Kingdom
496677,2010-02-03 12:46:00,1,3.75,16081,United Kingdom
496677,2010-02-03 12:46:00,1,2.55,16081,United Kingdom
496677,2010-02-03 12:46:00,1,3.75,16081,United Kingdom
496677,2010-02-03 12:46:00,1,1.65,16081,United Kingdom
496677,2010-02-03 12:46:00,1,10.75,16081,United Kingdom
496677,2010-02-03 12:46:00,2,1.65,16081,United Kingdom
496677,2010-02-03 12:46:00,1,1.65,16081,United Kingdom
496677,2010-02-03 12:46:00,1,3.75,16081,United Kingdom
496677,2010-02-03 12:46:00,2,0.55,16081,United Kingdom
496677,2010-02-03 12:46:00,1,6.75,16081,United Kingdom
496677,2010-02-03 12:46:00,1,2.95,16081,United Kingdom
496677,2010-02-03 12:46:00,3,1.49,16081,United Kingdom
496677,2010-02-03 12:46:00,2,1.49,16081,United Kingdom
496677,2010-02-03 12:46:00,1,1.49,16081,United Kingdom
496677,2010-02-03 12:46:00,1,1.65,16081,United Kingdom
496705,2010-02-03 13:29:00,12,1.25,15448,United Kingdom
496705,2010-02-03 13:29:00,2,7.95,15448,United Kingdom
496705,2010-02-03 13:29:00,6,1.65,15448,United Kingdom
496705,2010-02-03 13:29:00,2,8.5,15448,United Kingdom
496705,2010-02-03 13:29:00,12,1.25,15448,United Kingdom
496705,2010-02-03 13:29:00,48,0.29,15448,United Kingdom
496705,2010-02-03 13:29:00,12,0.85,15448,United Kingdom
496705,2010-02-03 13:29:00,12,0.85,15448,United Kingdom
496705,2010-02-03 13:29:00,12,1.65,15448,United Kingdom
496705,2010-02-03 13:29:00,25,0.42,15448,United Kingdom
496705,2010-02-03 13:29:00,12,1.45,15448,United Kingdom
496705,2010-02-03 13:29:00,12,0.85,15448,United Kingdom
496705,2010-02-03 13:29:00,12,0.65,15448,United Kingdom
496705,2010-02-03 13:29:00,12,0.85,15448,United Kingdom
496705,2010-02-03 13:29:00,10,1.65,15448,United Kingdom
496705,2010-02-03 13:29:00,2,7.95,15448,United Kingdom
496705,2010-02-03 13:29:00,12,1.25,15448,United Kingdom
496705,2010-02-03 13:29:00,6,2.95,15448,United Kingdom
496705,2010-02-03 13:29:00,4,3.95,15448,United Kingdom
496705,2010-02-03 13:29:00,5,3.95,15448,United Kingdom
496705,2010-02-03 13:29:00,25,0.42,15448,United Kingdom
497056,2010-02-05 14:47:00,6,2.95,14682,United Kingdom
497056,2010-02-05 14:47:00,6,2.1,14682,United Kingdom
497056,2010-02-05 14:47:00,2,10.65,14682,United Kingdom
497056,2010-02-05 14:47:00,12,0.85,14682,United Kingdom
497056,2010-02-05 14:47:00,4,3.75,14682,United Kingdom
497056,2010-02-05 14:47:00,18,1.45,14682,United Kingdom
497056,2010-02-05 14:47:00,1,12.75,14682,United Kingdom
497056,2010-02-05 14:47:00,2,14.95,14682,United Kingdom
497056,2010-02-05 14:47:00,3,6.75,14682,United Kingdom
497056,2010-02-05 14:47:00,10,1.25,14682,United Kingdom
497056,2010-02-05 14:47:00,6,2.95,14682,United Kingdom
497056,2010-02-05 14:47:00,6,2.95,14682,United Kingdom
497056,2010-02-05 14:47:00,48,0.29,14682,United Kingdom
497056,2010-02-05 14:47:00,2,7.95,14682,United Kingdom
497056,2010-02-05 14:47:00,4,6.75,14682,United Kingdom
497056,2010-02-05 14:47:00,2,7.95,14682,United Kingdom
497056,2010-02-05 14:47:00,9,2.55,14682,United Kingdom
497056,2010-02-05 14:47:00,1,18.95,14682,United Kingdom
497056,2010-02-05 14:47:00,2,5.95,14682,United Kingdom
497056,2010-02-05 14:47:00,6,1.65,14682,United Kingdom
497056,2010-02-05 14:47:00,12,2.1,14682,United Kingdom
497056,2010-02-05 14:47:00,6,1.95,14682,United Kingdom
497073,2010-02-05 14:52:00,2,7.95,16168,United Kingdom
497073,2010-02-05 14:52:00,12,1.65,16168,United Kingdom
497073,2010-02-05 14:52:00,6,1.25,16168,United Kingdom
497073,2010-02-05 14:52:00,3,5.95,16168,United Kingdom
497073,2010-02-05 14:52:00,3,5.95,16168,United Kingdom
497073,2010-02-05 14:52:00,24,0.42,16168,United Kingdom
497217,2010-02-07 14:27:00,288,1.85,14156,EIRE
497217,2010-02-07 14:27:00,108,1.06,14156,EIRE
497217,2010-02-07 14:27:00,240,0.42,14156,EIRE
497217,2010-02-07 14:27:00,64,2.55,14156,EIRE
497217,2010-02-07 14:27:00,108,1.06,14156,EIRE
497217,2010-02-07 14:27:00,48,1.45,14156,EIRE
497217,2010-02-07 14:27:00,288,1.45,14156,EIRE
497217,2010-02-07 14:27:00,240,0.42,14156,EIRE
497217,2010-02-07 14:27:00,288,1.69,14156,EIRE
497217,2010-02-07 14:27:00,288,1.85,14156,EIRE
497217,2010-02-07 14:27:00,100,1.45,14156,EIRE
497217,2010-02-07 14:27:00,144,0.32,14156,EIRE
497217,2010-02-07 14:27:00,240,0.42,14156,EIRE
497217,2010-02-07 14:27:00,240,0.42,14156,EIRE
497217,2010-02-07 14:27:00,240,0.72,14156,EIRE
497217,2010-02-07 14:27:00,72,1.69,14156,EIRE
497217,2010-02-07 14:27:00,96,1.75,14156,EIRE
497217,2010-02-07 14:27:00,288,1.85,14156,EIRE
497217,2010-02-07 14:27:00,96,1.06,14156,EIRE
497217,2010-02-07 14:27:00,100,1.45,14156,EIRE
497217,2010-02-07 14:27:00,40,6.35,14156,EIRE
497217,2010-02-07 14:27:00,32,6.95,14156,EIRE
497217,2010-02-07 14:27:00,72,1.06,14156,EIRE
497217,2010-02-07 14:27:00,144,1.65,14156,EIRE
497217,2010-02-07 14:27:00,144,1.06,14156,EIRE
497217,2010-02-07 14:27:00,40,6.35,14156,EIRE
497217,2010-02-07 14:27:00,72,1.06,14156,EIRE
497217,2010-02-07 14:27:00,60,2.75,14156,EIRE
497217,2010-02-07 14:27:00,128,1.06,14156,EIRE
497217,2010-02-07 14:27:00,288,1.06,14156,EIRE
497217,2010-02-07 14:27:00,72,4.25,14156,EIRE
497217,2010-02-07 14:27:00,100,1.45,14156,EIRE
497217,2010-02-07 14:27:00,288,2.55,14156,EIRE
497217,2010-02-07 14:27:00,60,2.75,14156,EIRE
497229,2010-02-08 09:16:00,12,1.65,17342,United Kingdom
497229,2010-02-08 09:16:00,4,6.75,17342,United Kingdom
497229,2010-02-08 09:16:00,4,6.75,17342,United Kingdom
497229,2010-02-08 09:16:00,3,4.65,17342,United Kingdom
497229,2010-02-08 09:16:00,48,0.29,17342,United Kingdom
497229,2010-02-08 09:16:00,48,0.29,17342,United Kingdom
497229,2010-02-08 09:16:00,6,2.1,17342,United Kingdom
497229,2010-02-08 09:16:00,6,2.95,17342,United Kingdom
497229,2010-02-08 09:16:00,4,9.95,17342,United Kingdom
497229,2010-02-08 09:16:00,6,2.55,17342,United Kingdom
497229,2010-02-08 09:16:00,6,2.95,17342,United Kingdom
497229,2010-02-08 09:16:00,12,2.55,17342,United Kingdom
497229,2010-02-08 09:16:00,6,4.95,17342,United Kingdom
497229,2010-02-08 09:16:00,36,0.65,17342,United Kingdom
497229,2010-02-08 09:16:00,12,0.85,17342,United Kingdom
497274,2010-02-08 13:56:00,6,2.1,16781,United Kingdom
497274,2010-02-08 13:56:00,1,12.75,16781,United Kingdom
497274,2010-02-08 13:56:00,1,12.75,16781,United Kingdom
497274,2010-02-08 13:56:00,1,12.75,16781,United Kingdom
497274,2010-02-08 13:56:00,2,5.95,16781,United Kingdom
497274,2010-02-08 13:56:00,6,2.95,16781,United Kingdom
497274,2010-02-08 13:56:00,3,4.25,16781,United Kingdom
497274,2010-02-08 13:56:00,12,1.25,16781,United Kingdom
497274,2010-02-08 13:56:00,1,10.95,16781,United Kingdom
497274,2010-02-08 13:56:00,5,1.55,16781,United Kingdom
497274,2010-02-08 13:56:00,3,4.95,16781,United Kingdom
497274,2010-02-08 13:56:00,2,6.75,16781,United Kingdom
497274,2010-02-08 13:56:00,6,2.95,16781,United Kingdom
497274,2010-02-08 13:56:00,6,2.95,16781,United Kingdom
497274,2010-02-08 13:56:00,2,7.95,16781,United Kingdom
497274,2010-02-08 13:56:00,1,14.95,16781,United Kingdom
497274,2010-02-08 13:56:00,6,2.1,16781,United Kingdom
497274,2010-02-08 13:56:00,2,5.95,16781,United Kingdom
497274,2010-02-08 13:56:00,6,3.75,16781,United Kingdom
497274,2010-02-08 13:56:00,1,9.95,16781,United Kingdom
497274,2010-02-08 13:56:00,4,4.95,16781,United Kingdom
497274,2010-02-08 13:56:00,2,6.75,16781,United Kingdom
497388,2010-02-09 12:23:00,2,1.65,15003,United Kingdom
497388,2010-02-09 12:23:00,1,1.65,15003,United Kingdom
497388,2010-02-09 12:23:00,1,1.65,15003,United Kingdom
497388,2010-02-09 12:23:00,1,4.95,15003,United Kingdom
497388,2010-02-09 12:23:00,1,1.25,15003,United Kingdom
497388,2010-02-09 12:23:00,1,1.65,15003,United Kingdom
497388,2010-02-09 12:23:00,1,1.65,15003,United Kingdom
497388,2010-02-09 12:23:00,1,1.65,15003,United Kingdom
497388,2010-02-09 12:23:00,1,1.25,15003,United Kingdom
497388,2010-02-09 12:23:00,2,1.65,15003,United Kingdom
497388,2010-02-09 12:23:00,1,1.95,15003,United Kingdom
497388,2010-02-09 12:23:00,1,4.95,15003,United Kingdom
497388,2010-02-09 12:23:00,1,1.25,15003,United Kingdom
497388,2010-02-09 12:23:00,1,1.25,15003,United Kingdom
497388,2010-02-09 12:23:00,1,1.25,15003,United Kingdom
497388,2010-02-09 12:23:00,1,1.25,15003,United Kingdom
497388,2010-02-09 12:23:00,2,1.65,15003,United Kingdom
497388,2010-02-09 12:23:00,1,1.25,15003,United Kingdom
497388,2010-02-09 12:23:00,1,1.65,15003,United Kingdom
497388,2010-02-09 12:23:00,1,1.25,15003,United Kingdom
497388,2010-02-09 12:23:00,1,1.25,15003,United Kingdom
497388,2010-02-09 12:23:00,3,0.65,15003,United Kingdom
497388,2010-02-09 12:23:00,2,0.65,15003,United Kingdom
497388,2010-02-09 12:23:00,1,0.65,15003,United Kingdom
497388,2010-02-09 12:23:00,2,0.65,15003,United Kingdom
497388,2010-02-09 12:23:00,1,1.69,15003,United Kingdom
497388,2010-02-09 12:23:00,1,7.49,15003,United Kingdom
497388,2010-02-09 12:23:00,2,12.75,15003,United Kingdom
497388,2010-02-09 12:23:00,2,0.65,15003,United Kingdom
497388,2010-02-09 12:23:00,1,2.55,15003,United Kingdom
497388,2010-02-09 12:23:00,2,0.42,15003,United Kingdom
497388,2010-02-09 12:23:00,2,0.85,15003,United Kingdom
497388,2010-02-09 12:23:00,1,2.95,15003,United Kingdom
497388,2010-02-09 12:23:00,1,2.95,15003,United Kingdom
497388,2010-02-09 12:23:00,1,2.95,15003,United Kingdom
497388,2010-02-09 12:23:00,1,2.95,15003,United Kingdom
497388,2010-02-09 12:23:00,1,2.55,15003,United Kingdom
497393,2010-02-09 13:08:00,12,0.85,13976,United Kingdom
497393,2010-02-09 13:08:00,2,7.95,13976,United Kingdom
497393,2010-02-09 13:08:00,6,2.95,13976,United Kingdom
497393,2010-02-09 13:08:00,6,2.95,13976,United Kingdom
497393,2010-02-09 13:08:00,2,7.5,13976,United Kingdom
497393,2010-02-09 13:08:00,2,8.95,13976,United Kingdom
497393,2010-02-09 13:08:00,2,8.95,13976,United Kingdom
497393,2010-02-09 13:08:00,6,2.95,13976,United Kingdom
497393,2010-02-09 13:08:00,12,1.25,13976,United Kingdom
497393,2010-02-09 13:08:00,12,2.95,13976,United Kingdom
497393,2010-02-09 13:08:00,2,9.95,13976,United Kingdom
497393,2010-02-09 13:08:00,12,1.25,13976,United Kingdom
497393,2010-02-09 13:08:00,3,4.95,13976,United Kingdom
497393,2010-02-09 13:08:00,6,2.55,13976,United Kingdom
497393,2010-02-09 13:08:00,2,7.49,13976,United Kingdom
497393,2010-02-09 13:08:00,2,7.49,13976,United Kingdom
497485,2010-02-09 15:45:00,96,0.36,14460,United Kingdom
497485,2010-02-09 15:45:00,150,0.21,14460,United Kingdom
497692,2010-02-11 15:32:00,6,2.95,15807,United Kingdom
497692,2010-02-11 15:32:00,288,0.21,15807,United Kingdom
497692,2010-02-11 15:32:00,288,0.21,15807,United Kingdom
497692,2010-02-11 15:32:00,2,12.75,15807,United Kingdom
497692,2010-02-11 15:32:00,12,1.25,15807,United Kingdom
497692,2010-02-11 15:32:00,4,3.75,15807,United Kingdom
497692,2010-02-11 15:32:00,6,2.95,15807,United Kingdom
497692,2010-02-11 15:32:00,6,1.95,15807,United Kingdom
497692,2010-02-11 15:32:00,6,1.95,15807,United Kingdom
497692,2010-02-11 15:32:00,12,1.95,15807,United Kingdom
497692,2010-02-11 15:32:00,12,1.45,15807,United Kingdom
497692,2010-02-11 15:32:00,48,0.21,15807,United Kingdom
497692,2010-02-11 15:32:00,8,3.75,15807,United Kingdom
497692,2010-02-11 15:32:00,8,3.75,15807,United Kingdom
497692,2010-02-11 15:32:00,8,2.55,15807,United Kingdom
497692,2010-02-11 15:32:00,8,2.55,15807,United Kingdom
497692,2010-02-11 15:32:00,12,1.25,15807,United Kingdom
497894,2010-02-14 12:36:00,2,6.75,15425,United Kingdom
497894,2010-02-14 12:36:00,3,3.75,15425,United Kingdom
497894,2010-02-14 12:36:00,2,3.75,15425,United Kingdom
497894,2010-02-14 12:36:00,2,3.75,15425,United Kingdom
497894,2010-02-14 12:36:00,2,3.75,15425,United Kingdom
497894,2010-02-14 12:36:00,3,2.1,15425,United Kingdom
497894,2010-02-14 12:36:00,12,1.25,15425,United Kingdom
497894,2010-02-14 12:36:00,12,2.95,15425,United Kingdom
497894,2010-02-14 12:36:00,4,6.75,15425,United Kingdom
497894,2010-02-14 12:36:00,6,1.95,15425,United Kingdom
497894,2010-02-14 12:36:00,6,1.25,15425,United Kingdom
497894,2010-02-14 12:36:00,3,2.55,15425,United Kingdom
497894,2010-02-14 12:36:00,4,1.25,15425,United Kingdom
497894,2010-02-14 12:36:00,3,2.1,15425,United Kingdom
497894,2010-02-14 12:36:00,1,1.25,15425,United Kingdom
497894,2010-02-14 12:36:00,2,9.95,15425,United Kingdom
497894,2010-02-14 12:36:00,1,1.25,15425,United Kingdom
497894,2010-02-14 12:36:00,6,1.25,15425,United Kingdom
497894,2010-02-14 12:36:00,12,1.25,15425,United Kingdom
497894,2010-02-14 12:36:00,1,5.95,15425,United Kingdom
497894,2010-02-14 12:36:00,4,1.25,15425,United Kingdom
497894,2010-02-14 12:36:00,2,3.75,15425,United Kingdom
497894,2010-02-14 12:36:00,2,5.95,15425,United Kingdom
497894,2010-02-14 12:36:00,1,1.25,15425,United Kingdom
497894,2010-02-14 12:36:00,2,5.95,15425,United Kingdom
497894,2010-02-14 12:36:00,12,2.95,15425,United Kingdom
497894,2010-02-14 12:36:00,20,1.25,15425,United Kingdom
497894,2010-02-14 12:36:00,2,4.95,15425,United Kingdom
497894,2010-02-14 12:36:00,9,2.55,15425,United Kingdom
497894,2010-02-14 12:36:00,6,1.25,15425,United Kingdom
497894,2010-02-14 12:36:00,24,0.85,15425,United Kingdom
497894,2010-02-14 12:36:00,12,1.65,15425,United Kingdom
497894,2010-02-14 12:36:00,2,4.95,15425,United Kingdom
497894,2010-02-14 12:36:00,6,0.85,15425,United Kingdom
497894,2010-02-14 12:36:00,2,9.95,15425,United Kingdom
497894,2010-02-14 12:36:00,2,3.95,15425,United Kingdom
497894,2010-02-14 12:36:00,3,2.95,15425,United Kingdom
497894,2010-02-14 12:36:00,2,4.95,15425,United Kingdom
497894,2010-02-14 12:36:00,2,1.25,15425,United Kingdom
497894,2010-02-14 12:36:00,1,5.49,15425,United Kingdom
497894,2010-02-14 12:36:00,1,5.49,15425,United Kingdom
497894,2010-02-14 12:36:00,24,1.45,15425,United Kingdom
497894,2010-02-14 12:36:00,24,1.45,15425,United Kingdom
497894,2010-02-14 12:36:00,24,0.85,15425,United Kingdom
497894,2010-02-14 12:36:00,2,10.75,15425,United Kingdom
497894,2010-02-14 12:36:00,1,1.25,15425,United Kingdom
497894,2010-02-14 12:36:00,6,2.95,15425,United Kingdom
497894,2010-02-14 12:36:00,3,2.1,15425,United Kingdom
497894,2010-02-14 12:36:00,2,1.25,15425,United Kingdom
497894,2010-02-14 12:36:00,2,1.25,15425,United Kingdom
497894,2010-02-14 12:36:00,3,2.1,15425,United Kingdom
497894,2010-02-14 12:36:00,4,0.55,15425,United Kingdom
497894,2010-02-14 12:36:00,3,2.55,15425,United Kingdom
497894,2010-02-14 12:36:00,1,4.95,15425,United Kingdom
497894,2010-02-14 12:36:00,3,2.55,15425,United Kingdom
497894,2010-02-14 12:36:00,4,1.49,15425,United Kingdom
497894,2010-02-14 12:36:00,8,1.25,15425,United Kingdom
497894,2010-02-14 12:36:00,8,1.25,15425,United Kingdom
497894,2010-02-14 12:36:00,8,1.25,15425,United Kingdom
497894,2010-02-14 12:36:00,12,1.65,15425,United Kingdom
497894,2010-02-14 12:36:00,3,3.75,15425,United Kingdom
497894,2010-02-14 12:36:00,4,0.55,15425,United Kingdom
497894,2010-02-14 12:36:00,4,0.55,15425,United Kingdom
497894,2010-02-14 12:36:00,2,3.75,15425,United Kingdom
497894,2010-02-14 12:36:00,2,9.95,15425,United Kingdom
497894,2010-02-14 12:36:00,2,9.95,15425,United Kingdom
497906,2010-02-14 13:26:00,10,6.35,14156,EIRE
497906,2010-02-14 13:26:00,10,6.35,14156,EIRE
497906,2010-02-14 13:26:00,2,16.95,14156,EIRE
497906,2010-02-14 13:26:00,12,1.25,14156,EIRE
497906,2010-02-14 13:26:00,6,4.95,14156,EIRE
497906,2010-02-14 13:26:00,24,0.55,14156,EIRE
497906,2010-02-14 13:26:00,120,0.42,14156,EIRE
497906,2010-02-14 13:26:00,120,0.42,14156,EIRE
497906,2010-02-14 13:26:00,24,1.25,14156,EIRE
497906,2010-02-14 13:26:00,6,3.95,14156,EIRE
497906,2010-02-14 13:26:00,48,0.42,14156,EIRE
497906,2010-02-14 13:26:00,6,4.95,14156,EIRE
497906,2010-02-14 13:26:00,120,0.42,14156,EIRE
497906,2010-02-14 13:26:00,120,0.42,14156,EIRE
497906,2010-02-14 13:26:00,6,2.95,14156,EIRE
497906,2010-02-14 13:26:00,120,0.42,14156,EIRE
497906,2010-02-14 13:26:00,120,0.42,14156,EIRE
497906,2010-02-14 13:26:00,10,6.35,14156,EIRE
497906,2010-02-14 13:26:00,2,16.95,14156,EIRE
497906,2010-02-14 13:26:00,10,6.35,14156,EIRE
497906,2010-02-14 13:26:00,12,1.25,14156,EIRE
497906,2010-02-14 13:26:00,10,6.35,14156,EIRE
497923,2010-02-14 15:51:00,12,2.1,18179,United Kingdom
497923,2010-02-14 15:51:00,2,8.5,18179,United Kingdom
497923,2010-02-14 15:51:00,6,2.95,18179,United Kingdom
497923,2010-02-14 15:51:00,12,1.25,18179,United Kingdom
497923,2010-02-14 15:51:00,12,1.45,18179,United Kingdom
497923,2010-02-14 15:51:00,24,0.55,18179,United Kingdom
497923,2010-02-14 15:51:00,6,1.95,18179,United Kingdom
497923,2010-02-14 15:51:00,12,1.65,18179,United Kingdom
497923,2010-02-14 15:51:00,6,3.75,18179,United Kingdom
497923,2010-02-14 15:51:00,8,1.25,18179,United Kingdom
497923,2010-02-14 15:51:00,10,1.95,18179,United Kingdom
497923,2010-02-14 15:51:00,5,2.1,18179,United Kingdom
497923,2010-02-14 15:51:00,12,1.69,18179,United Kingdom
497923,2010-02-14 15:51:00,6,3.75,18179,United Kingdom
497923,2010-02-14 15:51:00,6,3.75,18179,United Kingdom
497923,2010-02-14 15:51:00,6,1.65,18179,United Kingdom
497923,2010-02-14 15:51:00,3,4.95,18179,United Kingdom
497923,2010-02-14 15:51:00,3,4.95,18179,United Kingdom
497926,2010-02-15 08:41:00,12,2.55,12426,Germany
497926,2010-02-15 08:41:00,8,2.55,12426,Germany
497926,2010-02-15 08:41:00,2,5.95,12426,Germany
497926,2010-02-15 08:41:00,12,0.85,12426,Germany
497926,2010-02-15 08:41:00,6,3.75,12426,Germany
497926,2010-02-15 08:41:00,4,5.95,12426,Germany
497926,2010-02-15 08:41:00,4,4.25,12426,Germany
497926,2010-02-15 08:41:00,24,0.42,12426,Germany
497926,2010-02-15 08:41:00,6,2.55,12426,Germany
497926,2010-02-15 08:41:00,4,4.25,12426,Germany
497926,2010-02-15 08:41:00,6,2.25,12426,Germany
497926,2010-02-15 08:41:00,6,2.95,12426,Germany
497926,2010-02-15 08:41:00,6,2.95,12426,Germany
497926,2010-02-15 08:41:00,6,2.25,12426,Germany
497926,2010-02-15 08:41:00,6,2.25,12426,Germany
497926,2010-02-15 08:41:00,6,2.25,12426,Germany
497926,2010-02-15 08:41:00,6,2.95,12426,Germany
497926,2010-02-15 08:41:00,12,0.85,12426,Germany
497926,2010-02-15 08:41:00,12,0.85,12426,Germany
497926,2010-02-15 08:41:00,12,1.25,12426,Germany
497926,2010-02-15 08:41:00,12,1.65,12426,Germany
497926,2010-02-15 08:41:00,4,18.0,12426,Germany
497926,2010-02-15 08:41:00,4,4.95,12426,Germany
497926,2010-02-15 08:41:00,6,2.95,12426,Germany
497926,2010-02-15 08:41:00,2,6.75,12426,Germany
497926,2010-02-15 08:41:00,6,2.95,12426,Germany
497926,2010-02-15 08:41:00,12,0.85,12426,Germany
497926,2010-02-15 08:41:00,4,3.75,12426,Germany
497926,2010-02-15 08:41:00,3,4.95,12426,Germany
497926,2010-02-15 08:41:00,3,4.95,12426,Germany
497926,2010-02-15 08:41:00,12,1.25,12426,Germany
497926,2010-02-15 08:41:00,12,1.25,12426,Germany
497926,2010-02-15 08:41:00,2,7.95,12426,Germany
497926,2010-02-15 08:41:00,2,6.95,12426,Germany
497926,2010-02-15 08:41:00,6,2.1,12426,Germany
497926,2010-02-15 08:41:00,12,0.85,12426,Germany
497926,2010-02-15 08:41:00,4,3.75,12426,Germany
497926,2010-02-15 08:41:00,8,0.85,12426,Germany
497926,2010-02-15 08:41:00,8,0.85,12426,Germany
497926,2010-02-15 08:41:00,2,7.95,12426,Germany
497926,2010-02-15 08:41:00,6,2.55,12426,Germany
497926,2010-02-15 08:41:00,6,2.55,12426,Germany
497926,2010-02-15 08:41:00,6,2.1,12426,Germany
497926,2010-02-15 08:41:00,6,2.1,12426,Germany
497926,2010-02-15 08:41:00,6,2.95,12426,Germany
497926,2010-02-15 08:41:00,6,2.1,12426,Germany
497926,2010-02-15 08:41:00,6,2.1,12426,Germany
498131,2010-02-16 16:50:00,1,39.95,17342,United Kingdom
498131,2010-02-16 16:50:00,12,2.95,17342,United Kingdom
498131,2010-02-16 16:50:00,24,5.95,17342,United Kingdom
498131,2010-02-16 16:50:00,4,4.95,17342,United Kingdom
498131,2010-02-16 16:50:00,36,2.1,17342,United Kingdom
498145,2010-02-17 10:04:00,24,0.55,14156,EIRE
498145,2010-02-17 10:04:00,6,2.1,14156,EIRE
498145,2010-02-17 10:04:00,2,6.95,14156,EIRE
498145,2010-02-17 10:04:00,6,2.55,14156,EIRE
498145,2010-02-17 10:04:00,6,2.55,14156,EIRE
498145,2010-02-17 10:04:00,24,0.55,14156,EIRE
498145,2010-02-17 10:04:00,6,2.1,14156,EIRE
498145,2010-02-17 10:04:00,1,50.0,14156,EIRE
498145,2010-02-17 10:04:00,6,3.75,14156,EIRE
498145,2010-02-17 10:04:00,12,1.65,14156,EIRE
498145,2010-02-17 10:04:00,12,1.65,14156,EIRE
498145,2010-02-17 10:04:00,6,2.95,14156,EIRE
498145,2010-02-17 10:04:00,3,4.25,14156,EIRE
498145,2010-02-17 10:04:00,3,4.25,14156,EIRE
498145,2010-02-17 10:04:00,2,6.75,14156,EIRE
498145,2010-02-17 10:04:00,6,1.65,14156,EIRE
498145,2010-02-17 10:04:00,4,3.75,14156,EIRE
498145,2010-02-17 10:04:00,3,4.95,14156,EIRE
498145,2010-02-17 10:04:00,10,1.25,14156,EIRE
498145,2010-02-17 10:04:00,8,2.55,14156,EIRE
498145,2010-02-17 10:04:00,12,1.95,14156,EIRE
498145,2010-02-17 10:04:00,24,0.55,14156,EIRE
498145,2010-02-17 10:04:00,6,2.1,14156,EIRE
498145,2010-02-17 10:04:00,12,1.25,14156,EIRE
498145,2010-02-17 10:04:00,4,3.75,14156,EIRE
498145,2010-02-17 10:04:00,1,12.75,14156,EIRE
498145,2010-02-17 10:04:00,5,2.1,14156,EIRE
498145,2010-02-17 10:04:00,3,4.65,14156,EIRE
498145,2010-02-17 10:04:00,3,4.95,14156,EIRE
498145,2010-02-17 10:04:00,4,3.45,14156,EIRE
498145,2010-02-17 10:04:00,2,5.95,14156,EIRE
498145,2010-02-17 10:04:00,2,7.95,14156,EIRE
498145,2010-02-17 10:04:00,6,2.1,14156,EIRE
498145,2010-02-17 10:04:00,12,0.85,14156,EIRE
498145,2010-02-17 10:04:00,2,4.95,14156,EIRE
498153,2010-02-17 11:05:00,6,1.45,14198,United Kingdom
498153,2010-02-17 11:05:00,6,1.55,14198,United Kingdom
498153,2010-02-17 11:05:00,4,3.75,14198,United Kingdom
498153,2010-02-17 11:05:00,2,7.49,14198,United Kingdom
498153,2010-02-17 11:05:00,2,7.49,14198,United Kingdom
498153,2010-02-17 11:05:00,4,5.95,14198,United Kingdom
498153,2010-02-17 11:05:00,2,7.95,14198,United Kingdom
498153,2010-02-17 11:05:00,12,1.25,14198,United Kingdom
498153,2010-02-17 11:05:00,4,3.75,14198,United Kingdom
498153,2010-02-17 11:05:00,2,7.49,14198,United Kingdom
498222,2010-02-17 14:01:00,2,1.95,14584,United Kingdom
498222,2010-02-17 14:01:00,2,2.1,14584,United Kingdom
498222,2010-02-17 14:01:00,2,1.69,14584,United Kingdom
498222,2010-02-17 14:01:00,2,1.69,14584,United Kingdom
498222,2010-02-17 14:01:00,2,2.1,14584,United Kingdom
498222,2010-02-17 14:01:00,2,0.95,14584,United Kingdom
498222,2010-02-17 14:01:00,24,0.29,14584,United Kingdom
498222,2010-02-17 14:01:00,24,0.29,14584,United Kingdom
498222,2010-02-17 14:01:00,24,0.29,14584,United Kingdom
498222,2010-02-17 14:01:00,1,1.65,14584,United Kingdom
498222,2010-02-17 14:01:00,1,1.65,14584,United Kingdom
498222,2010-02-17 14:01:00,1,1.65,14584,United Kingdom
498222,2010-02-17 14:01:00,1,4.25,14584,United Kingdom
498222,2010-02-17 14:01:00,1,4.25,14584,United Kingdom
498222,2010-02-17 14:01:00,2,2.95,14584,United Kingdom
498222,2010-02-17 14:01:00,2,3.75,14584,United Kingdom
498222,2010-02-17 14:01:00,1,1.95,14584,United Kingdom
498222,2010-02-17 14:01:00,2,2.1,14584,United Kingdom
498222,2010-02-17 14:01:00,24,0.29,14584,United Kingdom
498222,2010-02-17 14:01:00,2,2.1,14584,United Kingdom
498222,2010-02-17 14:01:00,24,0.29,14584,United Kingdom
498222,2010-02-17 14:01:00,4,0.55,14584,United Kingdom
498222,2010-02-17 14:01:00,2,0.42,14584,United Kingdom
498222,2010-02-17 14:01:00,2,1.25,14584,United Kingdom
498222,2010-02-17 14:01:00,3,0.95,14584,United Kingdom
498222,2010-02-17 14:01:00,9,1.25,14584,United Kingdom
498222,2010-02-17 14:01:00,3,1.65,14584,United Kingdom
498222,2010-02-17 14:01:00,6,1.25,14584,United Kingdom
498222,2010-02-17 14:01:00,1,6.75,14584,United Kingdom
498222,2010-02-17 14:01:00,1,12.75,14584,United Kingdom
498222,2010-02-17 14:01:00,1,6.75,14584,United Kingdom
498222,2010-02-17 14:01:00,9,1.45,14584,United Kingdom
498222,2010-02-17 14:01:00,1,2.95,14584,United Kingdom
498222,2010-02-17 14:01:00,2,1.49,14584,United Kingdom
498222,2010-02-17 14:01:00,5,0.22,14584,United Kingdom
498222,2010-02-17 14:01:00,5,0.42,14584,United Kingdom
498222,2010-02-17 14:01:00,1,5.95,14584,United Kingdom
498222,2010-02-17 14:01:00,2,1.65,14584,United Kingdom
498222,2010-02-17 14:01:00,6,1.25,14584,United Kingdom
498222,2010-02-17 14:01:00,4,0.55,14584,United Kingdom
498222,2010-02-17 14:01:00,4,0.55,14584,United Kingdom
498346,2010-02-18 11:56:00,16,1.69,16563,United Kingdom
498346,2010-02-18 11:56:00,4,3.95,16563,United Kingdom
498346,2010-02-18 11:56:00,32,2.55,16563,United Kingdom
498346,2010-02-18 11:56:00,48,3.39,16563,United Kingdom
498346,2010-02-18 11:56:00,6,2.55,16563,United Kingdom
498346,2010-02-18 11:56:00,25,0.42,16563,United Kingdom
498383,2010-02-18 14:37:00,30,1.25,15693,United Kingdom
498560,2010-02-21 11:29:00,3,4.65,16335,United Kingdom
498560,2010-02-21 11:29:00,4,1.65,16335,United Kingdom
498560,2010-02-21 11:29:00,2,0.85,16335,United Kingdom
498560,2010-02-21 11:29:00,1,1.25,16335,United Kingdom
498560,2010-02-21 11:29:00,4,1.25,16335,United Kingdom
498560,2010-02-21 11:29:00,4,1.25,16335,United Kingdom
498560,2010-02-21 11:29:00,4,1.25,16335,United Kingdom
498560,2010-02-21 11:29:00,2,0.85,16335,United Kingdom
498560,2010-02-21 11:29:00,4,1.65,16335,United Kingdom
498560,2010-02-21 11:29:00,1,5.95,16335,United Kingdom
498560,2010-02-21 11:29:00,2,5.95,16335,United Kingdom
498560,2010-02-21 11:29:00,3,5.95,16335,United Kingdom
498560,2010-02-21 11:29:00,4,2.95,16335,United Kingdom
498560,2010-02-21 11:29:00,6,1.25,16335,United Kingdom
498560,2010-02-21 11:29:00,2,6.95,16335,United Kingdom
498560,2010-02-21 11:29:00,3,3.75,16335,United Kingdom
498560,2010-02-21 11:29:00,1,3.75,16335,United Kingdom
498560,2010-02-21 11:29:00,2,2.55,16335,United Kingdom
498560,2010-02-21 11:29:00,3,2.55,16335,United Kingdom
498560,2010-02-21 11:29:00,2,0.95,16335,United Kingdom
498560,2010-02-21 11:29:00,2,5.95,16335,United Kingdom
498560,2010-02-21 11:29:00,1,5.95,16335,United Kingdom
498560,2010-02-21 11:29:00,3,1.65,16335,United Kingdom
498560,2010-02-21 11:29:00,1,3.75,16335,United Kingdom
498560,2010-02-21 11:29:00,4,1.69,16335,United Kingdom
498560,2010-02-21 11:29:00,3,1.95,16335,United Kingdom
498560,2010-02-21 11:29:00,3,0.55,16335,United Kingdom
498560,2010-02-21 11:29:00,3,0.55,16335,United Kingdom
498560,2010-02-21 11:29:00,3,0.55,16335,United Kingdom
498560,2010-02-21 11:29:00,3,0.55,16335,United Kingdom
498560,2010-02-21 11:29:00,2,6.75,16335,United Kingdom
498560,2010-02-21 11:29:00,2,7.95,16335,United Kingdom
498560,2010-02-21 11:29:00,9,1.45,16335,United Kingdom
498560,2010-02-21 11:29:00,5,2.1,16335,United Kingdom
498560,2010-02-21 11:29:00,3,2.1,16335,United Kingdom
498560,2010-02-21 11:29:00,2,2.1,16335,United Kingdom
498560,2010-02-21 11:29:00,6,1.25,16335,United Kingdom
498560,2010-02-21 11:29:00,3,10.75,16335,United Kingdom
498560,2010-02-21 11:29:00,1,7.49,16335,United Kingdom
498560,2010-02-21 11:29:00,1,7.49,16335,United Kingdom
498560,2010-02-21 11:29:00,1,7.49,16335,United Kingdom
498560,2010-02-21 11:29:00,4,1.65,16335,United Kingdom
498560,2010-02-21 11:29:00,2,2.55,16335,United Kingdom
498560,2010-02-21 11:29:00,2,0.85,16335,United Kingdom
498560,2010-02-21 11:29:00,3,0.85,16335,United Kingdom
498560,2010-02-21 11:29:00,3,0.85,16335,United Kingdom
498560,2010-02-21 11:29:00,24,0.85,16335,United Kingdom
498560,2010-02-21 11:29:00,3,1.69,16335,United Kingdom
498589,2010-02-21 15:19:00,2,8.5,14895,United Kingdom
498589,2010-02-21 15:19:00,2,8.5,14895,United Kingdom
498589,2010-02-21 15:19:00,6,4.25,14895,United Kingdom
498589,2010-02-21 15:19:00,6,2.1,14895,United Kingdom
498589,2010-02-21 15:19:00,3,4.95,14895,United Kingdom
498589,2010-02-21 15:19:00,12,2.95,14895,United Kingdom
498589,2010-02-21 15:19:00,6,2.55,14895,United Kingdom
498589,2010-02-21 15:19:00,2,6.95,14895,United Kingdom
498589,2010-02-21 15:19:00,24,2.95,14895,United Kingdom
498589,2010-02-21 15:19:00,8,2.1,14895,United Kingdom
498589,2010-02-21 15:19:00,6,2.1,14895,United Kingdom
498589,2010-02-21 15:19:00,3,5.95,14895,United Kingdom
498589,2010-02-21 15:19:00,2,9.95,14895,United Kingdom
498589,2010-02-21 15:19:00,6,7.49,14895,United Kingdom
498589,2010-02-21 15:19:00,6,7.49,14895,United Kingdom
498589,2010-02-21 15:19:00,6,7.49,14895,United Kingdom
498589,2010-02-21 15:19:00,6,7.49,14895,United Kingdom
498589,2010-02-21 15:19:00,12,1.45,14895,United Kingdom
498589,2010-02-21 15:19:00,12,0.85,14895,United Kingdom
498589,2010-02-21 15:19:00,18,5.45,14895,United Kingdom
498589,2010-02-21 15:19:00,3,5.95,14895,United Kingdom
498589,2010-02-21 15:19:00,12,7.65,14895,United Kingdom
498589,2010-02-21 15:19:00,4,4.25,14895,United Kingdom
498589,2010-02-21 15:19:00,12,1.25,14895,United Kingdom
498589,2010-02-21 15:19:00,12,1.25,14895,United Kingdom
498589,2010-02-21 15:19:00,6,7.49,14895,United Kingdom
498589,2010-02-21 15:19:00,4,3.75,14895,United Kingdom
498589,2010-02-21 15:19:00,6,2.55,14895,United Kingdom
498589,2010-02-21 15:19:00,5,2.1,14895,United Kingdom
498589,2010-02-21 15:19:00,12,2.95,14895,United Kingdom
498589,2010-02-21 15:19:00,12,2.95,14895,United Kingdom
498589,2010-02-21 15:19:00,12,2.95,14895,United Kingdom
498589,2010-02-21 15:19:00,12,2.95,14895,United Kingdom
498589,2010-02-21 15:19:00,12,8.5,14895,United Kingdom
498589,2010-02-21 15:19:00,12,4.65,14895,United Kingdom
498589,2010-02-21 15:19:00,4,4.95,14895,United Kingdom
498589,2010-02-21 15:19:00,6,2.1,14895,United Kingdom
498589,2010-02-21 15:19:00,12,2.95,14895,United Kingdom
498589,2010-02-21 15:19:00,3,5.95,14895,United Kingdom
498589,2010-02-21 15:19:00,12,1.65,14895,United Kingdom
498589,2010-02-21 15:19:00,6,3.25,14895,United Kingdom
498589,2010-02-21 15:19:00,6,6.95,14895,United Kingdom
498589,2010-02-21 15:19:00,24,0.55,14895,United Kingdom
498589,2010-02-21 15:19:00,24,0.55,14895,United Kingdom
498589,2010-02-21 15:19:00,10,2.55,14895,United Kingdom
498589,2010-02-21 15:19:00,6,4.95,14895,United Kingdom
498589,2010-02-21 15:19:00,12,0.85,14895,United Kingdom
498589,2010-02-21 15:19:00,6,7.95,14895,United Kingdom
498589,2010-02-21 15:19:00,6,2.1,14895,United Kingdom
498589,2010-02-21 15:19:00,6,2.55,14895,United Kingdom
498589,2010-02-21 15:19:00,4,3.75,14895,United Kingdom
498589,2010-02-21 15:19:00,6,3.75,14895,United Kingdom
498589,2010-02-21 15:19:00,24,2.95,14895,United Kingdom
498589,2010-02-21 15:19:00,12,0.85,14895,United Kingdom
498589,2010-02-21 15:19:00,12,1.65,14895,United Kingdom
498720,2010-02-22 14:28:00,12,1.65,15673,United Kingdom
498720,2010-02-22 14:28:00,12,1.45,15673,United Kingdom
498720,2010-02-22 14:28:00,10,8.5,15673,United Kingdom
498720,2010-02-22 14:28:00,10,1.65,15673,United Kingdom
498720,2010-02-22 14:28:00,12,2.95,15673,United Kingdom
498720,2010-02-22 14:28:00,10,1.95,15673,United Kingdom
498720,2010-02-22 14:28:00,8,1.95,15673,United Kingdom
498720,2010-02-22 14:28:00,10,10.95,15673,United Kingdom
498720,2010-02-22 14:28:00,36,0.85,15673,United Kingdom
498720,2010-02-22 14:28:00,10,1.65,15673,United Kingdom
498720,2010-02-22 14:28:00,18,2.95,15673,United Kingdom
498720,2010-02-22 14:28:00,12,1.45,15673,United Kingdom
498720,2010-02-22 14:28:00,12,2.1,15673,United Kingdom
498720,2010-02-22 14:28:00,6,4.95,15673,United Kingdom
498720,2010-02-22 14:28:00,24,0.55,15673,United Kingdom
498720,2010-02-22 14:28:00,18,2.95,15673,United Kingdom
498720,2010-02-22 14:28:00,24,0.42,15673,United Kingdom
498720,2010-02-22 14:28:00,12,2.95,15673,United Kingdom
498720,2010-02-22 14:28:00,6,5.95,15673,United Kingdom
498720,2010-02-22 14:28:00,6,5.95,15673,United Kingdom
498720,2010-02-22 14:28:00,6,5.95,15673,United Kingdom
498720,2010-02-22 14:28:00,12,1.45,15673,United Kingdom
498720,2010-02-22 14:28:00,24,0.42,15673,United Kingdom
498726,2010-02-22 15:13:00,48,3.39,13576,United Kingdom
498726,2010-02-22 15:13:00,48,2.1,13576,United Kingdom
498726,2010-02-22 15:13:00,5,2.1,13576,United Kingdom
498726,2010-02-22 15:13:00,5,2.1,13576,United Kingdom
498726,2010-02-22 15:13:00,10,1.95,13576,United Kingdom
498726,2010-02-22 15:13:00,6,2.55,13576,United Kingdom
498759,2010-02-22 16:58:00,12,5.95,14156,EIRE
498759,2010-02-22 16:58:00,12,5.95,14156,EIRE
498759,2010-02-22 16:58:00,12,5.95,14156,EIRE
498759,2010-02-22 16:58:00,96,0.72,14156,EIRE
498759,2010-02-22 16:58:00,6,10.95,14156,EIRE
498759,2010-02-22 16:58:00,12,2.55,14156,EIRE
498759,2010-02-22 16:58:00,50,1.45,14156,EIRE
498759,2010-02-22 16:58:00,12,9.95,14156,EIRE
498759,2010-02-22 16:58:00,12,8.5,14156,EIRE
498759,2010-02-22 16:58:00,16,8.5,14156,EIRE
498759,2010-02-22 16:58:00,100,0.72,14156,EIRE
498905,2010-02-23 14:40:00,2,4.65,12854,United Kingdom
498905,2010-02-23 14:40:00,2,4.65,12854,United Kingdom
498905,2010-02-23 14:40:00,6,1.25,12854,United Kingdom
498905,2010-02-23 14:40:00,6,1.95,12854,United Kingdom
498905,2010-02-23 14:40:00,6,2.1,12854,United Kingdom
498905,2010-02-23 14:40:00,4,1.95,12854,United Kingdom
498905,2010-02-23 14:40:00,6,0.85,12854,United Kingdom
498905,2010-02-23 14:40:00,4,1.65,12854,United Kingdom
498905,2010-02-23 14:40:00,4,0.85,12854,United Kingdom
498905,2010-02-23 14:40:00,4,0.85,12854,United Kingdom
498905,2010-02-23 14:40:00,6,0.85,12854,United Kingdom
498905,2010-02-23 14:40:00,12,0.65,12854,United Kingdom
498905,2010-02-23 14:40:00,12,0.65,12854,United Kingdom
498905,2010-02-23 14:40:00,6,0.85,12854,United Kingdom
498905,2010-02-23 14:40:00,3,1.25,12854,United Kingdom
498905,2010-02-23 14:40:00,4,2.1,12854,United Kingdom
498905,2010-02-23 14:40:00,6,1.25,12854,United Kingdom
498905,2010-02-23 14:40:00,6,0.85,12854,United Kingdom
498905,2010-02-23 14:40:00,6,1.69,12854,United Kingdom
498905,2010-02-23 14:40:00,6,2.95,12854,United Kingdom
498905,2010-02-23 14:40:00,4,2.95,12854,United Kingdom
498905,2010-02-23 14:40:00,6,0.65,12854,United Kingdom
498905,2010-02-23 14:40:00,6,1.45,12854,United Kingdom
498905,2010-02-23 14:40:00,6,1.45,12854,United Kingdom
498905,2010-02-23 14:40:00,6,1.45,12854,United Kingdom
498905,2010-02-23 14:40:00,9,0.85,12854,United Kingdom
498905,2010-02-23 14:40:00,6,0.85,12854,United Kingdom
498905,2010-02-23 14:40:00,6,0.85,12854,United Kingdom
498905,2010-02-23 14:40:00,3,1.25,12854,United Kingdom
498905,2010-02-23 14:40:00,2,1.25,12854,United Kingdom
498905,2010-02-23 14:40:00,4,1.95,12854,United Kingdom
498905,2010-02-23 14:40:00,2,2.1,12854,United Kingdom
498905,2010-02-23 14:40:00,1,12.75,12854,United Kingdom
498905,2010-02-23 14:40:00,2,12.75,12854,United Kingdom
498905,2010-02-23 14:40:00,24,0.85,12854,United Kingdom
498905,2010-02-23 14:40:00,12,1.95,12854,United Kingdom
498905,2010-02-23 14:40:00,2,5.95,12854,United Kingdom
498905,2010-02-23 14:40:00,6,1.69,12854,United Kingdom
498905,2010-02-23 14:40:00,8,2.95,12854,United Kingdom
498905,2010-02-23 14:40:00,4,2.95,12854,United Kingdom
498905,2010-02-23 14:40:00,4,2.1,12854,United Kingdom
498905,2010-02-23 14:40:00,2,2.1,12854,United Kingdom
498905,2010-02-23 14:40:00,4,4.95,12854,United Kingdom
498905,2010-02-23 14:40:00,2,3.75,12854,United Kingdom
498905,2010-02-23 14:40:00,4,2.1,12854,United Kingdom
498905,2010-02-23 14:40:00,4,2.95,12854,United Kingdom
498905,2010-02-23 14:40:00,12,2.1,12854,United Kingdom
498905,2010-02-23 14:40:00,4,1.69,12854,United Kingdom
498905,2010-02-23 14:40:00,4,1.45,12854,United Kingdom
498905,2010-02-23 14:40:00,2,5.95,12854,United Kingdom
498905,2010-02-23 14:40:00,2,10.65,12854,United Kingdom
498905,2010-02-23 14:40:00,8,1.69,12854,United Kingdom
498905,2010-02-23 14:40:00,6,1.25,12854,United Kingdom
498905,2010-02-23 14:40:00,12,0.85,12854,United Kingdom
498905,2010-02-23 14:40:00,1,12.75,12854,United Kingdom
498905,2010-02-23 14:40:00,2,3.95,12854,United Kingdom
498905,2010-02-23 14:40:00,1,6.75,12854,United Kingdom
498905,2010-02-23 14:40:00,1,16.95,12854,United Kingdom
498905,2010-02-23 14:40:00,2,2.1,12854,United Kingdom
498905,2010-02-23 14:40:00,3,2.1,12854,United Kingdom
498905,2010-02-23 14:40:00,4,2.1,12854,United Kingdom
498905,2010-02-23 14:40:00,2,3.95,12854,United Kingdom
498911,2010-02-23 15:27:00,3,1.65,16702,United Kingdom
498911,2010-02-23 15:27:00,2,1.95,16702,United Kingdom
498911,2010-02-23 15:27:00,2,6.95,16702,United Kingdom
498911,2010-02-23 15:27:00,10,1.25,16702,United Kingdom
498911,2010-02-23 15:27:00,10,1.25,16702,United Kingdom
498911,2010-02-23 15:27:00,3,1.65,16702,United Kingdom
498911,2010-02-23 15:27:00,2,1.65,16702,United Kingdom
498911,2010-02-23 15:27:00,2,0.65,16702,United Kingdom
498911,2010-02-23 15:27:00,3,0.85,16702,United Kingdom
498911,2010-02-23 15:27:00,2,1.45,16702,United Kingdom
498911,2010-02-23 15:27:00,3,0.85,16702,United Kingdom
498911,2010-02-23 15:27:00,3,0.85,16702,United Kingdom
498911,2010-02-23 15:27:00,8,0.65,16702,United Kingdom
498911,2010-02-23 15:27:00,2,1.45,16702,United Kingdom
498911,2010-02-23 15:27:00,1,2.55,16702,United Kingdom
498911,2010-02-23 15:27:00,4,1.95,16702,United Kingdom
498911,2010-02-23 15:27:00,24,0.42,16702,United Kingdom
498911,2010-02-23 15:27:00,1,3.75,16702,United Kingdom
498911,2010-02-23 15:27:00,2,3.75,16702,United Kingdom
498911,2010-02-23 15:27:00,1,1.25,16702,United Kingdom
498911,2010-02-23 15:27:00,2,0.85,16702,United Kingdom
498911,2010-02-23 15:27:00,12,1.25,16702,United Kingdom
498911,2010-02-23 15:27:00,24,1.25,16702,United Kingdom
498911,2010-02-23 15:27:00,21,1.25,16702,United Kingdom
498911,2010-02-23 15:27:00,28,0.21,16702,United Kingdom
498911,2010-02-23 15:27:00,30,0.21,16702,United Kingdom
498911,2010-02-23 15:27:00,20,0.16,16702,United Kingdom
498911,2010-02-23 15:27:00,2,2.95,16702,United Kingdom
498911,2010-02-23 15:27:00,32,0.42,16702,United Kingdom
498911,2010-02-23 15:27:00,24,1.25,16702,United Kingdom
499070,2010-02-24 15:03:00,10,0.85,13469,United Kingdom
499070,2010-02-24 15:03:00,10,1.25,13469,United Kingdom
499070,2010-02-24 15:03:00,10,1.25,13469,United Kingdom
499070,2010-02-24 15:03:00,2,9.95,13469,United Kingdom
499070,2010-02-24 15:03:00,10,1.25,13469,United Kingdom
499070,2010-02-24 15:03:00,10,1.65,13469,United Kingdom
499123,2010-02-24 16:15:00,1,0.85,14556,United Kingdom
499123,2010-02-24 16:15:00,1,0.65,14556,United Kingdom
499123,2010-02-24 16:15:00,1,5.95,14556,United Kingdom
499123,2010-02-24 16:15:00,1,0.65,14556,United Kingdom
499123,2010-02-24 16:15:00,2,3.75,14556,United Kingdom
499123,2010-02-24 16:15:00,1,1.65,14556,United Kingdom
499123,2010-02-24 16:15:00,1,1.65,14556,United Kingdom
499123,2010-02-24 16:15:00,1,2.1,14556,United Kingdom
499123,2010-02-24 16:15:00,1,1.95,14556,United Kingdom
499123,2010-02-24 16:15:00,1,2.95,14556,United Kingdom
499123,2010-02-24 16:15:00,1,6.75,14556,United Kingdom
499123,2010-02-24 16:15:00,1,1.65,14556,United Kingdom
499123,2010-02-24 16:15:00,1,1.25,14556,United Kingdom
499123,2010-02-24 16:15:00,2,1.95,14556,United Kingdom
499123,2010-02-24 16:15:00,1,2.1,14556,United Kingdom
499123,2010-02-24 16:15:00,1,2.1,14556,United Kingdom
499123,2010-02-24 16:15:00,3,1.25,14556,United Kingdom
499123,2010-02-24 16:15:00,1,1.25,14556,United Kingdom
499123,2010-02-24 16:15:00,1,1.25,14556,United Kingdom
499123,2010-02-24 16:15:00,6,1.65,14556,United Kingdom
499123,2010-02-24 16:15:00,1,1.65,14556,United Kingdom
499123,2010-02-24 16:15:00,1,4.95,14556,United Kingdom
499123,2010-02-24 16:15:00,1,3.75,14556,United Kingdom
499123,2010-02-24 16:15:00,2,1.65,14556,United Kingdom
499123,2010-02-24 16:15:00,2,2.95,14556,United Kingdom
499123,2010-02-24 16:15:00,2,4.65,14556,United Kingdom
499123,2010-02-24 16:15:00,1,2.55,14556,United Kingdom
499123,2010-02-24 16:15:00,1,1.65,14556,United Kingdom
499123,2010-02-24 16:15:00,3,4.65,14556,United Kingdom
499123,2010-02-24 16:15:00,2,1.25,14556,United Kingdom
499123,2010-02-24 16:15:00,1,2.55,14556,United Kingdom
499123,2010-02-24 16:15:00,1,2.1,14556,United Kingdom
499123,2010-02-24 16:15:00,1,0.85,14556,United Kingdom
499123,2010-02-24 16:15:00,6,1.49,14556,United Kingdom
499123,2010-02-24 16:15:00,2,1.69,14556,United Kingdom
499123,2010-02-24 16:15:00,1,1.25,14556,United Kingdom
499123,2010-02-24 16:15:00,1,2.1,14556,United Kingdom
499123,2010-02-24 16:15:00,1,2.1,14556,United Kingdom
499123,2010-02-24 16:15:00,1,1.95,14556,United Kingdom
499123,2010-02-24 16:15:00,2,2.1,14556,United Kingdom
499123,2010-02-24 16:15:00,1,2.95,14556,United Kingdom
499123,2010-02-24 16:15:00,1,1.95,14556,United Kingdom
499123,2010-02-24 16:15:00,2,0.55,14556,United Kingdom
499123,2010-02-24 16:15:00,3,0.55,14556,United Kingdom
499123,2010-02-24 16:15:00,2,2.1,14556,United Kingdom
499123,2010-02-24 16:15:00,2,0.55,14556,United Kingdom
499269,2010-02-25 16:11:00,10,0.85,16677,United Kingdom
499269,2010-02-25 16:11:00,12,0.85,16677,United Kingdom
499269,2010-02-25 16:11:00,12,0.85,16677,United Kingdom
499269,2010-02-25 16:11:00,12,0.65,16677,United Kingdom
499269,2010-02-25 16:11:00,3,5.95,16677,United Kingdom
499269,2010-02-25 16:11:00,6,2.55,16677,United Kingdom
499269,2010-02-25 16:11:00,12,1.25,16677,United Kingdom
499269,2010-02-25 16:11:00,25,0.42,16677,United Kingdom
499269,2010-02-25 16:11:00,12,1.65,16677,United Kingdom
499269,2010-02-25 16:11:00,2,5.95,16677,United Kingdom
499269,2010-02-25 16:11:00,10,1.65,16677,United Kingdom
499269,2010-02-25 16:11:00,2,7.95,16677,United Kingdom
499269,2010-02-25 16:11:00,2,7.49,16677,United Kingdom
499269,2010-02-25 16:11:00,2,6.75,16677,United Kingdom
499269,2010-02-25 16:11:00,6,1.65,16677,United Kingdom
499269,2010-02-25 16:11:00,12,1.25,16677,United Kingdom
499269,2010-02-25 16:11:00,3,5.95,16677,United Kingdom
499269,2010-02-25 16:11:00,4,4.95,16677,United Kingdom
499269,2010-02-25 16:11:00,3,4.25,16677,United Kingdom
499285,2010-02-25 19:08:00,1,3.75,17207,United Kingdom
499285,2010-02-25 19:08:00,2,1.65,17207,United Kingdom
499285,2010-02-25 19:08:00,2,1.65,17207,United Kingdom
499285,2010-02-25 19:08:00,6,1.25,17207,United Kingdom
499285,2010-02-25 19:08:00,2,2.95,17207,United Kingdom
499285,2010-02-25 19:08:00,1,1.25,17207,United Kingdom
499285,2010-02-25 19:08:00,3,1.25,17207,United Kingdom
499285,2010-02-25 19:08:00,4,1.25,17207,United Kingdom
499285,2010-02-25 19:08:00,2,1.65,17207,United Kingdom
499285,2010-02-25 19:08:00,6,3.75,17207,United Kingdom
499285,2010-02-25 19:08:00,2,1.25,17207,United Kingdom
499285,2010-02-25 19:08:00,1,4.95,17207,United Kingdom
499285,2010-02-25 19:08:00,12,0.85,17207,United Kingdom
499285,2010-02-25 19:08:00,7,0.85,17207,United Kingdom
499285,2010-02-25 19:08:00,2,0.95,17207,United Kingdom
499285,2010-02-25 19:08:00,1,2.1,17207,United Kingdom
499285,2010-02-25 19:08:00,3,2.1,17207,United Kingdom
499285,2010-02-25 19:08:00,1,0.85,17207,United Kingdom
499285,2010-02-25 19:08:00,1,1.25,17207,United Kingdom
499285,2010-02-25 19:08:00,12,0.85,17207,United Kingdom
499285,2010-02-25 19:08:00,1,0.85,17207,United Kingdom
499285,2010-02-25 19:08:00,4,0.85,17207,United Kingdom
499285,2010-02-25 19:08:00,2,1.25,17207,United Kingdom
499285,2010-02-25 19:08:00,1,1.65,17207,United Kingdom
499285,2010-02-25 19:08:00,1,0.85,17207,United Kingdom
499285,2010-02-25 19:08:00,1,0.85,17207,United Kingdom
499285,2010-02-25 19:08:00,1,1.25,17207,United Kingdom
499285,2010-02-25 19:08:00,1,1.45,17207,United Kingdom
499285,2010-02-25 19:08:00,1,1.25,17207,United Kingdom
499285,2010-02-25 19:08:00,6,1.69,17207,United Kingdom
499285,2010-02-25 19:08:00,2,1.65,17207,United Kingdom
499285,2010-02-25 19:08:00,2,3.75,17207,United Kingdom
499285,2010-02-25 19:08:00,1,1.25,17207,United Kingdom
499285,2010-02-25 19:08:00,3,4.95,17207,United Kingdom
499285,2010-02-25 19:08:00,12,0.85,17207,United Kingdom
499285,2010-02-25 19:08:00,1,2.1,17207,United Kingdom
499285,2010-02-25 19:08:00,1,1.65,17207,United Kingdom
499285,2010-02-25 19:08:00,3,1.65,17207,United Kingdom
499285,2010-02-25 19:08:00,1,14.95,17207,United Kingdom
499285,2010-02-25 19:08:00,1,9.95,17207,United Kingdom
499285,2010-02-25 19:08:00,1,0.65,17207,United Kingdom
499285,2010-02-25 19:08:00,1,4.65,17207,United Kingdom
499285,2010-02-25 19:08:00,4,0.85,17207,United Kingdom
499285,2010-02-25 19:08:00,3,3.75,17207,United Kingdom
499285,2010-02-25 19:08:00,4,0.85,17207,United Kingdom
499285,2010-02-25 19:08:00,1,1.25,17207,United Kingdom
499285,2010-02-25 19:08:00,1,1.25,17207,United Kingdom
499285,2010-02-25 19:08:00,6,1.25,17207,United Kingdom
499285,2010-02-25 19:08:00,1,2.1,17207,United Kingdom
499285,2010-02-25 19:08:00,4,0.85,17207,United Kingdom
499285,2010-02-25 19:08:00,1,1.25,17207,United Kingdom
499285,2010-02-25 19:08:00,4,0.65,17207,United Kingdom
499285,2010-02-25 19:08:00,2,1.65,17207,United Kingdom
499285,2010-02-25 19:08:00,1,1.25,17207,United Kingdom
499285,2010-02-25 19:08:00,48,0.21,17207,United Kingdom
499285,2010-02-25 19:08:00,1,1.45,17207,United Kingdom
499285,2010-02-25 19:08:00,1,0.85,17207,United Kingdom
499285,2010-02-25 19:08:00,2,1.45,17207,United Kingdom
499285,2010-02-25 19:08:00,1,4.95,17207,United Kingdom
499285,2010-02-25 19:08:00,4,2.1,17207,United Kingdom
499285,2010-02-25 19:08:00,1,1.25,17207,United Kingdom
499285,2010-02-25 19:08:00,1,1.25,17207,United Kingdom
499285,2010-02-25 19:08:00,5,0.42,17207,United Kingdom
499285,2010-02-25 19:08:00,12,0.85,17207,United Kingdom
499285,2010-02-25 19:08:00,8,0.85,17207,United Kingdom
499285,2010-02-25 19:08:00,4,0.85,17207,United Kingdom
499285,2010-02-25 19:08:00,2,0.85,17207,United Kingdom
499386,2010-02-26 12:13:00,10,0.85,12854,United Kingdom
499386,2010-02-26 12:13:00,70,0.65,12854,United Kingdom
499386,2010-02-26 12:13:00,6,1.25,12854,United Kingdom
499386,2010-02-26 12:13:00,10,0.42,12854,United Kingdom
499386,2010-02-26 12:13:00,1,4.95,12854,United Kingdom
499386,2010-02-26 12:13:00,2,2.1,12854,United Kingdom
499386,2010-02-26 12:13:00,6,1.49,12854,United Kingdom
499386,2010-02-26 12:13:00,1,16.95,12854,United Kingdom
499386,2010-02-26 12:13:00,3,2.95,12854,United Kingdom
499473,2010-02-28 12:21:00,8,2.1,16950,United Kingdom
499473,2010-02-28 12:21:00,12,2.1,16950,United Kingdom
499473,2010-02-28 12:21:00,20,2.95,16950,United Kingdom
499473,2010-02-28 12:21:00,1,1.65,16950,United Kingdom
499473,2010-02-28 12:21:00,8,2.55,16950,United Kingdom
499473,2010-02-28 12:21:00,10,0.85,16950,United Kingdom
499473,2010-02-28 12:21:00,24,1.25,16950,United Kingdom
499473,2010-02-28 12:21:00,48,1.69,16950,United Kingdom
499473,2010-02-28 12:21:00,2,1.65,16950,United Kingdom
499491,2010-02-28 14:03:00,6,1.25,14064,United Kingdom
499491,2010-02-28 14:03:00,6,2.95,14064,United Kingdom
499491,2010-02-28 14:03:00,12,0.42,14064,United Kingdom
499491,2010-02-28 14:03:00,12,0.42,14064,United Kingdom
499491,2010-02-28 14:03:00,3,0.85,14064,United Kingdom
499491,2010-02-28 14:03:00,2,4.25,14064,United Kingdom
499491,2010-02-28 14:03:00,4,1.69,14064,United Kingdom
499491,2010-02-28 14:03:00,4,1.95,14064,United Kingdom
499491,2010-02-28 14:03:00,4,1.69,14064,United Kingdom
499491,2010-02-28 14:03:00,2,2.1,14064,United Kingdom
499491,2010-02-28 14:03:00,30,1.25,14064,United Kingdom
499491,2010-02-28 14:03:00,10,0.42,14064,United Kingdom
499491,2010-02-28 14:03:00,24,1.69,14064,United Kingdom
499491,2010-02-28 14:03:00,6,1.45,14064,United Kingdom
499491,2010-02-28 14:03:00,1,2.95,14064,United Kingdom
499491,2010-02-28 14:03:00,30,1.25,14064,United Kingdom
499491,2010-02-28 14:03:00,6,1.65,14064,United Kingdom
499491,2010-02-28 14:03:00,2,2.1,14064,United Kingdom
499491,2010-02-28 14:03:00,4,2.1,14064,United Kingdom
499491,2010-02-28 14:03:00,12,0.55,14064,United Kingdom
499491,2010-02-28 14:03:00,3,1.65,14064,United Kingdom
499491,2010-02-28 14:03:00,12,1.95,14064,United Kingdom
499491,2010-02-28 14:03:00,12,2.1,14064,United Kingdom
499491,2010-02-28 14:03:00,5,1.45,14064,United Kingdom
499491,2010-02-28 14:03:00,4,1.65,14064,United Kingdom
499758,2010-03-02 12:20:00,1,2.55,15003,United Kingdom
499758,2010-03-02 12:20:00,2,2.55,15003,United Kingdom
499758,2010-03-02 12:20:00,1,2.55,15003,United Kingdom
499758,2010-03-02 12:20:00,1,2.1,15003,United Kingdom
499758,2010-03-02 12:20:00,1,1.65,15003,United Kingdom
499758,2010-03-02 12:20:00,1,1.65,15003,United Kingdom
499758,2010-03-02 12:20:00,2,1.65,15003,United Kingdom
499758,2010-03-02 12:20:00,2,2.55,15003,United Kingdom
499758,2010-03-02 12:20:00,2,2.55,15003,United Kingdom
499758,2010-03-02 12:20:00,1,2.55,15003,United Kingdom
499758,2010-03-02 12:20:00,1,3.75,15003,United Kingdom
499758,2010-03-02 12:20:00,2,1.95,15003,United Kingdom
499758,2010-03-02 12:20:00,2,1.95,15003,United Kingdom
499758,2010-03-02 12:20:00,1,1.95,15003,United Kingdom
499758,2010-03-02 12:20:00,1,1.95,15003,United Kingdom
499758,2010-03-02 12:20:00,1,2.95,15003,United Kingdom
499758,2010-03-02 12:20:00,1,14.95,15003,United Kingdom
499758,2010-03-02 12:20:00,1,7.95,15003,United Kingdom
499758,2010-03-02 12:20:00,2,1.25,15003,United Kingdom
499758,2010-03-02 12:20:00,1,3.75,15003,United Kingdom
499758,2010-03-02 12:20:00,2,5.45,15003,United Kingdom
499758,2010-03-02 12:20:00,1,1.65,15003,United Kingdom
499758,2010-03-02 12:20:00,1,1.65,15003,United Kingdom
499758,2010-03-02 12:20:00,2,1.25,15003,United Kingdom
499758,2010-03-02 12:20:00,1,2.95,15003,United Kingdom
499758,2010-03-02 12:20:00,1,4.25,15003,United Kingdom
499758,2010-03-02 12:20:00,1,0.42,15003,United Kingdom
499758,2010-03-02 12:20:00,2,0.29,15003,United Kingdom
499758,2010-03-02 12:20:00,1,12.75,15003,United Kingdom
499758,2010-03-02 12:20:00,1,9.95,15003,United Kingdom
499758,2010-03-02 12:20:00,1,1.69,15003,United Kingdom
499758,2010-03-02 12:20:00,1,1.69,15003,United Kingdom
499758,2010-03-02 12:20:00,1,3.95,15003,United Kingdom
499758,2010-03-02 12:20:00,1,1.25,15003,United Kingdom
499758,2010-03-02 12:20:00,1,1.95,15003,United Kingdom
499758,2010-03-02 12:20:00,1,1.95,15003,United Kingdom
499758,2010-03-02 12:20:00,1,7.49,15003,United Kingdom
499758,2010-03-02 12:20:00,1,0.85,15003,United Kingdom
499758,2010-03-02 12:20:00,2,0.42,15003,United Kingdom
499758,2010-03-02 12:20:00,1,1.65,15003,United Kingdom
499758,2010-03-02 12:20:00,1,1.65,15003,United Kingdom
499758,2010-03-02 12:20:00,1,1.65,15003,United Kingdom
499758,2010-03-02 12:20:00,2,1.95,15003,United Kingdom
499758,2010-03-02 12:20:00,2,0.85,15003,United Kingdom
499758,2010-03-02 12:20:00,2,1.25,15003,United Kingdom
499758,2010-03-02 12:20:00,2,1.25,15003,United Kingdom
499758,2010-03-02 12:20:00,1,3.75,15003,United Kingdom
499782,2010-03-02 14:32:00,120,1.95,17638,United Kingdom
499795,2010-03-02 15:23:00,48,0.85,14895,United Kingdom
499795,2010-03-02 15:23:00,6,1.95,14895,United Kingdom
499795,2010-03-02 15:23:00,12,1.65,14895,United Kingdom
499795,2010-03-02 15:23:00,27,1.45,14895,United Kingdom
499878,2010-03-03 09:59:00,288,1.45,14156,EIRE
499878,2010-03-03 09:59:00,108,1.06,14156,EIRE
499878,2010-03-03 09:59:00,160,0.72,14156,EIRE
499878,2010-03-03 09:59:00,64,2.55,14156,EIRE
499878,2010-03-03 09:59:00,108,1.06,14156,EIRE
499878,2010-03-03 09:59:00,48,1.45,14156,EIRE
499878,2010-03-03 09:59:00,288,1.85,14156,EIRE
499878,2010-03-03 09:59:00,72,1.69,14156,EIRE
499878,2010-03-03 09:59:00,240,0.42,14156,EIRE
499878,2010-03-03 09:59:00,288,1.85,14156,EIRE
499878,2010-03-03 09:59:00,100,1.45,14156,EIRE
499878,2010-03-03 09:59:00,144,0.32,14156,EIRE
499878,2010-03-03 09:59:00,240,0.42,14156,EIRE
499878,2010-03-03 09:59:00,240,0.42,14156,EIRE
499878,2010-03-03 09:59:00,240,0.42,14156,EIRE
499878,2010-03-03 09:59:00,96,1.75,14156,EIRE
499878,2010-03-03 09:59:00,288,1.69,14156,EIRE
499878,2010-03-03 09:59:00,100,1.45,14156,EIRE
499878,2010-03-03 09:59:00,40,6.35,14156,EIRE
499878,2010-03-03 09:59:00,288,2.55,14156,EIRE
499878,2010-03-03 09:59:00,96,1.06,14156,EIRE
499878,2010-03-03 09:59:00,48,5.45,14156,EIRE
499878,2010-03-03 09:59:00,48,5.45,14156,EIRE
499878,2010-03-03 09:59:00,48,5.45,14156,EIRE
499878,2010-03-03 09:59:00,32,6.95,14156,EIRE
499878,2010-03-03 09:59:00,72,1.06,14156,EIRE
499878,2010-03-03 09:59:00,72,1.06,14156,EIRE
499878,2010-03-03 09:59:00,60,1.95,14156,EIRE
499878,2010-03-03 09:59:00,40,6.35,14156,EIRE
499878,2010-03-03 09:59:00,60,2.75,14156,EIRE
499878,2010-03-03 09:59:00,60,2.75,14156,EIRE
499878,2010-03-03 09:59:00,128,1.06,14156,EIRE
499878,2010-03-03 09:59:00,288,1.06,14156,EIRE
499878,2010-03-03 09:59:00,100,1.45,14156,EIRE
499878,2010-03-03 09:59:00,288,1.85,14156,EIRE
499878,2010-03-03 09:59:00,60,1.25,14156,EIRE
499991,2010-03-03 16:37:00,12,1.95,14156,EIRE
499991,2010-03-03 16:37:00,10,1.25,14156,EIRE
499991,2010-03-03 16:37:00,6,12.75,14156,EIRE
499991,2010-03-03 16:37:00,12,0.85,14156,EIRE
499991,2010-03-03 16:37:00,13,2.95,14156,EIRE
499991,2010-03-03 16:37:00,12,0.85,14156,EIRE
499998,2010-03-04 09:32:00,2,5.95,14156,EIRE
499998,2010-03-04 09:32:00,4,3.95,14156,EIRE
499998,2010-03-04 09:32:00,10,1.25,14156,EIRE
499998,2010-03-04 09:32:00,1,50.0,14156,EIRE
499998,2010-03-04 09:32:00,6,2.95,14156,EIRE
499998,2010-03-04 09:32:00,12,0.65,14156,EIRE
499998,2010-03-04 09:32:00,12,1.65,14156,EIRE
499998,2010-03-04 09:32:00,12,1.49,14156,EIRE
499998,2010-03-04 09:32:00,12,1.25,14156,EIRE
499998,2010-03-04 09:32:00,4,3.75,14156,EIRE
499998,2010-03-04 09:32:00,12,0.85,14156,EIRE
499998,2010-03-04 09:32:00,12,0.55,14156,EIRE
499998,2010-03-04 09:32:00,12,0.85,14156,EIRE
499998,2010-03-04 09:32:00,12,0.42,14156,EIRE
499998,2010-03-04 09:32:00,24,0.42,14156,EIRE
499998,2010-03-04 09:32:00,12,1.25,14156,EIRE
499998,2010-03-04 09:32:00,6,2.1,14156,EIRE
499998,2010-03-04 09:32:00,6,2.1,14156,EIRE
499998,2010-03-04 09:32:00,12,0.65,14156,EIRE
499998,2010-03-04 09:32:00,12,1.25,14156,EIRE
499998,2010-03-04 09:32:00,10,1.65,14156,EIRE
499998,2010-03-04 09:32:00,6,1.25,14156,EIRE
499998,2010-03-04 09:32:00,6,3.75,14156,EIRE
499998,2010-03-04 09:32:00,6,2.1,14156,EIRE
499998,2010-03-04 09:32:00,12,0.42,14156,EIRE
499998,2010-03-04 09:32:00,2,6.95,14156,EIRE
499998,2010-03-04 09:32:00,4,3.75,14156,EIRE
500167,2010-03-05 09:15:00,1,18.0,12568,Germany
500167,2010-03-05 09:15:00,12,0.85,12568,Germany
500167,2010-03-05 09:15:00,25,0.42,12568,Germany
500167,2010-03-05 09:15:00,2,10.65,12568,Germany
500167,2010-03-05 09:15:00,8,1.25,12568,Germany
500175,2010-03-05 10:20:00,48,0.38,14156,EIRE
500175,2010-03-05 10:20:00,48,0.38,14156,EIRE
500175,2010-03-05 10:20:00,48,0.38,14156,EIRE
500175,2010-03-05 10:20:00,24,0.85,14156,EIRE
500175,2010-03-05 10:20:00,40,1.95,14156,EIRE
500175,2010-03-05 10:20:00,72,0.38,14156,EIRE
500175,2010-03-05 10:20:00,36,0.38,14156,EIRE
500175,2010-03-05 10:20:00,36,0.85,14156,EIRE
500175,2010-03-05 10:20:00,500,0.21,14156,EIRE
500175,2010-03-05 10:20:00,1440,0.16,14156,EIRE
500175,2010-03-05 10:20:00,90,0.72,14156,EIRE
500175,2010-03-05 10:20:00,36,0.85,14156,EIRE
500175,2010-03-05 10:20:00,72,0.38,14156,EIRE
500175,2010-03-05 10:20:00,72,0.38,14156,EIRE
500175,2010-03-05 10:20:00,16,1.25,14156,EIRE
500175,2010-03-05 10:20:00,16,1.25,14156,EIRE
500249,2010-03-05 12:44:00,72,0.38,14156,EIRE
500250,2010-03-05 12:56:00,6,2.95,15094,United Kingdom
500250,2010-03-05 12:56:00,4,4.25,15094,United Kingdom
500250,2010-03-05 12:56:00,6,2.55,15094,United Kingdom
500367,2010-03-08 08:09:00,1,40.0,12369,Austria
500367,2010-03-08 08:09:00,24,0.85,12369,Austria
500367,2010-03-08 08:09:00,24,0.85,12369,Austria
500367,2010-03-08 08:09:00,24,1.25,12369,Austria
500367,2010-03-08 08:09:00,16,2.55,12369,Austria
500367,2010-03-08 08:09:00,12,1.65,12369,Austria
500367,2010-03-08 08:09:00,8,1.65,12369,Austria
500367,2010-03-08 08:09:00,88,1.69,12369,Austria
500367,2010-03-08 08:09:00,12,1.25,12369,Austria
500868,2010-03-10 13:08:00,2,7.95,14156,EIRE
500868,2010-03-10 13:08:00,6,2.95,14156,EIRE
500868,2010-03-10 13:08:00,4,3.75,14156,EIRE
500868,2010-03-10 13:08:00,12,0.85,14156,EIRE
500868,2010-03-10 13:08:00,2,5.95,14156,EIRE
500868,2010-03-10 13:08:00,3,5.95,14156,EIRE
500868,2010-03-10 13:08:00,2,4.95,14156,EIRE
500868,2010-03-10 13:08:00,30,0.21,14156,EIRE
500868,2010-03-10 13:08:00,12,1.25,14156,EIRE
500868,2010-03-10 13:08:00,4,3.75,14156,EIRE
500868,2010-03-10 13:08:00,12,1.25,14156,EIRE
500868,2010-03-10 13:08:00,6,2.95,14156,EIRE
500868,2010-03-10 13:08:00,6,2.1,14156,EIRE
500868,2010-03-10 13:08:00,1,50.0,14156,EIRE
500868,2010-03-10 13:08:00,2,10.75,14156,EIRE
500868,2010-03-10 13:08:00,2,7.95,14156,EIRE
500868,2010-03-10 13:08:00,1,12.75,14156,EIRE
500868,2010-03-10 13:08:00,2,8.5,14156,EIRE
500868,2010-03-10 13:08:00,10,1.25,14156,EIRE
500868,2010-03-10 13:08:00,5,2.1,14156,EIRE
500868,2010-03-10 13:08:00,4,8.5,14156,EIRE
500868,2010-03-10 13:08:00,5,2.1,14156,EIRE
500868,2010-03-10 13:08:00,10,1.65,14156,EIRE
500868,2010-03-10 13:08:00,10,1.65,14156,EIRE
500868,2010-03-10 13:08:00,2,6.35,14156,EIRE
500868,2010-03-10 13:08:00,2,6.35,14156,EIRE
500868,2010-03-10 13:08:00,10,1.95,14156,EIRE
500868,2010-03-10 13:08:00,5,2.1,14156,EIRE
500868,2010-03-10 13:08:00,12,1.25,14156,EIRE
500868,2010-03-10 13:08:00,6,2.55,14156,EIRE
500868,2010-03-10 13:08:00,6,2.55,14156,EIRE
500868,2010-03-10 13:08:00,3,5.95,14156,EIRE
500868,2010-03-10 13:08:00,2,5.95,14156,EIRE
500868,2010-03-10 13:08:00,12,1.25,14156,EIRE
500868,2010-03-10 13:08:00,10,0.85,14156,EIRE
500874,2010-03-10 13:43:00,1,0.95,16719,United Kingdom
500874,2010-03-10 13:43:00,1,2.55,16719,United Kingdom
500874,2010-03-10 13:43:00,2,2.55,16719,United Kingdom
500874,2010-03-10 13:43:00,1,2.95,16719,United Kingdom
500874,2010-03-10 13:43:00,50,0.1,16719,United Kingdom
500874,2010-03-10 13:43:00,25,0.42,16719,United Kingdom
500874,2010-03-10 13:43:00,1,4.25,16719,United Kingdom
500874,2010-03-10 13:43:00,1,2.55,16719,United Kingdom
500874,2010-03-10 13:43:00,1,3.75,16719,United Kingdom
500874,2010-03-10 13:43:00,1,2.55,16719,United Kingdom
500874,2010-03-10 13:43:00,1,3.75,16719,United Kingdom
500874,2010-03-10 13:43:00,1,2.55,16719,United Kingdom
500874,2010-03-10 13:43:00,1,6.75,16719,United Kingdom
500874,2010-03-10 13:43:00,1,6.35,16719,United Kingdom
500874,2010-03-10 13:43:00,1,4.25,16719,United Kingdom
500874,2010-03-10 13:43:00,1,6.35,16719,United Kingdom
500874,2010-03-10 13:43:00,3,1.25,16719,United Kingdom
500874,2010-03-10 13:43:00,4,1.25,16719,United Kingdom
500874,2010-03-10 13:43:00,1,4.95,16719,United Kingdom
500874,2010-03-10 13:43:00,11,6.75,16719,United Kingdom
500874,2010-03-10 13:43:00,7,6.75,16719,United Kingdom
500874,2010-03-10 13:43:00,3,6.75,16719,United Kingdom
500874,2010-03-10 13:43:00,3,1.25,16719,United Kingdom
500874,2010-03-10 13:43:00,3,1.25,16719,United Kingdom
500874,2010-03-10 13:43:00,2,1.25,16719,United Kingdom
500874,2010-03-10 13:43:00,3,1.25,16719,United Kingdom
500874,2010-03-10 13:43:00,2,1.25,16719,United Kingdom
500874,2010-03-10 13:43:00,2,1.95,16719,United Kingdom
500874,2010-03-10 13:43:00,2,2.55,16719,United Kingdom
500874,2010-03-10 13:43:00,5,3.75,16719,United Kingdom
500874,2010-03-10 13:43:00,1,4.25,16719,United Kingdom
500874,2010-03-10 13:43:00,2,3.75,16719,United Kingdom
500874,2010-03-10 13:43:00,4,1.25,16719,United Kingdom
501035,2010-03-11 19:24:00,2,3.75,14713,United Kingdom
501035,2010-03-11 19:24:00,1,2.95,14713,United Kingdom
501035,2010-03-11 19:24:00,4,1.65,14713,United Kingdom
501035,2010-03-11 19:24:00,3,1.65,14713,United Kingdom
501035,2010-03-11 19:24:00,6,0.85,14713,United Kingdom
501035,2010-03-11 19:24:00,6,1.65,14713,United Kingdom
501035,2010-03-11 19:24:00,3,1.95,14713,United Kingdom
501035,2010-03-11 19:24:00,6,1.65,14713,United Kingdom
501035,2010-03-11 19:24:00,3,1.95,14713,United Kingdom
501035,2010-03-11 19:24:00,2,3.75,14713,United Kingdom
501035,2010-03-11 19:24:00,3,1.95,14713,United Kingdom
501035,2010-03-11 19:24:00,3,1.95,14713,United Kingdom
501035,2010-03-11 19:24:00,3,1.65,14713,United Kingdom
501035,2010-03-11 19:24:00,1,9.95,14713,United Kingdom
501035,2010-03-11 19:24:00,6,1.65,14713,United Kingdom
501035,2010-03-11 19:24:00,6,1.95,14713,United Kingdom
501035,2010-03-11 19:24:00,2,2.55,14713,United Kingdom
501035,2010-03-11 19:24:00,3,1.65,14713,United Kingdom
501035,2010-03-11 19:24:00,12,0.85,14713,United Kingdom
501035,2010-03-11 19:24:00,25,0.42,14713,United Kingdom
501035,2010-03-11 19:24:00,1,2.55,14713,United Kingdom
501035,2010-03-11 19:24:00,12,0.42,14713,United Kingdom
501035,2010-03-11 19:24:00,4,1.95,14713,United Kingdom
501035,2010-03-11 19:24:00,6,0.55,14713,United Kingdom
501035,2010-03-11 19:24:00,6,1.65,14713,United Kingdom
501035,2010-03-11 19:24:00,6,0.42,14713,United Kingdom
501035,2010-03-11 19:24:00,6,0.85,14713,United Kingdom
501035,2010-03-11 19:24:00,6,0.55,14713,United Kingdom
501035,2010-03-11 19:24:00,2,1.95,14713,United Kingdom
501035,2010-03-11 19:24:00,2,1.95,14713,United Kingdom
501035,2010-03-11 19:24:00,4,1.65,14713,United Kingdom
501035,2010-03-11 19:24:00,4,1.65,14713,United Kingdom
501035,2010-03-11 19:24:00,2,2.55,14713,United Kingdom
501035,2010-03-11 19:24:00,6,0.85,14713,United Kingdom
501035,2010-03-11 19:24:00,6,0.85,14713,United Kingdom
501035,2010-03-11 19:24:00,3,2.95,14713,United Kingdom
501093,2010-03-12 12:34:00,12,1.25,17588,United Kingdom
501093,2010-03-12 12:34:00,36,0.42,17588,United Kingdom
501093,2010-03-12 12:34:00,48,0.19,17588,United Kingdom
501093,2010-03-12 12:34:00,36,0.42,17588,United Kingdom
501093,2010-03-12 12:34:00,4,3.75,17588,United Kingdom
501093,2010-03-12 12:34:00,6,7.49,17588,United Kingdom
501093,2010-03-12 12:34:00,72,2.75,17588,United Kingdom
501093,2010-03-12 12:34:00,4,7.49,17588,United Kingdom
501093,2010-03-12 12:34:00,2,7.49,17588,United Kingdom
501093,2010-03-12 12:34:00,4,7.49,17588,United Kingdom
501093,2010-03-12 12:34:00,6,2.55,17588,United Kingdom
501273,2010-03-15 13:39:00,6,2.95,15117,United Kingdom
501273,2010-03-15 13:39:00,6,2.95,15117,United Kingdom
501273,2010-03-15 13:39:00,3,4.95,15117,United Kingdom
501273,2010-03-15 13:39:00,24,0.55,15117,United Kingdom
501273,2010-03-15 13:39:00,10,1.65,15117,United Kingdom
501273,2010-03-15 13:39:00,10,1.65,15117,United Kingdom
501273,2010-03-15 13:39:00,10,0.85,15117,United Kingdom
501273,2010-03-15 13:39:00,10,1.95,15117,United Kingdom
501273,2010-03-15 13:39:00,10,1.95,15117,United Kingdom
501273,2010-03-15 13:39:00,24,0.55,15117,United Kingdom
501273,2010-03-15 13:39:00,24,0.55,15117,United Kingdom
501273,2010-03-15 13:39:00,24,0.55,15117,United Kingdom
501273,2010-03-15 13:39:00,48,0.29,15117,United Kingdom
501273,2010-03-15 13:39:00,48,0.29,15117,United Kingdom
501273,2010-03-15 13:39:00,12,0.85,15117,United Kingdom
501273,2010-03-15 13:39:00,12,0.65,15117,United Kingdom
501273,2010-03-15 13:39:00,6,2.1,15117,United Kingdom
501273,2010-03-15 13:39:00,6,2.1,15117,United Kingdom
501273,2010-03-15 13:39:00,10,1.95,15117,United Kingdom
501274,2010-03-15 13:40:00,24,0.55,15117,United Kingdom
501274,2010-03-15 13:40:00,24,0.55,15117,United Kingdom
501274,2010-03-15 13:40:00,10,0.85,15117,United Kingdom
501274,2010-03-15 13:40:00,5,2.1,15117,United Kingdom
501274,2010-03-15 13:40:00,10,1.65,15117,United Kingdom
501274,2010-03-15 13:40:00,24,0.55,15117,United Kingdom
501274,2010-03-15 13:40:00,5,2.1,15117,United Kingdom
501696,2010-03-18 18:47:00,24,2.75,16199,United Kingdom
501767,2010-03-19 11:39:00,10,1.65,16335,United Kingdom
501767,2010-03-19 11:39:00,3,2.1,16335,United Kingdom
501767,2010-03-19 11:39:00,2,2.95,16335,United Kingdom
501767,2010-03-19 11:39:00,3,1.69,16335,United Kingdom
501767,2010-03-19 11:39:00,1,2.1,16335,United Kingdom
501767,2010-03-19 11:39:00,2,2.1,16335,United Kingdom
501767,2010-03-19 11:39:00,2,1.25,16335,United Kingdom
501767,2010-03-19 11:39:00,1,9.95,16335,United Kingdom
501767,2010-03-19 11:39:00,3,2.95,16335,United Kingdom
501767,2010-03-19 11:39:00,2,1.25,16335,United Kingdom
501767,2010-03-19 11:39:00,3,1.25,16335,United Kingdom
501767,2010-03-19 11:39:00,4,1.25,16335,United Kingdom
501767,2010-03-19 11:39:00,3,2.55,16335,United Kingdom
501767,2010-03-19 11:39:00,3,5.95,16335,United Kingdom
501767,2010-03-19 11:39:00,2,10.65,16335,United Kingdom
501767,2010-03-19 11:39:00,1,18.95,16335,United Kingdom
501767,2010-03-19 11:39:00,2,3.75,16335,United Kingdom
501767,2010-03-19 11:39:00,2,4.95,16335,United Kingdom
501767,2010-03-19 11:39:00,2,3.75,16335,United Kingdom
501767,2010-03-19 11:39:00,3,1.95,16335,United Kingdom
501767,2010-03-19 11:39:00,1,11.95,16335,United Kingdom
501767,2010-03-19 11:39:00,9,1.45,16335,United Kingdom
501767,2010-03-19 11:39:00,3,4.65,16335,United Kingdom
501767,2010-03-19 11:39:00,2,1.65,16335,United Kingdom
501767,2010-03-19 11:39:00,2,1.95,16335,United Kingdom
501767,2010-03-19 11:39:00,4,1.95,16335,United Kingdom
501767,2010-03-19 11:39:00,1,9.95,16335,United Kingdom
501767,2010-03-19 11:39:00,10,1.65,16335,United Kingdom
501767,2010-03-19 11:39:00,4,1.65,16335,United Kingdom
501767,2010-03-19 11:39:00,1,8.5,16335,United Kingdom
501767,2010-03-19 11:39:00,2,2.95,16335,United Kingdom
501767,2010-03-19 11:39:00,3,1.65,16335,United Kingdom
501767,2010-03-19 11:39:00,2,1.25,16335,United Kingdom
501767,2010-03-19 11:39:00,2,12.75,16335,United Kingdom
501767,2010-03-19 11:39:00,2,9.95,16335,United Kingdom
501767,2010-03-19 11:39:00,1,5.95,16335,United Kingdom
501767,2010-03-19 11:39:00,2,8.95,16335,United Kingdom
501767,2010-03-19 11:39:00,2,9.95,16335,United Kingdom
501767,2010-03-19 11:39:00,2,9.95,16335,United Kingdom
501767,2010-03-19 11:39:00,3,1.65,16335,United Kingdom
501767,2010-03-19 11:39:00,1,1.25,16335,United Kingdom
501767,2010-03-19 11:39:00,1,12.75,16335,United Kingdom
501767,2010-03-19 11:39:00,1,7.49,16335,United Kingdom
501767,2010-03-19 11:39:00,4,6.75,16335,United Kingdom
501767,2010-03-19 11:39:00,6,1.25,16335,United Kingdom
501767,2010-03-19 11:39:00,2,5.95,16335,United Kingdom
501767,2010-03-19 11:39:00,3,1.25,16335,United Kingdom
501767,2010-03-19 11:39:00,3,2.1,16335,United Kingdom
501767,2010-03-19 11:39:00,4,2.1,16335,United Kingdom
501767,2010-03-19 11:39:00,3,2.55,16335,United Kingdom
501767,2010-03-19 11:39:00,3,2.55,16335,United Kingdom
501767,2010-03-19 11:39:00,6,1.65,16335,United Kingdom
501767,2010-03-19 11:39:00,9,2.95,16335,United Kingdom
501767,2010-03-19 11:39:00,2,0.55,16335,United Kingdom
501767,2010-03-19 11:39:00,3,0.55,16335,United Kingdom
501767,2010-03-19 11:39:00,5,0.55,16335,United Kingdom
501767,2010-03-19 11:39:00,3,0.55,16335,United Kingdom
501767,2010-03-19 11:39:00,2,0.55,16335,United Kingdom
501767,2010-03-19 11:39:00,2,3.75,16335,United Kingdom
501767,2010-03-19 11:39:00,2,0.85,16335,United Kingdom
501767,2010-03-19 11:39:00,2,3.75,16335,United Kingdom
501767,2010-03-19 11:39:00,2,3.75,16335,United Kingdom
501767,2010-03-19 11:39:00,3,1.25,16335,United Kingdom
501767,2010-03-19 11:39:00,2,10.95,16335,United Kingdom
501767,2010-03-19 11:39:00,1,7.49,16335,United Kingdom
501767,2010-03-19 11:39:00,1,7.49,16335,United Kingdom
501767,2010-03-19 11:39:00,1,7.49,16335,United Kingdom
501767,2010-03-19 11:39:00,1,7.49,16335,United Kingdom
501767,2010-03-19 11:39:00,3,1.65,16335,United Kingdom
501767,2010-03-19 11:39:00,3,1.95,16335,United Kingdom
501767,2010-03-19 11:39:00,3,1.25,16335,United Kingdom
501767,2010-03-19 11:39:00,3,1.25,16335,United Kingdom
501767,2010-03-19 11:39:00,4,4.95,16335,United Kingdom
501767,2010-03-19 11:39:00,3,1.25,16335,United Kingdom
501767,2010-03-19 11:39:00,3,3.25,16335,United Kingdom
501767,2010-03-19 11:39:00,6,1.65,16335,United Kingdom
501767,2010-03-19 11:39:00,6,1.65,16335,United Kingdom
501767,2010-03-19 11:39:00,6,1.25,16335,United Kingdom
501767,2010-03-19 11:39:00,4,1.25,16335,United Kingdom
501767,2010-03-19 11:39:00,4,1.25,16335,United Kingdom
501767,2010-03-19 11:39:00,4,1.25,16335,United Kingdom
501767,2010-03-19 11:39:00,3,2.95,16335,United Kingdom
501767,2010-03-19 11:39:00,2,3.75,16335,United Kingdom
501831,2010-03-19 16:24:00,2,1.69,14584,United Kingdom
501831,2010-03-19 16:24:00,2,1.95,14584,United Kingdom
501831,2010-03-19 16:24:00,1,2.1,14584,United Kingdom
501831,2010-03-19 16:24:00,2,2.1,14584,United Kingdom
501831,2010-03-19 16:24:00,2,2.1,14584,United Kingdom
501831,2010-03-19 16:24:00,2,2.95,14584,United Kingdom
501831,2010-03-19 16:24:00,2,1.45,14584,United Kingdom
501831,2010-03-19 16:24:00,3,1.95,14584,United Kingdom
501831,2010-03-19 16:24:00,2,1.25,14584,United Kingdom
501831,2010-03-19 16:24:00,6,0.65,14584,United Kingdom
501831,2010-03-19 16:24:00,24,0.29,14584,United Kingdom
501831,2010-03-19 16:24:00,24,0.29,14584,United Kingdom
501831,2010-03-19 16:24:00,24,0.29,14584,United Kingdom
501831,2010-03-19 16:24:00,24,0.29,14584,United Kingdom
501831,2010-03-19 16:24:00,3,1.95,14584,United Kingdom
501831,2010-03-19 16:24:00,5,1.69,14584,United Kingdom
501831,2010-03-19 16:24:00,4,1.25,14584,United Kingdom
501831,2010-03-19 16:24:00,2,5.95,14584,United Kingdom
501831,2010-03-19 16:24:00,2,1.45,14584,United Kingdom
501831,2010-03-19 16:24:00,2,1.45,14584,United Kingdom
501831,2010-03-19 16:24:00,2,1.45,14584,United Kingdom
501831,2010-03-19 16:24:00,5,1.25,14584,United Kingdom
501831,2010-03-19 16:24:00,24,0.29,14584,United Kingdom
501831,2010-03-19 16:24:00,4,4.95,14584,United Kingdom
501831,2010-03-19 16:24:00,2,7.95,14584,United Kingdom
501831,2010-03-19 16:24:00,2,1.45,14584,United Kingdom
501831,2010-03-19 16:24:00,1,0.55,14584,United Kingdom
501831,2010-03-19 16:24:00,2,0.55,14584,United Kingdom
501831,2010-03-19 16:24:00,2,0.55,14584,United Kingdom
501831,2010-03-19 16:24:00,1,0.55,14584,United Kingdom
501831,2010-03-19 16:24:00,8,0.65,14584,United Kingdom
501831,2010-03-19 16:24:00,2,6.95,14584,United Kingdom
501831,2010-03-19 16:24:00,2,5.95,14584,United Kingdom
501831,2010-03-19 16:24:00,2,2.95,14584,United Kingdom
501860,2010-03-21 11:32:00,2,4.25,15425,United Kingdom
501860,2010-03-21 11:32:00,1,3.45,15425,United Kingdom
501860,2010-03-21 11:32:00,12,1.65,15425,United Kingdom
501860,2010-03-21 11:32:00,24,1.65,15425,United Kingdom
501860,2010-03-21 11:32:00,24,1.65,15425,United Kingdom
501860,2010-03-21 11:32:00,6,1.25,15425,United Kingdom
501860,2010-03-21 11:32:00,3,0.65,15425,United Kingdom
501860,2010-03-21 11:32:00,6,1.25,15425,United Kingdom
501860,2010-03-21 11:32:00,6,0.65,15425,United Kingdom
501860,2010-03-21 11:32:00,4,0.65,15425,United Kingdom
501860,2010-03-21 11:32:00,6,0.85,15425,United Kingdom
501860,2010-03-21 11:32:00,1,10.75,15425,United Kingdom
501860,2010-03-21 11:32:00,6,0.55,15425,United Kingdom
501860,2010-03-21 11:32:00,9,1.45,15425,United Kingdom
501860,2010-03-21 11:32:00,6,1.95,15425,United Kingdom
501860,2010-03-21 11:32:00,6,5.95,15425,United Kingdom
501860,2010-03-21 11:32:00,2,10.65,15425,United Kingdom
501860,2010-03-21 11:32:00,4,1.25,15425,United Kingdom
501860,2010-03-21 11:32:00,3,2.1,15425,United Kingdom
501860,2010-03-21 11:32:00,4,1.25,15425,United Kingdom
501860,2010-03-21 11:32:00,6,1.95,15425,United Kingdom
501860,2010-03-21 11:32:00,4,1.25,15425,United Kingdom
501860,2010-03-21 11:32:00,6,1.95,15425,United Kingdom
501860,2010-03-21 11:32:00,6,1.95,15425,United Kingdom
501860,2010-03-21 11:32:00,4,1.65,15425,United Kingdom
501860,2010-03-21 11:32:00,6,1.65,15425,United Kingdom
501860,2010-03-21 11:32:00,3,2.95,15425,United Kingdom
501860,2010-03-21 11:32:00,1,12.75,15425,United Kingdom
501860,2010-03-21 11:32:00,100,0.72,15425,United Kingdom
501860,2010-03-21 11:32:00,3,3.25,15425,United Kingdom
501860,2010-03-21 11:32:00,6,0.55,15425,United Kingdom
501860,2010-03-21 11:32:00,2,3.75,15425,United Kingdom
501860,2010-03-21 11:32:00,2,5.95,15425,United Kingdom
501860,2010-03-21 11:32:00,3,3.75,15425,United Kingdom
501860,2010-03-21 11:32:00,4,1.49,15425,United Kingdom
501860,2010-03-21 11:32:00,1,12.75,15425,United Kingdom
501860,2010-03-21 11:32:00,8,1.69,15425,United Kingdom
501860,2010-03-21 11:32:00,1,9.95,15425,United Kingdom
501860,2010-03-21 11:32:00,1,9.95,15425,United Kingdom
501860,2010-03-21 11:32:00,4,2.95,15425,United Kingdom
501860,2010-03-21 11:32:00,2,5.95,15425,United Kingdom
501860,2010-03-21 11:32:00,6,2.1,15425,United Kingdom
501860,2010-03-21 11:32:00,6,2.1,15425,United Kingdom
501860,2010-03-21 11:32:00,5,1.65,15425,United Kingdom
501860,2010-03-21 11:32:00,8,1.25,15425,United Kingdom
501860,2010-03-21 11:32:00,1,3.45,15425,United Kingdom
501860,2010-03-21 11:32:00,24,0.85,15425,United Kingdom
501860,2010-03-21 11:32:00,2,3.95,15425,United Kingdom
501860,2010-03-21 11:32:00,24,0.85,15425,United Kingdom
501860,2010-03-21 11:32:00,4,4.65,15425,United Kingdom
501860,2010-03-21 11:32:00,3,2.95,15425,United Kingdom
501860,2010-03-21 11:32:00,2,4.95,15425,United Kingdom
501860,2010-03-21 11:32:00,2,4.95,15425,United Kingdom
501860,2010-03-21 11:32:00,2,2.95,15425,United Kingdom
501860,2010-03-21 11:32:00,4,2.95,15425,United Kingdom
501860,2010-03-21 11:32:00,24,0.85,15425,United Kingdom
501860,2010-03-21 11:32:00,2,3.95,15425,United Kingdom
501860,2010-03-21 11:32:00,2,2.95,15425,United Kingdom
501860,2010-03-21 11:32:00,6,2.1,15425,United Kingdom
501860,2010-03-21 11:32:00,4,2.1,15425,United Kingdom
501860,2010-03-21 11:32:00,6,1.65,15425,United Kingdom
501875,2010-03-21 12:39:00,32,0.65,16168,United Kingdom
501875,2010-03-21 12:39:00,12,1.25,16168,United Kingdom
501875,2010-03-21 12:39:00,12,0.85,16168,United Kingdom
501875,2010-03-21 12:39:00,20,1.95,16168,United Kingdom
501875,2010-03-21 12:39:00,12,1.65,16168,United Kingdom
501875,2010-03-21 12:39:00,6,2.95,16168,United Kingdom
501875,2010-03-21 12:39:00,12,2.95,16168,United Kingdom
501875,2010-03-21 12:39:00,6,4.95,16168,United Kingdom
501875,2010-03-21 12:39:00,20,1.95,16168,United Kingdom
502189,2010-03-23 11:41:00,1,1.65,15003,United Kingdom
502189,2010-03-23 11:41:00,1,1.65,15003,United Kingdom
502189,2010-03-23 11:41:00,1,1.65,15003,United Kingdom
502189,2010-03-23 11:41:00,1,1.65,15003,United Kingdom
502189,2010-03-23 11:41:00,2,1.65,15003,United Kingdom
502189,2010-03-23 11:41:00,2,1.65,15003,United Kingdom
502189,2010-03-23 11:41:00,1,1.65,15003,United Kingdom
502189,2010-03-23 11:41:00,1,1.65,15003,United Kingdom
502189,2010-03-23 11:41:00,1,1.65,15003,United Kingdom
502189,2010-03-23 11:41:00,1,1.65,15003,United Kingdom
502189,2010-03-23 11:41:00,1,1.95,15003,United Kingdom
502189,2010-03-23 11:41:00,1,1.95,15003,United Kingdom
502189,2010-03-23 11:41:00,1,2.95,15003,United Kingdom
502189,2010-03-23 11:41:00,1,2.95,15003,United Kingdom
502189,2010-03-23 11:41:00,2,2.1,15003,United Kingdom
502189,2010-03-23 11:41:00,4,0.42,15003,United Kingdom
502189,2010-03-23 11:41:00,2,1.25,15003,United Kingdom
502189,2010-03-23 11:41:00,1,2.55,15003,United Kingdom
502189,2010-03-23 11:41:00,1,2.55,15003,United Kingdom
502189,2010-03-23 11:41:00,2,2.55,15003,United Kingdom
502189,2010-03-23 11:41:00,1,2.95,15003,United Kingdom
502189,2010-03-23 11:41:00,1,1.65,15003,United Kingdom
502189,2010-03-23 11:41:00,1,12.75,15003,United Kingdom
502189,2010-03-23 11:41:00,1,2.55,15003,United Kingdom
502189,2010-03-23 11:41:00,1,1.45,15003,United Kingdom
502189,2010-03-23 11:41:00,1,1.65,15003,United Kingdom
502189,2010-03-23 11:41:00,1,3.95,15003,United Kingdom
502189,2010-03-23 11:41:00,1,3.95,15003,United Kingdom
502189,2010-03-23 11:41:00,1,2.55,15003,United Kingdom
502189,2010-03-23 11:41:00,2,1.95,15003,United Kingdom
502189,2010-03-23 11:41:00,1,1.95,15003,United Kingdom
502189,2010-03-23 11:41:00,1,1.95,15003,United Kingdom
502189,2010-03-23 11:41:00,1,1.95,15003,United Kingdom
502189,2010-03-23 11:41:00,1,1.95,15003,United Kingdom
502189,2010-03-23 11:41:00,1,1.95,15003,United Kingdom
502189,2010-03-23 11:41:00,1,1.95,15003,United Kingdom
502189,2010-03-23 11:41:00,1,1.95,15003,United Kingdom
502189,2010-03-23 11:41:00,1,2.95,15003,United Kingdom
502189,2010-03-23 11:41:00,1,1.95,15003,United Kingdom
502189,2010-03-23 11:41:00,2,3.75,15003,United Kingdom
502189,2010-03-23 11:41:00,1,3.75,15003,United Kingdom
502189,2010-03-23 11:41:00,2,1.25,15003,United Kingdom
502189,2010-03-23 11:41:00,1,1.25,15003,United Kingdom
502189,2010-03-23 11:41:00,2,1.95,15003,United Kingdom
502189,2010-03-23 11:41:00,1,1.95,15003,United Kingdom
502189,2010-03-23 11:41:00,1,1.95,15003,United Kingdom
502189,2010-03-23 11:41:00,1,2.95,15003,United Kingdom
502280,2010-03-23 16:45:00,4,4.95,14156,EIRE
502280,2010-03-23 16:45:00,1,50.0,14156,EIRE
502280,2010-03-23 16:45:00,4,3.95,14156,EIRE
502280,2010-03-23 16:45:00,12,0.85,14156,EIRE
502280,2010-03-23 16:45:00,3,4.95,14156,EIRE
502280,2010-03-23 16:45:00,12,1.55,14156,EIRE
502280,2010-03-23 16:45:00,12,1.45,14156,EIRE
502280,2010-03-23 16:45:00,4,7.95,14156,EIRE
502280,2010-03-23 16:45:00,10,1.25,14156,EIRE
502280,2010-03-23 16:45:00,12,1.25,14156,EIRE
502280,2010-03-23 16:45:00,3,4.95,14156,EIRE
502280,2010-03-23 16:45:00,10,1.25,14156,EIRE
502280,2010-03-23 16:45:00,6,2.95,14156,EIRE
502280,2010-03-23 16:45:00,2,6.75,14156,EIRE
502280,2010-03-23 16:45:00,1,9.95,14156,EIRE
502280,2010-03-23 16:45:00,4,3.75,14156,EIRE
502598,2010-03-25 13:15:00,2,7.49,14156,EIRE
502598,2010-03-25 13:15:00,6,2.95,14156,EIRE
502598,2010-03-25 13:15:00,6,2.95,14156,EIRE
502598,2010-03-25 13:15:00,6,2.95,14156,EIRE
502598,2010-03-25 13:15:00,12,1.65,14156,EIRE
502598,2010-03-25 13:15:00,12,2.95,14156,EIRE
502598,2010-03-25 13:15:00,2,7.49,14156,EIRE
502598,2010-03-25 13:15:00,24,0.55,14156,EIRE
502598,2010-03-25 13:15:00,6,2.95,14156,EIRE
502598,2010-03-25 13:15:00,2,7.49,14156,EIRE
502598,2010-03-25 13:15:00,4,3.75,14156,EIRE
502598,2010-03-25 13:15:00,2,7.49,14156,EIRE
502598,2010-03-25 13:15:00,2,10.65,14156,EIRE
502598,2010-03-25 13:15:00,24,0.55,14156,EIRE
502598,2010-03-25 13:15:00,12,1.25,14156,EIRE
502598,2010-03-25 13:15:00,8,1.65,14156,EIRE
502598,2010-03-25 13:15:00,2,9.95,14156,EIRE
502598,2010-03-25 13:15:00,2,9.95,14156,EIRE
502598,2010-03-25 13:15:00,8,1.45,14156,EIRE
502598,2010-03-25 13:15:00,6,2.95,14156,EIRE
502598,2010-03-25 13:15:00,24,1.25,14156,EIRE
502598,2010-03-25 13:15:00,2,7.49,14156,EIRE
502598,2010-03-25 13:15:00,24,0.55,14156,EIRE
502598,2010-03-25 13:15:00,3,5.95,14156,EIRE
502598,2010-03-25 13:15:00,12,1.45,14156,EIRE
502598,2010-03-25 13:15:00,24,0.55,14156,EIRE
502598,2010-03-25 13:15:00,1,12.75,14156,EIRE
502598,2010-03-25 13:15:00,6,2.95,14156,EIRE
502598,2010-03-25 13:15:00,2,7.95,14156,EIRE
502598,2010-03-25 13:15:00,25,0.42,14156,EIRE
502598,2010-03-25 13:15:00,25,0.42,14156,EIRE
502598,2010-03-25 13:15:00,12,1.25,14156,EIRE
502598,2010-03-25 13:15:00,48,0.29,14156,EIRE
502598,2010-03-25 13:15:00,25,0.42,14156,EIRE
502598,2010-03-25 13:15:00,6,2.55,14156,EIRE
502598,2010-03-25 13:15:00,3,4.95,14156,EIRE
502598,2010-03-25 13:15:00,2,7.95,14156,EIRE
502598,2010-03-25 13:15:00,2,7.95,14156,EIRE
502598,2010-03-25 13:15:00,6,2.55,14156,EIRE
502598,2010-03-25 13:15:00,6,2.1,14156,EIRE
502598,2010-03-25 13:15:00,6,2.1,14156,EIRE
502598,2010-03-25 13:15:00,6,2.95,14156,EIRE
502598,2010-03-25 13:15:00,3,4.95,14156,EIRE
502598,2010-03-25 13:15:00,6,2.95,14156,EIRE
502598,2010-03-25 13:15:00,2,10.95,14156,EIRE
502598,2010-03-25 13:15:00,8,1.95,14156,EIRE
502598,2010-03-25 13:15:00,2,8.5,14156,EIRE
502632,2010-03-25 16:17:00,6,2.95,17484,United Kingdom
502632,2010-03-25 16:17:00,2,12.75,17484,United Kingdom
502632,2010-03-25 16:17:00,12,1.25,17484,United Kingdom
502632,2010-03-25 16:17:00,12,0.85,17484,United Kingdom
502632,2010-03-25 16:17:00,3,5.95,17484,United Kingdom
502632,2010-03-25 16:17:00,12,2.55,17484,United Kingdom
502632,2010-03-25 16:17:00,4,4.25,17484,United Kingdom
502659,2010-03-25 17:06:00,12,2.1,14682,United Kingdom
502659,2010-03-25 17:06:00,12,2.1,14682,United Kingdom
502659,2010-03-25 17:06:00,4,7.95,14682,United Kingdom
502794,2010-03-26 15:31:00,2,12.75,16833,United Kingdom
502794,2010-03-26 15:31:00,2,6.35,16833,United Kingdom
502794,2010-03-26 15:31:00,3,5.95,16833,United Kingdom
502794,2010-03-26 15:31:00,3,5.95,16833,United Kingdom
502794,2010-03-26 15:31:00,6,2.55,16833,United Kingdom
502794,2010-03-26 15:31:00,9,5.95,16833,United Kingdom
502794,2010-03-26 15:31:00,6,2.95,16833,United Kingdom
502794,2010-03-26 15:31:00,2,6.35,16833,United Kingdom
502794,2010-03-26 15:31:00,2,6.35,16833,United Kingdom
502794,2010-03-26 15:31:00,2,6.35,16833,United Kingdom
502794,2010-03-26 15:31:00,24,0.42,16833,United Kingdom
502794,2010-03-26 15:31:00,12,1.25,16833,United Kingdom
502794,2010-03-26 15:31:00,6,5.95,16833,United Kingdom
502794,2010-03-26 15:31:00,9,5.95,16833,United Kingdom
503070,2010-03-30 10:49:00,2,4.95,17676,United Kingdom
503070,2010-03-30 10:49:00,2,4.95,17676,United Kingdom
503070,2010-03-30 10:49:00,8,1.95,17676,United Kingdom
503070,2010-03-30 10:49:00,8,1.95,17676,United Kingdom
503070,2010-03-30 10:49:00,12,1.25,17676,United Kingdom
503070,2010-03-30 10:49:00,12,0.65,17676,United Kingdom
503070,2010-03-30 10:49:00,8,1.95,17676,United Kingdom
503070,2010-03-30 10:49:00,12,0.65,17676,United Kingdom
503070,2010-03-30 10:49:00,8,0.85,17676,United Kingdom
503070,2010-03-30 10:49:00,8,1.69,17676,United Kingdom
503070,2010-03-30 10:49:00,16,1.25,17676,United Kingdom
503070,2010-03-30 10:49:00,8,1.95,17676,United Kingdom
503070,2010-03-30 10:49:00,12,1.25,17676,United Kingdom
503070,2010-03-30 10:49:00,12,1.65,17676,United Kingdom
503070,2010-03-30 10:49:00,8,1.65,17676,United Kingdom
503070,2010-03-30 10:49:00,10,0.85,17676,United Kingdom
503070,2010-03-30 10:49:00,10,0.85,17676,United Kingdom
503070,2010-03-30 10:49:00,10,1.65,17676,United Kingdom
503070,2010-03-30 10:49:00,10,1.65,17676,United Kingdom
503070,2010-03-30 10:49:00,4,4.95,17676,United Kingdom
503070,2010-03-30 10:49:00,10,1.65,17676,United Kingdom
503070,2010-03-30 10:49:00,2,9.95,17676,United Kingdom
503070,2010-03-30 10:49:00,24,0.42,17676,United Kingdom
503070,2010-03-30 10:49:00,12,2.95,17676,United Kingdom
503070,2010-03-30 10:49:00,10,1.65,17676,United Kingdom
503397,2010-03-31 15:38:00,24,1.49,14895,United Kingdom
503397,2010-03-31 15:38:00,12,1.25,14895,United Kingdom
503397,2010-03-31 15:38:00,12,1.25,14895,United Kingdom
503397,2010-03-31 15:38:00,12,1.49,14895,United Kingdom
503397,2010-03-31 15:38:00,6,2.95,14895,United Kingdom
503397,2010-03-31 15:38:00,8,1.65,14895,United Kingdom
503397,2010-03-31 15:38:00,4,9.95,14895,United Kingdom
503397,2010-03-31 15:38:00,16,1.45,14895,United Kingdom
503397,2010-03-31 15:38:00,2,10.65,14895,United Kingdom
503397,2010-03-31 15:38:00,6,4.95,14895,United Kingdom
503397,2010-03-31 15:38:00,6,9.95,14895,United Kingdom
503397,2010-03-31 15:38:00,6,10.75,14895,United Kingdom
503397,2010-03-31 15:38:00,12,2.95,14895,United Kingdom
503397,2010-03-31 15:38:00,12,2.95,14895,United Kingdom
503397,2010-03-31 15:38:00,12,1.25,14895,United Kingdom
503397,2010-03-31 15:38:00,12,1.45,14895,United Kingdom
503397,2010-03-31 15:38:00,6,1.45,14895,United Kingdom
503397,2010-03-31 15:38:00,1,16.95,14895,United Kingdom
503397,2010-03-31 15:38:00,120,0.21,14895,United Kingdom
503397,2010-03-31 15:38:00,10,1.25,14895,United Kingdom
503397,2010-03-31 15:38:00,12,1.65,14895,United Kingdom
503397,2010-03-31 15:38:00,12,0.65,14895,United Kingdom
503397,2010-03-31 15:38:00,8,6.75,14895,United Kingdom
503397,2010-03-31 15:38:00,12,2.95,14895,United Kingdom
503397,2010-03-31 15:38:00,12,1.25,14895,United Kingdom
503397,2010-03-31 15:38:00,24,1.45,14895,United Kingdom
503397,2010-03-31 15:38:00,24,1.45,14895,United Kingdom
503397,2010-03-31 15:38:00,24,0.55,14895,United Kingdom
503397,2010-03-31 15:38:00,24,1.45,14895,United Kingdom
503397,2010-03-31 15:38:00,4,3.75,14895,United Kingdom
503397,2010-03-31 15:38:00,4,4.25,14895,United Kingdom
503397,2010-03-31 15:38:00,8,4.25,14895,United Kingdom
503397,2010-03-31 15:38:00,2,12.75,14895,United Kingdom
503397,2010-03-31 15:38:00,12,0.55,14895,United Kingdom
503397,2010-03-31 15:38:00,2,8.5,14895,United Kingdom
503397,2010-03-31 15:38:00,6,14.95,14895,United Kingdom
503397,2010-03-31 15:38:00,24,1.25,14895,United Kingdom
503397,2010-03-31 15:38:00,8,7.65,14895,United Kingdom
503397,2010-03-31 15:38:00,6,12.75,14895,United Kingdom
503397,2010-03-31 15:38:00,24,1.69,14895,United Kingdom
503397,2010-03-31 15:38:00,12,0.55,14895,United Kingdom
503397,2010-03-31 15:38:00,12,0.55,14895,United Kingdom
503397,2010-03-31 15:38:00,40,1.69,14895,United Kingdom
503427,2010-03-31 17:29:00,1,2.1,13576,United Kingdom
503427,2010-03-31 17:29:00,1,1.25,13576,United Kingdom
503427,2010-03-31 17:29:00,1,3.25,13576,United Kingdom
503427,2010-03-31 17:29:00,1,1.95,13576,United Kingdom
503427,2010-03-31 17:29:00,1,2.25,13576,United Kingdom
503427,2010-03-31 17:29:00,1,1.25,13576,United Kingdom
503427,2010-03-31 17:29:00,1,1.25,13576,United Kingdom
503427,2010-03-31 17:29:00,2,2.55,13576,United Kingdom
503427,2010-03-31 17:29:00,1,1.25,13576,United Kingdom
503427,2010-03-31 17:29:00,2,2.55,13576,United Kingdom
503427,2010-03-31 17:29:00,2,2.55,13576,United Kingdom
503427,2010-03-31 17:29:00,1,6.75,13576,United Kingdom
503427,2010-03-31 17:29:00,1,6.75,13576,United Kingdom
503427,2010-03-31 17:29:00,2,1.65,13576,United Kingdom
503427,2010-03-31 17:29:00,1,1.25,13576,United Kingdom
503427,2010-03-31 17:29:00,24,3.39,13576,United Kingdom
503427,2010-03-31 17:29:00,1,12.75,13576,United Kingdom
503427,2010-03-31 17:29:00,48,3.39,13576,United Kingdom
503427,2010-03-31 17:29:00,2,2.55,13576,United Kingdom
503427,2010-03-31 17:29:00,48,2.1,13576,United Kingdom
503427,2010-03-31 17:29:00,2,1.25,13576,United Kingdom
503427,2010-03-31 17:29:00,2,1.25,13576,United Kingdom
503427,2010-03-31 17:29:00,1,16.95,13576,United Kingdom
503427,2010-03-31 17:29:00,2,7.95,13576,United Kingdom
503427,2010-03-31 17:29:00,1,10.95,13576,United Kingdom
503427,2010-03-31 17:29:00,2,2.1,13576,United Kingdom
503427,2010-03-31 17:29:00,2,3.95,13576,United Kingdom
503427,2010-03-31 17:29:00,2,3.95,13576,United Kingdom
503427,2010-03-31 17:29:00,1,9.95,13576,United Kingdom
503427,2010-03-31 17:29:00,1,9.95,13576,United Kingdom
503427,2010-03-31 17:29:00,2,5.95,13576,United Kingdom
503427,2010-03-31 17:29:00,2,10.75,13576,United Kingdom
503427,2010-03-31 17:29:00,1,12.75,13576,United Kingdom
503588,2010-04-01 18:03:00,2,6.75,14713,United Kingdom
503588,2010-04-01 18:03:00,2,6.75,14713,United Kingdom
503588,2010-04-01 18:03:00,2,12.75,14713,United Kingdom
503588,2010-04-01 18:03:00,2,2.1,14713,United Kingdom
503588,2010-04-01 18:03:00,2,2.1,14713,United Kingdom
503588,2010-04-01 18:03:00,2,2.1,14713,United Kingdom
503588,2010-04-01 18:03:00,3,1.25,14713,United Kingdom
503588,2010-04-01 18:03:00,2,3.75,14713,United Kingdom
503588,2010-04-01 18:03:00,6,1.25,14713,United Kingdom
503588,2010-04-01 18:03:00,25,0.42,14713,United Kingdom
503588,2010-04-01 18:03:00,2,4.95,14713,United Kingdom
503588,2010-04-01 18:03:00,4,1.65,14713,United Kingdom
503588,2010-04-01 18:03:00,2,2.1,14713,United Kingdom
503588,2010-04-01 18:03:00,10,1.65,14713,United Kingdom
503588,2010-04-01 18:03:00,6,0.85,14713,United Kingdom
503588,2010-04-01 18:03:00,6,1.65,14713,United Kingdom
503588,2010-04-01 18:03:00,12,0.85,14713,United Kingdom
503588,2010-04-01 18:03:00,6,0.42,14713,United Kingdom
503588,2010-04-01 18:03:00,3,0.85,14713,United Kingdom
503588,2010-04-01 18:03:00,3,0.85,14713,United Kingdom
503588,2010-04-01 18:03:00,3,0.85,14713,United Kingdom
503588,2010-04-01 18:03:00,3,0.85,14713,United Kingdom
503588,2010-04-01 18:03:00,10,0.85,14713,United Kingdom
503588,2010-04-01 18:03:00,2,2.95,14713,United Kingdom
503588,2010-04-01 18:03:00,3,2.55,14713,United Kingdom
503588,2010-04-01 18:03:00,2,1.95,14713,United Kingdom
503588,2010-04-01 18:03:00,3,1.95,14713,United Kingdom
503588,2010-04-01 18:03:00,1,2.55,14713,United Kingdom
503588,2010-04-01 18:03:00,4,1.65,14713,United Kingdom
503588,2010-04-01 18:03:00,6,1.25,14713,United Kingdom
503783,2010-04-07 12:07:00,12,1.65,14156,EIRE
503783,2010-04-07 12:07:00,12,1.25,14156,EIRE
503783,2010-04-07 12:07:00,12,1.25,14156,EIRE
503783,2010-04-07 12:07:00,4,4.95,14156,EIRE
503783,2010-04-07 12:07:00,4,8.5,14156,EIRE
503783,2010-04-07 12:07:00,2,7.49,14156,EIRE
503783,2010-04-07 12:07:00,6,2.55,14156,EIRE
503783,2010-04-07 12:07:00,4,4.25,14156,EIRE
503783,2010-04-07 12:07:00,24,5.45,14156,EIRE
503783,2010-04-07 12:07:00,12,5.95,14156,EIRE
503783,2010-04-07 12:07:00,60,4.95,14156,EIRE
503783,2010-04-07 12:07:00,16,10.95,14156,EIRE
503783,2010-04-07 12:07:00,6,4.95,14156,EIRE
503783,2010-04-07 12:07:00,24,5.45,14156,EIRE
503783,2010-04-07 12:07:00,6,4.95,14156,EIRE
503797,2010-04-07 13:21:00,12,0.85,14264,United Kingdom
503797,2010-04-07 13:21:00,32,0.65,14264,United Kingdom
503797,2010-04-07 13:21:00,6,2.1,14264,United Kingdom
503797,2010-04-07 13:21:00,12,1.95,14264,United Kingdom
503797,2010-04-07 13:21:00,12,1.65,14264,United Kingdom
503797,2010-04-07 13:21:00,12,2.95,14264,United Kingdom
503797,2010-04-07 13:21:00,12,1.25,14264,United Kingdom
503797,2010-04-07 13:21:00,12,0.65,14264,United Kingdom
503797,2010-04-07 13:21:00,2,7.49,14264,United Kingdom
503797,2010-04-07 13:21:00,8,2.55,14264,United Kingdom
503797,2010-04-07 13:21:00,8,2.55,14264,United Kingdom
503797,2010-04-07 13:21:00,10,1.25,14264,United Kingdom
503797,2010-04-07 13:21:00,2,7.49,14264,United Kingdom
503797,2010-04-07 13:21:00,2,7.49,14264,United Kingdom
503797,2010-04-07 13:21:00,12,1.25,14264,United Kingdom
503797,2010-04-07 13:21:00,12,0.65,14264,United Kingdom
503797,2010-04-07 13:21:00,12,1.25,14264,United Kingdom
503797,2010-04-07 13:21:00,10,1.25,14264,United Kingdom
503797,2010-04-07 13:21:00,6,2.95,14264,United Kingdom
503797,2010-04-07 13:21:00,1,19.95,14264,United Kingdom
503797,2010-04-07 13:21:00,2,9.95,14264,United Kingdom
503797,2010-04-07 13:21:00,8,1.69,14264,United Kingdom
503797,2010-04-07 13:21:00,2,7.95,14264,United Kingdom
503797,2010-04-07 13:21:00,6,2.1,14264,United Kingdom
503797,2010-04-07 13:21:00,4,3.95,14264,United Kingdom
503797,2010-04-07 13:21:00,24,0.85,14264,United Kingdom
503797,2010-04-07 13:21:00,4,6.75,14264,United Kingdom
503797,2010-04-07 13:21:00,1,12.75,14264,United Kingdom
503797,2010-04-07 13:21:00,8,1.69,14264,United Kingdom
503810,2010-04-07 14:16:00,120,0.38,12643,France
503810,2010-04-07 14:16:00,100,4.19,12643,France
503810,2010-04-07 14:16:00,120,0.38,12643,France
503810,2010-04-07 14:16:00,100,4.19,12643,France
503810,2010-04-07 14:16:00,120,2.3,12643,France
503810,2010-04-07 14:16:00,150,1.52,12643,France
503810,2010-04-07 14:16:00,150,1.52,12643,France
503810,2010-04-07 14:16:00,120,2.3,12643,France
503810,2010-04-07 14:16:00,120,2.3,12643,France
503864,2010-04-08 11:11:00,4,3.75,16053,United Kingdom
503864,2010-04-08 11:11:00,3,5.95,16053,United Kingdom
503864,2010-04-08 11:11:00,3,5.95,16053,United Kingdom
503864,2010-04-08 11:11:00,1,9.95,16053,United Kingdom
503864,2010-04-08 11:11:00,1,12.75,16053,United Kingdom
503864,2010-04-08 11:11:00,3,4.95,16053,United Kingdom
503864,2010-04-08 11:11:00,4,3.75,16053,United Kingdom
503864,2010-04-08 11:11:00,10,1.95,16053,United Kingdom
503864,2010-04-08 11:11:00,10,0.85,16053,United Kingdom
503864,2010-04-08 11:11:00,10,1.65,16053,United Kingdom
503864,2010-04-08 11:11:00,10,1.65,16053,United Kingdom
503864,2010-04-08 11:11:00,6,2.55,16053,United Kingdom
503864,2010-04-08 11:11:00,6,2.55,16053,United Kingdom
503864,2010-04-08 11:11:00,6,3.75,16053,United Kingdom
503864,2010-04-08 11:11:00,6,3.75,16053,United Kingdom
503864,2010-04-08 11:11:00,4,3.75,16053,United Kingdom
503864,2010-04-08 11:11:00,6,1.95,16053,United Kingdom
503864,2010-04-08 11:11:00,12,1.25,16053,United Kingdom
503864,2010-04-08 11:11:00,4,3.75,16053,United Kingdom
503864,2010-04-08 11:11:00,2,7.49,16053,United Kingdom
503864,2010-04-08 11:11:00,10,0.85,16053,United Kingdom
503864,2010-04-08 11:11:00,12,1.45,16053,United Kingdom
503864,2010-04-08 11:11:00,1,9.95,16053,United Kingdom
503864,2010-04-08 11:11:00,4,3.95,16053,United Kingdom
503864,2010-04-08 11:11:00,4,3.75,16053,United Kingdom
503864,2010-04-08 11:11:00,16,1.25,16053,United Kingdom
503864,2010-04-08 11:11:00,6,2.55,16053,United Kingdom
503864,2010-04-08 11:11:00,12,1.25,16053,United Kingdom
503864,2010-04-08 11:11:00,25,0.42,16053,United Kingdom
503864,2010-04-08 11:11:00,12,0.42,16053,United Kingdom
503864,2010-04-08 11:11:00,12,0.42,16053,United Kingdom
503864,2010-04-08 11:11:00,25,0.42,16053,United Kingdom
503864,2010-04-08 11:11:00,10,1.65,16053,United Kingdom
503864,2010-04-08 11:11:00,1,12.75,16053,United Kingdom
503864,2010-04-08 11:11:00,8,1.65,16053,United Kingdom
503864,2010-04-08 11:11:00,12,1.25,16053,United Kingdom
503864,2010-04-08 11:11:00,12,1.25,16053,United Kingdom
503864,2010-04-08 11:11:00,4,3.75,16053,United Kingdom
503864,2010-04-08 11:11:00,12,0.85,16053,United Kingdom
503864,2010-04-08 11:11:00,4,3.75,16053,United Kingdom
503864,2010-04-08 11:11:00,6,2.55,16053,United Kingdom
503864,2010-04-08 11:11:00,1,10.95,16053,United Kingdom
503864,2010-04-08 11:11:00,6,2.95,16053,United Kingdom
503864,2010-04-08 11:11:00,10,1.65,16053,United Kingdom
503925,2010-04-08 13:18:00,3,10.95,15673,United Kingdom
503925,2010-04-08 13:18:00,10,2.95,15673,United Kingdom
503925,2010-04-08 13:18:00,8,8.5,15673,United Kingdom
503925,2010-04-08 13:18:00,12,1.65,15673,United Kingdom
503925,2010-04-08 13:18:00,12,2.95,15673,United Kingdom
503925,2010-04-08 13:18:00,12,1.65,15673,United Kingdom
503925,2010-04-08 13:18:00,6,4.95,15673,United Kingdom
503925,2010-04-08 13:18:00,8,3.75,15673,United Kingdom
503925,2010-04-08 13:18:00,8,3.75,15673,United Kingdom
503925,2010-04-08 13:18:00,12,1.65,15673,United Kingdom
503946,2010-04-08 15:35:00,12,1.25,16168,United Kingdom
503946,2010-04-08 15:35:00,12,1.25,16168,United Kingdom
503946,2010-04-08 15:35:00,12,1.95,16168,United Kingdom
503946,2010-04-08 15:35:00,12,1.25,16168,United Kingdom
503946,2010-04-08 15:35:00,12,1.25,16168,United Kingdom
503946,2010-04-08 15:35:00,12,1.25,16168,United Kingdom
503946,2010-04-08 15:35:00,12,2.1,16168,United Kingdom
503948,2010-04-08 15:36:00,6,5.95,16168,United Kingdom
503947,2010-04-08 15:36:00,12,1.25,16168,United Kingdom
503947,2010-04-08 15:36:00,2,12.75,16168,United Kingdom
503953,2010-04-08 16:21:00,1,3.75,13163,United Kingdom
503953,2010-04-08 16:21:00,2,6.95,13163,United Kingdom
503986,2010-04-09 10:12:00,3,5.95,16040,United Kingdom
503986,2010-04-09 10:12:00,3,5.95,16040,United Kingdom
503986,2010-04-09 10:12:00,24,1.25,16040,United Kingdom
503986,2010-04-09 10:12:00,12,0.85,16040,United Kingdom
503986,2010-04-09 10:12:00,8,1.65,16040,United Kingdom
503986,2010-04-09 10:12:00,8,1.65,16040,United Kingdom
503986,2010-04-09 10:12:00,2,6.75,16040,United Kingdom
503986,2010-04-09 10:12:00,24,1.25,16040,United Kingdom
503986,2010-04-09 10:12:00,12,0.85,16040,United Kingdom
503986,2010-04-09 10:12:00,4,4.25,16040,United Kingdom
503986,2010-04-09 10:12:00,4,4.25,16040,United Kingdom
503986,2010-04-09 10:12:00,12,1.65,16040,United Kingdom
503986,2010-04-09 10:12:00,12,1.25,16040,United Kingdom
503986,2010-04-09 10:12:00,10,1.65,16040,United Kingdom
503986,2010-04-09 10:12:00,10,1.65,16040,United Kingdom
503986,2010-04-09 10:12:00,10,1.65,16040,United Kingdom
503986,2010-04-09 10:12:00,24,0.65,16040,United Kingdom
503986,2010-04-09 10:12:00,24,0.65,16040,United Kingdom
503986,2010-04-09 10:12:00,3,4.95,16040,United Kingdom
503986,2010-04-09 10:12:00,12,1.65,16040,United Kingdom
503986,2010-04-09 10:12:00,12,1.65,16040,United Kingdom
503986,2010-04-09 10:12:00,12,1.25,16040,United Kingdom
504436,2010-04-13 13:33:00,144,1.06,14156,EIRE
504436,2010-04-13 13:33:00,60,6.35,14156,EIRE
504436,2010-04-13 13:33:00,96,1.85,14156,EIRE
504436,2010-04-13 13:33:00,72,1.85,14156,EIRE
504436,2010-04-13 13:33:00,72,1.45,14156,EIRE
504436,2010-04-13 13:33:00,48,6.95,14156,EIRE
504436,2010-04-13 13:33:00,60,6.35,14156,EIRE
504436,2010-04-13 13:33:00,480,0.42,14156,EIRE
504436,2010-04-13 13:33:00,432,1.69,14156,EIRE
504436,2010-04-13 13:33:00,96,1.25,14156,EIRE
504436,2010-04-13 13:33:00,432,1.45,14156,EIRE
504436,2010-04-13 13:33:00,100,1.45,14156,EIRE
504436,2010-04-13 13:33:00,96,1.25,14156,EIRE
504436,2010-04-13 13:33:00,64,2.55,14156,EIRE
504436,2010-04-13 13:33:00,144,1.69,14156,EIRE
504436,2010-04-13 13:33:00,100,1.45,14156,EIRE
504436,2010-04-13 13:33:00,96,1.85,14156,EIRE
504436,2010-04-13 13:33:00,432,1.85,14156,EIRE
504436,2010-04-13 13:33:00,48,6.95,14156,EIRE
504436,2010-04-13 13:33:00,48,5.45,14156,EIRE
504436,2010-04-13 13:33:00,144,0.65,14156,EIRE
504436,2010-04-13 13:33:00,96,1.45,14156,EIRE
504436,2010-04-13 13:33:00,480,0.42,14156,EIRE
504436,2010-04-13 13:33:00,480,0.42,14156,EIRE
504436,2010-04-13 13:33:00,72,5.45,14156,EIRE
504436,2010-04-13 13:33:00,250,0.42,14156,EIRE
504436,2010-04-13 13:33:00,60,6.35,14156,EIRE
504436,2010-04-13 13:33:00,60,6.35,14156,EIRE
504436,2010-04-13 13:33:00,96,3.75,14156,EIRE
504436,2010-04-13 13:33:00,72,5.45,14156,EIRE
504436,2010-04-13 13:33:00,480,0.42,14156,EIRE
504436,2010-04-13 13:33:00,50,2.1,14156,EIRE
504436,2010-04-13 13:33:00,72,1.69,14156,EIRE
504436,2010-04-13 13:33:00,72,1.06,14156,EIRE
504436,2010-04-13 13:33:00,108,1.06,14156,EIRE
504436,2010-04-13 13:33:00,216,0.32,14156,EIRE
504436,2010-04-13 13:33:00,108,1.06,14156,EIRE
504436,2010-04-13 13:33:00,72,0.42,14156,EIRE
504436,2010-04-13 13:33:00,108,1.06,14156,EIRE
504438,2010-04-13 13:40:00,60,1.25,14156,EIRE
504438,2010-04-13 13:40:00,60,1.25,14156,EIRE
504848,2010-04-16 17:12:00,2,1.25,14623,United Kingdom
504848,2010-04-16 17:12:00,1,2.1,14623,United Kingdom
504848,2010-04-16 17:12:00,1,2.1,14623,United Kingdom
504848,2010-04-16 17:12:00,1,0.85,14623,United Kingdom
504848,2010-04-16 17:12:00,2,1.25,14623,United Kingdom
504848,2010-04-16 17:12:00,2,1.25,14623,United Kingdom
504848,2010-04-16 17:12:00,1,2.1,14623,United Kingdom
504848,2010-04-16 17:12:00,1,2.1,14623,United Kingdom
504848,2010-04-16 17:12:00,1,1.25,14623,United Kingdom
504848,2010-04-16 17:12:00,1,1.25,14623,United Kingdom
504848,2010-04-16 17:12:00,1,0.85,14623,United Kingdom
504848,2010-04-16 17:12:00,1,3.75,14623,United Kingdom
504848,2010-04-16 17:12:00,1,3.75,14623,United Kingdom
504848,2010-04-16 17:12:00,1,2.1,14623,United Kingdom
504848,2010-04-16 17:12:00,2,1.25,14623,United Kingdom
504848,2010-04-16 17:12:00,1,10.75,14623,United Kingdom
504848,2010-04-16 17:12:00,1,1.25,14623,United Kingdom
504848,2010-04-16 17:12:00,24,1.25,14623,United Kingdom
504848,2010-04-16 17:12:00,2,1.25,14623,United Kingdom
504848,2010-04-16 17:12:00,1,1.95,14623,United Kingdom
504848,2010-04-16 17:12:00,1,3.25,14623,United Kingdom
504848,2010-04-16 17:12:00,1,2.1,14623,United Kingdom
504848,2010-04-16 17:12:00,1,1.25,14623,United Kingdom
504848,2010-04-16 17:12:00,1,1.95,14623,United Kingdom
504848,2010-04-16 17:12:00,1,2.1,14623,United Kingdom
504848,2010-04-16 17:12:00,1,2.1,14623,United Kingdom
504848,2010-04-16 17:12:00,1,0.85,14623,United Kingdom
504848,2010-04-16 17:12:00,1,2.1,14623,United Kingdom
504848,2010-04-16 17:12:00,1,2.1,14623,United Kingdom
504848,2010-04-16 17:12:00,1,1.25,14623,United Kingdom
504848,2010-04-16 17:12:00,1,1.25,14623,United Kingdom
504848,2010-04-16 17:12:00,9,1.45,14623,United Kingdom
504848,2010-04-16 17:12:00,1,7.95,14623,United Kingdom
504848,2010-04-16 17:12:00,1,10.75,14623,United Kingdom
504848,2010-04-16 17:12:00,2,1.25,14623,United Kingdom
504848,2010-04-16 17:12:00,1,2.1,14623,United Kingdom
504848,2010-04-16 17:12:00,2,0.85,14623,United Kingdom
504848,2010-04-16 17:12:00,1,4.25,14623,United Kingdom
504848,2010-04-16 17:12:00,2,4.25,14623,United Kingdom
504848,2010-04-16 17:12:00,1,0.55,14623,United Kingdom
504848,2010-04-16 17:12:00,1,3.75,14623,United Kingdom
504848,2010-04-16 17:12:00,1,3.75,14623,United Kingdom
504848,2010-04-16 17:12:00,1,0.85,14623,United Kingdom
504848,2010-04-16 17:12:00,1,1.45,14623,United Kingdom
504848,2010-04-16 17:12:00,1,1.45,14623,United Kingdom
504848,2010-04-16 17:12:00,1,2.1,14623,United Kingdom
504848,2010-04-16 17:12:00,2,1.95,14623,United Kingdom
504848,2010-04-16 17:12:00,1,1.25,14623,United Kingdom
504848,2010-04-16 17:12:00,1,2.95,14623,United Kingdom
504848,2010-04-16 17:12:00,2,0.42,14623,United Kingdom
504848,2010-04-16 17:12:00,2,0.42,14623,United Kingdom
504848,2010-04-16 17:12:00,2,1.25,14623,United Kingdom
504848,2010-04-16 17:12:00,1,4.25,14623,United Kingdom
504848,2010-04-16 17:12:00,6,2.55,14623,United Kingdom
504848,2010-04-16 17:12:00,1,3.75,14623,United Kingdom
504848,2010-04-16 17:12:00,6,2.55,14623,United Kingdom
504848,2010-04-16 17:12:00,2,1.25,14623,United Kingdom
504848,2010-04-16 17:12:00,6,2.55,14623,United Kingdom
504848,2010-04-16 17:12:00,1,1.25,14623,United Kingdom
504848,2010-04-16 17:12:00,1,1.25,14623,United Kingdom
504848,2010-04-16 17:12:00,2,0.55,14623,United Kingdom
504848,2010-04-16 17:12:00,6,0.65,14623,United Kingdom
504848,2010-04-16 17:12:00,6,0.85,14623,United Kingdom
504848,2010-04-16 17:12:00,1,1.25,14623,United Kingdom
504848,2010-04-16 17:12:00,1,1.25,14623,United Kingdom
504848,2010-04-16 17:12:00,1,1.25,14623,United Kingdom
504848,2010-04-16 17:12:00,2,0.55,14623,United Kingdom
504848,2010-04-16 17:12:00,2,0.55,14623,United Kingdom
504848,2010-04-16 17:12:00,1,1.95,14623,United Kingdom
504848,2010-04-16 17:12:00,1,1.25,14623,United Kingdom
504848,2010-04-16 17:12:00,1,7.95,14623,United Kingdom
504848,2010-04-16 17:12:00,1,1.25,14623,United Kingdom
505015,2010-04-19 13:30:00,12,1.25,14156,EIRE
505015,2010-04-19 13:30:00,12,0.85,14156,EIRE
505015,2010-04-19 13:30:00,12,1.65,14156,EIRE
505015,2010-04-19 13:30:00,12,1.45,14156,EIRE
505015,2010-04-19 13:30:00,12,1.45,14156,EIRE
505015,2010-04-19 13:30:00,12,1.45,14156,EIRE
505015,2010-04-19 13:30:00,4,3.95,14156,EIRE
505015,2010-04-19 13:30:00,24,0.85,14156,EIRE
505015,2010-04-19 13:30:00,4,3.95,14156,EIRE
505015,2010-04-19 13:30:00,6,2.55,14156,EIRE
505015,2010-04-19 13:30:00,6,2.55,14156,EIRE
505015,2010-04-19 13:30:00,36,0.55,14156,EIRE
505015,2010-04-19 13:30:00,25,0.55,14156,EIRE
505015,2010-04-19 13:30:00,36,0.55,14156,EIRE
505015,2010-04-19 13:30:00,2,9.95,14156,EIRE
505015,2010-04-19 13:30:00,36,0.55,14156,EIRE
505015,2010-04-19 13:30:00,24,0.55,14156,EIRE
505015,2010-04-19 13:30:00,1,50.0,14156,EIRE
505015,2010-04-19 13:30:00,2,8.5,14156,EIRE
505015,2010-04-19 13:30:00,2,9.95,14156,EIRE
505015,2010-04-19 13:30:00,3,5.95,14156,EIRE
505015,2010-04-19 13:30:00,1,45.95,14156,EIRE
505015,2010-04-19 13:30:00,2,9.95,14156,EIRE
505015,2010-04-19 13:30:00,6,2.95,14156,EIRE
505015,2010-04-19 13:30:00,6,3.75,14156,EIRE
505015,2010-04-19 13:30:00,6,3.75,14156,EIRE
505015,2010-04-19 13:30:00,3,12.75,14156,EIRE
505015,2010-04-19 13:30:00,6,2.55,14156,EIRE
505168,2010-04-20 12:48:00,12,1.49,14156,EIRE
505168,2010-04-20 12:48:00,12,1.65,14156,EIRE
505168,2010-04-20 12:48:00,24,0.55,14156,EIRE
505168,2010-04-20 12:48:00,24,0.55,14156,EIRE
505168,2010-04-20 12:48:00,6,3.75,14156,EIRE
505168,2010-04-20 12:48:00,6,3.75,14156,EIRE
505168,2010-04-20 12:48:00,4,3.75,14156,EIRE
505168,2010-04-20 12:48:00,12,1.65,14156,EIRE
505168,2010-04-20 12:48:00,50,0.21,14156,EIRE
505168,2010-04-20 12:48:00,3,4.25,14156,EIRE
505168,2010-04-20 12:48:00,2,10.75,14156,EIRE
505168,2010-04-20 12:48:00,1,12.75,14156,EIRE
505168,2010-04-20 12:48:00,24,0.65,14156,EIRE
505168,2010-04-20 12:48:00,30,0.21,14156,EIRE
505168,2010-04-20 12:48:00,1,50.0,14156,EIRE
505168,2010-04-20 12:48:00,6,2.95,14156,EIRE
505168,2010-04-20 12:48:00,3,4.25,14156,EIRE
505168,2010-04-20 12:48:00,3,6.45,14156,EIRE
505168,2010-04-20 12:48:00,12,0.85,14156,EIRE
505168,2010-04-20 12:48:00,6,7.95,14156,EIRE
505168,2010-04-20 12:48:00,12,1.95,14156,EIRE
505168,2010-04-20 12:48:00,6,2.1,14156,EIRE
505168,2010-04-20 12:48:00,6,2.1,14156,EIRE
505168,2010-04-20 12:48:00,6,2.1,14156,EIRE
505168,2010-04-20 12:48:00,12,0.85,14156,EIRE
505168,2010-04-20 12:48:00,12,0.85,14156,EIRE
505168,2010-04-20 12:48:00,12,0.85,14156,EIRE
505168,2010-04-20 12:48:00,6,2.1,14156,EIRE
505168,2010-04-20 12:48:00,12,1.25,14156,EIRE
505168,2010-04-20 12:48:00,12,1.25,14156,EIRE
505168,2010-04-20 12:48:00,6,1.95,14156,EIRE
505168,2010-04-20 12:48:00,10,1.25,14156,EIRE
505168,2010-04-20 12:48:00,6,1.95,14156,EIRE
505168,2010-04-20 12:48:00,1,9.95,14156,EIRE
505168,2010-04-20 12:48:00,3,4.25,14156,EIRE
505168,2010-04-20 12:48:00,12,1.25,14156,EIRE
505179,2010-04-20 13:49:00,2,3.75,17185,United Kingdom
505179,2010-04-20 13:49:00,2,3.75,17185,United Kingdom
505179,2010-04-20 13:49:00,5,2.95,17185,United Kingdom
505179,2010-04-20 13:49:00,6,1.25,17185,United Kingdom
505179,2010-04-20 13:49:00,7,1.25,17185,United Kingdom
505179,2010-04-20 13:49:00,2,3.75,17185,United Kingdom
505179,2010-04-20 13:49:00,5,2.95,17185,United Kingdom
505180,2010-04-20 13:52:00,2,0.65,17185,United Kingdom
505180,2010-04-20 13:52:00,2,1.25,17185,United Kingdom
505180,2010-04-20 13:52:00,1,1.65,17185,United Kingdom
505180,2010-04-20 13:52:00,2,1.25,17185,United Kingdom
505180,2010-04-20 13:52:00,1,0.85,17185,United Kingdom
505180,2010-04-20 13:52:00,1,0.85,17185,United Kingdom
505180,2010-04-20 13:52:00,2,1.25,17185,United Kingdom
505180,2010-04-20 13:52:00,2,5.45,17185,United Kingdom
505180,2010-04-20 13:52:00,2,1.25,17185,United Kingdom
505180,2010-04-20 13:52:00,1,0.85,17185,United Kingdom
505180,2010-04-20 13:52:00,2,5.45,17185,United Kingdom
505180,2010-04-20 13:52:00,5,2.55,17185,United Kingdom
505180,2010-04-20 13:52:00,1,2.95,17185,United Kingdom
505180,2010-04-20 13:52:00,2,1.25,17185,United Kingdom
505464,2010-04-22 11:52:00,4,1.95,13698,United Kingdom
505464,2010-04-22 11:52:00,3,2.95,13698,United Kingdom
505464,2010-04-22 11:52:00,3,2.95,13698,United Kingdom
505464,2010-04-22 11:52:00,1,4.25,13698,United Kingdom
505464,2010-04-22 11:52:00,1,4.95,13698,United Kingdom
505464,2010-04-22 11:52:00,5,4.25,13698,United Kingdom
505464,2010-04-22 11:52:00,2,5.95,13698,United Kingdom
505464,2010-04-22 11:52:00,36,0.21,13698,United Kingdom
505464,2010-04-22 11:52:00,24,0.42,13698,United Kingdom
505464,2010-04-22 11:52:00,6,2.1,13698,United Kingdom
505464,2010-04-22 11:52:00,3,2.1,13698,United Kingdom
505464,2010-04-22 11:52:00,4,2.55,13698,United Kingdom
505464,2010-04-22 11:52:00,8,1.25,13698,United Kingdom
505464,2010-04-22 11:52:00,5,1.65,13698,United Kingdom
505464,2010-04-22 11:52:00,2,4.25,13698,United Kingdom
505464,2010-04-22 11:52:00,2,1.95,13698,United Kingdom
505464,2010-04-22 11:52:00,2,1.65,13698,United Kingdom
505464,2010-04-22 11:52:00,3,1.65,13698,United Kingdom
505464,2010-04-22 11:52:00,16,1.69,13698,United Kingdom
505464,2010-04-22 11:52:00,4,2.95,13698,United Kingdom
505464,2010-04-22 11:52:00,4,1.95,13698,United Kingdom
505464,2010-04-22 11:52:00,4,1.65,13698,United Kingdom
505464,2010-04-22 11:52:00,3,1.65,13698,United Kingdom
505464,2010-04-22 11:52:00,6,1.65,13698,United Kingdom
505464,2010-04-22 11:52:00,2,1.65,13698,United Kingdom
505464,2010-04-22 11:52:00,3,1.95,13698,United Kingdom
505464,2010-04-22 11:52:00,1,1.95,13698,United Kingdom
505464,2010-04-22 11:52:00,1,4.95,13698,United Kingdom
505464,2010-04-22 11:52:00,1,2.1,13698,United Kingdom
505464,2010-04-22 11:52:00,10,1.65,13698,United Kingdom
505464,2010-04-22 11:52:00,10,1.65,13698,United Kingdom
505464,2010-04-22 11:52:00,10,0.85,13698,United Kingdom
505491,2010-04-22 12:58:00,6,4.25,14895,United Kingdom
505491,2010-04-22 12:58:00,24,1.65,14895,United Kingdom
505491,2010-04-22 12:58:00,16,0.85,14895,United Kingdom
505491,2010-04-22 12:58:00,16,1.25,14895,United Kingdom
505491,2010-04-22 12:58:00,24,0.85,14895,United Kingdom
505491,2010-04-22 12:58:00,24,0.95,14895,United Kingdom
505491,2010-04-22 12:58:00,24,1.65,14895,United Kingdom
505494,2010-04-22 13:15:00,6,1.25,14064,United Kingdom
505494,2010-04-22 13:15:00,12,0.85,14064,United Kingdom
505494,2010-04-22 13:15:00,6,1.65,14064,United Kingdom
505494,2010-04-22 13:15:00,1,8.5,14064,United Kingdom
505494,2010-04-22 13:15:00,6,2.95,14064,United Kingdom
505494,2010-04-22 13:15:00,4,1.65,14064,United Kingdom
505494,2010-04-22 13:15:00,1,1.65,14064,United Kingdom
505494,2010-04-22 13:15:00,5,1.25,14064,United Kingdom
505494,2010-04-22 13:15:00,3,0.85,14064,United Kingdom
505494,2010-04-22 13:15:00,3,2.95,14064,United Kingdom
505494,2010-04-22 13:15:00,4,1.25,14064,United Kingdom
505494,2010-04-22 13:15:00,1,2.55,14064,United Kingdom
505494,2010-04-22 13:15:00,3,1.25,14064,United Kingdom
505494,2010-04-22 13:15:00,6,1.45,14064,United Kingdom
505494,2010-04-22 13:15:00,6,1.45,14064,United Kingdom
505494,2010-04-22 13:15:00,12,1.45,14064,United Kingdom
505494,2010-04-22 13:15:00,6,1.25,14064,United Kingdom
505509,2010-04-22 14:31:00,6,7.49,14156,EIRE
505509,2010-04-22 14:31:00,6,2.95,14156,EIRE
505509,2010-04-22 14:31:00,4,3.75,14156,EIRE
505509,2010-04-22 14:31:00,6,7.49,14156,EIRE
505509,2010-04-22 14:31:00,2,8.5,14156,EIRE
505509,2010-04-22 14:31:00,6,7.49,14156,EIRE
505509,2010-04-22 14:31:00,4,7.49,14156,EIRE
505509,2010-04-22 14:31:00,4,3.75,14156,EIRE
505509,2010-04-22 14:31:00,24,2.55,14156,EIRE
505509,2010-04-22 14:31:00,25,0.42,14156,EIRE
505509,2010-04-22 14:31:00,24,5.95,14156,EIRE
505509,2010-04-22 14:31:00,25,0.42,14156,EIRE
505509,2010-04-22 14:31:00,25,0.42,14156,EIRE
505509,2010-04-22 14:31:00,25,0.42,14156,EIRE
505509,2010-04-22 14:31:00,25,0.42,14156,EIRE
505509,2010-04-22 14:31:00,12,2.95,14156,EIRE
505509,2010-04-22 14:31:00,12,1.65,14156,EIRE
505509,2010-04-22 14:31:00,12,1.65,14156,EIRE
505509,2010-04-22 14:31:00,24,2.55,14156,EIRE
505509,2010-04-22 14:31:00,6,2.55,14156,EIRE
505509,2010-04-22 14:31:00,4,7.49,14156,EIRE
505509,2010-04-22 14:31:00,12,1.65,14156,EIRE
505509,2010-04-22 14:31:00,24,1.25,14156,EIRE
505509,2010-04-22 14:31:00,16,2.55,14156,EIRE
505509,2010-04-22 14:31:00,16,2.55,14156,EIRE
505509,2010-04-22 14:31:00,6,5.45,14156,EIRE
505509,2010-04-22 14:31:00,6,1.95,14156,EIRE
505509,2010-04-22 14:31:00,4,7.49,14156,EIRE
505509,2010-04-22 14:31:00,10,1.65,14156,EIRE
505509,2010-04-22 14:31:00,10,0.85,14156,EIRE
505509,2010-04-22 14:31:00,10,0.85,14156,EIRE
505509,2010-04-22 14:31:00,10,0.85,14156,EIRE
505509,2010-04-22 14:31:00,10,1.65,14156,EIRE
505509,2010-04-22 14:31:00,10,1.95,14156,EIRE
505509,2010-04-22 14:31:00,10,1.95,14156,EIRE
505509,2010-04-22 14:31:00,10,1.95,14156,EIRE
505509,2010-04-22 14:31:00,6,2.95,14156,EIRE
505509,2010-04-22 14:31:00,12,2.95,14156,EIRE
505509,2010-04-22 14:31:00,12,2.1,14156,EIRE
505509,2010-04-22 14:31:00,10,1.65,14156,EIRE
505513,2010-04-22 14:57:00,1,1.65,14556,United Kingdom
505513,2010-04-22 14:57:00,1,4.95,14556,United Kingdom
505513,2010-04-22 14:57:00,1,3.75,14556,United Kingdom
505513,2010-04-22 14:57:00,2,2.1,14556,United Kingdom
505513,2010-04-22 14:57:00,6,3.75,14556,United Kingdom
505513,2010-04-22 14:57:00,2,1.25,14556,United Kingdom
505513,2010-04-22 14:57:00,1,1.69,14556,United Kingdom
505513,2010-04-22 14:57:00,1,3.25,14556,United Kingdom
505513,2010-04-22 14:57:00,1,4.95,14556,United Kingdom
505513,2010-04-22 14:57:00,1,0.85,14556,United Kingdom
505513,2010-04-22 14:57:00,13,1.25,14556,United Kingdom
505513,2010-04-22 14:57:00,4,0.85,14556,United Kingdom
505513,2010-04-22 14:57:00,2,1.25,14556,United Kingdom
505513,2010-04-22 14:57:00,2,2.95,14556,United Kingdom
505513,2010-04-22 14:57:00,2,2.1,14556,United Kingdom
505513,2010-04-22 14:57:00,1,2.95,14556,United Kingdom
505513,2010-04-22 14:57:00,1,1.49,14556,United Kingdom
505513,2010-04-22 14:57:00,1,10.95,14556,United Kingdom
505513,2010-04-22 14:57:00,1,1.65,14556,United Kingdom
505513,2010-04-22 14:57:00,1,0.85,14556,United Kingdom
505513,2010-04-22 14:57:00,1,5.45,14556,United Kingdom
505513,2010-04-22 14:57:00,1,1.95,14556,United Kingdom
505513,2010-04-22 14:57:00,1,1.95,14556,United Kingdom
505513,2010-04-22 14:57:00,2,1.95,14556,United Kingdom
505513,2010-04-22 14:57:00,2,1.95,14556,United Kingdom
505513,2010-04-22 14:57:00,2,1.95,14556,United Kingdom
505513,2010-04-22 14:57:00,2,1.95,14556,United Kingdom
505513,2010-04-22 14:57:00,2,1.95,14556,United Kingdom
505513,2010-04-22 14:57:00,2,1.95,14556,United Kingdom
505513,2010-04-22 14:57:00,2,1.95,14556,United Kingdom
505513,2010-04-22 14:57:00,1,2.1,14556,United Kingdom
505513,2010-04-22 14:57:00,2,5.45,14556,United Kingdom
505513,2010-04-22 14:57:00,5,4.65,14556,United Kingdom
505513,2010-04-22 14:57:00,2,0.42,14556,United Kingdom
505513,2010-04-22 14:57:00,1,1.69,14556,United Kingdom
505513,2010-04-22 14:57:00,1,6.75,14556,United Kingdom
505513,2010-04-22 14:57:00,2,2.95,14556,United Kingdom
505513,2010-04-22 14:57:00,1,2.55,14556,United Kingdom
505513,2010-04-22 14:57:00,1,3.95,14556,United Kingdom
505513,2010-04-22 14:57:00,1,1.95,14556,United Kingdom
505513,2010-04-22 14:57:00,2,2.1,14556,United Kingdom
505513,2010-04-22 14:57:00,1,2.95,14556,United Kingdom
505513,2010-04-22 14:57:00,1,2.95,14556,United Kingdom
505513,2010-04-22 14:57:00,1,4.25,14556,United Kingdom
505513,2010-04-22 14:57:00,1,1.25,14556,United Kingdom
505513,2010-04-22 14:57:00,6,2.55,14556,United Kingdom
505513,2010-04-22 14:57:00,1,4.95,14556,United Kingdom
505513,2010-04-22 14:57:00,1,4.95,14556,United Kingdom
505513,2010-04-22 14:57:00,1,0.65,14556,United Kingdom
505513,2010-04-22 14:57:00,1,1.25,14556,United Kingdom
505513,2010-04-22 14:57:00,1,2.1,14556,United Kingdom
505513,2010-04-22 14:57:00,1,1.45,14556,United Kingdom
505513,2010-04-22 14:57:00,1,2.1,14556,United Kingdom
505513,2010-04-22 14:57:00,1,2.95,14556,United Kingdom
505513,2010-04-22 14:57:00,1,2.1,14556,United Kingdom
505513,2010-04-22 14:57:00,1,1.65,14556,United Kingdom
505513,2010-04-22 14:57:00,1,1.65,14556,United Kingdom
505513,2010-04-22 14:57:00,1,1.25,14556,United Kingdom
505513,2010-04-22 14:57:00,1,2.95,14556,United Kingdom
505513,2010-04-22 14:57:00,1,2.95,14556,United Kingdom
505513,2010-04-22 14:57:00,1,2.55,14556,United Kingdom
505513,2010-04-22 14:57:00,1,2.95,14556,United Kingdom
505513,2010-04-22 14:57:00,1,2.1,14556,United Kingdom
505513,2010-04-22 14:57:00,1,2.95,14556,United Kingdom
505513,2010-04-22 14:57:00,1,4.95,14556,United Kingdom
505513,2010-04-22 14:57:00,2,1.65,14556,United Kingdom
505513,2010-04-22 14:57:00,1,10.65,14556,United Kingdom
505513,2010-04-22 14:57:00,1,1.25,14556,United Kingdom
505513,2010-04-22 14:57:00,1,1.25,14556,United Kingdom
505513,2010-04-22 14:57:00,1,2.1,14556,United Kingdom
505513,2010-04-22 14:57:00,1,1.25,14556,United Kingdom
505513,2010-04-22 14:57:00,1,1.25,14556,United Kingdom
505513,2010-04-22 14:57:00,6,1.65,14556,United Kingdom
505513,2010-04-22 14:57:00,1,12.75,14556,United Kingdom
505513,2010-04-22 14:57:00,1,1.25,14556,United Kingdom
505513,2010-04-22 14:57:00,1,1.25,14556,United Kingdom
505513,2010-04-22 14:57:00,1,1.95,14556,United Kingdom
505513,2010-04-22 14:57:00,4,1.25,14556,United Kingdom
505513,2010-04-22 14:57:00,1,2.55,14556,United Kingdom
505513,2010-04-22 14:57:00,1,2.95,14556,United Kingdom
505525,2010-04-22 17:01:00,100,1.45,14156,EIRE
505525,2010-04-22 17:01:00,500,0.21,14156,EIRE
505525,2010-04-22 17:01:00,32,8.5,14156,EIRE
505525,2010-04-22 17:01:00,200,0.72,14156,EIRE
505525,2010-04-22 17:01:00,12,8.5,14156,EIRE
505525,2010-04-22 17:01:00,12,9.95,14156,EIRE
505563,2010-04-23 10:37:00,1,12.75,16168,United Kingdom
505563,2010-04-23 10:37:00,32,2.55,16168,United Kingdom
505563,2010-04-23 10:37:00,6,6.35,16168,United Kingdom
505563,2010-04-23 10:37:00,6,1.25,16168,United Kingdom
505563,2010-04-23 10:37:00,8,4.95,16168,United Kingdom
505633,2010-04-23 13:00:00,1,1.25,14623,United Kingdom
505633,2010-04-23 13:00:00,1,1.25,14623,United Kingdom
505633,2010-04-23 13:00:00,1,1.25,14623,United Kingdom
505633,2010-04-23 13:00:00,1,5.95,14623,United Kingdom
505633,2010-04-23 13:00:00,1,2.1,14623,United Kingdom
505633,2010-04-23 13:00:00,1,1.25,14623,United Kingdom
505633,2010-04-23 13:00:00,18,1.45,14623,United Kingdom
505633,2010-04-23 13:00:00,1,6.45,14623,United Kingdom
505633,2010-04-23 13:00:00,1,0.65,14623,United Kingdom
505633,2010-04-23 13:00:00,1,1.25,14623,United Kingdom
505633,2010-04-23 13:00:00,1,1.25,14623,United Kingdom
505633,2010-04-23 13:00:00,1,2.1,14623,United Kingdom
505633,2010-04-23 13:00:00,1,1.25,14623,United Kingdom
505633,2010-04-23 13:00:00,1,1.25,14623,United Kingdom
505633,2010-04-23 13:00:00,1,0.85,14623,United Kingdom
505633,2010-04-23 13:00:00,1,0.55,14623,United Kingdom
505633,2010-04-23 13:00:00,3,0.85,14623,United Kingdom
505633,2010-04-23 13:00:00,18,1.45,14623,United Kingdom
505633,2010-04-23 13:00:00,6,0.65,14623,United Kingdom
505633,2010-04-23 13:00:00,2,1.25,14623,United Kingdom
505633,2010-04-23 13:00:00,2,2.1,14623,United Kingdom
505633,2010-04-23 13:00:00,3,0.85,14623,United Kingdom
505633,2010-04-23 13:00:00,6,0.65,14623,United Kingdom
505633,2010-04-23 13:00:00,1,2.1,14623,United Kingdom
505633,2010-04-23 13:00:00,2,1.25,14623,United Kingdom
505633,2010-04-23 13:00:00,1,1.25,14623,United Kingdom
505633,2010-04-23 13:00:00,1,1.25,14623,United Kingdom
505633,2010-04-23 13:00:00,1,0.55,14623,United Kingdom
505633,2010-04-23 13:00:00,1,0.55,14623,United Kingdom
505633,2010-04-23 13:00:00,6,0.65,14623,United Kingdom
505707,2010-04-25 12:11:00,4,4.25,14156,EIRE
505707,2010-04-25 12:11:00,4,4.25,14156,EIRE
505707,2010-04-25 12:11:00,3,4.95,14156,EIRE
505707,2010-04-25 12:11:00,24,0.55,14156,EIRE
505707,2010-04-25 12:11:00,6,2.55,14156,EIRE
505707,2010-04-25 12:11:00,6,3.45,14156,EIRE
505707,2010-04-25 12:11:00,3,4.95,14156,EIRE
505707,2010-04-25 12:11:00,4,3.75,14156,EIRE
505707,2010-04-25 12:11:00,6,3.75,14156,EIRE
505707,2010-04-25 12:11:00,8,1.65,14156,EIRE
505707,2010-04-25 12:11:00,12,0.85,14156,EIRE
505707,2010-04-25 12:11:00,6,2.1,14156,EIRE
505707,2010-04-25 12:11:00,2,7.49,14156,EIRE
505707,2010-04-25 12:11:00,12,2.1,14156,EIRE
505707,2010-04-25 12:11:00,8,1.95,14156,EIRE
505707,2010-04-25 12:11:00,6,3.75,14156,EIRE
505707,2010-04-25 12:11:00,6,3.75,14156,EIRE
505707,2010-04-25 12:11:00,6,3.75,14156,EIRE
505707,2010-04-25 12:11:00,6,2.1,14156,EIRE
505707,2010-04-25 12:11:00,4,3.75,14156,EIRE
505707,2010-04-25 12:11:00,8,1.95,14156,EIRE
505707,2010-04-25 12:11:00,6,3.75,14156,EIRE
505707,2010-04-25 12:11:00,6,3.75,14156,EIRE
505707,2010-04-25 12:11:00,2,7.49,14156,EIRE
505707,2010-04-25 12:11:00,2,7.49,14156,EIRE
505707,2010-04-25 12:11:00,2,7.49,14156,EIRE
505707,2010-04-25 12:11:00,2,7.49,14156,EIRE
505707,2010-04-25 12:11:00,48,0.55,14156,EIRE
505707,2010-04-25 12:11:00,1,16.95,14156,EIRE
505707,2010-04-25 12:11:00,8,1.95,14156,EIRE
505707,2010-04-25 12:11:00,2,12.75,14156,EIRE
505707,2010-04-25 12:11:00,4,10.95,14156,EIRE
505707,2010-04-25 12:11:00,6,3.75,14156,EIRE
505707,2010-04-25 12:11:00,24,1.25,14156,EIRE
505707,2010-04-25 12:11:00,6,10.75,14156,EIRE
505707,2010-04-25 12:11:00,10,1.25,14156,EIRE
505707,2010-04-25 12:11:00,12,5.95,14156,EIRE
505707,2010-04-25 12:11:00,6,2.55,14156,EIRE
505707,2010-04-25 12:11:00,2,12.75,14156,EIRE
505707,2010-04-25 12:11:00,16,10.95,14156,EIRE
505762,2010-04-26 10:22:00,2,8.5,17093,United Kingdom
505762,2010-04-26 10:22:00,8,2.1,17093,United Kingdom
505762,2010-04-26 10:22:00,12,1.25,17093,United Kingdom
505762,2010-04-26 10:22:00,10,1.95,17093,United Kingdom
505762,2010-04-26 10:22:00,2,6.75,17093,United Kingdom
505762,2010-04-26 10:22:00,12,1.25,17093,United Kingdom
505762,2010-04-26 10:22:00,6,7.95,17093,United Kingdom
505762,2010-04-26 10:22:00,6,2.95,17093,United Kingdom
505762,2010-04-26 10:22:00,12,0.85,17093,United Kingdom
505762,2010-04-26 10:22:00,12,1.25,17093,United Kingdom
505762,2010-04-26 10:22:00,12,0.65,17093,United Kingdom
505762,2010-04-26 10:22:00,12,1.69,17093,United Kingdom
505762,2010-04-26 10:22:00,8,2.55,17093,United Kingdom
505791,2010-04-26 11:07:00,6,1.65,16335,United Kingdom
505791,2010-04-26 11:07:00,2,1.25,16335,United Kingdom
505791,2010-04-26 11:07:00,6,1.25,16335,United Kingdom
505791,2010-04-26 11:07:00,4,1.25,16335,United Kingdom
505791,2010-04-26 11:07:00,2,7.49,16335,United Kingdom
505791,2010-04-26 11:07:00,1,4.25,16335,United Kingdom
505791,2010-04-26 11:07:00,1,2.55,16335,United Kingdom
505791,2010-04-26 11:07:00,3,3.75,16335,United Kingdom
505791,2010-04-26 11:07:00,3,3.75,16335,United Kingdom
505791,2010-04-26 11:07:00,2,3.75,16335,United Kingdom
505791,2010-04-26 11:07:00,1,1.25,16335,United Kingdom
505791,2010-04-26 11:07:00,3,1.25,16335,United Kingdom
505791,2010-04-26 11:07:00,4,1.65,16335,United Kingdom
505791,2010-04-26 11:07:00,1,1.25,16335,United Kingdom
505791,2010-04-26 11:07:00,4,2.1,16335,United Kingdom
505791,2010-04-26 11:07:00,2,2.1,16335,United Kingdom
505791,2010-04-26 11:07:00,1,5.95,16335,United Kingdom
505791,2010-04-26 11:07:00,1,5.95,16335,United Kingdom
505791,2010-04-26 11:07:00,2,4.95,16335,United Kingdom
505791,2010-04-26 11:07:00,6,1.65,16335,United Kingdom
505791,2010-04-26 11:07:00,2,1.25,16335,United Kingdom
505791,2010-04-26 11:07:00,6,1.25,16335,United Kingdom
505791,2010-04-26 11:07:00,2,4.95,16335,United Kingdom
505791,2010-04-26 11:07:00,1,1.95,16335,United Kingdom
505791,2010-04-26 11:07:00,2,1.25,16335,United Kingdom
505791,2010-04-26 11:07:00,1,0.85,16335,United Kingdom
505791,2010-04-26 11:07:00,3,0.55,16335,United Kingdom
505791,2010-04-26 11:07:00,3,0.55,16335,United Kingdom
505791,2010-04-26 11:07:00,4,0.55,16335,United Kingdom
505791,2010-04-26 11:07:00,2,0.55,16335,United Kingdom
505791,2010-04-26 11:07:00,1,0.55,16335,United Kingdom
505791,2010-04-26 11:07:00,2,2.1,16335,United Kingdom
505791,2010-04-26 11:07:00,1,3.95,16335,United Kingdom
505791,2010-04-26 11:07:00,2,3.95,16335,United Kingdom
505791,2010-04-26 11:07:00,1,1.65,16335,United Kingdom
505791,2010-04-26 11:07:00,2,1.65,16335,United Kingdom
505791,2010-04-26 11:07:00,2,1.65,16335,United Kingdom
505791,2010-04-26 11:07:00,4,1.25,16335,United Kingdom
505791,2010-04-26 11:07:00,2,0.55,16335,United Kingdom
505791,2010-04-26 11:07:00,8,0.55,16335,United Kingdom
505791,2010-04-26 11:07:00,6,0.55,16335,United Kingdom
505791,2010-04-26 11:07:00,1,0.55,16335,United Kingdom
505791,2010-04-26 11:07:00,2,0.55,16335,United Kingdom
505791,2010-04-26 11:07:00,1,1.25,16335,United Kingdom
505791,2010-04-26 11:07:00,3,1.25,16335,United Kingdom
505791,2010-04-26 11:08:00,2,0.95,16335,United Kingdom
505791,2010-04-26 11:08:00,2,1.65,16335,United Kingdom
505791,2010-04-26 11:08:00,1,3.75,16335,United Kingdom
505791,2010-04-26 11:08:00,1,7.49,16335,United Kingdom
505791,2010-04-26 11:08:00,1,7.49,16335,United Kingdom
505791,2010-04-26 11:08:00,1,3.75,16335,United Kingdom
506092,2010-04-27 12:15:00,2,1.25,17185,United Kingdom
506092,2010-04-27 12:15:00,3,3.75,17185,United Kingdom
506092,2010-04-27 12:15:00,3,3.75,17185,United Kingdom
506092,2010-04-27 12:15:00,4,3.75,17185,United Kingdom
506092,2010-04-27 12:15:00,1,3.75,17185,United Kingdom
506092,2010-04-27 12:15:00,7,0.85,17185,United Kingdom
506092,2010-04-27 12:15:00,5,0.85,17185,United Kingdom
506092,2010-04-27 12:15:00,4,0.85,17185,United Kingdom
506092,2010-04-27 12:15:00,5,0.85,17185,United Kingdom
506092,2010-04-27 12:15:00,2,1.25,17185,United Kingdom
506092,2010-04-27 12:15:00,5,1.25,17185,United Kingdom
506092,2010-04-27 12:15:00,1,1.25,17185,United Kingdom
506092,2010-04-27 12:15:00,2,0.85,17185,United Kingdom
506092,2010-04-27 12:15:00,2,1.69,17185,United Kingdom
506092,2010-04-27 12:15:00,2,1.69,17185,United Kingdom
506092,2010-04-27 12:15:00,2,1.69,17185,United Kingdom
506092,2010-04-27 12:15:00,2,1.25,17185,United Kingdom
506092,2010-04-27 12:15:00,2,1.25,17185,United Kingdom
506092,2010-04-27 12:15:00,1,2.1,17185,United Kingdom
506092,2010-04-27 12:15:00,2,0.85,17185,United Kingdom
506092,2010-04-27 12:15:00,2,2.1,17185,United Kingdom
506092,2010-04-27 12:15:00,2,2.1,17185,United Kingdom
506092,2010-04-27 12:15:00,3,1.69,17185,United Kingdom
506247,2010-04-28 13:24:00,1,0.85,18049,United Kingdom
506247,2010-04-28 13:24:00,1,4.95,18049,United Kingdom
506247,2010-04-28 13:24:00,1,7.49,18049,United Kingdom
506247,2010-04-28 13:24:00,1,0.85,18049,United Kingdom
506247,2010-04-28 13:24:00,1,0.85,18049,United Kingdom
506247,2010-04-28 13:24:00,1,2.1,18049,United Kingdom
506247,2010-04-28 13:24:00,1,2.95,18049,United Kingdom
506247,2010-04-28 13:24:00,1,2.1,18049,United Kingdom
506247,2010-04-28 13:24:00,1,1.95,18049,United Kingdom
506247,2010-04-28 13:24:00,1,0.29,18049,United Kingdom
506247,2010-04-28 13:24:00,2,1.65,18049,United Kingdom
506247,2010-04-28 13:24:00,1,2.1,18049,United Kingdom
506247,2010-04-28 13:24:00,1,2.95,18049,United Kingdom
506247,2010-04-28 13:24:00,1,1.65,18049,United Kingdom
506247,2010-04-28 13:24:00,1,2.55,18049,United Kingdom
506247,2010-04-28 13:24:00,3,0.29,18049,United Kingdom
506247,2010-04-28 13:24:00,2,1.25,18049,United Kingdom
506247,2010-04-28 13:24:00,2,1.25,18049,United Kingdom
506247,2010-04-28 13:24:00,2,1.25,18049,United Kingdom
506247,2010-04-28 13:24:00,1,2.95,18049,United Kingdom
506247,2010-04-28 13:24:00,16,0.42,18049,United Kingdom
506247,2010-04-28 13:24:00,1,14.95,18049,United Kingdom
506247,2010-04-28 13:24:00,1,2.55,18049,United Kingdom
506247,2010-04-28 13:24:00,1,0.85,18049,United Kingdom
506247,2010-04-28 13:24:00,1,0.42,18049,United Kingdom
506247,2010-04-28 13:24:00,1,1.45,18049,United Kingdom
506247,2010-04-28 13:24:00,1,1.25,18049,United Kingdom
506247,2010-04-28 13:24:00,1,0.42,18049,United Kingdom
506247,2010-04-28 13:24:00,1,2.55,18049,United Kingdom
506247,2010-04-28 13:24:00,1,2.55,18049,United Kingdom
506247,2010-04-28 13:24:00,1,9.95,18049,United Kingdom
506247,2010-04-28 13:24:00,1,2.95,18049,United Kingdom
506247,2010-04-28 13:24:00,1,1.95,18049,United Kingdom
506247,2010-04-28 13:24:00,1,2.25,18049,United Kingdom
506247,2010-04-28 13:24:00,2,1.25,18049,United Kingdom
506247,2010-04-28 13:24:00,1,1.65,18049,United Kingdom
506247,2010-04-28 13:24:00,1,1.95,18049,United Kingdom
506247,2010-04-28 13:24:00,2,0.42,18049,United Kingdom
506247,2010-04-28 13:24:00,1,3.25,18049,United Kingdom
506247,2010-04-28 13:24:00,1,3.75,18049,United Kingdom
506247,2010-04-28 13:24:00,1,0.42,18049,United Kingdom
506247,2010-04-28 13:24:00,2,0.21,18049,United Kingdom
506247,2010-04-28 13:24:00,1,3.75,18049,United Kingdom
506247,2010-04-28 13:24:00,1,4.25,18049,United Kingdom
506247,2010-04-28 13:24:00,3,0.85,18049,United Kingdom
506247,2010-04-28 13:24:00,1,1.65,18049,United Kingdom
506247,2010-04-28 13:24:00,3,1.65,18049,United Kingdom
506247,2010-04-28 13:24:00,4,0.29,18049,United Kingdom
506247,2010-04-28 13:24:00,1,1.25,18049,United Kingdom
506247,2010-04-28 13:24:00,1,3.75,18049,United Kingdom
506247,2010-04-28 13:24:00,1,4.95,18049,United Kingdom
506247,2010-04-28 13:24:00,1,1.95,18049,United Kingdom
506247,2010-04-28 13:24:00,24,0.75,18049,United Kingdom
506247,2010-04-28 13:24:00,2,1.25,18049,United Kingdom
506247,2010-04-28 13:24:00,1,1.65,18049,United Kingdom
506247,2010-04-28 13:24:00,1,2.55,18049,United Kingdom
506247,2010-04-28 13:24:00,1,1.65,18049,United Kingdom
506247,2010-04-28 13:24:00,12,1.25,18049,United Kingdom
506247,2010-04-28 13:24:00,1,1.95,18049,United Kingdom
506247,2010-04-28 13:24:00,24,2.95,18049,United Kingdom
506247,2010-04-28 13:24:00,1,12.75,18049,United Kingdom
506247,2010-04-28 13:24:00,1,1.65,18049,United Kingdom
506279,2010-04-28 15:54:00,16,0.65,13976,United Kingdom
506279,2010-04-28 15:54:00,6,2.55,13976,United Kingdom
506279,2010-04-28 15:54:00,1,9.95,13976,United Kingdom
506279,2010-04-28 15:54:00,6,2.95,13976,United Kingdom
506279,2010-04-28 15:54:00,2,9.95,13976,United Kingdom
506279,2010-04-28 15:54:00,1,12.75,13976,United Kingdom
506279,2010-04-28 15:54:00,12,0.85,13976,United Kingdom
506279,2010-04-28 15:54:00,2,10.65,13976,United Kingdom
506279,2010-04-28 15:54:00,5,3.75,13976,United Kingdom
506279,2010-04-28 15:54:00,24,1.25,13976,United Kingdom
506279,2010-04-28 15:54:00,6,3.75,13976,United Kingdom
506279,2010-04-28 15:54:00,2,7.49,13976,United Kingdom
506279,2010-04-28 15:54:00,2,7.49,13976,United Kingdom
506279,2010-04-28 15:54:00,6,6.45,13976,United Kingdom
506403,2010-04-29 13:41:00,1,1.95,16332,United Kingdom
506403,2010-04-29 13:41:00,3,2.95,16332,United Kingdom
506403,2010-04-29 13:41:00,10,1.65,16332,United Kingdom
506403,2010-04-29 13:41:00,10,1.65,16332,United Kingdom
506403,2010-04-29 13:41:00,6,1.25,16332,United Kingdom
506403,2010-04-29 13:41:00,12,0.75,16332,United Kingdom
506403,2010-04-29 13:41:00,1,1.25,16332,United Kingdom
506403,2010-04-29 13:41:00,2,4.95,16332,United Kingdom
506403,2010-04-29 13:41:00,1,16.95,16332,United Kingdom
506403,2010-04-29 13:41:00,6,2.95,16332,United Kingdom
506403,2010-04-29 13:41:00,1,1.65,16332,United Kingdom
506680,2010-05-02 10:49:00,6,2.95,14460,United Kingdom
506680,2010-05-02 10:49:00,6,2.25,14460,United Kingdom
506680,2010-05-02 10:49:00,24,1.45,14460,United Kingdom
506680,2010-05-02 10:49:00,24,0.65,14460,United Kingdom
506680,2010-05-02 10:49:00,24,1.25,14460,United Kingdom
506680,2010-05-02 10:49:00,12,1.25,14460,United Kingdom
506680,2010-05-02 10:49:00,25,0.42,14460,United Kingdom
506680,2010-05-02 10:49:00,12,0.42,14460,United Kingdom
506680,2010-05-02 10:49:00,25,0.42,14460,United Kingdom
506680,2010-05-02 10:49:00,12,1.25,14460,United Kingdom
506707,2010-05-02 14:49:00,2,6.35,14156,EIRE
506707,2010-05-02 14:49:00,10,0.85,14156,EIRE
506707,2010-05-02 14:49:00,10,0.85,14156,EIRE
506707,2010-05-02 14:49:00,10,1.25,14156,EIRE
506707,2010-05-02 14:49:00,10,1.25,14156,EIRE
506707,2010-05-02 14:49:00,12,2.95,14156,EIRE
506707,2010-05-02 14:49:00,12,1.65,14156,EIRE
506707,2010-05-02 14:49:00,5,4.65,14156,EIRE
506707,2010-05-02 14:49:00,3,5.45,14156,EIRE
506707,2010-05-02 14:49:00,12,3.75,14156,EIRE
506707,2010-05-02 14:49:00,3,5.45,14156,EIRE
506707,2010-05-02 14:49:00,12,2.55,14156,EIRE
506707,2010-05-02 14:49:00,6,5.95,14156,EIRE
506707,2010-05-02 14:49:00,10,1.65,14156,EIRE
506707,2010-05-02 14:49:00,10,1.65,14156,EIRE
506707,2010-05-02 14:49:00,10,1.65,14156,EIRE
506707,2010-05-02 14:49:00,10,1.65,14156,EIRE
506707,2010-05-02 14:49:00,10,1.65,14156,EIRE
506707,2010-05-02 14:49:00,96,0.72,14156,EIRE
506707,2010-05-02 14:49:00,10,1.65,14156,EIRE
506707,2010-05-02 14:49:00,144,0.55,14156,EIRE
506707,2010-05-02 14:49:00,12,2.95,14156,EIRE
506707,2010-05-02 14:49:00,12,1.25,14156,EIRE
506707,2010-05-02 14:49:00,12,1.25,14156,EIRE
506707,2010-05-02 14:49:00,3,4.95,14156,EIRE
506707,2010-05-02 14:49:00,12,2.95,14156,EIRE
506707,2010-05-02 14:49:00,12,1.25,14156,EIRE
506707,2010-05-02 14:49:00,24,0.85,14156,EIRE
506707,2010-05-02 14:49:00,16,10.95,14156,EIRE
506707,2010-05-02 14:49:00,12,1.65,14156,EIRE
506707,2010-05-02 14:49:00,3,4.95,14156,EIRE
506707,2010-05-02 14:49:00,12,2.95,14156,EIRE
506707,2010-05-02 14:49:00,6,2.95,14156,EIRE
506707,2010-05-02 14:49:00,6,3.75,14156,EIRE
506707,2010-05-02 14:49:00,6,2.95,14156,EIRE
506707,2010-05-02 14:49:00,6,2.95,14156,EIRE
506707,2010-05-02 14:49:00,12,1.65,14156,EIRE
506707,2010-05-02 14:49:00,12,1.65,14156,EIRE
506707,2010-05-02 14:49:00,12,1.65,14156,EIRE
506707,2010-05-02 14:49:00,12,1.25,14156,EIRE
506707,2010-05-02 14:49:00,12,1.25,14156,EIRE
506707,2010-05-02 14:49:00,10,1.25,14156,EIRE
506781,2010-05-04 12:16:00,2,12.75,14895,United Kingdom
506781,2010-05-04 12:16:00,12,2.55,14895,United Kingdom
506781,2010-05-04 12:16:00,12,2.55,14895,United Kingdom
506781,2010-05-04 12:16:00,24,0.55,14895,United Kingdom
506781,2010-05-04 12:16:00,24,0.55,14895,United Kingdom
506781,2010-05-04 12:16:00,12,2.95,14895,United Kingdom
506781,2010-05-04 12:16:00,24,0.85,14895,United Kingdom
506781,2010-05-04 12:16:00,12,1.95,14895,United Kingdom
506781,2010-05-04 12:16:00,12,1.69,14895,United Kingdom
506781,2010-05-04 12:16:00,12,2.1,14895,United Kingdom
506781,2010-05-04 12:16:00,2,16.95,14895,United Kingdom
506781,2010-05-04 12:16:00,8,3.75,14895,United Kingdom
506781,2010-05-04 12:16:00,24,2.55,14895,United Kingdom
506781,2010-05-04 12:16:00,4,7.49,14895,United Kingdom
506781,2010-05-04 12:16:00,12,5.95,14895,United Kingdom
506781,2010-05-04 12:16:00,12,5.55,14895,United Kingdom
506781,2010-05-04 12:16:00,12,6.95,14895,United Kingdom
506781,2010-05-04 12:16:00,4,12.75,14895,United Kingdom
506781,2010-05-04 12:16:00,6,12.75,14895,United Kingdom
506781,2010-05-04 12:16:00,12,1.65,14895,United Kingdom
506781,2010-05-04 12:16:00,12,1.25,14895,United Kingdom
506781,2010-05-04 12:16:00,4,8.5,14895,United Kingdom
506781,2010-05-04 12:16:00,6,7.49,14895,United Kingdom
506781,2010-05-04 12:16:00,24,1.69,14895,United Kingdom
506781,2010-05-04 12:16:00,24,1.25,14895,United Kingdom
506781,2010-05-04 12:16:00,4,12.75,14895,United Kingdom
506781,2010-05-04 12:16:00,12,1.25,14895,United Kingdom
506785,2010-05-04 12:18:00,12,1.25,14895,United Kingdom
506785,2010-05-04 12:18:00,10,1.65,14895,United Kingdom
506785,2010-05-04 12:18:00,2,12.75,14895,United Kingdom
506785,2010-05-04 12:18:00,6,6.95,14895,United Kingdom
506785,2010-05-04 12:18:00,4,2.95,14895,United Kingdom
506785,2010-05-04 12:18:00,4,2.95,14895,United Kingdom
506785,2010-05-04 12:18:00,4,2.95,14895,United Kingdom
506785,2010-05-04 12:18:00,12,1.25,14895,United Kingdom
506785,2010-05-04 12:18:00,4,4.95,14895,United Kingdom
506785,2010-05-04 12:18:00,2,8.5,14895,United Kingdom
506785,2010-05-04 12:18:00,3,9.95,14895,United Kingdom
506785,2010-05-04 12:18:00,4,3.75,14895,United Kingdom
506785,2010-05-04 12:18:00,12,1.25,14895,United Kingdom
506785,2010-05-04 12:18:00,12,1.25,14895,United Kingdom
506785,2010-05-04 12:18:00,12,1.25,14895,United Kingdom
506785,2010-05-04 12:18:00,2,8.5,14895,United Kingdom
506860,2010-05-04 14:51:00,4,7.95,18163,United Kingdom
506860,2010-05-04 14:51:00,4,4.95,18163,United Kingdom
506860,2010-05-04 14:51:00,5,4.65,18163,United Kingdom
506860,2010-05-04 14:51:00,36,0.85,18163,United Kingdom
506860,2010-05-04 14:51:00,24,0.85,18163,United Kingdom
506860,2010-05-04 14:51:00,24,1.25,18163,United Kingdom
506860,2010-05-04 14:51:00,8,2.55,18163,United Kingdom
506860,2010-05-04 14:51:00,12,1.65,18163,United Kingdom
506860,2010-05-04 14:51:00,8,2.55,18163,United Kingdom
506860,2010-05-04 14:51:00,4,9.95,18163,United Kingdom
506860,2010-05-04 14:51:00,24,1.25,18163,United Kingdom
506860,2010-05-04 14:51:00,12,1.95,18163,United Kingdom
506860,2010-05-04 14:51:00,24,0.65,18163,United Kingdom
506860,2010-05-04 14:51:00,24,1.25,18163,United Kingdom
506860,2010-05-04 14:51:00,3,5.95,18163,United Kingdom
506860,2010-05-04 14:51:00,12,1.25,18163,United Kingdom
506860,2010-05-04 14:51:00,48,0.29,18163,United Kingdom
506860,2010-05-04 14:51:00,6,2.95,18163,United Kingdom
506860,2010-05-04 14:51:00,6,4.95,18163,United Kingdom
506860,2010-05-04 14:51:00,6,2.1,18163,United Kingdom
506860,2010-05-04 14:51:00,3,10.95,18163,United Kingdom
506860,2010-05-04 14:51:00,2,6.75,18163,United Kingdom
506860,2010-05-04 14:51:00,48,0.29,18163,United Kingdom
506860,2010-05-04 14:51:00,12,1.25,18163,United Kingdom
506860,2010-05-04 14:51:00,12,2.1,18163,United Kingdom
506860,2010-05-04 14:51:00,32,0.65,18163,United Kingdom
506860,2010-05-04 14:51:00,8,3.25,18163,United Kingdom
506860,2010-05-04 14:51:00,3,5.95,18163,United Kingdom
506860,2010-05-04 14:51:00,2,9.95,18163,United Kingdom
506860,2010-05-04 14:51:00,2,12.75,18163,United Kingdom
506860,2010-05-04 14:51:00,2,7.95,18163,United Kingdom
506860,2010-05-04 14:51:00,12,1.95,18163,United Kingdom
506860,2010-05-04 14:51:00,20,0.85,18163,United Kingdom
507045,2010-05-06 07:48:00,24,0.42,16168,United Kingdom
507045,2010-05-06 07:48:00,2,12.75,16168,United Kingdom
507045,2010-05-06 07:48:00,48,1.85,16168,United Kingdom
507045,2010-05-06 07:48:00,6,2.95,16168,United Kingdom
507046,2010-05-06 07:49:00,2,14.95,16168,United Kingdom
507046,2010-05-06 07:49:00,2,19.95,16168,United Kingdom
507046,2010-05-06 07:49:00,4,8.5,16168,United Kingdom
507046,2010-05-06 07:49:00,12,1.25,16168,United Kingdom
507046,2010-05-06 07:49:00,2,12.75,16168,United Kingdom
507132,2010-05-06 12:29:00,12,1.65,13576,United Kingdom
507132,2010-05-06 12:29:00,24,1.69,13576,United Kingdom
507132,2010-05-06 12:29:00,18,1.69,13576,United Kingdom
507132,2010-05-06 12:29:00,24,1.45,13576,United Kingdom
507132,2010-05-06 12:29:00,4,4.95,13576,United Kingdom
507132,2010-05-06 12:29:00,60,0.38,13576,United Kingdom
507132,2010-05-06 12:29:00,12,0.38,13576,United Kingdom
507132,2010-05-06 12:29:00,12,0.38,13576,United Kingdom
507132,2010-05-06 12:29:00,24,0.08,13576,United Kingdom
507132,2010-05-06 12:29:00,3,5.95,13576,United Kingdom
507132,2010-05-06 12:29:00,16,0.85,13576,United Kingdom
507132,2010-05-06 12:29:00,12,1.25,13576,United Kingdom
507132,2010-05-06 12:29:00,3,5.95,13576,United Kingdom
507132,2010-05-06 12:29:00,12,0.55,13576,United Kingdom
507132,2010-05-06 12:29:00,18,2.1,13576,United Kingdom
507132,2010-05-06 12:29:00,2,7.95,13576,United Kingdom
507132,2010-05-06 12:29:00,1,10.95,13576,United Kingdom
507132,2010-05-06 12:29:00,12,1.25,13576,United Kingdom
507132,2010-05-06 12:29:00,12,0.55,13576,United Kingdom
507132,2010-05-06 12:29:00,4,5.95,13576,United Kingdom
507132,2010-05-06 12:29:00,12,1.25,13576,United Kingdom
507132,2010-05-06 12:29:00,48,3.39,13576,United Kingdom
507132,2010-05-06 12:29:00,48,2.1,13576,United Kingdom
507132,2010-05-06 12:29:00,12,1.69,13576,United Kingdom
507132,2010-05-06 12:29:00,12,1.25,13576,United Kingdom
507132,2010-05-06 12:29:00,12,2.1,13576,United Kingdom
507210,2010-05-06 17:22:00,5,1.25,14156,EIRE
507210,2010-05-06 17:22:00,4,12.75,14156,EIRE
507210,2010-05-06 17:22:00,4,2.55,14156,EIRE
507210,2010-05-06 17:22:00,6,0.42,14156,EIRE
507210,2010-05-06 17:22:00,8,0.42,14156,EIRE
507210,2010-05-06 17:22:00,3,12.75,14156,EIRE
507210,2010-05-06 17:22:00,4,1.25,14156,EIRE
507210,2010-05-06 17:22:00,6,0.85,14156,EIRE
507210,2010-05-06 17:22:00,5,1.25,14156,EIRE
507210,2010-05-06 17:22:00,2,0.85,14156,EIRE
507210,2010-05-06 17:22:00,6,1.25,14156,EIRE
507210,2010-05-06 17:22:00,7,1.65,14156,EIRE
507210,2010-05-06 17:22:00,5,2.55,14156,EIRE
507210,2010-05-06 17:22:00,2,6.75,14156,EIRE
507210,2010-05-06 17:22:00,32,2.1,14156,EIRE
507210,2010-05-06 17:22:00,4,1.25,14156,EIRE
507210,2010-05-06 17:22:00,2,10.75,14156,EIRE
507210,2010-05-06 17:22:00,4,2.95,14156,EIRE
507210,2010-05-06 17:22:00,48,1.25,14156,EIRE
507210,2010-05-06 17:22:00,6,0.85,14156,EIRE
507210,2010-05-06 17:22:00,10,1.25,14156,EIRE
507210,2010-05-06 17:22:00,10,1.25,14156,EIRE
507210,2010-05-06 17:22:00,4,12.75,14156,EIRE
507210,2010-05-06 17:22:00,4,2.95,14156,EIRE
507210,2010-05-06 17:22:00,4,1.95,14156,EIRE
507210,2010-05-06 17:22:00,6,2.1,14156,EIRE
507210,2010-05-06 17:22:00,7,2.1,14156,EIRE
507210,2010-05-06 17:22:00,6,2.1,14156,EIRE
507210,2010-05-06 17:22:00,6,1.25,14156,EIRE
507210,2010-05-06 17:22:00,8,2.55,14156,EIRE
507210,2010-05-06 17:22:00,8,2.55,14156,EIRE
507210,2010-05-06 17:22:00,24,0.85,14156,EIRE
507210,2010-05-06 17:22:00,30,1.25,14156,EIRE
507210,2010-05-06 17:22:00,8,2.55,14156,EIRE
507210,2010-05-06 17:22:00,2,10.75,14156,EIRE
507210,2010-05-06 17:22:00,4,3.75,14156,EIRE
507210,2010-05-06 17:22:00,48,0.65,14156,EIRE
507210,2010-05-06 17:22:00,12,3.35,14156,EIRE
507210,2010-05-06 17:22:00,30,0.21,14156,EIRE
507210,2010-05-06 17:22:00,56,0.21,14156,EIRE
507210,2010-05-06 17:22:00,5,1.65,14156,EIRE
507210,2010-05-06 17:22:00,6,2.55,14156,EIRE
507210,2010-05-06 17:22:00,6,2.55,14156,EIRE
507210,2010-05-06 17:22:00,6,1.25,14156,EIRE
507210,2010-05-06 17:22:00,12,1.25,14156,EIRE
507210,2010-05-06 17:22:00,6,1.65,14156,EIRE
507210,2010-05-06 17:22:00,12,0.85,14156,EIRE
507210,2010-05-06 17:22:00,12,0.85,14156,EIRE
507210,2010-05-06 17:22:00,12,0.85,14156,EIRE
507210,2010-05-06 17:22:00,12,0.85,14156,EIRE
507210,2010-05-06 17:22:00,1,8.5,14156,EIRE
507210,2010-05-06 17:22:00,1,8.5,14156,EIRE
507210,2010-05-06 17:22:00,5,2.95,14156,EIRE
507210,2010-05-06 17:22:00,12,7.95,14156,EIRE
507210,2010-05-06 17:22:00,12,1.65,14156,EIRE
507210,2010-05-06 17:22:00,12,1.65,14156,EIRE
507210,2010-05-06 17:22:00,2,4.95,14156,EIRE
507210,2010-05-06 17:22:00,24,1.25,14156,EIRE
507210,2010-05-06 17:22:00,6,1.25,14156,EIRE
507210,2010-05-06 17:22:00,12,0.29,14156,EIRE
507210,2010-05-06 17:22:00,11,1.25,14156,EIRE
507210,2010-05-06 17:22:00,24,0.29,14156,EIRE
507210,2010-05-06 17:22:00,24,0.29,14156,EIRE
507210,2010-05-06 17:22:00,24,0.29,14156,EIRE
507210,2010-05-06 17:22:00,24,0.29,14156,EIRE
507210,2010-05-06 17:22:00,24,0.29,14156,EIRE
507210,2010-05-06 17:22:00,48,0.65,14156,EIRE
507210,2010-05-06 17:22:00,48,0.65,14156,EIRE
507210,2010-05-06 17:22:00,48,0.65,14156,EIRE
507210,2010-05-06 17:22:00,12,1.95,14156,EIRE
507210,2010-05-06 17:22:00,24,0.85,14156,EIRE
507210,2010-05-06 17:22:00,2,16.95,14156,EIRE
507210,2010-05-06 17:22:00,6,0.85,14156,EIRE
507210,2010-05-06 17:22:00,5,1.65,14156,EIRE
507210,2010-05-06 17:22:00,10,3.75,14156,EIRE
507210,2010-05-06 17:22:00,6,1.65,14156,EIRE
507210,2010-05-06 17:22:00,6,1.65,14156,EIRE
507210,2010-05-06 17:22:00,12,1.25,14156,EIRE
507210,2010-05-06 17:22:00,6,1.25,14156,EIRE
507210,2010-05-06 17:22:00,6,2.95,14156,EIRE
507210,2010-05-06 17:22:00,4,4.95,14156,EIRE
507210,2010-05-06 17:22:00,6,1.65,14156,EIRE
507210,2010-05-06 17:22:00,1,8.5,14156,EIRE
507210,2010-05-06 17:22:00,2,8.5,14156,EIRE
507210,2010-05-06 17:22:00,12,1.65,14156,EIRE
507210,2010-05-06 17:22:00,6,3.75,14156,EIRE
507210,2010-05-06 17:22:00,2,4.95,14156,EIRE
507210,2010-05-06 17:22:00,36,0.85,14156,EIRE
507210,2010-05-06 17:22:00,6,1.25,14156,EIRE
507210,2010-05-06 17:22:00,8,1.25,14156,EIRE
507210,2010-05-06 17:22:00,5,1.65,14156,EIRE
507210,2010-05-06 17:22:00,5,2.1,14156,EIRE
507210,2010-05-06 17:22:00,12,1.95,14156,EIRE
507210,2010-05-06 17:22:00,12,2.55,14156,EIRE
507210,2010-05-06 17:22:00,24,1.95,14156,EIRE
507210,2010-05-06 17:22:00,2,7.95,14156,EIRE
507210,2010-05-06 17:22:00,1,29.95,14156,EIRE
507210,2010-05-06 17:22:00,4,7.49,14156,EIRE
507210,2010-05-06 17:22:00,4,7.49,14156,EIRE
507210,2010-05-06 17:22:00,4,7.49,14156,EIRE
507210,2010-05-06 17:22:00,4,7.49,14156,EIRE
507210,2010-05-06 17:22:00,4,7.49,14156,EIRE
507210,2010-05-06 17:22:00,8,1.25,14156,EIRE
507210,2010-05-06 17:22:00,8,0.85,14156,EIRE
507210,2010-05-06 17:22:00,12,0.85,14156,EIRE
507210,2010-05-06 17:22:00,24,1.65,14156,EIRE
507210,2010-05-06 17:22:00,8,1.65,14156,EIRE
507210,2010-05-06 17:22:00,12,2.95,14156,EIRE
507210,2010-05-06 17:22:00,24,0.55,14156,EIRE
507210,2010-05-06 17:22:00,24,0.55,14156,EIRE
507210,2010-05-06 17:22:00,1,8.5,14156,EIRE
507210,2010-05-06 17:22:00,12,0.85,14156,EIRE
507210,2010-05-06 17:22:00,4,2.95,14156,EIRE
507210,2010-05-06 17:22:00,4,9.95,14156,EIRE
507210,2010-05-06 17:22:00,4,4.25,14156,EIRE
507210,2010-05-06 17:22:00,2,8.5,14156,EIRE
507210,2010-05-06 17:22:00,2,12.75,14156,EIRE
507210,2010-05-06 17:22:00,12,0.85,14156,EIRE
507210,2010-05-06 17:22:00,12,2.95,14156,EIRE
507210,2010-05-06 17:22:00,12,1.25,14156,EIRE
507210,2010-05-06 17:22:00,12,1.25,14156,EIRE
507210,2010-05-06 17:22:00,12,0.85,14156,EIRE
507210,2010-05-06 17:22:00,12,1.65,14156,EIRE
507210,2010-05-06 17:22:00,4,4.95,14156,EIRE
507210,2010-05-06 17:22:00,4,4.95,14156,EIRE
507210,2010-05-06 17:22:00,4,4.95,14156,EIRE
507210,2010-05-06 17:22:00,4,4.95,14156,EIRE
507210,2010-05-06 17:22:00,2,6.75,14156,EIRE
507210,2010-05-06 17:22:00,5,1.95,14156,EIRE
507210,2010-05-06 17:22:00,12,2.95,14156,EIRE
507210,2010-05-06 17:22:00,2,2.95,14156,EIRE
507210,2010-05-06 17:22:00,4,1.95,14156,EIRE
507210,2010-05-06 17:22:00,2,3.75,14156,EIRE
507210,2010-05-06 17:22:00,2,3.75,14156,EIRE
507210,2010-05-06 17:22:00,2,2.95,14156,EIRE
507210,2010-05-06 17:22:00,2,2.95,14156,EIRE
507210,2010-05-06 17:22:00,2,3.75,14156,EIRE
507210,2010-05-06 17:22:00,2,2.95,14156,EIRE
507210,2010-05-06 17:22:00,4,2.1,14156,EIRE
507210,2010-05-06 17:22:00,6,4.65,14156,EIRE
507210,2010-05-06 17:22:00,4,5.95,14156,EIRE
507210,2010-05-06 17:22:00,6,8.95,14156,EIRE
507210,2010-05-06 17:22:00,6,1.95,14156,EIRE
507210,2010-05-06 17:22:00,4,2.1,14156,EIRE
507210,2010-05-06 17:22:00,6,1.95,14156,EIRE
507210,2010-05-06 17:22:00,6,1.95,14156,EIRE
507210,2010-05-06 17:22:00,2,1.45,14156,EIRE
507218,2010-05-06 19:08:00,12,0.42,14713,United Kingdom
507218,2010-05-06 19:08:00,2,2.95,14713,United Kingdom
507218,2010-05-06 19:08:00,4,3.75,14713,United Kingdom
507218,2010-05-06 19:08:00,3,1.65,14713,United Kingdom
507218,2010-05-06 19:08:00,4,3.75,14713,United Kingdom
507218,2010-05-06 19:08:00,2,2.55,14713,United Kingdom
507218,2010-05-06 19:08:00,1,5.95,14713,United Kingdom
507218,2010-05-06 19:08:00,2,0.2,14713,United Kingdom
507218,2010-05-06 19:08:00,2,12.75,14713,United Kingdom
507218,2010-05-06 19:08:00,1,0.85,14713,United Kingdom
507218,2010-05-06 19:08:00,1,2.1,14713,United Kingdom
507218,2010-05-06 19:08:00,4,2.1,14713,United Kingdom
507218,2010-05-06 19:08:00,5,2.1,14713,United Kingdom
507218,2010-05-06 19:08:00,4,0.85,14713,United Kingdom
507218,2010-05-06 19:08:00,4,0.85,14713,United Kingdom
507218,2010-05-06 19:08:00,25,0.42,14713,United Kingdom
507218,2010-05-06 19:08:00,6,1.25,14713,United Kingdom
507218,2010-05-06 19:08:00,3,1.65,14713,United Kingdom
507218,2010-05-06 19:08:00,3,1.95,14713,United Kingdom
507218,2010-05-06 19:08:00,3,1.25,14713,United Kingdom
507218,2010-05-06 19:08:00,6,1.65,14713,United Kingdom
507218,2010-05-06 19:08:00,6,1.95,14713,United Kingdom
507218,2010-05-06 19:08:00,4,1.95,14713,United Kingdom
507218,2010-05-06 19:08:00,4,1.95,14713,United Kingdom
507218,2010-05-06 19:08:00,6,0.85,14713,United Kingdom
507218,2010-05-06 19:08:00,3,1.25,14713,United Kingdom
507218,2010-05-06 19:08:00,6,0.85,14713,United Kingdom
507218,2010-05-06 19:08:00,7,0.55,14713,United Kingdom
507218,2010-05-06 19:08:00,12,0.42,14713,United Kingdom
507218,2010-05-06 19:08:00,6,0.85,14713,United Kingdom
507218,2010-05-06 19:08:00,1,1.95,14713,United Kingdom
507218,2010-05-06 19:08:00,3,2.95,14713,United Kingdom
507218,2010-05-06 19:08:00,1,2.55,14713,United Kingdom
507218,2010-05-06 19:08:00,10,0.85,14713,United Kingdom
507218,2010-05-06 19:08:00,3,0.85,14713,United Kingdom
507218,2010-05-06 19:08:00,3,1.25,14713,United Kingdom
507218,2010-05-06 19:08:00,6,0.55,14713,United Kingdom
507340,2010-05-07 15:09:00,100,1.65,15797,United Kingdom
507340,2010-05-07 15:09:00,80,1.85,15797,United Kingdom
507418,2010-05-09 14:52:00,6,4.25,17292,United Kingdom
507418,2010-05-09 14:52:00,72,1.06,17292,United Kingdom
507418,2010-05-09 14:52:00,5,4.65,17292,United Kingdom
507418,2010-05-09 14:52:00,12,0.42,17292,United Kingdom
507418,2010-05-09 14:52:00,1,3.75,17292,United Kingdom
507418,2010-05-09 14:52:00,1,7.49,17292,United Kingdom
507999,2010-05-12 11:45:00,6,4.25,12580,Germany
507999,2010-05-12 11:45:00,6,4.25,12580,Germany
507999,2010-05-12 11:45:00,10,1.95,12580,Germany
507999,2010-05-12 11:45:00,6,1.95,12580,Germany
507999,2010-05-12 11:45:00,6,1.95,12580,Germany
507999,2010-05-12 11:45:00,6,1.95,12580,Germany
507999,2010-05-12 11:45:00,10,1.95,12580,Germany
507999,2010-05-12 11:45:00,10,1.95,12580,Germany
507999,2010-05-12 11:45:00,10,1.95,12580,Germany
507999,2010-05-12 11:45:00,6,2.25,12580,Germany
507999,2010-05-12 11:45:00,12,1.25,12580,Germany
507999,2010-05-12 11:45:00,6,3.75,12580,Germany
507999,2010-05-12 11:45:00,6,2.95,12580,Germany
507999,2010-05-12 11:45:00,6,2.95,12580,Germany
507999,2010-05-12 11:45:00,3,18.0,12580,Germany
507999,2010-05-12 11:45:00,10,1.95,12580,Germany
507999,2010-05-12 11:45:00,12,1.65,12580,Germany
507999,2010-05-12 11:45:00,12,0.65,12580,Germany
507999,2010-05-12 11:45:00,12,1.65,12580,Germany
507999,2010-05-12 11:45:00,8,1.65,12580,Germany
507999,2010-05-12 11:45:00,10,1.95,12580,Germany
507999,2010-05-12 11:45:00,10,1.95,12580,Germany
507999,2010-05-12 11:45:00,10,1.95,12580,Germany
507999,2010-05-12 11:45:00,30,0.21,12580,Germany
507999,2010-05-12 11:45:00,12,1.65,12580,Germany
507999,2010-05-12 11:45:00,12,1.65,12580,Germany
507999,2010-05-12 11:45:00,12,1.65,12580,Germany
507999,2010-05-12 11:45:00,24,0.85,12580,Germany
507999,2010-05-12 11:45:00,12,1.25,12580,Germany
507999,2010-05-12 11:45:00,6,2.55,12580,Germany
507999,2010-05-12 11:45:00,6,3.75,12580,Germany
507999,2010-05-12 11:45:00,6,3.75,12580,Germany
507999,2010-05-12 11:45:00,6,3.75,12580,Germany
507999,2010-05-12 11:45:00,12,0.85,12580,Germany
508071,2010-05-12 15:41:00,108,0.21,17484,United Kingdom
508071,2010-05-12 15:41:00,48,0.29,17484,United Kingdom
508071,2010-05-12 15:41:00,48,0.29,17484,United Kingdom
508071,2010-05-12 15:41:00,12,0.42,17484,United Kingdom
508071,2010-05-12 15:41:00,12,0.42,17484,United Kingdom
508071,2010-05-12 15:41:00,12,0.42,17484,United Kingdom
508071,2010-05-12 15:41:00,48,0.21,17484,United Kingdom
508098,2010-05-13 09:33:00,576,0.72,14156,EIRE
508098,2010-05-13 09:33:00,12,6.95,14156,EIRE
508098,2010-05-13 09:33:00,10,6.35,14156,EIRE
508098,2010-05-13 09:33:00,10,6.35,14156,EIRE
508098,2010-05-13 09:33:00,10,6.35,14156,EIRE
508098,2010-05-13 09:33:00,10,6.35,14156,EIRE
508098,2010-05-13 09:33:00,12,1.25,14156,EIRE
508098,2010-05-13 09:33:00,12,1.25,14156,EIRE
508098,2010-05-13 09:33:00,36,0.65,14156,EIRE
508098,2010-05-13 09:33:00,12,1.45,14156,EIRE
508098,2010-05-13 09:33:00,12,1.45,14156,EIRE
508098,2010-05-13 09:33:00,12,1.45,14156,EIRE
508098,2010-05-13 09:33:00,12,1.45,14156,EIRE
508098,2010-05-13 09:33:00,12,2.95,14156,EIRE
508098,2010-05-13 09:33:00,12,1.45,14156,EIRE
508098,2010-05-13 09:33:00,48,2.95,14156,EIRE
508098,2010-05-13 09:33:00,12,8.5,14156,EIRE
508098,2010-05-13 09:33:00,12,4.95,14156,EIRE
508098,2010-05-13 09:33:00,48,0.42,14156,EIRE
508098,2010-05-13 09:33:00,48,0.85,14156,EIRE
508098,2010-05-13 09:33:00,10,6.35,14156,EIRE
508098,2010-05-13 09:33:00,12,1.45,14156,EIRE
508098,2010-05-13 09:33:00,12,1.45,14156,EIRE
508098,2010-05-13 09:33:00,12,6.35,14156,EIRE
508108,2010-05-13 10:42:00,10,1.95,15064,United Kingdom
508108,2010-05-13 10:42:00,1,50.0,15064,United Kingdom
508108,2010-05-13 10:42:00,2,12.75,15064,United Kingdom
508108,2010-05-13 10:42:00,1,10.95,15064,United Kingdom
508108,2010-05-13 10:42:00,2,6.75,15064,United Kingdom
508108,2010-05-13 10:42:00,10,1.65,15064,United Kingdom
508108,2010-05-13 10:42:00,6,2.95,15064,United Kingdom
508108,2010-05-13 10:42:00,24,0.85,15064,United Kingdom
508108,2010-05-13 10:42:00,10,1.95,15064,United Kingdom
508108,2010-05-13 10:42:00,10,0.85,15064,United Kingdom
508108,2010-05-13 10:42:00,6,2.95,15064,United Kingdom
508108,2010-05-13 10:42:00,4,3.75,15064,United Kingdom
508108,2010-05-13 10:42:00,4,3.75,15064,United Kingdom
508108,2010-05-13 10:42:00,12,1.25,15064,United Kingdom
508108,2010-05-13 10:42:00,6,2.55,15064,United Kingdom
508108,2010-05-13 10:42:00,25,0.42,15064,United Kingdom
508108,2010-05-13 10:42:00,12,0.42,15064,United Kingdom
508108,2010-05-13 10:42:00,25,0.42,15064,United Kingdom
508108,2010-05-13 10:42:00,6,2.95,15064,United Kingdom
508189,2010-05-13 13:11:00,6,0.65,14064,United Kingdom
508189,2010-05-13 13:11:00,3,0.85,14064,United Kingdom
508189,2010-05-13 13:11:00,6,1.45,14064,United Kingdom
508189,2010-05-13 13:11:00,72,0.42,14064,United Kingdom
508189,2010-05-13 13:11:00,105,0.42,14064,United Kingdom
508189,2010-05-13 13:11:00,2,2.1,14064,United Kingdom
508189,2010-05-13 13:11:00,6,1.25,14064,United Kingdom
508189,2010-05-13 13:11:00,3,2.95,14064,United Kingdom
508189,2010-05-13 13:11:00,12,0.85,14064,United Kingdom
508189,2010-05-13 13:11:00,4,0.42,14064,United Kingdom
508253,2010-05-14 10:50:00,12,4.95,13576,United Kingdom
508253,2010-05-14 10:50:00,12,1.65,13576,United Kingdom
508253,2010-05-14 10:50:00,8,1.95,13576,United Kingdom
508253,2010-05-14 10:50:00,12,0.55,13576,United Kingdom
508253,2010-05-14 10:50:00,48,0.85,13576,United Kingdom
508253,2010-05-14 10:50:00,12,4.95,13576,United Kingdom
508253,2010-05-14 10:50:00,12,3.95,13576,United Kingdom
508253,2010-05-14 10:50:00,16,1.25,13576,United Kingdom
508253,2010-05-14 10:50:00,12,1.65,13576,United Kingdom
508253,2010-05-14 10:50:00,10,1.25,13576,United Kingdom
508253,2010-05-14 10:50:00,3,4.95,13576,United Kingdom
508253,2010-05-14 10:50:00,3,4.95,13576,United Kingdom
508253,2010-05-14 10:50:00,6,2.55,13576,United Kingdom
508253,2010-05-14 10:50:00,6,3.25,13576,United Kingdom
508253,2010-05-14 10:50:00,12,3.95,13576,United Kingdom
508336,2010-05-14 12:06:00,2,9.95,16081,United Kingdom
508336,2010-05-14 12:06:00,1,4.95,16081,United Kingdom
508336,2010-05-14 12:06:00,2,1.65,16081,United Kingdom
508336,2010-05-14 12:06:00,2,1.25,16081,United Kingdom
508336,2010-05-14 12:06:00,2,3.75,16081,United Kingdom
508336,2010-05-14 12:06:00,2,1.25,16081,United Kingdom
508336,2010-05-14 12:06:00,12,0.42,16081,United Kingdom
508336,2010-05-14 12:06:00,3,4.95,16081,United Kingdom
508336,2010-05-14 12:06:00,1,1.25,16081,United Kingdom
508336,2010-05-14 12:06:00,1,3.75,16081,United Kingdom
508336,2010-05-14 12:06:00,2,1.45,16081,United Kingdom
508336,2010-05-14 12:06:00,2,1.45,16081,United Kingdom
508336,2010-05-14 12:06:00,4,2.95,16081,United Kingdom
508336,2010-05-14 12:06:00,1,6.95,16081,United Kingdom
508336,2010-05-14 12:06:00,3,0.85,16081,United Kingdom
508336,2010-05-14 12:06:00,1,2.55,16081,United Kingdom
508336,2010-05-14 12:06:00,4,1.49,16081,United Kingdom
508336,2010-05-14 12:06:00,3,1.25,16081,United Kingdom
508336,2010-05-14 12:06:00,1,2.55,16081,United Kingdom
508336,2010-05-14 12:06:00,2,0.85,16081,United Kingdom
508336,2010-05-14 12:06:00,2,1.25,16081,United Kingdom
508336,2010-05-14 12:06:00,2,1.95,16081,United Kingdom
508336,2010-05-14 12:06:00,1,1.95,16081,United Kingdom
508336,2010-05-14 12:06:00,2,1.25,16081,United Kingdom
508336,2010-05-14 12:06:00,1,3.75,16081,United Kingdom
508336,2010-05-14 12:06:00,2,2.55,16081,United Kingdom
508336,2010-05-14 12:06:00,4,0.85,16081,United Kingdom
508336,2010-05-14 12:06:00,1,3.75,16081,United Kingdom
508336,2010-05-14 12:06:00,2,3.75,16081,United Kingdom
508336,2010-05-14 12:06:00,2,2.55,16081,United Kingdom
508336,2010-05-14 12:06:00,1,2.55,16081,United Kingdom
508336,2010-05-14 12:06:00,1,1.25,16081,United Kingdom
508336,2010-05-14 12:06:00,5,2.95,16081,United Kingdom
508492,2010-05-16 13:23:00,1,19.95,14264,United Kingdom
508492,2010-05-16 13:23:00,6,5.95,14264,United Kingdom
508492,2010-05-16 13:23:00,4,4.95,14264,United Kingdom
508492,2010-05-16 13:23:00,12,1.65,14264,United Kingdom
508492,2010-05-16 13:23:00,3,5.95,14264,United Kingdom
508492,2010-05-16 13:23:00,24,0.85,14264,United Kingdom
508492,2010-05-16 13:23:00,32,0.65,14264,United Kingdom
508492,2010-05-16 13:23:00,2,7.49,14264,United Kingdom
508492,2010-05-16 13:23:00,2,7.49,14264,United Kingdom
508522,2010-05-17 10:14:00,12,1.95,15673,United Kingdom
508522,2010-05-17 10:14:00,48,0.29,15673,United Kingdom
508522,2010-05-17 10:14:00,24,0.95,15673,United Kingdom
508522,2010-05-17 10:14:00,12,1.65,15673,United Kingdom
508522,2010-05-17 10:14:00,12,1.65,15673,United Kingdom
508522,2010-05-17 10:14:00,24,8.5,15673,United Kingdom
508522,2010-05-17 10:14:00,12,1.45,15673,United Kingdom
508522,2010-05-17 10:14:00,12,2.1,15673,United Kingdom
508522,2010-05-17 10:14:00,8,0.85,15673,United Kingdom
508522,2010-05-17 10:14:00,48,1.06,15673,United Kingdom
508522,2010-05-17 10:14:00,8,9.95,15673,United Kingdom
508522,2010-05-17 10:14:00,12,2.95,15673,United Kingdom
508522,2010-05-17 10:14:00,12,2.95,15673,United Kingdom
508522,2010-05-17 10:14:00,12,1.65,15673,United Kingdom
508522,2010-05-17 10:14:00,10,1.65,15673,United Kingdom
508522,2010-05-17 10:14:00,12,0.85,15673,United Kingdom
508522,2010-05-17 10:14:00,9,5.95,15673,United Kingdom
508522,2010-05-17 10:14:00,3,5.95,15673,United Kingdom
508522,2010-05-17 10:14:00,24,0.85,15673,United Kingdom
508522,2010-05-17 10:14:00,6,5.95,15673,United Kingdom
508615,2010-05-17 13:22:00,12,1.25,14156,EIRE
508615,2010-05-17 13:22:00,12,1.65,14156,EIRE
508615,2010-05-17 13:22:00,4,7.49,14156,EIRE
508615,2010-05-17 13:22:00,4,7.49,14156,EIRE
508615,2010-05-17 13:22:00,4,7.49,14156,EIRE
508615,2010-05-17 13:22:00,10,1.95,14156,EIRE
508615,2010-05-17 13:22:00,10,1.65,14156,EIRE
508615,2010-05-17 13:22:00,10,1.65,14156,EIRE
508615,2010-05-17 13:22:00,12,1.25,14156,EIRE
508615,2010-05-17 13:22:00,120,0.12,14156,EIRE
508615,2010-05-17 13:22:00,6,3.25,14156,EIRE
508615,2010-05-17 13:22:00,10,1.95,14156,EIRE
508615,2010-05-17 13:22:00,4,3.75,14156,EIRE
508615,2010-05-17 13:22:00,24,0.42,14156,EIRE
508615,2010-05-17 13:22:00,8,2.55,14156,EIRE
508615,2010-05-17 13:22:00,8,2.55,14156,EIRE
508615,2010-05-17 13:22:00,6,2.95,14156,EIRE
508615,2010-05-17 13:22:00,4,7.49,14156,EIRE
508615,2010-05-17 13:22:00,12,0.85,14156,EIRE
508615,2010-05-17 13:22:00,16,1.25,14156,EIRE
508615,2010-05-17 13:22:00,3,4.95,14156,EIRE
508615,2010-05-17 13:22:00,24,0.55,14156,EIRE
508615,2010-05-17 13:22:00,10,0.85,14156,EIRE
508615,2010-05-17 13:22:00,10,0.85,14156,EIRE
508615,2010-05-17 13:22:00,10,0.85,14156,EIRE
508615,2010-05-17 13:22:00,6,2.95,14156,EIRE
508615,2010-05-17 13:22:00,12,0.85,14156,EIRE
508615,2010-05-17 13:22:00,5,2.1,14156,EIRE
508615,2010-05-17 13:22:00,6,2.95,14156,EIRE
508615,2010-05-17 13:22:00,6,2.1,14156,EIRE
508615,2010-05-17 13:22:00,12,0.85,14156,EIRE
508615,2010-05-17 13:22:00,2,9.95,14156,EIRE
508615,2010-05-17 13:22:00,2,8.5,14156,EIRE
508615,2010-05-17 13:22:00,2,8.5,14156,EIRE
508615,2010-05-17 13:22:00,2,9.95,14156,EIRE
508615,2010-05-17 13:22:00,3,4.95,14156,EIRE
508615,2010-05-17 13:22:00,36,0.85,14156,EIRE
508615,2010-05-17 13:22:00,10,1.25,14156,EIRE
508615,2010-05-17 13:22:00,6,2.95,14156,EIRE
508615,2010-05-17 13:22:00,3,4.95,14156,EIRE
508615,2010-05-17 13:22:00,4,3.75,14156,EIRE
508615,2010-05-17 13:22:00,4,4.95,14156,EIRE
508615,2010-05-17 13:22:00,6,2.95,14156,EIRE
508615,2010-05-17 13:22:00,6,5.95,14156,EIRE
508615,2010-05-17 13:22:00,10,1.95,14156,EIRE
508615,2010-05-17 13:22:00,3,3.25,14156,EIRE
508615,2010-05-17 13:22:00,4,3.75,14156,EIRE
508615,2010-05-17 13:22:00,4,3.75,14156,EIRE
508615,2010-05-17 13:22:00,4,3.75,14156,EIRE
508615,2010-05-17 13:22:00,12,1.25,14156,EIRE
508615,2010-05-17 13:22:00,2,6.75,14156,EIRE
508615,2010-05-17 13:22:00,3,5.95,14156,EIRE
508615,2010-05-17 13:22:00,6,2.95,14156,EIRE
508615,2010-05-17 13:22:00,6,3.25,14156,EIRE
508615,2010-05-17 13:22:00,6,3.25,14156,EIRE
508615,2010-05-17 13:22:00,4,3.75,14156,EIRE
508900,2010-05-19 08:41:00,2,7.49,16835,United Kingdom
508900,2010-05-19 08:41:00,3,4.95,16835,United Kingdom
508900,2010-05-19 08:41:00,3,4.95,16835,United Kingdom
508900,2010-05-19 08:41:00,8,1.45,16835,United Kingdom
508900,2010-05-19 08:41:00,4,2.95,16835,United Kingdom
508900,2010-05-19 08:41:00,6,2.55,16835,United Kingdom
508900,2010-05-19 08:41:00,6,2.55,16835,United Kingdom
508900,2010-05-19 08:41:00,6,3.75,16835,United Kingdom
508900,2010-05-19 08:41:00,6,2.1,16835,United Kingdom
508900,2010-05-19 08:41:00,4,4.25,16835,United Kingdom
508900,2010-05-19 08:41:00,12,1.25,16835,United Kingdom
508900,2010-05-19 08:41:00,6,1.65,16835,United Kingdom
508900,2010-05-19 08:41:00,2,5.95,16835,United Kingdom
508900,2010-05-19 08:41:00,6,1.95,16835,United Kingdom
508900,2010-05-19 08:41:00,6,2.1,16835,United Kingdom
508900,2010-05-19 08:41:00,12,1.25,16835,United Kingdom
508900,2010-05-19 08:41:00,3,4.95,16835,United Kingdom
508900,2010-05-19 08:41:00,6,2.95,16835,United Kingdom
508900,2010-05-19 08:41:00,6,2.1,16835,United Kingdom
508900,2010-05-19 08:41:00,6,2.1,16835,United Kingdom
508900,2010-05-19 08:41:00,4,4.25,16835,United Kingdom
509039,2010-05-20 09:55:00,3,4.95,14156,EIRE
509039,2010-05-20 09:55:00,4,3.75,14156,EIRE
509039,2010-05-20 09:55:00,12,1.25,14156,EIRE
509039,2010-05-20 09:55:00,6,1.95,14156,EIRE
509039,2010-05-20 09:55:00,3,5.95,14156,EIRE
509039,2010-05-20 09:55:00,2,7.95,14156,EIRE
509039,2010-05-20 09:55:00,6,3.75,14156,EIRE
509039,2010-05-20 09:55:00,2,7.95,14156,EIRE
509039,2010-05-20 09:55:00,6,2.55,14156,EIRE
509039,2010-05-20 09:55:00,12,1.25,14156,EIRE
509039,2010-05-20 09:55:00,1,50.0,14156,EIRE
509039,2010-05-20 09:55:00,6,1.95,14156,EIRE
509039,2010-05-20 09:55:00,2,7.95,14156,EIRE
509039,2010-05-20 09:55:00,2,8.5,14156,EIRE
509039,2010-05-20 09:55:00,12,1.25,14156,EIRE
509039,2010-05-20 09:55:00,12,0.85,14156,EIRE
509039,2010-05-20 09:55:00,12,0.85,14156,EIRE
509039,2010-05-20 09:55:00,6,2.1,14156,EIRE
509039,2010-05-20 09:55:00,2,14.95,14156,EIRE
509039,2010-05-20 09:55:00,2,19.95,14156,EIRE
509039,2010-05-20 09:55:00,6,2.95,14156,EIRE
509046,2010-05-20 10:37:00,2,4.65,15777,United Kingdom
509198,2010-05-21 08:21:00,12,1.25,14156,EIRE
509198,2010-05-21 08:21:00,2,12.75,14156,EIRE
509198,2010-05-21 08:21:00,18,5.95,14156,EIRE
509198,2010-05-21 08:21:00,18,2.95,14156,EIRE
509198,2010-05-21 08:21:00,6,3.25,14156,EIRE
509198,2010-05-21 08:21:00,12,5.95,14156,EIRE
509198,2010-05-21 08:21:00,6,5.95,14156,EIRE
509198,2010-05-21 08:21:00,8,34.95,14156,EIRE
509198,2010-05-21 08:21:00,10,1.25,14156,EIRE
509198,2010-05-21 08:21:00,12,2.95,14156,EIRE
509198,2010-05-21 08:21:00,12,5.95,14156,EIRE
509198,2010-05-21 08:21:00,3,5.95,14156,EIRE
509198,2010-05-21 08:21:00,6,6.75,14156,EIRE
509198,2010-05-21 08:21:00,12,2.95,14156,EIRE
509198,2010-05-21 08:21:00,6,7.95,14156,EIRE
509198,2010-05-21 08:21:00,12,2.95,14156,EIRE
509198,2010-05-21 08:21:00,8,4.95,14156,EIRE
509198,2010-05-21 08:21:00,72,0.65,14156,EIRE
509198,2010-05-21 08:21:00,4,3.75,14156,EIRE
509198,2010-05-21 08:21:00,6,2.1,14156,EIRE
509198,2010-05-21 08:21:00,6,2.1,14156,EIRE
509198,2010-05-21 08:21:00,6,7.95,14156,EIRE
509198,2010-05-21 08:21:00,12,1.65,14156,EIRE
509198,2010-05-21 08:21:00,6,2.1,14156,EIRE
509390,2010-05-21 17:22:00,12,0.42,17898,United Kingdom
509390,2010-05-21 17:22:00,1,3.75,17898,United Kingdom
509390,2010-05-21 17:22:00,1,3.75,17898,United Kingdom
509390,2010-05-21 17:22:00,1,0.65,17898,United Kingdom
509390,2010-05-21 17:22:00,12,0.42,17898,United Kingdom
509390,2010-05-21 17:22:00,1,4.95,17898,United Kingdom
509390,2010-05-21 17:22:00,2,1.45,17898,United Kingdom
509390,2010-05-21 17:22:00,2,3.75,17898,United Kingdom
509390,2010-05-21 17:22:00,1,2.95,17898,United Kingdom
509390,2010-05-21 17:22:00,1,15.95,17898,United Kingdom
509390,2010-05-21 17:22:00,2,9.95,17898,United Kingdom
509390,2010-05-21 17:22:00,3,8.5,17898,United Kingdom
509390,2010-05-21 17:22:00,2,8.5,17898,United Kingdom
509401,2010-05-23 11:24:00,2,9.95,16702,United Kingdom
509401,2010-05-23 11:24:00,3,4.95,16702,United Kingdom
509401,2010-05-23 11:24:00,2,8.5,16702,United Kingdom
509401,2010-05-23 11:24:00,3,12.75,16702,United Kingdom
509401,2010-05-23 11:24:00,3,4.95,16702,United Kingdom
509401,2010-05-23 11:24:00,4,4.25,16702,United Kingdom
509401,2010-05-23 11:24:00,2,9.95,16702,United Kingdom
509401,2010-05-23 11:24:00,2,8.5,16702,United Kingdom
509401,2010-05-23 11:24:00,2,12.75,16702,United Kingdom
509401,2010-05-23 11:24:00,2,15.95,16702,United Kingdom
509401,2010-05-23 11:24:00,2,9.95,16702,United Kingdom
509401,2010-05-23 11:24:00,4,4.25,16702,United Kingdom
509401,2010-05-23 11:24:00,2,8.5,16702,United Kingdom
509401,2010-05-23 11:24:00,2,9.95,16702,United Kingdom
509401,2010-05-23 11:24:00,2,9.95,16702,United Kingdom
509401,2010-05-23 11:24:00,2,8.5,16702,United Kingdom
509462,2010-05-24 10:53:00,32,0.65,16168,United Kingdom
509462,2010-05-24 10:53:00,4,4.25,16168,United Kingdom
509462,2010-05-24 10:53:00,12,1.25,16168,United Kingdom
509462,2010-05-24 10:53:00,4,4.95,16168,United Kingdom
509462,2010-05-24 10:53:00,2,7.95,16168,United Kingdom
509462,2010-05-24 10:53:00,4,3.75,16168,United Kingdom
510182,2010-05-27 15:51:00,6,2.1,15985,United Kingdom
510182,2010-05-27 15:51:00,8,2.55,15985,United Kingdom
510182,2010-05-27 15:51:00,8,2.55,15985,United Kingdom
510182,2010-05-27 15:51:00,6,2.95,15985,United Kingdom
510182,2010-05-27 15:51:00,6,2.95,15985,United Kingdom
510182,2010-05-27 15:51:00,6,2.95,15985,United Kingdom
510182,2010-05-27 15:51:00,12,0.55,15985,United Kingdom
510182,2010-05-27 15:51:00,12,0.55,15985,United Kingdom
510182,2010-05-27 15:51:00,8,2.1,15985,United Kingdom
510182,2010-05-27 15:51:00,12,1.25,15985,United Kingdom
510182,2010-05-27 15:51:00,12,1.25,15985,United Kingdom
510182,2010-05-27 15:51:00,6,2.1,15985,United Kingdom
510182,2010-05-27 15:51:00,288,0.21,15985,United Kingdom
510182,2010-05-27 15:51:00,24,0.42,15985,United Kingdom
510182,2010-05-27 15:51:00,6,1.95,15985,United Kingdom
510182,2010-05-27 15:51:00,24,0.65,15985,United Kingdom
510182,2010-05-27 15:51:00,24,0.65,15985,United Kingdom
510182,2010-05-27 15:51:00,20,1.65,15985,United Kingdom
510182,2010-05-27 15:51:00,12,1.25,15985,United Kingdom
510182,2010-05-27 15:51:00,48,0.42,15985,United Kingdom
510182,2010-05-27 15:51:00,288,0.21,15985,United Kingdom
510182,2010-05-27 15:51:00,48,0.29,15985,United Kingdom
510182,2010-05-27 15:51:00,12,1.65,15985,United Kingdom
510182,2010-05-27 15:51:00,20,1.65,15985,United Kingdom
510188,2010-05-27 16:54:00,25,0.42,12854,United Kingdom
510188,2010-05-27 16:54:00,2,5.95,12854,United Kingdom
510188,2010-05-27 16:54:00,1,0.95,12854,United Kingdom
510188,2010-05-27 16:54:00,2,4.95,12854,United Kingdom
510188,2010-05-27 16:54:00,25,0.42,12854,United Kingdom
510188,2010-05-27 16:54:00,25,0.42,12854,United Kingdom
510188,2010-05-27 16:54:00,25,0.42,12854,United Kingdom
510188,2010-05-27 16:54:00,25,0.42,12854,United Kingdom
510188,2010-05-27 16:54:00,6,1.45,12854,United Kingdom
510188,2010-05-27 16:54:00,2,5.95,12854,United Kingdom
510188,2010-05-27 16:54:00,2,5.95,12854,United Kingdom
510188,2010-05-27 16:54:00,1,6.95,12854,United Kingdom
510188,2010-05-27 16:54:00,6,2.1,12854,United Kingdom
510188,2010-05-27 16:54:00,6,2.95,12854,United Kingdom
510188,2010-05-27 16:54:00,12,1.69,12854,United Kingdom
510188,2010-05-27 16:54:00,12,0.65,12854,United Kingdom
510188,2010-05-27 16:54:00,4,2.95,12854,United Kingdom
510188,2010-05-27 16:54:00,6,1.25,12854,United Kingdom
510188,2010-05-27 16:54:00,1,4.95,12854,United Kingdom
510188,2010-05-27 16:54:00,2,5.95,12854,United Kingdom
510188,2010-05-27 16:54:00,6,2.95,12854,United Kingdom
510188,2010-05-27 16:54:00,12,0.85,12854,United Kingdom
510188,2010-05-27 16:54:00,4,4.65,12854,United Kingdom
510188,2010-05-27 16:54:00,4,4.65,12854,United Kingdom
510188,2010-05-27 16:54:00,6,5.45,12854,United Kingdom
510188,2010-05-27 16:54:00,6,1.25,12854,United Kingdom
510188,2010-05-27 16:54:00,6,0.85,12854,United Kingdom
510188,2010-05-27 16:54:00,4,1.65,12854,United Kingdom
510188,2010-05-27 16:54:00,2,2.95,12854,United Kingdom
510188,2010-05-27 16:54:00,6,1.25,12854,United Kingdom
510188,2010-05-27 16:54:00,4,2.1,12854,United Kingdom
510188,2010-05-27 16:54:00,6,2.95,12854,United Kingdom
510188,2010-05-27 16:54:00,1,12.75,12854,United Kingdom
510188,2010-05-27 16:54:00,2,3.95,12854,United Kingdom
510188,2010-05-27 16:54:00,1,6.95,12854,United Kingdom
510188,2010-05-27 16:54:00,1,4.95,12854,United Kingdom
510188,2010-05-27 16:54:00,6,1.65,12854,United Kingdom
510188,2010-05-27 16:54:00,6,2.1,12854,United Kingdom
510188,2010-05-27 16:54:00,2,3.95,12854,United Kingdom
510348,2010-05-28 14:22:00,120,0.38,12643,France
510348,2010-05-28 14:22:00,120,0.38,12643,France
510775,2010-06-03 14:44:00,2,5.95,14156,EIRE
510775,2010-06-03 14:44:00,12,1.65,14156,EIRE
510775,2010-06-03 14:44:00,12,1.25,14156,EIRE
510775,2010-06-03 14:44:00,16,1.65,14156,EIRE
510775,2010-06-03 14:44:00,12,1.95,14156,EIRE
510775,2010-06-03 14:44:00,10,4.65,14156,EIRE
510775,2010-06-03 14:44:00,12,2.95,14156,EIRE
510775,2010-06-03 14:44:00,8,7.65,14156,EIRE
510775,2010-06-03 14:44:00,12,5.95,14156,EIRE
510775,2010-06-03 14:44:00,12,1.95,14156,EIRE
510775,2010-06-03 14:44:00,12,2.1,14156,EIRE
510775,2010-06-03 14:44:00,12,2.1,14156,EIRE
510775,2010-06-03 14:44:00,24,10.95,14156,EIRE
510775,2010-06-03 14:44:00,6,6.45,14156,EIRE
510775,2010-06-03 14:44:00,12,0.85,14156,EIRE
510775,2010-06-03 14:44:00,6,3.75,14156,EIRE
510775,2010-06-03 14:44:00,10,1.25,14156,EIRE
510775,2010-06-03 14:44:00,2,6.75,14156,EIRE
510775,2010-06-03 14:44:00,12,2.55,14156,EIRE
510775,2010-06-03 14:44:00,12,1.65,14156,EIRE
510775,2010-06-03 14:44:00,12,1.25,14156,EIRE
510775,2010-06-03 14:44:00,24,0.55,14156,EIRE
510775,2010-06-03 14:44:00,12,2.1,14156,EIRE
510775,2010-06-03 14:44:00,24,0.55,14156,EIRE
510775,2010-06-03 14:44:00,6,6.95,14156,EIRE
510775,2010-06-03 14:44:00,12,9.95,14156,EIRE
510775,2010-06-03 14:44:00,8,3.75,14156,EIRE
510775,2010-06-03 14:44:00,6,3.75,14156,EIRE
510775,2010-06-03 14:44:00,4,3.75,14156,EIRE
510775,2010-06-03 14:44:00,4,9.95,14156,EIRE
510796,2010-06-03 16:52:00,2,2.1,14713,United Kingdom
510796,2010-06-03 16:52:00,2,0.85,14713,United Kingdom
510796,2010-06-03 16:52:00,2,0.85,14713,United Kingdom
510796,2010-06-03 16:52:00,2,2.1,14713,United Kingdom
510796,2010-06-03 16:52:00,2,2.1,14713,United Kingdom
510796,2010-06-03 16:52:00,2,1.95,14713,United Kingdom
510796,2010-06-03 16:52:00,3,2.55,14713,United Kingdom
510796,2010-06-03 16:52:00,4,1.95,14713,United Kingdom
510796,2010-06-03 16:52:00,6,1.25,14713,United Kingdom
510796,2010-06-03 16:52:00,6,0.85,14713,United Kingdom
510796,2010-06-03 16:52:00,4,1.95,14713,United Kingdom
510796,2010-06-03 16:52:00,3,2.55,14713,United Kingdom
510796,2010-06-03 16:52:00,2,0.85,14713,United Kingdom
510796,2010-06-03 16:52:00,4,1.95,14713,United Kingdom
510796,2010-06-03 16:52:00,6,1.65,14713,United Kingdom
510796,2010-06-03 16:52:00,2,1.95,14713,United Kingdom
510796,2010-06-03 16:52:00,6,1.65,14713,United Kingdom
510796,2010-06-03 16:52:00,6,1.65,14713,United Kingdom
510796,2010-06-03 16:52:00,12,1.95,14713,United Kingdom
510796,2010-06-03 16:52:00,2,2.55,14713,United Kingdom
510796,2010-06-03 16:52:00,3,2.95,14713,United Kingdom
510796,2010-06-03 16:52:00,25,0.42,14713,United Kingdom
510796,2010-06-03 16:52:00,3,2.95,14713,United Kingdom
510796,2010-06-03 16:52:00,6,0.85,14713,United Kingdom
510796,2010-06-03 16:52:00,3,1.95,14713,United Kingdom
510796,2010-06-03 16:52:00,2,3.75,14713,United Kingdom
510796,2010-06-03 16:52:00,2,1.95,14713,United Kingdom
510796,2010-06-03 16:52:00,6,0.42,14713,United Kingdom
510796,2010-06-03 16:52:00,12,1.25,14713,United Kingdom
510796,2010-06-03 16:52:00,12,1.65,14713,United Kingdom
510796,2010-06-03 16:52:00,6,1.65,14713,United Kingdom
510796,2010-06-03 16:52:00,3,3.75,14713,United Kingdom
510824,2010-06-03 19:57:00,1,15.0,12643,France
511046,2010-06-06 11:35:00,3,3.75,16335,United Kingdom
511046,2010-06-06 11:35:00,2,10.75,16335,United Kingdom
511046,2010-06-06 11:35:00,4,1.45,16335,United Kingdom
511046,2010-06-06 11:35:00,4,1.45,16335,United Kingdom
511046,2010-06-06 11:35:00,2,5.95,16335,United Kingdom
511046,2010-06-06 11:35:00,1,2.55,16335,United Kingdom
511046,2010-06-06 11:35:00,2,5.95,16335,United Kingdom
511046,2010-06-06 11:35:00,2,3.75,16335,United Kingdom
511046,2010-06-06 11:35:00,2,2.55,16335,United Kingdom
511046,2010-06-06 11:35:00,3,4.95,16335,United Kingdom
511046,2010-06-06 11:35:00,5,2.95,16335,United Kingdom
511046,2010-06-06 11:35:00,2,8.5,16335,United Kingdom
511046,2010-06-06 11:35:00,2,1.95,16335,United Kingdom
511046,2010-06-06 11:35:00,2,1.65,16335,United Kingdom
511046,2010-06-06 11:35:00,2,1.65,16335,United Kingdom
511046,2010-06-06 11:35:00,2,8.5,16335,United Kingdom
511046,2010-06-06 11:35:00,4,1.65,16335,United Kingdom
511046,2010-06-06 11:35:00,2,12.75,16335,United Kingdom
511046,2010-06-06 11:35:00,3,0.95,16335,United Kingdom
511046,2010-06-06 11:35:00,3,3.95,16335,United Kingdom
511046,2010-06-06 11:35:00,12,0.85,16335,United Kingdom
511046,2010-06-06 11:35:00,2,2.95,16335,United Kingdom
511046,2010-06-06 11:35:00,4,4.95,16335,United Kingdom
511046,2010-06-06 11:35:00,3,2.95,16335,United Kingdom
511046,2010-06-06 11:35:00,3,2.95,16335,United Kingdom
511046,2010-06-06 11:35:00,2,0.85,16335,United Kingdom
511046,2010-06-06 11:35:00,3,1.95,16335,United Kingdom
511046,2010-06-06 11:35:00,1,7.49,16335,United Kingdom
511046,2010-06-06 11:35:00,1,7.49,16335,United Kingdom
511046,2010-06-06 11:35:00,1,7.49,16335,United Kingdom
511046,2010-06-06 11:35:00,1,7.49,16335,United Kingdom
511046,2010-06-06 11:35:00,1,7.49,16335,United Kingdom
511046,2010-06-06 11:35:00,2,8.5,16335,United Kingdom
511046,2010-06-06 11:35:00,2,6.45,16335,United Kingdom
511046,2010-06-06 11:35:00,1,1.25,16335,United Kingdom
511046,2010-06-06 11:35:00,2,10.65,16335,United Kingdom
511046,2010-06-06 11:35:00,2,2.55,16335,United Kingdom
511046,2010-06-06 11:35:00,1,7.49,16335,United Kingdom
511046,2010-06-06 11:35:00,1,4.95,16335,United Kingdom
511046,2010-06-06 11:35:00,2,9.95,16335,United Kingdom
511046,2010-06-06 11:35:00,2,0.85,16335,United Kingdom
511046,2010-06-06 11:35:00,2,0.85,16335,United Kingdom
511046,2010-06-06 11:35:00,3,1.45,16335,United Kingdom
511046,2010-06-06 11:35:00,1,1.45,16335,United Kingdom
511046,2010-06-06 11:35:00,1,0.85,16335,United Kingdom
511046,2010-06-06 11:35:00,1,1.45,16335,United Kingdom
511046,2010-06-06 11:35:00,2,1.45,16335,United Kingdom
511046,2010-06-06 11:35:00,2,1.45,16335,United Kingdom
511046,2010-06-06 11:35:00,2,4.95,16335,United Kingdom
511046,2010-06-06 11:35:00,1,1.45,16335,United Kingdom
511073,2010-06-06 13:42:00,2,1.95,13614,United Kingdom
511073,2010-06-06 13:42:00,2,2.95,13614,United Kingdom
511073,2010-06-06 13:42:00,1,1.95,13614,United Kingdom
511073,2010-06-06 13:42:00,2,4.25,13614,United Kingdom
511073,2010-06-06 13:42:00,1,4.25,13614,United Kingdom
511073,2010-06-06 13:42:00,2,12.75,13614,United Kingdom
511073,2010-06-06 13:42:00,2,12.75,13614,United Kingdom
511073,2010-06-06 13:42:00,2,8.5,13614,United Kingdom
511073,2010-06-06 13:42:00,2,1.95,13614,United Kingdom
511073,2010-06-06 13:42:00,3,2.95,13614,United Kingdom
511073,2010-06-06 13:42:00,1,1.45,13614,United Kingdom
511073,2010-06-06 13:42:00,1,2.55,13614,United Kingdom
511073,2010-06-06 13:42:00,1,2.95,13614,United Kingdom
511073,2010-06-06 13:42:00,2,0.85,13614,United Kingdom
511073,2010-06-06 13:42:00,2,1.65,13614,United Kingdom
511073,2010-06-06 13:42:00,1,1.25,13614,United Kingdom
511073,2010-06-06 13:42:00,2,9.95,13614,United Kingdom
511073,2010-06-06 13:42:00,2,2.1,13614,United Kingdom
511073,2010-06-06 13:42:00,1,8.5,13614,United Kingdom
511073,2010-06-06 13:42:00,3,2.55,13614,United Kingdom
511073,2010-06-06 13:42:00,2,8.5,13614,United Kingdom
511073,2010-06-06 13:42:00,3,2.55,13614,United Kingdom
511073,2010-06-06 13:42:00,2,1.45,13614,United Kingdom
511073,2010-06-06 13:42:00,3,2.1,13614,United Kingdom
511073,2010-06-06 13:42:00,3,1.45,13614,United Kingdom
511073,2010-06-06 13:42:00,3,1.25,13614,United Kingdom
511073,2010-06-06 13:42:00,1,8.5,13614,United Kingdom
511073,2010-06-06 13:42:00,1,12.75,13614,United Kingdom
511073,2010-06-06 13:42:00,2,2.1,13614,United Kingdom
511073,2010-06-06 13:42:00,2,2.1,13614,United Kingdom
511073,2010-06-06 13:42:00,2,2.1,13614,United Kingdom
511073,2010-06-06 13:42:00,2,1.65,13614,United Kingdom
511073,2010-06-06 13:42:00,2,1.65,13614,United Kingdom
511073,2010-06-06 13:42:00,1,1.45,13614,United Kingdom
511073,2010-06-06 13:42:00,1,9.95,13614,United Kingdom
511073,2010-06-06 13:42:00,1,4.95,13614,United Kingdom
511073,2010-06-06 13:42:00,9,2.95,13614,United Kingdom
511073,2010-06-06 13:42:00,1,1.45,13614,United Kingdom
511073,2010-06-06 13:42:00,2,1.45,13614,United Kingdom
511073,2010-06-06 13:42:00,2,2.1,13614,United Kingdom
511073,2010-06-06 13:42:00,2,1.45,13614,United Kingdom
511073,2010-06-06 13:42:00,3,1.45,13614,United Kingdom
511073,2010-06-06 13:42:00,2,2.1,13614,United Kingdom
511073,2010-06-06 13:42:00,1,0.85,13614,United Kingdom
511166,2010-06-07 12:03:00,24,0.85,14895,United Kingdom
511166,2010-06-07 12:03:00,12,1.65,14895,United Kingdom
511166,2010-06-07 12:03:00,24,0.85,14895,United Kingdom
511166,2010-06-07 12:03:00,12,1.25,14895,United Kingdom
511166,2010-06-07 12:03:00,24,1.25,14895,United Kingdom
511166,2010-06-07 12:03:00,18,1.25,14895,United Kingdom
511166,2010-06-07 12:03:00,12,1.65,14895,United Kingdom
511209,2010-06-07 12:18:00,1,3.75,16719,United Kingdom
511209,2010-06-07 12:18:00,1,1.95,16719,United Kingdom
511209,2010-06-07 12:18:00,25,0.42,16719,United Kingdom
511209,2010-06-07 12:18:00,25,0.42,16719,United Kingdom
511209,2010-06-07 12:18:00,25,0.42,16719,United Kingdom
511209,2010-06-07 12:18:00,1,7.95,16719,United Kingdom
511209,2010-06-07 12:18:00,1,15.95,16719,United Kingdom
511209,2010-06-07 12:18:00,1,8.5,16719,United Kingdom
511209,2010-06-07 12:18:00,2,12.75,16719,United Kingdom
511209,2010-06-07 12:18:00,2,4.95,16719,United Kingdom
511209,2010-06-07 12:18:00,1,4.95,16719,United Kingdom
511209,2010-06-07 12:18:00,1,2.1,16719,United Kingdom
511209,2010-06-07 12:18:00,2,7.95,16719,United Kingdom
511209,2010-06-07 12:18:00,36,0.21,16719,United Kingdom
511209,2010-06-07 12:18:00,2,2.1,16719,United Kingdom
511209,2010-06-07 12:18:00,1,1.25,16719,United Kingdom
511209,2010-06-07 12:18:00,1,4.25,16719,United Kingdom
511209,2010-06-07 12:18:00,2,2.55,16719,United Kingdom
511209,2010-06-07 12:18:00,2,2.55,16719,United Kingdom
511209,2010-06-07 12:18:00,2,9.95,16719,United Kingdom
511209,2010-06-07 12:18:00,1,2.1,16719,United Kingdom
511209,2010-06-07 12:18:00,2,7.95,16719,United Kingdom
511209,2010-06-07 12:18:00,12,0.85,16719,United Kingdom
511306,2010-06-07 15:57:00,4,2.1,17588,United Kingdom
511306,2010-06-07 15:57:00,4,2.1,17588,United Kingdom
511306,2010-06-07 15:57:00,8,2.1,17588,United Kingdom
511306,2010-06-07 15:57:00,24,1.65,17588,United Kingdom
511306,2010-06-07 15:57:00,24,1.25,17588,United Kingdom
511306,2010-06-07 15:57:00,48,2.75,17588,United Kingdom
511306,2010-06-07 15:57:00,4,5.95,17588,United Kingdom
511306,2010-06-07 15:57:00,12,0.85,17588,United Kingdom
511306,2010-06-07 15:57:00,6,1.65,17588,United Kingdom
511306,2010-06-07 15:57:00,12,1.65,17588,United Kingdom
511306,2010-06-07 15:57:00,4,5.95,17588,United Kingdom
511306,2010-06-07 15:57:00,6,1.65,17588,United Kingdom
511306,2010-06-07 15:57:00,4,7.95,17588,United Kingdom
511306,2010-06-07 15:57:00,2,7.49,17588,United Kingdom
511306,2010-06-07 15:57:00,1,7.49,17588,United Kingdom
511306,2010-06-07 15:57:00,2,7.49,17588,United Kingdom
511306,2010-06-07 15:57:00,10,6.35,17588,United Kingdom
511306,2010-06-07 15:57:00,10,6.35,17588,United Kingdom
511306,2010-06-07 15:57:00,10,6.35,17588,United Kingdom
511306,2010-06-07 15:57:00,48,0.21,17588,United Kingdom
511679,2010-06-09 15:15:00,24,2.75,16199,United Kingdom
511845,2010-06-10 18:45:00,24,1.25,16168,United Kingdom
511846,2010-06-10 18:46:00,2,4.25,16168,United Kingdom
511846,2010-06-10 18:46:00,2,5.95,16168,United Kingdom
511846,2010-06-10 18:46:00,12,1.25,16168,United Kingdom
511846,2010-06-10 18:46:00,12,2.95,16168,United Kingdom
511846,2010-06-10 18:46:00,2,9.95,16168,United Kingdom
511886,2010-06-11 10:47:00,32,2.55,16191,United Kingdom
511886,2010-06-11 10:47:00,32,2.75,16191,United Kingdom
511886,2010-06-11 10:47:00,24,3.81,16191,United Kingdom
511886,2010-06-11 10:47:00,12,1.65,16191,United Kingdom
511886,2010-06-11 10:47:00,96,1.45,16191,United Kingdom
511886,2010-06-11 10:47:00,48,1.45,16191,United Kingdom
511886,2010-06-11 10:47:00,12,0.85,16191,United Kingdom
511886,2010-06-11 10:47:00,12,0.85,16191,United Kingdom
511886,2010-06-11 10:47:00,24,5.95,16191,United Kingdom
511886,2010-06-11 10:47:00,72,0.36,16191,United Kingdom
511886,2010-06-11 10:47:00,72,0.36,16191,United Kingdom
511886,2010-06-11 10:47:00,5,2.1,16191,United Kingdom
511886,2010-06-11 10:47:00,2,12.75,16191,United Kingdom
511886,2010-06-11 10:47:00,114,1.06,16191,United Kingdom
511886,2010-06-11 10:47:00,12,2.95,16191,United Kingdom
511886,2010-06-11 10:47:00,1,39.95,16191,United Kingdom
511886,2010-06-11 10:47:00,96,1.06,16191,United Kingdom
511886,2010-06-11 10:47:00,96,1.06,16191,United Kingdom
511886,2010-06-11 10:47:00,48,2.75,16191,United Kingdom
511886,2010-06-11 10:47:00,24,1.65,16191,United Kingdom
511886,2010-06-11 10:47:00,24,1.65,16191,United Kingdom
511886,2010-06-11 10:47:00,2,9.95,16191,United Kingdom
511886,2010-06-11 10:47:00,12,7.35,16191,United Kingdom
511886,2010-06-11 10:47:00,24,0.85,16191,United Kingdom
511886,2010-06-11 10:47:00,12,1.65,16191,United Kingdom
511886,2010-06-11 10:47:00,4,4.25,16191,United Kingdom
511886,2010-06-11 10:47:00,3,5.95,16191,United Kingdom
511886,2010-06-11 10:47:00,96,1.06,16191,United Kingdom
511886,2010-06-11 10:47:00,96,1.06,16191,United Kingdom
511886,2010-06-11 10:47:00,96,1.06,16191,United Kingdom
511886,2010-06-11 10:47:00,96,1.06,16191,United Kingdom
511886,2010-06-11 10:47:00,6,14.95,16191,United Kingdom
512260,2010-06-14 13:06:00,1,7.49,15016,United Kingdom
512260,2010-06-14 13:06:00,1,9.95,15016,United Kingdom
512260,2010-06-14 13:06:00,4,0.85,15016,United Kingdom
512260,2010-06-14 13:06:00,2,2.55,15016,United Kingdom
512260,2010-06-14 13:06:00,1,2.95,15016,United Kingdom
512260,2010-06-14 13:06:00,1,7.49,15016,United Kingdom
512260,2010-06-14 13:06:00,1,4.65,15016,United Kingdom
512260,2010-06-14 13:06:00,1,2.55,15016,United Kingdom
512260,2010-06-14 13:06:00,6,1.65,15016,United Kingdom
512260,2010-06-14 13:06:00,1,2.55,15016,United Kingdom
512260,2010-06-14 13:06:00,1,1.49,15016,United Kingdom
512260,2010-06-14 13:06:00,3,1.25,15016,United Kingdom
512260,2010-06-14 13:06:00,1,2.55,15016,United Kingdom
512260,2010-06-14 13:06:00,1,7.49,15016,United Kingdom
512260,2010-06-14 13:06:00,1,5.95,15016,United Kingdom
512260,2010-06-14 13:06:00,11,0.65,15016,United Kingdom
512260,2010-06-14 13:06:00,2,0.95,15016,United Kingdom
512260,2010-06-14 13:06:00,1,2.55,15016,United Kingdom
512260,2010-06-14 13:06:00,1,6.35,15016,United Kingdom
512260,2010-06-14 13:06:00,1,0.85,15016,United Kingdom
512260,2010-06-14 13:06:00,2,0.85,15016,United Kingdom
512260,2010-06-14 13:06:00,2,1.95,15016,United Kingdom
512260,2010-06-14 13:06:00,1,2.1,15016,United Kingdom
512260,2010-06-14 13:06:00,1,1.25,15016,United Kingdom
512260,2010-06-14 13:06:00,3,2.1,15016,United Kingdom
512260,2010-06-14 13:06:00,1,1.49,15016,United Kingdom
512260,2010-06-14 13:06:00,3,1.25,15016,United Kingdom
512260,2010-06-14 13:06:00,3,1.25,15016,United Kingdom
512260,2010-06-14 13:06:00,3,2.95,15016,United Kingdom
512260,2010-06-14 13:06:00,6,0.85,15016,United Kingdom
512260,2010-06-14 13:06:00,2,2.95,15016,United Kingdom
512260,2010-06-14 13:06:00,1,1.65,15016,United Kingdom
512411,2010-06-15 13:19:00,96,1.06,14156,EIRE
512411,2010-06-15 13:19:00,72,1.06,14156,EIRE
512411,2010-06-15 13:19:00,72,1.06,14156,EIRE
512411,2010-06-15 13:19:00,72,1.06,14156,EIRE
512411,2010-06-15 13:19:00,100,2.1,14156,EIRE
512411,2010-06-15 13:19:00,72,1.06,14156,EIRE
512411,2010-06-15 13:19:00,100,1.45,14156,EIRE
512411,2010-06-15 13:19:00,288,0.65,14156,EIRE
512411,2010-06-15 13:19:00,72,1.06,14156,EIRE
512411,2010-06-15 13:19:00,24,8.5,14156,EIRE
512411,2010-06-15 13:19:00,144,1.85,14156,EIRE
512411,2010-06-15 13:19:00,144,1.65,14156,EIRE
512411,2010-06-15 13:19:00,144,0.72,14156,EIRE
512411,2010-06-15 13:19:00,144,0.72,14156,EIRE
512411,2010-06-15 13:19:00,144,0.36,14156,EIRE
512411,2010-06-15 13:19:00,96,1.85,14156,EIRE
512411,2010-06-15 13:19:00,108,1.45,14156,EIRE
512411,2010-06-15 13:19:00,60,6.35,14156,EIRE
512411,2010-06-15 13:19:00,72,2.1,14156,EIRE
512411,2010-06-15 13:19:00,60,6.35,14156,EIRE
512411,2010-06-15 13:19:00,24,0.85,14156,EIRE
512411,2010-06-15 13:19:00,60,6.35,14156,EIRE
512411,2010-06-15 13:19:00,240,0.42,14156,EIRE
512411,2010-06-15 13:19:00,144,1.69,14156,EIRE
512411,2010-06-15 13:19:00,150,0.55,14156,EIRE
512411,2010-06-15 13:19:00,144,0.65,14156,EIRE
512411,2010-06-15 13:19:00,144,0.32,14156,EIRE
512411,2010-06-15 13:19:00,360,0.42,14156,EIRE
512411,2010-06-15 13:19:00,360,0.42,14156,EIRE
512411,2010-06-15 13:19:00,48,6.95,14156,EIRE
512411,2010-06-15 13:19:00,360,0.42,14156,EIRE
512411,2010-06-15 13:19:00,72,1.25,14156,EIRE
512411,2010-06-15 13:19:00,72,1.25,14156,EIRE
512411,2010-06-15 13:19:00,96,1.25,14156,EIRE
512411,2010-06-15 13:19:00,48,5.95,14156,EIRE
512411,2010-06-15 13:19:00,192,1.25,14156,EIRE
512411,2010-06-15 13:19:00,100,1.45,14156,EIRE
512411,2010-06-15 13:19:00,60,6.35,14156,EIRE
512411,2010-06-15 13:19:00,48,6.95,14156,EIRE
512411,2010-06-15 13:19:00,360,0.42,14156,EIRE
512411,2010-06-15 13:19:00,360,0.42,14156,EIRE
512411,2010-06-15 13:19:00,144,1.06,14156,EIRE
512411,2010-06-15 13:19:00,96,1.45,14156,EIRE
512411,2010-06-15 13:19:00,96,1.45,14156,EIRE
512411,2010-06-15 13:19:00,144,1.65,14156,EIRE
512411,2010-06-15 13:19:00,96,2.55,14156,EIRE
512587,2010-06-16 15:55:00,24,0.85,14198,United Kingdom
512587,2010-06-16 15:55:00,2,7.49,14198,United Kingdom
512587,2010-06-16 15:55:00,2,7.49,14198,United Kingdom
512587,2010-06-16 15:55:00,3,4.25,14198,United Kingdom
512587,2010-06-16 15:55:00,1,29.95,14198,United Kingdom
512587,2010-06-16 15:55:00,12,0.85,14198,United Kingdom
512587,2010-06-16 15:55:00,6,2.95,14198,United Kingdom
512587,2010-06-16 15:55:00,2,6.75,14198,United Kingdom
512587,2010-06-16 15:55:00,2,7.95,14198,United Kingdom
512587,2010-06-16 15:55:00,12,0.85,14198,United Kingdom
512587,2010-06-16 15:55:00,2,12.75,14198,United Kingdom
512797,2010-06-18 10:29:00,2,8.5,14895,United Kingdom
512797,2010-06-18 10:29:00,8,4.65,14895,United Kingdom
512797,2010-06-18 10:29:00,8,7.65,14895,United Kingdom
512797,2010-06-18 10:29:00,8,6.75,14895,United Kingdom
512797,2010-06-18 10:29:00,4,7.95,14895,United Kingdom
512797,2010-06-18 10:29:00,24,2.55,14895,United Kingdom
512797,2010-06-18 10:29:00,4,4.25,14895,United Kingdom
512797,2010-06-18 10:29:00,3,5.95,14895,United Kingdom
512797,2010-06-18 10:29:00,6,12.75,14895,United Kingdom
512797,2010-06-18 10:29:00,3,4.95,14895,United Kingdom
512797,2010-06-18 10:29:00,3,12.75,14895,United Kingdom
512797,2010-06-18 10:29:00,16,2.1,14895,United Kingdom
512797,2010-06-18 10:29:00,12,0.95,14895,United Kingdom
512797,2010-06-18 10:29:00,4,4.95,14895,United Kingdom
512797,2010-06-18 10:29:00,12,0.85,14895,United Kingdom
512797,2010-06-18 10:29:00,24,1.25,14895,United Kingdom
512797,2010-06-18 10:29:00,3,5.95,14895,United Kingdom
512797,2010-06-18 10:29:00,3,5.95,14895,United Kingdom
512797,2010-06-18 10:29:00,5,2.1,14895,United Kingdom
512797,2010-06-18 10:29:00,8,3.75,14895,United Kingdom
512797,2010-06-18 10:29:00,12,0.85,14895,United Kingdom
512797,2010-06-18 10:29:00,2,9.95,14895,United Kingdom
512797,2010-06-18 10:29:00,2,10.65,14895,United Kingdom
512797,2010-06-18 10:29:00,12,0.85,14895,United Kingdom
512797,2010-06-18 10:29:00,12,1.65,14895,United Kingdom
512797,2010-06-18 10:29:00,12,2.95,14895,United Kingdom
512797,2010-06-18 10:29:00,24,1.25,14895,United Kingdom
512797,2010-06-18 10:29:00,2,9.95,14895,United Kingdom
512797,2010-06-18 10:29:00,4,29.95,14895,United Kingdom
512797,2010-06-18 10:29:00,24,1.25,14895,United Kingdom
512924,2010-06-20 10:47:00,12,8.5,14156,EIRE
512924,2010-06-20 10:47:00,12,9.95,14156,EIRE
512924,2010-06-20 10:47:00,400,0.72,14156,EIRE
512924,2010-06-20 10:47:00,16,8.5,14156,EIRE
512924,2010-06-20 10:47:00,200,1.45,14156,EIRE
513020,2010-06-21 11:57:00,24,1.25,13707,United Kingdom
513020,2010-06-21 11:57:00,3,4.95,13707,United Kingdom
513020,2010-06-21 11:57:00,6,2.95,13707,United Kingdom
513020,2010-06-21 11:57:00,12,1.25,13707,United Kingdom
513020,2010-06-21 11:57:00,3,4.95,13707,United Kingdom
513020,2010-06-21 11:57:00,12,0.85,13707,United Kingdom
513020,2010-06-21 11:57:00,12,1.25,13707,United Kingdom
513020,2010-06-21 11:57:00,12,1.25,13707,United Kingdom
513020,2010-06-21 11:57:00,12,1.25,13707,United Kingdom
513020,2010-06-21 11:57:00,24,1.25,13707,United Kingdom
513020,2010-06-21 11:57:00,16,2.55,13707,United Kingdom
513020,2010-06-21 11:57:00,36,0.65,13707,United Kingdom
513020,2010-06-21 11:57:00,12,1.65,13707,United Kingdom
513020,2010-06-21 11:57:00,3,4.95,13707,United Kingdom
513020,2010-06-21 11:57:00,12,1.25,13707,United Kingdom
513020,2010-06-21 11:57:00,3,5.95,13707,United Kingdom
513020,2010-06-21 11:57:00,4,3.95,13707,United Kingdom
513020,2010-06-21 11:57:00,12,7.35,13707,United Kingdom
513020,2010-06-21 11:57:00,12,7.65,13707,United Kingdom
513020,2010-06-21 11:57:00,4,10.95,13707,United Kingdom
513020,2010-06-21 11:57:00,6,2.95,13707,United Kingdom
513020,2010-06-21 11:57:00,4,12.75,13707,United Kingdom
513020,2010-06-21 11:57:00,16,0.65,13707,United Kingdom
513020,2010-06-21 11:57:00,12,0.85,13707,United Kingdom
513020,2010-06-21 11:57:00,24,0.65,13707,United Kingdom
513020,2010-06-21 11:57:00,4,8.5,13707,United Kingdom
513020,2010-06-21 11:57:00,12,1.25,13707,United Kingdom
513020,2010-06-21 11:57:00,6,2.95,13707,United Kingdom
513202,2010-06-22 17:06:00,12,1.25,14682,United Kingdom
513202,2010-06-22 17:06:00,12,0.85,14682,United Kingdom
513202,2010-06-22 17:06:00,9,1.45,14682,United Kingdom
513202,2010-06-22 17:06:00,12,1.25,14682,United Kingdom
513202,2010-06-22 17:06:00,6,4.25,14682,United Kingdom
513202,2010-06-22 17:06:00,6,3.75,14682,United Kingdom
513202,2010-06-22 17:06:00,2,12.75,14682,United Kingdom
513202,2010-06-22 17:06:00,12,0.85,14682,United Kingdom
513309,2010-06-23 14:59:00,2,7.95,14623,United Kingdom
513309,2010-06-23 14:59:00,10,1.95,14623,United Kingdom
513309,2010-06-23 14:59:00,10,1.95,14623,United Kingdom
513309,2010-06-23 14:59:00,6,3.75,14623,United Kingdom
513309,2010-06-23 14:59:00,6,3.75,14623,United Kingdom
513309,2010-06-23 14:59:00,4,3.75,14623,United Kingdom
513309,2010-06-23 14:59:00,6,2.55,14623,United Kingdom
513309,2010-06-23 14:59:00,8,1.25,14623,United Kingdom
513309,2010-06-23 14:59:00,1,12.75,14623,United Kingdom
513309,2010-06-23 14:59:00,12,1.25,14623,United Kingdom
513309,2010-06-23 14:59:00,12,1.25,14623,United Kingdom
513309,2010-06-23 14:59:00,6,2.1,14623,United Kingdom
513309,2010-06-23 14:59:00,1,9.95,14623,United Kingdom
513309,2010-06-23 14:59:00,3,4.95,14623,United Kingdom
513309,2010-06-23 14:59:00,2,8.5,14623,United Kingdom
513309,2010-06-23 14:59:00,2,8.5,14623,United Kingdom
513309,2010-06-23 14:59:00,4,3.75,14623,United Kingdom
513309,2010-06-23 14:59:00,48,1.25,14623,United Kingdom
513309,2010-06-23 14:59:00,12,0.85,14623,United Kingdom
513393,2010-06-24 11:42:00,10,6.35,16168,United Kingdom
513393,2010-06-24 11:42:00,2,8.5,16168,United Kingdom
513393,2010-06-24 11:42:00,2,8.5,16168,United Kingdom
513393,2010-06-24 11:42:00,2,8.5,16168,United Kingdom
513393,2010-06-24 11:42:00,10,1.65,16168,United Kingdom
513393,2010-06-24 11:42:00,5,2.95,16168,United Kingdom
513393,2010-06-24 11:42:00,10,1.95,16168,United Kingdom
513393,2010-06-24 11:42:00,10,1.65,16168,United Kingdom
513393,2010-06-24 11:42:00,5,2.95,16168,United Kingdom
513393,2010-06-24 11:42:00,6,2.95,16168,United Kingdom
513393,2010-06-24 11:42:00,10,1.65,16168,United Kingdom
513393,2010-06-24 11:42:00,10,1.65,16168,United Kingdom
513393,2010-06-24 11:42:00,12,1.25,16168,United Kingdom
513393,2010-06-24 11:42:00,4,3.95,16168,United Kingdom
513393,2010-06-24 11:42:00,10,1.65,16168,United Kingdom
513617,2010-06-27 12:32:00,10,2.95,16950,United Kingdom
513617,2010-06-27 12:32:00,2,3.75,16950,United Kingdom
513617,2010-06-27 12:32:00,12,1.65,16950,United Kingdom
513617,2010-06-27 12:32:00,6,3.75,16950,United Kingdom
513617,2010-06-27 12:32:00,48,0.85,16950,United Kingdom
513617,2010-06-27 12:32:00,6,3.95,16950,United Kingdom
513617,2010-06-27 12:32:00,24,1.25,16950,United Kingdom
513617,2010-06-27 12:32:00,10,1.95,16950,United Kingdom
513617,2010-06-27 12:32:00,1,7.95,16950,United Kingdom
513622,2010-06-27 12:59:00,24,3.39,16563,United Kingdom
513622,2010-06-27 12:59:00,24,3.39,16563,United Kingdom
513622,2010-06-27 12:59:00,8,1.69,16563,United Kingdom
513622,2010-06-27 12:59:00,32,2.55,16563,United Kingdom
513622,2010-06-27 12:59:00,6,2.55,16563,United Kingdom
513622,2010-06-27 12:59:00,6,2.55,16563,United Kingdom
513622,2010-06-27 12:59:00,25,0.42,16563,United Kingdom
513622,2010-06-27 12:59:00,200,0.34,16563,United Kingdom
513622,2010-06-27 12:59:00,72,1.25,16563,United Kingdom
513638,2010-06-27 13:49:00,12,1.95,16168,United Kingdom
513638,2010-06-27 13:49:00,2,9.95,16168,United Kingdom
513638,2010-06-27 13:49:00,24,0.42,16168,United Kingdom
513638,2010-06-27 13:49:00,80,1.69,16168,United Kingdom
513664,2010-06-28 10:52:00,3,4.95,16040,United Kingdom
513664,2010-06-28 10:52:00,2,6.75,16040,United Kingdom
513664,2010-06-28 10:52:00,12,1.25,16040,United Kingdom
513664,2010-06-28 10:52:00,24,1.25,16040,United Kingdom
513664,2010-06-28 10:52:00,12,1.45,16040,United Kingdom
513664,2010-06-28 10:52:00,12,0.85,16040,United Kingdom
513664,2010-06-28 10:52:00,3,5.95,16040,United Kingdom
513664,2010-06-28 10:52:00,3,5.95,16040,United Kingdom
513664,2010-06-28 10:52:00,6,4.95,16040,United Kingdom
513785,2010-06-28 14:40:00,120,1.06,16168,United Kingdom
513785,2010-06-28 14:40:00,8,4.95,16168,United Kingdom
513785,2010-06-28 14:40:00,9,6.35,16168,United Kingdom
513810,2010-06-29 09:32:00,2,8.5,14156,EIRE
513810,2010-06-29 09:32:00,2,8.5,14156,EIRE
513810,2010-06-29 09:32:00,8,4.95,14156,EIRE
513810,2010-06-29 09:32:00,2,8.5,14156,EIRE
513810,2010-06-29 09:32:00,12,1.45,14156,EIRE
513810,2010-06-29 09:32:00,12,1.45,14156,EIRE
513810,2010-06-29 09:32:00,12,1.45,14156,EIRE
513816,2010-06-29 10:06:00,24,1.25,16835,United Kingdom
513816,2010-06-29 10:06:00,6,2.95,16835,United Kingdom
513816,2010-06-29 10:06:00,4,3.75,16835,United Kingdom
513816,2010-06-29 10:06:00,6,2.95,16835,United Kingdom
513816,2010-06-29 10:06:00,6,1.65,16835,United Kingdom
513816,2010-06-29 10:06:00,12,1.45,16835,United Kingdom
513816,2010-06-29 10:06:00,10,1.95,16835,United Kingdom
513816,2010-06-29 10:06:00,2,12.75,16835,United Kingdom
513816,2010-06-29 10:06:00,6,1.65,16835,United Kingdom
513816,2010-06-29 10:06:00,4,7.49,16835,United Kingdom
513816,2010-06-29 10:06:00,12,1.95,16835,United Kingdom
513816,2010-06-29 10:06:00,12,2.95,16835,United Kingdom
513816,2010-06-29 10:06:00,6,2.1,16835,United Kingdom
513816,2010-06-29 10:06:00,4,4.25,16835,United Kingdom
513816,2010-06-29 10:06:00,3,4.95,16835,United Kingdom
513816,2010-06-29 10:06:00,6,2.1,16835,United Kingdom
513816,2010-06-29 10:06:00,4,4.95,16835,United Kingdom
513816,2010-06-29 10:06:00,3,4.95,16835,United Kingdom
513816,2010-06-29 10:06:00,4,12.75,16835,United Kingdom
513816,2010-06-29 10:06:00,2,8.5,16835,United Kingdom
513816,2010-06-29 10:06:00,8,1.95,16835,United Kingdom
513816,2010-06-29 10:06:00,2,6.75,16835,United Kingdom
513816,2010-06-29 10:06:00,6,2.1,16835,United Kingdom
513816,2010-06-29 10:06:00,12,1.25,16835,United Kingdom
513902,2010-06-29 12:07:00,2,8.5,17342,United Kingdom
513902,2010-06-29 12:07:00,24,0.55,17342,United Kingdom
513902,2010-06-29 12:07:00,8,8.5,17342,United Kingdom
513902,2010-06-29 12:07:00,12,5.95,17342,United Kingdom
513902,2010-06-29 12:07:00,6,2.55,17342,United Kingdom
513902,2010-06-29 12:07:00,12,1.45,17342,United Kingdom
513902,2010-06-29 12:07:00,120,0.53,17342,United Kingdom
513902,2010-06-29 12:07:00,4,4.95,17342,United Kingdom
513902,2010-06-29 12:07:00,6,2.55,17342,United Kingdom
513950,2010-06-29 13:52:00,24,1.95,15425,United Kingdom
513950,2010-06-29 13:52:00,4,10.65,15425,United Kingdom
513950,2010-06-29 13:52:00,24,1.25,15425,United Kingdom
513950,2010-06-29 13:52:00,12,2.1,15425,United Kingdom
513950,2010-06-29 13:52:00,12,2.95,15425,United Kingdom
513950,2010-06-29 13:52:00,16,1.25,15425,United Kingdom
513950,2010-06-29 13:52:00,10,1.65,15425,United Kingdom
513950,2010-06-29 13:52:00,12,0.55,15425,United Kingdom
513950,2010-06-29 13:52:00,12,0.55,15425,United Kingdom
513950,2010-06-29 13:52:00,24,0.65,15425,United Kingdom
513950,2010-06-29 13:52:00,24,0.65,15425,United Kingdom
513950,2010-06-29 13:52:00,10,1.65,15425,United Kingdom
514004,2010-06-30 09:37:00,4,3.95,14156,EIRE
514004,2010-06-30 09:37:00,4,8.5,14156,EIRE
514004,2010-06-30 09:37:00,25,0.42,14156,EIRE
514004,2010-06-30 09:37:00,2,7.95,14156,EIRE
514004,2010-06-30 09:37:00,2,6.75,14156,EIRE
514004,2010-06-30 09:37:00,2,5.45,14156,EIRE
514004,2010-06-30 09:37:00,6,2.95,14156,EIRE
514004,2010-06-30 09:37:00,12,2.1,14156,EIRE
514004,2010-06-30 09:37:00,6,3.75,14156,EIRE
514004,2010-06-30 09:37:00,1,50.0,14156,EIRE
514004,2010-06-30 09:37:00,3,6.45,14156,EIRE
514004,2010-06-30 09:37:00,4,3.75,14156,EIRE
514004,2010-06-30 09:37:00,4,10.75,14156,EIRE
514004,2010-06-30 09:37:00,10,1.25,14156,EIRE
514004,2010-06-30 09:37:00,6,2.95,14156,EIRE
514004,2010-06-30 09:37:00,12,0.85,14156,EIRE
514004,2010-06-30 09:37:00,25,0.42,14156,EIRE
514004,2010-06-30 09:37:00,10,1.65,14156,EIRE
514004,2010-06-30 09:37:00,2,8.5,14156,EIRE
514004,2010-06-30 09:37:00,2,8.5,14156,EIRE
514004,2010-06-30 09:37:00,2,9.95,14156,EIRE
514004,2010-06-30 09:37:00,3,4.95,14156,EIRE
514004,2010-06-30 09:37:00,4,4.25,14156,EIRE
514004,2010-06-30 09:37:00,3,5.95,14156,EIRE
514004,2010-06-30 09:37:00,10,1.95,14156,EIRE
514004,2010-06-30 09:37:00,2,12.75,14156,EIRE
514004,2010-06-30 09:37:00,6,2.55,14156,EIRE
514004,2010-06-30 09:37:00,12,1.25,14156,EIRE
514004,2010-06-30 09:37:00,24,0.55,14156,EIRE
514004,2010-06-30 09:37:00,6,2.1,14156,EIRE
514004,2010-06-30 09:37:00,6,2.55,14156,EIRE
514004,2010-06-30 09:37:00,10,1.65,14156,EIRE
514004,2010-06-30 09:37:00,12,1.95,14156,EIRE
514026,2010-06-30 11:32:00,12,1.95,17676,United Kingdom
514026,2010-06-30 11:32:00,24,0.55,17676,United Kingdom
514026,2010-06-30 11:32:00,24,0.55,17676,United Kingdom
514026,2010-06-30 11:32:00,8,1.25,17676,United Kingdom
514026,2010-06-30 11:32:00,24,1.25,17676,United Kingdom
514026,2010-06-30 11:32:00,12,1.49,17676,United Kingdom
514026,2010-06-30 11:32:00,12,1.49,17676,United Kingdom
514026,2010-06-30 11:32:00,24,0.75,17676,United Kingdom
514026,2010-06-30 11:32:00,12,1.25,17676,United Kingdom
514026,2010-06-30 11:32:00,30,0.21,17676,United Kingdom
514026,2010-06-30 11:32:00,3,4.95,17676,United Kingdom
514026,2010-06-30 11:32:00,48,0.42,17676,United Kingdom
514026,2010-06-30 11:32:00,8,1.95,17676,United Kingdom
514026,2010-06-30 11:32:00,10,0.85,17676,United Kingdom
514026,2010-06-30 11:32:00,10,1.65,17676,United Kingdom
514026,2010-06-30 11:32:00,10,1.65,17676,United Kingdom
514026,2010-06-30 11:32:00,6,2.95,17676,United Kingdom
514026,2010-06-30 11:32:00,10,1.65,17676,United Kingdom
514026,2010-06-30 11:32:00,10,0.85,17676,United Kingdom
514026,2010-06-30 11:32:00,10,0.85,17676,United Kingdom
514026,2010-06-30 11:32:00,36,0.65,17676,United Kingdom
514134,2010-06-30 13:28:00,5,1.45,14584,United Kingdom
514134,2010-06-30 13:28:00,6,1.69,14584,United Kingdom
514134,2010-06-30 13:28:00,3,2.1,14584,United Kingdom
514134,2010-06-30 13:28:00,4,1.95,14584,United Kingdom
514134,2010-06-30 13:28:00,5,1.95,14584,United Kingdom
514134,2010-06-30 13:28:00,4,2.95,14584,United Kingdom
514134,2010-06-30 13:28:00,3,2.1,14584,United Kingdom
514134,2010-06-30 13:28:00,5,1.45,14584,United Kingdom
514134,2010-06-30 13:28:00,6,2.95,14584,United Kingdom
514134,2010-06-30 13:28:00,3,1.25,14584,United Kingdom
514134,2010-06-30 13:28:00,3,0.55,14584,United Kingdom
514134,2010-06-30 13:28:00,3,0.55,14584,United Kingdom
514134,2010-06-30 13:28:00,3,0.55,14584,United Kingdom
514134,2010-06-30 13:28:00,5,2.1,14584,United Kingdom
514134,2010-06-30 13:28:00,3,2.1,14584,United Kingdom
514134,2010-06-30 13:28:00,2,6.45,14584,United Kingdom
514134,2010-06-30 13:28:00,1,4.95,14584,United Kingdom
514134,2010-06-30 13:28:00,2,4.95,14584,United Kingdom
514134,2010-06-30 13:28:00,5,2.1,14584,United Kingdom
514140,2010-06-30 13:49:00,6,2.95,17748,United Kingdom
514140,2010-06-30 13:49:00,8,1.95,17748,United Kingdom
514140,2010-06-30 13:49:00,6,2.55,17748,United Kingdom
514140,2010-06-30 13:49:00,6,2.55,17748,United Kingdom
514140,2010-06-30 13:49:00,2,8.5,17748,United Kingdom
514140,2010-06-30 13:49:00,2,12.75,17748,United Kingdom
514140,2010-06-30 13:49:00,3,4.95,17748,United Kingdom
514140,2010-06-30 13:49:00,3,4.95,17748,United Kingdom
514140,2010-06-30 13:49:00,8,1.95,17748,United Kingdom
514140,2010-06-30 13:49:00,12,1.25,17748,United Kingdom
514140,2010-06-30 13:49:00,10,1.25,17748,United Kingdom
514140,2010-06-30 13:49:00,3,5.95,17748,United Kingdom
514140,2010-06-30 13:49:00,4,10.75,17748,United Kingdom
514140,2010-06-30 13:49:00,12,1.25,17748,United Kingdom
514140,2010-06-30 13:49:00,6,2.95,17748,United Kingdom
514140,2010-06-30 13:49:00,12,1.45,17748,United Kingdom
514140,2010-06-30 13:49:00,8,8.5,17748,United Kingdom
514364,2010-07-01 18:12:00,2,1.25,17851,United Kingdom
514364,2010-07-01 18:12:00,1,1.95,17851,United Kingdom
514364,2010-07-01 18:12:00,6,0.85,17851,United Kingdom
514364,2010-07-01 18:12:00,7,1.25,17851,United Kingdom
514364,2010-07-01 18:12:00,12,0.85,17851,United Kingdom
514364,2010-07-01 18:12:00,1,5.95,17851,United Kingdom
514364,2010-07-01 18:12:00,1,4.95,17851,United Kingdom
514364,2010-07-01 18:12:00,4,1.65,17851,United Kingdom
514364,2010-07-01 18:12:00,2,0.85,17851,United Kingdom
514364,2010-07-01 18:12:00,1,1.65,17851,United Kingdom
514364,2010-07-01 18:12:00,2,6.95,17851,United Kingdom
514364,2010-07-01 18:12:00,3,0.85,17851,United Kingdom
514364,2010-07-01 18:12:00,1,1.45,17851,United Kingdom
514364,2010-07-01 18:12:00,1,4.95,17851,United Kingdom
514364,2010-07-01 18:12:00,1,3.75,17851,United Kingdom
514364,2010-07-01 18:12:00,1,4.95,17851,United Kingdom
514364,2010-07-01 18:12:00,1,8.5,17851,United Kingdom
514364,2010-07-01 18:12:00,1,14.95,17851,United Kingdom
514396,2010-07-02 12:04:00,12,1.25,14699,United Kingdom
514396,2010-07-02 12:04:00,10,0.85,14699,United Kingdom
514396,2010-07-02 12:04:00,10,1.65,14699,United Kingdom
514396,2010-07-02 12:04:00,10,1.95,14699,United Kingdom
514396,2010-07-02 12:04:00,8,1.65,14699,United Kingdom
514396,2010-07-02 12:04:00,4,3.75,14699,United Kingdom
514396,2010-07-02 12:04:00,12,2.1,14699,United Kingdom
514396,2010-07-02 12:04:00,12,1.69,14699,United Kingdom
514396,2010-07-02 12:04:00,2,7.49,14699,United Kingdom
514396,2010-07-02 12:04:00,9,0.85,14699,United Kingdom
514396,2010-07-02 12:04:00,12,0.85,14699,United Kingdom
514396,2010-07-02 12:04:00,3,4.25,14699,United Kingdom
514396,2010-07-02 12:04:00,4,3.95,14699,United Kingdom
514396,2010-07-02 12:04:00,6,2.95,14699,United Kingdom
514396,2010-07-02 12:04:00,6,2.95,14699,United Kingdom
514396,2010-07-02 12:04:00,10,1.25,14699,United Kingdom
514542,2010-07-05 10:48:00,300,1.5,18179,United Kingdom
514962,2010-07-07 12:08:00,12,2.95,14156,EIRE
514962,2010-07-07 12:08:00,6,2.95,14156,EIRE
514962,2010-07-07 12:08:00,12,0.55,14156,EIRE
514962,2010-07-07 12:08:00,6,2.95,14156,EIRE
514962,2010-07-07 12:08:00,8,1.65,14156,EIRE
514962,2010-07-07 12:08:00,6,2.55,14156,EIRE
514962,2010-07-07 12:08:00,8,1.65,14156,EIRE
514962,2010-07-07 12:08:00,12,2.95,14156,EIRE
514962,2010-07-07 12:08:00,10,1.25,14156,EIRE
514962,2010-07-07 12:08:00,10,1.25,14156,EIRE
514962,2010-07-07 12:08:00,12,0.55,14156,EIRE
514962,2010-07-07 12:08:00,12,2.95,14156,EIRE
514962,2010-07-07 12:08:00,8,1.65,14156,EIRE
514962,2010-07-07 12:08:00,6,2.95,14156,EIRE
514962,2010-07-07 12:08:00,6,2.95,14156,EIRE
514962,2010-07-07 12:08:00,12,1.25,14156,EIRE
514962,2010-07-07 12:08:00,6,4.25,14156,EIRE
514962,2010-07-07 12:08:00,12,7.65,14156,EIRE
514962,2010-07-07 12:08:00,12,9.95,14156,EIRE
514962,2010-07-07 12:08:00,16,10.95,14156,EIRE
514962,2010-07-07 12:08:00,12,1.25,14156,EIRE
514962,2010-07-07 12:08:00,12,1.25,14156,EIRE
514962,2010-07-07 12:08:00,8,1.65,14156,EIRE
514962,2010-07-07 12:08:00,10,1.25,14156,EIRE
514962,2010-07-07 12:08:00,6,2.95,14156,EIRE
514962,2010-07-07 12:08:00,10,1.95,14156,EIRE
514962,2010-07-07 12:08:00,6,2.95,14156,EIRE
514962,2010-07-07 12:08:00,10,2.1,14156,EIRE
514962,2010-07-07 12:08:00,10,1.95,14156,EIRE
514962,2010-07-07 12:08:00,12,1.25,14156,EIRE
514962,2010-07-07 12:08:00,72,0.42,14156,EIRE
514962,2010-07-07 12:08:00,144,0.55,14156,EIRE
514962,2010-07-07 12:08:00,288,0.72,14156,EIRE
514962,2010-07-07 12:08:00,6,2.95,14156,EIRE
514962,2010-07-07 12:08:00,10,1.65,14156,EIRE
514962,2010-07-07 12:08:00,10,1.65,14156,EIRE
514962,2010-07-07 12:08:00,10,1.65,14156,EIRE
514962,2010-07-07 12:08:00,10,1.65,14156,EIRE
514962,2010-07-07 12:08:00,10,1.65,14156,EIRE
514962,2010-07-07 12:08:00,5,2.95,14156,EIRE
514962,2010-07-07 12:08:00,10,1.65,14156,EIRE
514962,2010-07-07 12:08:00,5,2.95,14156,EIRE
514962,2010-07-07 12:08:00,5,2.95,14156,EIRE
514962,2010-07-07 12:08:00,5,2.1,14156,EIRE
514962,2010-07-07 12:08:00,5,2.1,14156,EIRE
514962,2010-07-07 12:08:00,6,1.95,14156,EIRE
514962,2010-07-07 12:08:00,4,3.75,14156,EIRE
514962,2010-07-07 12:08:00,5,2.1,14156,EIRE
514962,2010-07-07 12:08:00,24,1.25,14156,EIRE
514962,2010-07-07 12:08:00,24,1.25,14156,EIRE
514962,2010-07-07 12:08:00,24,2.1,14156,EIRE
514962,2010-07-07 12:08:00,12,1.25,14156,EIRE
514962,2010-07-07 12:08:00,24,1.25,14156,EIRE
515024,2010-07-08 10:06:00,6,3.75,12975,United Kingdom
515024,2010-07-08 10:06:00,2,7.95,12975,United Kingdom
515024,2010-07-08 10:06:00,12,1.69,12975,United Kingdom
515024,2010-07-08 10:06:00,1,29.95,12975,United Kingdom
515024,2010-07-08 10:06:00,4,3.75,12975,United Kingdom
515024,2010-07-08 10:06:00,4,4.95,12975,United Kingdom
515024,2010-07-08 10:06:00,12,1.25,12975,United Kingdom
515024,2010-07-08 10:06:00,12,8.95,12975,United Kingdom
515024,2010-07-08 10:06:00,10,1.25,12975,United Kingdom
515024,2010-07-08 10:06:00,4,10.65,12975,United Kingdom
515024,2010-07-08 10:06:00,3,9.95,12975,United Kingdom
515024,2010-07-08 10:06:00,2,5.45,12975,United Kingdom
515024,2010-07-08 10:06:00,3,4.95,12975,United Kingdom
515024,2010-07-08 10:06:00,2,6.75,12975,United Kingdom
515024,2010-07-08 10:06:00,2,12.75,12975,United Kingdom
515024,2010-07-08 10:06:00,1,16.95,12975,United Kingdom
515024,2010-07-08 10:06:00,1,12.75,12975,United Kingdom
515024,2010-07-08 10:06:00,2,12.75,12975,United Kingdom
515024,2010-07-08 10:06:00,2,8.5,12975,United Kingdom
515024,2010-07-08 10:06:00,6,2.55,12975,United Kingdom
515024,2010-07-08 10:06:00,3,5.95,12975,United Kingdom
515024,2010-07-08 10:06:00,25,0.42,12975,United Kingdom
515187,2010-07-09 09:46:00,144,3.39,14156,EIRE
515187,2010-07-09 09:46:00,144,3.75,14156,EIRE
515187,2010-07-09 09:46:00,384,1.25,14156,EIRE
515187,2010-07-09 09:46:00,144,2.75,14156,EIRE
515187,2010-07-09 09:46:00,104,16.95,14156,EIRE
515187,2010-07-09 09:46:00,432,1.06,14156,EIRE
515187,2010-07-09 09:46:00,100,10.95,14156,EIRE
515187,2010-07-09 09:46:00,500,1.65,14156,EIRE
515187,2010-07-09 09:46:00,500,1.85,14156,EIRE
515187,2010-07-09 09:46:00,240,0.55,14156,EIRE
515187,2010-07-09 09:46:00,180,3.75,14156,EIRE
515187,2010-07-09 09:46:00,240,0.42,14156,EIRE
515187,2010-07-09 09:46:00,500,1.85,14156,EIRE
515187,2010-07-09 09:46:00,240,0.42,14156,EIRE
515187,2010-07-09 09:46:00,324,4.25,14156,EIRE
515187,2010-07-09 09:46:00,324,4.25,14156,EIRE
515187,2010-07-09 09:46:00,192,4.25,14156,EIRE
515187,2010-07-09 09:46:00,192,4.25,14156,EIRE
515187,2010-07-09 09:46:00,336,1.45,14156,EIRE
515187,2010-07-09 09:46:00,240,0.42,14156,EIRE
515187,2010-07-09 09:46:00,264,3.75,14156,EIRE
515187,2010-07-09 09:46:00,264,3.75,14156,EIRE
515187,2010-07-09 09:46:00,608,2.55,14156,EIRE
515187,2010-07-09 09:46:00,240,0.42,14156,EIRE
515187,2010-07-09 09:46:00,336,1.45,14156,EIRE
515259,2010-07-09 12:03:00,1,16.95,13576,United Kingdom
515259,2010-07-09 12:03:00,12,0.55,13576,United Kingdom
515259,2010-07-09 12:03:00,48,2.1,13576,United Kingdom
515259,2010-07-09 12:03:00,16,0.85,13576,United Kingdom
515259,2010-07-09 12:03:00,12,1.25,13576,United Kingdom
515259,2010-07-09 12:03:00,12,0.55,13576,United Kingdom
515259,2010-07-09 12:03:00,12,1.45,13576,United Kingdom
515259,2010-07-09 12:03:00,3,5.95,13576,United Kingdom
515259,2010-07-09 12:03:00,3,5.95,13576,United Kingdom
515259,2010-07-09 12:03:00,8,2.1,13576,United Kingdom
515259,2010-07-09 12:03:00,12,2.55,13576,United Kingdom
515259,2010-07-09 12:03:00,3,5.95,13576,United Kingdom
515259,2010-07-09 12:03:00,48,3.39,13576,United Kingdom
515259,2010-07-09 12:03:00,24,1.25,13576,United Kingdom
515259,2010-07-09 12:03:00,24,1.25,13576,United Kingdom
515259,2010-07-09 12:03:00,2,9.95,13576,United Kingdom
515318,2010-07-11 11:53:00,24,2.75,16199,United Kingdom
515416,2010-07-12 13:00:00,20,1.65,16168,United Kingdom
515416,2010-07-12 13:00:00,10,1.65,16168,United Kingdom
515416,2010-07-12 13:00:00,10,0.85,16168,United Kingdom
515416,2010-07-12 13:00:00,4,3.95,16168,United Kingdom
515416,2010-07-12 13:00:00,20,1.65,16168,United Kingdom
515416,2010-07-12 13:00:00,10,1.95,16168,United Kingdom
515416,2010-07-12 13:00:00,10,1.95,16168,United Kingdom
515416,2010-07-12 13:00:00,20,1.65,16168,United Kingdom
515416,2010-07-12 13:00:00,2,8.5,16168,United Kingdom
515416,2010-07-12 13:00:00,4,8.5,16168,United Kingdom
515416,2010-07-12 13:00:00,10,6.35,16168,United Kingdom
515416,2010-07-12 13:00:00,20,1.65,16168,United Kingdom
515423,2010-07-12 13:26:00,18,2.55,17143,United Kingdom
515423,2010-07-12 13:26:00,3,1.25,17143,United Kingdom
515423,2010-07-12 13:26:00,4,1.49,17143,United Kingdom
515423,2010-07-12 13:26:00,1,1.65,17143,United Kingdom
515423,2010-07-12 13:26:00,2,1.65,17143,United Kingdom
515423,2010-07-12 13:26:00,12,1.25,17143,United Kingdom
515423,2010-07-12 13:26:00,2,1.65,17143,United Kingdom
515423,2010-07-12 13:26:00,2,1.25,17143,United Kingdom
515423,2010-07-12 13:26:00,3,1.65,17143,United Kingdom
515423,2010-07-12 13:26:00,3,1.65,17143,United Kingdom
515423,2010-07-12 13:26:00,3,1.25,17143,United Kingdom
515423,2010-07-12 13:26:00,2,1.25,17143,United Kingdom
515423,2010-07-12 13:26:00,3,3.75,17143,United Kingdom
515423,2010-07-12 13:26:00,1,1.25,17143,United Kingdom
515423,2010-07-12 13:26:00,4,2.1,17143,United Kingdom
515423,2010-07-12 13:26:00,5,1.65,17143,United Kingdom
515423,2010-07-12 13:26:00,1,1.25,17143,United Kingdom
515423,2010-07-12 13:26:00,3,2.95,17143,United Kingdom
515423,2010-07-12 13:26:00,1,4.95,17143,United Kingdom
515423,2010-07-12 13:26:00,6,1.25,17143,United Kingdom
515423,2010-07-12 13:26:00,5,1.65,17143,United Kingdom
515423,2010-07-12 13:26:00,3,1.69,17143,United Kingdom
515423,2010-07-12 13:26:00,3,1.69,17143,United Kingdom
515423,2010-07-12 13:26:00,2,1.65,17143,United Kingdom
515423,2010-07-12 13:26:00,2,2.95,17143,United Kingdom
515423,2010-07-12 13:26:00,1,8.5,17143,United Kingdom
515423,2010-07-12 13:26:00,1,12.75,17143,United Kingdom
515423,2010-07-12 13:26:00,3,2.95,17143,United Kingdom
515423,2010-07-12 13:26:00,3,6.75,17143,United Kingdom
515423,2010-07-12 13:26:00,3,6.75,17143,United Kingdom
515423,2010-07-12 13:26:00,2,10.95,17143,United Kingdom
515423,2010-07-12 13:26:00,4,1.49,17143,United Kingdom
515423,2010-07-12 13:26:00,3,2.95,17143,United Kingdom
515423,2010-07-12 13:26:00,2,1.65,17143,United Kingdom
515423,2010-07-12 13:26:00,2,12.75,17143,United Kingdom
515423,2010-07-12 13:26:00,2,4.95,17143,United Kingdom
515423,2010-07-12 13:26:00,6,1.25,17143,United Kingdom
515423,2010-07-12 13:26:00,1,8.5,17143,United Kingdom
515423,2010-07-12 13:26:00,1,1.95,17143,United Kingdom
515423,2010-07-12 13:26:00,1,1.65,17143,United Kingdom
515423,2010-07-12 13:26:00,2,1.65,17143,United Kingdom
515423,2010-07-12 13:26:00,2,1.25,17143,United Kingdom
515423,2010-07-12 13:26:00,2,1.45,17143,United Kingdom
515423,2010-07-12 13:26:00,2,2.55,17143,United Kingdom
515423,2010-07-12 13:26:00,2,2.1,17143,United Kingdom
515423,2010-07-12 13:26:00,2,19.95,17143,United Kingdom
515423,2010-07-12 13:26:00,1,19.95,17143,United Kingdom
515423,2010-07-12 13:26:00,1,12.75,17143,United Kingdom
515423,2010-07-12 13:26:00,4,7.95,17143,United Kingdom
515423,2010-07-12 13:26:00,2,5.95,17143,United Kingdom
515423,2010-07-12 13:26:00,1,7.95,17143,United Kingdom
515423,2010-07-12 13:26:00,1,4.95,17143,United Kingdom
515423,2010-07-12 13:26:00,3,8.5,17143,United Kingdom
515423,2010-07-12 13:26:00,3,4.95,17143,United Kingdom
515423,2010-07-12 13:26:00,25,0.42,17143,United Kingdom
515423,2010-07-12 13:26:00,3,4.95,17143,United Kingdom
515423,2010-07-12 13:26:00,1,4.95,17143,United Kingdom
515423,2010-07-12 13:26:00,2,2.1,17143,United Kingdom
515423,2010-07-12 13:26:00,2,1.45,17143,United Kingdom
515423,2010-07-12 13:26:00,2,1.95,17143,United Kingdom
515423,2010-07-12 13:26:00,4,3.75,17143,United Kingdom
515423,2010-07-12 13:26:00,2,2.95,17143,United Kingdom
515423,2010-07-12 13:26:00,2,2.1,17143,United Kingdom
515423,2010-07-12 13:26:00,2,1.45,17143,United Kingdom
515423,2010-07-12 13:26:00,3,2.1,17143,United Kingdom
515423,2010-07-12 13:26:00,1,0.55,17143,United Kingdom
515423,2010-07-12 13:26:00,2,3.75,17143,United Kingdom
515423,2010-07-12 13:26:00,1,3.75,17143,United Kingdom
515423,2010-07-12 13:26:00,1,2.95,17143,United Kingdom
515423,2010-07-12 13:26:00,1,0.55,17143,United Kingdom
515423,2010-07-12 13:26:00,2,2.55,17143,United Kingdom
515423,2010-07-12 13:26:00,1,0.55,17143,United Kingdom
515423,2010-07-12 13:26:00,2,2.1,17143,United Kingdom
515423,2010-07-12 13:26:00,1,2.1,17143,United Kingdom
515423,2010-07-12 13:26:00,2,2.1,17143,United Kingdom
515423,2010-07-12 13:26:00,2,2.1,17143,United Kingdom
515423,2010-07-12 13:26:00,4,1.25,17143,United Kingdom
515423,2010-07-12 13:26:00,3,2.95,17143,United Kingdom
515423,2010-07-12 13:26:00,1,0.55,17143,United Kingdom
515423,2010-07-12 13:26:00,2,2.95,17143,United Kingdom
515455,2010-07-12 15:00:00,10,1.95,15673,United Kingdom
515455,2010-07-12 15:00:00,10,1.95,15673,United Kingdom
515455,2010-07-12 15:00:00,1,7.95,15673,United Kingdom
515455,2010-07-12 15:00:00,16,3.75,15673,United Kingdom
515455,2010-07-12 15:00:00,24,1.45,15673,United Kingdom
515455,2010-07-12 15:00:00,72,0.42,15673,United Kingdom
515455,2010-07-12 15:00:00,6,8.5,15673,United Kingdom
515455,2010-07-12 15:00:00,2,0.85,15673,United Kingdom
515455,2010-07-12 15:00:00,12,1.69,15673,United Kingdom
515455,2010-07-12 15:00:00,13,3.75,15673,United Kingdom
515455,2010-07-12 15:00:00,14,0.85,15673,United Kingdom
515455,2010-07-12 15:00:00,3,5.95,15673,United Kingdom
515455,2010-07-12 15:00:00,2,7.95,15673,United Kingdom
515455,2010-07-12 15:00:00,3,1.95,15673,United Kingdom
515455,2010-07-12 15:00:00,3,1.95,15673,United Kingdom
515455,2010-07-12 15:00:00,12,1.69,15673,United Kingdom
515455,2010-07-12 15:00:00,43,0.85,15673,United Kingdom
515455,2010-07-12 15:00:00,7,2.95,15673,United Kingdom
515455,2010-07-12 15:00:00,10,3.75,15673,United Kingdom
515455,2010-07-12 15:00:00,12,1.25,15673,United Kingdom
515455,2010-07-12 15:00:00,20,0.85,15673,United Kingdom
515455,2010-07-12 15:00:00,8,1.25,15673,United Kingdom
515455,2010-07-12 15:00:00,6,1.25,15673,United Kingdom
515455,2010-07-12 15:00:00,12,1.65,15673,United Kingdom
515455,2010-07-12 15:00:00,10,7.95,15673,United Kingdom
515455,2010-07-12 15:00:00,10,1.25,15673,United Kingdom
515455,2010-07-12 15:00:00,10,1.95,15673,United Kingdom
515455,2010-07-12 15:00:00,12,1.65,15673,United Kingdom
515455,2010-07-12 15:00:00,48,0.65,15673,United Kingdom
515455,2010-07-12 15:00:00,25,0.42,15673,United Kingdom
515455,2010-07-12 15:00:00,25,0.42,15673,United Kingdom
515455,2010-07-12 15:00:00,25,0.42,15673,United Kingdom
515455,2010-07-12 15:00:00,25,0.42,15673,United Kingdom
515455,2010-07-12 15:00:00,25,0.42,15673,United Kingdom
515455,2010-07-12 15:00:00,10,1.95,15673,United Kingdom
515455,2010-07-12 15:00:00,6,3.75,15673,United Kingdom
515455,2010-07-12 15:00:00,10,2.1,15673,United Kingdom
515455,2010-07-12 15:00:00,10,1.45,15673,United Kingdom
515455,2010-07-12 15:00:00,10,3.75,15673,United Kingdom
515455,2010-07-12 15:00:00,5,3.75,15673,United Kingdom
515455,2010-07-12 15:00:00,12,0.85,15673,United Kingdom
515455,2010-07-12 15:00:00,10,2.95,15673,United Kingdom
515455,2010-07-12 15:00:00,35,0.42,15673,United Kingdom
515455,2010-07-12 15:00:00,29,0.42,15673,United Kingdom
515455,2010-07-12 15:00:00,12,1.69,15673,United Kingdom
515455,2010-07-12 15:00:00,6,2.1,15673,United Kingdom
515455,2010-07-12 15:00:00,20,0.42,15673,United Kingdom
515455,2010-07-12 15:00:00,10,1.45,15673,United Kingdom
515455,2010-07-12 15:00:00,12,2.95,15673,United Kingdom
515455,2010-07-12 15:00:00,15,1.65,15673,United Kingdom
515455,2010-07-12 15:00:00,12,2.95,15673,United Kingdom
515455,2010-07-12 15:00:00,12,2.95,15673,United Kingdom
515455,2010-07-12 15:00:00,10,2.95,15673,United Kingdom
515455,2010-07-12 15:00:00,17,1.45,15673,United Kingdom
515588,2010-07-13 13:11:00,2,7.95,14156,EIRE
515588,2010-07-13 13:11:00,2,6.75,14156,EIRE
515588,2010-07-13 13:11:00,2,8.5,14156,EIRE
515588,2010-07-13 13:11:00,12,0.42,14156,EIRE
515588,2010-07-13 13:11:00,2,8.5,14156,EIRE
515588,2010-07-13 13:11:00,2,7.49,14156,EIRE
515588,2010-07-13 13:11:00,2,7.49,14156,EIRE
515588,2010-07-13 13:11:00,2,7.49,14156,EIRE
515588,2010-07-13 13:11:00,25,0.42,14156,EIRE
515588,2010-07-13 13:11:00,2,12.75,14156,EIRE
515588,2010-07-13 13:11:00,4,4.95,14156,EIRE
515588,2010-07-13 13:11:00,12,0.85,14156,EIRE
515588,2010-07-13 13:11:00,8,1.65,14156,EIRE
515588,2010-07-13 13:11:00,24,1.25,14156,EIRE
515588,2010-07-13 13:11:00,6,2.95,14156,EIRE
515588,2010-07-13 13:11:00,24,0.42,14156,EIRE
515588,2010-07-13 13:11:00,12,1.65,14156,EIRE
515588,2010-07-13 13:11:00,60,0.85,14156,EIRE
515588,2010-07-13 13:11:00,4,3.75,14156,EIRE
515588,2010-07-13 13:11:00,12,1.25,14156,EIRE
515588,2010-07-13 13:11:00,25,0.42,14156,EIRE
515588,2010-07-13 13:11:00,25,0.42,14156,EIRE
515588,2010-07-13 13:11:00,12,0.85,14156,EIRE
515588,2010-07-13 13:11:00,8,1.65,14156,EIRE
515588,2010-07-13 13:11:00,6,2.95,14156,EIRE
515588,2010-07-13 13:11:00,6,3.75,14156,EIRE
515588,2010-07-13 13:11:00,2,8.5,14156,EIRE
515588,2010-07-13 13:11:00,12,1.25,14156,EIRE
515588,2010-07-13 13:11:00,6,2.95,14156,EIRE
515588,2010-07-13 13:11:00,3,1.25,14156,EIRE
515588,2010-07-13 13:11:00,12,0.85,14156,EIRE
515588,2010-07-13 13:11:00,2,7.95,14156,EIRE
515588,2010-07-13 13:11:00,6,2.55,14156,EIRE
515588,2010-07-13 13:11:00,2,9.95,14156,EIRE
515588,2010-07-13 13:11:00,4,3.75,14156,EIRE
515588,2010-07-13 13:11:00,4,3.75,14156,EIRE
515588,2010-07-13 13:11:00,6,3.75,14156,EIRE
515588,2010-07-13 13:11:00,10,3.75,14156,EIRE
515588,2010-07-13 13:11:00,2,10.65,14156,EIRE
515588,2010-07-13 13:11:00,8,1.65,14156,EIRE
515588,2010-07-13 13:11:00,1,10.95,14156,EIRE
515588,2010-07-13 13:11:00,6,2.55,14156,EIRE
515588,2010-07-13 13:11:00,3,4.95,14156,EIRE
515588,2010-07-13 13:11:00,24,0.55,14156,EIRE
515588,2010-07-13 13:11:00,8,1.25,14156,EIRE
515588,2010-07-13 13:11:00,8,1.25,14156,EIRE
515588,2010-07-13 13:11:00,12,1.49,14156,EIRE
515588,2010-07-13 13:11:00,6,4.95,14156,EIRE
515588,2010-07-13 13:11:00,24,0.42,14156,EIRE
515588,2010-07-13 13:11:00,4,9.95,14156,EIRE
515598,2010-07-13 14:07:00,6,2.95,14895,United Kingdom
515598,2010-07-13 14:07:00,4,4.25,14895,United Kingdom
515598,2010-07-13 14:07:00,6,2.55,14895,United Kingdom
515598,2010-07-13 14:07:00,24,0.55,14895,United Kingdom
515598,2010-07-13 14:07:00,8,8.5,14895,United Kingdom
515598,2010-07-13 14:07:00,4,8.5,14895,United Kingdom
515598,2010-07-13 14:07:00,24,1.69,14895,United Kingdom
515598,2010-07-13 14:07:00,4,9.95,14895,United Kingdom
515598,2010-07-13 14:07:00,4,7.49,14895,United Kingdom
515598,2010-07-13 14:07:00,4,4.25,14895,United Kingdom
515598,2010-07-13 14:07:00,6,7.49,14895,United Kingdom
515598,2010-07-13 14:07:00,12,2.95,14895,United Kingdom
515598,2010-07-13 14:07:00,6,10.75,14895,United Kingdom
515598,2010-07-13 14:07:00,6,2.95,14895,United Kingdom
515598,2010-07-13 14:07:00,24,1.25,14895,United Kingdom
515598,2010-07-13 14:07:00,24,1.25,14895,United Kingdom
515598,2010-07-13 14:07:00,6,2.95,14895,United Kingdom
515598,2010-07-13 14:07:00,12,1.49,14895,United Kingdom
515598,2010-07-13 14:07:00,2,12.75,14895,United Kingdom
515598,2010-07-13 14:07:00,12,2.55,14895,United Kingdom
515598,2010-07-13 14:07:00,12,2.95,14895,United Kingdom
515600,2010-07-13 14:10:00,4,4.25,14895,United Kingdom
515600,2010-07-13 14:10:00,3,4.95,14895,United Kingdom
515600,2010-07-13 14:10:00,3,5.95,14895,United Kingdom
515601,2010-07-13 14:11:00,6,4.95,14895,United Kingdom
515602,2010-07-13 14:15:00,1,295.0,14895,United Kingdom
515707,2010-07-14 12:39:00,50,2.55,16168,United Kingdom
515707,2010-07-14 12:39:00,50,2.55,16168,United Kingdom
515707,2010-07-14 12:39:00,2,7.95,16168,United Kingdom
515708,2010-07-14 12:40:00,9,4.95,16168,United Kingdom
515909,2010-07-15 13:16:00,6,2.95,14156,EIRE
515909,2010-07-15 13:16:00,36,2.1,14156,EIRE
515909,2010-07-15 13:16:00,42,4.25,14156,EIRE
515909,2010-07-15 13:16:00,48,0.38,14156,EIRE
515909,2010-07-15 13:16:00,42,5.95,14156,EIRE
515909,2010-07-15 13:16:00,12,2.95,14156,EIRE
515909,2010-07-15 13:16:00,12,1.69,14156,EIRE
515909,2010-07-15 13:16:00,96,1.45,14156,EIRE
515909,2010-07-15 13:16:00,36,1.65,14156,EIRE
515971,2010-07-16 07:53:00,264,3.39,14156,EIRE
516119,2010-07-16 14:41:00,12,1.25,14156,EIRE
516119,2010-07-16 14:41:00,6,2.1,14156,EIRE
516119,2010-07-16 14:41:00,3,4.95,14156,EIRE
516119,2010-07-16 14:41:00,4,3.75,14156,EIRE
516119,2010-07-16 14:41:00,24,0.65,14156,EIRE
516119,2010-07-16 14:41:00,24,0.42,14156,EIRE
516119,2010-07-16 14:41:00,12,1.25,14156,EIRE
516119,2010-07-16 14:41:00,12,1.25,14156,EIRE
516119,2010-07-16 14:41:00,48,0.42,14156,EIRE
516119,2010-07-16 14:41:00,12,0.65,14156,EIRE
516119,2010-07-16 14:41:00,10,1.25,14156,EIRE
516119,2010-07-16 14:41:00,2,3.75,14156,EIRE
516119,2010-07-16 14:41:00,10,1.25,14156,EIRE
516119,2010-07-16 14:41:00,12,1.25,14156,EIRE
516119,2010-07-16 14:41:00,6,1.95,14156,EIRE
516119,2010-07-16 14:41:00,6,1.95,14156,EIRE
516119,2010-07-16 14:41:00,36,0.65,14156,EIRE
516119,2010-07-16 14:41:00,12,1.65,14156,EIRE
516119,2010-07-16 14:41:00,1,10.95,14156,EIRE
516119,2010-07-16 14:41:00,20,0.65,14156,EIRE
516119,2010-07-16 14:41:00,3,5.95,14156,EIRE
516119,2010-07-16 14:41:00,12,1.45,14156,EIRE
516119,2010-07-16 14:41:00,1,12.75,14156,EIRE
516119,2010-07-16 14:41:00,6,1.65,14156,EIRE
516119,2010-07-16 14:41:00,6,2.1,14156,EIRE
516119,2010-07-16 14:41:00,6,3.75,14156,EIRE
516119,2010-07-16 14:41:00,1,50.0,14156,EIRE
516119,2010-07-16 14:41:00,12,1.65,14156,EIRE
516119,2010-07-16 14:41:00,12,0.85,14156,EIRE
516119,2010-07-16 14:41:00,2,7.25,14156,EIRE
516119,2010-07-16 14:41:00,1,9.95,14156,EIRE
516119,2010-07-16 14:41:00,4,3.75,14156,EIRE
516119,2010-07-16 14:41:00,25,0.42,14156,EIRE
516119,2010-07-16 14:41:00,24,1.95,14156,EIRE
516119,2010-07-16 14:41:00,12,1.25,14156,EIRE
516119,2010-07-16 14:41:00,12,1.25,14156,EIRE
516119,2010-07-16 14:41:00,24,0.55,14156,EIRE
516119,2010-07-16 14:41:00,24,0.55,14156,EIRE
516119,2010-07-16 14:41:00,24,0.55,14156,EIRE
516119,2010-07-16 14:41:00,2,8.5,14156,EIRE
516119,2010-07-16 14:41:00,2,8.5,14156,EIRE
516119,2010-07-16 14:41:00,6,1.65,14156,EIRE
516129,2010-07-16 15:05:00,48,1.06,15985,United Kingdom
516129,2010-07-16 15:05:00,48,0.55,15985,United Kingdom
516129,2010-07-16 15:05:00,48,0.55,15985,United Kingdom
516129,2010-07-16 15:05:00,18,1.25,15985,United Kingdom
516129,2010-07-16 15:05:00,6,2.95,15985,United Kingdom
516129,2010-07-16 15:05:00,18,1.25,15985,United Kingdom
516129,2010-07-16 15:05:00,6,2.95,15985,United Kingdom
516129,2010-07-16 15:05:00,18,2.95,15985,United Kingdom
516129,2010-07-16 15:05:00,12,2.95,15985,United Kingdom
516129,2010-07-16 15:05:00,12,2.95,15985,United Kingdom
516158,2010-07-18 11:49:00,48,0.85,16950,United Kingdom
516158,2010-07-18 11:49:00,6,1.25,16950,United Kingdom
516158,2010-07-18 11:49:00,48,1.25,16950,United Kingdom
516158,2010-07-18 11:49:00,12,1.95,16950,United Kingdom
516158,2010-07-18 11:49:00,12,1.95,16950,United Kingdom
516158,2010-07-18 11:49:00,12,1.65,16950,United Kingdom
516158,2010-07-18 11:49:00,8,1.0,16950,United Kingdom
516158,2010-07-18 11:49:00,24,1.45,16950,United Kingdom
516158,2010-07-18 11:49:00,24,1.45,16950,United Kingdom
516158,2010-07-18 11:49:00,12,1.25,16950,United Kingdom
516158,2010-07-18 11:49:00,24,1.45,16950,United Kingdom
516158,2010-07-18 11:49:00,4,3.75,16950,United Kingdom
516158,2010-07-18 11:49:00,60,0.38,16950,United Kingdom
516158,2010-07-18 11:49:00,36,1.25,16950,United Kingdom
516348,2010-07-20 10:20:00,12,1.25,12975,United Kingdom
516348,2010-07-20 10:20:00,12,1.65,12975,United Kingdom
516348,2010-07-20 10:20:00,4,3.95,12975,United Kingdom
516348,2010-07-20 10:20:00,4,7.49,12975,United Kingdom
516348,2010-07-20 10:20:00,4,7.49,12975,United Kingdom
516348,2010-07-20 10:20:00,4,7.49,12975,United Kingdom
516348,2010-07-20 10:20:00,4,7.49,12975,United Kingdom
516348,2010-07-20 10:20:00,4,7.49,12975,United Kingdom
516348,2010-07-20 10:20:00,6,2.95,12975,United Kingdom
516348,2010-07-20 10:20:00,8,1.69,12975,United Kingdom
516348,2010-07-20 10:20:00,4,7.49,12975,United Kingdom
516348,2010-07-20 10:20:00,16,2.1,12975,United Kingdom
516455,2010-07-20 13:35:00,32,2.55,16168,United Kingdom
516455,2010-07-20 13:35:00,3,5.95,16168,United Kingdom
516455,2010-07-20 13:35:00,12,1.45,16168,United Kingdom
516482,2010-07-21 09:27:00,2,8.5,13976,United Kingdom
516482,2010-07-21 09:27:00,4,7.49,13976,United Kingdom
516482,2010-07-21 09:27:00,4,7.49,13976,United Kingdom
516482,2010-07-21 09:27:00,6,3.75,13976,United Kingdom
516482,2010-07-21 09:27:00,2,7.49,13976,United Kingdom
516482,2010-07-21 09:27:00,12,1.25,13976,United Kingdom
516482,2010-07-21 09:27:00,12,0.85,13976,United Kingdom
516482,2010-07-21 09:27:00,4,7.49,13976,United Kingdom
516482,2010-07-21 09:27:00,6,2.95,13976,United Kingdom
516482,2010-07-21 09:27:00,16,0.65,13976,United Kingdom
516482,2010-07-21 09:27:00,12,1.65,13976,United Kingdom
516482,2010-07-21 09:27:00,4,3.95,13976,United Kingdom
516482,2010-07-21 09:27:00,12,0.85,13976,United Kingdom
516482,2010-07-21 09:27:00,4,3.95,13976,United Kingdom
516482,2010-07-21 09:27:00,12,1.65,13976,United Kingdom
516482,2010-07-21 09:27:00,6,3.75,13976,United Kingdom
516634,2010-07-22 10:48:00,10,1.95,16168,United Kingdom
516634,2010-07-22 10:48:00,10,1.95,16168,United Kingdom
516634,2010-07-22 10:48:00,5,2.95,16168,United Kingdom
516634,2010-07-22 10:48:00,10,6.35,16168,United Kingdom
516634,2010-07-22 10:48:00,6,8.5,16168,United Kingdom
516634,2010-07-22 10:48:00,10,2.1,16168,United Kingdom
516634,2010-07-22 10:48:00,10,2.1,16168,United Kingdom
516634,2010-07-22 10:48:00,10,1.65,16168,United Kingdom
516729,2010-07-22 13:33:00,4,1.25,14064,United Kingdom
516729,2010-07-22 13:33:00,3,2.55,14064,United Kingdom
516729,2010-07-22 13:33:00,4,0.85,14064,United Kingdom
516729,2010-07-22 13:33:00,6,0.42,14064,United Kingdom
516729,2010-07-22 13:33:00,6,0.85,14064,United Kingdom
516729,2010-07-22 13:33:00,5,2.1,14064,United Kingdom
516729,2010-07-22 13:33:00,168,0.42,14064,United Kingdom
516911,2010-07-25 11:05:00,4,1.45,14156,EIRE
517246,2010-07-27 14:54:00,2,12.75,16835,United Kingdom
517246,2010-07-27 14:54:00,2,6.75,16835,United Kingdom
517246,2010-07-27 14:54:00,6,2.95,16835,United Kingdom
517246,2010-07-27 14:54:00,6,2.95,16835,United Kingdom
517246,2010-07-27 14:54:00,4,7.49,16835,United Kingdom
517246,2010-07-27 14:54:00,2,5.45,16835,United Kingdom
517246,2010-07-27 14:54:00,4,4.25,16835,United Kingdom
517246,2010-07-27 14:54:00,2,6.75,16835,United Kingdom
517246,2010-07-27 14:54:00,6,2.55,16835,United Kingdom
517246,2010-07-27 14:54:00,6,2.55,16835,United Kingdom
517246,2010-07-27 14:54:00,2,5.95,16835,United Kingdom
517246,2010-07-27 14:54:00,6,3.75,16835,United Kingdom
517246,2010-07-27 14:54:00,4,7.49,16835,United Kingdom
517246,2010-07-27 14:54:00,6,12.75,16835,United Kingdom
517246,2010-07-27 14:54:00,6,1.95,16835,United Kingdom
517486,2010-07-29 12:33:00,12,0.65,17168,United Kingdom
517486,2010-07-29 12:33:00,12,0.85,17168,United Kingdom
517486,2010-07-29 12:33:00,1,12.75,17168,United Kingdom
517486,2010-07-29 12:33:00,10,1.25,17168,United Kingdom
517486,2010-07-29 12:33:00,10,1.25,17168,United Kingdom
517486,2010-07-29 12:33:00,6,1.95,17168,United Kingdom
517486,2010-07-29 12:33:00,2,9.95,17168,United Kingdom
517486,2010-07-29 12:33:00,10,1.25,17168,United Kingdom
517486,2010-07-29 12:33:00,4,3.75,17168,United Kingdom
517486,2010-07-29 12:33:00,10,6.75,17168,United Kingdom
517486,2010-07-29 12:33:00,10,6.75,17168,United Kingdom
517486,2010-07-29 12:33:00,6,2.95,17168,United Kingdom
517486,2010-07-29 12:33:00,24,0.85,17168,United Kingdom
517486,2010-07-29 12:33:00,4,4.95,17168,United Kingdom
517486,2010-07-29 12:33:00,6,3.75,17168,United Kingdom
517486,2010-07-29 12:33:00,10,1.25,17168,United Kingdom
517486,2010-07-29 12:33:00,16,0.42,17168,United Kingdom
517486,2010-07-29 12:33:00,24,0.42,17168,United Kingdom
517486,2010-07-29 12:33:00,3,4.95,17168,United Kingdom
517486,2010-07-29 12:33:00,30,0.21,17168,United Kingdom
517486,2010-07-29 12:33:00,10,1.95,17168,United Kingdom
517511,2010-07-29 13:23:00,6,3.75,16168,United Kingdom
517511,2010-07-29 13:23:00,10,1.95,16168,United Kingdom
517511,2010-07-29 13:23:00,10,1.95,16168,United Kingdom
517511,2010-07-29 13:23:00,10,1.95,16168,United Kingdom
517511,2010-07-29 13:23:00,12,1.25,16168,United Kingdom
517511,2010-07-29 13:23:00,6,3.75,16168,United Kingdom
517511,2010-07-29 13:23:00,6,3.75,16168,United Kingdom
517511,2010-07-29 13:23:00,5,2.95,16168,United Kingdom
517511,2010-07-29 13:23:00,25,0.42,16168,United Kingdom
517511,2010-07-29 13:23:00,5,2.95,16168,United Kingdom
517511,2010-07-29 13:23:00,2,4.95,16168,United Kingdom
517511,2010-07-29 13:23:00,3,5.95,16168,United Kingdom
517511,2010-07-29 13:23:00,1,12.75,16168,United Kingdom
517511,2010-07-29 13:23:00,20,1.65,16168,United Kingdom
517511,2010-07-29 13:23:00,20,1.65,16168,United Kingdom
517511,2010-07-29 13:23:00,10,1.65,16168,United Kingdom
517557,2010-07-29 19:26:00,2,1.95,14713,United Kingdom
517557,2010-07-29 19:26:00,3,0.85,14713,United Kingdom
517557,2010-07-29 19:26:00,3,0.85,14713,United Kingdom
517557,2010-07-29 19:26:00,6,1.65,14713,United Kingdom
517557,2010-07-29 19:26:00,6,1.65,14713,United Kingdom
517557,2010-07-29 19:26:00,25,0.42,14713,United Kingdom
517557,2010-07-29 19:26:00,6,1.65,14713,United Kingdom
517557,2010-07-29 19:26:00,6,1.65,14713,United Kingdom
517557,2010-07-29 19:26:00,4,1.65,14713,United Kingdom
517557,2010-07-29 19:26:00,25,0.42,14713,United Kingdom
517557,2010-07-29 19:26:00,3,0.85,14713,United Kingdom
517557,2010-07-29 19:26:00,2,2.1,14713,United Kingdom
517557,2010-07-29 19:26:00,2,2.1,14713,United Kingdom
517557,2010-07-29 19:26:00,2,0.85,14713,United Kingdom
517557,2010-07-29 19:26:00,18,0.85,14713,United Kingdom
517557,2010-07-29 19:26:00,3,0.85,14713,United Kingdom
517557,2010-07-29 19:26:00,2,0.85,14713,United Kingdom
517557,2010-07-29 19:26:00,2,1.95,14713,United Kingdom
517557,2010-07-29 19:26:00,2,2.95,14713,United Kingdom
517557,2010-07-29 19:26:00,12,0.42,14713,United Kingdom
517557,2010-07-29 19:26:00,6,1.65,14713,United Kingdom
517557,2010-07-29 19:26:00,4,2.1,14713,United Kingdom
517965,2010-08-03 12:55:00,12,0.85,14699,United Kingdom
517965,2010-08-03 12:55:00,12,0.85,14699,United Kingdom
517965,2010-08-03 12:55:00,12,0.85,14699,United Kingdom
517965,2010-08-03 12:55:00,12,1.69,14699,United Kingdom
517965,2010-08-03 12:55:00,12,0.85,14699,United Kingdom
517965,2010-08-03 12:55:00,12,0.85,14699,United Kingdom
517965,2010-08-03 12:55:00,2,8.95,14699,United Kingdom
517965,2010-08-03 12:55:00,12,2.95,14699,United Kingdom
517965,2010-08-03 12:55:00,2,9.95,14699,United Kingdom
517965,2010-08-03 12:55:00,12,0.85,14699,United Kingdom
517965,2010-08-03 12:55:00,12,0.85,14699,United Kingdom
517965,2010-08-03 12:55:00,12,0.85,14699,United Kingdom
518134,2010-08-04 15:02:00,25,0.42,15064,United Kingdom
518134,2010-08-04 15:02:00,12,1.65,15064,United Kingdom
518134,2010-08-04 15:02:00,6,2.95,15064,United Kingdom
518134,2010-08-04 15:02:00,24,1.25,15064,United Kingdom
518134,2010-08-04 15:02:00,12,1.25,15064,United Kingdom
518134,2010-08-04 15:02:00,12,0.42,15064,United Kingdom
518134,2010-08-04 15:02:00,10,1.95,15064,United Kingdom
518134,2010-08-04 15:02:00,6,3.35,15064,United Kingdom
518134,2010-08-04 15:02:00,6,2.95,15064,United Kingdom
518134,2010-08-04 15:02:00,24,0.42,15064,United Kingdom
518134,2010-08-04 15:02:00,12,0.85,15064,United Kingdom
518134,2010-08-04 15:02:00,48,0.42,15064,United Kingdom
518134,2010-08-04 15:02:00,10,1.95,15064,United Kingdom
518251,2010-08-05 17:45:00,48,1.06,16168,United Kingdom
518251,2010-08-05 17:45:00,48,1.45,16168,United Kingdom
518251,2010-08-05 17:45:00,24,2.95,16168,United Kingdom
518251,2010-08-05 17:45:00,12,1.95,16168,United Kingdom
518253,2010-08-05 17:57:00,2,2.1,14064,United Kingdom
518253,2010-08-05 17:57:00,24,1.25,14064,United Kingdom
518253,2010-08-05 17:57:00,12,2.1,14064,United Kingdom
518253,2010-08-05 17:57:00,48,0.42,14064,United Kingdom
518253,2010-08-05 17:57:00,6,1.25,14064,United Kingdom
518253,2010-08-05 17:57:00,6,0.55,14064,United Kingdom
518253,2010-08-05 17:57:00,6,1.25,14064,United Kingdom
518253,2010-08-05 17:57:00,6,1.65,14064,United Kingdom
518253,2010-08-05 17:57:00,6,0.55,14064,United Kingdom
518253,2010-08-05 17:57:00,1,0.85,14064,United Kingdom
518253,2010-08-05 17:57:00,5,1.65,14064,United Kingdom
518253,2010-08-05 17:57:00,1,1.25,14064,United Kingdom
518253,2010-08-05 17:57:00,1,1.45,14064,United Kingdom
518253,2010-08-05 17:57:00,1,1.65,14064,United Kingdom
518253,2010-08-05 17:57:00,6,0.85,14064,United Kingdom
518253,2010-08-05 17:57:00,10,0.42,14064,United Kingdom
518253,2010-08-05 17:57:00,1,1.25,14064,United Kingdom
518253,2010-08-05 17:57:00,11,0.42,14064,United Kingdom
518253,2010-08-05 17:57:00,1,1.65,14064,United Kingdom
518253,2010-08-05 17:57:00,14,0.85,14064,United Kingdom
518253,2010-08-05 17:57:00,1,1.65,14064,United Kingdom
518253,2010-08-05 17:57:00,1,1.45,14064,United Kingdom
518253,2010-08-05 17:57:00,1,1.25,14064,United Kingdom
518253,2010-08-05 17:57:00,1,1.65,14064,United Kingdom
518253,2010-08-05 17:57:00,2,1.25,14064,United Kingdom
518361,2010-08-06 16:32:00,1,8.5,14156,EIRE
518395,2010-08-08 12:41:00,6,2.95,14156,EIRE
518395,2010-08-08 12:41:00,12,2.1,14156,EIRE
518395,2010-08-08 12:41:00,4,9.95,14156,EIRE
518395,2010-08-08 12:41:00,8,9.95,14156,EIRE
518395,2010-08-08 12:41:00,18,1.25,14156,EIRE
518395,2010-08-08 12:41:00,12,1.45,14156,EIRE
518395,2010-08-08 12:41:00,28,0.21,14156,EIRE
518395,2010-08-08 12:41:00,30,0.21,14156,EIRE
518395,2010-08-08 12:41:00,6,2.95,14156,EIRE
518395,2010-08-08 12:41:00,10,6.35,14156,EIRE
518395,2010-08-08 12:41:00,24,1.25,14156,EIRE
518395,2010-08-08 12:41:00,10,6.35,14156,EIRE
518395,2010-08-08 12:41:00,24,1.65,14156,EIRE
518395,2010-08-08 12:41:00,24,1.25,14156,EIRE
518395,2010-08-08 12:41:00,24,1.25,14156,EIRE
518395,2010-08-08 12:41:00,24,0.85,14156,EIRE
518395,2010-08-08 12:41:00,144,1.06,14156,EIRE
518395,2010-08-08 12:41:00,24,1.25,14156,EIRE
518395,2010-08-08 12:41:00,24,1.25,14156,EIRE
518395,2010-08-08 12:41:00,24,0.42,14156,EIRE
518395,2010-08-08 12:41:00,12,1.65,14156,EIRE
518670,2010-08-10 15:17:00,12,2.55,14144,United Kingdom
518729,2010-08-11 11:23:00,8,2.55,15985,United Kingdom
518729,2010-08-11 11:23:00,8,2.55,15985,United Kingdom
518729,2010-08-11 11:23:00,24,1.25,15985,United Kingdom
518729,2010-08-11 11:23:00,12,2.95,15985,United Kingdom
518729,2010-08-11 11:23:00,24,0.65,15985,United Kingdom
518729,2010-08-11 11:23:00,12,1.65,15985,United Kingdom
518729,2010-08-11 11:23:00,24,0.65,15985,United Kingdom
518729,2010-08-11 11:23:00,36,0.55,15985,United Kingdom
518729,2010-08-11 11:23:00,24,2.95,15985,United Kingdom
518729,2010-08-11 11:23:00,24,1.25,15985,United Kingdom
518729,2010-08-11 11:23:00,6,2.95,15985,United Kingdom
518729,2010-08-11 11:23:00,24,0.29,15985,United Kingdom
518729,2010-08-11 11:23:00,24,0.55,15985,United Kingdom
518729,2010-08-11 11:23:00,6,2.1,15985,United Kingdom
518729,2010-08-11 11:23:00,12,1.65,15985,United Kingdom
518729,2010-08-11 11:23:00,6,2.1,15985,United Kingdom
518896,2010-08-12 13:38:00,6,2.95,14156,EIRE
518896,2010-08-12 13:38:00,12,1.45,14156,EIRE
518896,2010-08-12 13:38:00,12,1.25,14156,EIRE
518896,2010-08-12 13:38:00,12,1.25,14156,EIRE
518896,2010-08-12 13:38:00,72,0.65,14156,EIRE
518896,2010-08-12 13:38:00,16,10.95,14156,EIRE
518896,2010-08-12 13:38:00,24,1.25,14156,EIRE
518896,2010-08-12 13:38:00,48,1.25,14156,EIRE
518896,2010-08-12 13:38:00,24,1.65,14156,EIRE
518896,2010-08-12 13:38:00,24,1.45,14156,EIRE
518896,2010-08-12 13:38:00,40,2.55,14156,EIRE
518896,2010-08-12 13:38:00,12,1.45,14156,EIRE
518896,2010-08-12 13:38:00,16,4.95,14156,EIRE
518896,2010-08-12 13:38:00,8,3.75,14156,EIRE
518896,2010-08-12 13:38:00,12,1.45,14156,EIRE
518896,2010-08-12 13:38:00,24,0.65,14156,EIRE
518896,2010-08-12 13:38:00,24,0.85,14156,EIRE
518896,2010-08-12 13:38:00,4,4.95,14156,EIRE
518896,2010-08-12 13:38:00,6,2.95,14156,EIRE
518896,2010-08-12 13:38:00,6,2.95,14156,EIRE
518896,2010-08-12 13:38:00,6,2.95,14156,EIRE
518970,2010-08-12 15:52:00,24,2.75,16199,United Kingdom
519087,2010-08-13 11:45:00,12,0.42,16168,United Kingdom
519087,2010-08-13 11:45:00,36,2.95,16168,United Kingdom
519087,2010-08-13 11:45:00,3,5.95,16168,United Kingdom
519087,2010-08-13 11:45:00,12,1.65,16168,United Kingdom
519087,2010-08-13 11:45:00,8,4.95,16168,United Kingdom
519233,2010-08-15 13:10:00,20,1.95,16468,United Kingdom
519233,2010-08-15 13:10:00,3,1.65,16468,United Kingdom
519233,2010-08-15 13:10:00,3,1.65,16468,United Kingdom
519233,2010-08-15 13:10:00,3,1.65,16468,United Kingdom
519233,2010-08-15 13:10:00,3,1.65,16468,United Kingdom
519233,2010-08-15 13:10:00,5,2.95,16468,United Kingdom
519233,2010-08-15 13:10:00,3,1.65,16468,United Kingdom
519233,2010-08-15 13:10:00,2,1.65,16468,United Kingdom
519233,2010-08-15 13:10:00,2,4.95,16468,United Kingdom
519233,2010-08-15 13:10:00,1,4.95,16468,United Kingdom
519233,2010-08-15 13:10:00,3,1.65,16468,United Kingdom
519385,2010-08-16 14:15:00,10,1.95,16168,United Kingdom
519385,2010-08-16 14:15:00,20,1.65,16168,United Kingdom
519385,2010-08-16 14:15:00,20,1.65,16168,United Kingdom
519385,2010-08-16 14:15:00,20,1.65,16168,United Kingdom
519385,2010-08-16 14:15:00,4,4.95,16168,United Kingdom
519385,2010-08-16 14:15:00,6,3.75,16168,United Kingdom
519385,2010-08-16 14:15:00,20,1.95,16168,United Kingdom
519385,2010-08-16 14:15:00,10,1.65,16168,United Kingdom
519385,2010-08-16 14:15:00,4,3.95,16168,United Kingdom
519385,2010-08-16 14:15:00,6,8.5,16168,United Kingdom
519385,2010-08-16 14:15:00,12,1.49,16168,United Kingdom
519385,2010-08-16 14:15:00,10,2.1,16168,United Kingdom
519385,2010-08-16 14:15:00,2,8.5,16168,United Kingdom
519385,2010-08-16 14:15:00,25,0.42,16168,United Kingdom
519385,2010-08-16 14:15:00,10,1.95,16168,United Kingdom
519514,2010-08-18 09:19:00,60,2.75,14156,EIRE
519514,2010-08-18 09:19:00,72,5.45,14156,EIRE
519514,2010-08-18 09:19:00,48,6.95,14156,EIRE
519514,2010-08-18 09:19:00,216,1.06,14156,EIRE
519514,2010-08-18 09:19:00,72,0.72,14156,EIRE
519514,2010-08-18 09:19:00,144,1.45,14156,EIRE
519514,2010-08-18 09:19:00,80,6.35,14156,EIRE
519514,2010-08-18 09:19:00,144,1.49,14156,EIRE
519514,2010-08-18 09:19:00,144,1.25,14156,EIRE
519514,2010-08-18 09:19:00,48,0.42,14156,EIRE
519514,2010-08-18 09:19:00,144,1.25,14156,EIRE
519514,2010-08-18 09:19:00,96,0.42,14156,EIRE
519514,2010-08-18 09:19:00,144,1.45,14156,EIRE
519514,2010-08-18 09:19:00,144,1.06,14156,EIRE
519514,2010-08-18 09:19:00,80,6.35,14156,EIRE
519514,2010-08-18 09:19:00,324,1.25,14156,EIRE
519514,2010-08-18 09:19:00,144,5.45,14156,EIRE
519514,2010-08-18 09:19:00,80,6.35,14156,EIRE
519514,2010-08-18 09:19:00,50,2.1,14156,EIRE
519514,2010-08-18 09:19:00,80,6.35,14156,EIRE
519514,2010-08-18 09:19:00,48,6.95,14156,EIRE
519514,2010-08-18 09:19:00,144,1.65,14156,EIRE
519514,2010-08-18 09:19:00,128,1.06,14156,EIRE
519514,2010-08-18 09:19:00,240,0.42,14156,EIRE
519514,2010-08-18 09:19:00,108,1.25,14156,EIRE
519514,2010-08-18 09:19:00,240,0.42,14156,EIRE
519514,2010-08-18 09:19:00,150,1.45,14156,EIRE
519514,2010-08-18 09:19:00,240,0.42,14156,EIRE
519514,2010-08-18 09:19:00,192,1.45,14156,EIRE
519514,2010-08-18 09:19:00,144,1.85,14156,EIRE
519514,2010-08-18 09:19:00,216,1.06,14156,EIRE
519514,2010-08-18 09:19:00,96,1.25,14156,EIRE
519514,2010-08-18 09:19:00,96,1.45,14156,EIRE
519514,2010-08-18 09:19:00,288,1.25,14156,EIRE
519514,2010-08-18 09:19:00,216,1.06,14156,EIRE
519514,2010-08-18 09:19:00,216,1.69,14156,EIRE
519514,2010-08-18 09:19:00,150,1.45,14156,EIRE
519514,2010-08-18 09:19:00,160,2.55,14156,EIRE
519514,2010-08-18 09:19:00,144,0.65,14156,EIRE
519514,2010-08-18 09:19:00,150,0.55,14156,EIRE
519514,2010-08-18 09:19:00,216,1.06,14156,EIRE
519514,2010-08-18 09:19:00,216,1.06,14156,EIRE
519514,2010-08-18 09:19:00,216,1.06,14156,EIRE
519514,2010-08-18 09:19:00,150,0.55,14156,EIRE
519514,2010-08-18 09:19:00,200,0.55,14156,EIRE
519514,2010-08-18 09:19:00,216,1.69,14156,EIRE
519514,2010-08-18 09:19:00,288,0.65,14156,EIRE
519514,2010-08-18 09:19:00,192,1.85,14156,EIRE
519514,2010-08-18 09:19:00,288,0.32,14156,EIRE
519514,2010-08-18 09:19:00,192,1.85,14156,EIRE
519514,2010-08-18 09:19:00,240,0.42,14156,EIRE
519514,2010-08-18 09:19:00,192,1.69,14156,EIRE
519627,2010-08-19 10:07:00,2,9.95,14198,United Kingdom
519627,2010-08-19 10:07:00,12,0.85,14198,United Kingdom
519627,2010-08-19 10:07:00,12,1.25,14198,United Kingdom
519627,2010-08-19 10:07:00,6,1.55,14198,United Kingdom
519627,2010-08-19 10:07:00,2,12.75,14198,United Kingdom
519627,2010-08-19 10:07:00,2,7.95,14198,United Kingdom
519627,2010-08-19 10:07:00,4,5.95,14198,United Kingdom
519627,2010-08-19 10:07:00,24,0.19,14198,United Kingdom
519627,2010-08-19 10:07:00,24,0.38,14198,United Kingdom
519627,2010-08-19 10:07:00,2,12.75,14198,United Kingdom
519678,2010-08-19 12:35:00,10,0.85,17676,United Kingdom
519678,2010-08-19 12:35:00,20,0.85,17676,United Kingdom
519678,2010-08-19 12:35:00,10,0.85,17676,United Kingdom
519678,2010-08-19 12:35:00,10,0.85,17676,United Kingdom
519678,2010-08-19 12:35:00,10,1.65,17676,United Kingdom
519678,2010-08-19 12:35:00,12,1.49,17676,United Kingdom
519678,2010-08-19 12:35:00,10,1.65,17676,United Kingdom
519678,2010-08-19 12:35:00,24,1.25,17676,United Kingdom
519678,2010-08-19 12:35:00,12,1.49,17676,United Kingdom
519678,2010-08-19 12:35:00,10,0.85,17676,United Kingdom
519713,2010-08-19 15:36:00,600,0.72,14156,EIRE
519713,2010-08-19 15:36:00,300,1.45,14156,EIRE
519727,2010-08-19 18:07:00,12,1.65,14064,United Kingdom
519727,2010-08-19 18:07:00,24,1.25,14064,United Kingdom
519727,2010-08-19 18:07:00,24,0.42,14064,United Kingdom
519727,2010-08-19 18:07:00,12,1.65,14064,United Kingdom
519727,2010-08-19 18:07:00,14,0.85,14064,United Kingdom
519727,2010-08-19 18:07:00,14,0.85,14064,United Kingdom
519727,2010-08-19 18:07:00,4,1.25,14064,United Kingdom
519727,2010-08-19 18:07:00,6,2.55,14064,United Kingdom
519727,2010-08-19 18:07:00,24,1.25,14064,United Kingdom
519727,2010-08-19 18:07:00,24,0.42,14064,United Kingdom
519727,2010-08-19 18:07:00,24,1.25,14064,United Kingdom
519727,2010-08-19 18:07:00,12,1.65,14064,United Kingdom
519727,2010-08-19 18:07:00,2,1.25,14064,United Kingdom
519727,2010-08-19 18:07:00,18,0.42,14064,United Kingdom
519727,2010-08-19 18:07:00,12,0.85,14064,United Kingdom
519727,2010-08-19 18:07:00,12,1.65,14064,United Kingdom
519727,2010-08-19 18:07:00,5,0.55,14064,United Kingdom
519727,2010-08-19 18:07:00,2,0.55,14064,United Kingdom
519727,2010-08-19 18:07:00,1,9.95,14064,United Kingdom
519727,2010-08-19 18:07:00,3,0.55,14064,United Kingdom
519741,2010-08-20 10:44:00,5,2.95,14156,EIRE
519741,2010-08-20 10:44:00,1,50.0,14156,EIRE
519741,2010-08-20 10:44:00,1,16.95,14156,EIRE
519741,2010-08-20 10:44:00,12,1.25,14156,EIRE
519741,2010-08-20 10:44:00,6,1.45,14156,EIRE
519741,2010-08-20 10:44:00,2,8.5,14156,EIRE
519741,2010-08-20 10:44:00,1,12.75,14156,EIRE
519741,2010-08-20 10:44:00,6,5.95,14156,EIRE
519741,2010-08-20 10:44:00,3,4.95,14156,EIRE
519741,2010-08-20 10:44:00,3,4.95,14156,EIRE
519741,2010-08-20 10:44:00,24,0.55,14156,EIRE
519741,2010-08-20 10:44:00,24,0.55,14156,EIRE
519741,2010-08-20 10:44:00,3,4.95,14156,EIRE
519741,2010-08-20 10:44:00,48,0.19,14156,EIRE
519741,2010-08-20 10:44:00,6,2.95,14156,EIRE
519741,2010-08-20 10:44:00,6,2.95,14156,EIRE
519741,2010-08-20 10:44:00,4,4.95,14156,EIRE
519741,2010-08-20 10:44:00,2,12.75,14156,EIRE
519804,2010-08-20 12:31:00,1,1.25,16332,United Kingdom
519804,2010-08-20 12:31:00,10,2.95,16332,United Kingdom
519804,2010-08-20 12:31:00,1,12.75,16332,United Kingdom
519804,2010-08-20 12:31:00,48,0.19,16332,United Kingdom
519804,2010-08-20 12:31:00,1,0.85,16332,United Kingdom
519804,2010-08-20 12:31:00,1,0.85,16332,United Kingdom
519804,2010-08-20 12:31:00,1,5.95,16332,United Kingdom
519804,2010-08-20 12:31:00,1,7.95,16332,United Kingdom
519804,2010-08-20 12:31:00,1,2.95,16332,United Kingdom
519804,2010-08-20 12:31:00,6,0.42,16332,United Kingdom
519804,2010-08-20 12:31:00,4,0.85,16332,United Kingdom
519804,2010-08-20 12:31:00,36,0.29,16332,United Kingdom
519804,2010-08-20 12:31:00,2,3.75,16332,United Kingdom
519804,2010-08-20 12:31:00,2,3.25,16332,United Kingdom
519804,2010-08-20 12:31:00,2,3.25,16332,United Kingdom
519804,2010-08-20 12:31:00,1,3.25,16332,United Kingdom
519804,2010-08-20 12:31:00,2,8.5,16332,United Kingdom
519804,2010-08-20 12:31:00,4,2.95,16332,United Kingdom
519804,2010-08-20 12:31:00,4,0.85,16332,United Kingdom
519941,2010-08-23 09:57:00,36,0.21,16332,United Kingdom
519944,2010-08-23 10:24:00,12,1.65,16168,United Kingdom
519944,2010-08-23 10:24:00,12,1.65,16168,United Kingdom
519944,2010-08-23 10:24:00,6,2.95,16168,United Kingdom
519944,2010-08-23 10:24:00,6,2.95,16168,United Kingdom
519944,2010-08-23 10:24:00,6,2.95,16168,United Kingdom
519944,2010-08-23 10:24:00,4,3.95,16168,United Kingdom
519944,2010-08-23 10:24:00,3,12.75,16168,United Kingdom
519944,2010-08-23 10:24:00,12,1.25,16168,United Kingdom
519944,2010-08-23 10:24:00,12,1.25,16168,United Kingdom
519944,2010-08-23 10:24:00,6,2.55,16168,United Kingdom
519945,2010-08-23 10:25:00,2,8.5,16168,United Kingdom
519946,2010-08-23 10:38:00,12,1.25,14156,EIRE
519946,2010-08-23 10:38:00,12,2.1,14156,EIRE
519946,2010-08-23 10:38:00,24,0.29,14156,EIRE
519946,2010-08-23 10:38:00,6,2.95,14156,EIRE
519946,2010-08-23 10:38:00,1,12.75,14156,EIRE
519946,2010-08-23 10:38:00,12,0.85,14156,EIRE
519946,2010-08-23 10:38:00,6,4.95,14156,EIRE
519946,2010-08-23 10:38:00,10,1.65,14156,EIRE
519946,2010-08-23 10:38:00,24,0.65,14156,EIRE
519946,2010-08-23 10:38:00,16,1.25,14156,EIRE
519946,2010-08-23 10:38:00,16,1.25,14156,EIRE
519946,2010-08-23 10:38:00,48,0.19,14156,EIRE
519946,2010-08-23 10:38:00,25,0.19,14156,EIRE
519946,2010-08-23 10:38:00,72,0.19,14156,EIRE
519946,2010-08-23 10:38:00,24,0.29,14156,EIRE
519946,2010-08-23 10:38:00,24,0.65,14156,EIRE
519946,2010-08-23 10:38:00,10,1.65,14156,EIRE
519946,2010-08-23 10:38:00,2,7.95,14156,EIRE
519946,2010-08-23 10:38:00,12,1.65,14156,EIRE
519946,2010-08-23 10:38:00,3,4.95,14156,EIRE
519946,2010-08-23 10:38:00,24,0.42,14156,EIRE
519946,2010-08-23 10:38:00,36,0.42,14156,EIRE
519946,2010-08-23 10:38:00,10,1.95,14156,EIRE
519946,2010-08-23 10:38:00,10,1.65,14156,EIRE
519946,2010-08-23 10:38:00,10,1.25,14156,EIRE
519946,2010-08-23 10:38:00,4,5.95,14156,EIRE
519946,2010-08-23 10:38:00,2,8.5,14156,EIRE
519946,2010-08-23 10:38:00,2,5.45,14156,EIRE
519946,2010-08-23 10:38:00,2,7.95,14156,EIRE
519946,2010-08-23 10:38:00,2,6.75,14156,EIRE
519946,2010-08-23 10:38:00,2,12.75,14156,EIRE
519946,2010-08-23 10:38:00,2,9.95,14156,EIRE
519946,2010-08-23 10:38:00,3,5.95,14156,EIRE
519946,2010-08-23 10:38:00,6,3.75,14156,EIRE
519946,2010-08-23 10:38:00,8,2.95,14156,EIRE
519947,2010-08-23 10:41:00,4,3.75,14156,EIRE
519947,2010-08-23 10:41:00,10,1.25,14156,EIRE
519947,2010-08-23 10:41:00,10,1.25,14156,EIRE
519947,2010-08-23 10:41:00,4,3.75,14156,EIRE
519947,2010-08-23 10:41:00,6,1.95,14156,EIRE
519947,2010-08-23 10:41:00,2,8.5,14156,EIRE
519947,2010-08-23 10:41:00,12,0.85,14156,EIRE
519947,2010-08-23 10:41:00,12,2.1,14156,EIRE
519947,2010-08-23 10:41:00,48,0.19,14156,EIRE
519947,2010-08-23 10:41:00,25,0.19,14156,EIRE
519947,2010-08-23 10:41:00,6,2.55,14156,EIRE
519948,2010-08-23 10:43:00,2,9.95,14156,EIRE
519948,2010-08-23 10:43:00,6,3.75,14156,EIRE
520059,2010-08-23 15:44:00,1,0.85,15003,United Kingdom
520059,2010-08-23 15:44:00,1,0.85,15003,United Kingdom
520059,2010-08-23 15:44:00,1,0.85,15003,United Kingdom
520059,2010-08-23 15:44:00,1,0.85,15003,United Kingdom
520059,2010-08-23 15:44:00,1,1.65,15003,United Kingdom
520059,2010-08-23 15:44:00,2,1.25,15003,United Kingdom
520059,2010-08-23 15:44:00,2,0.85,15003,United Kingdom
520059,2010-08-23 15:44:00,1,0.85,15003,United Kingdom
520059,2010-08-23 15:44:00,1,0.55,15003,United Kingdom
520059,2010-08-23 15:44:00,2,0.42,15003,United Kingdom
520059,2010-08-23 15:44:00,1,1.65,15003,United Kingdom
520059,2010-08-23 15:44:00,1,0.55,15003,United Kingdom
520059,2010-08-23 15:44:00,1,0.55,15003,United Kingdom
520059,2010-08-23 15:44:00,1,0.55,15003,United Kingdom
520059,2010-08-23 15:44:00,1,0.55,15003,United Kingdom
520059,2010-08-23 15:44:00,1,0.85,15003,United Kingdom
520059,2010-08-23 15:44:00,1,1.95,15003,United Kingdom
520059,2010-08-23 15:44:00,1,1.95,15003,United Kingdom
520059,2010-08-23 15:44:00,2,1.45,15003,United Kingdom
520059,2010-08-23 15:44:00,1,0.55,15003,United Kingdom
520059,2010-08-23 15:44:00,3,1.95,15003,United Kingdom
520059,2010-08-23 15:44:00,1,1.95,15003,United Kingdom
520059,2010-08-23 15:44:00,1,1.95,15003,United Kingdom
520059,2010-08-23 15:44:00,1,1.95,15003,United Kingdom
520059,2010-08-23 15:44:00,2,2.95,15003,United Kingdom
520059,2010-08-23 15:44:00,2,2.95,15003,United Kingdom
520059,2010-08-23 15:44:00,2,0.85,15003,United Kingdom
520059,2010-08-23 15:44:00,2,2.95,15003,United Kingdom
520059,2010-08-23 15:44:00,2,1.65,15003,United Kingdom
520059,2010-08-23 15:44:00,1,2.55,15003,United Kingdom
520059,2010-08-23 15:44:00,2,1.65,15003,United Kingdom
520059,2010-08-23 15:44:00,2,1.65,15003,United Kingdom
520059,2010-08-23 15:44:00,2,1.65,15003,United Kingdom
520059,2010-08-23 15:44:00,2,1.65,15003,United Kingdom
520059,2010-08-23 15:44:00,2,1.25,15003,United Kingdom
520059,2010-08-23 15:44:00,2,1.65,15003,United Kingdom
520059,2010-08-23 15:44:00,2,1.45,15003,United Kingdom
520059,2010-08-23 15:44:00,1,1.25,15003,United Kingdom
520059,2010-08-23 15:44:00,2,2.1,15003,United Kingdom
520059,2010-08-23 15:44:00,2,0.85,15003,United Kingdom
520059,2010-08-23 15:44:00,1,4.95,15003,United Kingdom
520059,2010-08-23 15:44:00,2,1.95,15003,United Kingdom
520059,2010-08-23 15:44:00,2,2.55,15003,United Kingdom
520059,2010-08-23 15:44:00,2,2.55,15003,United Kingdom
520059,2010-08-23 15:44:00,2,1.95,15003,United Kingdom
520059,2010-08-23 15:44:00,1,0.85,15003,United Kingdom
520059,2010-08-23 15:44:00,1,0.85,15003,United Kingdom
520059,2010-08-23 15:44:00,2,1.25,15003,United Kingdom
520059,2010-08-23 15:44:00,2,0.55,15003,United Kingdom
520059,2010-08-23 15:44:00,1,3.75,15003,United Kingdom
520059,2010-08-23 15:44:00,2,3.75,15003,United Kingdom
520059,2010-08-23 15:44:00,1,3.75,15003,United Kingdom
520059,2010-08-23 15:44:00,2,2.12,15003,United Kingdom
520059,2010-08-23 15:44:00,1,1.25,15003,United Kingdom
520059,2010-08-23 15:44:00,1,1.25,15003,United Kingdom
520059,2010-08-23 15:44:00,2,0.85,15003,United Kingdom
520059,2010-08-23 15:44:00,1,2.55,15003,United Kingdom
520059,2010-08-23 15:44:00,1,2.55,15003,United Kingdom
520059,2010-08-23 15:44:00,4,1.25,15003,United Kingdom
520059,2010-08-23 15:44:00,1,1.25,15003,United Kingdom
520059,2010-08-23 15:44:00,2,0.42,15003,United Kingdom
520059,2010-08-23 15:44:00,2,1.95,15003,United Kingdom
520059,2010-08-23 15:44:00,2,2.55,15003,United Kingdom
520059,2010-08-23 15:44:00,2,1.25,15003,United Kingdom
520059,2010-08-23 15:44:00,2,1.25,15003,United Kingdom
520059,2010-08-23 15:44:00,1,0.42,15003,United Kingdom
520059,2010-08-23 15:44:00,1,1.25,15003,United Kingdom
520059,2010-08-23 15:44:00,1,2.55,15003,United Kingdom
520059,2010-08-23 15:44:00,2,0.38,15003,United Kingdom
520059,2010-08-23 15:44:00,2,0.38,15003,United Kingdom
520059,2010-08-23 15:44:00,2,0.38,15003,United Kingdom
520059,2010-08-23 15:44:00,2,0.85,15003,United Kingdom
520059,2010-08-23 15:44:00,1,0.42,15003,United Kingdom
520059,2010-08-23 15:44:00,2,0.38,15003,United Kingdom
520197,2010-08-24 15:14:00,12,1.69,13576,United Kingdom
520197,2010-08-24 15:14:00,12,1.95,13576,United Kingdom
520197,2010-08-24 15:14:00,1,12.75,13576,United Kingdom
520197,2010-08-24 15:14:00,3,5.95,13576,United Kingdom
520197,2010-08-24 15:14:00,3,5.95,13576,United Kingdom
520197,2010-08-24 15:14:00,48,3.39,13576,United Kingdom
520197,2010-08-24 15:14:00,12,1.25,13576,United Kingdom
520197,2010-08-24 15:14:00,25,0.19,13576,United Kingdom
520197,2010-08-24 15:14:00,24,0.38,13576,United Kingdom
520197,2010-08-24 15:14:00,24,3.39,13576,United Kingdom
520210,2010-08-24 17:14:00,2,8.95,17292,United Kingdom
520210,2010-08-24 17:14:00,3,9.95,17292,United Kingdom
520210,2010-08-24 17:14:00,10,1.25,17292,United Kingdom
520210,2010-08-24 17:14:00,2,8.95,17292,United Kingdom
520210,2010-08-24 17:14:00,6,1.95,17292,United Kingdom
520210,2010-08-24 17:14:00,1,4.25,17292,United Kingdom
520210,2010-08-24 17:14:00,2,4.25,17292,United Kingdom
520210,2010-08-24 17:14:00,6,1.65,17292,United Kingdom
520210,2010-08-24 17:14:00,2,8.95,17292,United Kingdom
520214,2010-08-25 07:46:00,12,2.55,14895,United Kingdom
520214,2010-08-25 07:46:00,8,3.75,14895,United Kingdom
520214,2010-08-25 07:46:00,8,3.75,14895,United Kingdom
520214,2010-08-25 07:46:00,36,1.65,14895,United Kingdom
520214,2010-08-25 07:46:00,36,2.55,14895,United Kingdom
520214,2010-08-25 07:46:00,12,2.55,14895,United Kingdom
520214,2010-08-25 07:46:00,12,4.25,14895,United Kingdom
520214,2010-08-25 07:46:00,36,2.1,14895,United Kingdom
520214,2010-08-25 07:46:00,72,1.06,14895,United Kingdom
520214,2010-08-25 07:46:00,72,1.06,14895,United Kingdom
520214,2010-08-25 07:46:00,6,14.95,14895,United Kingdom
520214,2010-08-25 07:46:00,36,1.25,14895,United Kingdom
520214,2010-08-25 07:46:00,50,1.85,14895,United Kingdom
520214,2010-08-25 07:46:00,48,2.1,14895,United Kingdom
520214,2010-08-25 07:46:00,72,1.25,14895,United Kingdom
520214,2010-08-25 07:46:00,12,2.1,14895,United Kingdom
520214,2010-08-25 07:46:00,12,1.95,14895,United Kingdom
520214,2010-08-25 07:46:00,16,10.95,14895,United Kingdom
520214,2010-08-25 07:46:00,12,2.55,14895,United Kingdom
520214,2010-08-25 07:46:00,96,0.64,14895,United Kingdom
520214,2010-08-25 07:46:00,6,9.95,14895,United Kingdom
520214,2010-08-25 07:46:00,12,1.69,14895,United Kingdom
520214,2010-08-25 07:46:00,24,0.85,14895,United Kingdom
520214,2010-08-25 07:46:00,24,0.85,14895,United Kingdom
520214,2010-08-25 07:46:00,3,12.75,14895,United Kingdom
520214,2010-08-25 07:46:00,6,4.95,14895,United Kingdom
520214,2010-08-25 07:46:00,4,4.25,14895,United Kingdom
520214,2010-08-25 07:46:00,18,5.45,14895,United Kingdom
520214,2010-08-25 07:46:00,18,5.45,14895,United Kingdom
520214,2010-08-25 07:46:00,6,2.95,14895,United Kingdom
520214,2010-08-25 07:46:00,8,5.45,14895,United Kingdom
520214,2010-08-25 07:46:00,8,12.75,14895,United Kingdom
520214,2010-08-25 07:46:00,10,1.25,14895,United Kingdom
520214,2010-08-25 07:46:00,48,1.25,14895,United Kingdom
520214,2010-08-25 07:46:00,18,2.55,14895,United Kingdom
520214,2010-08-25 07:46:00,24,1.49,14895,United Kingdom
520214,2010-08-25 07:46:00,16,1.65,14895,United Kingdom
520214,2010-08-25 07:46:00,12,2.95,14895,United Kingdom
520214,2010-08-25 07:46:00,60,0.21,14895,United Kingdom
520214,2010-08-25 07:46:00,12,2.1,14895,United Kingdom
520214,2010-08-25 07:46:00,16,7.95,14895,United Kingdom
520214,2010-08-25 07:46:00,12,2.1,14895,United Kingdom
520214,2010-08-25 07:46:00,24,0.55,14895,United Kingdom
520214,2010-08-25 07:46:00,24,0.55,14895,United Kingdom
520214,2010-08-25 07:46:00,5,12.75,14895,United Kingdom
520214,2010-08-25 07:46:00,192,0.36,14895,United Kingdom
520214,2010-08-25 07:46:00,48,0.42,14895,United Kingdom
520214,2010-08-25 07:46:00,36,0.65,14895,United Kingdom
520214,2010-08-25 07:46:00,24,0.85,14895,United Kingdom
520214,2010-08-25 07:46:00,6,7.95,14895,United Kingdom
520214,2010-08-25 07:46:00,6,4.95,14895,United Kingdom
520214,2010-08-25 07:46:00,6,4.95,14895,United Kingdom
520214,2010-08-25 07:46:00,18,2.95,14895,United Kingdom
520214,2010-08-25 07:46:00,6,3.75,14895,United Kingdom
520214,2010-08-25 07:46:00,12,2.95,14895,United Kingdom
520214,2010-08-25 07:46:00,10,1.25,14895,United Kingdom
520214,2010-08-25 07:46:00,4,10.65,14895,United Kingdom
520214,2010-08-25 07:46:00,24,0.85,14895,United Kingdom
520214,2010-08-25 07:46:00,24,0.85,14895,United Kingdom
520214,2010-08-25 07:46:00,24,1.45,14895,United Kingdom
520214,2010-08-25 07:46:00,24,1.45,14895,United Kingdom
520214,2010-08-25 07:46:00,32,2.55,14895,United Kingdom
520214,2010-08-25 07:46:00,24,0.55,14895,United Kingdom
520214,2010-08-25 07:46:00,24,1.45,14895,United Kingdom
520214,2010-08-25 07:46:00,4,8.5,14895,United Kingdom
520214,2010-08-25 07:46:00,4,8.5,14895,United Kingdom
520214,2010-08-25 07:46:00,4,8.5,14895,United Kingdom
520214,2010-08-25 07:46:00,12,5.55,14895,United Kingdom
520214,2010-08-25 07:46:00,12,2.95,14895,United Kingdom
520214,2010-08-25 07:46:00,12,5.95,14895,United Kingdom
520214,2010-08-25 07:46:00,2,7.65,14895,United Kingdom
520214,2010-08-25 07:46:00,8,7.65,14895,United Kingdom
520214,2010-08-25 07:46:00,12,2.1,14895,United Kingdom
520214,2010-08-25 07:46:00,18,4.25,14895,United Kingdom
520214,2010-08-25 07:46:00,8,3.75,14895,United Kingdom
520214,2010-08-25 07:46:00,10,6.35,14895,United Kingdom
520214,2010-08-25 07:46:00,48,1.06,14895,United Kingdom
520214,2010-08-25 07:46:00,96,1.45,14895,United Kingdom
520214,2010-08-25 07:46:00,96,0.85,14895,United Kingdom
520214,2010-08-25 07:46:00,72,1.69,14895,United Kingdom
520214,2010-08-25 07:46:00,12,1.25,14895,United Kingdom
520214,2010-08-25 07:46:00,12,1.25,14895,United Kingdom
520345,2010-08-25 13:05:00,6,4.95,16199,United Kingdom
520345,2010-08-25 13:05:00,24,2.75,16199,United Kingdom
520380,2010-08-25 14:53:00,36,2.1,16950,United Kingdom
520380,2010-08-25 14:53:00,4,3.95,16950,United Kingdom
520380,2010-08-25 14:53:00,4,3.75,16950,United Kingdom
520380,2010-08-25 14:53:00,3,6.45,16950,United Kingdom
520380,2010-08-25 14:53:00,12,1.65,16950,United Kingdom
520380,2010-08-25 14:53:00,8,3.75,16950,United Kingdom
520380,2010-08-25 14:53:00,24,0.65,16950,United Kingdom
520380,2010-08-25 14:53:00,96,0.42,16950,United Kingdom
520380,2010-08-25 14:53:00,6,2.55,16950,United Kingdom
520380,2010-08-25 14:53:00,12,0.85,16950,United Kingdom
520380,2010-08-25 14:53:00,4,3.75,16950,United Kingdom
520380,2010-08-25 14:53:00,6,2.55,16950,United Kingdom
520380,2010-08-25 14:53:00,12,1.25,16950,United Kingdom
520380,2010-08-25 14:53:00,12,1.25,16950,United Kingdom
520380,2010-08-25 14:53:00,48,0.42,16950,United Kingdom
520380,2010-08-25 14:53:00,6,4.95,16950,United Kingdom
520380,2010-08-25 14:53:00,48,0.42,16950,United Kingdom
520380,2010-08-25 14:53:00,24,0.85,16950,United Kingdom
520380,2010-08-25 14:53:00,24,0.85,16950,United Kingdom
520555,2010-08-26 16:36:00,2,2.55,16468,United Kingdom
520555,2010-08-26 16:36:00,12,2.1,16468,United Kingdom
520555,2010-08-26 16:36:00,3,3.75,16468,United Kingdom
520555,2010-08-26 16:36:00,3,3.75,16468,United Kingdom
520555,2010-08-26 16:36:00,3,3.75,16468,United Kingdom
520555,2010-08-26 16:36:00,3,3.75,16468,United Kingdom
520555,2010-08-26 16:36:00,10,1.25,16468,United Kingdom
520555,2010-08-26 16:36:00,6,0.42,16468,United Kingdom
520555,2010-08-26 16:36:00,5,2.95,16468,United Kingdom
520555,2010-08-26 16:36:00,10,2.95,16468,United Kingdom
520555,2010-08-26 16:36:00,5,2.95,16468,United Kingdom
520555,2010-08-26 16:36:00,12,4.95,16468,United Kingdom
520555,2010-08-26 16:36:00,3,2.55,16468,United Kingdom
520555,2010-08-26 16:36:00,4,2.1,16468,United Kingdom
520555,2010-08-26 16:36:00,3,2.55,16468,United Kingdom
520555,2010-08-26 16:36:00,4,2.1,16468,United Kingdom
520555,2010-08-26 16:36:00,2,2.55,16468,United Kingdom
520555,2010-08-26 16:36:00,2,2.55,16468,United Kingdom
520555,2010-08-26 16:36:00,20,1.65,16468,United Kingdom
520555,2010-08-26 16:36:00,20,1.65,16468,United Kingdom
520555,2010-08-26 16:36:00,20,1.65,16468,United Kingdom
520555,2010-08-26 16:36:00,10,1.65,16468,United Kingdom
520555,2010-08-26 16:36:00,10,1.65,16468,United Kingdom
520555,2010-08-26 16:36:00,10,1.65,16468,United Kingdom
520555,2010-08-26 16:36:00,10,1.65,16468,United Kingdom
520555,2010-08-26 16:36:00,10,1.95,16468,United Kingdom
520555,2010-08-26 16:36:00,10,1.95,16468,United Kingdom
520555,2010-08-26 16:36:00,20,1.95,16468,United Kingdom
520555,2010-08-26 16:36:00,10,1.95,16468,United Kingdom
520555,2010-08-26 16:36:00,10,1.95,16468,United Kingdom
520555,2010-08-26 16:36:00,20,1.95,16468,United Kingdom
520555,2010-08-26 16:36:00,20,1.95,16468,United Kingdom
521071,2010-09-02 10:25:00,2,9.95,16168,United Kingdom
521071,2010-09-02 10:25:00,2,9.95,16168,United Kingdom
521071,2010-09-02 10:25:00,8,4.95,16168,United Kingdom
521071,2010-09-02 10:25:00,12,1.95,16168,United Kingdom
521071,2010-09-02 10:25:00,32,2.55,16168,United Kingdom
521071,2010-09-02 10:25:00,6,2.95,16168,United Kingdom
521192,2010-09-02 16:55:00,6,2.95,15094,United Kingdom
521192,2010-09-02 16:55:00,6,2.55,15094,United Kingdom
521226,2010-09-03 10:49:00,3,1.25,16719,United Kingdom
521226,2010-09-03 10:49:00,25,0.42,16719,United Kingdom
521226,2010-09-03 10:49:00,5,0.42,16719,United Kingdom
521226,2010-09-03 10:49:00,2,2.55,16719,United Kingdom
521226,2010-09-03 10:49:00,2,1.65,16719,United Kingdom
521226,2010-09-03 10:49:00,1,1.65,16719,United Kingdom
521226,2010-09-03 10:49:00,5,0.85,16719,United Kingdom
521226,2010-09-03 10:49:00,72,0.29,16719,United Kingdom
521226,2010-09-03 10:49:00,2,4.95,16719,United Kingdom
521226,2010-09-03 10:49:00,30,0.21,16719,United Kingdom
521226,2010-09-03 10:49:00,3,2.55,16719,United Kingdom
521226,2010-09-03 10:49:00,3,2.1,16719,United Kingdom
521226,2010-09-03 10:49:00,1,7.95,16719,United Kingdom
521226,2010-09-03 10:49:00,1,4.25,16719,United Kingdom
521226,2010-09-03 10:49:00,1,4.25,16719,United Kingdom
521226,2010-09-03 10:49:00,1,6.75,16719,United Kingdom
521226,2010-09-03 10:49:00,2,0.42,16719,United Kingdom
521226,2010-09-03 10:49:00,1,4.95,16719,United Kingdom
521226,2010-09-03 10:49:00,2,0.42,16719,United Kingdom
521226,2010-09-03 10:49:00,3,0.85,16719,United Kingdom
521226,2010-09-03 10:49:00,3,0.42,16719,United Kingdom
521226,2010-09-03 10:49:00,3,0.42,16719,United Kingdom
521226,2010-09-03 10:49:00,25,0.42,16719,United Kingdom
521226,2010-09-03 10:49:00,1,1.25,16719,United Kingdom
521226,2010-09-03 10:49:00,1,1.25,16719,United Kingdom
521226,2010-09-03 10:49:00,1,1.25,16719,United Kingdom
521226,2010-09-03 10:49:00,2,1.25,16719,United Kingdom
521226,2010-09-03 10:49:00,1,4.95,16719,United Kingdom
521226,2010-09-03 10:49:00,2,4.95,16719,United Kingdom
521226,2010-09-03 10:49:00,1,3.75,16719,United Kingdom
521226,2010-09-03 10:49:00,2,2.55,16719,United Kingdom
521226,2010-09-03 10:49:00,2,2.55,16719,United Kingdom
521226,2010-09-03 10:49:00,2,2.95,16719,United Kingdom
521226,2010-09-03 10:49:00,2,1.25,16719,United Kingdom
521226,2010-09-03 10:49:00,1,3.35,16719,United Kingdom
521226,2010-09-03 10:49:00,1,1.65,16719,United Kingdom
521226,2010-09-03 10:49:00,1,3.35,16719,United Kingdom
521226,2010-09-03 10:49:00,1,0.42,16719,United Kingdom
521226,2010-09-03 10:49:00,1,1.25,16719,United Kingdom
521226,2010-09-03 10:49:00,3,0.42,16719,United Kingdom
521226,2010-09-03 10:50:00,2,4.95,16719,United Kingdom
521226,2010-09-03 10:50:00,2,4.95,16719,United Kingdom
521226,2010-09-03 10:50:00,1,5.95,16719,United Kingdom
521226,2010-09-03 10:50:00,25,0.42,16719,United Kingdom
521226,2010-09-03 10:50:00,25,0.42,16719,United Kingdom
521226,2010-09-03 10:50:00,25,0.42,16719,United Kingdom
521549,2010-09-06 15:55:00,1,50.0,14156,EIRE
521549,2010-09-06 15:55:00,8,1.95,14156,EIRE
521549,2010-09-06 15:55:00,2,7.95,14156,EIRE
521549,2010-09-06 15:55:00,3,5.95,14156,EIRE
521549,2010-09-06 15:55:00,3,4.95,14156,EIRE
521549,2010-09-06 15:55:00,3,4.95,14156,EIRE
521549,2010-09-06 15:55:00,6,2.55,14156,EIRE
521549,2010-09-06 15:55:00,6,2.55,14156,EIRE
521549,2010-09-06 15:55:00,2,8.5,14156,EIRE
521549,2010-09-06 15:55:00,12,1.65,14156,EIRE
521549,2010-09-06 15:55:00,10,1.65,14156,EIRE
521549,2010-09-06 15:55:00,12,0.85,14156,EIRE
521549,2010-09-06 15:55:00,6,3.75,14156,EIRE
521549,2010-09-06 15:55:00,6,3.75,14156,EIRE
521549,2010-09-06 15:55:00,6,3.75,14156,EIRE
521549,2010-09-06 15:55:00,12,3.75,14156,EIRE
521549,2010-09-06 15:55:00,16,10.95,14156,EIRE
521549,2010-09-06 15:55:00,6,2.55,14156,EIRE
521549,2010-09-06 15:55:00,6,2.55,14156,EIRE
521549,2010-09-06 15:55:00,3,5.95,14156,EIRE
521897,2010-09-09 12:22:00,2,2.95,14064,United Kingdom
521897,2010-09-09 12:22:00,2,0.95,14064,United Kingdom
521897,2010-09-09 12:22:00,4,2.55,14064,United Kingdom
521897,2010-09-09 12:22:00,10,1.45,14064,United Kingdom
521897,2010-09-09 12:22:00,12,2.1,14064,United Kingdom
521897,2010-09-09 12:22:00,432,0.36,14064,United Kingdom
521897,2010-09-09 12:22:00,2,1.25,14064,United Kingdom
521897,2010-09-09 12:22:00,10,0.85,14064,United Kingdom
521897,2010-09-09 12:22:00,1,2.95,14064,United Kingdom
521897,2010-09-09 12:22:00,5,1.25,14064,United Kingdom
521897,2010-09-09 12:22:00,10,0.42,14064,United Kingdom
521897,2010-09-09 12:22:00,1,2.95,14064,United Kingdom
521946,2010-09-09 17:04:00,24,4.25,16563,United Kingdom
521946,2010-09-09 17:04:00,72,3.39,16563,United Kingdom
521946,2010-09-09 17:04:00,24,3.39,16563,United Kingdom
521946,2010-09-09 17:04:00,12,0.65,16563,United Kingdom
521946,2010-09-09 17:04:00,25,0.42,16563,United Kingdom
521946,2010-09-09 17:04:00,25,0.42,16563,United Kingdom
521946,2010-09-09 17:04:00,12,0.42,16563,United Kingdom
521946,2010-09-09 17:04:00,12,0.85,16563,United Kingdom
521946,2010-09-09 17:04:00,24,0.42,16563,United Kingdom
521946,2010-09-09 17:04:00,12,0.42,16563,United Kingdom
521946,2010-09-09 17:04:00,12,6.35,16563,United Kingdom
521946,2010-09-09 17:04:00,2,9.95,16563,United Kingdom
521946,2010-09-09 17:04:00,25,0.42,16563,United Kingdom
521946,2010-09-09 17:04:00,36,3.39,16563,United Kingdom
521985,2010-09-10 10:27:00,2,8.5,14623,United Kingdom
521985,2010-09-10 10:27:00,6,1.25,14623,United Kingdom
521985,2010-09-10 10:27:00,6,1.25,14623,United Kingdom
521985,2010-09-10 10:27:00,6,2.55,14623,United Kingdom
521985,2010-09-10 10:27:00,24,0.55,14623,United Kingdom
521985,2010-09-10 10:27:00,2,8.5,14623,United Kingdom
521985,2010-09-10 10:27:00,2,8.5,14623,United Kingdom
521985,2010-09-10 10:27:00,1,12.75,14623,United Kingdom
521985,2010-09-10 10:27:00,18,1.45,14623,United Kingdom
521985,2010-09-10 10:27:00,16,1.25,14623,United Kingdom
521985,2010-09-10 10:27:00,24,0.55,14623,United Kingdom
521985,2010-09-10 10:27:00,24,1.25,14623,United Kingdom
521985,2010-09-10 10:27:00,12,1.25,14623,United Kingdom
521985,2010-09-10 10:27:00,24,1.25,14623,United Kingdom
521985,2010-09-10 10:27:00,2,7.95,14623,United Kingdom
521985,2010-09-10 10:27:00,12,1.25,14623,United Kingdom
521985,2010-09-10 10:27:00,12,1.25,14623,United Kingdom
521985,2010-09-10 10:27:00,2,7.95,14623,United Kingdom
522045,2010-09-10 13:38:00,4,3.75,16040,United Kingdom
522045,2010-09-10 13:38:00,6,2.1,16040,United Kingdom
522045,2010-09-10 13:38:00,3,5.95,16040,United Kingdom
522045,2010-09-10 13:38:00,12,1.25,16040,United Kingdom
522045,2010-09-10 13:38:00,9,4.95,16040,United Kingdom
522045,2010-09-10 13:38:00,12,0.85,16040,United Kingdom
522045,2010-09-10 13:38:00,2,8.5,16040,United Kingdom
522045,2010-09-10 13:38:00,1,12.75,16040,United Kingdom
522045,2010-09-10 13:38:00,12,1.65,16040,United Kingdom
522045,2010-09-10 13:38:00,10,1.95,16040,United Kingdom
522045,2010-09-10 13:38:00,3,4.95,16040,United Kingdom
522045,2010-09-10 13:38:00,2,19.95,16040,United Kingdom
522045,2010-09-10 13:38:00,4,3.75,16040,United Kingdom
522045,2010-09-10 13:38:00,1,39.95,16040,United Kingdom
522088,2010-09-12 12:31:00,100,1.5,14156,EIRE
522088,2010-09-12 12:31:00,80,1.06,14156,EIRE
522088,2010-09-12 12:31:00,40,2.55,14156,EIRE
522088,2010-09-12 12:31:00,30,0.85,14156,EIRE
522088,2010-09-12 12:31:00,480,0.42,14156,EIRE
522101,2010-09-12 14:02:00,2,7.95,14264,United Kingdom
522101,2010-09-12 14:02:00,6,2.95,14264,United Kingdom
522101,2010-09-12 14:02:00,4,7.95,14264,United Kingdom
522101,2010-09-12 14:02:00,4,7.95,14264,United Kingdom
522101,2010-09-12 14:02:00,2,9.95,14264,United Kingdom
522101,2010-09-12 14:02:00,2,7.95,14264,United Kingdom
522101,2010-09-12 14:02:00,12,1.25,14264,United Kingdom
522101,2010-09-12 14:02:00,4,4.95,14264,United Kingdom
522101,2010-09-12 14:02:00,2,7.95,14264,United Kingdom
522139,2010-09-13 10:30:00,40,34.95,14156,EIRE
522206,2010-09-13 12:01:00,2,0.85,17898,United Kingdom
522206,2010-09-13 12:01:00,2,2.55,17898,United Kingdom
522206,2010-09-13 12:01:00,2,2.95,17898,United Kingdom
522206,2010-09-13 12:01:00,2,1.25,17898,United Kingdom
522206,2010-09-13 12:01:00,3,0.85,17898,United Kingdom
522206,2010-09-13 12:01:00,1,1.25,17898,United Kingdom
522206,2010-09-13 12:01:00,1,1.49,17898,United Kingdom
522206,2010-09-13 12:01:00,2,1.65,17898,United Kingdom
522206,2010-09-13 12:01:00,5,1.69,17898,United Kingdom
522384,2010-09-14 11:08:00,4,1.45,15673,United Kingdom
522384,2010-09-14 11:08:00,12,0.85,15673,United Kingdom
522384,2010-09-14 11:08:00,20,1.95,15673,United Kingdom
522384,2010-09-14 11:08:00,6,3.75,15673,United Kingdom
522384,2010-09-14 11:08:00,20,1.95,15673,United Kingdom
522384,2010-09-14 11:08:00,6,2.95,15673,United Kingdom
522384,2010-09-14 11:08:00,2,1.45,15673,United Kingdom
522384,2010-09-14 11:08:00,5,3.75,15673,United Kingdom
522384,2010-09-14 11:08:00,7,3.75,15673,United Kingdom
522384,2010-09-14 11:08:00,12,3.75,15673,United Kingdom
522384,2010-09-14 11:08:00,5,3.75,15673,United Kingdom
522384,2010-09-14 11:08:00,5,2.1,15673,United Kingdom
522384,2010-09-14 11:08:00,1,4.95,15673,United Kingdom
522384,2010-09-14 11:08:00,4,1.25,15673,United Kingdom
522384,2010-09-14 11:08:00,1,1.25,15673,United Kingdom
522384,2010-09-14 11:08:00,6,1.95,15673,United Kingdom
522384,2010-09-14 11:08:00,14,4.25,15673,United Kingdom
522384,2010-09-14 11:08:00,6,1.65,15673,United Kingdom
522384,2010-09-14 11:08:00,24,0.55,15673,United Kingdom
522384,2010-09-14 11:08:00,24,0.55,15673,United Kingdom
522384,2010-09-14 11:08:00,35,0.85,15673,United Kingdom
522384,2010-09-14 11:08:00,48,0.85,15673,United Kingdom
522384,2010-09-14 11:08:00,12,1.25,15673,United Kingdom
522384,2010-09-14 11:08:00,24,1.65,15673,United Kingdom
522384,2010-09-14 11:08:00,24,2.55,15673,United Kingdom
522513,2010-09-15 11:35:00,36,8.5,14156,EIRE
522513,2010-09-15 11:35:00,100,2.1,14156,EIRE
522513,2010-09-15 11:35:00,360,0.42,14156,EIRE
522513,2010-09-15 11:35:00,72,1.06,14156,EIRE
522513,2010-09-15 11:35:00,96,0.72,14156,EIRE
522513,2010-09-15 11:35:00,48,6.95,14156,EIRE
522513,2010-09-15 11:35:00,144,0.72,14156,EIRE
522513,2010-09-15 11:35:00,144,0.36,14156,EIRE
522513,2010-09-15 11:35:00,48,6.95,14156,EIRE
522513,2010-09-15 11:35:00,360,0.42,14156,EIRE
522513,2010-09-15 11:35:00,60,6.75,14156,EIRE
522513,2010-09-15 11:35:00,144,0.72,14156,EIRE
522513,2010-09-15 11:35:00,360,0.42,14156,EIRE
522513,2010-09-15 11:35:00,144,1.45,14156,EIRE
522513,2010-09-15 11:35:00,240,0.42,14156,EIRE
522513,2010-09-15 11:35:00,360,0.42,14156,EIRE
522513,2010-09-15 11:35:00,144,1.06,14156,EIRE
522513,2010-09-15 11:35:00,72,1.25,14156,EIRE
522513,2010-09-15 11:35:00,100,1.45,14156,EIRE
522513,2010-09-15 11:35:00,144,1.69,14156,EIRE
522513,2010-09-15 11:35:00,192,1.85,14156,EIRE
522513,2010-09-15 11:35:00,60,6.75,14156,EIRE
522513,2010-09-15 11:35:00,60,1.65,14156,EIRE
522513,2010-09-15 11:35:00,48,2.55,14156,EIRE
522513,2010-09-15 11:35:00,72,5.95,14156,EIRE
522513,2010-09-15 11:35:00,360,0.42,14156,EIRE
522585,2010-09-15 12:27:00,1,12.75,13784,United Kingdom
522585,2010-09-15 12:27:00,24,2.55,13784,United Kingdom
522585,2010-09-15 12:27:00,24,2.55,13784,United Kingdom
522585,2010-09-15 12:27:00,72,1.06,13784,United Kingdom
522585,2010-09-15 12:27:00,4,12.75,13784,United Kingdom
522585,2010-09-15 12:27:00,48,0.95,13784,United Kingdom
522585,2010-09-15 12:27:00,96,0.42,13784,United Kingdom
522585,2010-09-15 12:27:00,48,0.85,13784,United Kingdom
522631,2010-09-16 09:07:00,24,5.45,14156,EIRE
522631,2010-09-16 09:07:00,24,0.42,14156,EIRE
522631,2010-09-16 09:07:00,16,10.95,14156,EIRE
522631,2010-09-16 09:07:00,96,0.85,14156,EIRE
522631,2010-09-16 09:07:00,24,5.45,14156,EIRE
522631,2010-09-16 09:07:00,24,5.45,14156,EIRE
522631,2010-09-16 09:07:00,24,0.55,14156,EIRE
522631,2010-09-16 09:07:00,24,8.5,14156,EIRE
522631,2010-09-16 09:07:00,12,1.25,14156,EIRE
522631,2010-09-16 09:07:00,6,2.95,14156,EIRE
522631,2010-09-16 09:07:00,24,0.55,14156,EIRE
522631,2010-09-16 09:07:00,12,1.25,14156,EIRE
522631,2010-09-16 09:07:00,12,1.25,14156,EIRE
522631,2010-09-16 09:07:00,24,0.55,14156,EIRE
522631,2010-09-16 09:07:00,24,0.55,14156,EIRE
522631,2010-09-16 09:07:00,12,2.95,14156,EIRE
522733,2010-09-16 12:51:00,4,5.95,17588,United Kingdom
522733,2010-09-16 12:51:00,2,7.95,17588,United Kingdom
522733,2010-09-16 12:51:00,4,7.95,17588,United Kingdom
522733,2010-09-16 12:51:00,6,5.95,17588,United Kingdom
522733,2010-09-16 12:51:00,10,6.75,17588,United Kingdom
522733,2010-09-16 12:51:00,2,7.95,17588,United Kingdom
522733,2010-09-16 12:51:00,4,7.95,17588,United Kingdom
522733,2010-09-16 12:51:00,48,2.75,17588,United Kingdom
522773,2010-09-16 14:34:00,6,2.95,12369,Austria
522773,2010-09-16 14:34:00,24,1.25,12369,Austria
522773,2010-09-16 14:34:00,6,1.95,12369,Austria
522773,2010-09-16 14:34:00,6,1.95,12369,Austria
522773,2010-09-16 14:34:00,2,5.95,12369,Austria
522773,2010-09-16 14:34:00,2,7.95,12369,Austria
522773,2010-09-16 14:34:00,6,2.55,12369,Austria
522773,2010-09-16 14:34:00,6,2.95,12369,Austria
522773,2010-09-16 14:34:00,36,0.85,12369,Austria
522773,2010-09-16 14:34:00,24,0.85,12369,Austria
522773,2010-09-16 14:34:00,16,1.69,12369,Austria
522773,2010-09-16 14:34:00,24,0.65,12369,Austria
522773,2010-09-16 14:34:00,24,0.65,12369,Austria
522773,2010-09-16 14:34:00,12,1.25,12369,Austria
522773,2010-09-16 14:34:00,12,0.85,12369,Austria
522773,2010-09-16 14:34:00,4,4.95,12369,Austria
522773,2010-09-16 14:34:00,12,1.25,12369,Austria
522773,2010-09-16 14:34:00,3,4.25,12369,Austria
522773,2010-09-16 14:34:00,12,1.25,12369,Austria
522773,2010-09-16 14:34:00,6,1.65,12369,Austria
522773,2010-09-16 14:34:00,24,0.55,12369,Austria
522773,2010-09-16 14:34:00,24,0.55,12369,Austria
522773,2010-09-16 14:34:00,24,0.55,12369,Austria
522773,2010-09-16 14:34:00,24,0.55,12369,Austria
522773,2010-09-16 14:34:00,24,0.55,12369,Austria
522773,2010-09-16 14:34:00,8,1.95,12369,Austria
522773,2010-09-16 14:34:00,12,1.25,12369,Austria
522773,2010-09-16 14:34:00,8,1.95,12369,Austria
522773,2010-09-16 14:34:00,3,5.95,12369,Austria
522773,2010-09-16 14:34:00,6,2.95,12369,Austria
522773,2010-09-16 14:34:00,12,1.25,12369,Austria
522773,2010-09-16 14:34:00,3,4.25,12369,Austria
522773,2010-09-16 14:34:00,12,0.85,12369,Austria
522773,2010-09-16 14:34:00,12,1.65,12369,Austria
522773,2010-09-16 14:34:00,8,1.69,12369,Austria
522773,2010-09-16 14:34:00,3,5.95,12369,Austria
522773,2010-09-16 14:34:00,12,0.42,12369,Austria
522773,2010-09-16 14:34:00,24,1.25,12369,Austria
522773,2010-09-16 14:34:00,12,0.42,12369,Austria
522773,2010-09-16 14:34:00,12,0.65,12369,Austria
522773,2010-09-16 14:34:00,12,0.65,12369,Austria
522773,2010-09-16 14:34:00,12,0.65,12369,Austria
522773,2010-09-16 14:34:00,4,4.95,12369,Austria
522773,2010-09-16 14:34:00,12,0.42,12369,Austria
522773,2010-09-16 14:34:00,12,0.42,12369,Austria
522773,2010-09-16 14:34:00,12,0.42,12369,Austria
522773,2010-09-16 14:34:00,12,1.95,12369,Austria
522773,2010-09-16 14:34:00,10,1.65,12369,Austria
522773,2010-09-16 14:34:00,6,2.55,12369,Austria
522773,2010-09-16 14:34:00,6,2.55,12369,Austria
522773,2010-09-16 14:34:00,10,1.65,12369,Austria
522773,2010-09-16 14:34:00,10,1.65,12369,Austria
522773,2010-09-16 14:34:00,10,1.65,12369,Austria
522773,2010-09-16 14:34:00,12,0.42,12369,Austria
522773,2010-09-16 14:34:00,25,0.42,12369,Austria
522773,2010-09-16 14:34:00,25,0.42,12369,Austria
522773,2010-09-16 14:34:00,12,0.65,12369,Austria
522773,2010-09-16 14:34:00,25,0.42,12369,Austria
522773,2010-09-16 14:34:00,5,40.0,12369,Austria
522773,2010-09-16 14:34:00,6,2.95,12369,Austria
522773,2010-09-16 14:34:00,25,0.42,12369,Austria
522773,2010-09-16 14:34:00,8,1.65,12369,Austria
522773,2010-09-16 14:34:00,8,1.65,12369,Austria
522773,2010-09-16 14:34:00,8,1.65,12369,Austria
522773,2010-09-16 14:34:00,6,2.55,12369,Austria
522773,2010-09-16 14:34:00,2,8.95,12369,Austria
522773,2010-09-16 14:34:00,10,1.65,12369,Austria
522773,2010-09-16 14:34:00,6,2.95,12369,Austria
522773,2010-09-16 14:34:00,24,0.42,12369,Austria
522773,2010-09-16 14:34:00,12,0.55,12369,Austria
522773,2010-09-16 14:34:00,12,1.65,12369,Austria
522773,2010-09-16 14:34:00,25,0.42,12369,Austria
522773,2010-09-16 14:34:00,25,0.42,12369,Austria
522773,2010-09-16 14:34:00,2,8.95,12369,Austria
522773,2010-09-16 14:34:00,25,0.42,12369,Austria
522929,2010-09-17 14:45:00,36,0.85,15117,United Kingdom
522929,2010-09-17 14:45:00,12,0.85,15117,United Kingdom
522929,2010-09-17 14:45:00,4,3.75,15117,United Kingdom
522929,2010-09-17 14:45:00,4,4.25,15117,United Kingdom
522929,2010-09-17 14:45:00,12,1.45,15117,United Kingdom
522929,2010-09-17 14:45:00,6,2.95,15117,United Kingdom
522929,2010-09-17 14:45:00,6,2.95,15117,United Kingdom
522929,2010-09-17 14:45:00,6,2.1,15117,United Kingdom
522929,2010-09-17 14:45:00,4,3.75,15117,United Kingdom
522929,2010-09-17 14:45:00,500,0.32,15117,United Kingdom
522929,2010-09-17 14:45:00,6,2.1,15117,United Kingdom
522929,2010-09-17 14:45:00,6,2.95,15117,United Kingdom
522929,2010-09-17 14:45:00,2,8.5,15117,United Kingdom
522929,2010-09-17 14:45:00,10,1.65,15117,United Kingdom
522929,2010-09-17 14:45:00,12,1.25,15117,United Kingdom
522929,2010-09-17 14:45:00,12,1.25,15117,United Kingdom
522929,2010-09-17 14:45:00,10,1.95,15117,United Kingdom
522929,2010-09-17 14:45:00,10,1.95,15117,United Kingdom
522929,2010-09-17 14:45:00,10,0.85,15117,United Kingdom
522929,2010-09-17 14:45:00,10,1.95,15117,United Kingdom
522929,2010-09-17 14:45:00,10,1.95,15117,United Kingdom
522929,2010-09-17 14:45:00,10,1.65,15117,United Kingdom
522929,2010-09-17 14:45:00,10,1.65,15117,United Kingdom
522929,2010-09-17 14:45:00,10,1.65,15117,United Kingdom
522929,2010-09-17 14:45:00,12,1.25,15117,United Kingdom
522929,2010-09-17 14:45:00,10,1.65,15117,United Kingdom
522963,2010-09-19 12:40:00,10,1.65,16053,United Kingdom
522963,2010-09-19 12:40:00,12,1.95,16053,United Kingdom
522963,2010-09-19 12:40:00,12,1.95,16053,United Kingdom
522963,2010-09-19 12:40:00,24,0.29,16053,United Kingdom
522963,2010-09-19 12:40:00,24,0.29,16053,United Kingdom
522963,2010-09-19 12:40:00,3,4.95,16053,United Kingdom
522963,2010-09-19 12:40:00,10,1.65,16053,United Kingdom
522963,2010-09-19 12:40:00,6,2.95,16053,United Kingdom
522963,2010-09-19 12:40:00,10,1.65,16053,United Kingdom
522963,2010-09-19 12:40:00,10,0.85,16053,United Kingdom
522963,2010-09-19 12:40:00,6,2.95,16053,United Kingdom
522963,2010-09-19 12:40:00,10,1.95,16053,United Kingdom
522963,2010-09-19 12:40:00,10,1.95,16053,United Kingdom
522963,2010-09-19 12:40:00,4,4.25,16053,United Kingdom
522963,2010-09-19 12:40:00,3,4.95,16053,United Kingdom
522963,2010-09-19 12:40:00,6,2.95,16053,United Kingdom
522963,2010-09-19 12:40:00,12,1.25,16053,United Kingdom
522963,2010-09-19 12:40:00,24,0.42,16053,United Kingdom
522963,2010-09-19 12:40:00,2,12.75,16053,United Kingdom
522963,2010-09-19 12:40:00,2,9.95,16053,United Kingdom
522963,2010-09-19 12:40:00,10,0.85,16053,United Kingdom
522963,2010-09-19 12:40:00,3,4.95,16053,United Kingdom
522963,2010-09-19 12:40:00,6,2.55,16053,United Kingdom
522963,2010-09-19 12:40:00,2,9.95,16053,United Kingdom
522963,2010-09-19 12:40:00,3,4.95,16053,United Kingdom
522963,2010-09-19 12:40:00,12,1.25,16053,United Kingdom
522963,2010-09-19 12:40:00,24,0.55,16053,United Kingdom
522963,2010-09-19 12:40:00,12,1.45,16053,United Kingdom
522963,2010-09-19 12:40:00,6,3.75,16053,United Kingdom
522963,2010-09-19 12:40:00,6,3.75,16053,United Kingdom
522963,2010-09-19 12:40:00,12,2.95,16053,United Kingdom
522963,2010-09-19 12:40:00,24,1.25,16053,United Kingdom
522963,2010-09-19 12:40:00,24,1.25,16053,United Kingdom
522963,2010-09-19 12:40:00,12,1.25,16053,United Kingdom
522963,2010-09-19 12:40:00,6,2.95,16053,United Kingdom
522963,2010-09-19 12:40:00,2,12.75,16053,United Kingdom
522963,2010-09-19 12:40:00,288,0.21,16053,United Kingdom
522963,2010-09-19 12:40:00,6,2.55,16053,United Kingdom
522963,2010-09-19 12:40:00,1,10.95,16053,United Kingdom
522963,2010-09-19 12:40:00,6,2.95,16053,United Kingdom
522963,2010-09-19 12:40:00,4,4.95,16053,United Kingdom
522963,2010-09-19 12:40:00,6,2.95,16053,United Kingdom
522963,2010-09-19 12:40:00,6,2.95,16053,United Kingdom
522963,2010-09-19 12:40:00,6,2.95,16053,United Kingdom
523059,2010-09-20 12:01:00,3,5.95,14156,EIRE
523059,2010-09-20 12:01:00,6,2.1,14156,EIRE
523059,2010-09-20 12:01:00,8,1.69,14156,EIRE
523059,2010-09-20 12:01:00,24,1.25,14156,EIRE
523059,2010-09-20 12:01:00,20,1.65,14156,EIRE
523059,2010-09-20 12:01:00,12,2.55,14156,EIRE
523059,2010-09-20 12:01:00,3,4.95,14156,EIRE
523059,2010-09-20 12:01:00,24,1.25,14156,EIRE
523059,2010-09-20 12:01:00,12,1.25,14156,EIRE
523059,2010-09-20 12:01:00,12,0.85,14156,EIRE
523059,2010-09-20 12:01:00,24,1.25,14156,EIRE
523059,2010-09-20 12:01:00,6,2.95,14156,EIRE
523059,2010-09-20 12:01:00,12,2.95,14156,EIRE
523059,2010-09-20 12:01:00,3,5.95,14156,EIRE
523059,2010-09-20 12:01:00,2,12.75,14156,EIRE
523059,2010-09-20 12:01:00,3,5.95,14156,EIRE
523059,2010-09-20 12:01:00,12,1.25,14156,EIRE
523059,2010-09-20 12:01:00,6,2.95,14156,EIRE
523059,2010-09-20 12:01:00,2,10.95,14156,EIRE
523059,2010-09-20 12:01:00,3,4.95,14156,EIRE
523059,2010-09-20 12:01:00,24,0.55,14156,EIRE
523059,2010-09-20 12:01:00,12,1.25,14156,EIRE
523059,2010-09-20 12:01:00,24,1.25,14156,EIRE
523059,2010-09-20 12:01:00,24,0.55,14156,EIRE
523059,2010-09-20 12:01:00,24,0.55,14156,EIRE
523059,2010-09-20 12:01:00,12,1.25,14156,EIRE
523059,2010-09-20 12:01:00,12,1.45,14156,EIRE
523059,2010-09-20 12:01:00,12,1.45,14156,EIRE
523059,2010-09-20 12:01:00,12,1.65,14156,EIRE
523059,2010-09-20 12:01:00,10,2.1,14156,EIRE
523059,2010-09-20 12:01:00,1,19.95,14156,EIRE
523059,2010-09-20 12:01:00,6,2.95,14156,EIRE
523059,2010-09-20 12:01:00,12,2.55,14156,EIRE
523062,2010-09-20 12:02:00,10,1.95,14156,EIRE
523062,2010-09-20 12:02:00,12,1.45,14156,EIRE
523062,2010-09-20 12:02:00,12,1.45,14156,EIRE
523062,2010-09-20 12:02:00,12,1.45,14156,EIRE
523062,2010-09-20 12:02:00,12,1.45,14156,EIRE
523062,2010-09-20 12:02:00,36,0.65,14156,EIRE
523062,2010-09-20 12:02:00,12,1.95,14156,EIRE
523062,2010-09-20 12:02:00,20,1.25,14156,EIRE
523062,2010-09-20 12:02:00,12,2.95,14156,EIRE
523062,2010-09-20 12:02:00,6,2.95,14156,EIRE
523062,2010-09-20 12:02:00,4,4.25,14156,EIRE
523062,2010-09-20 12:02:00,12,0.85,14156,EIRE
523062,2010-09-20 12:02:00,6,2.1,14156,EIRE
523062,2010-09-20 12:02:00,6,2.95,14156,EIRE
523062,2010-09-20 12:02:00,2,7.95,14156,EIRE
523062,2010-09-20 12:02:00,12,0.85,14156,EIRE
523062,2010-09-20 12:02:00,12,1.25,14156,EIRE
523062,2010-09-20 12:02:00,12,1.25,14156,EIRE
523062,2010-09-20 12:02:00,2,8.5,14156,EIRE
523062,2010-09-20 12:02:00,2,8.5,14156,EIRE
523062,2010-09-20 12:02:00,6,2.95,14156,EIRE
523062,2010-09-20 12:02:00,12,2.55,14156,EIRE
523062,2010-09-20 12:02:00,2,7.95,14156,EIRE
523062,2010-09-20 12:02:00,4,9.95,14156,EIRE
523062,2010-09-20 12:02:00,20,1.25,14156,EIRE
523062,2010-09-20 12:02:00,12,1.95,14156,EIRE
523062,2010-09-20 12:02:00,12,1.25,14156,EIRE
523062,2010-09-20 12:02:00,12,2.1,14156,EIRE
523062,2010-09-20 12:02:00,6,2.95,14156,EIRE
523062,2010-09-20 12:02:00,6,2.95,14156,EIRE
523062,2010-09-20 12:02:00,12,1.25,14156,EIRE
523062,2010-09-20 12:02:00,12,1.65,14156,EIRE
523062,2010-09-20 12:02:00,4,12.75,14156,EIRE
523062,2010-09-20 12:02:00,12,1.25,14156,EIRE
523062,2010-09-20 12:02:00,10,1.65,14156,EIRE
523062,2010-09-20 12:02:00,10,1.65,14156,EIRE
523062,2010-09-20 12:02:00,6,2.55,14156,EIRE
523062,2010-09-20 12:02:00,12,1.65,14156,EIRE
523062,2010-09-20 12:02:00,12,2.95,14156,EIRE
523062,2010-09-20 12:02:00,10,1.65,14156,EIRE
523062,2010-09-20 12:02:00,12,1.65,14156,EIRE
523062,2010-09-20 12:02:00,6,2.95,14156,EIRE
523062,2010-09-20 12:02:00,10,1.65,14156,EIRE
523062,2010-09-20 12:02:00,12,1.95,14156,EIRE
523133,2010-09-20 14:04:00,12,2.1,16168,United Kingdom
523133,2010-09-20 14:04:00,12,1.25,16168,United Kingdom
523133,2010-09-20 14:04:00,48,1.85,16168,United Kingdom
523186,2010-09-20 16:39:00,1,18.0,12643,France
523186,2010-09-20 16:39:00,80,2.55,12643,France
523308,2010-09-21 13:06:00,24,1.45,14156,EIRE
523308,2010-09-21 13:06:00,24,1.95,14156,EIRE
523308,2010-09-21 13:06:00,48,0.85,14156,EIRE
523308,2010-09-21 13:06:00,24,0.85,14156,EIRE
523308,2010-09-21 13:06:00,12,2.95,14156,EIRE
523308,2010-09-21 13:06:00,6,4.95,14156,EIRE
523308,2010-09-21 13:06:00,12,2.55,14156,EIRE
523308,2010-09-21 13:06:00,6,4.95,14156,EIRE
523308,2010-09-21 13:06:00,2,8.5,14156,EIRE
523308,2010-09-21 13:06:00,20,0.85,14156,EIRE
523308,2010-09-21 13:06:00,12,1.25,14156,EIRE
523308,2010-09-21 13:06:00,12,1.25,14156,EIRE
523308,2010-09-21 13:06:00,20,0.85,14156,EIRE
523308,2010-09-21 13:06:00,20,1.65,14156,EIRE
523308,2010-09-21 13:06:00,20,1.65,14156,EIRE
523308,2010-09-21 13:06:00,10,1.65,14156,EIRE
523308,2010-09-21 13:06:00,48,0.42,14156,EIRE
523308,2010-09-21 13:06:00,20,0.85,14156,EIRE
523308,2010-09-21 13:06:00,24,2.95,14156,EIRE
523308,2010-09-21 13:06:00,48,0.42,14156,EIRE
523308,2010-09-21 13:06:00,6,2.55,14156,EIRE
523308,2010-09-21 13:06:00,20,1.65,14156,EIRE
523308,2010-09-21 13:06:00,8,1.95,14156,EIRE
523308,2010-09-21 13:06:00,20,1.65,14156,EIRE
523308,2010-09-21 13:06:00,10,1.65,14156,EIRE
523308,2010-09-21 13:06:00,20,0.85,14156,EIRE
523308,2010-09-21 13:06:00,20,1.65,14156,EIRE
523308,2010-09-21 13:06:00,20,0.85,14156,EIRE
523308,2010-09-21 13:06:00,20,1.65,14156,EIRE
523308,2010-09-21 13:06:00,24,1.65,14156,EIRE
523308,2010-09-21 13:06:00,24,1.65,14156,EIRE
523308,2010-09-21 13:06:00,24,1.65,14156,EIRE
523308,2010-09-21 13:06:00,8,1.65,14156,EIRE
523308,2010-09-21 13:06:00,24,1.45,14156,EIRE
523308,2010-09-21 13:06:00,24,2.95,14156,EIRE
523308,2010-09-21 13:06:00,12,5.95,14156,EIRE
523308,2010-09-21 13:06:00,12,2.1,14156,EIRE
523308,2010-09-21 13:06:00,12,2.95,14156,EIRE
523308,2010-09-21 13:06:00,24,1.25,14156,EIRE
523308,2010-09-21 13:06:00,24,2.55,14156,EIRE
523309,2010-09-21 13:08:00,10,1.95,14156,EIRE
523373,2010-09-21 18:56:00,24,2.75,16199,United Kingdom
523373,2010-09-21 18:56:00,9,4.95,16199,United Kingdom
523524,2010-09-22 13:07:00,67,1.5,14570,United Kingdom
523524,2010-09-22 13:07:00,3,0.65,14570,United Kingdom
523524,2010-09-22 13:07:00,24,0.29,14570,United Kingdom
523524,2010-09-22 13:07:00,10,0.65,14570,United Kingdom
523524,2010-09-22 13:07:00,12,0.29,14570,United Kingdom
523524,2010-09-22 13:07:00,1,4.95,14570,United Kingdom
523524,2010-09-22 13:07:00,2,3.75,14570,United Kingdom
523524,2010-09-22 13:07:00,1,4.95,14570,United Kingdom
523524,2010-09-22 13:07:00,16,0.42,14570,United Kingdom
523524,2010-09-22 13:07:00,25,0.42,14570,United Kingdom
523524,2010-09-22 13:07:00,48,0.65,14570,United Kingdom
523524,2010-09-22 13:07:00,6,1.65,14570,United Kingdom
523524,2010-09-22 13:07:00,1,6.75,14570,United Kingdom
523524,2010-09-22 13:07:00,3,1.45,14570,United Kingdom
523524,2010-09-22 13:07:00,1,9.95,14570,United Kingdom
523524,2010-09-22 13:07:00,3,4.95,14570,United Kingdom
523524,2010-09-22 13:07:00,51,0.85,14570,United Kingdom
523524,2010-09-22 13:07:00,1,2.95,14570,United Kingdom
523524,2010-09-22 13:07:00,3,0.55,14570,United Kingdom
523524,2010-09-22 13:07:00,1,1.25,14570,United Kingdom
523524,2010-09-22 13:07:00,3,1.25,14570,United Kingdom
523524,2010-09-22 13:07:00,2,1.25,14570,United Kingdom
523524,2010-09-22 13:07:00,1,7.5,14570,United Kingdom
523524,2010-09-22 13:07:00,1,0.85,14570,United Kingdom
523524,2010-09-22 13:07:00,17,1.25,14570,United Kingdom
523524,2010-09-22 13:07:00,4,2.55,14570,United Kingdom
523524,2010-09-22 13:07:00,1,8.5,14570,United Kingdom
523524,2010-09-22 13:07:00,1,4.25,14570,United Kingdom
523524,2010-09-22 13:07:00,1,4.25,14570,United Kingdom
523524,2010-09-22 13:07:00,1,3.75,14570,United Kingdom
523524,2010-09-22 13:07:00,1,9.95,14570,United Kingdom
523524,2010-09-22 13:07:00,1,12.75,14570,United Kingdom
523524,2010-09-22 13:07:00,1,1.25,14570,United Kingdom
523524,2010-09-22 13:07:00,2,0.42,14570,United Kingdom
523524,2010-09-22 13:07:00,5,0.55,14570,United Kingdom
523524,2010-09-22 13:07:00,1,2.1,14570,United Kingdom
523524,2010-09-22 13:07:00,1,1.25,14570,United Kingdom
523524,2010-09-22 13:07:00,12,0.42,14570,United Kingdom
523524,2010-09-22 13:07:00,1,12.75,14570,United Kingdom
523572,2010-09-22 16:04:00,1,0.95,13576,United Kingdom
523572,2010-09-22 16:04:00,48,2.1,13576,United Kingdom
523572,2010-09-22 16:04:00,48,3.39,13576,United Kingdom
523572,2010-09-22 16:04:00,5,5.95,13576,United Kingdom
523572,2010-09-22 16:04:00,5,6.95,13576,United Kingdom
523572,2010-09-22 16:04:00,4,4.95,13576,United Kingdom
523572,2010-09-22 16:04:00,12,0.55,13576,United Kingdom
523572,2010-09-22 16:04:00,2,5.95,13576,United Kingdom
523572,2010-09-22 16:04:00,1,12.75,13576,United Kingdom
523572,2010-09-22 16:04:00,1,1.95,13576,United Kingdom
523572,2010-09-22 16:04:00,4,2.55,13576,United Kingdom
523572,2010-09-22 16:04:00,1,10.95,13576,United Kingdom
523572,2010-09-22 16:04:00,3,5.95,13576,United Kingdom
523871,2010-09-24 12:59:00,6,3.75,16168,United Kingdom
523871,2010-09-24 12:59:00,6,3.75,16168,United Kingdom
523871,2010-09-24 12:59:00,10,2.1,16168,United Kingdom
523871,2010-09-24 12:59:00,20,1.65,16168,United Kingdom
523871,2010-09-24 12:59:00,4,4.95,16168,United Kingdom
523871,2010-09-24 12:59:00,10,1.65,16168,United Kingdom
523871,2010-09-24 12:59:00,6,2.55,16168,United Kingdom
523871,2010-09-24 12:59:00,10,1.65,16168,United Kingdom
523871,2010-09-24 12:59:00,4,8.5,16168,United Kingdom
523934,2010-09-26 10:47:00,96,0.85,16168,United Kingdom
523934,2010-09-26 10:47:00,4,12.75,16168,United Kingdom
523934,2010-09-26 10:47:00,4,4.95,16168,United Kingdom
523934,2010-09-26 10:47:00,6,6.35,16168,United Kingdom
523936,2010-09-26 10:48:00,6,2.95,16168,United Kingdom
523936,2010-09-26 10:48:00,12,1.25,16168,United Kingdom
523936,2010-09-26 10:48:00,12,0.42,16168,United Kingdom
523936,2010-09-26 10:48:00,96,0.85,16168,United Kingdom
523946,2010-09-26 11:23:00,18,2.95,16833,United Kingdom
523946,2010-09-26 11:23:00,12,1.45,16833,United Kingdom
523946,2010-09-26 11:23:00,12,1.45,16833,United Kingdom
523946,2010-09-26 11:23:00,24,0.55,16833,United Kingdom
523946,2010-09-26 11:23:00,24,0.55,16833,United Kingdom
523946,2010-09-26 11:23:00,4,3.75,16833,United Kingdom
523946,2010-09-26 11:23:00,4,3.75,16833,United Kingdom
523946,2010-09-26 11:23:00,10,0.85,16833,United Kingdom
523946,2010-09-26 11:23:00,3,12.75,16833,United Kingdom
523946,2010-09-26 11:23:00,4,4.25,16833,United Kingdom
523946,2010-09-26 11:23:00,10,1.95,16833,United Kingdom
523946,2010-09-26 11:23:00,36,1.95,16833,United Kingdom
523946,2010-09-26 11:23:00,2,9.95,16833,United Kingdom
523946,2010-09-26 11:23:00,4,3.75,16833,United Kingdom
523946,2010-09-26 11:23:00,10,1.65,16833,United Kingdom
523946,2010-09-26 11:23:00,48,0.55,16833,United Kingdom
523946,2010-09-26 11:23:00,10,1.65,16833,United Kingdom
523946,2010-09-26 11:23:00,10,1.65,16833,United Kingdom
523946,2010-09-26 11:23:00,24,1.45,16833,United Kingdom
523946,2010-09-26 11:23:00,4,4.65,16833,United Kingdom
523946,2010-09-26 11:23:00,6,2.95,16833,United Kingdom
523946,2010-09-26 11:23:00,1,295.0,16833,United Kingdom
523946,2010-09-26 11:23:00,12,1.69,16833,United Kingdom
523946,2010-09-26 11:23:00,12,2.1,16833,United Kingdom
523946,2010-09-26 11:23:00,6,2.55,16833,United Kingdom
523946,2010-09-26 11:23:00,12,3.75,16833,United Kingdom
523946,2010-09-26 11:23:00,12,3.75,16833,United Kingdom
523946,2010-09-26 11:23:00,2,7.95,16833,United Kingdom
523946,2010-09-26 11:23:00,2,7.95,16833,United Kingdom
523946,2010-09-26 11:23:00,2,7.95,16833,United Kingdom
523946,2010-09-26 11:23:00,10,1.65,16833,United Kingdom
523948,2010-09-26 11:50:00,3,2.95,13784,United Kingdom
523948,2010-09-26 11:50:00,1,1.25,13784,United Kingdom
524320,2010-09-28 14:26:00,12,0.42,18049,United Kingdom
524320,2010-09-28 14:26:00,2,1.65,18049,United Kingdom
524320,2010-09-28 14:26:00,12,0.65,18049,United Kingdom
524320,2010-09-28 14:26:00,12,1.25,18049,United Kingdom
524320,2010-09-28 14:26:00,6,2.95,18049,United Kingdom
524320,2010-09-28 14:26:00,6,1.95,18049,United Kingdom
524320,2010-09-28 14:26:00,1,2.95,18049,United Kingdom
524320,2010-09-28 14:26:00,12,0.42,18049,United Kingdom
524320,2010-09-28 14:26:00,1,2.95,18049,United Kingdom
524320,2010-09-28 14:26:00,10,1.25,18049,United Kingdom
524320,2010-09-28 14:26:00,25,0.42,18049,United Kingdom
524320,2010-09-28 14:26:00,25,0.42,18049,United Kingdom
524320,2010-09-28 14:26:00,1,5.95,18049,United Kingdom
524320,2010-09-28 14:26:00,25,0.42,18049,United Kingdom
524320,2010-09-28 14:26:00,12,0.42,18049,United Kingdom
524320,2010-09-28 14:26:00,12,0.42,18049,United Kingdom
524320,2010-09-28 14:26:00,6,1.95,18049,United Kingdom
524320,2010-09-28 14:26:00,1,8.5,18049,United Kingdom
524320,2010-09-28 14:26:00,6,1.25,18049,United Kingdom
524320,2010-09-28 14:26:00,8,1.25,18049,United Kingdom
524320,2010-09-28 14:26:00,1,8.5,18049,United Kingdom
524320,2010-09-28 14:26:00,18,1.45,18049,United Kingdom
524320,2010-09-28 14:26:00,6,2.95,18049,United Kingdom
524320,2010-09-28 14:26:00,2,2.95,18049,United Kingdom
524320,2010-09-28 14:26:00,3,1.65,18049,United Kingdom
524320,2010-09-28 14:26:00,6,1.25,18049,United Kingdom
524320,2010-09-28 14:26:00,1,2.12,18049,United Kingdom
524320,2010-09-28 14:26:00,4,1.45,18049,United Kingdom
524320,2010-09-28 14:26:00,4,1.45,18049,United Kingdom
524320,2010-09-28 14:26:00,4,2.55,18049,United Kingdom
524320,2010-09-28 14:26:00,25,0.42,18049,United Kingdom
524320,2010-09-28 14:26:00,2,0.42,18049,United Kingdom
524320,2010-09-28 14:26:00,3,2.95,18049,United Kingdom
524338,2010-09-28 15:51:00,4,3.75,12975,United Kingdom
524338,2010-09-28 15:51:00,8,4.95,12975,United Kingdom
524338,2010-09-28 15:51:00,10,1.25,12975,United Kingdom
524338,2010-09-28 15:51:00,3,5.95,12975,United Kingdom
524338,2010-09-28 15:51:00,12,1.69,12975,United Kingdom
524338,2010-09-28 15:51:00,2,12.75,12975,United Kingdom
524338,2010-09-28 15:51:00,2,5.45,12975,United Kingdom
524338,2010-09-28 15:51:00,1,12.75,12975,United Kingdom
524338,2010-09-28 15:51:00,2,16.95,12975,United Kingdom
524338,2010-09-28 15:51:00,6,2.1,12975,United Kingdom
524339,2010-09-28 15:52:00,6,2.95,12975,United Kingdom
524409,2010-09-29 09:46:00,25,0.42,12975,United Kingdom
524409,2010-09-29 09:46:00,25,0.42,12975,United Kingdom
524409,2010-09-29 09:46:00,25,0.42,12975,United Kingdom
524409,2010-09-29 09:46:00,10,1.95,12975,United Kingdom
524409,2010-09-29 09:46:00,10,1.95,12975,United Kingdom
524409,2010-09-29 09:46:00,10,1.65,12975,United Kingdom
524409,2010-09-29 09:46:00,10,1.65,12975,United Kingdom
524409,2010-09-29 09:46:00,12,1.65,12975,United Kingdom
524409,2010-09-29 09:46:00,12,1.25,12975,United Kingdom
524409,2010-09-29 09:46:00,3,4.95,12975,United Kingdom
524409,2010-09-29 09:46:00,48,0.29,12975,United Kingdom
524409,2010-09-29 09:46:00,2,7.95,12975,United Kingdom
524409,2010-09-29 09:46:00,12,1.25,12975,United Kingdom
524409,2010-09-29 09:46:00,8,1.95,12975,United Kingdom
524409,2010-09-29 09:46:00,6,2.95,12975,United Kingdom
524409,2010-09-29 09:46:00,12,1.25,12975,United Kingdom
524409,2010-09-29 09:46:00,12,1.45,12975,United Kingdom
524409,2010-09-29 09:46:00,12,1.45,12975,United Kingdom
524409,2010-09-29 09:46:00,12,1.45,12975,United Kingdom
524409,2010-09-29 09:46:00,12,1.65,12975,United Kingdom
524409,2010-09-29 09:46:00,25,0.42,12975,United Kingdom
524409,2010-09-29 09:46:00,12,1.25,12975,United Kingdom
524409,2010-09-29 09:46:00,4,4.65,12975,United Kingdom
524409,2010-09-29 09:46:00,25,0.42,12975,United Kingdom
524409,2010-09-29 09:46:00,2,7.95,12975,United Kingdom
524409,2010-09-29 09:46:00,2,7.95,12975,United Kingdom
524409,2010-09-29 09:46:00,12,1.65,12975,United Kingdom
524409,2010-09-29 09:46:00,12,0.85,12975,United Kingdom
524409,2010-09-29 09:46:00,12,1.65,12975,United Kingdom
524409,2010-09-29 09:46:00,12,1.65,12975,United Kingdom
524409,2010-09-29 09:46:00,12,0.85,12975,United Kingdom
524409,2010-09-29 09:46:00,12,0.85,12975,United Kingdom
524409,2010-09-29 09:46:00,12,0.85,12975,United Kingdom
524409,2010-09-29 09:46:00,4,4.25,12975,United Kingdom
524409,2010-09-29 09:46:00,12,0.85,12975,United Kingdom
524409,2010-09-29 09:46:00,3,4.95,12975,United Kingdom
524409,2010-09-29 09:46:00,12,0.85,12975,United Kingdom
524409,2010-09-29 09:46:00,12,0.85,12975,United Kingdom
524409,2010-09-29 09:46:00,12,0.85,12975,United Kingdom
524409,2010-09-29 09:46:00,12,0.85,12975,United Kingdom
524409,2010-09-29 09:46:00,4,3.75,12975,United Kingdom
524409,2010-09-29 09:46:00,12,0.85,12975,United Kingdom
524409,2010-09-29 09:46:00,12,0.85,12975,United Kingdom
524409,2010-09-29 09:46:00,12,0.85,12975,United Kingdom
524502,2010-09-29 12:32:00,16,10.95,14156,EIRE
524561,2010-09-29 14:41:00,6,2.95,15985,United Kingdom
524563,2010-09-29 14:43:00,12,2.1,15985,United Kingdom
524563,2010-09-29 14:43:00,24,0.65,15985,United Kingdom
524563,2010-09-29 14:43:00,24,1.25,15985,United Kingdom
524563,2010-09-29 14:43:00,12,2.95,15985,United Kingdom
524563,2010-09-29 14:43:00,6,2.95,15985,United Kingdom
524563,2010-09-29 14:43:00,12,2.95,15985,United Kingdom
524563,2010-09-29 14:43:00,60,0.55,15985,United Kingdom
524563,2010-09-29 14:43:00,6,2.1,15985,United Kingdom
524563,2010-09-29 14:43:00,6,2.55,15985,United Kingdom
524563,2010-09-29 14:43:00,8,3.75,15985,United Kingdom
524563,2010-09-29 14:43:00,6,2.95,15985,United Kingdom
524563,2010-09-29 14:43:00,4,4.25,15985,United Kingdom
524563,2010-09-29 14:43:00,12,1.25,15985,United Kingdom
524563,2010-09-29 14:43:00,12,1.25,15985,United Kingdom
524563,2010-09-29 14:43:00,12,2.55,15985,United Kingdom
524563,2010-09-29 14:43:00,18,2.95,15985,United Kingdom
524724,2010-09-30 14:07:00,24,1.25,14742,United Kingdom
524724,2010-09-30 14:07:00,6,3.75,14742,United Kingdom
524724,2010-09-30 14:07:00,4,3.25,14742,United Kingdom
524724,2010-09-30 14:07:00,6,2.95,14742,United Kingdom
524724,2010-09-30 14:07:00,2,7.95,14742,United Kingdom
524724,2010-09-30 14:07:00,2,7.95,14742,United Kingdom
524724,2010-09-30 14:07:00,12,0.85,14742,United Kingdom
524724,2010-09-30 14:07:00,12,1.45,14742,United Kingdom
524724,2010-09-30 14:07:00,6,2.95,14742,United Kingdom
524724,2010-09-30 14:07:00,12,1.25,14742,United Kingdom
524724,2010-09-30 14:07:00,12,1.25,14742,United Kingdom
524724,2010-09-30 14:07:00,4,3.75,14742,United Kingdom
524724,2010-09-30 14:07:00,12,1.65,14742,United Kingdom
524724,2010-09-30 14:07:00,12,1.65,14742,United Kingdom
524724,2010-09-30 14:07:00,12,1.45,14742,United Kingdom
524724,2010-09-30 14:07:00,12,1.25,14742,United Kingdom
524724,2010-09-30 14:07:00,12,1.45,14742,United Kingdom
524724,2010-09-30 14:07:00,48,0.85,14742,United Kingdom
524724,2010-09-30 14:07:00,24,0.55,14742,United Kingdom
524724,2010-09-30 14:07:00,24,0.55,14742,United Kingdom
524724,2010-09-30 14:07:00,8,2.1,14742,United Kingdom
524724,2010-09-30 14:07:00,6,2.95,14742,United Kingdom
524724,2010-09-30 14:07:00,12,0.85,14742,United Kingdom
524724,2010-09-30 14:07:00,3,5.95,14742,United Kingdom
524724,2010-09-30 14:07:00,5,2.1,14742,United Kingdom
524724,2010-09-30 14:07:00,8,1.95,14742,United Kingdom
524724,2010-09-30 14:07:00,3,5.95,14742,United Kingdom
524724,2010-09-30 14:07:00,6,2.55,14742,United Kingdom
524724,2010-09-30 14:07:00,3,4.95,14742,United Kingdom
524724,2010-09-30 14:07:00,12,0.85,14742,United Kingdom
524724,2010-09-30 14:07:00,12,0.85,14742,United Kingdom
524724,2010-09-30 14:07:00,6,2.55,14742,United Kingdom
524724,2010-09-30 14:07:00,24,1.25,14742,United Kingdom
524724,2010-09-30 14:07:00,8,1.95,14742,United Kingdom
524747,2010-09-30 14:46:00,6,3.35,14156,EIRE
524747,2010-09-30 14:46:00,10,1.25,14156,EIRE
524747,2010-09-30 14:46:00,12,0.85,14156,EIRE
524747,2010-09-30 14:46:00,12,0.85,14156,EIRE
524747,2010-09-30 14:46:00,12,1.25,14156,EIRE
524747,2010-09-30 14:46:00,12,1.25,14156,EIRE
524747,2010-09-30 14:46:00,6,3.35,14156,EIRE
524747,2010-09-30 14:46:00,6,2.95,14156,EIRE
524747,2010-09-30 14:46:00,2,8.5,14156,EIRE
524747,2010-09-30 14:46:00,4,3.75,14156,EIRE
524747,2010-09-30 14:46:00,2,6.75,14156,EIRE
524747,2010-09-30 14:46:00,8,1.69,14156,EIRE
524747,2010-09-30 14:46:00,3,4.65,14156,EIRE
524747,2010-09-30 14:46:00,10,0.85,14156,EIRE
524747,2010-09-30 14:46:00,48,0.85,14156,EIRE
524747,2010-09-30 14:46:00,6,3.35,14156,EIRE
524747,2010-09-30 14:46:00,24,1.25,14156,EIRE
524747,2010-09-30 14:46:00,4,3.75,14156,EIRE
524747,2010-09-30 14:46:00,12,1.45,14156,EIRE
524747,2010-09-30 14:46:00,12,1.25,14156,EIRE
524747,2010-09-30 14:46:00,12,0.85,14156,EIRE
524747,2010-09-30 14:46:00,12,1.25,14156,EIRE
524747,2010-09-30 14:46:00,12,0.65,14156,EIRE
524747,2010-09-30 14:46:00,3,4.95,14156,EIRE
524747,2010-09-30 14:46:00,4,4.65,14156,EIRE
524747,2010-09-30 14:46:00,3,4.95,14156,EIRE
524747,2010-09-30 14:46:00,12,1.69,14156,EIRE
524747,2010-09-30 14:46:00,6,2.95,14156,EIRE
524747,2010-09-30 14:46:00,6,2.95,14156,EIRE
524747,2010-09-30 14:46:00,4,3.75,14156,EIRE
524747,2010-09-30 14:46:00,4,3.75,14156,EIRE
524747,2010-09-30 14:46:00,4,3.75,14156,EIRE
524747,2010-09-30 14:46:00,12,1.65,14156,EIRE
524747,2010-09-30 14:46:00,16,1.25,14156,EIRE
524747,2010-09-30 14:46:00,12,1.95,14156,EIRE
524747,2010-09-30 14:46:00,6,2.95,14156,EIRE
524747,2010-09-30 14:46:00,12,1.25,14156,EIRE
524747,2010-09-30 14:46:00,3,4.65,14156,EIRE
524747,2010-09-30 14:46:00,12,1.45,14156,EIRE
524747,2010-09-30 14:46:00,12,1.65,14156,EIRE
524747,2010-09-30 14:46:00,6,2.95,14156,EIRE
524747,2010-09-30 14:46:00,24,0.55,14156,EIRE
524747,2010-09-30 14:46:00,24,0.55,14156,EIRE
524747,2010-09-30 14:46:00,24,0.55,14156,EIRE
524747,2010-09-30 14:46:00,24,0.55,14156,EIRE
524747,2010-09-30 14:46:00,12,1.69,14156,EIRE
524747,2010-09-30 14:46:00,12,1.45,14156,EIRE
524747,2010-09-30 14:46:00,12,1.25,14156,EIRE
524747,2010-09-30 14:46:00,12,1.25,14156,EIRE
524747,2010-09-30 14:46:00,12,1.69,14156,EIRE
524747,2010-09-30 14:46:00,12,2.1,14156,EIRE
524747,2010-09-30 14:46:00,12,1.25,14156,EIRE
524747,2010-09-30 14:46:00,12,2.1,14156,EIRE
524747,2010-09-30 14:46:00,12,1.25,14156,EIRE
524747,2010-09-30 14:46:00,10,1.95,14156,EIRE
524747,2010-09-30 14:46:00,10,1.65,14156,EIRE
524747,2010-09-30 14:46:00,12,2.1,14156,EIRE
524747,2010-09-30 14:46:00,10,1.95,14156,EIRE
524747,2010-09-30 14:46:00,12,1.65,14156,EIRE
524747,2010-09-30 14:46:00,12,0.85,14156,EIRE
524747,2010-09-30 14:46:00,12,1.25,14156,EIRE
524747,2010-09-30 14:46:00,24,0.42,14156,EIRE
524747,2010-09-30 14:46:00,24,0.42,14156,EIRE
524747,2010-09-30 14:46:00,24,0.42,14156,EIRE
524747,2010-09-30 14:46:00,24,0.42,14156,EIRE
524747,2010-09-30 14:46:00,24,0.42,14156,EIRE
524747,2010-09-30 14:46:00,10,0.85,14156,EIRE
524747,2010-09-30 14:46:00,10,0.85,14156,EIRE
524747,2010-09-30 14:46:00,10,0.85,14156,EIRE
524747,2010-09-30 14:46:00,3,4.25,14156,EIRE
524747,2010-09-30 14:46:00,5,2.1,14156,EIRE
524747,2010-09-30 14:46:00,5,2.1,14156,EIRE
524747,2010-09-30 14:46:00,10,1.95,14156,EIRE
524747,2010-09-30 14:46:00,3,4.95,14156,EIRE
524747,2010-09-30 14:46:00,10,1.65,14156,EIRE
524751,2010-09-30 15:14:00,12,0.85,14699,United Kingdom
524751,2010-09-30 15:14:00,12,0.85,14699,United Kingdom
524751,2010-09-30 15:14:00,16,0.65,14699,United Kingdom
524751,2010-09-30 15:14:00,9,2.55,14699,United Kingdom
524751,2010-09-30 15:14:00,6,2.1,14699,United Kingdom
524751,2010-09-30 15:14:00,2,8.95,14699,United Kingdom
524751,2010-09-30 15:14:00,12,0.85,14699,United Kingdom
524751,2010-09-30 15:14:00,12,0.85,14699,United Kingdom
524751,2010-09-30 15:14:00,12,0.85,14699,United Kingdom
524751,2010-09-30 15:14:00,12,0.85,14699,United Kingdom
524751,2010-09-30 15:14:00,12,0.85,14699,United Kingdom
524751,2010-09-30 15:14:00,12,0.85,14699,United Kingdom
524751,2010-09-30 15:14:00,12,1.69,14699,United Kingdom
524751,2010-09-30 15:14:00,12,0.85,14699,United Kingdom
524856,2010-09-30 19:43:00,2,3.75,14713,United Kingdom
524856,2010-09-30 19:43:00,2,3.75,14713,United Kingdom
524856,2010-09-30 19:43:00,6,1.95,14713,United Kingdom
524856,2010-09-30 19:43:00,2,3.95,14713,United Kingdom
524856,2010-09-30 19:43:00,4,1.65,14713,United Kingdom
524856,2010-09-30 19:43:00,4,1.65,14713,United Kingdom
524856,2010-09-30 19:43:00,4,1.65,14713,United Kingdom
524856,2010-09-30 19:43:00,4,1.65,14713,United Kingdom
524856,2010-09-30 19:43:00,2,1.95,14713,United Kingdom
524856,2010-09-30 19:43:00,2,1.95,14713,United Kingdom
524856,2010-09-30 19:43:00,2,1.95,14713,United Kingdom
524856,2010-09-30 19:43:00,2,1.95,14713,United Kingdom
524856,2010-09-30 19:43:00,2,1.95,14713,United Kingdom
524856,2010-09-30 19:43:00,2,1.95,14713,United Kingdom
524856,2010-09-30 19:43:00,25,0.42,14713,United Kingdom
524856,2010-09-30 19:43:00,6,2.95,14713,United Kingdom
524856,2010-09-30 19:43:00,2,1.95,14713,United Kingdom
524856,2010-09-30 19:43:00,2,2.95,14713,United Kingdom
524856,2010-09-30 19:43:00,4,1.65,14713,United Kingdom
524856,2010-09-30 19:43:00,3,2.1,14713,United Kingdom
524856,2010-09-30 19:43:00,1,2.95,14713,United Kingdom
524856,2010-09-30 19:43:00,2,6.45,14713,United Kingdom
524856,2010-09-30 19:43:00,3,2.1,14713,United Kingdom
524856,2010-09-30 19:43:00,1,3.75,14713,United Kingdom
524856,2010-09-30 19:43:00,6,0.42,14713,United Kingdom
524856,2010-09-30 19:43:00,6,0.42,14713,United Kingdom
524856,2010-09-30 19:43:00,3,2.95,14713,United Kingdom
524856,2010-09-30 19:43:00,1,5.95,14713,United Kingdom
524856,2010-09-30 19:43:00,6,1.65,14713,United Kingdom
524856,2010-09-30 19:43:00,24,0.42,14713,United Kingdom
524856,2010-09-30 19:43:00,4,0.85,14713,United Kingdom
524856,2010-09-30 19:43:00,4,0.85,14713,United Kingdom
524856,2010-09-30 19:43:00,4,0.85,14713,United Kingdom
524856,2010-09-30 19:43:00,12,0.85,14713,United Kingdom
524856,2010-09-30 19:43:00,4,1.25,14713,United Kingdom
524856,2010-09-30 19:43:00,4,1.25,14713,United Kingdom
524856,2010-09-30 19:43:00,6,1.95,14713,United Kingdom
524861,2010-10-01 08:19:00,1,12.75,13784,United Kingdom
524861,2010-10-01 08:19:00,12,2.95,13784,United Kingdom
525011,2010-10-03 10:52:00,4,3.75,14156,EIRE
525011,2010-10-03 10:52:00,36,2.1,14156,EIRE
525011,2010-10-03 10:52:00,48,0.85,14156,EIRE
525011,2010-10-03 10:52:00,16,7.65,14156,EIRE
525011,2010-10-03 10:52:00,12,7.65,14156,EIRE
525011,2010-10-03 10:52:00,8,9.95,14156,EIRE
525011,2010-10-03 10:52:00,36,3.39,14156,EIRE
525011,2010-10-03 10:52:00,24,2.55,14156,EIRE
525011,2010-10-03 10:52:00,12,4.25,14156,EIRE
525011,2010-10-03 10:52:00,200,0.34,14156,EIRE
525011,2010-10-03 10:52:00,12,5.55,14156,EIRE
525011,2010-10-03 10:52:00,24,8.49,14156,EIRE
525011,2010-10-03 10:52:00,12,8.5,14156,EIRE
525011,2010-10-03 10:52:00,12,8.5,14156,EIRE
525011,2010-10-03 10:52:00,12,4.95,14156,EIRE
525011,2010-10-03 10:52:00,24,4.25,14156,EIRE
525011,2010-10-03 10:52:00,200,0.34,14156,EIRE
525011,2010-10-03 10:52:00,200,0.34,14156,EIRE
525011,2010-10-03 10:52:00,200,0.34,14156,EIRE
525011,2010-10-03 10:52:00,24,1.69,14156,EIRE
525011,2010-10-03 10:52:00,4,3.75,14156,EIRE
525011,2010-10-03 10:52:00,24,2.55,14156,EIRE
525011,2010-10-03 10:52:00,4,3.75,14156,EIRE
525011,2010-10-03 10:52:00,24,0.42,14156,EIRE
525011,2010-10-03 10:52:00,4,3.75,14156,EIRE
525011,2010-10-03 10:52:00,24,0.42,14156,EIRE
525011,2010-10-03 10:52:00,24,0.42,14156,EIRE
525011,2010-10-03 10:52:00,24,0.42,14156,EIRE
525011,2010-10-03 10:52:00,48,1.45,14156,EIRE
525011,2010-10-03 10:52:00,60,0.85,14156,EIRE
525011,2010-10-03 10:52:00,48,1.65,14156,EIRE
525011,2010-10-03 10:52:00,24,1.45,14156,EIRE
525011,2010-10-03 10:52:00,24,0.42,14156,EIRE
525011,2010-10-03 10:52:00,48,0.55,14156,EIRE
525011,2010-10-03 10:52:00,24,1.45,14156,EIRE
525011,2010-10-03 10:52:00,24,2.55,14156,EIRE
525011,2010-10-03 10:52:00,32,10.95,14156,EIRE
525011,2010-10-03 10:52:00,2,8.5,14156,EIRE
525011,2010-10-03 10:52:00,24,2.55,14156,EIRE
525011,2010-10-03 10:52:00,6,8.5,14156,EIRE
525011,2010-10-03 10:52:00,12,7.65,14156,EIRE
525011,2010-10-03 10:52:00,48,0.55,14156,EIRE
525011,2010-10-03 10:52:00,2,8.5,14156,EIRE
525042,2010-10-03 13:09:00,10,1.65,14008,United Kingdom
525042,2010-10-03 13:09:00,24,1.25,14008,United Kingdom
525042,2010-10-03 13:09:00,12,1.65,14008,United Kingdom
525042,2010-10-03 13:09:00,6,2.95,14008,United Kingdom
525042,2010-10-03 13:09:00,10,1.65,14008,United Kingdom
525042,2010-10-03 13:09:00,10,1.65,14008,United Kingdom
525042,2010-10-03 13:09:00,6,2.95,14008,United Kingdom
525042,2010-10-03 13:09:00,3,4.95,14008,United Kingdom
525042,2010-10-03 13:09:00,12,1.25,14008,United Kingdom
525042,2010-10-03 13:09:00,4,3.75,14008,United Kingdom
525042,2010-10-03 13:09:00,3,4.95,14008,United Kingdom
525042,2010-10-03 13:09:00,24,0.42,14008,United Kingdom
525042,2010-10-03 13:09:00,24,0.42,14008,United Kingdom
525042,2010-10-03 13:09:00,24,0.42,14008,United Kingdom
525042,2010-10-03 13:09:00,12,1.45,14008,United Kingdom
525042,2010-10-03 13:09:00,6,2.55,14008,United Kingdom
525042,2010-10-03 13:09:00,6,2.55,14008,United Kingdom
525042,2010-10-03 13:09:00,6,2.55,14008,United Kingdom
525042,2010-10-03 13:09:00,4,3.75,14008,United Kingdom
525042,2010-10-03 13:09:00,6,2.1,14008,United Kingdom
525042,2010-10-03 13:09:00,12,1.25,14008,United Kingdom
525042,2010-10-03 13:09:00,12,1.25,14008,United Kingdom
525042,2010-10-03 13:09:00,6,2.55,14008,United Kingdom
525042,2010-10-03 13:09:00,6,2.55,14008,United Kingdom
525042,2010-10-03 13:09:00,12,1.45,14008,United Kingdom
525042,2010-10-03 13:09:00,6,3.75,14008,United Kingdom
525042,2010-10-03 13:09:00,12,1.25,14008,United Kingdom
525042,2010-10-03 13:09:00,12,1.25,14008,United Kingdom
525042,2010-10-03 13:09:00,12,1.25,14008,United Kingdom
525042,2010-10-03 13:09:00,6,2.95,14008,United Kingdom
525042,2010-10-03 13:09:00,12,1.25,14008,United Kingdom
525042,2010-10-03 13:09:00,6,2.55,14008,United Kingdom
525226,2010-10-04 13:13:00,6,2.95,16332,United Kingdom
525226,2010-10-04 13:13:00,1,6.95,16332,United Kingdom
525226,2010-10-04 13:13:00,12,0.29,16332,United Kingdom
525226,2010-10-04 13:13:00,12,0.29,16332,United Kingdom
525226,2010-10-04 13:13:00,12,0.29,16332,United Kingdom
525226,2010-10-04 13:13:00,2,7.95,16332,United Kingdom
525226,2010-10-04 13:13:00,1,5.95,16332,United Kingdom
525226,2010-10-04 13:13:00,12,0.29,16332,United Kingdom
525226,2010-10-04 13:13:00,6,2.95,16332,United Kingdom
525226,2010-10-04 13:13:00,6,2.1,16332,United Kingdom
525226,2010-10-04 13:13:00,1,1.95,16332,United Kingdom
525226,2010-10-04 13:13:00,1,5.45,16332,United Kingdom
525226,2010-10-04 13:13:00,24,1.45,16332,United Kingdom
525226,2010-10-04 13:13:00,12,0.85,16332,United Kingdom
525226,2010-10-04 13:13:00,6,2.55,16332,United Kingdom
525265,2010-10-04 15:54:00,50,3.75,16168,United Kingdom
525265,2010-10-04 15:54:00,12,1.65,16168,United Kingdom
525265,2010-10-04 15:54:00,50,3.75,16168,United Kingdom
525265,2010-10-04 15:54:00,12,1.45,16168,United Kingdom
525315,2010-10-05 11:09:00,3,3.25,16040,United Kingdom
525315,2010-10-05 11:09:00,3,4.25,16040,United Kingdom
525315,2010-10-05 11:09:00,12,1.65,16040,United Kingdom
525315,2010-10-05 11:09:00,10,1.95,16040,United Kingdom
525315,2010-10-05 11:09:00,12,2.1,16040,United Kingdom
525315,2010-10-05 11:09:00,6,2.55,16040,United Kingdom
525315,2010-10-05 11:09:00,10,1.45,16040,United Kingdom
525315,2010-10-05 11:09:00,4,4.95,16040,United Kingdom
525315,2010-10-05 11:09:00,4,8.5,16040,United Kingdom
525315,2010-10-05 11:09:00,6,2.95,16040,United Kingdom
525315,2010-10-05 11:09:00,10,1.65,16040,United Kingdom
525315,2010-10-05 11:09:00,3,5.95,16040,United Kingdom
525315,2010-10-05 11:09:00,3,5.95,16040,United Kingdom
525315,2010-10-05 11:09:00,6,1.65,16040,United Kingdom
525315,2010-10-05 11:09:00,6,2.95,16040,United Kingdom
525434,2010-10-05 13:19:00,12,0.85,14064,United Kingdom
525434,2010-10-05 13:19:00,30,1.25,14064,United Kingdom
525434,2010-10-05 13:19:00,24,0.85,14064,United Kingdom
525434,2010-10-05 13:19:00,6,1.45,14064,United Kingdom
525434,2010-10-05 13:19:00,6,1.65,14064,United Kingdom
525434,2010-10-05 13:19:00,2,0.85,14064,United Kingdom
525434,2010-10-05 13:19:00,14,0.85,14064,United Kingdom
525434,2010-10-05 13:19:00,6,1.25,14064,United Kingdom
525434,2010-10-05 13:19:00,20,0.85,14064,United Kingdom
525434,2010-10-05 13:19:00,20,0.85,14064,United Kingdom
525434,2010-10-05 13:19:00,6,2.1,14064,United Kingdom
525434,2010-10-05 13:19:00,12,0.85,14064,United Kingdom
525434,2010-10-05 13:19:00,12,0.95,14064,United Kingdom
525434,2010-10-05 13:19:00,20,0.85,14064,United Kingdom
525435,2010-10-05 13:20:00,48,0.55,14064,United Kingdom
525435,2010-10-05 13:20:00,11,1.45,14064,United Kingdom
525498,2010-10-05 16:47:00,1,2545.85,14156,EIRE
525571,2010-10-06 10:04:00,36,0.42,13707,United Kingdom
525571,2010-10-06 10:04:00,36,0.42,13707,United Kingdom
525571,2010-10-06 10:04:00,36,0.42,13707,United Kingdom
525571,2010-10-06 10:04:00,36,0.42,13707,United Kingdom
525571,2010-10-06 10:04:00,3,5.95,13707,United Kingdom
525571,2010-10-06 10:04:00,36,1.95,13707,United Kingdom
525571,2010-10-06 10:04:00,12,1.95,13707,United Kingdom
525571,2010-10-06 10:04:00,8,2.95,13707,United Kingdom
525571,2010-10-06 10:04:00,12,1.95,13707,United Kingdom
525571,2010-10-06 10:04:00,36,0.42,13707,United Kingdom
525571,2010-10-06 10:04:00,12,1.25,13707,United Kingdom
525571,2010-10-06 10:04:00,12,1.25,13707,United Kingdom
525571,2010-10-06 10:04:00,12,1.45,13707,United Kingdom
525571,2010-10-06 10:04:00,12,1.25,13707,United Kingdom
525571,2010-10-06 10:04:00,36,0.42,13707,United Kingdom
525571,2010-10-06 10:04:00,6,3.75,13707,United Kingdom
525571,2010-10-06 10:04:00,12,0.85,13707,United Kingdom
525571,2010-10-06 10:04:00,12,2.55,13707,United Kingdom
525571,2010-10-06 10:04:00,12,1.95,13707,United Kingdom
525571,2010-10-06 10:04:00,24,1.25,13707,United Kingdom
525571,2010-10-06 10:04:00,6,2.1,13707,United Kingdom
525571,2010-10-06 10:04:00,12,2.55,13707,United Kingdom
525571,2010-10-06 10:04:00,10,1.65,13707,United Kingdom
525571,2010-10-06 10:04:00,12,0.85,13707,United Kingdom
525571,2010-10-06 10:04:00,10,1.65,13707,United Kingdom
525571,2010-10-06 10:04:00,6,2.55,13707,United Kingdom
525571,2010-10-06 10:04:00,24,0.85,13707,United Kingdom
525571,2010-10-06 10:04:00,8,1.95,13707,United Kingdom
525571,2010-10-06 10:04:00,2,7.95,13707,United Kingdom
525571,2010-10-06 10:04:00,6,3.75,13707,United Kingdom
525571,2010-10-06 10:04:00,12,1.25,13707,United Kingdom
525571,2010-10-06 10:04:00,10,1.65,13707,United Kingdom
525571,2010-10-06 10:04:00,12,2.55,13707,United Kingdom
525571,2010-10-06 10:04:00,12,1.69,13707,United Kingdom
525571,2010-10-06 10:04:00,12,2.55,13707,United Kingdom
525571,2010-10-06 10:04:00,48,0.85,13707,United Kingdom
525571,2010-10-06 10:04:00,12,1.65,13707,United Kingdom
525571,2010-10-06 10:04:00,12,1.25,13707,United Kingdom
525571,2010-10-06 10:04:00,12,0.85,13707,United Kingdom
525571,2010-10-06 10:04:00,4,3.75,13707,United Kingdom
525571,2010-10-06 10:04:00,6,2.95,13707,United Kingdom
525571,2010-10-06 10:04:00,6,2.95,13707,United Kingdom
525571,2010-10-06 10:04:00,12,2.55,13707,United Kingdom
525571,2010-10-06 10:04:00,24,0.42,13707,United Kingdom
525571,2010-10-06 10:04:00,24,0.42,13707,United Kingdom
525571,2010-10-06 10:04:00,24,0.42,13707,United Kingdom
525571,2010-10-06 10:04:00,24,0.42,13707,United Kingdom
525571,2010-10-06 10:04:00,9,1.45,13707,United Kingdom
525571,2010-10-06 10:04:00,12,2.55,13707,United Kingdom
525571,2010-10-06 10:04:00,24,0.42,13707,United Kingdom
525571,2010-10-06 10:04:00,30,0.21,13707,United Kingdom
525571,2010-10-06 10:04:00,4,4.25,13707,United Kingdom
525571,2010-10-06 10:04:00,6,2.1,13707,United Kingdom
525571,2010-10-06 10:04:00,12,1.65,13707,United Kingdom
525571,2010-10-06 10:04:00,6,2.95,13707,United Kingdom
525571,2010-10-06 10:04:00,24,0.85,13707,United Kingdom
525571,2010-10-06 10:04:00,12,2.95,13707,United Kingdom
525571,2010-10-06 10:04:00,12,0.85,13707,United Kingdom
525571,2010-10-06 10:04:00,12,3.75,13707,United Kingdom
525571,2010-10-06 10:04:00,6,2.95,13707,United Kingdom
525571,2010-10-06 10:04:00,24,0.65,13707,United Kingdom
525571,2010-10-06 10:04:00,9,2.55,13707,United Kingdom
525571,2010-10-06 10:04:00,6,2.55,13707,United Kingdom
525571,2010-10-06 10:04:00,12,0.85,13707,United Kingdom
525571,2010-10-06 10:04:00,6,2.1,13707,United Kingdom
525571,2010-10-06 10:04:00,6,2.1,13707,United Kingdom
525571,2010-10-06 10:04:00,6,2.1,13707,United Kingdom
525571,2010-10-06 10:04:00,6,2.95,13707,United Kingdom
525572,2010-10-06 10:05:00,24,1.65,13707,United Kingdom
525572,2010-10-06 10:05:00,12,2.55,13707,United Kingdom
525572,2010-10-06 10:05:00,48,0.65,13707,United Kingdom
525572,2010-10-06 10:05:00,24,1.65,13707,United Kingdom
525572,2010-10-06 10:05:00,30,0.85,13707,United Kingdom
525572,2010-10-06 10:05:00,36,1.65,13707,United Kingdom
525572,2010-10-06 10:05:00,72,0.85,13707,United Kingdom
525572,2010-10-06 10:05:00,108,0.65,13707,United Kingdom
525572,2010-10-06 10:05:00,72,1.25,13707,United Kingdom
525572,2010-10-06 10:05:00,36,0.85,13707,United Kingdom
525572,2010-10-06 10:05:00,72,0.85,13707,United Kingdom
525732,2010-10-06 15:58:00,6,2.95,14156,EIRE
525732,2010-10-06 15:58:00,12,2.1,14156,EIRE
525732,2010-10-06 15:58:00,10,1.65,14156,EIRE
525732,2010-10-06 15:58:00,24,0.55,14156,EIRE
525732,2010-10-06 15:58:00,10,0.42,14156,EIRE
525732,2010-10-06 15:58:00,24,0.29,14156,EIRE
525732,2010-10-06 15:58:00,2,8.5,14156,EIRE
525732,2010-10-06 15:58:00,8,2.95,14156,EIRE
525732,2010-10-06 15:58:00,12,1.95,14156,EIRE
525732,2010-10-06 15:58:00,12,1.65,14156,EIRE
525732,2010-10-06 15:58:00,12,1.65,14156,EIRE
525732,2010-10-06 15:58:00,6,2.55,14156,EIRE
525732,2010-10-06 15:58:00,16,1.95,14156,EIRE
525732,2010-10-06 15:58:00,4,7.95,14156,EIRE
525732,2010-10-06 15:58:00,1,50.0,14156,EIRE
525732,2010-10-06 15:58:00,3,4.25,14156,EIRE
525732,2010-10-06 15:58:00,25,0.19,14156,EIRE
525732,2010-10-06 15:58:00,12,0.85,14156,EIRE
525732,2010-10-06 15:58:00,6,3.25,14156,EIRE
525732,2010-10-06 15:58:00,10,0.85,14156,EIRE
525732,2010-10-06 15:58:00,10,1.65,14156,EIRE
525732,2010-10-06 15:58:00,10,1.65,14156,EIRE
525732,2010-10-06 15:58:00,4,8.5,14156,EIRE
525732,2010-10-06 15:58:00,6,2.95,14156,EIRE
525732,2010-10-06 15:58:00,12,0.85,14156,EIRE
525732,2010-10-06 15:58:00,24,0.85,14156,EIRE
525732,2010-10-06 15:58:00,48,0.55,14156,EIRE
525732,2010-10-06 15:58:00,2,4.95,14156,EIRE
525732,2010-10-06 15:58:00,10,1.45,14156,EIRE
525732,2010-10-06 15:58:00,4,3.75,14156,EIRE
525732,2010-10-06 15:58:00,3,5.95,14156,EIRE
525732,2010-10-06 15:58:00,3,5.95,14156,EIRE
525732,2010-10-06 15:58:00,3,5.95,14156,EIRE
525732,2010-10-06 15:58:00,2,9.95,14156,EIRE
525732,2010-10-06 15:58:00,2,12.75,14156,EIRE
525732,2010-10-06 15:58:00,8,4.65,14156,EIRE
525732,2010-10-06 15:58:00,10,1.95,14156,EIRE
525750,2010-10-07 09:53:00,3,5.95,14682,United Kingdom
525750,2010-10-07 09:53:00,3,5.95,14682,United Kingdom
525750,2010-10-07 09:53:00,12,2.1,14682,United Kingdom
525750,2010-10-07 09:53:00,6,2.55,14682,United Kingdom
525750,2010-10-07 09:53:00,16,1.25,14682,United Kingdom
525750,2010-10-07 09:53:00,12,0.85,14682,United Kingdom
525750,2010-10-07 09:53:00,4,3.75,14682,United Kingdom
525750,2010-10-07 09:53:00,4,3.75,14682,United Kingdom
525750,2010-10-07 09:53:00,12,0.85,14682,United Kingdom
525750,2010-10-07 09:53:00,6,2.95,14682,United Kingdom
525750,2010-10-07 09:53:00,12,0.85,14682,United Kingdom
525750,2010-10-07 09:53:00,12,1.65,14682,United Kingdom
525750,2010-10-07 09:53:00,6,2.55,14682,United Kingdom
525750,2010-10-07 09:53:00,6,2.95,14682,United Kingdom
525750,2010-10-07 09:53:00,12,1.65,14682,United Kingdom
525750,2010-10-07 09:53:00,12,1.65,14682,United Kingdom
525750,2010-10-07 09:53:00,24,0.42,14682,United Kingdom
525750,2010-10-07 09:53:00,36,0.21,14682,United Kingdom
525750,2010-10-07 09:53:00,12,1.69,14682,United Kingdom
525750,2010-10-07 09:53:00,12,1.65,14682,United Kingdom
525750,2010-10-07 09:53:00,12,1.25,14682,United Kingdom
525750,2010-10-07 09:53:00,24,0.42,14682,United Kingdom
525750,2010-10-07 09:53:00,10,1.95,14682,United Kingdom
525750,2010-10-07 09:53:00,24,1.25,14682,United Kingdom
525750,2010-10-07 09:53:00,12,1.25,14682,United Kingdom
525750,2010-10-07 09:53:00,24,0.42,14682,United Kingdom
525750,2010-10-07 09:53:00,12,1.45,14682,United Kingdom
525750,2010-10-07 09:53:00,12,1.25,14682,United Kingdom
525750,2010-10-07 09:53:00,24,0.42,14682,United Kingdom
525750,2010-10-07 09:53:00,24,0.42,14682,United Kingdom
525750,2010-10-07 09:53:00,4,3.95,14682,United Kingdom
525750,2010-10-07 09:53:00,8,2.1,14682,United Kingdom
525750,2010-10-07 09:53:00,6,2.95,14682,United Kingdom
525750,2010-10-07 09:53:00,6,2.95,14682,United Kingdom
525750,2010-10-07 09:53:00,6,2.95,14682,United Kingdom
525750,2010-10-07 09:53:00,12,1.45,14682,United Kingdom
525750,2010-10-07 09:53:00,24,1.45,14682,United Kingdom
525750,2010-10-07 09:53:00,12,1.45,14682,United Kingdom
525750,2010-10-07 09:53:00,24,0.55,14682,United Kingdom
525750,2010-10-07 09:53:00,12,2.1,14682,United Kingdom
525750,2010-10-07 09:53:00,12,2.1,14682,United Kingdom
525750,2010-10-07 09:53:00,6,2.95,14682,United Kingdom
525750,2010-10-07 09:53:00,4,3.75,14682,United Kingdom
525750,2010-10-07 09:53:00,10,1.25,14682,United Kingdom
525750,2010-10-07 09:53:00,10,1.25,14682,United Kingdom
525750,2010-10-07 09:53:00,4,3.75,14682,United Kingdom
525750,2010-10-07 09:53:00,6,2.1,14682,United Kingdom
525750,2010-10-07 09:53:00,6,2.1,14682,United Kingdom
525750,2010-10-07 09:53:00,12,2.1,14682,United Kingdom
525750,2010-10-07 09:53:00,12,2.1,14682,United Kingdom
525750,2010-10-07 09:53:00,6,2.1,14682,United Kingdom
525878,2010-10-07 14:21:00,24,2.75,16191,United Kingdom
525878,2010-10-07 14:21:00,48,2.55,16191,United Kingdom
525878,2010-10-07 14:21:00,288,1.06,16191,United Kingdom
525878,2010-10-07 14:21:00,216,1.06,16191,United Kingdom
525878,2010-10-07 14:21:00,96,1.06,16191,United Kingdom
525878,2010-10-07 14:21:00,48,1.45,16191,United Kingdom
525878,2010-10-07 14:21:00,48,1.45,16191,United Kingdom
525878,2010-10-07 14:21:00,96,1.85,16191,United Kingdom
525878,2010-10-07 14:21:00,48,1.95,16191,United Kingdom
525878,2010-10-07 14:21:00,48,2.55,16191,United Kingdom
525878,2010-10-07 14:21:00,48,2.55,16191,United Kingdom
525878,2010-10-07 14:21:00,6,2.55,16191,United Kingdom
525878,2010-10-07 14:21:00,16,10.95,16191,United Kingdom
525878,2010-10-07 14:21:00,144,0.72,16191,United Kingdom
525878,2010-10-07 14:21:00,144,0.53,16191,United Kingdom
525878,2010-10-07 14:21:00,96,1.85,16191,United Kingdom
526219,2010-10-10 14:35:00,6,2.95,15038,United Kingdom
526868,2010-10-13 13:32:00,2,4.95,15016,United Kingdom
526868,2010-10-13 13:32:00,4,1.65,15016,United Kingdom
526868,2010-10-13 13:32:00,1,1.65,15016,United Kingdom
526868,2010-10-13 13:32:00,1,2.95,15016,United Kingdom
526868,2010-10-13 13:32:00,1,2.1,15016,United Kingdom
526868,2010-10-13 13:32:00,1,1.25,15016,United Kingdom
526868,2010-10-13 13:32:00,2,2.95,15016,United Kingdom
526868,2010-10-13 13:32:00,2,0.95,15016,United Kingdom
526868,2010-10-13 13:32:00,1,1.45,15016,United Kingdom
526868,2010-10-13 13:32:00,1,0.42,15016,United Kingdom
526868,2010-10-13 13:32:00,3,0.85,15016,United Kingdom
526868,2010-10-13 13:32:00,1,1.65,15016,United Kingdom
526868,2010-10-13 13:32:00,1,0.55,15016,United Kingdom
526868,2010-10-13 13:32:00,2,5.95,15016,United Kingdom
526868,2010-10-13 13:32:00,2,2.95,15016,United Kingdom
526868,2010-10-13 13:32:00,2,1.65,15016,United Kingdom
526868,2010-10-13 13:32:00,1,2.95,15016,United Kingdom
526868,2010-10-13 13:32:00,3,0.85,15016,United Kingdom
526868,2010-10-13 13:32:00,1,1.65,15016,United Kingdom
526868,2010-10-13 13:32:00,1,0.42,15016,United Kingdom
526868,2010-10-13 13:32:00,2,3.75,15016,United Kingdom
526868,2010-10-13 13:32:00,1,3.75,15016,United Kingdom
526868,2010-10-13 13:32:00,3,6.35,15016,United Kingdom
526868,2010-10-13 13:32:00,2,7.95,15016,United Kingdom
526868,2010-10-13 13:32:00,2,2.95,15016,United Kingdom
526868,2010-10-13 13:32:00,4,2.1,15016,United Kingdom
526868,2010-10-13 13:32:00,2,3.75,15016,United Kingdom
526868,2010-10-13 13:32:00,2,2.95,15016,United Kingdom
526868,2010-10-13 13:32:00,2,2.55,15016,United Kingdom
526868,2010-10-13 13:32:00,1,1.65,15016,United Kingdom
526868,2010-10-13 13:32:00,3,5.95,15016,United Kingdom
526868,2010-10-13 13:32:00,2,1.65,15016,United Kingdom
526868,2010-10-13 13:32:00,2,1.65,15016,United Kingdom
526868,2010-10-13 13:32:00,2,2.95,15016,United Kingdom
526868,2010-10-13 13:32:00,2,1.95,15016,United Kingdom
526891,2010-10-13 14:41:00,1,0.85,13832,United Kingdom
526891,2010-10-13 14:41:00,1,1.65,13832,United Kingdom
526891,2010-10-13 14:41:00,1,4.65,13832,United Kingdom
526891,2010-10-13 14:41:00,1,1.65,13832,United Kingdom
526891,2010-10-13 14:41:00,1,0.21,13832,United Kingdom
526891,2010-10-13 14:41:00,1,4.25,13832,United Kingdom
526891,2010-10-13 14:41:00,8,1.69,13832,United Kingdom
526891,2010-10-13 14:41:00,1,5.95,13832,United Kingdom
526891,2010-10-13 14:41:00,1,3.25,13832,United Kingdom
526891,2010-10-13 14:41:00,1,0.85,13832,United Kingdom
526891,2010-10-13 14:41:00,1,4.65,13832,United Kingdom
526891,2010-10-13 14:41:00,1,0.85,13832,United Kingdom
526891,2010-10-13 14:41:00,1,1.25,13832,United Kingdom
526891,2010-10-13 14:41:00,1,2.55,13832,United Kingdom
526891,2010-10-13 14:41:00,1,1.25,13832,United Kingdom
526891,2010-10-13 14:41:00,1,2.95,13832,United Kingdom
526891,2010-10-13 14:41:00,2,2.95,13832,United Kingdom
526891,2010-10-13 14:41:00,1,0.85,13832,United Kingdom
526891,2010-10-13 14:41:00,1,5.95,13832,United Kingdom
526891,2010-10-13 14:41:00,2,0.85,13832,United Kingdom
526891,2010-10-13 14:41:00,1,4.65,13832,United Kingdom
526891,2010-10-13 14:41:00,1,1.25,13832,United Kingdom
526891,2010-10-13 14:41:00,1,1.25,13832,United Kingdom
526891,2010-10-13 14:41:00,1,6.75,13832,United Kingdom
526891,2010-10-13 14:41:00,32,1.95,13832,United Kingdom
526891,2010-10-13 14:41:00,1,1.95,13832,United Kingdom
526891,2010-10-13 14:41:00,1,0.85,13832,United Kingdom
526891,2010-10-13 14:41:00,1,0.85,13832,United Kingdom
526891,2010-10-13 14:41:00,72,0.85,13832,United Kingdom
526891,2010-10-13 14:41:00,2,7.95,13832,United Kingdom
526891,2010-10-13 14:41:00,4,8.95,13832,United Kingdom
526891,2010-10-13 14:41:00,5,2.95,13832,United Kingdom
526891,2010-10-13 14:41:00,30,0.21,13832,United Kingdom
526891,2010-10-13 14:41:00,1,8.5,13832,United Kingdom
526891,2010-10-13 14:41:00,1,0.85,13832,United Kingdom
526891,2010-10-13 14:41:00,2,8.95,13832,United Kingdom
526891,2010-10-13 14:41:00,48,1.25,13832,United Kingdom
526891,2010-10-13 14:41:00,14,2.95,13832,United Kingdom
526891,2010-10-13 14:41:00,28,0.21,13832,United Kingdom
526891,2010-10-13 14:41:00,20,1.25,13832,United Kingdom
526891,2010-10-13 14:41:00,20,1.25,13832,United Kingdom
526891,2010-10-13 14:41:00,24,0.42,13832,United Kingdom
526891,2010-10-13 14:41:00,20,1.25,13832,United Kingdom
526891,2010-10-13 14:41:00,1,2.95,13832,United Kingdom
526891,2010-10-13 14:41:00,1,0.85,13832,United Kingdom
526891,2010-10-13 14:41:00,1,4.25,13832,United Kingdom
526891,2010-10-13 14:41:00,20,1.25,13832,United Kingdom
526891,2010-10-13 14:41:00,1,0.85,13832,United Kingdom
526891,2010-10-13 14:41:00,2,5.45,13832,United Kingdom
526891,2010-10-13 14:41:00,1,2.95,13832,United Kingdom
526891,2010-10-13 14:41:00,4,2.55,13832,United Kingdom
526891,2010-10-13 14:41:00,1,1.25,13832,United Kingdom
526891,2010-10-13 14:41:00,2,1.25,13832,United Kingdom
526891,2010-10-13 14:41:00,1,1.65,13832,United Kingdom
526903,2010-10-13 15:13:00,1,2.1,17851,United Kingdom
526903,2010-10-13 15:13:00,1,1.65,17851,United Kingdom
526903,2010-10-13 15:13:00,2,2.95,17851,United Kingdom
526903,2010-10-13 15:13:00,1,2.1,17851,United Kingdom
526903,2010-10-13 15:13:00,1,2.1,17851,United Kingdom
526903,2010-10-13 15:13:00,1,2.1,17851,United Kingdom
526903,2010-10-13 15:13:00,1,0.85,17851,United Kingdom
526903,2010-10-13 15:13:00,1,2.95,17851,United Kingdom
526903,2010-10-13 15:13:00,1,2.95,17851,United Kingdom
526903,2010-10-13 15:13:00,1,9.95,17851,United Kingdom
526903,2010-10-13 15:13:00,1,2.55,17851,United Kingdom
526903,2010-10-13 15:13:00,1,1.25,17851,United Kingdom
526903,2010-10-13 15:13:00,3,1.95,17851,United Kingdom
526903,2010-10-13 15:13:00,1,2.95,17851,United Kingdom
526903,2010-10-13 15:13:00,1,2.95,17851,United Kingdom
526903,2010-10-13 15:13:00,2,2.1,17851,United Kingdom
526903,2010-10-13 15:13:00,1,2.95,17851,United Kingdom
526903,2010-10-13 15:13:00,1,2.95,17851,United Kingdom
526903,2010-10-13 15:13:00,1,0.55,17851,United Kingdom
526903,2010-10-13 15:13:00,1,1.45,17851,United Kingdom
526903,2010-10-13 15:13:00,1,1.25,17851,United Kingdom
526903,2010-10-13 15:13:00,25,0.42,17851,United Kingdom
526903,2010-10-13 15:13:00,25,0.42,17851,United Kingdom
526903,2010-10-13 15:13:00,1,2.1,17851,United Kingdom
526903,2010-10-13 15:13:00,1,7.95,17851,United Kingdom
526903,2010-10-13 15:13:00,1,3.75,17851,United Kingdom
526903,2010-10-13 15:13:00,25,0.42,17851,United Kingdom
526903,2010-10-13 15:13:00,1,1.65,17851,United Kingdom
526903,2010-10-13 15:13:00,1,0.85,17851,United Kingdom
526903,2010-10-13 15:13:00,12,0.42,17851,United Kingdom
527063,2010-10-14 13:48:00,5,1.25,14584,United Kingdom
527063,2010-10-14 13:48:00,2,1.45,14584,United Kingdom
527063,2010-10-14 13:48:00,4,1.25,14584,United Kingdom
527063,2010-10-14 13:48:00,4,1.95,14584,United Kingdom
527063,2010-10-14 13:48:00,2,1.45,14584,United Kingdom
527063,2010-10-14 13:48:00,5,1.25,14584,United Kingdom
527063,2010-10-14 13:48:00,5,2.95,14584,United Kingdom
527063,2010-10-14 13:48:00,5,1.65,14584,United Kingdom
527063,2010-10-14 13:48:00,5,0.42,14584,United Kingdom
527063,2010-10-14 13:48:00,1,2.1,14584,United Kingdom
527063,2010-10-14 13:48:00,5,1.65,14584,United Kingdom
527063,2010-10-14 13:48:00,5,1.69,14584,United Kingdom
527063,2010-10-14 13:48:00,2,2.1,14584,United Kingdom
527063,2010-10-14 13:48:00,5,1.25,14584,United Kingdom
527063,2010-10-14 13:48:00,3,2.1,14584,United Kingdom
527063,2010-10-14 13:48:00,1,2.1,14584,United Kingdom
527063,2010-10-14 13:48:00,2,5.95,14584,United Kingdom
527063,2010-10-14 13:48:00,1,6.75,14584,United Kingdom
527063,2010-10-14 13:48:00,4,0.55,14584,United Kingdom
527063,2010-10-14 13:48:00,3,0.55,14584,United Kingdom
527063,2010-10-14 13:48:00,3,0.55,14584,United Kingdom
527063,2010-10-14 13:48:00,3,2.1,14584,United Kingdom
527063,2010-10-14 13:48:00,4,2.1,14584,United Kingdom
527063,2010-10-14 13:48:00,5,2.1,14584,United Kingdom
527063,2010-10-14 13:48:00,5,2.1,14584,United Kingdom
527063,2010-10-14 13:48:00,2,1.45,14584,United Kingdom
527063,2010-10-14 13:48:00,4,1.95,14584,United Kingdom
527197,2010-10-15 11:47:00,24,4.25,15181,United Kingdom
527197,2010-10-15 11:47:00,24,2.75,15181,United Kingdom
527197,2010-10-15 11:47:00,48,3.75,15181,United Kingdom
527434,2010-10-18 07:25:00,8,9.95,16191,United Kingdom
527434,2010-10-18 07:25:00,12,2.95,16191,United Kingdom
527434,2010-10-18 07:25:00,32,2.55,16191,United Kingdom
527437,2010-10-18 08:11:00,2,8.5,16191,United Kingdom
527437,2010-10-18 08:11:00,48,5.95,16191,United Kingdom
527494,2010-10-18 12:04:00,6,2.55,14156,EIRE
527494,2010-10-18 12:04:00,12,8.5,14156,EIRE
527494,2010-10-18 12:04:00,12,1.25,14156,EIRE
527494,2010-10-18 12:04:00,2,8.5,14156,EIRE
527494,2010-10-18 12:04:00,12,1.25,14156,EIRE
527494,2010-10-18 12:04:00,12,1.25,14156,EIRE
527494,2010-10-18 12:04:00,12,1.25,14156,EIRE
527494,2010-10-18 12:04:00,12,1.25,14156,EIRE
527494,2010-10-18 12:04:00,2,8.5,14156,EIRE
527494,2010-10-18 12:04:00,2,8.5,14156,EIRE
527494,2010-10-18 12:04:00,2,8.5,14156,EIRE
527494,2010-10-18 12:04:00,12,0.55,14156,EIRE
527494,2010-10-18 12:04:00,2,7.95,14156,EIRE
527494,2010-10-18 12:04:00,12,1.25,14156,EIRE
527494,2010-10-18 12:04:00,12,1.25,14156,EIRE
527494,2010-10-18 12:04:00,4,6.75,14156,EIRE
527494,2010-10-18 12:04:00,12,1.65,14156,EIRE
527494,2010-10-18 12:04:00,12,1.65,14156,EIRE
527494,2010-10-18 12:04:00,12,1.65,14156,EIRE
527494,2010-10-18 12:04:00,2,12.75,14156,EIRE
527494,2010-10-18 12:04:00,2,6.75,14156,EIRE
527494,2010-10-18 12:04:00,2,6.75,14156,EIRE
527494,2010-10-18 12:04:00,2,7.95,14156,EIRE
527494,2010-10-18 12:04:00,4,4.95,14156,EIRE
527494,2010-10-18 12:04:00,2,8.5,14156,EIRE
527494,2010-10-18 12:04:00,12,0.55,14156,EIRE
527494,2010-10-18 12:04:00,2,8.5,14156,EIRE
527494,2010-10-18 12:04:00,6,2.55,14156,EIRE
527494,2010-10-18 12:04:00,24,0.55,14156,EIRE
527494,2010-10-18 12:04:00,2,8.5,14156,EIRE
527494,2010-10-18 12:04:00,3,4.95,14156,EIRE
527494,2010-10-18 12:04:00,12,1.65,14156,EIRE
527494,2010-10-18 12:04:00,3,4.95,14156,EIRE
527494,2010-10-18 12:04:00,3,4.95,14156,EIRE
527494,2010-10-18 12:04:00,12,1.65,14156,EIRE
527494,2010-10-18 12:04:00,12,1.65,14156,EIRE
527494,2010-10-18 12:04:00,12,1.25,14156,EIRE
527494,2010-10-18 12:04:00,12,0.85,14156,EIRE
527494,2010-10-18 12:04:00,6,2.55,14156,EIRE
527494,2010-10-18 12:04:00,6,2.55,14156,EIRE
527494,2010-10-18 12:04:00,12,2.1,14156,EIRE
527494,2010-10-18 12:04:00,12,1.65,14156,EIRE
527494,2010-10-18 12:04:00,4,3.95,14156,EIRE
527494,2010-10-18 12:04:00,12,2.1,14156,EIRE
527494,2010-10-18 12:04:00,24,0.55,14156,EIRE
527494,2010-10-18 12:04:00,24,0.55,14156,EIRE
527494,2010-10-18 12:04:00,24,0.55,14156,EIRE
527494,2010-10-18 12:04:00,6,1.65,14156,EIRE
527494,2010-10-18 12:04:00,24,0.55,14156,EIRE
527494,2010-10-18 12:04:00,2,12.75,14156,EIRE
527494,2010-10-18 12:04:00,2,8.5,14156,EIRE
527494,2010-10-18 12:04:00,12,0.75,14156,EIRE
527494,2010-10-18 12:04:00,12,1.65,14156,EIRE
527494,2010-10-18 12:04:00,4,3.95,14156,EIRE
527494,2010-10-18 12:04:00,12,1.95,14156,EIRE
527719,2010-10-18 15:27:00,2,2.1,17143,United Kingdom
527719,2010-10-18 15:27:00,1,2.1,17143,United Kingdom
527719,2010-10-18 15:27:00,2,1.95,17143,United Kingdom
527719,2010-10-18 15:27:00,2,2.95,17143,United Kingdom
527719,2010-10-18 15:27:00,2,2.95,17143,United Kingdom
527719,2010-10-18 15:27:00,2,2.1,17143,United Kingdom
527719,2010-10-18 15:27:00,2,2.1,17143,United Kingdom
527719,2010-10-18 15:27:00,2,2.1,17143,United Kingdom
527719,2010-10-18 15:27:00,2,2.1,17143,United Kingdom
527719,2010-10-18 15:27:00,1,1.49,17143,United Kingdom
527719,2010-10-18 15:27:00,2,2.1,17143,United Kingdom
527719,2010-10-18 15:27:00,3,1.65,17143,United Kingdom
527719,2010-10-18 15:27:00,1,5.95,17143,United Kingdom
527719,2010-10-18 15:27:00,4,1.45,17143,United Kingdom
527719,2010-10-18 15:27:00,2,8.5,17143,United Kingdom
527719,2010-10-18 15:27:00,2,1.65,17143,United Kingdom
527719,2010-10-18 15:27:00,4,2.95,17143,United Kingdom
527719,2010-10-18 15:27:00,2,2.1,17143,United Kingdom
527719,2010-10-18 15:27:00,4,2.1,17143,United Kingdom
527719,2010-10-18 15:27:00,2,2.55,17143,United Kingdom
527719,2010-10-18 15:27:00,4,1.45,17143,United Kingdom
527719,2010-10-18 15:27:00,2,1.65,17143,United Kingdom
527719,2010-10-18 15:27:00,9,1.45,17143,United Kingdom
527719,2010-10-18 15:27:00,1,5.95,17143,United Kingdom
527719,2010-10-18 15:27:00,6,1.25,17143,United Kingdom
527719,2010-10-18 15:27:00,4,1.25,17143,United Kingdom
527719,2010-10-18 15:27:00,1,1.49,17143,United Kingdom
527719,2010-10-18 15:27:00,2,2.55,17143,United Kingdom
527719,2010-10-18 15:27:00,2,10.65,17143,United Kingdom
527719,2010-10-18 15:27:00,1,2.55,17143,United Kingdom
527719,2010-10-18 15:27:00,3,1.25,17143,United Kingdom
527719,2010-10-18 15:27:00,2,2.95,17143,United Kingdom
527719,2010-10-18 15:27:00,4,1.49,17143,United Kingdom
527719,2010-10-18 15:27:00,1,2.95,17143,United Kingdom
527719,2010-10-18 15:27:00,1,4.95,17143,United Kingdom
527719,2010-10-18 15:27:00,4,1.49,17143,United Kingdom
527719,2010-10-18 15:27:00,1,4.95,17143,United Kingdom
527719,2010-10-18 15:27:00,1,1.65,17143,United Kingdom
527719,2010-10-18 15:27:00,2,1.65,17143,United Kingdom
527719,2010-10-18 15:27:00,1,2.95,17143,United Kingdom
527719,2010-10-18 15:27:00,3,12.75,17143,United Kingdom
527732,2010-10-18 15:45:00,4,9.95,15777,United Kingdom
527732,2010-10-18 15:45:00,1,9.95,15777,United Kingdom
527732,2010-10-18 15:45:00,6,4.95,15777,United Kingdom
527732,2010-10-18 15:45:00,6,2.95,15777,United Kingdom
527732,2010-10-18 15:45:00,6,2.95,15777,United Kingdom
527732,2010-10-18 15:45:00,32,2.55,15777,United Kingdom
527732,2010-10-18 15:45:00,24,2.55,15777,United Kingdom
527732,2010-10-18 15:45:00,32,2.55,15777,United Kingdom
527732,2010-10-18 15:45:00,24,4.25,15777,United Kingdom
527763,2010-10-19 09:04:00,24,0.85,16950,United Kingdom
527763,2010-10-19 09:04:00,8,4.95,16950,United Kingdom
527763,2010-10-19 09:04:00,12,1.65,16950,United Kingdom
527763,2010-10-19 09:04:00,12,2.95,16950,United Kingdom
527763,2010-10-19 09:04:00,24,0.85,16950,United Kingdom
527763,2010-10-19 09:04:00,24,0.85,16950,United Kingdom
527763,2010-10-19 09:04:00,24,0.85,16950,United Kingdom
527763,2010-10-19 09:04:00,24,0.85,16950,United Kingdom
527763,2010-10-19 09:04:00,12,0.85,16950,United Kingdom
527763,2010-10-19 09:04:00,12,0.85,16950,United Kingdom
527763,2010-10-19 09:04:00,3,4.95,16950,United Kingdom
527763,2010-10-19 09:04:00,48,0.85,16950,United Kingdom
527763,2010-10-19 09:04:00,12,0.85,16950,United Kingdom
527763,2010-10-19 09:04:00,12,0.85,16950,United Kingdom
527763,2010-10-19 09:04:00,36,0.85,16950,United Kingdom
527763,2010-10-19 09:04:00,24,0.85,16950,United Kingdom
527763,2010-10-19 09:04:00,24,0.85,16950,United Kingdom
527763,2010-10-19 09:04:00,48,0.42,16950,United Kingdom
527763,2010-10-19 09:04:00,18,2.1,16950,United Kingdom
527763,2010-10-19 09:04:00,12,1.69,16950,United Kingdom
527763,2010-10-19 09:04:00,12,0.85,16950,United Kingdom
527763,2010-10-19 09:04:00,24,2.95,16950,United Kingdom
527827,2010-10-19 11:24:00,12,0.85,17676,United Kingdom
527827,2010-10-19 11:24:00,24,1.25,17676,United Kingdom
527827,2010-10-19 11:24:00,5,2.95,17676,United Kingdom
527827,2010-10-19 11:24:00,5,2.95,17676,United Kingdom
527827,2010-10-19 11:24:00,4,4.95,17676,United Kingdom
527827,2010-10-19 11:24:00,10,1.65,17676,United Kingdom
527827,2010-10-19 11:24:00,10,0.85,17676,United Kingdom
527827,2010-10-19 11:24:00,10,1.65,17676,United Kingdom
527827,2010-10-19 11:24:00,4,3.45,17676,United Kingdom
527827,2010-10-19 11:24:00,4,3.75,17676,United Kingdom
527827,2010-10-19 11:24:00,3,4.95,17676,United Kingdom
527827,2010-10-19 11:24:00,4,3.75,17676,United Kingdom
527827,2010-10-19 11:24:00,4,4.65,17676,United Kingdom
527827,2010-10-19 11:24:00,24,0.42,17676,United Kingdom
527827,2010-10-19 11:24:00,10,0.85,17676,United Kingdom
527910,2010-10-19 12:50:00,2,7.95,14156,EIRE
527910,2010-10-19 12:50:00,8,3.95,14156,EIRE
527910,2010-10-19 12:50:00,24,0.55,14156,EIRE
527910,2010-10-19 12:50:00,9,4.95,14156,EIRE
527910,2010-10-19 12:50:00,4,3.75,14156,EIRE
527910,2010-10-19 12:50:00,24,0.55,14156,EIRE
527910,2010-10-19 12:50:00,24,0.55,14156,EIRE
527910,2010-10-19 12:50:00,24,0.55,14156,EIRE
527910,2010-10-19 12:50:00,24,0.55,14156,EIRE
527910,2010-10-19 12:50:00,24,0.55,14156,EIRE
527910,2010-10-19 12:50:00,2,7.95,14156,EIRE
527910,2010-10-19 12:50:00,4,4.25,14156,EIRE
527910,2010-10-19 12:50:00,12,0.85,14156,EIRE
527910,2010-10-19 12:50:00,12,3.75,14156,EIRE
527910,2010-10-19 12:50:00,8,4.25,14156,EIRE
527910,2010-10-19 12:50:00,4,8.5,14156,EIRE
527910,2010-10-19 12:50:00,12,3.75,14156,EIRE
527910,2010-10-19 12:50:00,12,3.75,14156,EIRE
527910,2010-10-19 12:50:00,12,3.75,14156,EIRE
527910,2010-10-19 12:50:00,6,3.75,14156,EIRE
527910,2010-10-19 12:50:00,6,3.75,14156,EIRE
527910,2010-10-19 12:50:00,3,10.75,14156,EIRE
527910,2010-10-19 12:50:00,6,4.25,14156,EIRE
527910,2010-10-19 12:50:00,12,7.65,14156,EIRE
527910,2010-10-19 12:50:00,12,12.75,14156,EIRE
527910,2010-10-19 12:50:00,6,14.95,14156,EIRE
527910,2010-10-19 12:50:00,12,0.85,14156,EIRE
527926,2010-10-19 13:21:00,10,2.95,13134,United Kingdom
527926,2010-10-19 13:21:00,5,4.65,13134,United Kingdom
527926,2010-10-19 13:21:00,10,1.25,13134,United Kingdom
527926,2010-10-19 13:21:00,8,1.65,13134,United Kingdom
527926,2010-10-19 13:21:00,4,5.95,13134,United Kingdom
527926,2010-10-19 13:21:00,4,7.95,13134,United Kingdom
527926,2010-10-19 13:21:00,4,34.95,13134,United Kingdom
527935,2010-10-19 13:38:00,6,0.85,16719,United Kingdom
527935,2010-10-19 13:38:00,3,5.95,16719,United Kingdom
527935,2010-10-19 13:38:00,1,0.95,16719,United Kingdom
527935,2010-10-19 13:38:00,3,4.95,16719,United Kingdom
527935,2010-10-19 13:38:00,1,8.5,16719,United Kingdom
527935,2010-10-19 13:38:00,1,4.25,16719,United Kingdom
527935,2010-10-19 13:38:00,2,2.55,16719,United Kingdom
527935,2010-10-19 13:38:00,1,12.75,16719,United Kingdom
527935,2010-10-19 13:38:00,1,6.75,16719,United Kingdom
527935,2010-10-19 13:38:00,7,3.35,16719,United Kingdom
527935,2010-10-19 13:38:00,2,1.25,16719,United Kingdom
527935,2010-10-19 13:38:00,2,2.1,16719,United Kingdom
527935,2010-10-19 13:38:00,3,6.75,16719,United Kingdom
527935,2010-10-19 13:38:00,1,1.25,16719,United Kingdom
527935,2010-10-19 13:38:00,25,0.42,16719,United Kingdom
527935,2010-10-19 13:38:00,25,0.42,16719,United Kingdom
527935,2010-10-19 13:38:00,3,4.25,16719,United Kingdom
527935,2010-10-19 13:38:00,2,3.95,16719,United Kingdom
527935,2010-10-19 13:38:00,4,2.1,16719,United Kingdom
527935,2010-10-19 13:38:00,2,3.75,16719,United Kingdom
527935,2010-10-19 13:38:00,1,1.25,16719,United Kingdom
527935,2010-10-19 13:38:00,2,1.25,16719,United Kingdom
527935,2010-10-19 13:38:00,2,1.25,16719,United Kingdom
527935,2010-10-19 13:38:00,1,1.25,16719,United Kingdom
527935,2010-10-19 13:38:00,3,1.25,16719,United Kingdom
528071,2010-10-20 12:25:00,24,1.25,14460,United Kingdom
528071,2010-10-20 12:25:00,24,1.25,14460,United Kingdom
528071,2010-10-20 12:25:00,24,1.25,14460,United Kingdom
528071,2010-10-20 12:25:00,192,0.36,14460,United Kingdom
528079,2010-10-20 12:47:00,2,0.85,15501,United Kingdom
528079,2010-10-20 12:47:00,2,0.85,15501,United Kingdom
528079,2010-10-20 12:47:00,12,0.42,15501,United Kingdom
528079,2010-10-20 12:47:00,2,0.85,15501,United Kingdom
528079,2010-10-20 12:47:00,6,0.42,15501,United Kingdom
528079,2010-10-20 12:47:00,2,0.65,15501,United Kingdom
528079,2010-10-20 12:47:00,2,1.25,15501,United Kingdom
528079,2010-10-20 12:47:00,2,0.85,15501,United Kingdom
528079,2010-10-20 12:47:00,24,0.12,15501,United Kingdom
528079,2010-10-20 12:47:00,1,3.75,15501,United Kingdom
528079,2010-10-20 12:47:00,1,4.25,15501,United Kingdom
528079,2010-10-20 12:47:00,4,1.65,15501,United Kingdom
528079,2010-10-20 12:47:00,1,4.25,15501,United Kingdom
528079,2010-10-20 12:47:00,1,2.95,15501,United Kingdom
528079,2010-10-20 12:47:00,1,2.55,15501,United Kingdom
528079,2010-10-20 12:47:00,1,6.45,15501,United Kingdom
528079,2010-10-20 12:47:00,2,3.75,15501,United Kingdom
528079,2010-10-20 12:47:00,3,2.1,15501,United Kingdom
528079,2010-10-20 12:47:00,2,6.75,15501,United Kingdom
528079,2010-10-20 12:47:00,1,8.5,15501,United Kingdom
528079,2010-10-20 12:47:00,1,4.25,15501,United Kingdom
528079,2010-10-20 12:47:00,6,0.85,15501,United Kingdom
528079,2010-10-20 12:47:00,4,2.55,15501,United Kingdom
528079,2010-10-20 12:47:00,6,0.85,15501,United Kingdom
528079,2010-10-20 12:47:00,12,0.29,15501,United Kingdom
528079,2010-10-20 12:47:00,1,4.95,15501,United Kingdom
528079,2010-10-20 12:47:00,1,12.75,15501,United Kingdom
528079,2010-10-20 12:47:00,1,9.95,15501,United Kingdom
528079,2010-10-20 12:47:00,1,2.95,15501,United Kingdom
528079,2010-10-20 12:47:00,1,2.55,15501,United Kingdom
528079,2010-10-20 12:47:00,2,2.55,15501,United Kingdom
528079,2010-10-20 12:47:00,2,1.25,15501,United Kingdom
528079,2010-10-20 12:47:00,10,0.85,15501,United Kingdom
528079,2010-10-20 12:47:00,3,1.45,15501,United Kingdom
528079,2010-10-20 12:47:00,1,3.75,15501,United Kingdom
528079,2010-10-20 12:47:00,4,2.1,15501,United Kingdom
528079,2010-10-20 12:47:00,12,0.85,15501,United Kingdom
528079,2010-10-20 12:47:00,1,1.65,15501,United Kingdom
528079,2010-10-20 12:47:00,1,0.85,15501,United Kingdom
528079,2010-10-20 12:47:00,1,3.75,15501,United Kingdom
528079,2010-10-20 12:47:00,2,1.69,15501,United Kingdom
528079,2010-10-20 12:47:00,2,1.65,15501,United Kingdom
528079,2010-10-20 12:47:00,2,2.95,15501,United Kingdom
528079,2010-10-20 12:47:00,1,1.25,15501,United Kingdom
528079,2010-10-20 12:47:00,1,3.75,15501,United Kingdom
528079,2010-10-20 12:47:00,1,2.55,15501,United Kingdom
528079,2010-10-20 12:47:00,2,2.1,15501,United Kingdom
528079,2010-10-20 12:47:00,2,2.1,15501,United Kingdom
528079,2010-10-20 12:47:00,2,4.95,15501,United Kingdom
528111,2010-10-20 14:10:00,12,1.25,16702,United Kingdom
528111,2010-10-20 14:10:00,4,16.95,16702,United Kingdom
528111,2010-10-20 14:10:00,8,1.65,16702,United Kingdom
528111,2010-10-20 14:10:00,30,0.21,16702,United Kingdom
528111,2010-10-20 14:10:00,5,1.65,16702,United Kingdom
528111,2010-10-20 14:10:00,5,1.65,16702,United Kingdom
528111,2010-10-20 14:10:00,7,2.55,16702,United Kingdom
528111,2010-10-20 14:10:00,2,8.5,16702,United Kingdom
528111,2010-10-20 14:10:00,4,1.25,16702,United Kingdom
528111,2010-10-20 14:10:00,18,1.25,16702,United Kingdom
528111,2010-10-20 14:10:00,6,2.95,16702,United Kingdom
528111,2010-10-20 14:10:00,36,0.21,16702,United Kingdom
528111,2010-10-20 14:10:00,2,12.75,16702,United Kingdom
528111,2010-10-20 14:10:00,6,8.5,16702,United Kingdom
528111,2010-10-20 14:10:00,1,2.1,16702,United Kingdom
528111,2010-10-20 14:10:00,4,0.85,16702,United Kingdom
528111,2010-10-20 14:10:00,4,1.25,16702,United Kingdom
528111,2010-10-20 14:10:00,18,1.25,16702,United Kingdom
528154,2010-10-20 16:35:00,50,4.65,12643,France
528154,2010-10-20 16:35:00,120,0.42,12643,France
528154,2010-10-20 16:35:00,120,0.42,12643,France
528154,2010-10-20 16:35:00,40,2.55,12643,France
528154,2010-10-20 16:35:00,40,2.55,12643,France
528154,2010-10-20 16:35:00,40,2.55,12643,France
528310,2010-10-21 12:14:00,4,2.95,14156,EIRE
528310,2010-10-21 12:14:00,8,12.75,14156,EIRE
528310,2010-10-21 12:14:00,8,21.95,14156,EIRE
528310,2010-10-21 12:14:00,24,8.5,14156,EIRE
528310,2010-10-21 12:14:00,24,7.65,14156,EIRE
528310,2010-10-21 12:14:00,12,8.5,14156,EIRE
528310,2010-10-21 12:14:00,12,14.95,14156,EIRE
528310,2010-10-21 12:14:00,24,4.25,14156,EIRE
528310,2010-10-21 12:14:00,16,5.95,14156,EIRE
528399,2010-10-22 08:51:00,6,2.95,14156,EIRE
528399,2010-10-22 08:51:00,1,50.0,14156,EIRE
528399,2010-10-22 08:51:00,3,4.95,14156,EIRE
528399,2010-10-22 08:51:00,2,6.75,14156,EIRE
528399,2010-10-22 08:51:00,2,7.95,14156,EIRE
528399,2010-10-22 08:51:00,4,4.95,14156,EIRE
528399,2010-10-22 08:51:00,3,6.35,14156,EIRE
528399,2010-10-22 08:51:00,6,2.1,14156,EIRE
528399,2010-10-22 08:51:00,6,2.55,14156,EIRE
528399,2010-10-22 08:51:00,6,0.42,14156,EIRE
528399,2010-10-22 08:51:00,8,3.25,14156,EIRE
528399,2010-10-22 08:51:00,3,4.95,14156,EIRE
528399,2010-10-22 08:51:00,6,2.95,14156,EIRE
528399,2010-10-22 08:51:00,12,2.95,14156,EIRE
528399,2010-10-22 08:51:00,12,2.95,14156,EIRE
528399,2010-10-22 08:51:00,6,2.55,14156,EIRE
528399,2010-10-22 08:51:00,4,3.75,14156,EIRE
528399,2010-10-22 08:51:00,6,3.75,14156,EIRE
528399,2010-10-22 08:51:00,2,16.95,14156,EIRE
528399,2010-10-22 08:51:00,3,4.95,14156,EIRE
528399,2010-10-22 08:51:00,4,4.65,14156,EIRE
528400,2010-10-22 08:52:00,10,1.95,14156,EIRE
528400,2010-10-22 08:52:00,24,0.85,14156,EIRE
528400,2010-10-22 08:52:00,12,0.85,14156,EIRE
528400,2010-10-22 08:52:00,12,0.85,14156,EIRE
528417,2010-10-22 09:36:00,2,9.95,14156,EIRE
528417,2010-10-22 09:36:00,6,2.95,14156,EIRE
528417,2010-10-22 09:36:00,4,9.95,14156,EIRE
528417,2010-10-22 09:36:00,6,2.95,14156,EIRE
528417,2010-10-22 09:36:00,4,5.95,14156,EIRE
528417,2010-10-22 09:36:00,24,1.25,14156,EIRE
528417,2010-10-22 09:36:00,6,2.95,14156,EIRE
528417,2010-10-22 09:36:00,24,1.25,14156,EIRE
528417,2010-10-22 09:36:00,24,1.25,14156,EIRE
528417,2010-10-22 09:36:00,4,9.95,14156,EIRE
528417,2010-10-22 09:36:00,12,1.25,14156,EIRE
528417,2010-10-22 09:36:00,2,9.95,14156,EIRE
528417,2010-10-22 09:36:00,24,1.25,14156,EIRE
528417,2010-10-22 09:36:00,6,8.5,14156,EIRE
528417,2010-10-22 09:36:00,6,2.95,14156,EIRE
528417,2010-10-22 09:36:00,4,12.75,14156,EIRE
528417,2010-10-22 09:36:00,4,3.75,14156,EIRE
528417,2010-10-22 09:36:00,4,3.75,14156,EIRE
528417,2010-10-22 09:36:00,3,4.95,14156,EIRE
528417,2010-10-22 09:36:00,4,3.75,14156,EIRE
528417,2010-10-22 09:36:00,4,12.75,14156,EIRE
528417,2010-10-22 09:36:00,2,16.95,14156,EIRE
528417,2010-10-22 09:36:00,4,14.95,14156,EIRE
528417,2010-10-22 09:36:00,6,8.5,14156,EIRE
528417,2010-10-22 09:36:00,4,3.95,14156,EIRE
528417,2010-10-22 09:36:00,6,2.95,14156,EIRE
528429,2010-10-22 10:04:00,24,1.25,14460,United Kingdom
528429,2010-10-22 10:04:00,24,1.25,14460,United Kingdom
528471,2010-10-22 11:41:00,2,14.95,16053,United Kingdom
528471,2010-10-22 11:41:00,6,2.1,16053,United Kingdom
528471,2010-10-22 11:41:00,2,7.95,16053,United Kingdom
528471,2010-10-22 11:41:00,2,7.95,16053,United Kingdom
528471,2010-10-22 11:41:00,2,14.95,16053,United Kingdom
528471,2010-10-22 11:41:00,12,1.25,16053,United Kingdom
528471,2010-10-22 11:41:00,1,9.95,16053,United Kingdom
528471,2010-10-22 11:41:00,12,1.25,16053,United Kingdom
528471,2010-10-22 11:41:00,1,14.95,16053,United Kingdom
528471,2010-10-22 11:41:00,12,1.25,16053,United Kingdom
528472,2010-10-22 11:42:00,24,7.65,16053,United Kingdom
528472,2010-10-22 11:42:00,24,4.25,16053,United Kingdom
528472,2010-10-22 11:42:00,10,1.65,16053,United Kingdom
528472,2010-10-22 11:42:00,10,1.65,16053,United Kingdom
528472,2010-10-22 11:42:00,24,1.45,16053,United Kingdom
528472,2010-10-22 11:42:00,10,1.65,16053,United Kingdom
528472,2010-10-22 11:42:00,24,0.55,16053,United Kingdom
528472,2010-10-22 11:42:00,12,2.55,16053,United Kingdom
528472,2010-10-22 11:42:00,12,0.85,16053,United Kingdom
528472,2010-10-22 11:42:00,25,0.42,16053,United Kingdom
528472,2010-10-22 11:42:00,12,1.95,16053,United Kingdom
528472,2010-10-22 11:42:00,12,2.95,16053,United Kingdom
528576,2010-10-22 13:13:00,12,0.85,12369,Austria
528576,2010-10-22 13:13:00,12,0.85,12369,Austria
528576,2010-10-22 13:13:00,3,4.95,12369,Austria
528576,2010-10-22 13:13:00,12,0.85,12369,Austria
528576,2010-10-22 13:13:00,8,3.75,12369,Austria
528576,2010-10-22 13:13:00,6,2.95,12369,Austria
528576,2010-10-22 13:13:00,12,2.1,12369,Austria
528576,2010-10-22 13:13:00,1,40.0,12369,Austria
528576,2010-10-22 13:13:00,20,1.25,12369,Austria
528752,2010-10-24 14:53:00,12,0.85,16677,United Kingdom
528752,2010-10-24 14:53:00,3,4.95,16677,United Kingdom
528752,2010-10-24 14:53:00,2,24.95,16677,United Kingdom
528752,2010-10-24 14:53:00,4,3.75,16677,United Kingdom
528752,2010-10-24 14:53:00,8,2.95,16677,United Kingdom
528752,2010-10-24 14:53:00,12,1.25,16677,United Kingdom
528752,2010-10-24 14:53:00,10,1.65,16677,United Kingdom
528752,2010-10-24 14:53:00,12,2.55,16677,United Kingdom
528752,2010-10-24 14:53:00,20,1.65,16677,United Kingdom
528752,2010-10-24 14:53:00,6,5.95,16677,United Kingdom
528752,2010-10-24 14:53:00,12,6.35,16677,United Kingdom
528752,2010-10-24 14:53:00,12,0.85,16677,United Kingdom
528752,2010-10-24 14:53:00,10,1.95,16677,United Kingdom
528752,2010-10-24 14:53:00,12,1.25,16677,United Kingdom
528752,2010-10-24 14:53:00,6,2.95,16677,United Kingdom
528752,2010-10-24 14:53:00,6,2.1,16677,United Kingdom
528752,2010-10-24 14:53:00,12,1.25,16677,United Kingdom
528752,2010-10-24 14:53:00,6,2.95,16677,United Kingdom
528752,2010-10-24 14:53:00,24,0.42,16677,United Kingdom
528752,2010-10-24 14:53:00,24,0.42,16677,United Kingdom
528752,2010-10-24 14:53:00,24,0.42,16677,United Kingdom
528752,2010-10-24 14:53:00,12,1.65,16677,United Kingdom
528752,2010-10-24 14:53:00,12,1.25,16677,United Kingdom
528752,2010-10-24 14:53:00,6,4.95,16677,United Kingdom
528752,2010-10-24 14:53:00,4,9.95,16677,United Kingdom
528752,2010-10-24 14:53:00,12,1.65,16677,United Kingdom
528752,2010-10-24 14:53:00,12,1.65,16677,United Kingdom
528752,2010-10-24 14:53:00,12,1.25,16677,United Kingdom
528880,2010-10-25 12:18:00,6,2.95,13733,United Kingdom
528880,2010-10-25 12:18:00,12,1.25,13733,United Kingdom
528880,2010-10-25 12:18:00,4,3.75,13733,United Kingdom
528880,2010-10-25 12:18:00,12,0.85,13733,United Kingdom
528880,2010-10-25 12:18:00,8,1.95,13733,United Kingdom
528880,2010-10-25 12:18:00,24,2.95,13733,United Kingdom
528880,2010-10-25 12:18:00,12,1.45,13733,United Kingdom
528880,2010-10-25 12:18:00,12,1.45,13733,United Kingdom
528880,2010-10-25 12:18:00,24,0.65,13733,United Kingdom
528880,2010-10-25 12:18:00,12,1.25,13733,United Kingdom
528880,2010-10-25 12:18:00,10,1.25,13733,United Kingdom
528880,2010-10-25 12:18:00,8,1.95,13733,United Kingdom
528880,2010-10-25 12:18:00,24,0.42,13733,United Kingdom
528880,2010-10-25 12:18:00,1,9.95,13733,United Kingdom
528880,2010-10-25 12:18:00,24,0.42,13733,United Kingdom
528880,2010-10-25 12:18:00,64,0.38,13733,United Kingdom
528880,2010-10-25 12:18:00,10,1.25,13733,United Kingdom
528880,2010-10-25 12:18:00,5,4.65,13733,United Kingdom
528880,2010-10-25 12:18:00,1,9.95,13733,United Kingdom
528921,2010-10-25 14:32:00,6,2.95,15064,United Kingdom
528921,2010-10-25 14:32:00,12,0.85,15064,United Kingdom
528921,2010-10-25 14:32:00,12,0.85,15064,United Kingdom
528921,2010-10-25 14:32:00,12,1.25,15064,United Kingdom
528921,2010-10-25 14:32:00,6,2.1,15064,United Kingdom
528921,2010-10-25 14:32:00,10,1.95,15064,United Kingdom
528921,2010-10-25 14:32:00,6,2.55,15064,United Kingdom
528921,2010-10-25 14:32:00,12,1.25,15064,United Kingdom
528921,2010-10-25 14:32:00,12,1.25,15064,United Kingdom
528921,2010-10-25 14:32:00,25,0.19,15064,United Kingdom
528921,2010-10-25 14:32:00,2,5.95,15064,United Kingdom
528921,2010-10-25 14:32:00,4,3.75,15064,United Kingdom
528921,2010-10-25 14:32:00,12,0.85,15064,United Kingdom
528921,2010-10-25 14:32:00,6,1.65,15064,United Kingdom
528921,2010-10-25 14:32:00,12,0.85,15064,United Kingdom
528921,2010-10-25 14:32:00,6,2.95,15064,United Kingdom
528921,2010-10-25 14:32:00,12,2.1,15064,United Kingdom
528921,2010-10-25 14:32:00,12,1.25,15064,United Kingdom
528921,2010-10-25 14:32:00,2,8.5,15064,United Kingdom
528921,2010-10-25 14:32:00,4,3.75,15064,United Kingdom
528921,2010-10-25 14:32:00,12,0.85,15064,United Kingdom
528921,2010-10-25 14:32:00,10,1.95,15064,United Kingdom
528921,2010-10-25 14:32:00,12,0.85,15064,United Kingdom
528921,2010-10-25 14:32:00,12,0.85,15064,United Kingdom
528921,2010-10-25 14:32:00,10,1.65,15064,United Kingdom
528921,2010-10-25 14:32:00,24,0.65,15064,United Kingdom
528921,2010-10-25 14:32:00,24,0.65,15064,United Kingdom
528921,2010-10-25 14:32:00,12,0.85,15064,United Kingdom
528948,2010-10-25 15:57:00,1,1.25,17070,United Kingdom
528948,2010-10-25 15:57:00,2,2.1,17070,United Kingdom
528948,2010-10-25 15:57:00,1,1.95,17070,United Kingdom
528948,2010-10-25 15:57:00,1,2.1,17070,United Kingdom
528948,2010-10-25 15:57:00,1,2.55,17070,United Kingdom
528948,2010-10-25 15:57:00,2,0.85,17070,United Kingdom
528948,2010-10-25 15:57:00,1,0.85,17070,United Kingdom
528948,2010-10-25 15:57:00,1,0.85,17070,United Kingdom
528948,2010-10-25 15:57:00,1,1.25,17070,United Kingdom
528948,2010-10-25 15:57:00,1,3.75,17070,United Kingdom
528948,2010-10-25 15:57:00,1,2.55,17070,United Kingdom
528948,2010-10-25 15:57:00,2,3.75,17070,United Kingdom
528948,2010-10-25 15:57:00,1,1.25,17070,United Kingdom
528948,2010-10-25 15:57:00,1,1.65,17070,United Kingdom
528948,2010-10-25 15:57:00,12,0.42,17070,United Kingdom
528948,2010-10-25 15:57:00,2,1.65,17070,United Kingdom
528948,2010-10-25 15:57:00,1,1.45,17070,United Kingdom
528948,2010-10-25 15:57:00,1,1.45,17070,United Kingdom
528948,2010-10-25 15:57:00,1,1.95,17070,United Kingdom
528948,2010-10-25 15:57:00,1,0.55,17070,United Kingdom
528948,2010-10-25 15:57:00,2,4.95,17070,United Kingdom
528948,2010-10-25 15:57:00,1,2.1,17070,United Kingdom
528948,2010-10-25 15:57:00,1,4.25,17070,United Kingdom
528948,2010-10-25 15:57:00,12,0.42,17070,United Kingdom
528948,2010-10-25 15:57:00,1,0.85,17070,United Kingdom
528948,2010-10-25 15:57:00,1,0.85,17070,United Kingdom
528948,2010-10-25 15:57:00,2,1.95,17070,United Kingdom
528948,2010-10-25 15:57:00,1,0.55,17070,United Kingdom
528948,2010-10-25 15:57:00,2,2.1,17070,United Kingdom
528948,2010-10-25 15:57:00,1,7.95,17070,United Kingdom
528948,2010-10-25 15:57:00,25,0.42,17070,United Kingdom
528948,2010-10-25 15:57:00,2,2.95,17070,United Kingdom
528948,2010-10-25 15:57:00,1,4.95,17070,United Kingdom
528948,2010-10-25 15:57:00,5,0.85,17070,United Kingdom
528948,2010-10-25 15:57:00,2,1.65,17070,United Kingdom
528948,2010-10-25 15:57:00,2,1.65,17070,United Kingdom
528948,2010-10-25 15:57:00,1,2.55,17070,United Kingdom
528948,2010-10-25 15:57:00,1,1.45,17070,United Kingdom
528948,2010-10-25 15:57:00,1,3.75,17070,United Kingdom
528948,2010-10-25 15:57:00,1,2.55,17070,United Kingdom
528948,2010-10-25 15:57:00,1,3.95,17070,United Kingdom
528950,2010-10-25 16:22:00,1,2.1,17767,United Kingdom
528950,2010-10-25 16:22:00,2,2.1,17767,United Kingdom
528950,2010-10-25 16:22:00,1,2.1,17767,United Kingdom
528950,2010-10-25 16:22:00,2,2.1,17767,United Kingdom
528950,2010-10-25 16:22:00,2,4.25,17767,United Kingdom
528950,2010-10-25 16:22:00,3,2.1,17767,United Kingdom
528950,2010-10-25 16:22:00,24,1.25,17767,United Kingdom
528950,2010-10-25 16:22:00,2,4.25,17767,United Kingdom
528950,2010-10-25 16:22:00,1,2.1,17767,United Kingdom
528950,2010-10-25 16:22:00,4,2.55,17767,United Kingdom
528950,2010-10-25 16:22:00,6,2.95,17767,United Kingdom
528950,2010-10-25 16:22:00,3,1.45,17767,United Kingdom
528950,2010-10-25 16:22:00,2,4.25,17767,United Kingdom
528950,2010-10-25 16:22:00,1,1.25,17767,United Kingdom
528950,2010-10-25 16:22:00,6,1.95,17767,United Kingdom
528950,2010-10-25 16:22:00,7,2.1,17767,United Kingdom
528950,2010-10-25 16:22:00,2,2.1,17767,United Kingdom
528950,2010-10-25 16:22:00,1,1.25,17767,United Kingdom
528954,2010-10-26 08:11:00,4,3.75,14156,EIRE
528954,2010-10-26 08:11:00,4,3.75,14156,EIRE
528954,2010-10-26 08:11:00,4,9.95,14156,EIRE
528954,2010-10-26 08:11:00,12,3.75,14156,EIRE
528954,2010-10-26 08:11:00,6,4.95,14156,EIRE
528954,2010-10-26 08:11:00,24,0.85,14156,EIRE
528954,2010-10-26 08:11:00,5,2.95,14156,EIRE
528954,2010-10-26 08:11:00,12,1.65,14156,EIRE
528954,2010-10-26 08:11:00,5,4.65,14156,EIRE
528954,2010-10-26 08:11:00,3,15.95,14156,EIRE
528954,2010-10-26 08:11:00,4,3.75,14156,EIRE
528954,2010-10-26 08:11:00,6,1.95,14156,EIRE
528954,2010-10-26 08:11:00,4,16.95,14156,EIRE
528954,2010-10-26 08:11:00,6,10.95,14156,EIRE
528954,2010-10-26 08:11:00,6,8.5,14156,EIRE
528954,2010-10-26 08:11:00,4,12.75,14156,EIRE
528954,2010-10-26 08:11:00,10,2.95,14156,EIRE
528954,2010-10-26 08:11:00,6,2.95,14156,EIRE
528954,2010-10-26 08:11:00,12,1.25,14156,EIRE
528954,2010-10-26 08:11:00,6,2.95,14156,EIRE
528954,2010-10-26 08:11:00,10,6.75,14156,EIRE
528954,2010-10-26 08:11:00,72,1.06,14156,EIRE
528954,2010-10-26 08:11:00,72,1.06,14156,EIRE
528954,2010-10-26 08:11:00,12,3.35,14156,EIRE
528954,2010-10-26 08:11:00,48,2.55,14156,EIRE
528954,2010-10-26 08:11:00,6,5.95,14156,EIRE
528954,2010-10-26 08:11:00,20,1.65,14156,EIRE
528954,2010-10-26 08:11:00,12,0.85,14156,EIRE
528954,2010-10-26 08:11:00,4,3.75,14156,EIRE
528954,2010-10-26 08:11:00,4,4.65,14156,EIRE
528954,2010-10-26 08:11:00,4,3.95,14156,EIRE
528954,2010-10-26 08:11:00,6,8.5,14156,EIRE
528954,2010-10-26 08:11:00,6,2.95,14156,EIRE
528954,2010-10-26 08:11:00,6,2.95,14156,EIRE
528954,2010-10-26 08:11:00,6,2.95,14156,EIRE
528954,2010-10-26 08:11:00,12,1.65,14156,EIRE
528954,2010-10-26 08:11:00,12,1.25,14156,EIRE
528954,2010-10-26 08:11:00,8,4.95,14156,EIRE
528954,2010-10-26 08:11:00,12,1.25,14156,EIRE
528954,2010-10-26 08:11:00,6,2.95,14156,EIRE
528954,2010-10-26 08:11:00,12,1.45,14156,EIRE
528954,2010-10-26 08:11:00,2,7.95,14156,EIRE
528954,2010-10-26 08:11:00,2,14.95,14156,EIRE
528954,2010-10-26 08:11:00,4,14.95,14156,EIRE
528954,2010-10-26 08:11:00,4,14.95,14156,EIRE
528954,2010-10-26 08:11:00,24,0.42,14156,EIRE
528954,2010-10-26 08:11:00,12,1.49,14156,EIRE
528954,2010-10-26 08:11:00,4,3.75,14156,EIRE
528954,2010-10-26 08:11:00,4,3.75,14156,EIRE
528954,2010-10-26 08:11:00,4,3.75,14156,EIRE
528954,2010-10-26 08:11:00,6,2.95,14156,EIRE
528954,2010-10-26 08:11:00,6,2.95,14156,EIRE
528954,2010-10-26 08:11:00,12,1.25,14156,EIRE
528954,2010-10-26 08:11:00,12,1.25,14156,EIRE
528954,2010-10-26 08:11:00,48,2.95,14156,EIRE
528954,2010-10-26 08:11:00,24,2.55,14156,EIRE
528954,2010-10-26 08:11:00,24,2.55,14156,EIRE
528954,2010-10-26 08:11:00,12,1.25,14156,EIRE
528954,2010-10-26 08:11:00,4,5.95,14156,EIRE
528954,2010-10-26 08:11:00,4,9.95,14156,EIRE
528954,2010-10-26 08:11:00,12,1.25,14156,EIRE
528954,2010-10-26 08:11:00,12,8.5,14156,EIRE
528954,2010-10-26 08:11:00,36,2.1,14156,EIRE
528954,2010-10-26 08:11:00,36,2.1,14156,EIRE
528954,2010-10-26 08:11:00,10,1.95,14156,EIRE
528954,2010-10-26 08:11:00,18,1.25,14156,EIRE
528954,2010-10-26 08:11:00,12,1.45,14156,EIRE
528954,2010-10-26 08:11:00,18,1.25,14156,EIRE
528954,2010-10-26 08:11:00,12,1.95,14156,EIRE
528954,2010-10-26 08:11:00,36,0.65,14156,EIRE
528954,2010-10-26 08:11:00,12,1.25,14156,EIRE
528954,2010-10-26 08:11:00,24,1.25,14156,EIRE
528954,2010-10-26 08:11:00,12,1.95,14156,EIRE
528954,2010-10-26 08:11:00,12,2.55,14156,EIRE
528954,2010-10-26 08:11:00,12,2.55,14156,EIRE
528954,2010-10-26 08:11:00,12,2.55,14156,EIRE
528954,2010-10-26 08:11:00,8,4.95,14156,EIRE
528954,2010-10-26 08:11:00,6,6.75,14156,EIRE
528954,2010-10-26 08:11:00,24,7.65,14156,EIRE
528954,2010-10-26 08:11:00,48,1.69,14156,EIRE
528955,2010-10-26 08:14:00,8,8.5,14156,EIRE
528955,2010-10-26 08:14:00,12,2.1,14156,EIRE
528991,2010-10-26 11:23:00,32,2.55,16168,United Kingdom
528991,2010-10-26 11:23:00,12,0.85,16168,United Kingdom
528991,2010-10-26 11:23:00,6,2.95,16168,United Kingdom
528991,2010-10-26 11:23:00,12,2.95,16168,United Kingdom
528991,2010-10-26 11:23:00,24,1.65,16168,United Kingdom
528991,2010-10-26 11:23:00,6,4.95,16168,United Kingdom
529152,2010-10-26 16:22:00,60,6.75,14156,EIRE
529152,2010-10-26 16:22:00,60,6.75,14156,EIRE
529152,2010-10-26 16:22:00,96,3.75,14156,EIRE
529165,2010-10-26 17:34:00,24,3.39,16191,United Kingdom
529165,2010-10-26 17:34:00,36,2.1,16191,United Kingdom
529165,2010-10-26 17:34:00,24,4.25,16191,United Kingdom
529165,2010-10-26 17:34:00,24,2.75,16191,United Kingdom
529166,2010-10-26 17:36:00,216,1.06,16191,United Kingdom
529166,2010-10-26 17:36:00,96,1.85,16191,United Kingdom
529166,2010-10-26 17:36:00,96,1.85,16191,United Kingdom
529166,2010-10-26 17:36:00,96,1.85,16191,United Kingdom
529311,2010-10-27 13:04:00,24,1.25,15807,United Kingdom
529311,2010-10-27 13:04:00,24,1.65,15807,United Kingdom
529311,2010-10-27 13:04:00,24,1.25,15807,United Kingdom
529311,2010-10-27 13:04:00,24,0.85,15807,United Kingdom
529311,2010-10-27 13:04:00,24,0.95,15807,United Kingdom
529311,2010-10-27 13:04:00,24,0.85,15807,United Kingdom
529311,2010-10-27 13:04:00,24,1.25,15807,United Kingdom
529311,2010-10-27 13:04:00,24,0.85,15807,United Kingdom
529311,2010-10-27 13:04:00,24,0.85,15807,United Kingdom
529311,2010-10-27 13:04:00,24,0.85,15807,United Kingdom
529311,2010-10-27 13:04:00,24,0.85,15807,United Kingdom
529311,2010-10-27 13:04:00,24,0.85,15807,United Kingdom
529311,2010-10-27 13:04:00,12,1.95,15807,United Kingdom
529311,2010-10-27 13:04:00,6,2.95,15807,United Kingdom
529311,2010-10-27 13:04:00,12,2.1,15807,United Kingdom
529311,2010-10-27 13:04:00,12,2.1,15807,United Kingdom
529311,2010-10-27 13:04:00,6,2.95,15807,United Kingdom
529311,2010-10-27 13:04:00,12,1.69,15807,United Kingdom
529311,2010-10-27 13:04:00,2,7.95,15807,United Kingdom
529311,2010-10-27 13:04:00,2,7.95,15807,United Kingdom
529311,2010-10-27 13:04:00,2,7.95,15807,United Kingdom
529311,2010-10-27 13:04:00,2,7.95,15807,United Kingdom
529311,2010-10-27 13:04:00,12,1.95,15807,United Kingdom
529356,2010-10-28 09:44:00,1,2736.16,14156,EIRE
529357,2010-10-28 09:45:00,1,1155.6,14156,EIRE
529610,2010-10-29 10:34:00,3,5.95,15170,United Kingdom
529610,2010-10-29 10:34:00,12,1.25,15170,United Kingdom
529610,2010-10-29 10:34:00,12,2.55,15170,United Kingdom
529610,2010-10-29 10:34:00,6,2.95,15170,United Kingdom
529656,2010-10-29 12:27:00,144,0.36,16168,United Kingdom
529656,2010-10-29 12:27:00,12,1.95,16168,United Kingdom
529816,2010-10-31 11:15:00,2,7.95,15501,United Kingdom
529816,2010-10-31 11:15:00,1,6.75,15501,United Kingdom
529816,2010-10-31 11:15:00,2,9.95,15501,United Kingdom
529816,2010-10-31 11:15:00,5,1.65,15501,United Kingdom
529816,2010-10-31 11:15:00,4,2.95,15501,United Kingdom
529816,2010-10-31 11:15:00,2,0.65,15501,United Kingdom
529816,2010-10-31 11:15:00,1,5.95,15501,United Kingdom
529816,2010-10-31 11:15:00,1,5.95,15501,United Kingdom
529816,2010-10-31 11:15:00,1,3.75,15501,United Kingdom
529816,2010-10-31 11:15:00,1,2.95,15501,United Kingdom
529816,2010-10-31 11:15:00,1,2.95,15501,United Kingdom
529816,2010-10-31 11:15:00,1,10.95,15501,United Kingdom
529816,2010-10-31 11:15:00,2,1.95,15501,United Kingdom
529816,2010-10-31 11:15:00,2,2.55,15501,United Kingdom
529816,2010-10-31 11:15:00,1,1.25,15501,United Kingdom
529816,2010-10-31 11:15:00,2,2.55,15501,United Kingdom
529816,2010-10-31 11:15:00,5,1.65,15501,United Kingdom
529816,2010-10-31 11:15:00,4,3.75,15501,United Kingdom
529816,2010-10-31 11:15:00,6,2.95,15501,United Kingdom
529816,2010-10-31 11:15:00,2,3.75,15501,United Kingdom
529816,2010-10-31 11:15:00,2,2.95,15501,United Kingdom
529842,2010-10-31 12:52:00,1,0.85,15038,United Kingdom
529842,2010-10-31 12:52:00,1,2.1,15038,United Kingdom
529842,2010-10-31 12:52:00,2,2.1,15038,United Kingdom
529842,2010-10-31 12:52:00,1,2.1,15038,United Kingdom
529842,2010-10-31 12:52:00,1,0.85,15038,United Kingdom
529842,2010-10-31 12:52:00,1,1.25,15038,United Kingdom
529842,2010-10-31 12:52:00,1,1.65,15038,United Kingdom
529842,2010-10-31 12:52:00,2,2.55,15038,United Kingdom
529842,2010-10-31 12:52:00,1,0.85,15038,United Kingdom
529842,2010-10-31 12:52:00,1,4.95,15038,United Kingdom
529842,2010-10-31 12:52:00,1,2.1,15038,United Kingdom
529842,2010-10-31 12:52:00,1,2.1,15038,United Kingdom
529842,2010-10-31 12:52:00,1,2.1,15038,United Kingdom
529842,2010-10-31 12:52:00,1,1.65,15038,United Kingdom
529842,2010-10-31 12:52:00,1,2.95,15038,United Kingdom
529842,2010-10-31 12:52:00,2,2.95,15038,United Kingdom
529842,2010-10-31 12:52:00,1,2.55,15038,United Kingdom
529842,2010-10-31 12:52:00,2,2.95,15038,United Kingdom
529842,2010-10-31 12:52:00,1,1.25,15038,United Kingdom
529842,2010-10-31 12:52:00,1,16.95,15038,United Kingdom
529842,2010-10-31 12:52:00,1,3.25,15038,United Kingdom
529842,2010-10-31 12:52:00,1,7.95,15038,United Kingdom
529842,2010-10-31 12:52:00,1,0.85,15038,United Kingdom
529842,2010-10-31 12:52:00,1,2.1,15038,United Kingdom
529842,2010-10-31 12:52:00,1,1.25,15038,United Kingdom
529842,2010-10-31 12:52:00,1,1.45,15038,United Kingdom
529842,2010-10-31 12:52:00,1,1.45,15038,United Kingdom
529842,2010-10-31 12:52:00,1,1.69,15038,United Kingdom
529842,2010-10-31 12:52:00,1,2.1,15038,United Kingdom
529842,2010-10-31 12:52:00,1,2.55,15038,United Kingdom
529842,2010-10-31 12:52:00,1,2.95,15038,United Kingdom
529842,2010-10-31 12:52:00,1,2.55,15038,United Kingdom
529842,2010-10-31 12:52:00,1,1.25,15038,United Kingdom
529842,2010-10-31 12:52:00,1,1.65,15038,United Kingdom
529842,2010-10-31 12:52:00,1,1.65,15038,United Kingdom
529842,2010-10-31 12:52:00,1,2.1,15038,United Kingdom
529842,2010-10-31 12:52:00,1,2.1,15038,United Kingdom
529842,2010-10-31 12:52:00,1,4.25,15038,United Kingdom
529842,2010-10-31 12:52:00,1,2.95,15038,United Kingdom
529842,2010-10-31 12:52:00,1,3.75,15038,United Kingdom
529842,2010-10-31 12:52:00,1,6.75,15038,United Kingdom
529842,2010-10-31 12:52:00,1,7.95,15038,United Kingdom
529842,2010-10-31 12:52:00,3,2.95,15038,United Kingdom
529842,2010-10-31 12:52:00,2,3.75,15038,United Kingdom
529842,2010-10-31 12:52:00,1,0.85,15038,United Kingdom
529842,2010-10-31 12:52:00,1,1.45,15038,United Kingdom
529842,2010-10-31 12:52:00,1,1.45,15038,United Kingdom
529842,2010-10-31 12:52:00,1,1.45,15038,United Kingdom
529842,2010-10-31 12:52:00,1,2.55,15038,United Kingdom
529842,2010-10-31 12:52:00,1,5.45,15038,United Kingdom
529842,2010-10-31 12:52:00,1,3.75,15038,United Kingdom
529842,2010-10-31 12:52:00,1,6.35,15038,United Kingdom
529842,2010-10-31 12:52:00,1,2.1,15038,United Kingdom
529842,2010-10-31 12:52:00,1,2.95,15038,United Kingdom
529842,2010-10-31 12:52:00,1,2.1,15038,United Kingdom
529842,2010-10-31 12:52:00,2,2.1,15038,United Kingdom
529842,2010-10-31 12:52:00,2,1.25,15038,United Kingdom
529842,2010-10-31 12:52:00,1,0.85,15038,United Kingdom
529842,2010-10-31 12:52:00,1,3.75,15038,United Kingdom
529842,2010-10-31 12:52:00,1,1.45,15038,United Kingdom
529842,2010-10-31 12:52:00,1,8.5,15038,United Kingdom
529842,2010-10-31 12:52:00,1,2.95,15038,United Kingdom
529842,2010-10-31 12:52:00,2,2.1,15038,United Kingdom
529842,2010-10-31 12:52:00,1,2.1,15038,United Kingdom
529842,2010-10-31 12:52:00,1,3.75,15038,United Kingdom
529842,2010-10-31 12:52:00,1,4.95,15038,United Kingdom
529842,2010-10-31 12:52:00,3,1.25,15038,United Kingdom
529842,2010-10-31 12:52:00,1,2.1,15038,United Kingdom
529842,2010-10-31 12:52:00,1,9.95,15038,United Kingdom
529842,2010-10-31 12:52:00,1,8.95,15038,United Kingdom
529842,2010-10-31 12:52:00,3,1.25,15038,United Kingdom
529842,2010-10-31 12:52:00,1,3.75,15038,United Kingdom
529842,2010-10-31 12:52:00,1,4.25,15038,United Kingdom
529842,2010-10-31 12:52:00,1,3.75,15038,United Kingdom
529842,2010-10-31 12:52:00,1,2.1,15038,United Kingdom
529842,2010-10-31 12:52:00,1,2.1,15038,United Kingdom
529842,2010-10-31 12:52:00,1,3.75,15038,United Kingdom
529842,2010-10-31 12:52:00,1,0.85,15038,United Kingdom
529842,2010-10-31 12:52:00,1,0.85,15038,United Kingdom
529842,2010-10-31 12:52:00,1,1.25,15038,United Kingdom
529842,2010-10-31 12:52:00,1,1.25,15038,United Kingdom
529842,2010-10-31 12:52:00,2,1.95,15038,United Kingdom
529842,2010-10-31 12:52:00,1,3.75,15038,United Kingdom
529842,2010-10-31 12:52:00,1,2.95,15038,United Kingdom
529842,2010-10-31 12:52:00,3,0.85,15038,United Kingdom
529842,2010-10-31 12:52:00,2,1.65,15038,United Kingdom
529842,2010-10-31 12:52:00,1,1.25,15038,United Kingdom
530010,2010-11-01 09:42:00,24,2.95,16168,United Kingdom
530010,2010-11-01 09:42:00,48,2.55,16168,United Kingdom
530010,2010-11-01 09:42:00,120,1.06,16168,United Kingdom
530093,2010-11-01 13:48:00,6,2.95,16168,United Kingdom
530333,2010-11-02 13:58:00,12,1.65,13134,United Kingdom
530333,2010-11-02 13:58:00,12,1.65,13134,United Kingdom
530333,2010-11-02 13:58:00,6,2.95,13134,United Kingdom
530333,2010-11-02 13:58:00,24,1.25,13134,United Kingdom
530333,2010-11-02 13:58:00,24,2.55,13134,United Kingdom
530333,2010-11-02 13:58:00,12,1.25,13134,United Kingdom
530333,2010-11-02 13:58:00,12,1.25,13134,United Kingdom
530333,2010-11-02 13:58:00,12,1.45,13134,United Kingdom
530333,2010-11-02 13:58:00,36,0.85,13134,United Kingdom
530333,2010-11-02 13:58:00,12,1.45,13134,United Kingdom
530333,2010-11-02 13:58:00,24,0.85,13134,United Kingdom
530333,2010-11-02 13:58:00,24,0.85,13134,United Kingdom
530333,2010-11-02 13:58:00,4,7.95,13134,United Kingdom
530333,2010-11-02 13:58:00,4,5.95,13134,United Kingdom
530333,2010-11-02 13:58:00,6,3.75,13134,United Kingdom
530333,2010-11-02 13:58:00,36,1.25,13134,United Kingdom
530553,2010-11-03 13:29:00,1,50.0,14156,EIRE
530553,2010-11-03 13:29:00,15,34.95,14156,EIRE
530610,2010-11-03 15:38:00,1,50.0,14156,EIRE
530610,2010-11-03 15:38:00,10,1.65,14156,EIRE
530610,2010-11-03 15:38:00,6,2.55,14156,EIRE
530610,2010-11-03 15:38:00,6,2.55,14156,EIRE
530610,2010-11-03 15:38:00,12,1.25,14156,EIRE
530610,2010-11-03 15:38:00,6,2.1,14156,EIRE
530610,2010-11-03 15:38:00,12,0.85,14156,EIRE
530610,2010-11-03 15:38:00,12,1.65,14156,EIRE
530610,2010-11-03 15:38:00,10,1.65,14156,EIRE
530610,2010-11-03 15:38:00,12,0.42,14156,EIRE
530610,2010-11-03 15:38:00,8,3.25,14156,EIRE
530610,2010-11-03 15:38:00,3,4.95,14156,EIRE
530610,2010-11-03 15:38:00,4,3.95,14156,EIRE
530610,2010-11-03 15:38:00,2,7.95,14156,EIRE
530610,2010-11-03 15:38:00,12,0.85,14156,EIRE
530836,2010-11-04 13:50:00,48,0.85,14198,United Kingdom
530836,2010-11-04 13:50:00,10,1.55,14198,United Kingdom
530836,2010-11-04 13:50:00,12,1.25,14198,United Kingdom
530836,2010-11-04 13:50:00,4,3.75,14198,United Kingdom
530836,2010-11-04 13:50:00,4,3.75,14198,United Kingdom
530836,2010-11-04 13:50:00,4,3.75,14198,United Kingdom
530836,2010-11-04 13:50:00,4,4.95,14198,United Kingdom
530836,2010-11-04 13:50:00,6,2.55,14198,United Kingdom
530836,2010-11-04 13:50:00,6,2.95,14198,United Kingdom
530836,2010-11-04 13:50:00,2,7.95,14198,United Kingdom
530836,2010-11-04 13:50:00,2,7.95,14198,United Kingdom
530836,2010-11-04 13:50:00,2,7.95,14198,United Kingdom
530836,2010-11-04 13:50:00,4,5.95,14198,United Kingdom
530840,2010-11-04 14:11:00,12,1.25,16563,United Kingdom
530840,2010-11-04 14:11:00,6,2.95,16563,United Kingdom
530840,2010-11-04 14:11:00,144,1.69,16563,United Kingdom
530840,2010-11-04 14:11:00,36,3.39,16563,United Kingdom
530840,2010-11-04 14:11:00,12,1.25,16563,United Kingdom
530840,2010-11-04 14:11:00,12,1.25,16563,United Kingdom
530840,2010-11-04 14:11:00,32,2.55,16563,United Kingdom
530840,2010-11-04 14:11:00,12,1.25,16563,United Kingdom
530840,2010-11-04 14:11:00,25,0.42,16563,United Kingdom
530840,2010-11-04 14:11:00,6,2.95,16563,United Kingdom
530840,2010-11-04 14:11:00,160,1.45,16563,United Kingdom
530840,2010-11-04 14:11:00,12,0.85,16563,United Kingdom
530840,2010-11-04 14:11:00,1,12.75,16563,United Kingdom
530840,2010-11-04 14:11:00,12,1.25,16563,United Kingdom
530840,2010-11-04 14:11:00,75,0.42,16563,United Kingdom
530840,2010-11-04 14:11:00,30,3.39,16563,United Kingdom
530840,2010-11-04 14:11:00,72,0.36,16563,United Kingdom
530840,2010-11-04 14:11:00,72,0.36,16563,United Kingdom
530840,2010-11-04 14:11:00,6,2.55,16563,United Kingdom
530840,2010-11-04 14:11:00,25,0.42,16563,United Kingdom
530840,2010-11-04 14:11:00,25,0.42,16563,United Kingdom
530840,2010-11-04 14:11:00,2,9.95,16563,United Kingdom
530840,2010-11-04 14:11:00,12,0.85,16563,United Kingdom
530840,2010-11-04 14:11:00,4,4.65,16563,United Kingdom
530840,2010-11-04 14:11:00,12,1.25,16563,United Kingdom
530840,2010-11-04 14:11:00,4,3.95,16563,United Kingdom
530840,2010-11-04 14:11:00,72,0.42,16563,United Kingdom
530840,2010-11-04 14:11:00,60,0.65,16563,United Kingdom
530840,2010-11-04 14:11:00,3,4.95,16563,United Kingdom
530840,2010-11-04 14:11:00,72,1.25,16563,United Kingdom
530840,2010-11-04 14:11:00,12,0.42,16563,United Kingdom
530840,2010-11-04 14:11:00,4,4.65,16563,United Kingdom
530843,2010-11-04 14:21:00,2,7.95,14895,United Kingdom
530843,2010-11-04 14:21:00,12,2.95,14895,United Kingdom
530843,2010-11-04 14:21:00,12,2.95,14895,United Kingdom
530843,2010-11-04 14:21:00,4,8.5,14895,United Kingdom
530843,2010-11-04 14:21:00,4,6.75,14895,United Kingdom
530843,2010-11-04 14:21:00,4,6.75,14895,United Kingdom
530843,2010-11-04 14:21:00,2,7.95,14895,United Kingdom
530843,2010-11-04 14:21:00,24,2.95,14895,United Kingdom
530843,2010-11-04 14:21:00,12,2.95,14895,United Kingdom
530843,2010-11-04 14:21:00,6,4.95,14895,United Kingdom
530843,2010-11-04 14:21:00,15,4.95,14895,United Kingdom
530843,2010-11-04 14:21:00,6,5.95,14895,United Kingdom
530843,2010-11-04 14:21:00,24,1.25,14895,United Kingdom
530843,2010-11-04 14:21:00,24,1.25,14895,United Kingdom
530843,2010-11-04 14:21:00,12,2.95,14895,United Kingdom
530843,2010-11-04 14:21:00,8,3.95,14895,United Kingdom
530843,2010-11-04 14:21:00,8,4.95,14895,United Kingdom
530843,2010-11-04 14:21:00,6,2.95,14895,United Kingdom
530843,2010-11-04 14:21:00,6,7.95,14895,United Kingdom
530843,2010-11-04 14:21:00,6,2.55,14895,United Kingdom
530843,2010-11-04 14:21:00,4,3.75,14895,United Kingdom
530843,2010-11-04 14:21:00,4,3.75,14895,United Kingdom
530843,2010-11-04 14:21:00,6,3.75,14895,United Kingdom
530843,2010-11-04 14:21:00,6,3.75,14895,United Kingdom
530843,2010-11-04 14:21:00,24,0.42,14895,United Kingdom
530843,2010-11-04 14:21:00,6,2.95,14895,United Kingdom
530843,2010-11-04 14:21:00,12,2.1,14895,United Kingdom
530843,2010-11-04 14:21:00,2,24.95,14895,United Kingdom
530843,2010-11-04 14:21:00,8,4.25,14895,United Kingdom
530843,2010-11-04 14:21:00,12,1.25,14895,United Kingdom
530843,2010-11-04 14:21:00,4,7.95,14895,United Kingdom
530843,2010-11-04 14:21:00,8,4.95,14895,United Kingdom
530843,2010-11-04 14:21:00,2,8.5,14895,United Kingdom
530843,2010-11-04 14:21:00,6,9.95,14895,United Kingdom
530843,2010-11-04 14:21:00,12,0.85,14895,United Kingdom
530845,2010-11-04 14:25:00,48,0.55,14895,United Kingdom
530845,2010-11-04 14:25:00,50,0.42,14895,United Kingdom
530845,2010-11-04 14:25:00,24,1.25,14895,United Kingdom
530845,2010-11-04 14:25:00,12,2.95,14895,United Kingdom
530845,2010-11-04 14:25:00,24,0.85,14895,United Kingdom
530845,2010-11-04 14:25:00,10,6.75,14895,United Kingdom
530845,2010-11-04 14:25:00,4,4.95,14895,United Kingdom
530845,2010-11-04 14:25:00,4,8.5,14895,United Kingdom
530845,2010-11-04 14:25:00,10,7.65,14895,United Kingdom
530845,2010-11-04 14:25:00,12,2.95,14895,United Kingdom
530950,2010-11-04 18:13:00,6,9.95,15425,United Kingdom
530950,2010-11-04 18:13:00,16,1.95,15425,United Kingdom
530950,2010-11-04 18:13:00,8,1.95,15425,United Kingdom
530950,2010-11-04 18:13:00,16,1.95,15425,United Kingdom
530950,2010-11-04 18:13:00,4,4.95,15425,United Kingdom
531235,2010-11-07 10:14:00,4,3.75,15560,United Kingdom
531235,2010-11-07 10:14:00,4,3.75,15560,United Kingdom
531235,2010-11-07 10:14:00,6,2.55,15560,United Kingdom
531235,2010-11-07 10:14:00,12,1.65,15560,United Kingdom
531235,2010-11-07 10:14:00,4,4.25,15560,United Kingdom
531235,2010-11-07 10:14:00,6,2.95,15560,United Kingdom
531235,2010-11-07 10:14:00,8,1.69,15560,United Kingdom
531236,2010-11-07 10:15:00,12,0.85,15560,United Kingdom
531236,2010-11-07 10:15:00,4,3.75,15560,United Kingdom
531236,2010-11-07 10:15:00,12,1.25,15560,United Kingdom
531482,2010-11-08 14:37:00,25,0.42,15777,United Kingdom
531482,2010-11-08 14:37:00,24,2.55,15777,United Kingdom
531482,2010-11-08 14:37:00,4,9.95,15777,United Kingdom
531482,2010-11-08 14:37:00,12,4.95,15777,United Kingdom
531482,2010-11-08 14:37:00,6,4.95,15777,United Kingdom
531482,2010-11-08 14:37:00,6,4.95,15777,United Kingdom
531482,2010-11-08 14:37:00,6,2.95,15777,United Kingdom
531482,2010-11-08 14:37:00,1,16.95,15777,United Kingdom
531488,2010-11-08 15:00:00,12,4.25,14460,United Kingdom
531509,2010-11-08 15:45:00,10,6.75,17588,United Kingdom
531509,2010-11-08 15:45:00,4,7.95,17588,United Kingdom
531509,2010-11-08 15:45:00,24,2.75,17588,United Kingdom
531509,2010-11-08 15:45:00,10,6.75,17588,United Kingdom
531509,2010-11-08 15:45:00,48,0.19,17588,United Kingdom
531509,2010-11-08 15:45:00,12,2.1,17588,United Kingdom
531509,2010-11-08 15:45:00,12,2.1,17588,United Kingdom
531509,2010-11-08 15:45:00,6,2.95,17588,United Kingdom
531509,2010-11-08 15:45:00,24,1.25,17588,United Kingdom
531748,2010-11-09 13:03:00,1,50.0,14156,EIRE
531748,2010-11-09 13:03:00,8,34.95,14156,EIRE
531768,2010-11-09 14:06:00,2,1.65,14170,United Kingdom
531768,2010-11-09 14:06:00,5,0.85,14170,United Kingdom
531768,2010-11-09 14:06:00,1,1.65,14170,United Kingdom
531768,2010-11-09 14:06:00,1,1.65,14170,United Kingdom
531768,2010-11-09 14:06:00,1,0.85,14170,United Kingdom
531768,2010-11-09 14:06:00,1,1.45,14170,United Kingdom
531768,2010-11-09 14:06:00,1,0.85,14170,United Kingdom
531768,2010-11-09 14:06:00,1,1.25,14170,United Kingdom
531768,2010-11-09 14:06:00,1,1.65,14170,United Kingdom
531768,2010-11-09 14:06:00,1,1.25,14170,United Kingdom
531768,2010-11-09 14:06:00,2,1.65,14170,United Kingdom
531768,2010-11-09 14:06:00,1,1.65,14170,United Kingdom
531768,2010-11-09 14:06:00,1,1.25,14170,United Kingdom
531768,2010-11-09 14:06:00,1,2.25,14170,United Kingdom
531768,2010-11-09 14:06:00,1,1.25,14170,United Kingdom
531768,2010-11-09 14:06:00,1,1.65,14170,United Kingdom
531768,2010-11-09 14:06:00,1,0.85,14170,United Kingdom
531768,2010-11-09 14:06:00,1,1.25,14170,United Kingdom
531768,2010-11-09 14:06:00,1,0.55,14170,United Kingdom
531768,2010-11-09 14:06:00,12,0.29,14170,United Kingdom
531768,2010-11-09 14:06:00,1,0.55,14170,United Kingdom
531768,2010-11-09 14:06:00,1,1.65,14170,United Kingdom
531768,2010-11-09 14:06:00,1,1.25,14170,United Kingdom
531768,2010-11-09 14:06:00,1,1.25,14170,United Kingdom
531768,2010-11-09 14:06:00,1,1.65,14170,United Kingdom
531768,2010-11-09 14:06:00,1,0.85,14170,United Kingdom
531768,2010-11-09 14:06:00,1,0.85,14170,United Kingdom
531768,2010-11-09 14:06:00,1,0.42,14170,United Kingdom
531768,2010-11-09 14:06:00,1,2.95,14170,United Kingdom
531768,2010-11-09 14:06:00,1,1.65,14170,United Kingdom
531768,2010-11-09 14:06:00,1,0.85,14170,United Kingdom
531768,2010-11-09 14:06:00,1,1.65,14170,United Kingdom
531768,2010-11-09 14:06:00,1,1.65,14170,United Kingdom
531768,2010-11-09 14:06:00,1,0.55,14170,United Kingdom
531768,2010-11-09 14:06:00,2,0.55,14170,United Kingdom
531768,2010-11-09 14:06:00,1,0.55,14170,United Kingdom
531768,2010-11-09 14:06:00,1,0.55,14170,United Kingdom
531768,2010-11-09 14:06:00,1,0.55,14170,United Kingdom
531768,2010-11-09 14:06:00,1,0.55,14170,United Kingdom
531768,2010-11-09 14:06:00,2,2.1,14170,United Kingdom
531768,2010-11-09 14:06:00,1,1.25,14170,United Kingdom
531768,2010-11-09 14:06:00,2,1.25,14170,United Kingdom
531768,2010-11-09 14:06:00,1,1.25,14170,United Kingdom
531768,2010-11-09 14:06:00,1,1.25,14170,United Kingdom
531768,2010-11-09 14:06:00,1,2.25,14170,United Kingdom
531768,2010-11-09 14:06:00,2,2.1,14170,United Kingdom
531768,2010-11-09 14:06:00,2,2.1,14170,United Kingdom
531768,2010-11-09 14:06:00,1,2.1,14170,United Kingdom
531768,2010-11-09 14:06:00,1,2.1,14170,United Kingdom
531768,2010-11-09 14:06:00,2,2.1,14170,United Kingdom
531768,2010-11-09 14:06:00,1,1.25,14170,United Kingdom
531768,2010-11-09 14:06:00,2,2.1,14170,United Kingdom
531768,2010-11-09 14:06:00,1,1.25,14170,United Kingdom
531768,2010-11-09 14:06:00,1,2.1,14170,United Kingdom
531768,2010-11-09 14:06:00,1,1.25,14170,United Kingdom
531768,2010-11-09 14:06:00,1,2.55,14170,United Kingdom
531768,2010-11-09 14:06:00,1,1.25,14170,United Kingdom
531768,2010-11-09 14:06:00,1,1.25,14170,United Kingdom
531768,2010-11-09 14:06:00,1,1.25,14170,United Kingdom
531768,2010-11-09 14:06:00,1,1.25,14170,United Kingdom
531768,2010-11-09 14:06:00,2,1.25,14170,United Kingdom
531768,2010-11-09 14:06:00,12,0.29,14170,United Kingdom
531768,2010-11-09 14:06:00,1,1.25,14170,United Kingdom
531768,2010-11-09 14:06:00,1,4.65,14170,United Kingdom
531768,2010-11-09 14:06:00,2,2.1,14170,United Kingdom
531768,2010-11-09 14:06:00,1,1.95,14170,United Kingdom
531768,2010-11-09 14:06:00,1,1.95,14170,United Kingdom
531768,2010-11-09 14:06:00,2,1.25,14170,United Kingdom
531768,2010-11-09 14:06:00,1,0.42,14170,United Kingdom
531768,2010-11-09 14:06:00,1,2.1,14170,United Kingdom
531768,2010-11-09 14:06:00,1,0.85,14170,United Kingdom
531768,2010-11-09 14:06:00,5,0.85,14170,United Kingdom
531768,2010-11-09 14:06:00,1,0.42,14170,United Kingdom
531768,2010-11-09 14:06:00,2,1.25,14170,United Kingdom
531768,2010-11-09 14:06:00,1,1.25,14170,United Kingdom
531768,2010-11-09 14:06:00,3,1.25,14170,United Kingdom
531768,2010-11-09 14:06:00,2,0.85,14170,United Kingdom
531768,2010-11-09 14:06:00,1,3.95,14170,United Kingdom
531768,2010-11-09 14:06:00,1,3.75,14170,United Kingdom
531768,2010-11-09 14:06:00,1,4.95,14170,United Kingdom
531768,2010-11-09 14:06:00,1,0.85,14170,United Kingdom
531768,2010-11-09 14:06:00,1,4.95,14170,United Kingdom
531792,2010-11-09 15:20:00,1,7.95,14899,United Kingdom
531792,2010-11-09 15:20:00,24,0.42,14899,United Kingdom
531792,2010-11-09 15:20:00,24,0.42,14899,United Kingdom
531792,2010-11-09 15:20:00,1,7.95,14899,United Kingdom
531792,2010-11-09 15:20:00,1,7.95,14899,United Kingdom
531792,2010-11-09 15:20:00,1,7.95,14899,United Kingdom
531792,2010-11-09 15:20:00,4,2.95,14899,United Kingdom
531792,2010-11-09 15:20:00,1,7.95,14899,United Kingdom
531792,2010-11-09 15:20:00,1,7.95,14899,United Kingdom
531792,2010-11-09 15:20:00,1,7.95,14899,United Kingdom
531792,2010-11-09 15:20:00,3,4.95,14899,United Kingdom
531792,2010-11-09 15:20:00,2,1.95,14899,United Kingdom
531792,2010-11-09 15:20:00,2,3.75,14899,United Kingdom
531792,2010-11-09 15:20:00,1,7.95,14899,United Kingdom
531792,2010-11-09 15:20:00,2,2.1,14899,United Kingdom
531792,2010-11-09 15:20:00,1,2.55,14899,United Kingdom
531792,2010-11-09 15:20:00,4,0.85,14899,United Kingdom
531792,2010-11-09 15:20:00,4,2.95,14899,United Kingdom
531792,2010-11-09 15:20:00,1,3.75,14899,United Kingdom
531792,2010-11-09 15:20:00,4,3.75,14899,United Kingdom
531792,2010-11-09 15:20:00,4,2.1,14899,United Kingdom
531792,2010-11-09 15:20:00,1,2.55,14899,United Kingdom
531792,2010-11-09 15:20:00,2,2.55,14899,United Kingdom
531792,2010-11-09 15:20:00,6,1.25,14899,United Kingdom
531792,2010-11-09 15:20:00,3,2.95,14899,United Kingdom
531792,2010-11-09 15:20:00,2,4.65,14899,United Kingdom
531792,2010-11-09 15:20:00,4,2.95,14899,United Kingdom
531792,2010-11-09 15:20:00,2,4.65,14899,United Kingdom
531792,2010-11-09 15:20:00,2,3.95,14899,United Kingdom
531792,2010-11-09 15:20:00,4,1.45,14899,United Kingdom
531792,2010-11-09 15:20:00,2,3.75,14899,United Kingdom
531792,2010-11-09 15:20:00,12,0.42,14899,United Kingdom
531792,2010-11-09 15:20:00,9,1.65,14899,United Kingdom
531792,2010-11-09 15:20:00,2,2.95,14899,United Kingdom
531792,2010-11-09 15:20:00,2,2.95,14899,United Kingdom
531792,2010-11-09 15:20:00,3,2.55,14899,United Kingdom
531792,2010-11-09 15:20:00,2,5.95,14899,United Kingdom
531792,2010-11-09 15:20:00,12,1.25,14899,United Kingdom
531792,2010-11-09 15:20:00,4,2.55,14899,United Kingdom
531792,2010-11-09 15:20:00,12,2.1,14899,United Kingdom
531792,2010-11-09 15:20:00,6,3.25,14899,United Kingdom
531792,2010-11-09 15:20:00,4,1.25,14899,United Kingdom
531792,2010-11-09 15:20:00,2,3.75,14899,United Kingdom
531792,2010-11-09 15:20:00,3,2.95,14899,United Kingdom
531792,2010-11-09 15:20:00,3,2.95,14899,United Kingdom
531792,2010-11-09 15:20:00,2,3.75,14899,United Kingdom
531792,2010-11-09 15:20:00,2,2.55,14899,United Kingdom
531792,2010-11-09 15:20:00,4,1.25,14899,United Kingdom
531792,2010-11-09 15:20:00,4,1.25,14899,United Kingdom
531792,2010-11-09 15:20:00,3,2.95,14899,United Kingdom
531792,2010-11-09 15:20:00,6,2.55,14899,United Kingdom
531792,2010-11-09 15:20:00,3,1.95,14899,United Kingdom
531792,2010-11-09 15:20:00,24,0.65,14899,United Kingdom
531792,2010-11-09 15:20:00,2,1.95,14899,United Kingdom
531792,2010-11-09 15:20:00,2,1.95,14899,United Kingdom
531792,2010-11-09 15:20:00,2,0.85,14899,United Kingdom
531792,2010-11-09 15:20:00,2,1.25,14899,United Kingdom
531792,2010-11-09 15:20:00,2,1.95,14899,United Kingdom
531792,2010-11-09 15:20:00,3,3.75,14899,United Kingdom
531792,2010-11-09 15:20:00,4,2.1,14899,United Kingdom
531792,2010-11-09 15:20:00,2,39.95,14899,United Kingdom
531792,2010-11-09 15:20:00,6,2.95,14899,United Kingdom
531792,2010-11-09 15:20:00,1,8.5,14899,United Kingdom
531792,2010-11-09 15:20:00,6,2.55,14899,United Kingdom
531792,2010-11-09 15:20:00,6,1.25,14899,United Kingdom
531792,2010-11-09 15:20:00,3,1.95,14899,United Kingdom
531792,2010-11-09 15:20:00,2,4.95,14899,United Kingdom
531792,2010-11-09 15:20:00,4,2.95,14899,United Kingdom
531792,2010-11-09 15:20:00,1,9.95,14899,United Kingdom
531792,2010-11-09 15:20:00,1,3.75,14899,United Kingdom
531792,2010-11-09 15:20:00,2,2.95,14899,United Kingdom
531792,2010-11-09 15:20:00,5,0.85,14899,United Kingdom
531792,2010-11-09 15:20:00,3,1.65,14899,United Kingdom
531792,2010-11-09 15:20:00,2,9.95,14899,United Kingdom
531792,2010-11-09 15:20:00,6,1.25,14899,United Kingdom
531792,2010-11-09 15:20:00,4,2.95,14899,United Kingdom
531792,2010-11-09 15:20:00,3,4.25,14899,United Kingdom
531792,2010-11-09 15:20:00,8,2.95,14899,United Kingdom
531792,2010-11-09 15:20:00,6,2.95,14899,United Kingdom
531792,2010-11-09 15:20:00,12,0.85,14899,United Kingdom
531792,2010-11-09 15:20:00,2,2.95,14899,United Kingdom
531792,2010-11-09 15:20:00,2,4.95,14899,United Kingdom
531792,2010-11-09 15:20:00,6,1.65,14899,United Kingdom
531792,2010-11-09 15:20:00,2,4.95,14899,United Kingdom
531792,2010-11-09 15:20:00,3,1.95,14899,United Kingdom
531792,2010-11-09 15:20:00,1,1.69,14899,United Kingdom
531792,2010-11-09 15:20:00,5,1.65,14899,United Kingdom
531792,2010-11-09 15:20:00,5,1.65,14899,United Kingdom
531792,2010-11-09 15:20:00,2,12.75,14899,United Kingdom
531792,2010-11-09 15:20:00,4,5.95,14899,United Kingdom
531792,2010-11-09 15:20:00,4,5.95,14899,United Kingdom
531792,2010-11-09 15:20:00,4,5.95,14899,United Kingdom
531792,2010-11-09 15:20:00,2,5.95,14899,United Kingdom
531792,2010-11-09 15:20:00,2,4.95,14899,United Kingdom
531792,2010-11-09 15:20:00,2,6.95,14899,United Kingdom
531792,2010-11-09 15:20:00,2,9.95,14899,United Kingdom
531792,2010-11-09 15:20:00,1,14.95,14899,United Kingdom
531792,2010-11-09 15:20:00,5,1.65,14899,United Kingdom
531792,2010-11-09 15:20:00,1,3.75,14899,United Kingdom
531792,2010-11-09 15:20:00,4,2.1,14899,United Kingdom
531792,2010-11-09 15:20:00,48,0.85,14899,United Kingdom
531792,2010-11-09 15:20:00,6,1.25,14899,United Kingdom
531792,2010-11-09 15:20:00,2,9.95,14899,United Kingdom
531792,2010-11-09 15:20:00,4,2.55,14899,United Kingdom
531792,2010-11-09 15:20:00,2,2.95,14899,United Kingdom
531792,2010-11-09 15:20:00,2,12.75,14899,United Kingdom
531792,2010-11-09 15:20:00,4,1.65,14899,United Kingdom
531792,2010-11-09 15:20:00,3,2.95,14899,United Kingdom
531792,2010-11-09 15:20:00,2,2.1,14899,United Kingdom
531792,2010-11-09 15:20:00,1,3.75,14899,United Kingdom
531792,2010-11-09 15:20:00,2,8.5,14899,United Kingdom
531792,2010-11-09 15:20:00,1,8.49,14899,United Kingdom
531792,2010-11-09 15:20:00,1,3.75,14899,United Kingdom
531792,2010-11-09 15:20:00,1,3.75,14899,United Kingdom
531792,2010-11-09 15:20:00,2,3.75,14899,United Kingdom
531792,2010-11-09 15:20:00,2,3.75,14899,United Kingdom
531792,2010-11-09 15:20:00,5,2.1,14899,United Kingdom
531792,2010-11-09 15:20:00,6,1.25,14899,United Kingdom
531792,2010-11-09 15:20:00,1,2.55,14899,United Kingdom
531792,2010-11-09 15:20:00,3,3.75,14899,United Kingdom
531792,2010-11-09 15:20:00,12,0.85,14899,United Kingdom
531792,2010-11-09 15:20:00,2,3.75,14899,United Kingdom
531792,2010-11-09 15:20:00,12,1.65,14899,United Kingdom
531792,2010-11-09 15:20:00,2,2.1,14899,United Kingdom
531792,2010-11-09 15:20:00,2,1.45,14899,United Kingdom
531792,2010-11-09 15:20:00,2,1.45,14899,United Kingdom
531792,2010-11-09 15:20:00,2,1.45,14899,United Kingdom
531792,2010-11-09 15:20:00,6,1.25,14899,United Kingdom
531792,2010-11-09 15:20:00,2,1.45,14899,United Kingdom
531792,2010-11-09 15:20:00,3,1.25,14899,United Kingdom
531792,2010-11-09 15:20:00,10,1.25,14899,United Kingdom
531792,2010-11-09 15:20:00,10,1.25,14899,United Kingdom
531792,2010-11-09 15:20:00,6,0.85,14899,United Kingdom
531792,2010-11-09 15:20:00,2,3.75,14899,United Kingdom
531792,2010-11-09 15:20:00,10,1.25,14899,United Kingdom
531792,2010-11-09 15:20:00,3,2.55,14899,United Kingdom
531792,2010-11-09 15:20:00,4,2.95,14899,United Kingdom
531915,2010-11-10 12:07:00,12,0.85,15131,United Kingdom
531915,2010-11-10 12:07:00,2,7.95,15131,United Kingdom
531915,2010-11-10 12:07:00,10,0.85,15131,United Kingdom
531915,2010-11-10 12:07:00,6,2.95,15131,United Kingdom
531915,2010-11-10 12:07:00,36,0.29,15131,United Kingdom
531915,2010-11-10 12:07:00,12,0.42,15131,United Kingdom
531915,2010-11-10 12:07:00,10,1.25,15131,United Kingdom
532047,2010-11-10 14:08:00,6,69.95,13096,United Kingdom
532169,2010-11-11 12:20:00,2,9.95,13614,United Kingdom
532169,2010-11-11 12:20:00,12,1.25,13614,United Kingdom
532169,2010-11-11 12:20:00,12,1.95,13614,United Kingdom
532169,2010-11-11 12:20:00,4,4.95,13614,United Kingdom
532169,2010-11-11 12:20:00,1,16.95,13614,United Kingdom
532169,2010-11-11 12:20:00,1,16.95,13614,United Kingdom
532169,2010-11-11 12:20:00,1,16.95,13614,United Kingdom
532169,2010-11-11 12:20:00,2,6.75,13614,United Kingdom
532169,2010-11-11 12:20:00,2,7.95,13614,United Kingdom
532169,2010-11-11 12:20:00,2,9.95,13614,United Kingdom
532169,2010-11-11 12:20:00,6,2.95,13614,United Kingdom
532169,2010-11-11 12:20:00,3,5.95,13614,United Kingdom
532169,2010-11-11 12:20:00,4,3.75,13614,United Kingdom
532169,2010-11-11 12:20:00,2,12.75,13614,United Kingdom
532169,2010-11-11 12:20:00,12,1.95,13614,United Kingdom
532169,2010-11-11 12:20:00,8,1.95,13614,United Kingdom
532169,2010-11-11 12:20:00,2,9.95,13614,United Kingdom
532169,2010-11-11 12:20:00,12,0.85,13614,United Kingdom
532169,2010-11-11 12:20:00,12,0.85,13614,United Kingdom
532169,2010-11-11 12:20:00,12,1.69,13614,United Kingdom
532169,2010-11-11 12:20:00,12,1.45,13614,United Kingdom
532169,2010-11-11 12:20:00,12,1.45,13614,United Kingdom
532169,2010-11-11 12:20:00,4,3.75,13614,United Kingdom
532169,2010-11-11 12:20:00,12,1.45,13614,United Kingdom
532169,2010-11-11 12:20:00,6,2.1,13614,United Kingdom
532169,2010-11-11 12:20:00,12,0.85,13614,United Kingdom
532349,2010-11-11 16:23:00,1,2.1,15016,United Kingdom
532349,2010-11-11 16:23:00,2,2.95,15016,United Kingdom
532349,2010-11-11 16:23:00,1,1.25,15016,United Kingdom
532349,2010-11-11 16:23:00,2,1.25,15016,United Kingdom
532349,2010-11-11 16:23:00,1,1.65,15016,United Kingdom
532349,2010-11-11 16:23:00,1,3.95,15016,United Kingdom
532349,2010-11-11 16:23:00,2,4.95,15016,United Kingdom
532349,2010-11-11 16:23:00,4,3.75,15016,United Kingdom
532349,2010-11-11 16:23:00,2,3.95,15016,United Kingdom
532349,2010-11-11 16:23:00,1,8.5,15016,United Kingdom
532349,2010-11-11 16:23:00,2,2.55,15016,United Kingdom
532349,2010-11-11 16:23:00,1,1.65,15016,United Kingdom
532349,2010-11-11 16:23:00,1,0.42,15016,United Kingdom
532349,2010-11-11 16:23:00,1,2.1,15016,United Kingdom
532349,2010-11-11 16:23:00,1,1.25,15016,United Kingdom
532349,2010-11-11 16:23:00,2,12.75,15016,United Kingdom
532349,2010-11-11 16:23:00,4,3.75,15016,United Kingdom
532349,2010-11-11 16:23:00,4,2.95,15016,United Kingdom
532349,2010-11-11 16:23:00,1,4.95,15016,United Kingdom
532349,2010-11-11 16:23:00,1,1.65,15016,United Kingdom
532352,2010-11-11 16:30:00,1,7.95,15016,United Kingdom
532364,2010-11-11 17:28:00,6,0.85,14713,United Kingdom
532364,2010-11-11 17:28:00,6,0.85,14713,United Kingdom
532364,2010-11-11 17:28:00,6,2.1,14713,United Kingdom
532364,2010-11-11 17:28:00,4,2.1,14713,United Kingdom
532364,2010-11-11 17:28:00,4,2.1,14713,United Kingdom
532364,2010-11-11 17:28:00,2,1.25,14713,United Kingdom
532364,2010-11-11 17:28:00,6,1.25,14713,United Kingdom
532364,2010-11-11 17:28:00,2,5.95,14713,United Kingdom
532364,2010-11-11 17:28:00,6,1.65,14713,United Kingdom
532364,2010-11-11 17:28:00,6,0.85,14713,United Kingdom
532364,2010-11-11 17:28:00,2,1.25,14713,United Kingdom
532364,2010-11-11 17:28:00,12,2.1,14713,United Kingdom
532364,2010-11-11 17:28:00,6,0.65,14713,United Kingdom
532364,2010-11-11 17:28:00,6,1.65,14713,United Kingdom
532364,2010-11-11 17:28:00,24,0.42,14713,United Kingdom
532364,2010-11-11 17:28:00,4,1.65,14713,United Kingdom
532364,2010-11-11 17:28:00,6,0.42,14713,United Kingdom
532364,2010-11-11 17:28:00,1,3.75,14713,United Kingdom
532364,2010-11-11 17:28:00,1,3.75,14713,United Kingdom
532364,2010-11-11 17:28:00,12,0.42,14713,United Kingdom
532364,2010-11-11 17:28:00,1,4.25,14713,United Kingdom
532364,2010-11-11 17:28:00,25,0.42,14713,United Kingdom
532364,2010-11-11 17:28:00,25,0.42,14713,United Kingdom
532364,2010-11-11 17:28:00,25,0.42,14713,United Kingdom
532364,2010-11-11 17:28:00,12,1.25,14713,United Kingdom
532364,2010-11-11 17:28:00,40,2.55,14713,United Kingdom
532364,2010-11-11 17:28:00,24,0.42,14713,United Kingdom
532364,2010-11-11 17:28:00,12,0.42,14713,United Kingdom
532364,2010-11-11 17:28:00,4,1.65,14713,United Kingdom
532364,2010-11-11 17:28:00,3,3.75,14713,United Kingdom
532364,2010-11-11 17:28:00,3,1.25,14713,United Kingdom
532364,2010-11-11 17:28:00,3,2.1,14713,United Kingdom
532364,2010-11-11 17:28:00,4,1.65,14713,United Kingdom
532364,2010-11-11 17:28:00,2,1.65,14713,United Kingdom
532364,2010-11-11 17:28:00,4,0.85,14713,United Kingdom
532364,2010-11-11 17:28:00,4,0.85,14713,United Kingdom
532364,2010-11-11 17:28:00,4,0.85,14713,United Kingdom
532364,2010-11-11 17:28:00,4,0.85,14713,United Kingdom
532364,2010-11-11 17:28:00,2,6.45,14713,United Kingdom
532364,2010-11-11 17:28:00,2,3.75,14713,United Kingdom
532364,2010-11-11 17:28:00,2,3.75,14713,United Kingdom
532364,2010-11-11 17:28:00,10,1.25,14713,United Kingdom
532364,2010-11-11 17:28:00,2,4.95,14713,United Kingdom
532364,2010-11-11 17:28:00,2,1.65,14713,United Kingdom
532364,2010-11-11 17:28:00,2,2.95,14713,United Kingdom
532364,2010-11-11 17:28:00,2,3.75,14713,United Kingdom
532364,2010-11-11 17:28:00,4,2.1,14713,United Kingdom
532364,2010-11-11 17:28:00,2,1.95,14713,United Kingdom
532364,2010-11-11 17:28:00,3,2.95,14713,United Kingdom
532364,2010-11-11 17:28:00,3,3.75,14713,United Kingdom
532364,2010-11-11 17:28:00,2,1.95,14713,United Kingdom
532364,2010-11-11 17:28:00,2,3.95,14713,United Kingdom
532364,2010-11-11 17:28:00,2,3.75,14713,United Kingdom
532364,2010-11-11 17:28:00,1,3.75,14713,United Kingdom
532364,2010-11-11 17:28:00,3,3.75,14713,United Kingdom
532364,2010-11-11 17:28:00,3,1.95,14713,United Kingdom
532364,2010-11-11 17:28:00,4,1.95,14713,United Kingdom
532382,2010-11-11 18:24:00,24,0.85,16081,United Kingdom
532382,2010-11-11 18:24:00,2,1.65,16081,United Kingdom
532382,2010-11-11 18:24:00,2,5.95,16081,United Kingdom
532382,2010-11-11 18:24:00,1,3.75,16081,United Kingdom
532382,2010-11-11 18:24:00,5,1.25,16081,United Kingdom
532382,2010-11-11 18:24:00,5,1.65,16081,United Kingdom
532382,2010-11-11 18:24:00,4,2.95,16081,United Kingdom
532382,2010-11-11 18:24:00,12,0.85,16081,United Kingdom
532382,2010-11-11 18:24:00,24,1.25,16081,United Kingdom
532382,2010-11-11 18:24:00,3,2.1,16081,United Kingdom
532382,2010-11-11 18:24:00,14,0.85,16081,United Kingdom
532382,2010-11-11 18:24:00,10,0.85,16081,United Kingdom
532382,2010-11-11 18:24:00,10,0.85,16081,United Kingdom
532382,2010-11-11 18:24:00,15,0.42,16081,United Kingdom
532382,2010-11-11 18:24:00,2,1.95,16081,United Kingdom
532382,2010-11-11 18:24:00,3,1.69,16081,United Kingdom
532382,2010-11-11 18:24:00,2,2.1,16081,United Kingdom
532382,2010-11-11 18:24:00,2,2.1,16081,United Kingdom
532382,2010-11-11 18:24:00,12,0.85,16081,United Kingdom
532382,2010-11-11 18:24:00,10,0.65,16081,United Kingdom
532382,2010-11-11 18:24:00,6,3.75,16081,United Kingdom
532382,2010-11-11 18:24:00,2,1.25,16081,United Kingdom
532382,2010-11-11 18:24:00,24,0.85,16081,United Kingdom
532382,2010-11-11 18:24:00,2,2.1,16081,United Kingdom
532382,2010-11-11 18:24:00,2,12.75,16081,United Kingdom
532382,2010-11-11 18:24:00,8,5.45,16081,United Kingdom
532382,2010-11-11 18:24:00,1,16.95,16081,United Kingdom
532382,2010-11-11 18:24:00,1,3.75,16081,United Kingdom
532382,2010-11-11 18:24:00,1,3.75,16081,United Kingdom
532382,2010-11-11 18:24:00,1,3.75,16081,United Kingdom
532382,2010-11-11 18:24:00,3,2.1,16081,United Kingdom
532382,2010-11-11 18:24:00,3,1.45,16081,United Kingdom
532382,2010-11-11 18:24:00,6,4.95,16081,United Kingdom
532382,2010-11-11 18:24:00,2,1.25,16081,United Kingdom
532382,2010-11-11 18:24:00,3,2.95,16081,United Kingdom
532382,2010-11-11 18:24:00,1,2.95,16081,United Kingdom
532382,2010-11-11 18:24:00,1,2.95,16081,United Kingdom
532382,2010-11-11 18:24:00,1,2.95,16081,United Kingdom
532382,2010-11-11 18:24:00,2,9.95,16081,United Kingdom
532382,2010-11-11 18:24:00,4,3.75,16081,United Kingdom
532382,2010-11-11 18:24:00,2,4.95,16081,United Kingdom
532382,2010-11-11 18:24:00,4,1.95,16081,United Kingdom
532382,2010-11-11 18:24:00,12,1.25,16081,United Kingdom
532382,2010-11-11 18:24:00,2,4.95,16081,United Kingdom
532382,2010-11-11 18:24:00,3,2.1,16081,United Kingdom
532382,2010-11-11 18:24:00,6,2.1,16081,United Kingdom
532382,2010-11-11 18:24:00,3,0.55,16081,United Kingdom
532382,2010-11-11 18:24:00,1,16.95,16081,United Kingdom
532382,2010-11-11 18:24:00,3,2.95,16081,United Kingdom
532382,2010-11-11 18:24:00,6,1.25,16081,United Kingdom
532382,2010-11-11 18:24:00,1,9.95,16081,United Kingdom
532382,2010-11-11 18:24:00,32,1.69,16081,United Kingdom
532382,2010-11-11 18:24:00,11,2.95,16081,United Kingdom
532382,2010-11-11 18:24:00,10,2.95,16081,United Kingdom
532382,2010-11-11 18:24:00,10,2.95,16081,United Kingdom
532382,2010-11-11 18:24:00,10,2.95,16081,United Kingdom
532382,2010-11-11 18:24:00,32,1.69,16081,United Kingdom
532382,2010-11-11 18:24:00,3,4.25,16081,United Kingdom
532382,2010-11-11 18:24:00,4,4.25,16081,United Kingdom
532382,2010-11-11 18:24:00,3,4.25,16081,United Kingdom
532382,2010-11-11 18:24:00,6,4.25,16081,United Kingdom
532382,2010-11-11 18:24:00,6,1.65,16081,United Kingdom
532382,2010-11-11 18:24:00,12,2.95,16081,United Kingdom
532382,2010-11-11 18:24:00,12,2.55,16081,United Kingdom
532382,2010-11-11 18:24:00,8,1.69,16081,United Kingdom
532382,2010-11-11 18:24:00,2,5.95,16081,United Kingdom
532382,2010-11-11 18:24:00,24,0.95,16081,United Kingdom
532382,2010-11-11 18:24:00,1,5.95,16081,United Kingdom
532382,2010-11-11 18:24:00,3,4.25,16081,United Kingdom
532382,2010-11-11 18:24:00,12,1.25,16081,United Kingdom
532382,2010-11-11 18:24:00,1,2.95,16081,United Kingdom
532382,2010-11-11 18:24:00,5,0.65,16081,United Kingdom
532382,2010-11-11 18:24:00,12,1.95,16081,United Kingdom
532382,2010-11-11 18:24:00,1,0.65,16081,United Kingdom
532382,2010-11-11 18:24:00,6,0.65,16081,United Kingdom
532382,2010-11-11 18:24:00,7,0.65,16081,United Kingdom
532382,2010-11-11 18:24:00,6,0.65,16081,United Kingdom
532382,2010-11-11 18:24:00,24,0.85,16081,United Kingdom
532382,2010-11-11 18:24:00,6,1.25,16081,United Kingdom
532382,2010-11-11 18:24:00,4,2.95,16081,United Kingdom
532382,2010-11-11 18:24:00,12,2.95,16081,United Kingdom
532382,2010-11-11 18:24:00,3,4.95,16081,United Kingdom
532382,2010-11-11 18:24:00,3,3.95,16081,United Kingdom
532382,2010-11-11 18:24:00,1,24.95,16081,United Kingdom
532382,2010-11-11 18:24:00,4,6.75,16081,United Kingdom
532382,2010-11-11 18:24:00,2,8.5,16081,United Kingdom
532382,2010-11-11 18:24:00,1,5.45,16081,United Kingdom
532382,2010-11-11 18:24:00,3,3.75,16081,United Kingdom
532382,2010-11-11 18:24:00,2,2.1,16081,United Kingdom
532382,2010-11-11 18:24:00,3,0.55,16081,United Kingdom
532382,2010-11-11 18:24:00,3,0.55,16081,United Kingdom
532559,2010-11-12 12:55:00,18,4.25,16199,United Kingdom
532559,2010-11-12 12:55:00,144,2.75,16199,United Kingdom
532599,2010-11-12 14:55:00,48,2.1,13576,United Kingdom
532599,2010-11-12 14:55:00,2,8.5,13576,United Kingdom
532599,2010-11-12 14:55:00,4,3.95,13576,United Kingdom
532599,2010-11-12 14:55:00,4,3.95,13576,United Kingdom
532599,2010-11-12 14:55:00,2,6.75,13576,United Kingdom
532599,2010-11-12 14:55:00,4,3.75,13576,United Kingdom
532599,2010-11-12 14:55:00,48,3.39,13576,United Kingdom
532599,2010-11-12 14:55:00,24,3.39,13576,United Kingdom
532599,2010-11-12 14:55:00,2,9.95,13576,United Kingdom
532673,2010-11-14 11:51:00,3,2.1,15038,United Kingdom
532673,2010-11-14 11:51:00,1,2.1,15038,United Kingdom
532673,2010-11-14 11:51:00,1,1.25,15038,United Kingdom
532673,2010-11-14 11:51:00,1,1.65,15038,United Kingdom
532673,2010-11-14 11:51:00,2,2.95,15038,United Kingdom
532673,2010-11-14 11:51:00,1,2.95,15038,United Kingdom
532673,2010-11-14 11:51:00,2,2.55,15038,United Kingdom
532673,2010-11-14 11:51:00,2,2.95,15038,United Kingdom
532673,2010-11-14 11:51:00,1,5.95,15038,United Kingdom
532673,2010-11-14 11:51:00,1,2.95,15038,United Kingdom
532673,2010-11-14 11:51:00,1,6.75,15038,United Kingdom
532673,2010-11-14 11:51:00,3,2.95,15038,United Kingdom
532673,2010-11-14 11:51:00,2,2.95,15038,United Kingdom
532673,2010-11-14 11:51:00,1,0.85,15038,United Kingdom
532673,2010-11-14 11:51:00,3,3.75,15038,United Kingdom
532673,2010-11-14 11:51:00,3,1.25,15038,United Kingdom
532673,2010-11-14 11:51:00,1,4.25,15038,United Kingdom
532673,2010-11-14 11:51:00,1,6.95,15038,United Kingdom
532673,2010-11-14 11:51:00,1,7.95,15038,United Kingdom
532673,2010-11-14 11:51:00,1,7.95,15038,United Kingdom
532673,2010-11-14 11:51:00,1,4.25,15038,United Kingdom
532673,2010-11-14 11:51:00,16,1.25,15038,United Kingdom
532673,2010-11-14 11:51:00,2,1.25,15038,United Kingdom
532673,2010-11-14 11:51:00,1,2.95,15038,United Kingdom
532673,2010-11-14 11:51:00,1,1.65,15038,United Kingdom
532673,2010-11-14 11:51:00,1,9.95,15038,United Kingdom
532673,2010-11-14 11:51:00,1,4.25,15038,United Kingdom
532673,2010-11-14 11:51:00,1,2.95,15038,United Kingdom
532673,2010-11-14 11:51:00,6,1.25,15038,United Kingdom
532673,2010-11-14 11:51:00,1,5.95,15038,United Kingdom
532673,2010-11-14 11:51:00,4,1.45,15038,United Kingdom
532699,2010-11-14 12:50:00,8,2.95,16950,United Kingdom
532699,2010-11-14 12:50:00,2,0.95,16950,United Kingdom
532699,2010-11-14 12:50:00,1,16.95,16950,United Kingdom
532699,2010-11-14 12:50:00,16,1.95,16950,United Kingdom
532699,2010-11-14 12:50:00,48,0.42,16950,United Kingdom
532699,2010-11-14 12:50:00,8,2.55,16950,United Kingdom
532699,2010-11-14 12:50:00,8,2.95,16950,United Kingdom
532699,2010-11-14 12:50:00,3,8.5,16950,United Kingdom
532699,2010-11-14 12:50:00,1,1.25,16950,United Kingdom
532699,2010-11-14 12:50:00,1,1.95,16950,United Kingdom
532699,2010-11-14 12:50:00,3,3.75,16950,United Kingdom
532699,2010-11-14 12:50:00,2,4.25,16950,United Kingdom
532699,2010-11-14 12:50:00,1,3.75,16950,United Kingdom
532699,2010-11-14 12:50:00,14,2.95,16950,United Kingdom
532699,2010-11-14 12:50:00,8,2.95,16950,United Kingdom
532719,2010-11-14 12:58:00,9,4.95,15269,United Kingdom
532719,2010-11-14 12:58:00,8,3.75,15269,United Kingdom
532719,2010-11-14 12:58:00,4,4.95,15269,United Kingdom
532719,2010-11-14 12:58:00,12,1.25,15269,United Kingdom
532719,2010-11-14 12:58:00,10,1.25,15269,United Kingdom
532719,2010-11-14 12:58:00,10,1.25,15269,United Kingdom
532719,2010-11-14 12:58:00,16,1.95,15269,United Kingdom
532719,2010-11-14 12:58:00,9,4.95,15269,United Kingdom
532719,2010-11-14 12:58:00,12,2.55,15269,United Kingdom
532719,2010-11-14 12:58:00,12,2.55,15269,United Kingdom
532719,2010-11-14 12:58:00,12,1.25,15269,United Kingdom
532719,2010-11-14 12:58:00,12,3.75,15269,United Kingdom
532719,2010-11-14 12:58:00,12,2.95,15269,United Kingdom
532719,2010-11-14 12:58:00,8,3.75,15269,United Kingdom
532719,2010-11-14 12:58:00,8,3.75,15269,United Kingdom
532719,2010-11-14 12:58:00,12,1.65,15269,United Kingdom
532719,2010-11-14 12:58:00,12,1.65,15269,United Kingdom
532719,2010-11-14 12:58:00,12,1.25,15269,United Kingdom
532804,2010-11-14 15:05:00,4,1.65,16719,United Kingdom
532804,2010-11-14 15:05:00,1,3.25,16719,United Kingdom
532804,2010-11-14 15:05:00,1,2.55,16719,United Kingdom
532804,2010-11-14 15:05:00,1,2.1,16719,United Kingdom
532804,2010-11-14 15:05:00,25,0.42,16719,United Kingdom
532804,2010-11-14 15:05:00,25,0.42,16719,United Kingdom
532804,2010-11-14 15:05:00,1,3.75,16719,United Kingdom
532804,2010-11-14 15:05:00,25,0.42,16719,United Kingdom
532804,2010-11-14 15:05:00,25,0.42,16719,United Kingdom
532804,2010-11-14 15:05:00,2,3.75,16719,United Kingdom
532804,2010-11-14 15:05:00,4,3.75,16719,United Kingdom
532804,2010-11-14 15:05:00,2,2.95,16719,United Kingdom
532804,2010-11-14 15:05:00,25,0.42,16719,United Kingdom
532804,2010-11-14 15:05:00,2,0.42,16719,United Kingdom
532804,2010-11-14 15:05:00,2,2.95,16719,United Kingdom
532804,2010-11-14 15:05:00,4,3.35,16719,United Kingdom
532804,2010-11-14 15:05:00,2,1.65,16719,United Kingdom
532804,2010-11-14 15:05:00,6,1.25,16719,United Kingdom
532804,2010-11-14 15:05:00,3,8.5,16719,United Kingdom
532804,2010-11-14 15:05:00,5,4.95,16719,United Kingdom
532804,2010-11-14 15:05:00,1,12.75,16719,United Kingdom
532804,2010-11-14 15:05:00,1,8.5,16719,United Kingdom
532804,2010-11-14 15:05:00,2,4.95,16719,United Kingdom
532804,2010-11-14 15:05:00,4,1.65,16719,United Kingdom
532804,2010-11-14 15:05:00,2,5.95,16719,United Kingdom
532804,2010-11-14 15:05:00,3,3.35,16719,United Kingdom
532804,2010-11-14 15:05:00,1,4.95,16719,United Kingdom
532804,2010-11-14 15:05:00,2,1.25,16719,United Kingdom
532804,2010-11-14 15:05:00,3,1.65,16719,United Kingdom
532993,2010-11-15 14:26:00,24,0.85,14156,EIRE
532993,2010-11-15 14:26:00,24,0.42,14156,EIRE
532993,2010-11-15 14:26:00,48,0.85,14156,EIRE
532993,2010-11-15 14:26:00,30,0.21,14156,EIRE
532993,2010-11-15 14:26:00,24,0.42,14156,EIRE
532993,2010-11-15 14:26:00,24,0.42,14156,EIRE
532993,2010-11-15 14:26:00,24,0.42,14156,EIRE
532993,2010-11-15 14:26:00,24,0.42,14156,EIRE
532993,2010-11-15 14:26:00,24,0.42,14156,EIRE
532993,2010-11-15 14:26:00,12,1.25,14156,EIRE
532993,2010-11-15 14:26:00,24,0.42,14156,EIRE
532993,2010-11-15 14:26:00,12,1.25,14156,EIRE
532993,2010-11-15 14:26:00,16,1.95,14156,EIRE
532993,2010-11-15 14:26:00,2,9.95,14156,EIRE
532993,2010-11-15 14:26:00,3,4.95,14156,EIRE
532993,2010-11-15 14:26:00,12,0.85,14156,EIRE
532993,2010-11-15 14:26:00,12,1.25,14156,EIRE
532993,2010-11-15 14:26:00,3,4.95,14156,EIRE
532993,2010-11-15 14:26:00,2,9.95,14156,EIRE
532993,2010-11-15 14:26:00,6,2.55,14156,EIRE
532993,2010-11-15 14:26:00,4,3.75,14156,EIRE
532993,2010-11-15 14:26:00,60,0.21,14156,EIRE
532993,2010-11-15 14:26:00,12,0.42,14156,EIRE
532993,2010-11-15 14:26:00,12,0.85,14156,EIRE
532993,2010-11-15 14:26:00,4,4.25,14156,EIRE
532993,2010-11-15 14:26:00,10,1.95,14156,EIRE
532993,2010-11-15 14:26:00,10,1.95,14156,EIRE
532993,2010-11-15 14:26:00,12,1.25,14156,EIRE
532993,2010-11-15 14:26:00,24,0.29,14156,EIRE
532993,2010-11-15 14:26:00,24,0.29,14156,EIRE
532993,2010-11-15 14:26:00,3,4.65,14156,EIRE
532993,2010-11-15 14:26:00,3,4.65,14156,EIRE
532993,2010-11-15 14:26:00,4,3.95,14156,EIRE
532993,2010-11-15 14:26:00,3,4.95,14156,EIRE
532993,2010-11-15 14:26:00,16,1.69,14156,EIRE
532993,2010-11-15 14:26:00,3,4.95,14156,EIRE
532993,2010-11-15 14:26:00,12,2.1,14156,EIRE
532993,2010-11-15 14:26:00,12,0.42,14156,EIRE
532993,2010-11-15 14:26:00,12,0.42,14156,EIRE
532993,2010-11-15 14:26:00,12,0.42,14156,EIRE
532993,2010-11-15 14:26:00,12,0.42,14156,EIRE
532993,2010-11-15 14:26:00,6,3.75,14156,EIRE
532993,2010-11-15 14:26:00,12,0.42,14156,EIRE
532993,2010-11-15 14:26:00,12,0.65,14156,EIRE
532993,2010-11-15 14:26:00,12,1.65,14156,EIRE
532993,2010-11-15 14:26:00,24,0.42,14156,EIRE
532993,2010-11-15 14:26:00,4,3.75,14156,EIRE
532993,2010-11-15 14:26:00,6,3.75,14156,EIRE
532993,2010-11-15 14:26:00,48,0.29,14156,EIRE
532993,2010-11-15 14:26:00,12,1.65,14156,EIRE
532993,2010-11-15 14:26:00,12,0.85,14156,EIRE
532993,2010-11-15 14:26:00,12,0.85,14156,EIRE
532993,2010-11-15 14:26:00,25,0.42,14156,EIRE
532993,2010-11-15 14:26:00,24,0.65,14156,EIRE
532993,2010-11-15 14:26:00,4,8.5,14156,EIRE
532993,2010-11-15 14:26:00,6,9.95,14156,EIRE
532993,2010-11-15 14:26:00,4,12.75,14156,EIRE
532993,2010-11-15 14:26:00,12,1.65,14156,EIRE
532993,2010-11-15 14:26:00,2,12.75,14156,EIRE
532993,2010-11-15 14:26:00,12,1.65,14156,EIRE
532993,2010-11-15 14:26:00,4,4.25,14156,EIRE
532993,2010-11-15 14:26:00,8,4.95,14156,EIRE
532993,2010-11-15 14:26:00,2,7.95,14156,EIRE
532993,2010-11-15 14:26:00,6,3.75,14156,EIRE
532993,2010-11-15 14:26:00,2,5.55,14156,EIRE
532993,2010-11-15 14:26:00,6,2.55,14156,EIRE
532993,2010-11-15 14:26:00,3,4.95,14156,EIRE
532993,2010-11-15 14:26:00,4,3.75,14156,EIRE
532993,2010-11-15 14:26:00,12,2.1,14156,EIRE
532993,2010-11-15 14:26:00,4,4.95,14156,EIRE
532993,2010-11-15 14:26:00,12,1.25,14156,EIRE
532993,2010-11-15 14:26:00,12,0.85,14156,EIRE
532993,2010-11-15 14:26:00,12,0.85,14156,EIRE
532993,2010-11-15 14:26:00,6,2.1,14156,EIRE
532993,2010-11-15 14:26:00,5,2.95,14156,EIRE
532993,2010-11-15 14:26:00,12,1.65,14156,EIRE
532993,2010-11-15 14:26:00,12,1.69,14156,EIRE
532993,2010-11-15 14:26:00,12,1.25,14156,EIRE
532993,2010-11-15 14:26:00,24,0.42,14156,EIRE
532993,2010-11-15 14:26:00,3,4.25,14156,EIRE
532993,2010-11-15 14:26:00,12,1.65,14156,EIRE
532993,2010-11-15 14:26:00,6,2.95,14156,EIRE
532993,2010-11-15 14:26:00,6,2.1,14156,EIRE
532993,2010-11-15 14:26:00,6,2.95,14156,EIRE
532993,2010-11-15 14:26:00,6,2.95,14156,EIRE
532993,2010-11-15 14:26:00,24,0.85,14156,EIRE
532993,2010-11-15 14:26:00,1,12.75,14156,EIRE
532993,2010-11-15 14:26:00,6,2.1,14156,EIRE
532993,2010-11-15 14:26:00,6,2.1,14156,EIRE
532993,2010-11-15 14:26:00,6,2.1,14156,EIRE
532993,2010-11-15 14:26:00,6,2.1,14156,EIRE
532993,2010-11-15 14:26:00,12,0.85,14156,EIRE
532993,2010-11-15 14:26:00,12,0.85,14156,EIRE
532993,2010-11-15 14:26:00,10,1.25,14156,EIRE
532993,2010-11-15 14:26:00,10,1.25,14156,EIRE
532993,2010-11-15 14:26:00,1,12.75,14156,EIRE
532993,2010-11-15 14:26:00,10,1.95,14156,EIRE
532993,2010-11-15 14:26:00,10,1.95,14156,EIRE
532993,2010-11-15 14:26:00,10,1.95,14156,EIRE
532993,2010-11-15 14:26:00,12,1.25,14156,EIRE
532993,2010-11-15 14:26:00,12,0.85,14156,EIRE
532993,2010-11-15 14:26:00,3,4.95,14156,EIRE
532993,2010-11-15 14:26:00,1,15.95,14156,EIRE
532993,2010-11-15 14:26:00,2,7.95,14156,EIRE
532993,2010-11-15 14:26:00,24,3.81,14156,EIRE
532993,2010-11-15 14:26:00,24,3.81,14156,EIRE
532993,2010-11-15 14:26:00,24,3.81,14156,EIRE
532993,2010-11-15 14:26:00,12,1.25,14156,EIRE
532993,2010-11-15 14:26:00,12,1.25,14156,EIRE
532993,2010-11-15 14:26:00,12,0.85,14156,EIRE
532993,2010-11-15 14:26:00,10,1.95,14156,EIRE
532993,2010-11-15 14:26:00,12,1.25,14156,EIRE
532993,2010-11-15 14:26:00,12,1.25,14156,EIRE
532993,2010-11-15 14:26:00,12,1.65,14156,EIRE
532993,2010-11-15 14:26:00,6,2.95,14156,EIRE
532993,2010-11-15 14:26:00,4,3.75,14156,EIRE
532993,2010-11-15 14:26:00,4,3.75,14156,EIRE
532993,2010-11-15 14:26:00,6,2.95,14156,EIRE
532993,2010-11-15 14:26:00,12,0.85,14156,EIRE
532993,2010-11-15 14:26:00,12,0.42,14156,EIRE
532993,2010-11-15 14:26:00,12,0.85,14156,EIRE
532993,2010-11-15 14:26:00,6,2.95,14156,EIRE
532993,2010-11-15 14:26:00,12,3.25,14156,EIRE
532993,2010-11-15 14:26:00,4,4.25,14156,EIRE
532993,2010-11-15 14:26:00,1,16.95,14156,EIRE
532993,2010-11-15 14:26:00,4,5.95,14156,EIRE
532993,2010-11-15 14:26:00,4,4.95,14156,EIRE
532993,2010-11-15 14:26:00,24,0.14,14156,EIRE
532993,2010-11-15 14:26:00,24,0.75,14156,EIRE
532993,2010-11-15 14:26:00,24,0.85,14156,EIRE
532993,2010-11-15 14:26:00,24,0.85,14156,EIRE
532993,2010-11-15 14:26:00,4,4.65,14156,EIRE
532993,2010-11-15 14:26:00,2,5.95,14156,EIRE
532993,2010-11-15 14:26:00,2,5.95,14156,EIRE
532993,2010-11-15 14:26:00,2,7.95,14156,EIRE
532993,2010-11-15 14:26:00,2,7.95,14156,EIRE
532993,2010-11-15 14:26:00,4,4.25,14156,EIRE
532993,2010-11-15 14:26:00,8,1.95,14156,EIRE
532993,2010-11-15 14:26:00,5,2.95,14156,EIRE
532993,2010-11-15 14:26:00,5,2.95,14156,EIRE
532993,2010-11-15 14:26:00,4,9.95,14156,EIRE
532993,2010-11-15 14:26:00,1,12.75,14156,EIRE
532993,2010-11-15 14:26:00,1,12.75,14156,EIRE
532993,2010-11-15 14:26:00,12,1.25,14156,EIRE
532993,2010-11-15 14:26:00,8,1.69,14156,EIRE
532993,2010-11-15 14:26:00,6,10.95,14156,EIRE
532993,2010-11-15 14:26:00,12,1.25,14156,EIRE
532993,2010-11-15 14:26:00,12,1.25,14156,EIRE
532993,2010-11-15 14:26:00,16,1.95,14156,EIRE
532993,2010-11-15 14:26:00,4,3.75,14156,EIRE
532993,2010-11-15 14:26:00,4,4.25,14156,EIRE
532993,2010-11-15 14:26:00,3,10.95,14156,EIRE
532993,2010-11-15 14:26:00,10,1.95,14156,EIRE
532993,2010-11-15 14:26:00,10,0.85,14156,EIRE
532993,2010-11-15 14:26:00,1,16.95,14156,EIRE
532993,2010-11-15 14:26:00,12,1.25,14156,EIRE
532993,2010-11-15 14:26:00,6,3.75,14156,EIRE
532993,2010-11-15 14:26:00,6,3.75,14156,EIRE
532993,2010-11-15 14:26:00,12,2.55,14156,EIRE
532993,2010-11-15 14:26:00,2,9.95,14156,EIRE
532993,2010-11-15 14:26:00,8,1.65,14156,EIRE
532993,2010-11-15 14:26:00,12,1.49,14156,EIRE
532993,2010-11-15 14:26:00,12,1.49,14156,EIRE
532993,2010-11-15 14:26:00,12,1.25,14156,EIRE
532993,2010-11-15 14:26:00,4,3.75,14156,EIRE
532993,2010-11-15 14:26:00,24,0.85,14156,EIRE
532993,2010-11-15 14:26:00,24,0.42,14156,EIRE
532993,2010-11-15 14:26:00,3,5.95,14156,EIRE
532993,2010-11-15 14:26:00,3,5.95,14156,EIRE
532993,2010-11-15 14:26:00,3,5.95,14156,EIRE
532993,2010-11-15 14:26:00,10,1.65,14156,EIRE
532993,2010-11-15 14:26:00,10,1.95,14156,EIRE
532993,2010-11-15 14:26:00,2,9.95,14156,EIRE
532993,2010-11-15 14:26:00,4,3.75,14156,EIRE
532993,2010-11-15 14:26:00,3,4.95,14156,EIRE
532993,2010-11-15 14:26:00,6,2.95,14156,EIRE
532993,2010-11-15 14:26:00,3,4.95,14156,EIRE
532993,2010-11-15 14:26:00,2,8.5,14156,EIRE
532993,2010-11-15 14:26:00,6,2.55,14156,EIRE
532993,2010-11-15 14:26:00,12,0.85,14156,EIRE
532993,2010-11-15 14:26:00,6,3.75,14156,EIRE
532993,2010-11-15 14:26:00,24,0.55,14156,EIRE
532993,2010-11-15 14:26:00,24,0.55,14156,EIRE
532993,2010-11-15 14:26:00,12,1.45,14156,EIRE
532993,2010-11-15 14:26:00,2,8.5,14156,EIRE
532993,2010-11-15 14:26:00,2,9.95,14156,EIRE
532993,2010-11-15 14:26:00,12,1.95,14156,EIRE
532993,2010-11-15 14:26:00,12,1.95,14156,EIRE
532993,2010-11-15 14:26:00,36,2.1,14156,EIRE
532993,2010-11-15 14:26:00,36,2.1,14156,EIRE
532993,2010-11-15 14:26:00,2,9.95,14156,EIRE
532993,2010-11-15 14:26:00,6,2.95,14156,EIRE
532993,2010-11-15 14:26:00,6,2.95,14156,EIRE
532993,2010-11-15 14:26:00,3,12.75,14156,EIRE
532993,2010-11-15 14:26:00,12,1.25,14156,EIRE
532993,2010-11-15 14:26:00,16,1.25,14156,EIRE
532993,2010-11-15 14:26:00,12,2.1,14156,EIRE
532993,2010-11-15 14:26:00,6,2.95,14156,EIRE
532993,2010-11-15 14:26:00,4,4.25,14156,EIRE
532993,2010-11-15 14:26:00,12,1.65,14156,EIRE
533009,2010-11-15 15:30:00,288,1.06,16191,United Kingdom
533009,2010-11-15 15:30:00,24,4.25,16191,United Kingdom
533009,2010-11-15 15:30:00,48,1.45,16191,United Kingdom
533009,2010-11-15 15:30:00,216,1.06,16191,United Kingdom
533009,2010-11-15 15:30:00,96,1.06,16191,United Kingdom
533009,2010-11-15 15:30:00,24,2.75,16191,United Kingdom
533009,2010-11-15 15:30:00,96,1.85,16191,United Kingdom
533009,2010-11-15 15:30:00,96,1.85,16191,United Kingdom
533047,2010-11-15 16:20:00,24,3.39,16191,United Kingdom
533047,2010-11-15 16:20:00,144,0.53,16191,United Kingdom
533047,2010-11-15 16:20:00,48,1.45,16191,United Kingdom
533047,2010-11-15 16:20:00,36,2.75,16191,United Kingdom
533047,2010-11-15 16:20:00,36,4.25,16191,United Kingdom
533047,2010-11-15 16:20:00,96,1.85,16191,United Kingdom
533047,2010-11-15 16:20:00,96,1.85,16191,United Kingdom
533047,2010-11-15 16:20:00,36,4.25,16191,United Kingdom
533047,2010-11-15 16:20:00,96,1.06,16191,United Kingdom
533120,2010-11-16 12:32:00,144,1.45,14156,EIRE
533120,2010-11-16 12:32:00,144,1.69,14156,EIRE
533120,2010-11-16 12:32:00,144,1.85,14156,EIRE
533120,2010-11-16 12:32:00,144,0.32,14156,EIRE
533120,2010-11-16 12:32:00,72,1.69,14156,EIRE
533120,2010-11-16 12:32:00,96,1.25,14156,EIRE
533120,2010-11-16 12:32:00,108,1.06,14156,EIRE
533120,2010-11-16 12:32:00,64,2.55,14156,EIRE
533120,2010-11-16 12:32:00,108,1.06,14156,EIRE
533120,2010-11-16 12:32:00,72,1.06,14156,EIRE
533120,2010-11-16 12:32:00,144,1.85,14156,EIRE
533120,2010-11-16 12:32:00,72,1.06,14156,EIRE
533120,2010-11-16 12:32:00,144,1.69,14156,EIRE
533120,2010-11-16 12:32:00,100,1.45,14156,EIRE
533120,2010-11-16 12:32:00,48,0.85,14156,EIRE
533120,2010-11-16 12:32:00,60,6.75,14156,EIRE
533120,2010-11-16 12:32:00,80,6.75,14156,EIRE
533120,2010-11-16 12:32:00,48,1.69,14156,EIRE
533120,2010-11-16 12:32:00,96,1.45,14156,EIRE
533120,2010-11-16 12:32:00,72,6.95,14156,EIRE
533120,2010-11-16 12:32:00,60,6.75,14156,EIRE
533120,2010-11-16 12:32:00,72,1.25,14156,EIRE
533120,2010-11-16 12:32:00,108,1.06,14156,EIRE
533120,2010-11-16 12:32:00,150,0.55,14156,EIRE
533314,2010-11-16 17:12:00,8,1.25,13158,United Kingdom
533314,2010-11-16 17:12:00,4,4.95,13158,United Kingdom
533314,2010-11-16 17:12:00,3,4.95,13158,United Kingdom
533314,2010-11-16 17:12:00,12,0.85,13158,United Kingdom
533314,2010-11-16 17:12:00,4,3.75,13158,United Kingdom
533314,2010-11-16 17:12:00,3,4.95,13158,United Kingdom
533314,2010-11-16 17:12:00,6,2.55,13158,United Kingdom
533314,2010-11-16 17:12:00,10,1.25,13158,United Kingdom
533314,2010-11-16 17:12:00,12,1.65,13158,United Kingdom
533314,2010-11-16 17:12:00,8,1.65,13158,United Kingdom
533314,2010-11-16 17:12:00,12,0.85,13158,United Kingdom
533314,2010-11-16 17:12:00,24,1.25,13158,United Kingdom
533314,2010-11-16 17:12:00,10,1.25,13158,United Kingdom
533314,2010-11-16 17:12:00,10,1.25,13158,United Kingdom
533314,2010-11-16 17:12:00,12,1.65,13158,United Kingdom
533314,2010-11-16 17:12:00,12,1.65,13158,United Kingdom
533314,2010-11-16 17:12:00,12,0.75,13158,United Kingdom
533314,2010-11-16 17:12:00,6,2.95,13158,United Kingdom
533314,2010-11-16 17:12:00,4,3.75,13158,United Kingdom
533314,2010-11-16 17:12:00,12,0.42,13158,United Kingdom
533314,2010-11-16 17:12:00,24,0.42,13158,United Kingdom
533356,2010-11-17 10:04:00,2,5.95,16168,United Kingdom
533356,2010-11-17 10:04:00,2,4.25,16168,United Kingdom
533356,2010-11-17 10:04:00,12,2.95,16168,United Kingdom
533369,2010-11-17 10:31:00,10,0.85,16835,United Kingdom
533369,2010-11-17 10:31:00,2,7.95,16835,United Kingdom
533369,2010-11-17 10:31:00,2,6.75,16835,United Kingdom
533369,2010-11-17 10:31:00,10,0.85,16835,United Kingdom
533369,2010-11-17 10:31:00,10,1.95,16835,United Kingdom
533369,2010-11-17 10:31:00,12,1.25,16835,United Kingdom
533369,2010-11-17 10:31:00,6,2.55,16835,United Kingdom
533369,2010-11-17 10:31:00,12,1.25,16835,United Kingdom
533369,2010-11-17 10:31:00,6,2.55,16835,United Kingdom
533369,2010-11-17 10:31:00,6,2.55,16835,United Kingdom
533369,2010-11-17 10:31:00,2,7.95,16835,United Kingdom
533369,2010-11-17 10:31:00,12,1.65,16835,United Kingdom
533841,2010-11-19 11:12:00,1,1.25,17269,United Kingdom
533841,2010-11-19 11:12:00,1,2.95,17269,United Kingdom
533841,2010-11-19 11:12:00,1,1.25,17269,United Kingdom
533841,2010-11-19 11:12:00,1,3.75,17269,United Kingdom
533841,2010-11-19 11:12:00,1,1.25,17269,United Kingdom
533841,2010-11-19 11:12:00,1,1.25,17269,United Kingdom
533841,2010-11-19 11:12:00,1,1.25,17269,United Kingdom
533841,2010-11-19 11:12:00,2,0.42,17269,United Kingdom
533841,2010-11-19 11:12:00,1,1.25,17269,United Kingdom
533841,2010-11-19 11:12:00,1,1.25,17269,United Kingdom
533841,2010-11-19 11:12:00,1,2.95,17269,United Kingdom
533841,2010-11-19 11:12:00,3,1.95,17269,United Kingdom
533841,2010-11-19 11:12:00,1,0.42,17269,United Kingdom
533841,2010-11-19 11:12:00,2,5.95,17269,United Kingdom
533841,2010-11-19 11:12:00,1,1.65,17269,United Kingdom
533841,2010-11-19 11:12:00,1,3.75,17269,United Kingdom
533841,2010-11-19 11:12:00,1,1.25,17269,United Kingdom
533841,2010-11-19 11:12:00,1,1.25,17269,United Kingdom
533841,2010-11-19 11:12:00,1,3.35,17269,United Kingdom
533841,2010-11-19 11:12:00,25,0.42,17269,United Kingdom
533841,2010-11-19 11:12:00,25,0.42,17269,United Kingdom
533841,2010-11-19 11:12:00,25,0.42,17269,United Kingdom
533841,2010-11-19 11:12:00,25,0.42,17269,United Kingdom
533841,2010-11-19 11:12:00,3,2.95,17269,United Kingdom
533841,2010-11-19 11:12:00,1,1.25,17269,United Kingdom
533841,2010-11-19 11:12:00,1,1.65,17269,United Kingdom
533841,2010-11-19 11:12:00,1,1.65,17269,United Kingdom
533841,2010-11-19 11:12:00,2,0.42,17269,United Kingdom
533841,2010-11-19 11:12:00,4,0.85,17269,United Kingdom
533841,2010-11-19 11:12:00,3,1.25,17269,United Kingdom
533841,2010-11-19 11:12:00,1,1.65,17269,United Kingdom
533841,2010-11-19 11:12:00,1,1.45,17269,United Kingdom
533841,2010-11-19 11:12:00,6,0.85,17269,United Kingdom
533841,2010-11-19 11:12:00,1,4.25,17269,United Kingdom
533841,2010-11-19 11:12:00,1,6.35,17269,United Kingdom
533841,2010-11-19 11:12:00,1,0.42,17269,United Kingdom
533841,2010-11-19 11:12:00,1,2.95,17269,United Kingdom
533841,2010-11-19 11:12:00,1,1.95,17269,United Kingdom
533841,2010-11-19 11:12:00,1,3.75,17269,United Kingdom
533841,2010-11-19 11:12:00,1,1.65,17269,United Kingdom
533841,2010-11-19 11:12:00,1,0.55,17269,United Kingdom
533841,2010-11-19 11:12:00,1,3.75,17269,United Kingdom
533841,2010-11-19 11:12:00,6,2.12,17269,United Kingdom
533841,2010-11-19 11:12:00,1,3.95,17269,United Kingdom
533841,2010-11-19 11:12:00,1,15.95,17269,United Kingdom
533841,2010-11-19 11:12:00,1,8.5,17269,United Kingdom
533841,2010-11-19 11:12:00,1,4.95,17269,United Kingdom
533841,2010-11-19 11:12:00,1,4.25,17269,United Kingdom
533841,2010-11-19 11:12:00,1,5.95,17269,United Kingdom
533841,2010-11-19 11:12:00,1,4.95,17269,United Kingdom
533841,2010-11-19 11:12:00,1,4.95,17269,United Kingdom
533841,2010-11-19 11:12:00,2,12.75,17269,United Kingdom
533841,2010-11-19 11:12:00,1,3.75,17269,United Kingdom
533841,2010-11-19 11:12:00,1,3.75,17269,United Kingdom
533841,2010-11-19 11:12:00,2,1.65,17269,United Kingdom
533841,2010-11-19 11:12:00,1,0.42,17269,United Kingdom
533841,2010-11-19 11:12:00,1,2.1,17269,United Kingdom
533841,2010-11-19 11:12:00,1,0.55,17269,United Kingdom
533841,2010-11-19 11:12:00,1,0.85,17269,United Kingdom
533841,2010-11-19 11:12:00,1,2.95,17269,United Kingdom
533841,2010-11-19 11:12:00,3,0.85,17269,United Kingdom
533841,2010-11-19 11:12:00,1,1.65,17269,United Kingdom
533841,2010-11-19 11:12:00,1,0.85,17269,United Kingdom
533841,2010-11-19 11:12:00,1,0.85,17269,United Kingdom
533841,2010-11-19 11:12:00,4,2.1,17269,United Kingdom
533841,2010-11-19 11:12:00,2,3.75,17269,United Kingdom
533841,2010-11-19 11:12:00,1,1.25,17269,United Kingdom
533841,2010-11-19 11:12:00,1,1.25,17269,United Kingdom
533841,2010-11-19 11:12:00,1,1.65,17269,United Kingdom
533841,2010-11-19 11:12:00,6,0.85,17269,United Kingdom
533841,2010-11-19 11:12:00,1,0.55,17269,United Kingdom
533841,2010-11-19 11:12:00,1,0.55,17269,United Kingdom
533841,2010-11-19 11:12:00,2,0.85,17269,United Kingdom
533841,2010-11-19 11:12:00,3,3.75,17269,United Kingdom
533841,2010-11-19 11:12:00,1,1.65,17269,United Kingdom
533841,2010-11-19 11:12:00,1,2.1,17269,United Kingdom
533841,2010-11-19 11:12:00,1,2.1,17269,United Kingdom
533841,2010-11-19 11:12:00,2,2.1,17269,United Kingdom
533841,2010-11-19 11:12:00,7,2.1,17269,United Kingdom
533841,2010-11-19 11:12:00,7,2.1,17269,United Kingdom
533841,2010-11-19 11:12:00,3,1.65,17269,United Kingdom
533841,2010-11-19 11:12:00,3,0.85,17269,United Kingdom
533841,2010-11-19 11:12:00,1,1.65,17269,United Kingdom
533841,2010-11-19 11:12:00,3,1.25,17269,United Kingdom
533841,2010-11-19 11:12:00,1,1.25,17269,United Kingdom
533841,2010-11-19 11:12:00,8,0.85,17269,United Kingdom
533841,2010-11-19 11:12:00,3,5.95,17269,United Kingdom
533841,2010-11-19 11:12:00,1,1.25,17269,United Kingdom
533841,2010-11-19 11:12:00,1,2.1,17269,United Kingdom
533841,2010-11-19 11:12:00,1,2.1,17269,United Kingdom
533841,2010-11-19 11:12:00,1,3.49,17269,United Kingdom
533841,2010-11-19 11:12:00,3,2.95,17269,United Kingdom
533841,2010-11-19 11:12:00,1,1.25,17269,United Kingdom
533841,2010-11-19 11:12:00,1,4.25,17269,United Kingdom
533841,2010-11-19 11:12:00,1,0.42,17269,United Kingdom
533841,2010-11-19 11:12:00,1,0.42,17269,United Kingdom
533841,2010-11-19 11:12:00,1,1.65,17269,United Kingdom
533841,2010-11-19 11:12:00,1,1.65,17269,United Kingdom
533841,2010-11-19 11:12:00,1,1.25,17269,United Kingdom
533841,2010-11-19 11:12:00,1,1.65,17269,United Kingdom
533841,2010-11-19 11:12:00,1,1.25,17269,United Kingdom
533841,2010-11-19 11:12:00,1,3.75,17269,United Kingdom
533841,2010-11-19 11:12:00,1,5.95,17269,United Kingdom
533841,2010-11-19 11:12:00,2,4.95,17269,United Kingdom
533841,2010-11-19 11:12:00,1,1.65,17269,United Kingdom
533841,2010-11-19 11:12:00,2,1.65,17269,United Kingdom
533841,2010-11-19 11:12:00,1,0.55,17269,United Kingdom
533841,2010-11-19 11:12:00,1,2.55,17269,United Kingdom
533841,2010-11-19 11:12:00,1,2.1,17269,United Kingdom
533841,2010-11-19 11:12:00,1,1.95,17269,United Kingdom
533841,2010-11-19 11:12:00,1,0.55,17269,United Kingdom
533841,2010-11-19 11:12:00,1,0.85,17269,United Kingdom
533841,2010-11-19 11:12:00,1,0.42,17269,United Kingdom
533841,2010-11-19 11:12:00,1,1.65,17269,United Kingdom
533841,2010-11-19 11:12:00,1,1.25,17269,United Kingdom
533841,2010-11-19 11:12:00,5,0.85,17269,United Kingdom
533841,2010-11-19 11:12:00,1,1.25,17269,United Kingdom
533841,2010-11-19 11:12:00,1,1.25,17269,United Kingdom
533841,2010-11-19 11:12:00,2,1.25,17269,United Kingdom
533841,2010-11-19 11:12:00,4,0.85,17269,United Kingdom
533841,2010-11-19 11:12:00,6,0.85,17269,United Kingdom
533841,2010-11-19 11:12:00,6,0.85,17269,United Kingdom
533841,2010-11-19 11:12:00,1,3.75,17269,United Kingdom
533841,2010-11-19 11:12:00,2,2.95,17269,United Kingdom
533841,2010-11-19 11:12:00,1,1.25,17269,United Kingdom
533841,2010-11-19 11:12:00,1,5.95,17269,United Kingdom
533841,2010-11-19 11:12:00,2,0.85,17269,United Kingdom
533841,2010-11-19 11:12:00,2,1.25,17269,United Kingdom
533841,2010-11-19 11:12:00,2,0.42,17269,United Kingdom
533841,2010-11-19 11:12:00,1,1.65,17269,United Kingdom
533841,2010-11-19 11:12:00,1,7.95,17269,United Kingdom
533841,2010-11-19 11:12:00,1,3.75,17269,United Kingdom
533841,2010-11-19 11:12:00,2,2.1,17269,United Kingdom
533841,2010-11-19 11:12:00,1,1.65,17269,United Kingdom
533841,2010-11-19 11:12:00,1,1.65,17269,United Kingdom
533841,2010-11-19 11:12:00,1,3.75,17269,United Kingdom
533841,2010-11-19 11:12:00,1,1.65,17269,United Kingdom
533841,2010-11-19 11:12:00,1,2.1,17269,United Kingdom
533841,2010-11-19 11:12:00,1,2.95,17269,United Kingdom
533841,2010-11-19 11:12:00,1,1.65,17269,United Kingdom
533841,2010-11-19 11:12:00,1,0.21,17269,United Kingdom
533841,2010-11-19 11:12:00,1,3.75,17269,United Kingdom
533841,2010-11-19 11:12:00,1,0.85,17269,United Kingdom
533841,2010-11-19 11:12:00,2,2.1,17269,United Kingdom
533841,2010-11-19 11:12:00,1,2.95,17269,United Kingdom
533841,2010-11-19 11:12:00,1,1.25,17269,United Kingdom
533952,2010-11-19 12:42:00,120,0.42,12643,France
533952,2010-11-19 12:42:00,120,0.42,12643,France
533952,2010-11-19 12:42:00,192,1.06,12643,France
533952,2010-11-19 12:42:00,40,2.55,12643,France
533952,2010-11-19 12:42:00,288,2.55,12643,France
533952,2010-11-19 12:42:00,288,1.45,12643,France
533952,2010-11-19 12:42:00,1,165.0,12643,France
533952,2010-11-19 12:42:00,96,1.06,12643,France
534156,2010-11-21 12:38:00,1,50.0,14156,EIRE
534156,2010-11-21 12:38:00,6,2.95,14156,EIRE
534156,2010-11-21 12:38:00,4,4.25,14156,EIRE
534156,2010-11-21 12:38:00,12,3.25,14156,EIRE
534156,2010-11-21 12:38:00,6,2.95,14156,EIRE
534156,2010-11-21 12:38:00,6,2.55,14156,EIRE
534156,2010-11-21 12:38:00,12,2.55,14156,EIRE
534156,2010-11-21 12:38:00,24,0.42,14156,EIRE
534156,2010-11-21 12:38:00,6,3.75,14156,EIRE
534156,2010-11-21 12:38:00,12,2.95,14156,EIRE
534156,2010-11-21 12:38:00,12,2.95,14156,EIRE
534156,2010-11-21 12:38:00,3,4.95,14156,EIRE
534156,2010-11-21 12:38:00,4,4.25,14156,EIRE
534180,2010-11-21 13:51:00,72,0.65,14895,United Kingdom
534180,2010-11-21 13:51:00,6,2.1,14895,United Kingdom
534180,2010-11-21 13:51:00,6,2.55,14895,United Kingdom
534180,2010-11-21 13:51:00,1,0.85,14895,United Kingdom
534180,2010-11-21 13:51:00,6,2.95,14895,United Kingdom
534180,2010-11-21 13:51:00,1,3.75,14895,United Kingdom
534180,2010-11-21 13:51:00,6,2.95,14895,United Kingdom
534180,2010-11-21 13:51:00,20,1.25,14895,United Kingdom
534180,2010-11-21 13:51:00,6,3.75,14895,United Kingdom
534180,2010-11-21 13:51:00,12,1.25,14895,United Kingdom
534180,2010-11-21 13:51:00,2,2.1,14895,United Kingdom
534180,2010-11-21 13:51:00,1,2.1,14895,United Kingdom
534180,2010-11-21 13:51:00,2,2.1,14895,United Kingdom
534180,2010-11-21 13:51:00,1,1.69,14895,United Kingdom
534180,2010-11-21 13:51:00,1,2.1,14895,United Kingdom
534180,2010-11-21 13:51:00,2,1.69,14895,United Kingdom
534180,2010-11-21 13:51:00,2,2.1,14895,United Kingdom
534180,2010-11-21 13:51:00,6,1.95,14895,United Kingdom
534180,2010-11-21 13:51:00,1,0.55,14895,United Kingdom
534180,2010-11-21 13:51:00,1,1.69,14895,United Kingdom
534180,2010-11-21 13:51:00,6,2.1,14895,United Kingdom
534464,2010-11-23 10:02:00,12,1.25,15986,United Kingdom
534464,2010-11-23 10:02:00,6,2.95,15986,United Kingdom
534464,2010-11-23 10:02:00,6,2.95,15986,United Kingdom
534464,2010-11-23 10:02:00,6,2.1,15986,United Kingdom
534464,2010-11-23 10:02:00,4,3.75,15986,United Kingdom
534464,2010-11-23 10:02:00,12,0.85,15986,United Kingdom
534464,2010-11-23 10:02:00,12,1.25,15986,United Kingdom
534464,2010-11-23 10:02:00,12,1.25,15986,United Kingdom
534464,2010-11-23 10:02:00,6,2.95,15986,United Kingdom
534464,2010-11-23 10:02:00,12,2.95,15986,United Kingdom
534464,2010-11-23 10:02:00,12,1.25,15986,United Kingdom
534652,2010-11-23 13:26:00,2,2.95,14170,United Kingdom
534652,2010-11-23 13:26:00,2,1.25,14170,United Kingdom
534652,2010-11-23 13:26:00,1,1.25,14170,United Kingdom
534652,2010-11-23 13:26:00,12,1.45,14170,United Kingdom
534652,2010-11-23 13:26:00,2,0.55,14170,United Kingdom
534652,2010-11-23 13:26:00,2,3.75,14170,United Kingdom
534652,2010-11-23 13:26:00,1,3.75,14170,United Kingdom
534652,2010-11-23 13:26:00,2,2.95,14170,United Kingdom
534652,2010-11-23 13:26:00,2,2.95,14170,United Kingdom
534652,2010-11-23 13:26:00,1,2.95,14170,United Kingdom
534652,2010-11-23 13:26:00,2,2.95,14170,United Kingdom
534652,2010-11-23 13:26:00,2,2.95,14170,United Kingdom
534652,2010-11-23 13:26:00,2,0.55,14170,United Kingdom
534652,2010-11-23 13:26:00,2,1.25,14170,United Kingdom
534652,2010-11-23 13:26:00,1,0.95,14170,United Kingdom
534652,2010-11-23 13:26:00,2,2.55,14170,United Kingdom
534652,2010-11-23 13:26:00,2,5.95,14170,United Kingdom
534652,2010-11-23 13:26:00,1,1.25,14170,United Kingdom
534652,2010-11-23 13:26:00,2,1.65,14170,United Kingdom
534652,2010-11-23 13:26:00,2,0.55,14170,United Kingdom
534652,2010-11-23 13:26:00,2,1.65,14170,United Kingdom
534652,2010-11-23 13:26:00,5,0.55,14170,United Kingdom
534652,2010-11-23 13:26:00,2,2.95,14170,United Kingdom
534652,2010-11-23 13:26:00,2,1.65,14170,United Kingdom
534652,2010-11-23 13:26:00,2,1.65,14170,United Kingdom
534652,2010-11-23 13:26:00,9,1.45,14170,United Kingdom
534652,2010-11-23 13:26:00,2,0.55,14170,United Kingdom
534652,2010-11-23 13:26:00,1,0.95,14170,United Kingdom
534652,2010-11-23 13:26:00,2,0.55,14170,United Kingdom
534652,2010-11-23 13:26:00,1,0.42,14170,United Kingdom
534652,2010-11-23 13:26:00,2,0.55,14170,United Kingdom
534652,2010-11-23 13:26:00,2,0.55,14170,United Kingdom
534652,2010-11-23 13:26:00,2,4.95,14170,United Kingdom
534652,2010-11-23 13:26:00,2,4.95,14170,United Kingdom
534652,2010-11-23 13:26:00,2,1.25,14170,United Kingdom
534652,2010-11-23 13:26:00,1,1.25,14170,United Kingdom
534652,2010-11-23 13:26:00,2,1.25,14170,United Kingdom
534652,2010-11-23 13:26:00,1,1.25,14170,United Kingdom
534652,2010-11-23 13:26:00,1,5.95,14170,United Kingdom
534652,2010-11-23 13:26:00,1,0.42,14170,United Kingdom
534652,2010-11-23 13:26:00,1,2.95,14170,United Kingdom
534652,2010-11-23 13:26:00,1,0.42,14170,United Kingdom
534652,2010-11-23 13:26:00,1,0.85,14170,United Kingdom
534652,2010-11-23 13:26:00,3,0.85,14170,United Kingdom
534652,2010-11-23 13:26:00,1,0.42,14170,United Kingdom
534652,2010-11-23 13:26:00,1,9.95,14170,United Kingdom
534652,2010-11-23 13:26:00,2,4.95,14170,United Kingdom
534652,2010-11-23 13:26:00,3,0.85,14170,United Kingdom
534652,2010-11-23 13:26:00,1,0.85,14170,United Kingdom
534652,2010-11-23 13:26:00,1,4.25,14170,United Kingdom
534652,2010-11-23 13:26:00,2,4.95,14170,United Kingdom
534652,2010-11-23 13:26:00,2,3.95,14170,United Kingdom
534652,2010-11-23 13:26:00,1,1.65,14170,United Kingdom
534652,2010-11-23 13:26:00,1,5.95,14170,United Kingdom
534652,2010-11-23 13:26:00,1,5.95,14170,United Kingdom
534652,2010-11-23 13:26:00,2,3.75,14170,United Kingdom
534652,2010-11-23 13:26:00,1,4.65,14170,United Kingdom
534652,2010-11-23 13:26:00,2,3.75,14170,United Kingdom
534652,2010-11-23 13:26:00,6,1.25,14170,United Kingdom
534652,2010-11-23 13:26:00,3,1.25,14170,United Kingdom
534652,2010-11-23 13:26:00,1,4.95,14170,United Kingdom
534652,2010-11-23 13:26:00,1,2.95,14170,United Kingdom
534652,2010-11-23 13:26:00,1,2.95,14170,United Kingdom
534652,2010-11-23 13:26:00,4,0.85,14170,United Kingdom
534652,2010-11-23 13:26:00,1,1.25,14170,United Kingdom
534652,2010-11-23 13:26:00,1,1.69,14170,United Kingdom
534652,2010-11-23 13:26:00,3,1.25,14170,United Kingdom
534652,2010-11-23 13:26:00,1,4.65,14170,United Kingdom
534652,2010-11-23 13:26:00,1,3.75,14170,United Kingdom
534652,2010-11-23 13:26:00,1,4.25,14170,United Kingdom
534652,2010-11-23 13:26:00,2,3.95,14170,United Kingdom
534652,2010-11-23 13:26:00,1,3.75,14170,United Kingdom
534652,2010-11-23 13:26:00,1,1.69,14170,United Kingdom
534652,2010-11-23 13:26:00,1,4.95,14170,United Kingdom
534726,2010-11-23 18:41:00,16,10.95,14156,EIRE
534870,2010-11-24 14:29:00,1,0.85,17601,United Kingdom
534870,2010-11-24 14:29:00,2,2.55,17601,United Kingdom
534870,2010-11-24 14:29:00,1,1.25,17601,United Kingdom
534870,2010-11-24 14:29:00,1,0.85,17601,United Kingdom
534870,2010-11-24 14:29:00,1,0.42,17601,United Kingdom
534870,2010-11-24 14:29:00,1,0.42,17601,United Kingdom
534870,2010-11-24 14:29:00,1,2.95,17601,United Kingdom
534870,2010-11-24 14:29:00,1,9.95,17601,United Kingdom
534870,2010-11-24 14:29:00,1,2.95,17601,United Kingdom
534870,2010-11-24 14:29:00,20,1.25,17601,United Kingdom
534870,2010-11-24 14:29:00,1,2.95,17601,United Kingdom
534870,2010-11-24 14:29:00,1,1.45,17601,United Kingdom
534870,2010-11-24 14:29:00,1,0.85,17601,United Kingdom
534870,2010-11-24 14:29:00,1,4.95,17601,United Kingdom
534870,2010-11-24 14:29:00,1,1.25,17601,United Kingdom
534870,2010-11-24 14:29:00,1,9.95,17601,United Kingdom
534870,2010-11-24 14:29:00,6,0.85,17601,United Kingdom
534870,2010-11-24 14:29:00,30,1.25,17601,United Kingdom
534870,2010-11-24 14:29:00,1,3.75,17601,United Kingdom
534870,2010-11-24 14:29:00,1,3.75,17601,United Kingdom
534870,2010-11-24 14:29:00,1,1.45,17601,United Kingdom
534870,2010-11-24 14:29:00,1,0.95,17601,United Kingdom
534870,2010-11-24 14:29:00,2,4.95,17601,United Kingdom
534870,2010-11-24 14:29:00,1,2.95,17601,United Kingdom
534870,2010-11-24 14:29:00,1,4.95,17601,United Kingdom
534870,2010-11-24 14:29:00,4,1.25,17601,United Kingdom
534870,2010-11-24 14:29:00,5,1.65,17601,United Kingdom
534870,2010-11-24 14:29:00,1,1.65,17601,United Kingdom
534870,2010-11-24 14:29:00,1,2.1,17601,United Kingdom
534870,2010-11-24 14:29:00,1,2.95,17601,United Kingdom
534870,2010-11-24 14:29:00,1,2.1,17601,United Kingdom
534870,2010-11-24 14:29:00,1,1.65,17601,United Kingdom
534870,2010-11-24 14:29:00,1,0.85,17601,United Kingdom
534870,2010-11-24 14:29:00,1,2.95,17601,United Kingdom
534870,2010-11-24 14:29:00,3,0.85,17601,United Kingdom
534870,2010-11-24 14:29:00,2,1.65,17601,United Kingdom
534870,2010-11-24 14:29:00,1,4.25,17601,United Kingdom
534870,2010-11-24 14:29:00,1,1.25,17601,United Kingdom
534870,2010-11-24 14:29:00,1,2.95,17601,United Kingdom
534870,2010-11-24 14:29:00,1,3.75,17601,United Kingdom
534870,2010-11-24 14:29:00,1,1.65,17601,United Kingdom
534870,2010-11-24 14:29:00,1,1.25,17601,United Kingdom
534870,2010-11-24 14:29:00,1,3.75,17601,United Kingdom
534870,2010-11-24 14:29:00,1,3.75,17601,United Kingdom
534870,2010-11-24 14:29:00,1,1.65,17601,United Kingdom
534870,2010-11-24 14:29:00,1,1.25,17601,United Kingdom
534870,2010-11-24 14:29:00,1,0.42,17601,United Kingdom
534870,2010-11-24 14:29:00,1,1.65,17601,United Kingdom
534870,2010-11-24 14:29:00,1,7.95,17601,United Kingdom
534870,2010-11-24 14:29:00,1,9.95,17601,United Kingdom
534870,2010-11-24 14:29:00,1,1.25,17601,United Kingdom
534870,2010-11-24 14:29:00,1,3.75,17601,United Kingdom
534870,2010-11-24 14:29:00,1,0.85,17601,United Kingdom
534870,2010-11-24 14:29:00,4,0.85,17601,United Kingdom
534870,2010-11-24 14:29:00,12,1.65,17601,United Kingdom
534870,2010-11-24 14:29:00,1,8.5,17601,United Kingdom
534870,2010-11-24 14:29:00,1,0.85,17601,United Kingdom
534870,2010-11-24 14:29:00,2,0.95,17601,United Kingdom
534870,2010-11-24 14:29:00,1,1.45,17601,United Kingdom
534870,2010-11-24 14:29:00,1,0.55,17601,United Kingdom
534870,2010-11-24 14:29:00,30,0.65,17601,United Kingdom
534870,2010-11-24 14:29:00,1,2.95,17601,United Kingdom
534870,2010-11-24 14:29:00,1,0.42,17601,United Kingdom
534870,2010-11-24 14:29:00,2,0.42,17601,United Kingdom
534870,2010-11-24 14:29:00,1,1.25,17601,United Kingdom
534870,2010-11-24 14:29:00,1,4.95,17601,United Kingdom
534870,2010-11-24 14:29:00,20,0.65,17601,United Kingdom
534944,2010-11-24 15:26:00,2,1.95,14623,United Kingdom
534944,2010-11-24 15:26:00,6,2.55,14623,United Kingdom
534944,2010-11-24 15:26:00,5,2.95,14623,United Kingdom
534944,2010-11-24 15:26:00,6,1.25,14623,United Kingdom
534944,2010-11-24 15:26:00,6,2.55,14623,United Kingdom
534944,2010-11-24 15:26:00,1,2.1,14623,United Kingdom
534944,2010-11-24 15:26:00,1,14.95,14623,United Kingdom
534944,2010-11-24 15:26:00,1,7.95,14623,United Kingdom
534944,2010-11-24 15:26:00,4,1.95,14623,United Kingdom
534944,2010-11-24 15:26:00,6,2.55,14623,United Kingdom
534944,2010-11-24 15:26:00,6,0.85,14623,United Kingdom
534944,2010-11-24 15:26:00,3,2.1,14623,United Kingdom
534944,2010-11-24 15:26:00,1,9.95,14623,United Kingdom
534944,2010-11-24 15:26:00,1,5.95,14623,United Kingdom
534944,2010-11-24 15:26:00,1,1.65,14623,United Kingdom
534944,2010-11-24 15:26:00,2,1.65,14623,United Kingdom
534944,2010-11-24 15:26:00,1,6.45,14623,United Kingdom
534944,2010-11-24 15:26:00,6,0.85,14623,United Kingdom
534944,2010-11-24 15:26:00,1,2.95,14623,United Kingdom
534948,2010-11-24 15:31:00,12,1.65,15269,United Kingdom
534948,2010-11-24 15:31:00,9,1.45,15269,United Kingdom
534948,2010-11-24 15:31:00,24,1.45,15269,United Kingdom
534948,2010-11-24 15:31:00,12,1.25,15269,United Kingdom
534948,2010-11-24 15:31:00,12,1.25,15269,United Kingdom
534948,2010-11-24 15:31:00,12,1.25,15269,United Kingdom
534948,2010-11-24 15:31:00,12,2.1,15269,United Kingdom
534948,2010-11-24 15:32:00,3,14.95,15269,United Kingdom
534948,2010-11-24 15:32:00,4,7.95,15269,United Kingdom
534948,2010-11-24 15:32:00,12,1.25,15269,United Kingdom
534948,2010-11-24 15:32:00,4,9.95,15269,United Kingdom
534948,2010-11-24 15:32:00,6,2.95,15269,United Kingdom
534948,2010-11-24 15:32:00,12,1.49,15269,United Kingdom
534948,2010-11-24 15:32:00,12,1.49,15269,United Kingdom
534948,2010-11-24 15:32:00,10,1.25,15269,United Kingdom
535106,2010-11-25 11:07:00,12,5.95,17342,United Kingdom
535106,2010-11-25 11:07:00,4,3.75,17342,United Kingdom
535106,2010-11-25 11:07:00,8,7.65,17342,United Kingdom
535106,2010-11-25 11:07:00,8,8.5,17342,United Kingdom
535106,2010-11-25 11:07:00,1,65.0,17342,United Kingdom
535106,2010-11-25 11:07:00,4,4.95,17342,United Kingdom
535366,2010-11-25 17:42:00,4,5.95,14264,United Kingdom
535366,2010-11-25 17:42:00,1,35.95,14264,United Kingdom
535366,2010-11-25 17:42:00,2,7.95,14264,United Kingdom
535366,2010-11-25 17:42:00,2,7.95,14264,United Kingdom
535366,2010-11-25 17:42:00,2,7.95,14264,United Kingdom
535366,2010-11-25 17:42:00,2,7.95,14264,United Kingdom
535366,2010-11-25 17:42:00,12,1.65,14264,United Kingdom
535366,2010-11-25 17:42:00,4,7.95,14264,United Kingdom
535366,2010-11-25 17:42:00,12,2.95,14264,United Kingdom
535366,2010-11-25 17:42:00,12,1.25,14264,United Kingdom
535366,2010-11-25 17:42:00,6,2.1,14264,United Kingdom
535366,2010-11-25 17:42:00,12,1.65,14264,United Kingdom
535366,2010-11-25 17:42:00,8,2.95,14264,United Kingdom
535366,2010-11-25 17:42:00,2,10.75,14264,United Kingdom
535366,2010-11-25 17:42:00,24,1.25,14264,United Kingdom
535381,2010-11-25 19:16:00,12,1.25,14713,United Kingdom
535381,2010-11-25 19:16:00,8,1.25,14713,United Kingdom
535381,2010-11-25 19:16:00,3,1.25,14713,United Kingdom
535381,2010-11-25 19:16:00,4,2.55,14713,United Kingdom
535381,2010-11-25 19:16:00,12,0.85,14713,United Kingdom
535381,2010-11-25 19:16:00,1,3.75,14713,United Kingdom
535381,2010-11-25 19:16:00,3,2.1,14713,United Kingdom
535381,2010-11-25 19:16:00,1,4.95,14713,United Kingdom
535381,2010-11-25 19:16:00,6,2.1,14713,United Kingdom
535381,2010-11-25 19:16:00,24,2.1,14713,United Kingdom
535381,2010-11-25 19:16:00,6,1.95,14713,United Kingdom
535381,2010-11-25 19:16:00,2,2.55,14713,United Kingdom
535381,2010-11-25 19:16:00,1,3.75,14713,United Kingdom
535381,2010-11-25 19:16:00,2,2.55,14713,United Kingdom
535381,2010-11-25 19:16:00,2,2.1,14713,United Kingdom
535381,2010-11-25 19:16:00,3,1.65,14713,United Kingdom
535381,2010-11-25 19:16:00,3,0.85,14713,United Kingdom
535381,2010-11-25 19:16:00,6,2.95,14713,United Kingdom
535381,2010-11-25 19:16:00,6,1.65,14713,United Kingdom
535381,2010-11-25 19:16:00,3,1.25,14713,United Kingdom
535381,2010-11-25 19:16:00,6,0.42,14713,United Kingdom
535381,2010-11-25 19:16:00,3,0.42,14713,United Kingdom
535381,2010-11-25 19:16:00,6,1.65,14713,United Kingdom
535381,2010-11-25 19:16:00,6,0.85,14713,United Kingdom
535381,2010-11-25 19:16:00,2,4.95,14713,United Kingdom
535381,2010-11-25 19:16:00,4,6.45,14713,United Kingdom
535381,2010-11-25 19:16:00,6,1.95,14713,United Kingdom
535381,2010-11-25 19:16:00,6,0.85,14713,United Kingdom
535381,2010-11-25 19:16:00,2,1.95,14713,United Kingdom
535391,2010-11-26 10:14:00,4,3.75,14156,EIRE
535391,2010-11-26 10:14:00,2,9.95,14156,EIRE
535391,2010-11-26 10:14:00,2,9.95,14156,EIRE
535391,2010-11-26 10:14:00,6,2.95,14156,EIRE
535391,2010-11-26 10:14:00,6,2.95,14156,EIRE
535391,2010-11-26 10:14:00,6,2.1,14156,EIRE
535391,2010-11-26 10:14:00,12,2.1,14156,EIRE
535391,2010-11-26 10:14:00,4,3.95,14156,EIRE
535391,2010-11-26 10:14:00,6,4.95,14156,EIRE
535391,2010-11-26 10:14:00,8,4.65,14156,EIRE
535391,2010-11-26 10:14:00,6,6.75,14156,EIRE
535391,2010-11-26 10:14:00,6,2.95,14156,EIRE
535391,2010-11-26 10:14:00,12,2.1,14156,EIRE
535391,2010-11-26 10:14:00,6,4.95,14156,EIRE
535391,2010-11-26 10:14:00,3,5.95,14156,EIRE
535391,2010-11-26 10:14:00,6,2.1,14156,EIRE
535391,2010-11-26 10:14:00,3,5.95,14156,EIRE
535391,2010-11-26 10:14:00,24,2.1,14156,EIRE
535391,2010-11-26 10:14:00,24,2.1,14156,EIRE
535391,2010-11-26 10:14:00,8,3.75,14156,EIRE
535391,2010-11-26 10:14:00,12,0.85,14156,EIRE
535391,2010-11-26 10:14:00,12,2.95,14156,EIRE
535391,2010-11-26 10:14:00,3,5.95,14156,EIRE
535391,2010-11-26 10:14:00,12,3.75,14156,EIRE
535391,2010-11-26 10:14:00,24,0.85,14156,EIRE
535391,2010-11-26 10:14:00,24,0.75,14156,EIRE
535391,2010-11-26 10:14:00,4,3.75,14156,EIRE
535391,2010-11-26 10:14:00,4,3.75,14156,EIRE
535391,2010-11-26 10:14:00,12,2.95,14156,EIRE
535391,2010-11-26 10:14:00,10,1.95,14156,EIRE
535391,2010-11-26 10:14:00,12,1.25,14156,EIRE
535573,2010-11-26 15:36:00,8,5.45,16168,United Kingdom
535573,2010-11-26 15:36:00,12,0.85,16168,United Kingdom
535573,2010-11-26 15:36:00,6,2.95,16168,United Kingdom
535573,2010-11-26 15:36:00,2,5.95,16168,United Kingdom
535912,2010-11-29 11:26:00,48,2.75,16191,United Kingdom
535912,2010-11-29 11:26:00,144,1.85,16191,United Kingdom
535912,2010-11-29 11:26:00,144,1.85,16191,United Kingdom
535912,2010-11-29 11:26:00,24,4.25,16191,United Kingdom
535912,2010-11-29 11:26:00,36,3.39,16191,United Kingdom
535912,2010-11-29 11:26:00,36,3.39,16191,United Kingdom
535912,2010-11-29 11:26:00,36,4.25,16191,United Kingdom
535937,2010-11-29 11:45:00,36,4.25,16191,United Kingdom
535937,2010-11-29 11:45:00,36,3.39,16191,United Kingdom
535937,2010-11-29 11:45:00,36,3.39,16191,United Kingdom
535937,2010-11-29 11:45:00,144,1.85,16191,United Kingdom
535937,2010-11-29 11:45:00,144,1.85,16191,United Kingdom
535937,2010-11-29 11:45:00,24,4.25,16191,United Kingdom
535982,2010-11-29 13:10:00,4,2.95,14170,United Kingdom
535982,2010-11-29 13:10:00,1,8.95,14170,United Kingdom
535982,2010-11-29 13:10:00,1,8.95,14170,United Kingdom
535982,2010-11-29 13:10:00,1,8.95,14170,United Kingdom
535982,2010-11-29 13:10:00,2,2.95,14170,United Kingdom
535982,2010-11-29 13:10:00,2,7.95,14170,United Kingdom
535982,2010-11-29 13:10:00,1,12.75,14170,United Kingdom
535982,2010-11-29 13:10:00,2,18.95,14170,United Kingdom
535982,2010-11-29 13:10:00,3,3.75,14170,United Kingdom
536593,2010-12-01 17:15:00,6,3.75,16835,United Kingdom
536593,2010-12-01 17:15:00,6,2.1,16835,United Kingdom
536593,2010-12-01 17:15:00,3,4.95,16835,United Kingdom
536593,2010-12-01 17:15:00,6,3.75,16835,United Kingdom
536593,2010-12-01 17:15:00,2,7.95,16835,United Kingdom
536593,2010-12-01 17:15:00,6,2.1,16835,United Kingdom
536593,2010-12-01 17:15:00,2,7.95,16835,United Kingdom
536593,2010-12-01 17:15:00,2,7.95,16835,United Kingdom
536593,2010-12-01 17:15:00,3,4.95,16835,United Kingdom
536593,2010-12-01 17:15:00,2,7.95,16835,United Kingdom
536595,2010-12-01 17:24:00,2,3.75,13576,United Kingdom
536595,2010-12-01 17:24:00,1,1.25,13576,United Kingdom
536595,2010-12-01 17:24:00,1,2.25,13576,United Kingdom
536595,2010-12-01 17:24:00,1,5.95,13576,United Kingdom
536595,2010-12-01 17:24:00,5,2.1,13576,United Kingdom
536595,2010-12-01 17:24:00,5,1.65,13576,United Kingdom
536595,2010-12-01 17:24:00,4,5.95,13576,United Kingdom
536595,2010-12-01 17:24:00,24,2.55,13576,United Kingdom
536595,2010-12-01 17:24:00,60,3.39,13576,United Kingdom
536595,2010-12-01 17:24:00,1,1.25,13576,United Kingdom
536595,2010-12-01 17:24:00,4,5.95,13576,United Kingdom
536595,2010-12-01 17:24:00,60,3.39,13576,United Kingdom
536595,2010-12-01 17:24:00,4,5.95,13576,United Kingdom
536595,2010-12-01 17:24:00,4,5.95,13576,United Kingdom
536595,2010-12-01 17:24:00,5,1.65,13576,United Kingdom
536595,2010-12-01 17:24:00,5,2.1,13576,United Kingdom
536595,2010-12-01 17:24:00,1,5.95,13576,United Kingdom
536595,2010-12-01 17:24:00,1,2.25,13576,United Kingdom
536595,2010-12-01 17:24:00,1,1.25,13576,United Kingdom
536595,2010-12-01 17:24:00,2,3.75,13576,United Kingdom
536595,2010-12-01 17:24:00,1,1.25,13576,United Kingdom
536595,2010-12-01 17:24:00,24,2.55,13576,United Kingdom
536759,2010-12-02 14:26:00,4,7.95,16781,United Kingdom
536759,2010-12-02 14:26:00,3,6.45,16781,United Kingdom
536759,2010-12-02 14:26:00,12,1.65,16781,United Kingdom
536759,2010-12-02 14:26:00,24,1.25,16781,United Kingdom
536759,2010-12-02 14:26:00,24,1.25,16781,United Kingdom
536759,2010-12-02 14:26:00,2,7.95,16781,United Kingdom
536759,2010-12-02 14:26:00,12,1.65,16781,United Kingdom
536759,2010-12-02 14:26:00,1,14.95,16781,United Kingdom
536759,2010-12-02 14:26:00,2,7.95,16781,United Kingdom
536759,2010-12-02 14:26:00,6,2.95,16781,United Kingdom
536759,2010-12-02 14:26:00,12,1.65,16781,United Kingdom
536759,2010-12-02 14:26:00,6,2.95,16781,United Kingdom
536759,2010-12-02 14:26:00,6,2.55,16781,United Kingdom
536759,2010-12-02 14:26:00,12,0.85,16781,United Kingdom
536759,2010-12-02 14:26:00,2,5.95,16781,United Kingdom
536759,2010-12-02 14:26:00,2,7.95,16781,United Kingdom
536759,2010-12-02 14:26:00,12,1.65,16781,United Kingdom
536759,2010-12-02 14:26:00,3,6.75,16781,United Kingdom
536759,2010-12-02 14:26:00,4,3.75,16781,United Kingdom
536759,2010-12-02 14:26:00,3,6.45,16781,United Kingdom
536759,2010-12-02 14:26:00,4,7.95,16781,United Kingdom
536759,2010-12-02 14:26:00,2,7.95,16781,United Kingdom
536759,2010-12-02 14:26:00,4,3.75,16781,United Kingdom
536759,2010-12-02 14:26:00,2,7.95,16781,United Kingdom
536759,2010-12-02 14:26:00,6,2.95,16781,United Kingdom
536759,2010-12-02 14:26:00,12,1.65,16781,United Kingdom
536759,2010-12-02 14:26:00,6,2.95,16781,United Kingdom
536759,2010-12-02 14:26:00,6,2.55,16781,United Kingdom
536759,2010-12-02 14:26:00,1,14.95,16781,United Kingdom
536759,2010-12-02 14:26:00,12,0.85,16781,United Kingdom
536759,2010-12-02 14:26:00,2,5.95,16781,United Kingdom
536759,2010-12-02 14:26:00,2,7.95,16781,United Kingdom
536759,2010-12-02 14:26:00,3,6.75,16781,United Kingdom
536759,2010-12-02 14:26:00,12,1.65,16781,United Kingdom
536890,2010-12-03 11:48:00,36,0.85,14156,EIRE
536890,2010-12-03 11:48:00,1440,0.16,14156,EIRE
536890,2010-12-03 11:48:00,72,0.85,14156,EIRE
536890,2010-12-03 11:48:00,36,0.85,14156,EIRE
536890,2010-12-03 11:48:00,1440,0.16,14156,EIRE
536890,2010-12-03 11:48:00,72,0.85,14156,EIRE
537045,2010-12-05 10:54:00,1,4.95,15038,United Kingdom
537045,2010-12-05 10:54:00,1,4.95,15038,United Kingdom
537045,2010-12-05 10:54:00,1,2.55,15038,United Kingdom
537045,2010-12-05 10:54:00,1,2.55,15038,United Kingdom
537045,2010-12-05 10:54:00,1,2.1,15038,United Kingdom
537045,2010-12-05 10:54:00,2,2.1,15038,United Kingdom
537045,2010-12-05 10:54:00,1,1.69,15038,United Kingdom
537045,2010-12-05 10:54:00,1,1.95,15038,United Kingdom
537045,2010-12-05 10:54:00,2,1.95,15038,United Kingdom
537045,2010-12-05 10:54:00,1,2.55,15038,United Kingdom
537045,2010-12-05 10:54:00,2,4.25,15038,United Kingdom
537045,2010-12-05 10:54:00,3,2.1,15038,United Kingdom
537045,2010-12-05 10:54:00,2,4.25,15038,United Kingdom
537045,2010-12-05 10:54:00,1,8.95,15038,United Kingdom
537045,2010-12-05 10:54:00,1,4.25,15038,United Kingdom
537045,2010-12-05 10:54:00,1,2.95,15038,United Kingdom
537045,2010-12-05 10:54:00,1,4.25,15038,United Kingdom
537045,2010-12-05 10:54:00,1,4.25,15038,United Kingdom
537045,2010-12-05 10:54:00,1,1.65,15038,United Kingdom
537045,2010-12-05 10:54:00,2,1.25,15038,United Kingdom
537045,2010-12-05 10:54:00,1,1.65,15038,United Kingdom
537045,2010-12-05 10:54:00,1,3.75,15038,United Kingdom
537045,2010-12-05 10:54:00,1,2.95,15038,United Kingdom
537045,2010-12-05 10:54:00,1,4.25,15038,United Kingdom
537045,2010-12-05 10:54:00,1,8.95,15038,United Kingdom
537045,2010-12-05 10:54:00,1,1.69,15038,United Kingdom
537045,2010-12-05 10:54:00,1,4.25,15038,United Kingdom
537045,2010-12-05 10:54:00,4,0.85,15038,United Kingdom
537045,2010-12-05 10:54:00,1,2.1,15038,United Kingdom
537045,2010-12-05 10:54:00,1,1.65,15038,United Kingdom
537045,2010-12-05 10:54:00,1,1.65,15038,United Kingdom
537045,2010-12-05 10:54:00,4,0.85,15038,United Kingdom
537045,2010-12-05 10:54:00,1,1.69,15038,United Kingdom
537045,2010-12-05 10:54:00,1,2.1,15038,United Kingdom
537045,2010-12-05 10:54:00,1,2.55,15038,United Kingdom
537045,2010-12-05 10:54:00,2,2.1,15038,United Kingdom
537045,2010-12-05 10:54:00,2,1.95,15038,United Kingdom
537045,2010-12-05 10:54:00,1,1.65,15038,United Kingdom
537045,2010-12-05 10:54:00,1,1.69,15038,United Kingdom
537045,2010-12-05 10:54:00,3,2.1,15038,United Kingdom
537045,2010-12-05 10:54:00,1,2.1,15038,United Kingdom
537045,2010-12-05 10:54:00,1,2.55,15038,United Kingdom
537045,2010-12-05 10:54:00,1,2.55,15038,United Kingdom
537045,2010-12-05 10:54:00,1,4.95,15038,United Kingdom
537045,2010-12-05 10:54:00,1,1.65,15038,United Kingdom
537045,2010-12-05 10:54:00,1,4.95,15038,United Kingdom
537045,2010-12-05 10:54:00,2,4.25,15038,United Kingdom
537045,2010-12-05 10:54:00,1,4.25,15038,United Kingdom
537045,2010-12-05 10:54:00,1,4.25,15038,United Kingdom
537045,2010-12-05 10:54:00,1,2.95,15038,United Kingdom
537045,2010-12-05 10:54:00,1,4.25,15038,United Kingdom
537045,2010-12-05 10:54:00,1,4.25,15038,United Kingdom
537045,2010-12-05 10:54:00,1,1.65,15038,United Kingdom
537045,2010-12-05 10:54:00,2,1.25,15038,United Kingdom
537045,2010-12-05 10:54:00,1,1.65,15038,United Kingdom
537045,2010-12-05 10:54:00,1,3.75,15038,United Kingdom
537045,2010-12-05 10:54:00,1,8.95,15038,United Kingdom
537045,2010-12-05 10:54:00,1,2.95,15038,United Kingdom
537045,2010-12-05 10:54:00,1,4.25,15038,United Kingdom
537045,2010-12-05 10:54:00,1,8.95,15038,United Kingdom
537045,2010-12-05 10:54:00,2,4.25,15038,United Kingdom
537045,2010-12-05 10:54:00,1,1.25,15038,United Kingdom
537045,2010-12-05 10:54:00,1,1.95,15038,United Kingdom
537045,2010-12-05 10:54:00,1,1.65,15038,United Kingdom
537045,2010-12-05 10:54:00,2,1.25,15038,United Kingdom
537045,2010-12-05 10:54:00,1,1.25,15038,United Kingdom
537045,2010-12-05 10:54:00,1,1.25,15038,United Kingdom
537045,2010-12-05 10:54:00,1,1.65,15038,United Kingdom
537045,2010-12-05 10:54:00,2,1.25,15038,United Kingdom
537045,2010-12-05 10:54:00,1,1.25,15038,United Kingdom
537053,2010-12-05 11:38:00,2,5.95,16168,United Kingdom
537053,2010-12-05 11:38:00,120,2.1,16168,United Kingdom
537053,2010-12-05 11:38:00,2,5.95,16168,United Kingdom
537053,2010-12-05 11:38:00,2,5.95,16168,United Kingdom
537053,2010-12-05 11:38:00,120,2.1,16168,United Kingdom
537053,2010-12-05 11:38:00,2,5.95,16168,United Kingdom
537334,2010-12-06 12:06:00,1,2.55,16719,United Kingdom
537334,2010-12-06 12:06:00,1,2.55,16719,United Kingdom
537334,2010-12-06 12:06:00,3,2.1,16719,United Kingdom
537334,2010-12-06 12:06:00,2,1.65,16719,United Kingdom
537334,2010-12-06 12:06:00,2,2.95,16719,United Kingdom
537334,2010-12-06 12:06:00,4,2.95,16719,United Kingdom
537334,2010-12-06 12:06:00,25,0.42,16719,United Kingdom
537334,2010-12-06 12:06:00,1,3.75,16719,United Kingdom
537334,2010-12-06 12:06:00,4,6.75,16719,United Kingdom
537334,2010-12-06 12:06:00,1,6.75,16719,United Kingdom
537334,2010-12-06 12:06:00,1,8.5,16719,United Kingdom
537334,2010-12-06 12:06:00,2,8.5,16719,United Kingdom
537334,2010-12-06 12:06:00,1,7.95,16719,United Kingdom
537334,2010-12-06 12:06:00,1,7.95,16719,United Kingdom
537334,2010-12-06 12:06:00,1,4.25,16719,United Kingdom
537334,2010-12-06 12:06:00,3,2.55,16719,United Kingdom
537334,2010-12-06 12:06:00,1,2.95,16719,United Kingdom
537334,2010-12-06 12:06:00,1,8.5,16719,United Kingdom
537334,2010-12-06 12:06:00,1,2.1,16719,United Kingdom
537334,2010-12-06 12:06:00,2,0.65,16719,United Kingdom
537334,2010-12-06 12:06:00,1,4.25,16719,United Kingdom
537334,2010-12-06 12:06:00,2,9.95,16719,United Kingdom
537334,2010-12-06 12:06:00,2,1.25,16719,United Kingdom
537334,2010-12-06 12:06:00,2,12.75,16719,United Kingdom
537334,2010-12-06 12:06:00,24,0.42,16719,United Kingdom
537334,2010-12-06 12:06:00,1,9.95,16719,United Kingdom
537334,2010-12-06 12:06:00,1,12.75,16719,United Kingdom
537334,2010-12-06 12:06:00,3,3.75,16719,United Kingdom
537334,2010-12-06 12:06:00,6,2.95,16719,United Kingdom
537334,2010-12-06 12:06:00,6,3.75,16719,United Kingdom
537334,2010-12-06 12:06:00,2,3.75,16719,United Kingdom
537334,2010-12-06 12:06:00,3,2.1,16719,United Kingdom
537334,2010-12-06 12:06:00,2,3.75,16719,United Kingdom
537334,2010-12-06 12:06:00,2,3.95,16719,United Kingdom
537334,2010-12-06 12:06:00,2,1.65,16719,United Kingdom
537334,2010-12-06 12:06:00,4,1.25,16719,United Kingdom
537334,2010-12-06 12:06:00,9,3.75,16719,United Kingdom
537334,2010-12-06 12:06:00,1,2.1,16719,United Kingdom
537334,2010-12-06 12:06:00,2,12.75,16719,United Kingdom
537334,2010-12-06 12:06:00,2,2.1,16719,United Kingdom
537334,2010-12-06 12:06:00,1,2.55,16719,United Kingdom
537334,2010-12-06 12:06:00,3,2.1,16719,United Kingdom
537334,2010-12-06 12:06:00,2,1.65,16719,United Kingdom
537334,2010-12-06 12:06:00,2,2.95,16719,United Kingdom
537334,2010-12-06 12:06:00,4,2.95,16719,United Kingdom
537334,2010-12-06 12:06:00,25,0.42,16719,United Kingdom
537334,2010-12-06 12:06:00,1,8.5,16719,United Kingdom
537334,2010-12-06 12:06:00,1,2.95,16719,United Kingdom
537334,2010-12-06 12:06:00,4,6.75,16719,United Kingdom
537334,2010-12-06 12:06:00,1,6.75,16719,United Kingdom
537334,2010-12-06 12:06:00,1,8.5,16719,United Kingdom
537334,2010-12-06 12:06:00,2,8.5,16719,United Kingdom
537334,2010-12-06 12:06:00,1,7.95,16719,United Kingdom
537334,2010-12-06 12:06:00,1,7.95,16719,United Kingdom
537334,2010-12-06 12:06:00,1,4.25,16719,United Kingdom
537334,2010-12-06 12:06:00,3,2.55,16719,United Kingdom
537334,2010-12-06 12:06:00,1,2.1,16719,United Kingdom
537334,2010-12-06 12:06:00,1,2.1,16719,United Kingdom
537334,2010-12-06 12:06:00,2,2.1,16719,United Kingdom
537334,2010-12-06 12:06:00,2,2.1,16719,United Kingdom
537334,2010-12-06 12:06:00,5,4.95,16719,United Kingdom
537334,2010-12-06 12:06:00,2,0.95,16719,United Kingdom
537334,2010-12-06 12:06:00,2,2.1,16719,United Kingdom
537334,2010-12-06 12:06:00,3,2.1,16719,United Kingdom
537334,2010-12-06 12:06:00,2,12.75,16719,United Kingdom
537334,2010-12-06 12:06:00,1,2.55,16719,United Kingdom
537334,2010-12-06 12:06:00,2,5.95,16719,United Kingdom
537334,2010-12-06 12:06:00,5,4.95,16719,United Kingdom
537334,2010-12-06 12:06:00,2,0.95,16719,United Kingdom
537334,2010-12-06 12:06:00,2,3.75,16719,United Kingdom
537334,2010-12-06 12:06:00,2,3.75,16719,United Kingdom
537334,2010-12-06 12:06:00,6,3.75,16719,United Kingdom
537334,2010-12-06 12:06:00,9,3.75,16719,United Kingdom
537334,2010-12-06 12:06:00,2,5.95,16719,United Kingdom
537334,2010-12-06 12:06:00,1,12.75,16719,United Kingdom
537334,2010-12-06 12:06:00,1,9.95,16719,United Kingdom
537334,2010-12-06 12:06:00,24,0.42,16719,United Kingdom
537334,2010-12-06 12:06:00,6,2.95,16719,United Kingdom
537334,2010-12-06 12:06:00,2,1.25,16719,United Kingdom
537334,2010-12-06 12:06:00,2,9.95,16719,United Kingdom
537334,2010-12-06 12:06:00,1,4.25,16719,United Kingdom
537334,2010-12-06 12:06:00,1,3.75,16719,United Kingdom
537334,2010-12-06 12:06:00,3,3.75,16719,United Kingdom
537334,2010-12-06 12:06:00,2,3.95,16719,United Kingdom
537334,2010-12-06 12:06:00,2,1.65,16719,United Kingdom
537334,2010-12-06 12:06:00,4,1.25,16719,United Kingdom
537334,2010-12-06 12:06:00,2,0.65,16719,United Kingdom
537334,2010-12-06 12:06:00,2,12.75,16719,United Kingdom
537636,2010-12-07 15:20:00,12,5.95,16950,United Kingdom
537636,2010-12-07 15:20:00,4,14.95,16950,United Kingdom
537636,2010-12-07 15:20:00,4,14.95,16950,United Kingdom
537636,2010-12-07 15:20:00,16,2.55,16950,United Kingdom
537636,2010-12-07 15:20:00,12,5.95,16950,United Kingdom
537636,2010-12-07 15:20:00,16,2.55,16950,United Kingdom
537754,2010-12-08 11:16:00,1,4.95,16081,United Kingdom
537754,2010-12-08 11:16:00,4,2.95,16081,United Kingdom
537754,2010-12-08 11:16:00,2,9.95,16081,United Kingdom
537754,2010-12-08 11:16:00,6,2.55,16081,United Kingdom
537754,2010-12-08 11:16:00,1,8.5,16081,United Kingdom
537754,2010-12-08 11:16:00,1,5.95,16081,United Kingdom
537754,2010-12-08 11:16:00,2,3.75,16081,United Kingdom
537754,2010-12-08 11:16:00,2,4.95,16081,United Kingdom
537754,2010-12-08 11:16:00,6,2.55,16081,United Kingdom
537754,2010-12-08 11:16:00,4,0.85,16081,United Kingdom
537754,2010-12-08 11:16:00,1,3.75,16081,United Kingdom
537754,2010-12-08 11:16:00,2,1.45,16081,United Kingdom
537754,2010-12-08 11:16:00,1,1.25,16081,United Kingdom
537754,2010-12-08 11:16:00,4,1.45,16081,United Kingdom
537754,2010-12-08 11:16:00,2,4.95,16081,United Kingdom
537754,2010-12-08 11:16:00,1,3.75,16081,United Kingdom
537754,2010-12-08 11:16:00,4,1.25,16081,United Kingdom
537754,2010-12-08 11:16:00,1,2.95,16081,United Kingdom
537754,2010-12-08 11:16:00,1,8.5,16081,United Kingdom
537754,2010-12-08 11:16:00,1,2.95,16081,United Kingdom
537754,2010-12-08 11:16:00,1,5.95,16081,United Kingdom
537754,2010-12-08 11:16:00,3,2.95,16081,United Kingdom
537754,2010-12-08 11:16:00,6,2.55,16081,United Kingdom
537754,2010-12-08 11:16:00,1,4.95,16081,United Kingdom
537754,2010-12-08 11:16:00,2,9.95,16081,United Kingdom
537754,2010-12-08 11:16:00,4,2.95,16081,United Kingdom
537754,2010-12-08 11:16:00,2,2.55,16081,United Kingdom
537754,2010-12-08 11:16:00,3,2.95,16081,United Kingdom
537754,2010-12-08 11:16:00,2,1.45,16081,United Kingdom
537754,2010-12-08 11:16:00,2,1.45,16081,United Kingdom
537754,2010-12-08 11:16:00,1,2.95,16081,United Kingdom
537754,2010-12-08 11:16:00,1,2.95,16081,United Kingdom
537754,2010-12-08 11:16:00,2,2.55,16081,United Kingdom
537754,2010-12-08 11:16:00,4,1.25,16081,United Kingdom
537754,2010-12-08 11:16:00,2,4.95,16081,United Kingdom
537754,2010-12-08 11:16:00,4,1.45,16081,United Kingdom
537754,2010-12-08 11:16:00,1,1.25,16081,United Kingdom
537754,2010-12-08 11:16:00,2,1.45,16081,United Kingdom
537754,2010-12-08 11:16:00,1,3.75,16081,United Kingdom
537754,2010-12-08 11:16:00,4,0.85,16081,United Kingdom
537754,2010-12-08 11:16:00,6,2.55,16081,United Kingdom
537754,2010-12-08 11:16:00,1,3.75,16081,United Kingdom
537754,2010-12-08 11:16:00,2,3.75,16081,United Kingdom
537754,2010-12-08 11:16:00,2,4.95,16081,United Kingdom
537815,2010-12-08 13:49:00,8,4.95,17676,United Kingdom
537815,2010-12-08 13:49:00,12,2.1,17676,United Kingdom
537815,2010-12-08 13:49:00,4,3.75,17676,United Kingdom
537815,2010-12-08 13:49:00,6,2.95,17676,United Kingdom
537815,2010-12-08 13:49:00,4,3.75,17676,United Kingdom
537815,2010-12-08 13:49:00,24,1.25,17676,United Kingdom
537815,2010-12-08 13:49:00,12,1.25,17676,United Kingdom
537815,2010-12-08 13:49:00,10,0.85,17676,United Kingdom
537815,2010-12-08 13:49:00,10,1.65,17676,United Kingdom
537815,2010-12-08 13:49:00,8,1.95,17676,United Kingdom
537815,2010-12-08 13:49:00,24,0.85,17676,United Kingdom
537815,2010-12-08 13:49:00,8,1.95,17676,United Kingdom
537815,2010-12-08 13:49:00,12,2.95,17676,United Kingdom
537815,2010-12-08 13:49:00,8,1.95,17676,United Kingdom
537815,2010-12-08 13:49:00,8,1.95,17676,United Kingdom
537815,2010-12-08 13:49:00,24,1.25,17676,United Kingdom
537815,2010-12-08 13:49:00,8,1.95,17676,United Kingdom
537815,2010-12-08 13:49:00,8,1.95,17676,United Kingdom
537815,2010-12-08 13:49:00,8,1.95,17676,United Kingdom
537815,2010-12-08 13:49:00,12,2.1,17676,United Kingdom
537815,2010-12-08 13:49:00,4,3.75,17676,United Kingdom
537815,2010-12-08 13:49:00,10,0.85,17676,United Kingdom
537815,2010-12-08 13:49:00,6,2.95,17676,United Kingdom
537815,2010-12-08 13:49:00,4,3.75,17676,United Kingdom
537815,2010-12-08 13:49:00,10,1.65,17676,United Kingdom
537815,2010-12-08 13:49:00,12,1.25,17676,United Kingdom
537815,2010-12-08 13:49:00,24,0.85,17676,United Kingdom
537815,2010-12-08 13:49:00,12,2.95,17676,United Kingdom
537815,2010-12-08 13:49:00,8,4.95,17676,United Kingdom
537815,2010-12-08 13:49:00,8,1.95,17676,United Kingdom
538145,2010-12-09 16:08:00,12,1.25,15211,United Kingdom
538145,2010-12-09 16:08:00,6,2.95,15211,United Kingdom
538145,2010-12-09 16:08:00,2,8.5,15211,United Kingdom
538145,2010-12-09 16:08:00,6,2.95,15211,United Kingdom
538145,2010-12-09 16:08:00,6,2.95,15211,United Kingdom
538145,2010-12-09 16:08:00,6,2.95,15211,United Kingdom
538145,2010-12-09 16:08:00,2,8.5,15211,United Kingdom
538145,2010-12-09 16:08:00,6,2.95,15211,United Kingdom
538145,2010-12-09 16:08:00,6,2.55,15211,United Kingdom
538145,2010-12-09 16:08:00,12,2.95,15211,United Kingdom
538145,2010-12-09 16:08:00,6,2.1,15211,United Kingdom
538145,2010-12-09 16:08:00,6,2.1,15211,United Kingdom
538145,2010-12-09 16:08:00,6,2.1,15211,United Kingdom
538145,2010-12-09 16:08:00,1,12.75,15211,United Kingdom
538145,2010-12-09 16:08:00,2,12.75,15211,United Kingdom
538145,2010-12-09 16:08:00,1,14.95,15211,United Kingdom
538145,2010-12-09 16:08:00,2,5.95,15211,United Kingdom
538145,2010-12-09 16:08:00,2,5.95,15211,United Kingdom
538145,2010-12-09 16:08:00,4,4.65,15211,United Kingdom
538145,2010-12-09 16:08:00,4,4.65,15211,United Kingdom
538145,2010-12-09 16:08:00,6,2.55,15211,United Kingdom
538145,2010-12-09 16:08:00,3,4.95,15211,United Kingdom
538145,2010-12-09 16:08:00,12,1.25,15211,United Kingdom
538145,2010-12-09 16:08:00,2,9.95,15211,United Kingdom
538145,2010-12-09 16:08:00,1,14.95,15211,United Kingdom
538145,2010-12-09 16:08:00,2,5.95,15211,United Kingdom
538145,2010-12-09 16:08:00,2,9.95,15211,United Kingdom
538145,2010-12-09 16:08:00,8,1.69,15211,United Kingdom
538145,2010-12-09 16:08:00,3,4.95,15211,United Kingdom
538145,2010-12-09 16:08:00,12,1.65,15211,United Kingdom
538145,2010-12-09 16:08:00,8,1.69,15211,United Kingdom
538145,2010-12-09 16:08:00,12,1.65,15211,United Kingdom
538145,2010-12-09 16:08:00,6,2.55,15211,United Kingdom
538145,2010-12-09 16:08:00,12,2.95,15211,United Kingdom
538145,2010-12-09 16:08:00,6,2.1,15211,United Kingdom
538145,2010-12-09 16:08:00,6,2.1,15211,United Kingdom
538145,2010-12-09 16:08:00,6,2.1,15211,United Kingdom
538145,2010-12-09 16:08:00,6,2.95,15211,United Kingdom
538145,2010-12-09 16:08:00,2,12.75,15211,United Kingdom
538145,2010-12-09 16:08:00,2,5.95,15211,United Kingdom
538145,2010-12-09 16:08:00,2,5.95,15211,United Kingdom
538145,2010-12-09 16:08:00,2,5.95,15211,United Kingdom
538145,2010-12-09 16:08:00,4,4.65,15211,United Kingdom
538145,2010-12-09 16:08:00,4,4.65,15211,United Kingdom
538145,2010-12-09 16:08:00,1,12.75,15211,United Kingdom
538145,2010-12-09 16:08:00,6,2.55,15211,United Kingdom
538167,2010-12-09 18:58:00,1,3.75,14713,United Kingdom
538167,2010-12-09 18:58:00,2,4.95,14713,United Kingdom
538167,2010-12-09 18:58:00,2,2.95,14713,United Kingdom
538167,2010-12-09 18:58:00,6,3.75,14713,United Kingdom
538167,2010-12-09 18:58:00,2,1.95,14713,United Kingdom
538167,2010-12-09 18:58:00,2,1.95,14713,United Kingdom
538167,2010-12-09 18:58:00,4,1.95,14713,United Kingdom
538167,2010-12-09 18:58:00,12,1.25,14713,United Kingdom
538167,2010-12-09 18:58:00,12,0.85,14713,United Kingdom
538167,2010-12-09 18:58:00,1,12.75,14713,United Kingdom
538167,2010-12-09 18:58:00,1,5.95,14713,United Kingdom
538167,2010-12-09 18:58:00,4,2.1,14713,United Kingdom
538167,2010-12-09 18:58:00,3,1.65,14713,United Kingdom
538167,2010-12-09 18:58:00,3,1.65,14713,United Kingdom
538167,2010-12-09 18:58:00,3,0.85,14713,United Kingdom
538167,2010-12-09 18:58:00,2,1.65,14713,United Kingdom
538167,2010-12-09 18:58:00,3,3.75,14713,United Kingdom
538167,2010-12-09 18:58:00,3,2.55,14713,United Kingdom
538167,2010-12-09 18:58:00,3,1.25,14713,United Kingdom
538167,2010-12-09 18:58:00,6,2.95,14713,United Kingdom
538167,2010-12-09 18:58:00,2,6.45,14713,United Kingdom
538167,2010-12-09 18:58:00,2,2.1,14713,United Kingdom
538167,2010-12-09 18:58:00,40,2.55,14713,United Kingdom
538167,2010-12-09 18:58:00,3,0.85,14713,United Kingdom
538167,2010-12-09 18:58:00,12,1.25,14713,United Kingdom
538167,2010-12-09 18:58:00,3,3.75,14713,United Kingdom
538167,2010-12-09 18:58:00,2,2.1,14713,United Kingdom
538167,2010-12-09 18:58:00,40,2.55,14713,United Kingdom
538167,2010-12-09 18:58:00,2,1.95,14713,United Kingdom
538167,2010-12-09 18:58:00,2,1.95,14713,United Kingdom
538167,2010-12-09 18:58:00,1,12.75,14713,United Kingdom
538167,2010-12-09 18:58:00,6,3.75,14713,United Kingdom
538167,2010-12-09 18:58:00,2,2.95,14713,United Kingdom
538167,2010-12-09 18:58:00,2,4.95,14713,United Kingdom
538167,2010-12-09 18:58:00,1,3.75,14713,United Kingdom
538167,2010-12-09 18:58:00,12,0.85,14713,United Kingdom
538167,2010-12-09 18:58:00,1,5.95,14713,United Kingdom
538167,2010-12-09 18:58:00,3,0.85,14713,United Kingdom
538167,2010-12-09 18:58:00,4,1.95,14713,United Kingdom
538167,2010-12-09 18:58:00,3,1.65,14713,United Kingdom
538167,2010-12-09 18:58:00,6,2.95,14713,United Kingdom
538167,2010-12-09 18:58:00,3,1.65,14713,United Kingdom
538167,2010-12-09 18:58:00,3,1.25,14713,United Kingdom
538167,2010-12-09 18:58:00,3,2.55,14713,United Kingdom
538167,2010-12-09 18:58:00,4,2.1,14713,United Kingdom
538167,2010-12-09 18:58:00,3,3.75,14713,United Kingdom
538167,2010-12-09 18:58:00,3,3.75,14713,United Kingdom
538167,2010-12-09 18:58:00,2,1.65,14713,United Kingdom
538167,2010-12-09 18:58:00,3,0.85,14713,United Kingdom
538167,2010-12-09 18:58:00,2,6.45,14713,United Kingdom
538671,2010-12-13 16:38:00,9,4.95,15777,United Kingdom
538671,2010-12-13 16:38:00,12,8.5,15777,United Kingdom
538671,2010-12-13 16:38:00,48,2.55,15777,United Kingdom
538671,2010-12-13 16:38:00,32,2.55,15777,United Kingdom
538671,2010-12-13 16:38:00,12,1.25,15777,United Kingdom
538817,2010-12-14 12:38:00,288,0.85,16191,United Kingdom
538817,2010-12-14 12:38:00,24,0.85,16191,United Kingdom
538817,2010-12-14 12:38:00,24,0.85,16191,United Kingdom
538817,2010-12-14 12:38:00,24,0.65,16191,United Kingdom
538829,2010-12-14 13:00:00,384,0.85,16191,United Kingdom
539280,2010-12-16 15:40:00,2,12.75,14373,United Kingdom
539280,2010-12-16 15:40:00,2,7.95,14373,United Kingdom
539280,2010-12-16 15:40:00,1,24.95,14373,United Kingdom
539280,2010-12-16 15:40:00,12,0.85,14373,United Kingdom
539322,2010-12-16 19:22:00,1,3.75,14713,United Kingdom
539322,2010-12-16 19:22:00,1,7.95,14713,United Kingdom
539322,2010-12-16 19:22:00,2,4.95,14713,United Kingdom
539322,2010-12-16 19:22:00,2,3.75,14713,United Kingdom
539322,2010-12-16 19:22:00,2,2.95,14713,United Kingdom
539322,2010-12-16 19:22:00,1,2.95,14713,United Kingdom
539322,2010-12-16 19:22:00,4,1.45,14713,United Kingdom
539322,2010-12-16 19:22:00,1,2.55,14713,United Kingdom
539322,2010-12-16 19:22:00,2,2.1,14713,United Kingdom
539322,2010-12-16 19:22:00,12,0.85,14713,United Kingdom
539322,2010-12-16 19:22:00,5,0.85,14713,United Kingdom
539322,2010-12-16 19:22:00,3,1.65,14713,United Kingdom
539322,2010-12-16 19:22:00,3,1.65,14713,United Kingdom
539322,2010-12-16 19:22:00,3,0.85,14713,United Kingdom
539322,2010-12-16 19:22:00,2,1.95,14713,United Kingdom
539322,2010-12-16 19:22:00,2,2.1,14713,United Kingdom
539322,2010-12-16 19:22:00,25,0.42,14713,United Kingdom
539322,2010-12-16 19:22:00,4,6.45,14713,United Kingdom
539322,2010-12-16 19:22:00,2,2.55,14713,United Kingdom
539470,2010-12-19 14:03:00,1,1.69,14472,United Kingdom
539470,2010-12-19 14:03:00,2,2.12,14472,United Kingdom
539470,2010-12-19 14:03:00,1,1.25,14472,United Kingdom
539470,2010-12-19 14:03:00,1,4.25,14472,United Kingdom
539470,2010-12-19 14:03:00,1,4.25,14472,United Kingdom
539470,2010-12-19 14:03:00,2,1.69,14472,United Kingdom
539470,2010-12-19 14:03:00,2,2.95,14472,United Kingdom
539470,2010-12-19 14:03:00,1,1.45,14472,United Kingdom
539470,2010-12-19 14:03:00,1,12.75,14472,United Kingdom
539470,2010-12-19 14:03:00,2,7.95,14472,United Kingdom
539470,2010-12-19 14:03:00,2,6.45,14472,United Kingdom
539470,2010-12-19 14:03:00,1,12.75,14472,United Kingdom
539470,2010-12-19 14:03:00,3,2.55,14472,United Kingdom
539470,2010-12-19 14:03:00,1,12.75,14472,United Kingdom
539470,2010-12-19 14:03:00,12,1.25,14472,United Kingdom
539470,2010-12-19 14:03:00,1,12.75,14472,United Kingdom
539470,2010-12-19 14:03:00,2,7.95,14472,United Kingdom
539470,2010-12-19 14:03:00,1,1.25,14472,United Kingdom
539470,2010-12-19 14:03:00,12,0.85,14472,United Kingdom
539470,2010-12-19 14:03:00,1,12.75,14472,United Kingdom
539470,2010-12-19 14:03:00,8,1.69,14472,United Kingdom
539470,2010-12-19 14:03:00,2,1.25,14472,United Kingdom
539470,2010-12-19 14:03:00,1,12.75,14472,United Kingdom
539470,2010-12-19 14:03:00,2,2.1,14472,United Kingdom
539470,2010-12-19 14:03:00,4,2.95,14472,United Kingdom
539470,2010-12-19 14:03:00,3,4.25,14472,United Kingdom
539470,2010-12-19 14:03:00,3,4.25,14472,United Kingdom
539470,2010-12-19 14:03:00,2,2.95,14472,United Kingdom
539470,2010-12-19 14:03:00,1,1.45,14472,United Kingdom
539470,2010-12-19 14:03:00,2,1.25,14472,United Kingdom
539470,2010-12-19 14:03:00,2,1.25,14472,United Kingdom
539470,2010-12-19 14:03:00,4,1.45,14472,United Kingdom
539470,2010-12-19 14:03:00,6,1.25,14472,United Kingdom
539470,2010-12-19 14:03:00,6,1.25,14472,United Kingdom
539470,2010-12-19 14:03:00,2,1.25,14472,United Kingdom
539470,2010-12-19 14:03:00,4,1.25,14472,United Kingdom
540161,2011-01-05 11:52:00,1,5.95,16719,United Kingdom
540161,2011-01-05 11:52:00,1,0.42,16719,United Kingdom
540161,2011-01-05 11:52:00,5,3.75,16719,United Kingdom
540161,2011-01-05 11:52:00,3,3.75,16719,United Kingdom
540161,2011-01-05 11:52:00,108,0.21,16719,United Kingdom
540161,2011-01-05 11:52:00,1,0.95,16719,United Kingdom
540161,2011-01-05 11:52:00,2,3.75,16719,United Kingdom
540161,2011-01-05 11:52:00,3,1.65,16719,United Kingdom
540161,2011-01-05 11:52:00,4,1.25,16719,United Kingdom
540161,2011-01-05 11:52:00,2,1.25,16719,United Kingdom
540161,2011-01-05 11:52:00,3,4.25,16719,United Kingdom
540161,2011-01-05 11:52:00,3,3.35,16719,United Kingdom
540161,2011-01-05 11:52:00,1,9.95,16719,United Kingdom
540161,2011-01-05 11:52:00,1,4.25,16719,United Kingdom
540161,2011-01-05 11:52:00,3,4.95,16719,United Kingdom
540161,2011-01-05 11:52:00,7,2.95,16719,United Kingdom
540354,2011-01-06 14:58:00,12,1.25,13576,United Kingdom
540354,2011-01-06 14:58:00,12,1.25,13576,United Kingdom
540354,2011-01-06 14:58:00,6,5.95,13576,United Kingdom
540354,2011-01-06 14:58:00,12,0.55,13576,United Kingdom
540354,2011-01-06 14:58:00,48,2.1,13576,United Kingdom
540354,2011-01-06 14:58:00,24,3.39,13576,United Kingdom
540354,2011-01-06 14:58:00,48,3.39,13576,United Kingdom
540354,2011-01-06 14:58:00,8,2.1,13576,United Kingdom
540354,2011-01-06 14:58:00,24,1.25,13576,United Kingdom
540354,2011-01-06 14:58:00,24,1.25,13576,United Kingdom
540354,2011-01-06 14:58:00,12,1.85,13576,United Kingdom
540354,2011-01-06 14:58:00,12,1.25,13576,United Kingdom
540354,2011-01-06 14:58:00,8,3.95,13576,United Kingdom
540354,2011-01-06 14:58:00,8,1.95,13576,United Kingdom
540354,2011-01-06 14:58:00,24,1.25,13576,United Kingdom
540354,2011-01-06 14:58:00,6,2.55,13576,United Kingdom
540454,2011-01-07 11:57:00,12,3.75,16191,United Kingdom
540454,2011-01-07 11:57:00,12,3.75,16191,United Kingdom
540454,2011-01-07 11:57:00,72,1.06,16191,United Kingdom
540454,2011-01-07 11:57:00,12,1.25,16191,United Kingdom
540454,2011-01-07 11:57:00,24,4.25,16191,United Kingdom
540454,2011-01-07 11:57:00,12,2.1,16191,United Kingdom
540454,2011-01-07 11:57:00,12,3.75,16191,United Kingdom
540454,2011-01-07 11:57:00,12,1.25,16191,United Kingdom
540459,2011-01-07 12:35:00,12,3.75,16191,United Kingdom
540459,2011-01-07 12:35:00,12,1.25,16191,United Kingdom
540459,2011-01-07 12:35:00,12,2.1,16191,United Kingdom
540459,2011-01-07 12:35:00,36,2.1,16191,United Kingdom
540459,2011-01-07 12:35:00,12,1.25,16191,United Kingdom
540459,2011-01-07 12:35:00,12,3.75,16191,United Kingdom
540459,2011-01-07 12:35:00,24,2.55,16191,United Kingdom
540459,2011-01-07 12:35:00,36,2.1,16191,United Kingdom
540459,2011-01-07 12:35:00,12,3.75,16191,United Kingdom
540459,2011-01-07 12:35:00,18,4.25,16191,United Kingdom
540472,2011-01-07 14:22:00,12,0.85,18179,United Kingdom
540472,2011-01-07 14:22:00,6,8.5,18179,United Kingdom
540472,2011-01-07 14:22:00,12,1.25,18179,United Kingdom
540472,2011-01-07 14:22:00,25,0.42,18179,United Kingdom
540472,2011-01-07 14:22:00,48,0.85,18179,United Kingdom
540472,2011-01-07 14:22:00,2,8.5,18179,United Kingdom
540472,2011-01-07 14:22:00,6,2.55,18179,United Kingdom
540472,2011-01-07 14:22:00,12,1.25,18179,United Kingdom
540472,2011-01-07 14:22:00,4,3.75,18179,United Kingdom
540472,2011-01-07 14:22:00,2,12.75,18179,United Kingdom
540472,2011-01-07 14:22:00,12,1.45,18179,United Kingdom
540472,2011-01-07 14:22:00,24,0.55,18179,United Kingdom
540472,2011-01-07 14:22:00,12,0.85,18179,United Kingdom
540472,2011-01-07 14:22:00,12,1.25,18179,United Kingdom
540472,2011-01-07 14:22:00,4,4.25,18179,United Kingdom
540472,2011-01-07 14:22:00,12,1.65,18179,United Kingdom
540472,2011-01-07 14:22:00,12,0.85,18179,United Kingdom
540472,2011-01-07 14:22:00,6,2.95,18179,United Kingdom
540511,2011-01-09 11:34:00,5,2.1,14472,United Kingdom
540511,2011-01-09 11:34:00,1,4.95,14472,United Kingdom
540511,2011-01-09 11:34:00,24,0.42,14472,United Kingdom
540511,2011-01-09 11:34:00,24,0.42,14472,United Kingdom
540511,2011-01-09 11:34:00,12,0.42,14472,United Kingdom
540511,2011-01-09 11:34:00,24,0.42,14472,United Kingdom
540511,2011-01-09 11:34:00,12,0.42,14472,United Kingdom
540511,2011-01-09 11:34:00,2,2.1,14472,United Kingdom
540511,2011-01-09 11:34:00,1,5.95,14472,United Kingdom
540511,2011-01-09 11:34:00,1,5.95,14472,United Kingdom
540511,2011-01-09 11:34:00,3,5.95,14472,United Kingdom
540511,2011-01-09 11:34:00,1,9.95,14472,United Kingdom
540511,2011-01-09 11:34:00,2,12.75,14472,United Kingdom
540511,2011-01-09 11:34:00,1,9.95,14472,United Kingdom
540511,2011-01-09 11:34:00,2,24.95,14472,United Kingdom
540511,2011-01-09 11:34:00,1,9.95,14472,United Kingdom
540511,2011-01-09 11:34:00,2,6.45,14472,United Kingdom
540511,2011-01-09 11:34:00,2,1.45,14472,United Kingdom
540511,2011-01-09 11:34:00,1,4.95,14472,United Kingdom
540511,2011-01-09 11:34:00,6,0.65,14472,United Kingdom
540511,2011-01-09 11:34:00,2,2.95,14472,United Kingdom
540511,2011-01-09 11:34:00,1,3.75,14472,United Kingdom
540511,2011-01-09 11:34:00,1,4.95,14472,United Kingdom
540511,2011-01-09 11:34:00,7,0.85,14472,United Kingdom
540511,2011-01-09 11:34:00,3,1.25,14472,United Kingdom
540511,2011-01-09 11:34:00,2,4.95,14472,United Kingdom
540511,2011-01-09 11:34:00,4,0.85,14472,United Kingdom
540511,2011-01-09 11:34:00,6,1.25,14472,United Kingdom
540511,2011-01-09 11:34:00,8,1.69,14472,United Kingdom
540511,2011-01-09 11:34:00,8,1.69,14472,United Kingdom
540511,2011-01-09 11:34:00,1,12.75,14472,United Kingdom
540511,2011-01-09 11:34:00,12,1.65,14472,United Kingdom
540511,2011-01-09 11:34:00,1,4.95,14472,United Kingdom
540511,2011-01-09 11:34:00,4,1.25,14472,United Kingdom
540525,2011-01-09 13:02:00,12,1.25,16833,United Kingdom
540525,2011-01-09 13:02:00,12,1.25,16833,United Kingdom
540525,2011-01-09 13:02:00,12,1.45,16833,United Kingdom
540525,2011-01-09 13:02:00,5,2.95,16833,United Kingdom
540525,2011-01-09 13:02:00,12,2.1,16833,United Kingdom
540525,2011-01-09 13:02:00,2,8.5,16833,United Kingdom
540525,2011-01-09 13:02:00,6,2.55,16833,United Kingdom
540525,2011-01-09 13:02:00,2,8.5,16833,United Kingdom
540525,2011-01-09 13:02:00,10,1.95,16833,United Kingdom
540525,2011-01-09 13:02:00,6,2.95,16833,United Kingdom
540525,2011-01-09 13:02:00,10,1.95,16833,United Kingdom
540525,2011-01-09 13:02:00,12,1.65,16833,United Kingdom
540525,2011-01-09 13:02:00,3,4.95,16833,United Kingdom
540525,2011-01-09 13:02:00,24,0.42,16833,United Kingdom
540525,2011-01-09 13:02:00,10,1.95,16833,United Kingdom
540525,2011-01-09 13:02:00,6,2.95,16833,United Kingdom
540525,2011-01-09 13:02:00,6,2.95,16833,United Kingdom
540525,2011-01-09 13:02:00,10,1.65,16833,United Kingdom
540789,2011-01-11 11:48:00,576,1.45,12643,France
540789,2011-01-11 11:48:00,2,18.0,12643,France
540829,2011-01-11 14:38:00,36,0.85,13784,United Kingdom
540829,2011-01-11 14:38:00,24,0.95,13784,United Kingdom
540829,2011-01-11 14:38:00,72,0.42,13784,United Kingdom
540829,2011-01-11 14:38:00,24,1.25,13784,United Kingdom
541087,2011-01-13 12:37:00,2,16.95,13614,United Kingdom
541087,2011-01-13 12:37:00,2,16.95,13614,United Kingdom
541087,2011-01-13 12:37:00,4,3.95,13614,United Kingdom
541087,2011-01-13 12:37:00,3,4.95,13614,United Kingdom
541087,2011-01-13 12:37:00,3,16.95,13614,United Kingdom
541087,2011-01-13 12:37:00,3,4.95,13614,United Kingdom
541087,2011-01-13 12:37:00,3,4.95,13614,United Kingdom
541087,2011-01-13 12:37:00,3,4.95,13614,United Kingdom
541087,2011-01-13 12:37:00,2,5.95,13614,United Kingdom
541220,2011-01-14 14:11:00,60,3.75,14156,EIRE
541220,2011-01-14 14:11:00,144,4.25,14156,EIRE
541220,2011-01-14 14:11:00,120,2.55,14156,EIRE
541220,2011-01-14 14:11:00,160,10.95,14156,EIRE
541220,2011-01-14 14:11:00,1,3.75,14156,EIRE
541220,2011-01-14 14:11:00,1,4.25,14156,EIRE
541220,2011-01-14 14:11:00,160,4.25,14156,EIRE
541220,2011-01-14 14:11:00,288,2.55,14156,EIRE
541220,2011-01-14 14:11:00,96,12.75,14156,EIRE
541220,2011-01-14 14:11:00,180,3.75,14156,EIRE
541220,2011-01-14 14:11:00,144,2.55,14156,EIRE
541220,2011-01-14 14:11:00,192,1.45,14156,EIRE
541220,2011-01-14 14:11:00,192,1.45,14156,EIRE
541220,2011-01-14 14:11:00,192,1.65,14156,EIRE
541220,2011-01-14 14:11:00,192,1.65,14156,EIRE
541220,2011-01-14 14:11:00,100,1.45,14156,EIRE
541220,2011-01-14 14:11:00,100,1.45,14156,EIRE
541220,2011-01-14 14:11:00,200,1.45,14156,EIRE
541220,2011-01-14 14:11:00,144,6.95,14156,EIRE
541220,2011-01-14 14:11:00,192,3.45,14156,EIRE
541220,2011-01-14 14:11:00,288,1.25,14156,EIRE
541220,2011-01-14 14:11:00,216,2.1,14156,EIRE
541220,2011-01-14 14:11:00,288,0.64,14156,EIRE
541220,2011-01-14 14:11:00,120,4.25,14156,EIRE
541220,2011-01-14 14:11:00,64,8.5,14156,EIRE
541220,2011-01-14 14:11:00,120,2.55,14156,EIRE
541220,2011-01-14 14:11:00,120,2.55,14156,EIRE
541220,2011-01-14 14:11:00,144,1.06,14156,EIRE
541220,2011-01-14 14:11:00,176,1.25,14156,EIRE
541220,2011-01-14 14:11:00,384,0.64,14156,EIRE
541220,2011-01-14 14:11:00,144,2.1,14156,EIRE
541220,2011-01-14 14:11:00,120,2.55,14156,EIRE
541220,2011-01-14 14:11:00,72,2.75,14156,EIRE
541220,2011-01-14 14:11:00,72,2.75,14156,EIRE
541220,2011-01-14 14:11:00,72,2.55,14156,EIRE
541220,2011-01-14 14:11:00,120,2.55,14156,EIRE
541220,2011-01-14 14:11:00,240,2.55,14156,EIRE
541220,2011-01-14 14:11:00,240,2.55,14156,EIRE
541220,2011-01-14 14:11:00,96,2.55,14156,EIRE
541220,2011-01-14 14:11:00,144,2.1,14156,EIRE
541220,2011-01-14 14:11:00,100,2.1,14156,EIRE
541266,2011-01-16 16:25:00,6,2.55,15673,United Kingdom
541266,2011-01-16 16:25:00,6,2.55,15673,United Kingdom
541266,2011-01-16 16:25:00,11,1.95,15673,United Kingdom
541266,2011-01-16 16:25:00,1,5.95,15673,United Kingdom
541266,2011-01-16 16:25:00,1,5.95,15673,United Kingdom
541266,2011-01-16 16:25:00,1,5.95,15673,United Kingdom
541266,2011-01-16 16:25:00,1,5.95,15673,United Kingdom
541266,2011-01-16 16:25:00,1,5.95,15673,United Kingdom
541266,2011-01-16 16:25:00,5,2.95,15673,United Kingdom
541266,2011-01-16 16:25:00,6,1.49,15673,United Kingdom
541266,2011-01-16 16:25:00,1,5.95,15673,United Kingdom
541266,2011-01-16 16:25:00,5,1.25,15673,United Kingdom
541266,2011-01-16 16:25:00,6,1.49,15673,United Kingdom
541266,2011-01-16 16:25:00,9,2.95,15673,United Kingdom
541266,2011-01-16 16:25:00,6,1.65,15673,United Kingdom
541266,2011-01-16 16:25:00,24,0.29,15673,United Kingdom
541266,2011-01-16 16:25:00,6,1.65,15673,United Kingdom
541266,2011-01-16 16:25:00,24,1.45,15673,United Kingdom
541266,2011-01-16 16:25:00,6,1.25,15673,United Kingdom
541266,2011-01-16 16:25:00,7,2.95,15673,United Kingdom
541266,2011-01-16 16:25:00,5,1.25,15673,United Kingdom
541266,2011-01-16 16:25:00,4,1.95,15673,United Kingdom
541266,2011-01-16 16:25:00,4,1.95,15673,United Kingdom
541266,2011-01-16 16:25:00,2,1.95,15673,United Kingdom
541266,2011-01-16 16:25:00,9,2.55,15673,United Kingdom
541266,2011-01-16 16:25:00,7,2.1,15673,United Kingdom
541266,2011-01-16 16:25:00,10,8.5,15673,United Kingdom
541266,2011-01-16 16:25:00,7,8.5,15673,United Kingdom
541266,2011-01-16 16:25:00,30,0.85,15673,United Kingdom
541266,2011-01-16 16:25:00,10,1.95,15673,United Kingdom
541266,2011-01-16 16:25:00,10,1.95,15673,United Kingdom
541266,2011-01-16 16:25:00,10,1.95,15673,United Kingdom
541266,2011-01-16 16:25:00,16,0.65,15673,United Kingdom
541266,2011-01-16 16:25:00,12,0.29,15673,United Kingdom
541266,2011-01-16 16:25:00,12,0.29,15673,United Kingdom
541266,2011-01-16 16:25:00,20,2.95,15673,United Kingdom
541266,2011-01-16 16:25:00,8,1.95,15673,United Kingdom
541266,2011-01-16 16:25:00,12,1.25,15673,United Kingdom
541266,2011-01-16 16:25:00,6,1.95,15673,United Kingdom
541266,2011-01-16 16:25:00,1,9.95,15673,United Kingdom
541266,2011-01-16 16:25:00,2,1.95,15673,United Kingdom
541266,2011-01-16 16:25:00,12,1.25,15673,United Kingdom
541266,2011-01-16 16:25:00,3,1.65,15673,United Kingdom
541266,2011-01-16 16:25:00,13,8.5,15673,United Kingdom
541266,2011-01-16 16:25:00,12,1.25,15673,United Kingdom
541266,2011-01-16 16:25:00,10,1.95,15673,United Kingdom
541266,2011-01-16 16:25:00,1,5.95,15673,United Kingdom
541266,2011-01-16 16:25:00,12,8.5,15673,United Kingdom
541266,2011-01-16 16:25:00,1,5.95,15673,United Kingdom
541266,2011-01-16 16:25:00,1,5.95,15673,United Kingdom
541266,2011-01-16 16:25:00,1,5.95,15673,United Kingdom
541266,2011-01-16 16:25:00,1,5.95,15673,United Kingdom
541266,2011-01-16 16:25:00,1,5.95,15673,United Kingdom
541370,2011-01-17 14:51:00,10,1.95,18179,United Kingdom
541370,2011-01-17 14:51:00,6,2.1,18179,United Kingdom
541370,2011-01-17 14:51:00,24,0.55,18179,United Kingdom
541370,2011-01-17 14:51:00,10,1.65,18179,United Kingdom
541370,2011-01-17 14:51:00,10,1.65,18179,United Kingdom
541370,2011-01-17 14:51:00,6,2.95,18179,United Kingdom
541370,2011-01-17 14:51:00,10,0.85,18179,United Kingdom
541370,2011-01-17 14:51:00,24,1.25,18179,United Kingdom
541370,2011-01-17 14:51:00,4,4.95,18179,United Kingdom
541370,2011-01-17 14:51:00,4,3.75,18179,United Kingdom
541370,2011-01-17 14:51:00,3,4.95,18179,United Kingdom
541370,2011-01-17 14:51:00,10,1.25,18179,United Kingdom
541370,2011-01-17 14:51:00,4,4.95,18179,United Kingdom
541370,2011-01-17 14:51:00,6,3.25,18179,United Kingdom
541370,2011-01-17 14:51:00,12,1.65,18179,United Kingdom
541370,2011-01-17 14:51:00,10,1.65,18179,United Kingdom
541370,2011-01-17 14:51:00,3,4.95,18179,United Kingdom
541698,2011-01-20 19:16:00,2,1.65,14713,United Kingdom
541698,2011-01-20 19:16:00,2,1.65,14713,United Kingdom
541698,2011-01-20 19:16:00,18,0.85,14713,United Kingdom
541698,2011-01-20 19:16:00,3,3.75,14713,United Kingdom
541698,2011-01-20 19:16:00,1,3.75,14713,United Kingdom
541698,2011-01-20 19:16:00,2,1.95,14713,United Kingdom
541698,2011-01-20 19:16:00,2,1.95,14713,United Kingdom
541698,2011-01-20 19:16:00,2,1.95,14713,United Kingdom
541698,2011-01-20 19:16:00,2,1.95,14713,United Kingdom
541698,2011-01-20 19:16:00,2,1.95,14713,United Kingdom
541698,2011-01-20 19:16:00,2,1.95,14713,United Kingdom
541698,2011-01-20 19:16:00,1,6.45,14713,United Kingdom
541698,2011-01-20 19:16:00,1,7.95,14713,United Kingdom
541698,2011-01-20 19:16:00,1,5.95,14713,United Kingdom
541698,2011-01-20 19:16:00,28,1.25,14713,United Kingdom
541698,2011-01-20 19:16:00,2,1.65,14713,United Kingdom
541698,2011-01-20 19:16:00,2,1.95,14713,United Kingdom
541698,2011-01-20 19:16:00,2,1.65,14713,United Kingdom
541698,2011-01-20 19:16:00,8,1.65,14713,United Kingdom
541698,2011-01-20 19:16:00,4,1.65,14713,United Kingdom
541698,2011-01-20 19:16:00,1,1.65,14713,United Kingdom
541698,2011-01-20 19:16:00,2,2.1,14713,United Kingdom
541698,2011-01-20 19:16:00,12,1.65,14713,United Kingdom
541698,2011-01-20 19:16:00,1,2.55,14713,United Kingdom
541698,2011-01-20 19:16:00,4,1.45,14713,United Kingdom
541698,2011-01-20 19:16:00,6,0.42,14713,United Kingdom
541698,2011-01-20 19:16:00,3,0.85,14713,United Kingdom
541698,2011-01-20 19:16:00,3,3.75,14713,United Kingdom
541698,2011-01-20 19:16:00,6,0.42,14713,United Kingdom
541698,2011-01-20 19:16:00,6,0.85,14713,United Kingdom
541698,2011-01-20 19:16:00,2,1.95,14713,United Kingdom
541698,2011-01-20 19:16:00,1,1.45,14713,United Kingdom
541698,2011-01-20 19:16:00,3,0.85,14713,United Kingdom
541698,2011-01-20 19:16:00,4,0.85,14713,United Kingdom
541698,2011-01-20 19:16:00,2,1.65,14713,United Kingdom
541698,2011-01-20 19:16:00,3,1.25,14713,United Kingdom
541783,2011-01-21 11:55:00,12,0.85,16618,United Kingdom
541783,2011-01-21 11:55:00,12,0.85,16618,United Kingdom
541783,2011-01-21 11:55:00,2,8.5,16618,United Kingdom
541783,2011-01-21 11:55:00,4,3.95,16618,United Kingdom
541783,2011-01-21 11:55:00,12,1.25,16618,United Kingdom
541783,2011-01-21 11:55:00,12,1.25,16618,United Kingdom
541783,2011-01-21 11:55:00,12,1.25,16618,United Kingdom
541783,2011-01-21 11:55:00,12,1.25,16618,United Kingdom
541783,2011-01-21 11:55:00,12,1.25,16618,United Kingdom
541783,2011-01-21 11:55:00,12,1.25,16618,United Kingdom
541783,2011-01-21 11:55:00,12,1.49,16618,United Kingdom
541783,2011-01-21 11:55:00,4,9.95,16618,United Kingdom
541783,2011-01-21 11:55:00,6,2.95,16618,United Kingdom
541783,2011-01-21 11:55:00,6,2.95,16618,United Kingdom
541783,2011-01-21 11:55:00,12,1.25,16618,United Kingdom
541783,2011-01-21 11:55:00,12,1.25,16618,United Kingdom
541783,2011-01-21 11:55:00,12,1.25,16618,United Kingdom
541783,2011-01-21 11:55:00,24,0.29,16618,United Kingdom
541783,2011-01-21 11:55:00,1,16.95,16618,United Kingdom
541783,2011-01-21 11:55:00,2,12.75,16618,United Kingdom
541783,2011-01-21 11:55:00,4,4.95,16618,United Kingdom
541783,2011-01-21 11:55:00,2,9.95,16618,United Kingdom
541783,2011-01-21 11:55:00,24,1.65,16618,United Kingdom
541783,2011-01-21 11:55:00,36,1.06,16618,United Kingdom
541783,2011-01-21 11:55:00,36,0.85,16618,United Kingdom
541783,2011-01-21 11:55:00,12,1.65,16618,United Kingdom
541783,2011-01-21 11:55:00,6,12.75,16618,United Kingdom
541783,2011-01-21 11:55:00,12,1.65,16618,United Kingdom
541783,2011-01-21 11:55:00,12,1.65,16618,United Kingdom
541783,2011-01-21 11:55:00,12,1.65,16618,United Kingdom
541783,2011-01-21 11:55:00,24,0.29,16618,United Kingdom
541783,2011-01-21 11:55:00,6,2.1,16618,United Kingdom
541783,2011-01-21 11:55:00,12,1.45,16618,United Kingdom
541783,2011-01-21 11:55:00,1,16.95,16618,United Kingdom
541783,2011-01-21 11:55:00,4,9.95,16618,United Kingdom
541968,2011-01-24 13:37:00,2,7.95,13396,United Kingdom
541968,2011-01-24 13:37:00,10,0.85,13396,United Kingdom
541968,2011-01-24 13:37:00,12,2.55,13396,United Kingdom
541968,2011-01-24 13:37:00,24,0.55,13396,United Kingdom
541968,2011-01-24 13:37:00,12,1.25,13396,United Kingdom
541968,2011-01-24 13:37:00,3,5.45,13396,United Kingdom
541968,2011-01-24 13:37:00,12,2.95,13396,United Kingdom
541968,2011-01-24 13:37:00,6,3.75,13396,United Kingdom
541968,2011-01-24 13:37:00,4,7.95,13396,United Kingdom
541968,2011-01-24 13:37:00,4,7.95,13396,United Kingdom
541968,2011-01-24 13:37:00,12,2.95,13396,United Kingdom
541968,2011-01-24 13:37:00,8,1.69,13396,United Kingdom
541968,2011-01-24 13:37:00,12,4.95,13396,United Kingdom
541968,2011-01-24 13:37:00,6,3.75,13396,United Kingdom
541968,2011-01-24 13:37:00,12,2.95,13396,United Kingdom
541973,2011-01-24 14:01:00,25,0.42,16730,United Kingdom
541973,2011-01-24 14:01:00,24,0.29,16730,United Kingdom
541973,2011-01-24 14:01:00,12,1.65,16730,United Kingdom
541973,2011-01-24 14:01:00,24,0.29,16730,United Kingdom
541973,2011-01-24 14:01:00,24,0.29,16730,United Kingdom
541973,2011-01-24 14:01:00,48,0.42,16730,United Kingdom
541973,2011-01-24 14:01:00,24,0.29,16730,United Kingdom
541973,2011-01-24 14:01:00,48,0.19,16730,United Kingdom
541973,2011-01-24 14:01:00,48,0.19,16730,United Kingdom
541973,2011-01-24 14:01:00,48,0.19,16730,United Kingdom
541973,2011-01-24 14:01:00,24,0.85,16730,United Kingdom
541973,2011-01-24 14:01:00,24,0.85,16730,United Kingdom
541973,2011-01-24 14:01:00,24,0.85,16730,United Kingdom
541973,2011-01-24 14:01:00,48,0.42,16730,United Kingdom
541976,2011-01-24 14:39:00,12,2.95,16168,United Kingdom
541976,2011-01-24 14:39:00,4,5.95,16168,United Kingdom
541976,2011-01-24 14:39:00,6,4.95,16168,United Kingdom
541976,2011-01-24 14:39:00,12,1.25,16168,United Kingdom
541976,2011-01-24 14:39:00,4,5.95,16168,United Kingdom
541983,2011-01-24 15:47:00,1,15.0,15797,United Kingdom
541995,2011-01-25 09:58:00,8,0.85,13158,United Kingdom
541995,2011-01-25 09:58:00,4,2.55,13158,United Kingdom
541995,2011-01-25 09:58:00,6,3.75,13158,United Kingdom
541995,2011-01-25 09:58:00,6,3.75,13158,United Kingdom
541995,2011-01-25 09:58:00,6,3.75,13158,United Kingdom
541995,2011-01-25 09:58:00,12,0.85,13158,United Kingdom
541995,2011-01-25 09:58:00,3,4.95,13158,United Kingdom
541995,2011-01-25 09:58:00,12,1.45,13158,United Kingdom
541995,2011-01-25 09:58:00,8,0.85,13158,United Kingdom
541995,2011-01-25 09:58:00,8,0.85,13158,United Kingdom
541995,2011-01-25 09:58:00,8,1.25,13158,United Kingdom
541995,2011-01-25 09:58:00,8,1.25,13158,United Kingdom
541995,2011-01-25 09:58:00,8,1.69,13158,United Kingdom
541995,2011-01-25 09:58:00,8,1.69,13158,United Kingdom
541995,2011-01-25 09:58:00,8,1.69,13158,United Kingdom
541995,2011-01-25 09:58:00,6,2.55,13158,United Kingdom
541995,2011-01-25 09:58:00,4,3.75,13158,United Kingdom
541995,2011-01-25 09:58:00,4,3.75,13158,United Kingdom
541995,2011-01-25 09:58:00,8,1.25,13158,United Kingdom
542105,2011-01-25 13:35:00,6,1.25,12854,United Kingdom
542105,2011-01-25 13:35:00,6,2.95,12854,United Kingdom
542105,2011-01-25 13:35:00,2,2.95,12854,United Kingdom
542105,2011-01-25 13:35:00,2,2.95,12854,United Kingdom
542105,2011-01-25 13:35:00,3,3.95,12854,United Kingdom
542105,2011-01-25 13:35:00,3,3.95,12854,United Kingdom
542105,2011-01-25 13:35:00,5,1.25,12854,United Kingdom
542105,2011-01-25 13:35:00,2,4.65,12854,United Kingdom
542105,2011-01-25 13:35:00,2,5.95,12854,United Kingdom
542105,2011-01-25 13:35:00,6,1.45,12854,United Kingdom
542105,2011-01-25 13:35:00,4,2.95,12854,United Kingdom
542105,2011-01-25 13:35:00,6,2.55,12854,United Kingdom
542105,2011-01-25 13:35:00,2,9.95,12854,United Kingdom
542105,2011-01-25 13:35:00,6,0.85,12854,United Kingdom
542105,2011-01-25 13:35:00,6,0.85,12854,United Kingdom
542105,2011-01-25 13:35:00,5,3.95,12854,United Kingdom
542105,2011-01-25 13:35:00,10,0.85,12854,United Kingdom
542105,2011-01-25 13:35:00,4,1.25,12854,United Kingdom
542105,2011-01-25 13:35:00,6,1.45,12854,United Kingdom
542105,2011-01-25 13:35:00,6,2.1,12854,United Kingdom
542105,2011-01-25 13:35:00,3,1.25,12854,United Kingdom
542105,2011-01-25 13:35:00,6,1.25,12854,United Kingdom
542105,2011-01-25 13:35:00,2,8.5,12854,United Kingdom
542105,2011-01-25 13:35:00,12,1.25,12854,United Kingdom
542105,2011-01-25 13:35:00,3,12.75,12854,United Kingdom
542105,2011-01-25 13:35:00,10,1.65,12854,United Kingdom
542105,2011-01-25 13:35:00,6,2.95,12854,United Kingdom
542105,2011-01-25 13:35:00,2,6.75,12854,United Kingdom
542105,2011-01-25 13:35:00,4,2.1,12854,United Kingdom
542105,2011-01-25 13:35:00,6,2.55,12854,United Kingdom
542105,2011-01-25 13:35:00,4,1.25,12854,United Kingdom
542105,2011-01-25 13:35:00,4,2.95,12854,United Kingdom
542105,2011-01-25 13:35:00,4,1.25,12854,United Kingdom
542105,2011-01-25 13:35:00,4,1.65,12854,United Kingdom
542154,2011-01-26 10:49:00,24,4.25,15777,United Kingdom
542155,2011-01-26 10:51:00,112,2.55,15777,United Kingdom
542534,2011-01-28 13:27:00,4,4.25,13707,United Kingdom
542534,2011-01-28 13:27:00,4,4.25,13707,United Kingdom
542534,2011-01-28 13:27:00,6,4.25,13707,United Kingdom
542534,2011-01-28 13:27:00,6,4.25,13707,United Kingdom
542534,2011-01-28 13:27:00,6,4.25,13707,United Kingdom
542534,2011-01-28 13:27:00,9,1.45,13707,United Kingdom
542534,2011-01-28 13:27:00,4,4.25,13707,United Kingdom
542534,2011-01-28 13:27:00,6,1.95,13707,United Kingdom
542534,2011-01-28 13:27:00,4,3.75,13707,United Kingdom
542534,2011-01-28 13:27:00,2,5.45,13707,United Kingdom
542534,2011-01-28 13:27:00,12,1.45,13707,United Kingdom
542534,2011-01-28 13:27:00,12,0.85,13707,United Kingdom
542534,2011-01-28 13:27:00,6,2.1,13707,United Kingdom
542534,2011-01-28 13:27:00,4,4.65,13707,United Kingdom
542534,2011-01-28 13:27:00,4,3.75,13707,United Kingdom
542534,2011-01-28 13:27:00,3,14.95,13707,United Kingdom
542534,2011-01-28 13:27:00,48,1.25,13707,United Kingdom
542534,2011-01-28 13:27:00,2,7.95,13707,United Kingdom
542534,2011-01-28 13:27:00,2,7.95,13707,United Kingdom
542534,2011-01-28 13:27:00,12,1.25,13707,United Kingdom
542534,2011-01-28 13:27:00,12,1.25,13707,United Kingdom
542534,2011-01-28 13:27:00,3,4.95,13707,United Kingdom
542534,2011-01-28 13:27:00,4,3.75,13707,United Kingdom
542534,2011-01-28 13:27:00,3,4.95,13707,United Kingdom
542534,2011-01-28 13:27:00,3,4.95,13707,United Kingdom
542534,2011-01-28 13:27:00,12,1.25,13707,United Kingdom
542534,2011-01-28 13:27:00,3,5.95,13707,United Kingdom
542534,2011-01-28 13:27:00,2,8.5,13707,United Kingdom
542534,2011-01-28 13:27:00,3,5.95,13707,United Kingdom
542534,2011-01-28 13:27:00,3,5.95,13707,United Kingdom
542534,2011-01-28 13:27:00,3,4.25,13707,United Kingdom
542534,2011-01-28 13:27:00,24,0.29,13707,United Kingdom
542630,2011-01-31 10:08:00,144,0.42,13784,United Kingdom
542634,2011-01-31 10:42:00,6,2.55,15448,United Kingdom
542634,2011-01-31 10:42:00,3,4.95,15448,United Kingdom
542634,2011-01-31 10:42:00,12,1.25,15448,United Kingdom
542634,2011-01-31 10:42:00,12,1.25,15448,United Kingdom
542634,2011-01-31 10:42:00,6,2.55,15448,United Kingdom
542634,2011-01-31 10:42:00,3,4.95,15448,United Kingdom
542634,2011-01-31 10:42:00,12,1.65,15448,United Kingdom
542634,2011-01-31 10:42:00,12,1.25,15448,United Kingdom
542634,2011-01-31 10:42:00,2,9.95,15448,United Kingdom
542634,2011-01-31 10:42:00,12,1.25,15448,United Kingdom
542634,2011-01-31 10:42:00,6,2.55,15448,United Kingdom
542634,2011-01-31 10:42:00,12,1.25,15448,United Kingdom
542634,2011-01-31 10:42:00,6,2.95,15448,United Kingdom
542634,2011-01-31 10:42:00,12,1.25,15448,United Kingdom
542634,2011-01-31 10:42:00,6,2.95,15448,United Kingdom
542634,2011-01-31 10:42:00,8,3.95,15448,United Kingdom
542634,2011-01-31 10:42:00,2,9.95,15448,United Kingdom
542634,2011-01-31 10:42:00,4,5.95,15448,United Kingdom
542634,2011-01-31 10:42:00,2,14.95,15448,United Kingdom
542634,2011-01-31 10:42:00,8,1.69,15448,United Kingdom
542634,2011-01-31 10:42:00,8,1.69,15448,United Kingdom
542634,2011-01-31 10:42:00,2,9.95,15448,United Kingdom
542634,2011-01-31 10:42:00,6,2.95,15448,United Kingdom
542634,2011-01-31 10:42:00,16,0.85,15448,United Kingdom
542634,2011-01-31 10:42:00,24,1.45,15448,United Kingdom
542634,2011-01-31 10:42:00,12,0.85,15448,United Kingdom
542634,2011-01-31 10:42:00,12,0.85,15448,United Kingdom
542634,2011-01-31 10:42:00,6,2.55,15448,United Kingdom
542725,2011-01-31 15:05:00,2,2.95,16191,United Kingdom
542725,2011-01-31 15:05:00,3,2.95,16191,United Kingdom
542743,2011-01-31 16:26:00,2,2.95,16191,United Kingdom
542743,2011-01-31 16:26:00,3,2.95,16191,United Kingdom
542892,2011-02-01 13:28:00,432,0.36,13784,United Kingdom
542989,2011-02-02 11:41:00,6,2.55,15226,United Kingdom
542989,2011-02-02 11:41:00,24,0.29,15226,United Kingdom
542989,2011-02-02 11:41:00,6,2.55,15226,United Kingdom
542989,2011-02-02 11:41:00,3,4.95,15226,United Kingdom
542989,2011-02-02 11:41:00,12,2.55,15226,United Kingdom
542989,2011-02-02 11:41:00,6,2.55,15226,United Kingdom
542989,2011-02-02 11:41:00,12,2.55,15226,United Kingdom
542989,2011-02-02 11:41:00,2,12.75,15226,United Kingdom
542992,2011-02-02 11:55:00,24,1.25,14460,United Kingdom
543029,2011-02-02 15:13:00,12,0.55,13576,United Kingdom
543029,2011-02-02 15:13:00,3,5.95,13576,United Kingdom
543029,2011-02-02 15:13:00,72,3.39,13576,United Kingdom
543029,2011-02-02 15:13:00,24,3.39,13576,United Kingdom
543114,2011-02-03 13:26:00,2,7.95,14156,EIRE
543114,2011-02-03 13:26:00,12,1.25,14156,EIRE
543114,2011-02-03 13:26:00,2,9.95,14156,EIRE
543114,2011-02-03 13:26:00,8,1.45,14156,EIRE
543114,2011-02-03 13:26:00,5,2.95,14156,EIRE
543114,2011-02-03 13:26:00,8,1.65,14156,EIRE
543114,2011-02-03 13:26:00,12,1.45,14156,EIRE
543114,2011-02-03 13:26:00,2,9.95,14156,EIRE
543114,2011-02-03 13:26:00,8,3.75,14156,EIRE
543114,2011-02-03 13:26:00,12,2.95,14156,EIRE
543114,2011-02-03 13:26:00,6,2.55,14156,EIRE
543114,2011-02-03 13:26:00,3,4.95,14156,EIRE
543114,2011-02-03 13:26:00,6,2.95,14156,EIRE
543114,2011-02-03 13:26:00,24,0.42,14156,EIRE
543114,2011-02-03 13:26:00,12,1.25,14156,EIRE
543114,2011-02-03 13:26:00,12,1.65,14156,EIRE
543114,2011-02-03 13:26:00,5,2.95,14156,EIRE
543114,2011-02-03 13:26:00,2,7.95,14156,EIRE
543114,2011-02-03 13:26:00,6,2.55,14156,EIRE
543114,2011-02-03 13:26:00,3,4.95,14156,EIRE
543114,2011-02-03 13:26:00,6,3.75,14156,EIRE
543114,2011-02-03 13:26:00,12,0.85,14156,EIRE
543114,2011-02-03 13:26:00,12,1.49,14156,EIRE
543114,2011-02-03 13:26:00,3,9.95,14156,EIRE
543114,2011-02-03 13:26:00,2,8.5,14156,EIRE
543114,2011-02-03 13:26:00,2,8.5,14156,EIRE
543114,2011-02-03 13:26:00,8,3.25,14156,EIRE
543114,2011-02-03 13:26:00,1,12.75,14156,EIRE
543114,2011-02-03 13:26:00,12,1.65,14156,EIRE
543114,2011-02-03 13:26:00,1,29.95,14156,EIRE
543114,2011-02-03 13:26:00,2,12.75,14156,EIRE
543114,2011-02-03 13:26:00,2,7.95,14156,EIRE
543114,2011-02-03 13:26:00,1,9.95,14156,EIRE
543114,2011-02-03 13:26:00,6,2.95,14156,EIRE
543114,2011-02-03 13:26:00,6,2.95,14156,EIRE
543114,2011-02-03 13:26:00,6,3.75,14156,EIRE
543114,2011-02-03 13:26:00,32,2.55,14156,EIRE
543114,2011-02-03 13:26:00,2,7.95,14156,EIRE
543114,2011-02-03 13:26:00,2,7.95,14156,EIRE
543114,2011-02-03 13:26:00,2,7.95,14156,EIRE
543279,2011-02-06 14:46:00,4,1.65,17105,United Kingdom
543279,2011-02-06 14:46:00,6,1.25,17105,United Kingdom
543279,2011-02-06 14:46:00,2,7.95,17105,United Kingdom
543279,2011-02-06 14:46:00,2,7.95,17105,United Kingdom
543279,2011-02-06 14:46:00,2,7.95,17105,United Kingdom
543279,2011-02-06 14:46:00,2,7.95,17105,United Kingdom
543279,2011-02-06 14:46:00,5,1.65,17105,United Kingdom
543279,2011-02-06 14:46:00,10,1.65,17105,United Kingdom
543279,2011-02-06 14:46:00,8,1.25,17105,United Kingdom
543279,2011-02-06 14:46:00,10,1.25,17105,United Kingdom
543279,2011-02-06 14:46:00,10,0.85,17105,United Kingdom
543279,2011-02-06 14:46:00,6,1.25,17105,United Kingdom
543279,2011-02-06 14:46:00,2,1.45,17105,United Kingdom
543279,2011-02-06 14:46:00,6,0.42,17105,United Kingdom
543279,2011-02-06 14:46:00,6,0.42,17105,United Kingdom
543279,2011-02-06 14:46:00,1,8.5,17105,United Kingdom
543279,2011-02-06 14:46:00,2,1.65,17105,United Kingdom
543279,2011-02-06 14:46:00,4,1.95,17105,United Kingdom
543279,2011-02-06 14:46:00,2,5.95,17105,United Kingdom
543279,2011-02-06 14:46:00,14,0.18,17105,United Kingdom
543279,2011-02-06 14:46:00,12,0.85,17105,United Kingdom
543279,2011-02-06 14:46:00,6,0.85,17105,United Kingdom
543279,2011-02-06 14:46:00,4,1.45,17105,United Kingdom
543279,2011-02-06 14:46:00,100,0.1,17105,United Kingdom
543279,2011-02-06 14:46:00,8,1.25,17105,United Kingdom
543279,2011-02-06 14:46:00,20,0.65,17105,United Kingdom
543279,2011-02-06 14:46:00,4,2.55,17105,United Kingdom
543279,2011-02-06 14:46:00,6,0.55,17105,United Kingdom
543279,2011-02-06 14:46:00,4,0.55,17105,United Kingdom
543279,2011-02-06 14:46:00,4,1.25,17105,United Kingdom
543279,2011-02-06 14:46:00,11,0.85,17105,United Kingdom
543279,2011-02-06 14:46:00,2,2.1,17105,United Kingdom
543279,2011-02-06 14:46:00,12,0.55,17105,United Kingdom
543279,2011-02-06 14:46:00,6,2.55,17105,United Kingdom
543279,2011-02-06 14:46:00,2,2.95,17105,United Kingdom
543279,2011-02-06 14:46:00,24,0.42,17105,United Kingdom
543279,2011-02-06 14:46:00,24,0.29,17105,United Kingdom
543279,2011-02-06 14:46:00,6,0.55,17105,United Kingdom
543359,2011-02-07 14:16:00,2,8.5,16332,United Kingdom
543359,2011-02-07 14:16:00,1,7.65,16332,United Kingdom
543359,2011-02-07 14:16:00,1,7.95,16332,United Kingdom
543359,2011-02-07 14:16:00,4,2.95,16332,United Kingdom
543359,2011-02-07 14:16:00,2,2.95,16332,United Kingdom
543359,2011-02-07 14:16:00,1,2.95,16332,United Kingdom
543359,2011-02-07 14:16:00,3,2.55,16332,United Kingdom
543359,2011-02-07 14:16:00,2,5.95,16332,United Kingdom
543359,2011-02-07 14:16:00,3,3.75,16332,United Kingdom
543359,2011-02-07 14:16:00,9,1.45,16332,United Kingdom
543359,2011-02-07 14:16:00,12,2.1,16332,United Kingdom
543394,2011-02-08 10:17:00,96,2.55,15797,United Kingdom
543394,2011-02-08 10:17:00,96,3.45,15797,United Kingdom
543394,2011-02-08 10:17:00,96,4.25,15797,United Kingdom
543394,2011-02-08 10:17:00,96,2.55,15797,United Kingdom
543394,2011-02-08 10:17:00,144,1.85,15797,United Kingdom
543735,2011-02-11 12:32:00,12,3.75,16191,United Kingdom
543735,2011-02-11 12:32:00,12,3.75,16191,United Kingdom
543735,2011-02-11 12:32:00,12,3.75,16191,United Kingdom
543735,2011-02-11 12:32:00,12,3.75,16191,United Kingdom
543735,2011-02-11 12:32:00,12,3.75,16191,United Kingdom
543735,2011-02-11 12:32:00,24,1.25,16191,United Kingdom
543735,2011-02-11 12:32:00,12,2.55,16191,United Kingdom
543735,2011-02-11 12:32:00,12,2.1,16191,United Kingdom
543735,2011-02-11 12:32:00,24,4.25,16191,United Kingdom
543735,2011-02-11 12:32:00,96,1.06,16191,United Kingdom
543828,2011-02-14 09:45:00,24,2.1,14156,EIRE
543828,2011-02-14 09:45:00,12,1.25,14156,EIRE
543828,2011-02-14 09:45:00,12,1.25,14156,EIRE
543828,2011-02-14 09:45:00,12,2.55,14156,EIRE
543828,2011-02-14 09:45:00,4,14.95,14156,EIRE
543828,2011-02-14 09:45:00,48,2.55,14156,EIRE
543828,2011-02-14 09:45:00,24,1.25,14156,EIRE
543828,2011-02-14 09:45:00,12,2.95,14156,EIRE
543828,2011-02-14 09:45:00,12,4.65,14156,EIRE
543828,2011-02-14 09:45:00,4,3.75,14156,EIRE
543828,2011-02-14 09:45:00,96,0.72,14156,EIRE
543828,2011-02-14 09:45:00,4,5.95,14156,EIRE
543828,2011-02-14 09:45:00,16,10.95,14156,EIRE
543828,2011-02-14 09:45:00,12,8.5,14156,EIRE
543828,2011-02-14 09:45:00,6,3.75,14156,EIRE
543828,2011-02-14 09:45:00,24,1.25,14156,EIRE
543828,2011-02-14 09:45:00,10,1.25,14156,EIRE
543828,2011-02-14 09:45:00,4,8.5,14156,EIRE
543828,2011-02-14 09:45:00,12,2.95,14156,EIRE
543828,2011-02-14 09:45:00,12,1.25,14156,EIRE
543828,2011-02-14 09:45:00,10,1.65,14156,EIRE
543828,2011-02-14 09:45:00,10,1.65,14156,EIRE
543828,2011-02-14 09:45:00,10,1.65,14156,EIRE
543828,2011-02-14 09:45:00,10,1.65,14156,EIRE
543828,2011-02-14 09:45:00,10,1.65,14156,EIRE
543828,2011-02-14 09:45:00,10,1.65,14156,EIRE
543828,2011-02-14 09:45:00,10,1.25,14156,EIRE
543828,2011-02-14 09:45:00,10,1.65,14156,EIRE
543828,2011-02-14 09:45:00,10,1.95,14156,EIRE
543828,2011-02-14 09:45:00,24,2.1,14156,EIRE
543828,2011-02-14 09:45:00,12,1.65,14156,EIRE
543828,2011-02-14 09:45:00,10,0.85,14156,EIRE
543828,2011-02-14 09:45:00,10,0.85,14156,EIRE
543828,2011-02-14 09:45:00,10,0.85,14156,EIRE
543828,2011-02-14 09:45:00,12,0.85,14156,EIRE
543828,2011-02-14 09:45:00,10,1.95,14156,EIRE
543828,2011-02-14 09:45:00,24,2.55,14156,EIRE
543828,2011-02-14 09:45:00,4,5.95,14156,EIRE
543828,2011-02-14 09:45:00,6,5.95,14156,EIRE
543828,2011-02-14 09:45:00,4,8.5,14156,EIRE
543828,2011-02-14 09:45:00,4,9.95,14156,EIRE
543828,2011-02-14 09:45:00,6,2.95,14156,EIRE
543828,2011-02-14 09:45:00,6,2.95,14156,EIRE
543828,2011-02-14 09:45:00,12,0.85,14156,EIRE
543828,2011-02-14 09:45:00,12,1.45,14156,EIRE
543828,2011-02-14 09:45:00,24,1.45,14156,EIRE
543828,2011-02-14 09:45:00,6,6.75,14156,EIRE
543828,2011-02-14 09:45:00,8,4.95,14156,EIRE
543828,2011-02-14 09:45:00,12,1.45,14156,EIRE
543828,2011-02-14 09:45:00,12,1.25,14156,EIRE
543828,2011-02-14 09:45:00,8,2.1,14156,EIRE
543828,2011-02-14 09:45:00,3,4.95,14156,EIRE
543828,2011-02-14 09:45:00,4,3.95,14156,EIRE
543828,2011-02-14 09:45:00,4,3.95,14156,EIRE
543828,2011-02-14 09:45:00,8,1.95,14156,EIRE
543828,2011-02-14 09:45:00,12,1.45,14156,EIRE
543828,2011-02-14 09:45:00,24,1.25,14156,EIRE
543828,2011-02-14 09:45:00,12,0.85,14156,EIRE
543828,2011-02-14 09:45:00,10,1.25,14156,EIRE
543828,2011-02-14 09:45:00,12,0.85,14156,EIRE
543828,2011-02-14 09:45:00,8,1.95,14156,EIRE
543828,2011-02-14 09:45:00,6,2.95,14156,EIRE
543828,2011-02-14 09:45:00,12,1.45,14156,EIRE
543828,2011-02-14 09:45:00,12,2.55,14156,EIRE
543828,2011-02-14 09:45:00,12,1.25,14156,EIRE
543828,2011-02-14 09:45:00,12,1.25,14156,EIRE
543828,2011-02-14 09:45:00,12,1.25,14156,EIRE
543828,2011-02-14 09:45:00,10,1.25,14156,EIRE
543828,2011-02-14 09:45:00,10,1.25,14156,EIRE
543828,2011-02-14 09:45:00,10,1.25,14156,EIRE
543828,2011-02-14 09:45:00,10,1.25,14156,EIRE
543828,2011-02-14 09:45:00,10,1.25,14156,EIRE
543828,2011-02-14 09:45:00,10,1.25,14156,EIRE
543828,2011-02-14 09:45:00,10,1.25,14156,EIRE
543828,2011-02-14 09:45:00,10,1.25,14156,EIRE
543828,2011-02-14 09:45:00,10,1.25,14156,EIRE
544074,2011-02-15 14:49:00,4,1.25,14156,EIRE
544074,2011-02-15 14:49:00,12,0.85,14156,EIRE
544074,2011-02-15 14:49:00,12,0.85,14156,EIRE
544074,2011-02-15 14:49:00,6,1.65,14156,EIRE
544074,2011-02-15 14:49:00,4,1.25,14156,EIRE
544074,2011-02-15 14:49:00,6,1.25,14156,EIRE
544074,2011-02-15 14:49:00,4,1.65,14156,EIRE
544074,2011-02-15 14:49:00,2,2.1,14156,EIRE
544074,2011-02-15 14:49:00,4,2.95,14156,EIRE
544074,2011-02-15 14:49:00,4,1.25,14156,EIRE
544074,2011-02-15 14:49:00,5,1.25,14156,EIRE
544074,2011-02-15 14:49:00,3,4.15,14156,EIRE
544074,2011-02-15 14:49:00,2,5.95,14156,EIRE
544074,2011-02-15 14:49:00,4,1.45,14156,EIRE
544074,2011-02-15 14:49:00,2,1.45,14156,EIRE
544074,2011-02-15 14:49:00,2,1.45,14156,EIRE
544074,2011-02-15 14:49:00,4,2.95,14156,EIRE
544074,2011-02-15 14:49:00,1,9.95,14156,EIRE
544074,2011-02-15 14:49:00,1,9.95,14156,EIRE
544074,2011-02-15 14:49:00,4,1.25,14156,EIRE
544074,2011-02-15 14:49:00,4,1.25,14156,EIRE
544074,2011-02-15 14:49:00,4,1.25,14156,EIRE
544074,2011-02-15 14:49:00,10,2.1,14156,EIRE
544074,2011-02-15 14:49:00,4,1.65,14156,EIRE
544074,2011-02-15 14:49:00,4,1.45,14156,EIRE
544074,2011-02-15 14:49:00,4,1.25,14156,EIRE
544074,2011-02-15 14:49:00,2,3.75,14156,EIRE
544074,2011-02-15 14:49:00,4,1.65,14156,EIRE
544074,2011-02-15 14:49:00,3,2.95,14156,EIRE
544074,2011-02-15 14:49:00,3,2.95,14156,EIRE
544074,2011-02-15 14:49:00,3,2.95,14156,EIRE
544074,2011-02-15 14:49:00,3,2.95,14156,EIRE
544074,2011-02-15 14:49:00,2,4.25,14156,EIRE
544074,2011-02-15 14:49:00,2,2.95,14156,EIRE
544074,2011-02-15 14:49:00,2,4.65,14156,EIRE
544074,2011-02-15 14:49:00,2,4.95,14156,EIRE
544074,2011-02-15 14:49:00,2,3.75,14156,EIRE
544074,2011-02-15 14:49:00,2,3.75,14156,EIRE
544074,2011-02-15 14:49:00,1,5.95,14156,EIRE
544074,2011-02-15 14:49:00,4,2.1,14156,EIRE
544074,2011-02-15 14:49:00,4,2.1,14156,EIRE
544074,2011-02-15 14:49:00,1,1.25,14156,EIRE
544074,2011-02-15 14:49:00,2,1.95,14156,EIRE
544074,2011-02-15 14:49:00,2,1.95,14156,EIRE
544074,2011-02-15 14:49:00,2,1.95,14156,EIRE
544074,2011-02-15 14:49:00,2,2.1,14156,EIRE
544074,2011-02-15 14:49:00,2,1.25,14156,EIRE
544074,2011-02-15 14:49:00,2,1.25,14156,EIRE
544074,2011-02-15 14:49:00,4,1.25,14156,EIRE
544074,2011-02-15 14:49:00,2,2.55,14156,EIRE
544074,2011-02-15 14:49:00,1,3.75,14156,EIRE
544074,2011-02-15 14:49:00,2,2.95,14156,EIRE
544074,2011-02-15 14:49:00,4,2.55,14156,EIRE
544074,2011-02-15 14:49:00,4,1.25,14156,EIRE
544074,2011-02-15 14:49:00,12,0.85,14156,EIRE
544074,2011-02-15 14:49:00,5,0.55,14156,EIRE
544074,2011-02-15 14:49:00,4,2.95,14156,EIRE
544074,2011-02-15 14:49:00,12,1.25,14156,EIRE
544074,2011-02-15 14:49:00,12,1.25,14156,EIRE
544074,2011-02-15 14:49:00,12,1.25,14156,EIRE
544074,2011-02-15 14:49:00,1,4.95,14156,EIRE
544074,2011-02-15 14:49:00,2,4.95,14156,EIRE
544074,2011-02-15 14:49:00,5,2.55,14156,EIRE
544074,2011-02-15 14:49:00,4,2.95,14156,EIRE
544074,2011-02-15 14:49:00,4,1.25,14156,EIRE
544074,2011-02-15 14:49:00,4,1.25,14156,EIRE
544074,2011-02-15 14:49:00,12,1.25,14156,EIRE
544074,2011-02-15 14:49:00,12,0.85,14156,EIRE
544074,2011-02-15 14:49:00,2,8.5,14156,EIRE
544074,2011-02-15 14:49:00,1,2.55,14156,EIRE
544074,2011-02-15 14:49:00,36,0.85,14156,EIRE
544074,2011-02-15 14:49:00,6,1.65,14156,EIRE
544074,2011-02-15 14:49:00,6,1.65,14156,EIRE
544074,2011-02-15 14:49:00,2,2.95,14156,EIRE
544074,2011-02-15 14:49:00,2,1.95,14156,EIRE
544074,2011-02-15 14:49:00,2,1.95,14156,EIRE
544074,2011-02-15 14:49:00,2,1.95,14156,EIRE
544074,2011-02-15 14:49:00,2,1.95,14156,EIRE
544074,2011-02-15 14:49:00,2,1.95,14156,EIRE
544074,2011-02-15 14:49:00,2,1.95,14156,EIRE
544074,2011-02-15 14:49:00,4,2.95,14156,EIRE
544074,2011-02-15 14:49:00,3,2.95,14156,EIRE
544074,2011-02-15 14:49:00,4,2.95,14156,EIRE
544074,2011-02-15 14:49:00,2,4.95,14156,EIRE
544074,2011-02-15 14:49:00,4,2.55,14156,EIRE
544074,2011-02-15 14:49:00,4,2.95,14156,EIRE
544074,2011-02-15 14:49:00,2,3.35,14156,EIRE
544074,2011-02-15 14:49:00,2,3.35,14156,EIRE
544074,2011-02-15 14:49:00,2,2.1,14156,EIRE
544074,2011-02-15 14:49:00,2,2.1,14156,EIRE
544074,2011-02-15 14:49:00,2,2.1,14156,EIRE
544074,2011-02-15 14:49:00,24,0.85,14156,EIRE
544074,2011-02-15 14:49:00,2,4.95,14156,EIRE
544074,2011-02-15 14:49:00,2,1.45,14156,EIRE
544074,2011-02-15 14:49:00,2,2.1,14156,EIRE
544074,2011-02-15 14:49:00,6,0.55,14156,EIRE
544074,2011-02-15 14:49:00,2,2.95,14156,EIRE
544074,2011-02-15 14:49:00,16,0.65,14156,EIRE
544074,2011-02-15 14:49:00,2,2.08,14156,EIRE
544074,2011-02-15 14:49:00,2,1.45,14156,EIRE
544074,2011-02-15 14:49:00,2,2.95,14156,EIRE
544074,2011-02-15 14:49:00,2,5.95,14156,EIRE
544074,2011-02-15 14:49:00,2,5.95,14156,EIRE
544074,2011-02-15 14:49:00,2,5.95,14156,EIRE
544074,2011-02-15 14:49:00,2,1.25,14156,EIRE
544074,2011-02-15 14:49:00,4,2.55,14156,EIRE
544074,2011-02-15 14:49:00,6,0.65,14156,EIRE
544074,2011-02-15 14:49:00,4,1.25,14156,EIRE
544074,2011-02-15 14:49:00,2,2.1,14156,EIRE
544074,2011-02-15 14:49:00,4,2.55,14156,EIRE
544075,2011-02-15 14:50:00,50,3.39,14156,EIRE
544075,2011-02-15 14:50:00,144,1.85,14156,EIRE
544075,2011-02-15 14:50:00,96,1.45,14156,EIRE
544075,2011-02-15 14:50:00,64,1.65,14156,EIRE
544075,2011-02-15 14:50:00,200,0.34,14156,EIRE
544075,2011-02-15 14:50:00,48,2.55,14156,EIRE
544075,2011-02-15 14:50:00,300,0.34,14156,EIRE
544075,2011-02-15 14:50:00,300,0.34,14156,EIRE
544075,2011-02-15 14:50:00,50,3.39,14156,EIRE
544075,2011-02-15 14:50:00,96,2.1,14156,EIRE
544075,2011-02-15 14:50:00,50,3.39,14156,EIRE
544075,2011-02-15 14:50:00,144,1.06,14156,EIRE
544075,2011-02-15 14:50:00,24,5.95,14156,EIRE
544075,2011-02-15 14:50:00,16,12.75,14156,EIRE
544075,2011-02-15 14:50:00,16,12.75,14156,EIRE
544075,2011-02-15 14:50:00,48,2.55,14156,EIRE
544075,2011-02-15 14:50:00,64,2.1,14156,EIRE
544075,2011-02-15 14:50:00,72,4.95,14156,EIRE
544075,2011-02-15 14:50:00,18,5.45,14156,EIRE
544075,2011-02-15 14:50:00,24,4.95,14156,EIRE
544075,2011-02-15 14:50:00,24,2.55,14156,EIRE
544075,2011-02-15 14:50:00,60,2.55,14156,EIRE
544075,2011-02-15 14:50:00,24,5.95,14156,EIRE
544604,2011-02-22 09:11:00,96,2.1,13576,United Kingdom
544604,2011-02-22 09:11:00,48,3.39,13576,United Kingdom
544657,2011-02-22 13:08:00,6,4.25,14895,United Kingdom
544657,2011-02-22 13:08:00,6,3.25,14895,United Kingdom
544657,2011-02-22 13:08:00,12,1.25,14895,United Kingdom
544657,2011-02-22 13:08:00,2,7.95,14895,United Kingdom
544657,2011-02-22 13:08:00,12,1.25,14895,United Kingdom
544657,2011-02-22 13:08:00,4,3.95,14895,United Kingdom
544657,2011-02-22 13:08:00,4,3.95,14895,United Kingdom
544657,2011-02-22 13:08:00,3,4.95,14895,United Kingdom
544657,2011-02-22 13:08:00,12,1.25,14895,United Kingdom
544657,2011-02-22 13:08:00,12,0.85,14895,United Kingdom
544657,2011-02-22 13:08:00,12,1.25,14895,United Kingdom
544657,2011-02-22 13:08:00,4,4.95,14895,United Kingdom
544657,2011-02-22 13:08:00,6,2.95,14895,United Kingdom
544657,2011-02-22 13:08:00,6,9.95,14895,United Kingdom
544657,2011-02-22 13:08:00,8,1.45,14895,United Kingdom
544657,2011-02-22 13:08:00,12,0.85,14895,United Kingdom
544657,2011-02-22 13:08:00,12,1.25,14895,United Kingdom
544657,2011-02-22 13:08:00,4,3.75,14895,United Kingdom
544657,2011-02-22 13:08:00,6,2.95,14895,United Kingdom
544657,2011-02-22 13:08:00,2,7.65,14895,United Kingdom
544657,2011-02-22 13:08:00,24,0.55,14895,United Kingdom
544657,2011-02-22 13:08:00,24,0.55,14895,United Kingdom
544657,2011-02-22 13:08:00,12,1.25,14895,United Kingdom
544657,2011-02-22 13:08:00,6,2.55,14895,United Kingdom
544657,2011-02-22 13:08:00,12,2.1,14895,United Kingdom
544657,2011-02-22 13:08:00,12,2.08,14895,United Kingdom
544657,2011-02-22 13:08:00,12,1.25,14895,United Kingdom
544657,2011-02-22 13:08:00,4,3.75,14895,United Kingdom
544657,2011-02-22 13:08:00,6,2.95,14895,United Kingdom
544657,2011-02-22 13:08:00,2,8.5,14895,United Kingdom
544657,2011-02-22 13:08:00,12,1.69,14895,United Kingdom
544657,2011-02-22 13:08:00,8,4.95,14895,United Kingdom
544657,2011-02-22 13:08:00,4,3.75,14895,United Kingdom
544657,2011-02-22 13:08:00,4,3.75,14895,United Kingdom
544657,2011-02-22 13:08:00,4,4.25,14895,United Kingdom
544657,2011-02-22 13:08:00,12,1.25,14895,United Kingdom
544657,2011-02-22 13:08:00,6,7.95,14895,United Kingdom
544657,2011-02-22 13:08:00,6,2.95,14895,United Kingdom
544657,2011-02-22 13:08:00,24,0.42,14895,United Kingdom
544657,2011-02-22 13:08:00,12,1.95,14895,United Kingdom
544657,2011-02-22 13:08:00,3,9.95,14895,United Kingdom
544657,2011-02-22 13:08:00,12,1.25,14895,United Kingdom
544657,2011-02-22 13:08:00,2,16.95,14895,United Kingdom
544657,2011-02-22 13:08:00,6,2.95,14895,United Kingdom
544657,2011-02-22 13:08:00,4,4.95,14895,United Kingdom
544657,2011-02-22 13:08:00,3,12.75,14895,United Kingdom
544657,2011-02-22 13:08:00,3,5.95,14895,United Kingdom
544657,2011-02-22 13:08:00,4,4.25,14895,United Kingdom
544657,2011-02-22 13:08:00,2,9.95,14895,United Kingdom
544657,2011-02-22 13:08:00,2,8.95,14895,United Kingdom
544657,2011-02-22 13:08:00,6,2.55,14895,United Kingdom
544657,2011-02-22 13:08:00,2,7.95,14895,United Kingdom
544657,2011-02-22 13:08:00,3,9.95,14895,United Kingdom
544657,2011-02-22 13:08:00,2,5.95,14895,United Kingdom
544657,2011-02-22 13:08:00,6,3.25,14895,United Kingdom
544657,2011-02-22 13:08:00,2,8.5,14895,United Kingdom
544657,2011-02-22 13:08:00,1,35.95,14895,United Kingdom
544657,2011-02-22 13:08:00,12,2.1,14895,United Kingdom
544657,2011-02-22 13:08:00,6,2.95,14895,United Kingdom
544657,2011-02-22 13:08:00,8,1.95,14895,United Kingdom
544657,2011-02-22 13:08:00,12,1.25,14895,United Kingdom
544657,2011-02-22 13:08:00,4,3.75,14895,United Kingdom
544657,2011-02-22 13:08:00,4,3.75,14895,United Kingdom
544657,2011-02-22 13:08:00,4,3.75,14895,United Kingdom
544657,2011-02-22 13:08:00,12,1.95,14895,United Kingdom
544657,2011-02-22 13:08:00,2,9.95,14895,United Kingdom
544657,2011-02-22 13:08:00,12,1.65,14895,United Kingdom
544657,2011-02-22 13:08:00,12,1.25,14895,United Kingdom
544657,2011-02-22 13:08:00,12,1.65,14895,United Kingdom
544657,2011-02-22 13:08:00,25,0.42,14895,United Kingdom
544657,2011-02-22 13:08:00,25,0.42,14895,United Kingdom
544657,2011-02-22 13:08:00,25,0.42,14895,United Kingdom
544657,2011-02-22 13:08:00,10,1.65,14895,United Kingdom
544657,2011-02-22 13:08:00,25,0.42,14895,United Kingdom
544657,2011-02-22 13:08:00,2,9.95,14895,United Kingdom
544657,2011-02-22 13:08:00,4,5.95,14895,United Kingdom
544657,2011-02-22 13:08:00,4,3.75,14895,United Kingdom
544657,2011-02-22 13:08:00,2,5.95,14895,United Kingdom
544657,2011-02-22 13:08:00,2,5.95,14895,United Kingdom
544657,2011-02-22 13:08:00,2,10.75,14895,United Kingdom
544657,2011-02-22 13:08:00,24,0.42,14895,United Kingdom
544657,2011-02-22 13:08:00,36,1.06,14895,United Kingdom
544657,2011-02-22 13:08:00,6,4.95,14895,United Kingdom
544657,2011-02-22 13:08:00,6,2.95,14895,United Kingdom
544657,2011-02-22 13:08:00,6,2.95,14895,United Kingdom
544657,2011-02-22 13:08:00,6,2.95,14895,United Kingdom
544657,2011-02-22 13:08:00,2,7.95,14895,United Kingdom
544657,2011-02-22 13:08:00,4,4.95,14895,United Kingdom
544657,2011-02-22 13:08:00,12,1.25,14895,United Kingdom
544657,2011-02-22 13:08:00,3,4.95,14895,United Kingdom
544657,2011-02-22 13:08:00,6,2.55,14895,United Kingdom
544657,2011-02-22 13:08:00,12,0.85,14895,United Kingdom
544657,2011-02-22 13:08:00,10,1.45,14895,United Kingdom
544657,2011-02-22 13:08:00,6,2.95,14895,United Kingdom
544657,2011-02-22 13:08:00,18,2.55,14895,United Kingdom
544657,2011-02-22 13:08:00,6,2.55,14895,United Kingdom
544657,2011-02-22 13:08:00,2,9.95,14895,United Kingdom
544657,2011-02-22 13:08:00,4,4.95,14895,United Kingdom
544657,2011-02-22 13:08:00,6,2.55,14895,United Kingdom
544657,2011-02-22 13:08:00,24,0.55,14895,United Kingdom
544657,2011-02-22 13:08:00,24,1.25,14895,United Kingdom
544657,2011-02-22 13:08:00,2,9.95,14895,United Kingdom
544657,2011-02-22 13:08:00,1,16.95,14895,United Kingdom
544657,2011-02-22 13:08:00,6,3.25,14895,United Kingdom
544657,2011-02-22 13:08:00,6,2.95,14895,United Kingdom
544657,2011-02-22 13:08:00,6,2.55,14895,United Kingdom
544657,2011-02-22 13:08:00,12,2.95,14895,United Kingdom
544657,2011-02-22 13:08:00,12,1.25,14895,United Kingdom
544657,2011-02-22 13:08:00,4,10.95,14895,United Kingdom
544657,2011-02-22 13:08:00,2,9.95,14895,United Kingdom
544657,2011-02-22 13:08:00,10,8.5,14895,United Kingdom
544657,2011-02-22 13:08:00,6,2.95,14895,United Kingdom
544657,2011-02-22 13:08:00,12,1.49,14895,United Kingdom
544657,2011-02-22 13:08:00,4,4.95,14895,United Kingdom
544657,2011-02-22 13:08:00,6,3.75,14895,United Kingdom
544657,2011-02-22 13:08:00,3,9.95,14895,United Kingdom
544657,2011-02-22 13:08:00,6,2.55,14895,United Kingdom
544657,2011-02-22 13:08:00,3,5.95,14895,United Kingdom
544690,2011-02-23 08:48:00,32,2.55,14156,EIRE
544690,2011-02-23 08:48:00,36,2.1,14156,EIRE
544690,2011-02-23 08:48:00,36,2.1,14156,EIRE
544690,2011-02-23 08:48:00,400,0.72,14156,EIRE
544690,2011-02-23 08:48:00,8,8.5,14156,EIRE
544690,2011-02-23 08:48:00,32,2.55,14156,EIRE
544690,2011-02-23 08:48:00,32,2.55,14156,EIRE
544690,2011-02-23 08:48:00,12,5.95,14156,EIRE
544690,2011-02-23 08:48:00,12,7.65,14156,EIRE
544690,2011-02-23 08:48:00,4,14.95,14156,EIRE
544690,2011-02-23 08:48:00,12,5.95,14156,EIRE
544690,2011-02-23 08:48:00,12,7.65,14156,EIRE
544690,2011-02-23 08:48:00,12,6.95,14156,EIRE
544690,2011-02-23 08:48:00,12,6.95,14156,EIRE
544690,2011-02-23 08:48:00,16,10.95,14156,EIRE
544846,2011-02-24 11:11:00,6,1.25,16719,United Kingdom
544846,2011-02-24 11:11:00,1,12.75,16719,United Kingdom
544846,2011-02-24 11:11:00,2,6.75,16719,United Kingdom
544846,2011-02-24 11:11:00,4,5.75,16719,United Kingdom
544846,2011-02-24 11:11:00,1,5.95,16719,United Kingdom
544846,2011-02-24 11:11:00,1,9.95,16719,United Kingdom
544846,2011-02-24 11:11:00,24,0.42,16719,United Kingdom
544846,2011-02-24 11:11:00,2,1.65,16719,United Kingdom
544846,2011-02-24 11:11:00,2,1.25,16719,United Kingdom
544846,2011-02-24 11:11:00,6,2.55,16719,United Kingdom
544846,2011-02-24 11:11:00,2,2.55,16719,United Kingdom
544846,2011-02-24 11:11:00,1,2.1,16719,United Kingdom
544846,2011-02-24 11:11:00,1,2.95,16719,United Kingdom
544846,2011-02-24 11:11:00,2,8.5,16719,United Kingdom
544846,2011-02-24 11:11:00,25,0.42,16719,United Kingdom
544846,2011-02-24 11:11:00,25,0.42,16719,United Kingdom
544846,2011-02-24 11:11:00,25,0.42,16719,United Kingdom
544846,2011-02-24 11:11:00,1,0.95,16719,United Kingdom
544846,2011-02-24 11:11:00,2,2.95,16719,United Kingdom
545054,2011-02-27 12:41:00,2,2.95,14472,United Kingdom
545054,2011-02-27 12:41:00,1,4.25,14472,United Kingdom
545054,2011-02-27 12:41:00,1,4.25,14472,United Kingdom
545054,2011-02-27 12:41:00,2,4.25,14472,United Kingdom
545054,2011-02-27 12:41:00,1,4.25,14472,United Kingdom
545054,2011-02-27 12:41:00,2,4.25,14472,United Kingdom
545054,2011-02-27 12:41:00,2,1.95,14472,United Kingdom
545054,2011-02-27 12:41:00,2,2.1,14472,United Kingdom
545054,2011-02-27 12:41:00,2,2.55,14472,United Kingdom
545054,2011-02-27 12:41:00,2,1.25,14472,United Kingdom
545054,2011-02-27 12:41:00,1,2.95,14472,United Kingdom
545054,2011-02-27 12:41:00,12,2.55,14472,United Kingdom
545054,2011-02-27 12:41:00,4,5.95,14472,United Kingdom
545054,2011-02-27 12:41:00,4,2.1,14472,United Kingdom
545054,2011-02-27 12:41:00,3,9.95,14472,United Kingdom
545054,2011-02-27 12:41:00,25,0.42,14472,United Kingdom
545054,2011-02-27 12:41:00,2,2.95,14472,United Kingdom
545054,2011-02-27 12:41:00,2,7.95,14472,United Kingdom
545054,2011-02-27 12:41:00,2,1.45,14472,United Kingdom
545054,2011-02-27 12:41:00,2,9.95,14472,United Kingdom
545054,2011-02-27 12:41:00,1,5.95,14472,United Kingdom
545054,2011-02-27 12:41:00,8,1.69,14472,United Kingdom
545054,2011-02-27 12:41:00,4,1.65,14472,United Kingdom
545054,2011-02-27 12:41:00,12,0.42,14472,United Kingdom
545054,2011-02-27 12:41:00,12,0.42,14472,United Kingdom
545054,2011-02-27 12:41:00,24,0.42,14472,United Kingdom
545054,2011-02-27 12:41:00,1,7.95,14472,United Kingdom
545054,2011-02-27 12:41:00,25,0.42,14472,United Kingdom
545054,2011-02-27 12:41:00,25,0.42,14472,United Kingdom
545054,2011-02-27 12:41:00,5,2.95,14472,United Kingdom
545054,2011-02-27 12:41:00,4,1.69,14472,United Kingdom
545054,2011-02-27 12:41:00,6,1.25,14472,United Kingdom
545054,2011-02-27 12:41:00,1,2.1,14472,United Kingdom
545054,2011-02-27 12:41:00,10,0.85,14472,United Kingdom
545054,2011-02-27 12:41:00,1,0.85,14472,United Kingdom
545054,2011-02-27 12:41:00,2,0.85,14472,United Kingdom
545054,2011-02-27 12:41:00,1,1.25,14472,United Kingdom
545054,2011-02-27 12:41:00,1,0.85,14472,United Kingdom
545054,2011-02-27 12:41:00,1,1.65,14472,United Kingdom
545054,2011-02-27 12:41:00,1,1.25,14472,United Kingdom
545054,2011-02-27 12:41:00,3,0.85,14472,United Kingdom
545054,2011-02-27 12:41:00,2,0.85,14472,United Kingdom
545054,2011-02-27 12:41:00,3,1.25,14472,United Kingdom
545054,2011-02-27 12:41:00,3,0.85,14472,United Kingdom
545054,2011-02-27 12:41:00,4,1.25,14472,United Kingdom
545054,2011-02-27 12:41:00,3,1.25,14472,United Kingdom
545054,2011-02-27 12:41:00,2,1.45,14472,United Kingdom
545054,2011-02-27 12:41:00,2,0.85,14472,United Kingdom
545054,2011-02-27 12:41:00,2,0.85,14472,United Kingdom
545054,2011-02-27 12:41:00,1,1.45,14472,United Kingdom
545054,2011-02-27 12:41:00,2,1.25,14472,United Kingdom
545054,2011-02-27 12:41:00,6,1.25,14472,United Kingdom
545054,2011-02-27 12:41:00,6,0.85,14472,United Kingdom
545054,2011-02-27 12:41:00,2,1.25,14472,United Kingdom
545054,2011-02-27 12:41:00,2,1.65,14472,United Kingdom
545054,2011-02-27 12:41:00,2,1.65,14472,United Kingdom
545054,2011-02-27 12:41:00,2,1.25,14472,United Kingdom
545054,2011-02-27 12:41:00,2,1.65,14472,United Kingdom
545054,2011-02-27 12:41:00,2,0.85,14472,United Kingdom
545054,2011-02-27 12:41:00,2,1.25,14472,United Kingdom
545054,2011-02-27 12:41:00,4,1.25,14472,United Kingdom
545054,2011-02-27 12:41:00,8,0.65,14472,United Kingdom
545054,2011-02-27 12:41:00,1,0.42,14472,United Kingdom
545054,2011-02-27 12:41:00,2,1.65,14472,United Kingdom
545054,2011-02-27 12:41:00,3,0.42,14472,United Kingdom
545054,2011-02-27 12:41:00,1,1.65,14472,United Kingdom
545320,2011-03-01 14:47:00,192,1.65,14156,EIRE
545320,2011-03-01 14:47:00,120,2.55,14156,EIRE
545320,2011-03-01 14:47:00,117,2.55,14156,EIRE
545320,2011-03-01 14:47:00,72,2.75,14156,EIRE
545320,2011-03-01 14:47:00,72,2.75,14156,EIRE
545320,2011-03-01 14:47:00,96,12.75,14156,EIRE
545463,2011-03-03 08:36:00,48,0.85,13784,United Kingdom
545463,2011-03-03 08:36:00,3,12.75,13784,United Kingdom
545463,2011-03-03 08:36:00,6,2.95,13784,United Kingdom
545595,2011-03-04 10:39:00,1,5.95,14570,United Kingdom
545595,2011-03-04 10:39:00,2,2.1,14570,United Kingdom
545595,2011-03-04 10:39:00,2,2.1,14570,United Kingdom
545595,2011-03-04 10:39:00,2,2.1,14570,United Kingdom
545595,2011-03-04 10:39:00,2,2.1,14570,United Kingdom
545595,2011-03-04 10:39:00,3,1.45,14570,United Kingdom
545595,2011-03-04 10:39:00,4,1.25,14570,United Kingdom
545595,2011-03-04 10:39:00,4,1.49,14570,United Kingdom
545595,2011-03-04 10:39:00,6,1.25,14570,United Kingdom
545595,2011-03-04 10:39:00,13,5.95,14570,United Kingdom
545595,2011-03-04 10:39:00,12,0.42,14570,United Kingdom
545595,2011-03-04 10:39:00,12,0.29,14570,United Kingdom
545595,2011-03-04 10:39:00,1,2.95,14570,United Kingdom
545595,2011-03-04 10:39:00,1,2.95,14570,United Kingdom
545595,2011-03-04 10:39:00,12,0.29,14570,United Kingdom
545595,2011-03-04 10:39:00,1,2.95,14570,United Kingdom
545595,2011-03-04 10:39:00,1,7.95,14570,United Kingdom
545595,2011-03-04 10:39:00,3,2.95,14570,United Kingdom
545595,2011-03-04 10:39:00,1,0.85,14570,United Kingdom
545595,2011-03-04 10:39:00,2,3.25,14570,United Kingdom
545597,2011-03-04 10:58:00,1,9.95,14570,United Kingdom
545597,2011-03-04 10:58:00,1,9.95,14570,United Kingdom
545597,2011-03-04 10:58:00,1,3.75,14570,United Kingdom
545597,2011-03-04 10:58:00,1,2.95,14570,United Kingdom
545597,2011-03-04 10:58:00,1,3.5,14570,United Kingdom
545597,2011-03-04 10:58:00,1,4.95,14570,United Kingdom
545597,2011-03-04 10:58:00,1,4.95,14570,United Kingdom
545597,2011-03-04 10:58:00,2,2.95,14570,United Kingdom
545597,2011-03-04 10:58:00,1,4.25,14570,United Kingdom
545697,2011-03-06 14:38:00,1,2.1,14504,United Kingdom
545697,2011-03-06 14:38:00,1,1.45,14504,United Kingdom
545697,2011-03-06 14:38:00,1,1.45,14504,United Kingdom
545697,2011-03-06 14:38:00,1,0.65,14504,United Kingdom
545697,2011-03-06 14:38:00,1,0.65,14504,United Kingdom
545697,2011-03-06 14:38:00,1,8.5,14504,United Kingdom
545697,2011-03-06 14:38:00,1,8.5,14504,United Kingdom
545697,2011-03-06 14:38:00,1,4.95,14504,United Kingdom
545697,2011-03-06 14:38:00,1,6.75,14504,United Kingdom
545697,2011-03-06 14:38:00,1,2.95,14504,United Kingdom
545697,2011-03-06 14:38:00,1,5.95,14504,United Kingdom
545697,2011-03-06 14:38:00,1,8.5,14504,United Kingdom
545697,2011-03-06 14:38:00,1,4.25,14504,United Kingdom
545697,2011-03-06 14:38:00,1,2.1,14504,United Kingdom
545697,2011-03-06 14:38:00,25,0.42,14504,United Kingdom
545697,2011-03-06 14:38:00,1,2.55,14504,United Kingdom
545697,2011-03-06 14:38:00,1,3.25,14504,United Kingdom
545697,2011-03-06 14:38:00,1,9.95,14504,United Kingdom
545697,2011-03-06 14:38:00,1,7.9,14504,United Kingdom
545697,2011-03-06 14:38:00,8,1.69,14504,United Kingdom
545697,2011-03-06 14:38:00,1,2.95,14504,United Kingdom
545697,2011-03-06 14:38:00,1,2.55,14504,United Kingdom
545697,2011-03-06 14:38:00,2,1.25,14504,United Kingdom
545697,2011-03-06 14:38:00,1,2.95,14504,United Kingdom
545697,2011-03-06 14:38:00,2,1.25,14504,United Kingdom
545697,2011-03-06 14:38:00,12,0.42,14504,United Kingdom
545697,2011-03-06 14:38:00,12,0.42,14504,United Kingdom
545697,2011-03-06 14:38:00,12,0.42,14504,United Kingdom
545697,2011-03-06 14:38:00,2,2.95,14504,United Kingdom
545697,2011-03-06 14:38:00,1,0.65,14504,United Kingdom
545697,2011-03-06 14:38:00,1,0.65,14504,United Kingdom
545697,2011-03-06 14:38:00,12,0.42,14504,United Kingdom
546172,2011-03-10 10:32:00,12,1.25,14156,EIRE
546172,2011-03-10 10:32:00,5,2.1,14156,EIRE
546172,2011-03-10 10:32:00,8,1.95,14156,EIRE
546172,2011-03-10 10:32:00,2,4.95,14156,EIRE
546172,2011-03-10 10:32:00,12,1.49,14156,EIRE
546172,2011-03-10 10:32:00,24,0.29,14156,EIRE
546172,2011-03-10 10:32:00,1,50.0,14156,EIRE
546172,2011-03-10 10:32:00,10,1.65,14156,EIRE
546172,2011-03-10 10:32:00,10,1.65,14156,EIRE
546172,2011-03-10 10:32:00,6,4.95,14156,EIRE
546172,2011-03-10 10:32:00,12,1.65,14156,EIRE
546172,2011-03-10 10:32:00,12,1.65,14156,EIRE
546172,2011-03-10 10:32:00,4,4.95,14156,EIRE
546172,2011-03-10 10:32:00,10,1.95,14156,EIRE
546172,2011-03-10 10:32:00,8,4.95,14156,EIRE
546172,2011-03-10 10:32:00,2,8.5,14156,EIRE
546172,2011-03-10 10:32:00,6,2.95,14156,EIRE
546172,2011-03-10 10:32:00,2,8.5,14156,EIRE
546172,2011-03-10 10:32:00,4,3.95,14156,EIRE
546172,2011-03-10 10:32:00,12,1.25,14156,EIRE
546172,2011-03-10 10:32:00,12,1.45,14156,EIRE
546172,2011-03-10 10:32:00,12,1.45,14156,EIRE
546172,2011-03-10 10:32:00,6,3.75,14156,EIRE
546172,2011-03-10 10:32:00,12,3.75,14156,EIRE
546172,2011-03-10 10:32:00,12,0.85,14156,EIRE
546172,2011-03-10 10:32:00,6,2.95,14156,EIRE
546172,2011-03-10 10:32:00,6,2.95,14156,EIRE
546172,2011-03-10 10:32:00,12,0.85,14156,EIRE
546172,2011-03-10 10:32:00,12,1.49,14156,EIRE
546172,2011-03-10 10:32:00,12,1.65,14156,EIRE
546212,2011-03-10 11:33:00,96,1.06,14156,EIRE
546212,2011-03-10 11:33:00,96,1.45,14156,EIRE
546212,2011-03-10 11:33:00,48,4.95,14156,EIRE
546212,2011-03-10 11:33:00,18,5.45,14156,EIRE
546212,2011-03-10 11:33:00,240,0.42,14156,EIRE
546212,2011-03-10 11:33:00,72,2.55,14156,EIRE
546212,2011-03-10 11:33:00,144,0.36,14156,EIRE
546212,2011-03-10 11:33:00,72,0.85,14156,EIRE
546212,2011-03-10 11:33:00,72,0.72,14156,EIRE
546212,2011-03-10 11:33:00,240,0.42,14156,EIRE
546212,2011-03-10 11:33:00,240,0.42,14156,EIRE
546212,2011-03-10 11:33:00,144,0.72,14156,EIRE
546212,2011-03-10 11:33:00,30,3.75,14156,EIRE
546212,2011-03-10 11:33:00,64,1.65,14156,EIRE
546212,2011-03-10 11:33:00,16,12.75,14156,EIRE
546212,2011-03-10 11:33:00,240,0.42,14156,EIRE
546212,2011-03-10 11:33:00,240,0.42,14156,EIRE
546212,2011-03-10 11:33:00,100,0.55,14156,EIRE
546212,2011-03-10 11:33:00,72,1.69,14156,EIRE
546212,2011-03-10 11:33:00,144,1.85,14156,EIRE
546212,2011-03-10 11:33:00,144,1.85,14156,EIRE
546212,2011-03-10 11:33:00,30,3.75,14156,EIRE
546212,2011-03-10 11:33:00,36,4.95,14156,EIRE
546212,2011-03-10 11:33:00,48,2.55,14156,EIRE
546212,2011-03-10 11:33:00,12,5.95,14156,EIRE
546212,2011-03-10 11:33:00,24,5.95,14156,EIRE
546212,2011-03-10 11:33:00,144,1.45,14156,EIRE
546213,2011-03-10 11:37:00,36,14.95,14156,EIRE
546213,2011-03-10 11:37:00,36,14.95,14156,EIRE
546213,2011-03-10 11:37:00,36,14.95,14156,EIRE
546215,2011-03-10 11:52:00,4,1.65,14713,United Kingdom
546215,2011-03-10 11:52:00,4,1.65,14713,United Kingdom
546215,2011-03-10 11:52:00,2,1.65,14713,United Kingdom
546215,2011-03-10 11:52:00,2,1.65,14713,United Kingdom
546215,2011-03-10 11:52:00,2,1.65,14713,United Kingdom
546215,2011-03-10 11:52:00,6,0.42,14713,United Kingdom
546215,2011-03-10 11:52:00,2,1.45,14713,United Kingdom
546215,2011-03-10 11:52:00,12,0.42,14713,United Kingdom
546215,2011-03-10 11:52:00,2,1.45,14713,United Kingdom
546215,2011-03-10 11:52:00,2,1.65,14713,United Kingdom
546215,2011-03-10 11:52:00,1,2.55,14713,United Kingdom
546215,2011-03-10 11:52:00,2,6.95,14713,United Kingdom
546215,2011-03-10 11:52:00,12,0.42,14713,United Kingdom
546215,2011-03-10 11:52:00,2,1.65,14713,United Kingdom
546215,2011-03-10 11:52:00,1,8.95,14713,United Kingdom
546215,2011-03-10 11:52:00,2,1.95,14713,United Kingdom
546215,2011-03-10 11:52:00,2,1.95,14713,United Kingdom
546215,2011-03-10 11:52:00,2,2.1,14713,United Kingdom
546215,2011-03-10 11:52:00,2,2.1,14713,United Kingdom
546215,2011-03-10 11:52:00,3,0.85,14713,United Kingdom
546215,2011-03-10 11:52:00,3,0.85,14713,United Kingdom
546215,2011-03-10 11:52:00,3,0.85,14713,United Kingdom
546215,2011-03-10 11:52:00,2,2.1,14713,United Kingdom
546215,2011-03-10 11:52:00,2,1.95,14713,United Kingdom
546215,2011-03-10 11:52:00,2,1.95,14713,United Kingdom
546215,2011-03-10 11:52:00,2,1.95,14713,United Kingdom
546215,2011-03-10 11:52:00,2,1.95,14713,United Kingdom
546215,2011-03-10 11:52:00,2,1.95,14713,United Kingdom
546215,2011-03-10 11:52:00,2,1.95,14713,United Kingdom
546239,2011-03-10 12:59:00,1,1.65,14064,United Kingdom
546239,2011-03-10 12:59:00,3,1.49,14064,United Kingdom
546239,2011-03-10 12:59:00,2,1.49,14064,United Kingdom
546239,2011-03-10 12:59:00,1,1.25,14064,United Kingdom
546239,2011-03-10 12:59:00,3,1.65,14064,United Kingdom
546239,2011-03-10 12:59:00,1,1.49,14064,United Kingdom
546239,2011-03-10 12:59:00,6,1.25,14064,United Kingdom
546239,2011-03-10 12:59:00,6,2.95,14064,United Kingdom
546239,2011-03-10 12:59:00,1,4.25,14064,United Kingdom
546239,2011-03-10 12:59:00,24,0.85,14064,United Kingdom
546239,2011-03-10 12:59:00,24,1.45,14064,United Kingdom
546239,2011-03-10 12:59:00,24,1.45,14064,United Kingdom
546239,2011-03-10 12:59:00,12,1.25,14064,United Kingdom
546239,2011-03-10 12:59:00,6,1.25,14064,United Kingdom
546239,2011-03-10 12:59:00,5,1.25,14064,United Kingdom
546239,2011-03-10 12:59:00,48,0.42,14064,United Kingdom
546263,2011-03-10 15:01:00,216,2.1,14156,EIRE
546263,2011-03-10 15:01:00,1,3.75,14156,EIRE
546263,2011-03-10 15:01:00,1,4.25,14156,EIRE
546631,2011-03-15 12:03:00,24,2.55,15181,United Kingdom
546631,2011-03-15 12:03:00,24,9.95,15181,United Kingdom
546633,2011-03-15 12:06:00,32,2.55,16168,United Kingdom
546633,2011-03-15 12:06:00,96,0.85,16168,United Kingdom
546660,2011-03-15 14:32:00,12,1.65,14156,EIRE
546660,2011-03-15 14:32:00,2,9.95,14156,EIRE
546660,2011-03-15 14:32:00,6,2.95,14156,EIRE
546660,2011-03-15 14:32:00,6,2.95,14156,EIRE
546660,2011-03-15 14:32:00,24,1.45,14156,EIRE
546660,2011-03-15 14:32:00,12,1.25,14156,EIRE
546660,2011-03-15 14:32:00,12,3.75,14156,EIRE
546660,2011-03-15 14:32:00,24,2.55,14156,EIRE
546660,2011-03-15 14:32:00,12,2.1,14156,EIRE
546660,2011-03-15 14:32:00,96,1.25,14156,EIRE
546660,2011-03-15 14:32:00,24,3.45,14156,EIRE
546660,2011-03-15 14:32:00,24,4.25,14156,EIRE
546660,2011-03-15 14:32:00,4,8.5,14156,EIRE
546660,2011-03-15 14:32:00,2,5.95,14156,EIRE
546660,2011-03-15 14:32:00,4,14.95,14156,EIRE
546660,2011-03-15 14:32:00,4,8.5,14156,EIRE
546660,2011-03-15 14:32:00,6,4.95,14156,EIRE
546660,2011-03-15 14:32:00,6,4.95,14156,EIRE
546660,2011-03-15 14:32:00,2,5.95,14156,EIRE
546660,2011-03-15 14:32:00,2,5.95,14156,EIRE
546660,2011-03-15 14:32:00,6,4.95,14156,EIRE
546660,2011-03-15 14:32:00,24,2.55,14156,EIRE
546660,2011-03-15 14:32:00,6,5.95,14156,EIRE
546660,2011-03-15 14:32:00,6,8.5,14156,EIRE
546660,2011-03-15 14:32:00,6,8.5,14156,EIRE
546660,2011-03-15 14:32:00,2,5.95,14156,EIRE
546660,2011-03-15 14:32:00,1,16.95,14156,EIRE
546687,2011-03-16 09:58:00,24,0.65,16040,United Kingdom
546687,2011-03-16 09:58:00,24,0.65,16040,United Kingdom
546687,2011-03-16 09:58:00,4,3.75,16040,United Kingdom
546687,2011-03-16 09:58:00,12,1.25,16040,United Kingdom
546687,2011-03-16 09:58:00,36,0.21,16040,United Kingdom
546687,2011-03-16 09:58:00,8,4.25,16040,United Kingdom
546687,2011-03-16 09:58:00,1,9.95,16040,United Kingdom
546687,2011-03-16 09:58:00,12,1.25,16040,United Kingdom
546687,2011-03-16 09:58:00,10,1.65,16040,United Kingdom
546687,2011-03-16 09:58:00,4,3.75,16040,United Kingdom
546687,2011-03-16 09:58:00,24,1.25,16040,United Kingdom
546687,2011-03-16 09:58:00,24,1.69,16040,United Kingdom
546687,2011-03-16 09:58:00,4,3.75,16040,United Kingdom
546687,2011-03-16 09:58:00,2,12.75,16040,United Kingdom
546687,2011-03-16 09:58:00,10,1.65,16040,United Kingdom
546687,2011-03-16 09:58:00,10,1.65,16040,United Kingdom
546687,2011-03-16 09:58:00,6,3.35,16040,United Kingdom
546687,2011-03-16 09:58:00,6,2.95,16040,United Kingdom
546687,2011-03-16 09:58:00,6,2.95,16040,United Kingdom
546687,2011-03-16 09:58:00,2,9.95,16040,United Kingdom
546687,2011-03-16 09:58:00,48,0.42,16040,United Kingdom
546687,2011-03-16 09:58:00,8,2.95,16040,United Kingdom
546790,2011-03-17 10:26:00,6,7.9,14713,United Kingdom
546790,2011-03-17 10:26:00,6,0.85,14713,United Kingdom
546790,2011-03-17 10:26:00,1,2.1,14713,United Kingdom
546790,2011-03-17 10:26:00,2,6.95,14713,United Kingdom
546790,2011-03-17 10:26:00,2,8.95,14713,United Kingdom
546790,2011-03-17 10:26:00,3,1.95,14713,United Kingdom
546790,2011-03-17 10:26:00,1,2.95,14713,United Kingdom
546790,2011-03-17 10:26:00,6,0.85,14713,United Kingdom
546790,2011-03-17 10:26:00,2,1.95,14713,United Kingdom
546790,2011-03-17 10:26:00,2,1.95,14713,United Kingdom
546790,2011-03-17 10:26:00,25,0.42,14713,United Kingdom
546790,2011-03-17 10:26:00,25,0.42,14713,United Kingdom
546790,2011-03-17 10:26:00,3,1.65,14713,United Kingdom
546790,2011-03-17 10:26:00,6,0.42,14713,United Kingdom
546883,2011-03-17 18:03:00,6,2.1,13707,United Kingdom
546883,2011-03-17 18:03:00,12,0.85,13707,United Kingdom
546883,2011-03-17 18:03:00,1,35.95,13707,United Kingdom
546883,2011-03-17 18:03:00,2,12.75,13707,United Kingdom
546883,2011-03-17 18:03:00,1,9.95,13707,United Kingdom
546883,2011-03-17 18:03:00,6,2.1,13707,United Kingdom
546883,2011-03-17 18:03:00,6,2.1,13707,United Kingdom
546883,2011-03-17 18:03:00,6,2.1,13707,United Kingdom
546883,2011-03-17 18:03:00,6,2.1,13707,United Kingdom
546883,2011-03-17 18:03:00,12,0.85,13707,United Kingdom
546883,2011-03-17 18:03:00,12,0.85,13707,United Kingdom
546883,2011-03-17 18:03:00,12,0.85,13707,United Kingdom
546883,2011-03-17 18:03:00,10,1.25,13707,United Kingdom
546883,2011-03-17 18:03:00,10,1.25,13707,United Kingdom
546883,2011-03-17 18:03:00,12,0.85,13707,United Kingdom
546883,2011-03-17 18:03:00,6,2.1,13707,United Kingdom
547003,2011-03-18 14:13:00,10,2.95,14155,United Kingdom
547003,2011-03-18 14:13:00,3,5.95,14155,United Kingdom
547003,2011-03-18 14:13:00,3,5.95,14155,United Kingdom
547003,2011-03-18 14:13:00,3,5.95,14155,United Kingdom
547003,2011-03-18 14:13:00,3,5.95,14155,United Kingdom
547003,2011-03-18 14:13:00,3,5.95,14155,United Kingdom
547246,2011-03-22 08:54:00,12,3.75,16191,United Kingdom
547246,2011-03-22 08:54:00,12,1.25,16191,United Kingdom
547246,2011-03-22 08:54:00,48,0.85,16191,United Kingdom
547246,2011-03-22 08:54:00,48,0.85,16191,United Kingdom
547246,2011-03-22 08:54:00,24,2.1,16191,United Kingdom
547246,2011-03-22 08:54:00,24,3.75,16191,United Kingdom
547246,2011-03-22 08:54:00,24,4.95,16191,United Kingdom
547246,2011-03-22 08:54:00,36,2.1,16191,United Kingdom
547246,2011-03-22 08:54:00,24,3.75,16191,United Kingdom
547246,2011-03-22 08:54:00,24,1.25,16191,United Kingdom
547414,2011-03-23 09:54:00,1,14.95,17733,United Kingdom
547414,2011-03-23 09:54:00,6,2.95,17733,United Kingdom
547414,2011-03-23 09:54:00,6,2.95,17733,United Kingdom
547414,2011-03-23 09:54:00,3,5.95,17733,United Kingdom
547414,2011-03-23 09:54:00,8,2.1,17733,United Kingdom
547414,2011-03-23 09:54:00,1,9.95,17733,United Kingdom
547414,2011-03-23 09:54:00,6,2.95,17733,United Kingdom
547414,2011-03-23 09:54:00,2,8.5,17733,United Kingdom
547414,2011-03-23 09:54:00,12,0.85,17733,United Kingdom
547414,2011-03-23 09:54:00,6,5.95,17733,United Kingdom
547414,2011-03-23 09:54:00,24,1.25,17733,United Kingdom
547414,2011-03-23 09:54:00,12,0.95,17733,United Kingdom
547486,2011-03-23 11:18:00,48,0.39,13576,United Kingdom
547486,2011-03-23 11:18:00,12,0.55,13576,United Kingdom
547486,2011-03-23 11:18:00,48,3.39,13576,United Kingdom
547486,2011-03-23 11:18:00,12,0.55,13576,United Kingdom
547486,2011-03-23 11:18:00,12,1.25,13576,United Kingdom
547486,2011-03-23 11:18:00,12,1.65,13576,United Kingdom
547486,2011-03-23 11:18:00,48,2.1,13576,United Kingdom
547716,2011-03-25 08:52:00,8,2.55,16833,United Kingdom
547716,2011-03-25 08:52:00,25,0.42,16833,United Kingdom
547716,2011-03-25 08:52:00,8,2.55,16833,United Kingdom
547716,2011-03-25 08:52:00,4,5.95,16833,United Kingdom
547716,2011-03-25 08:52:00,6,5.45,16833,United Kingdom
547716,2011-03-25 08:52:00,6,2.95,16833,United Kingdom
547716,2011-03-25 08:52:00,24,3.39,16833,United Kingdom
547716,2011-03-25 08:52:00,4,3.75,16833,United Kingdom
547716,2011-03-25 08:52:00,6,2.95,16833,United Kingdom
547716,2011-03-25 08:52:00,15,2.95,16833,United Kingdom
547716,2011-03-25 08:52:00,4,3.75,16833,United Kingdom
547716,2011-03-25 08:52:00,12,1.25,16833,United Kingdom
547716,2011-03-25 08:52:00,12,2.55,16833,United Kingdom
547717,2011-03-25 08:53:00,12,1.45,16833,United Kingdom
547800,2011-03-25 12:55:00,2,8.5,14504,United Kingdom
547800,2011-03-25 12:55:00,8,1.69,14504,United Kingdom
547800,2011-03-25 12:55:00,1,6.75,14504,United Kingdom
547800,2011-03-25 12:55:00,1,2.1,14504,United Kingdom
547800,2011-03-25 12:55:00,2,2.1,14504,United Kingdom
547800,2011-03-25 12:55:00,2,2.55,14504,United Kingdom
547800,2011-03-25 12:55:00,2,2.1,14504,United Kingdom
547800,2011-03-25 12:55:00,1,8.5,14504,United Kingdom
547800,2011-03-25 12:55:00,1,2.55,14504,United Kingdom
547800,2011-03-25 12:55:00,1,6.95,14504,United Kingdom
547800,2011-03-25 12:55:00,1,9.95,14504,United Kingdom
547800,2011-03-25 12:55:00,2,9.95,14504,United Kingdom
547800,2011-03-25 12:55:00,1,12.75,14504,United Kingdom
547800,2011-03-25 12:55:00,1,1.65,14504,United Kingdom
547800,2011-03-25 12:55:00,1,3.75,14504,United Kingdom
547800,2011-03-25 12:55:00,2,0.85,14504,United Kingdom
547800,2011-03-25 12:55:00,1,0.42,14504,United Kingdom
547800,2011-03-25 12:55:00,1,0.42,14504,United Kingdom
547800,2011-03-25 12:55:00,1,1.25,14504,United Kingdom
547800,2011-03-25 12:55:00,2,0.65,14504,United Kingdom
547800,2011-03-25 12:55:00,1,1.65,14504,United Kingdom
547800,2011-03-25 12:55:00,1,8.95,14504,United Kingdom
547828,2011-03-25 15:18:00,48,1.25,16618,United Kingdom
547828,2011-03-25 15:18:00,48,1.25,16618,United Kingdom
547828,2011-03-25 15:18:00,48,1.25,16618,United Kingdom
547828,2011-03-25 15:18:00,36,0.85,16618,United Kingdom
547828,2011-03-25 15:18:00,6,2.95,16618,United Kingdom
547828,2011-03-25 15:18:00,4,4.95,16618,United Kingdom
547828,2011-03-25 15:18:00,12,1.45,16618,United Kingdom
547828,2011-03-25 15:18:00,36,1.06,16618,United Kingdom
547828,2011-03-25 15:18:00,4,12.75,16618,United Kingdom
547829,2011-03-25 15:24:00,2,12.75,16081,United Kingdom
547829,2011-03-25 15:24:00,24,1.25,16081,United Kingdom
547829,2011-03-25 15:24:00,4,3.95,16081,United Kingdom
547829,2011-03-25 15:24:00,6,2.95,16081,United Kingdom
547829,2011-03-25 15:24:00,3,4.95,16081,United Kingdom
547829,2011-03-25 15:24:00,16,1.69,16081,United Kingdom
547829,2011-03-25 15:24:00,24,1.25,16081,United Kingdom
547829,2011-03-25 15:24:00,4,6.75,16081,United Kingdom
547829,2011-03-25 15:24:00,16,1.69,16081,United Kingdom
547829,2011-03-25 15:24:00,24,0.65,16081,United Kingdom
547829,2011-03-25 15:24:00,12,0.85,16081,United Kingdom
547829,2011-03-25 15:24:00,12,0.85,16081,United Kingdom
547829,2011-03-25 15:24:00,2,6.95,16081,United Kingdom
547829,2011-03-25 15:24:00,12,1.65,16081,United Kingdom
547829,2011-03-25 15:24:00,2,8.5,16081,United Kingdom
547829,2011-03-25 15:24:00,24,0.85,16081,United Kingdom
547829,2011-03-25 15:24:00,12,2.55,16081,United Kingdom
547829,2011-03-25 15:24:00,12,1.65,16081,United Kingdom
547829,2011-03-25 15:24:00,24,0.85,16081,United Kingdom
547829,2011-03-25 15:24:00,6,2.95,16081,United Kingdom
547850,2011-03-27 12:06:00,2,1.45,14472,United Kingdom
547850,2011-03-27 12:06:00,2,1.25,14472,United Kingdom
547850,2011-03-27 12:06:00,3,1.65,14472,United Kingdom
547850,2011-03-27 12:06:00,2,1.65,14472,United Kingdom
547850,2011-03-27 12:06:00,3,1.65,14472,United Kingdom
547850,2011-03-27 12:06:00,1,2.08,14472,United Kingdom
547850,2011-03-27 12:06:00,1,1.95,14472,United Kingdom
547850,2011-03-27 12:06:00,3,1.25,14472,United Kingdom
547850,2011-03-27 12:06:00,3,4.95,14472,United Kingdom
547850,2011-03-27 12:06:00,5,1.25,14472,United Kingdom
547850,2011-03-27 12:06:00,1,2.1,14472,United Kingdom
547850,2011-03-27 12:06:00,1,2.1,14472,United Kingdom
547850,2011-03-27 12:06:00,3,1.25,14472,United Kingdom
547850,2011-03-27 12:06:00,2,0.85,14472,United Kingdom
547850,2011-03-27 12:06:00,4,1.45,14472,United Kingdom
547850,2011-03-27 12:06:00,3,1.65,14472,United Kingdom
547850,2011-03-27 12:06:00,2,2.95,14472,United Kingdom
547850,2011-03-27 12:06:00,2,4.25,14472,United Kingdom
547850,2011-03-27 12:06:00,4,2.55,14472,United Kingdom
547850,2011-03-27 12:06:00,12,1.65,14472,United Kingdom
547850,2011-03-27 12:06:00,6,1.65,14472,United Kingdom
547850,2011-03-27 12:06:00,2,6.95,14472,United Kingdom
547850,2011-03-27 12:06:00,6,1.25,14472,United Kingdom
547850,2011-03-27 12:06:00,2,5.95,14472,United Kingdom
547850,2011-03-27 12:06:00,2,5.95,14472,United Kingdom
547850,2011-03-27 12:06:00,2,5.95,14472,United Kingdom
547850,2011-03-27 12:06:00,16,0.65,14472,United Kingdom
547850,2011-03-27 12:06:00,1,2.08,14472,United Kingdom
547850,2011-03-27 12:06:00,24,0.55,14472,United Kingdom
547850,2011-03-27 12:06:00,1,2.55,14472,United Kingdom
547850,2011-03-27 12:06:00,3,1.65,14472,United Kingdom
547850,2011-03-27 12:06:00,8,1.69,14472,United Kingdom
547850,2011-03-27 12:06:00,4,0.85,14472,United Kingdom
547850,2011-03-27 12:06:00,2,1.65,14472,United Kingdom
547850,2011-03-27 12:06:00,2,0.85,14472,United Kingdom
547850,2011-03-27 12:06:00,1,0.42,14472,United Kingdom
547850,2011-03-27 12:06:00,2,0.42,14472,United Kingdom
547850,2011-03-27 12:06:00,2,0.85,14472,United Kingdom
547850,2011-03-27 12:06:00,4,0.42,14472,United Kingdom
547850,2011-03-27 12:06:00,3,1.25,14472,United Kingdom
547850,2011-03-27 12:06:00,1,1.65,14472,United Kingdom
547850,2011-03-27 12:06:00,5,1.25,14472,United Kingdom
547850,2011-03-27 12:06:00,2,1.25,14472,United Kingdom
547850,2011-03-27 12:06:00,6,0.85,14472,United Kingdom
547850,2011-03-27 12:06:00,3,0.85,14472,United Kingdom
547850,2011-03-27 12:06:00,4,1.25,14472,United Kingdom
547850,2011-03-27 12:06:00,4,0.65,14472,United Kingdom
547850,2011-03-27 12:06:00,2,0.85,14472,United Kingdom
547850,2011-03-27 12:06:00,2,1.25,14472,United Kingdom
547850,2011-03-27 12:06:00,2,1.45,14472,United Kingdom
547850,2011-03-27 12:06:00,2,0.65,14472,United Kingdom
547850,2011-03-27 12:06:00,2,0.85,14472,United Kingdom
547850,2011-03-27 12:06:00,3,0.65,14472,United Kingdom
547850,2011-03-27 12:06:00,2,1.25,14472,United Kingdom
547850,2011-03-27 12:06:00,2,1.65,14472,United Kingdom
547850,2011-03-27 12:06:00,4,2.1,14472,United Kingdom
547850,2011-03-27 12:06:00,3,0.85,14472,United Kingdom
547850,2011-03-27 12:06:00,1,0.85,14472,United Kingdom
547850,2011-03-27 12:06:00,2,0.85,14472,United Kingdom
547850,2011-03-27 12:06:00,3,0.85,14472,United Kingdom
547850,2011-03-27 12:06:00,5,0.85,14472,United Kingdom
547850,2011-03-27 12:06:00,4,1.25,14472,United Kingdom
547907,2011-03-28 12:18:00,3,4.95,15083,United Kingdom
547907,2011-03-28 12:18:00,1,12.75,15083,United Kingdom
547907,2011-03-28 12:18:00,1,12.75,15083,United Kingdom
547907,2011-03-28 12:18:00,24,1.45,15083,United Kingdom
547907,2011-03-28 12:18:00,9,1.45,15083,United Kingdom
548317,2011-03-30 12:43:00,5,2.95,18179,United Kingdom
548317,2011-03-30 12:43:00,24,0.65,18179,United Kingdom
548317,2011-03-30 12:43:00,5,2.95,18179,United Kingdom
548317,2011-03-30 12:43:00,4,4.95,18179,United Kingdom
548317,2011-03-30 12:43:00,6,2.55,18179,United Kingdom
548317,2011-03-30 12:43:00,24,0.55,18179,United Kingdom
548317,2011-03-30 12:43:00,12,1.95,18179,United Kingdom
548317,2011-03-30 12:43:00,2,7.95,18179,United Kingdom
548317,2011-03-30 12:43:00,6,2.95,18179,United Kingdom
548317,2011-03-30 12:43:00,12,0.83,18179,United Kingdom
548317,2011-03-30 12:43:00,20,1.25,18179,United Kingdom
548317,2011-03-30 12:43:00,12,1.25,18179,United Kingdom
548317,2011-03-30 12:43:00,25,0.42,18179,United Kingdom
548317,2011-03-30 12:43:00,25,0.42,18179,United Kingdom
548317,2011-03-30 12:43:00,25,0.42,18179,United Kingdom
548317,2011-03-30 12:43:00,25,0.42,18179,United Kingdom
548317,2011-03-30 12:43:00,6,2.95,18179,United Kingdom
548317,2011-03-30 12:43:00,12,0.85,18179,United Kingdom
548491,2011-03-31 13:14:00,3,2.1,14064,United Kingdom
548491,2011-03-31 13:14:00,864,0.36,14064,United Kingdom
548491,2011-03-31 13:14:00,12,0.85,14064,United Kingdom
548491,2011-03-31 13:14:00,3,2.95,14064,United Kingdom
548491,2011-03-31 13:14:00,1,0.65,14064,United Kingdom
548491,2011-03-31 13:14:00,12,2.08,14064,United Kingdom
548491,2011-03-31 13:14:00,1,0.85,14064,United Kingdom
548491,2011-03-31 13:14:00,10,1.25,14064,United Kingdom
548649,2011-04-01 13:21:00,100,2.1,18179,United Kingdom
548718,2011-04-04 08:50:00,72,0.72,14156,EIRE
548718,2011-04-04 08:50:00,144,1.85,14156,EIRE
548718,2011-04-04 08:50:00,30,3.75,14156,EIRE
548718,2011-04-04 08:50:00,144,1.85,14156,EIRE
548718,2011-04-04 08:50:00,72,1.69,14156,EIRE
548718,2011-04-04 08:50:00,144,1.45,14156,EIRE
548718,2011-04-04 08:50:00,30,3.75,14156,EIRE
548718,2011-04-04 08:50:00,64,2.1,14156,EIRE
548718,2011-04-04 08:50:00,24,2.55,14156,EIRE
548718,2011-04-04 08:50:00,30,3.75,14156,EIRE
548718,2011-04-04 08:50:00,144,1.85,14156,EIRE
548718,2011-04-04 08:50:00,144,1.85,14156,EIRE
548718,2011-04-04 08:50:00,72,1.69,14156,EIRE
548718,2011-04-04 08:50:00,48,1.69,14156,EIRE
548743,2011-04-04 12:05:00,12,2.55,14895,United Kingdom
548743,2011-04-04 12:05:00,4,4.65,14895,United Kingdom
548743,2011-04-04 12:05:00,2,7.95,14895,United Kingdom
548743,2011-04-04 12:05:00,4,4.25,14895,United Kingdom
548743,2011-04-04 12:05:00,6,2.95,14895,United Kingdom
548743,2011-04-04 12:05:00,12,1.25,14895,United Kingdom
548743,2011-04-04 12:05:00,12,2.55,14895,United Kingdom
548743,2011-04-04 12:05:00,12,0.85,14895,United Kingdom
548743,2011-04-04 12:05:00,8,3.75,14895,United Kingdom
548743,2011-04-04 12:05:00,12,2.95,14895,United Kingdom
548743,2011-04-04 12:05:00,2,5.95,14895,United Kingdom
548743,2011-04-04 12:05:00,12,4.95,14895,United Kingdom
548743,2011-04-04 12:05:00,12,2.95,14895,United Kingdom
548743,2011-04-04 12:05:00,6,2.95,14895,United Kingdom
548743,2011-04-04 12:05:00,12,0.85,14895,United Kingdom
548743,2011-04-04 12:05:00,4,8.5,14895,United Kingdom
548743,2011-04-04 12:05:00,48,2.1,14895,United Kingdom
548743,2011-04-04 12:05:00,1,9.95,14895,United Kingdom
549193,2011-04-07 10:24:00,10,0.85,12580,Germany
549193,2011-04-07 10:24:00,2,18.0,12580,Germany
549193,2011-04-07 10:24:00,10,1.65,12580,Germany
549193,2011-04-07 10:24:00,10,1.65,12580,Germany
549193,2011-04-07 10:24:00,6,2.95,12580,Germany
549193,2011-04-07 10:24:00,4,4.95,12580,Germany
549193,2011-04-07 10:24:00,4,3.75,12580,Germany
549193,2011-04-07 10:24:00,4,4.95,12580,Germany
549193,2011-04-07 10:24:00,12,0.85,12580,Germany
549193,2011-04-07 10:24:00,12,1.25,12580,Germany
549193,2011-04-07 10:24:00,6,2.95,12580,Germany
549193,2011-04-07 10:24:00,10,2.08,12580,Germany
549193,2011-04-07 10:24:00,12,0.85,12580,Germany
549193,2011-04-07 10:24:00,10,1.65,12580,Germany
549193,2011-04-07 10:24:00,12,0.85,12580,Germany
549193,2011-04-07 10:24:00,12,0.85,12580,Germany
549193,2011-04-07 10:24:00,20,0.85,12580,Germany
549193,2011-04-07 10:24:00,12,1.95,12580,Germany
549193,2011-04-07 10:24:00,12,1.95,12580,Germany
549193,2011-04-07 10:24:00,12,1.95,12580,Germany
549193,2011-04-07 10:24:00,12,1.65,12580,Germany
549193,2011-04-07 10:24:00,12,1.65,12580,Germany
549193,2011-04-07 10:24:00,12,1.65,12580,Germany
549193,2011-04-07 10:24:00,10,0.85,12580,Germany
549432,2011-04-08 12:20:00,8,5.95,14264,United Kingdom
549432,2011-04-08 12:20:00,2,7.95,14264,United Kingdom
549432,2011-04-08 12:20:00,2,7.95,14264,United Kingdom
549432,2011-04-08 12:20:00,4,4.95,14264,United Kingdom
549432,2011-04-08 12:20:00,2,8.25,14264,United Kingdom
549550,2011-04-10 11:45:00,1,2.95,15038,United Kingdom
549550,2011-04-10 11:45:00,1,8.95,15038,United Kingdom
549550,2011-04-10 11:45:00,1,8.95,15038,United Kingdom
549550,2011-04-10 11:45:00,1,9.95,15038,United Kingdom
549550,2011-04-10 11:45:00,1,8.95,15038,United Kingdom
549550,2011-04-10 11:45:00,1,8.95,15038,United Kingdom
549550,2011-04-10 11:45:00,2,8.95,15038,United Kingdom
549550,2011-04-10 11:45:00,1,9.95,15038,United Kingdom
549550,2011-04-10 11:45:00,2,1.25,15038,United Kingdom
549550,2011-04-10 11:45:00,1,1.25,15038,United Kingdom
549550,2011-04-10 11:45:00,1,1.25,15038,United Kingdom
549550,2011-04-10 11:45:00,1,4.95,15038,United Kingdom
549550,2011-04-10 11:45:00,1,8.95,15038,United Kingdom
549550,2011-04-10 11:45:00,1,1.95,15038,United Kingdom
549550,2011-04-10 11:45:00,1,5.95,15038,United Kingdom
549550,2011-04-10 11:45:00,2,0.65,15038,United Kingdom
549550,2011-04-10 11:45:00,1,8.95,15038,United Kingdom
549550,2011-04-10 11:45:00,1,2.95,15038,United Kingdom
549550,2011-04-10 11:45:00,1,2.55,15038,United Kingdom
549550,2011-04-10 11:45:00,1,8.5,15038,United Kingdom
549550,2011-04-10 11:45:00,1,5.95,15038,United Kingdom
549550,2011-04-10 11:45:00,1,4.95,15038,United Kingdom
549550,2011-04-10 11:45:00,1,5.95,15038,United Kingdom
549550,2011-04-10 11:45:00,1,1.25,15038,United Kingdom
549550,2011-04-10 11:45:00,1,9.95,15038,United Kingdom
549550,2011-04-10 11:45:00,1,1.95,15038,United Kingdom
549561,2011-04-10 13:36:00,3,0.39,13570,United Kingdom
549561,2011-04-10 13:36:00,8,0.79,13570,United Kingdom
549561,2011-04-10 13:36:00,6,0.85,13570,United Kingdom
549561,2011-04-10 13:36:00,6,1.25,13570,United Kingdom
549561,2011-04-10 13:36:00,2,2.95,13570,United Kingdom
549561,2011-04-10 13:36:00,24,1.69,13570,United Kingdom
549561,2011-04-10 13:36:00,2,0.95,13570,United Kingdom
549561,2011-04-10 13:36:00,24,1.69,13570,United Kingdom
549561,2011-04-10 13:36:00,2,9.95,13570,United Kingdom
549561,2011-04-10 13:36:00,6,0.79,13570,United Kingdom
549561,2011-04-10 13:36:00,4,0.39,13570,United Kingdom
549561,2011-04-10 13:36:00,5,2.95,13570,United Kingdom
549561,2011-04-10 13:36:00,1,0.85,13570,United Kingdom
549561,2011-04-10 13:36:00,5,0.29,13570,United Kingdom
549561,2011-04-10 13:36:00,4,2.55,13570,United Kingdom
549561,2011-04-10 13:36:00,12,0.85,13570,United Kingdom
549561,2011-04-10 13:36:00,2,1.95,13570,United Kingdom
549561,2011-04-10 13:36:00,1,7.95,13570,United Kingdom
549561,2011-04-10 13:36:00,1,2.25,13570,United Kingdom
549561,2011-04-10 13:36:00,1,2.25,13570,United Kingdom
549561,2011-04-10 13:36:00,1,2.25,13570,United Kingdom
549561,2011-04-10 13:36:00,1,1.25,13570,United Kingdom
549561,2011-04-10 13:36:00,12,1.65,13570,United Kingdom
549561,2011-04-10 13:36:00,12,0.42,13570,United Kingdom
549561,2011-04-10 13:36:00,12,0.42,13570,United Kingdom
549561,2011-04-10 13:36:00,3,4.95,13570,United Kingdom
549561,2011-04-10 13:36:00,1,2.25,13570,United Kingdom
549573,2011-04-10 16:01:00,25,0.42,14504,United Kingdom
549573,2011-04-10 16:01:00,1,4.95,14504,United Kingdom
549573,2011-04-10 16:01:00,1,2.1,14504,United Kingdom
549573,2011-04-10 16:01:00,1,2.1,14504,United Kingdom
549573,2011-04-10 16:01:00,12,0.42,14504,United Kingdom
549573,2011-04-10 16:01:00,1,3.75,14504,United Kingdom
549573,2011-04-10 16:01:00,2,2.95,14504,United Kingdom
549573,2011-04-10 16:01:00,1,3.75,14504,United Kingdom
549573,2011-04-10 16:01:00,1,8.95,14504,United Kingdom
549573,2011-04-10 16:01:00,2,7.5,14504,United Kingdom
549573,2011-04-10 16:01:00,2,5.95,14504,United Kingdom
549573,2011-04-10 16:01:00,2,4.95,14504,United Kingdom
549573,2011-04-10 16:01:00,2,5.95,14504,United Kingdom
549573,2011-04-10 16:01:00,2,5.95,14504,United Kingdom
549573,2011-04-10 16:01:00,2,3.75,14504,United Kingdom
549573,2011-04-10 16:01:00,2,4.25,14504,United Kingdom
549573,2011-04-10 16:01:00,2,4.25,14504,United Kingdom
549573,2011-04-10 16:01:00,1,2.95,14504,United Kingdom
549573,2011-04-10 16:01:00,1,8.95,14504,United Kingdom
549573,2011-04-10 16:01:00,1,2.08,14504,United Kingdom
549573,2011-04-10 16:01:00,1,12.75,14504,United Kingdom
549573,2011-04-10 16:01:00,3,2.1,14504,United Kingdom
549573,2011-04-10 16:01:00,4,1.25,14504,United Kingdom
549573,2011-04-10 16:01:00,4,1.25,14504,United Kingdom
549573,2011-04-10 16:01:00,2,6.75,14504,United Kingdom
549573,2011-04-10 16:01:00,1,1.69,14504,United Kingdom
549573,2011-04-10 16:01:00,1,1.69,14504,United Kingdom
549573,2011-04-10 16:01:00,1,1.65,14504,United Kingdom
549573,2011-04-10 16:01:00,1,0.83,14504,United Kingdom
549573,2011-04-10 16:01:00,5,0.85,14504,United Kingdom
549573,2011-04-10 16:01:00,1,1.65,14504,United Kingdom
549573,2011-04-10 16:01:00,3,2.55,14504,United Kingdom
549573,2011-04-10 16:01:00,2,0.85,14504,United Kingdom
549573,2011-04-10 16:01:00,2,2.95,14504,United Kingdom
549573,2011-04-10 16:01:00,2,0.85,14504,United Kingdom
549573,2011-04-10 16:01:00,2,2.95,14504,United Kingdom
549573,2011-04-10 16:01:00,2,1.95,14504,United Kingdom
549573,2011-04-10 16:01:00,2,2.95,14504,United Kingdom
549573,2011-04-10 16:01:00,4,2.55,14504,United Kingdom
549573,2011-04-10 16:01:00,3,2.1,14504,United Kingdom
549573,2011-04-10 16:01:00,5,2.1,14504,United Kingdom
549573,2011-04-10 16:01:00,2,0.42,14504,United Kingdom
549670,2011-04-11 12:45:00,16,0.65,16168,United Kingdom
549670,2011-04-11 12:45:00,12,1.25,16168,United Kingdom
549670,2011-04-11 12:45:00,12,1.25,16168,United Kingdom
549670,2011-04-11 12:45:00,12,1.25,16168,United Kingdom
549670,2011-04-11 12:45:00,12,1.25,16168,United Kingdom
549670,2011-04-11 12:45:00,12,2.95,16168,United Kingdom
549670,2011-04-11 12:45:00,12,2.95,16168,United Kingdom
549844,2011-04-12 14:17:00,6,0.85,12854,United Kingdom
549844,2011-04-12 14:17:00,6,0.42,12854,United Kingdom
549844,2011-04-12 14:17:00,6,1.25,12854,United Kingdom
549844,2011-04-12 14:17:00,3,1.65,12854,United Kingdom
549844,2011-04-12 14:17:00,2,4.95,12854,United Kingdom
549844,2011-04-12 14:17:00,2,5.45,12854,United Kingdom
549844,2011-04-12 14:17:00,1,5.45,12854,United Kingdom
549844,2011-04-12 14:17:00,3,5.95,12854,United Kingdom
549844,2011-04-12 14:17:00,4,4.95,12854,United Kingdom
549844,2011-04-12 14:17:00,2,1.25,12854,United Kingdom
549844,2011-04-12 14:17:00,6,0.85,12854,United Kingdom
549844,2011-04-12 14:17:00,2,1.25,12854,United Kingdom
549844,2011-04-12 14:17:00,6,1.25,12854,United Kingdom
549844,2011-04-12 14:17:00,3,2.1,12854,United Kingdom
549844,2011-04-12 14:17:00,6,1.95,12854,United Kingdom
549844,2011-04-12 14:17:00,6,0.65,12854,United Kingdom
549844,2011-04-12 14:17:00,7,0.65,12854,United Kingdom
549844,2011-04-12 14:17:00,3,2.95,12854,United Kingdom
549844,2011-04-12 14:17:00,6,0.65,12854,United Kingdom
549844,2011-04-12 14:17:00,2,1.25,12854,United Kingdom
549844,2011-04-12 14:17:00,6,0.65,12854,United Kingdom
549844,2011-04-12 14:17:00,6,0.85,12854,United Kingdom
549844,2011-04-12 14:17:00,6,0.85,12854,United Kingdom
549844,2011-04-12 14:17:00,6,0.65,12854,United Kingdom
549844,2011-04-12 14:17:00,80,1.69,12854,United Kingdom
549844,2011-04-12 14:17:00,2,4.95,12854,United Kingdom
549844,2011-04-12 14:17:00,3,1.25,12854,United Kingdom
549844,2011-04-12 14:17:00,2,5.95,12854,United Kingdom
549844,2011-04-12 14:17:00,3,2.95,12854,United Kingdom
549844,2011-04-12 14:17:00,6,1.65,12854,United Kingdom
549844,2011-04-12 14:17:00,6,1.65,12854,United Kingdom
549844,2011-04-12 14:17:00,1,1.65,12854,United Kingdom
549844,2011-04-12 14:17:00,4,2.1,12854,United Kingdom
549844,2011-04-12 14:17:00,6,1.25,12854,United Kingdom
549844,2011-04-12 14:17:00,3,1.65,12854,United Kingdom
549844,2011-04-12 14:17:00,6,1.25,12854,United Kingdom
549844,2011-04-12 14:17:00,6,0.85,12854,United Kingdom
549844,2011-04-12 14:17:00,6,1.25,12854,United Kingdom
549844,2011-04-12 14:17:00,6,0.85,12854,United Kingdom
549844,2011-04-12 14:17:00,6,0.85,12854,United Kingdom
549844,2011-04-12 14:17:00,2,5.95,12854,United Kingdom
549844,2011-04-12 14:17:00,6,0.85,12854,United Kingdom
549850,2011-04-12 14:58:00,9,4.95,16168,United Kingdom
549909,2011-04-12 16:43:00,5,2.1,15777,United Kingdom
549909,2011-04-12 16:43:00,12,0.85,15777,United Kingdom
549909,2011-04-12 16:43:00,1,9.95,15777,United Kingdom
549909,2011-04-12 16:43:00,32,2.55,15777,United Kingdom
549909,2011-04-12 16:43:00,6,2.55,15777,United Kingdom
549909,2011-04-12 16:43:00,12,0.85,15777,United Kingdom
549909,2011-04-12 16:43:00,6,2.95,15777,United Kingdom
549909,2011-04-12 16:43:00,6,2.1,15777,United Kingdom
549909,2011-04-12 16:43:00,6,2.95,15777,United Kingdom
549909,2011-04-12 16:43:00,8,2.1,15777,United Kingdom
549909,2011-04-12 16:43:00,24,0.79,15777,United Kingdom
549909,2011-04-12 16:43:00,6,2.95,15777,United Kingdom
549909,2011-04-12 16:43:00,2,8.25,15777,United Kingdom
549909,2011-04-12 16:43:00,3,12.75,15777,United Kingdom
549951,2011-04-13 12:57:00,6,2.95,13134,United Kingdom
549951,2011-04-13 12:57:00,5,2.95,13134,United Kingdom
549951,2011-04-13 12:57:00,6,2.95,13134,United Kingdom
549951,2011-04-13 12:57:00,6,2.95,13134,United Kingdom
549951,2011-04-13 12:57:00,6,2.1,13134,United Kingdom
549951,2011-04-13 12:57:00,12,1.65,13134,United Kingdom
549951,2011-04-13 12:57:00,3,4.95,13134,United Kingdom
549951,2011-04-13 12:57:00,6,2.95,13134,United Kingdom
549951,2011-04-13 12:57:00,3,4.95,13134,United Kingdom
549951,2011-04-13 12:57:00,4,7.95,13134,United Kingdom
549951,2011-04-13 12:57:00,20,1.25,13134,United Kingdom
549951,2011-04-13 12:57:00,6,2.1,13134,United Kingdom
549951,2011-04-13 12:57:00,10,2.08,13134,United Kingdom
549951,2011-04-13 12:57:00,2,7.95,13134,United Kingdom
549951,2011-04-13 12:57:00,6,8.95,13134,United Kingdom
549951,2011-04-13 12:57:00,6,4.25,13134,United Kingdom
549951,2011-04-13 12:57:00,5,2.95,13134,United Kingdom
549951,2011-04-13 12:57:00,4,12.75,13134,United Kingdom
549951,2011-04-13 12:57:00,6,2.1,13134,United Kingdom
549951,2011-04-13 12:57:00,10,1.65,13134,United Kingdom
549951,2011-04-13 12:57:00,4,4.95,13134,United Kingdom
549951,2011-04-13 12:57:00,10,2.08,13134,United Kingdom
549951,2011-04-13 12:57:00,6,2.55,13134,United Kingdom
549951,2011-04-13 12:57:00,10,1.65,13134,United Kingdom
550155,2011-04-14 14:54:00,3,4.95,14198,United Kingdom
550155,2011-04-14 14:54:00,6,2.55,14198,United Kingdom
550155,2011-04-14 14:54:00,3,4.95,14198,United Kingdom
550155,2011-04-14 14:54:00,12,1.25,14198,United Kingdom
550155,2011-04-14 14:54:00,25,0.42,14198,United Kingdom
550155,2011-04-14 14:54:00,12,0.85,14198,United Kingdom
550155,2011-04-14 14:54:00,2,7.95,14198,United Kingdom
550155,2011-04-14 14:54:00,25,0.42,14198,United Kingdom
550155,2011-04-14 14:54:00,4,4.95,14198,United Kingdom
550155,2011-04-14 14:54:00,6,4.25,14198,United Kingdom
550155,2011-04-14 14:54:00,2,7.95,14198,United Kingdom
550155,2011-04-14 14:54:00,4,3.75,14198,United Kingdom
550184,2011-04-14 18:02:00,2,1.95,17601,United Kingdom
550184,2011-04-14 18:02:00,9,2.55,17601,United Kingdom
550184,2011-04-14 18:02:00,12,1.45,17601,United Kingdom
550184,2011-04-14 18:02:00,7,2.1,17601,United Kingdom
550184,2011-04-14 18:02:00,36,0.21,17601,United Kingdom
550184,2011-04-14 18:02:00,6,1.25,17601,United Kingdom
550184,2011-04-14 18:02:00,1,2.1,17601,United Kingdom
550184,2011-04-14 18:02:00,24,1.25,17601,United Kingdom
550184,2011-04-14 18:02:00,6,1.65,17601,United Kingdom
550302,2011-04-17 10:17:00,6,2.55,14156,EIRE
550302,2011-04-17 10:17:00,1,50.0,14156,EIRE
550302,2011-04-17 10:17:00,12,0.85,14156,EIRE
550302,2011-04-17 10:17:00,10,1.25,14156,EIRE
550302,2011-04-17 10:17:00,12,0.85,14156,EIRE
550302,2011-04-17 10:17:00,12,0.85,14156,EIRE
550302,2011-04-17 10:17:00,2,5.95,14156,EIRE
550302,2011-04-17 10:17:00,2,12.75,14156,EIRE
550302,2011-04-17 10:17:00,2,7.95,14156,EIRE
550302,2011-04-17 10:17:00,2,5.95,14156,EIRE
550302,2011-04-17 10:17:00,2,5.95,14156,EIRE
550302,2011-04-17 10:17:00,6,2.95,14156,EIRE
550302,2011-04-17 10:17:00,4,4.95,14156,EIRE
550302,2011-04-17 10:17:00,3,4.95,14156,EIRE
550302,2011-04-17 10:17:00,3,4.95,14156,EIRE
550302,2011-04-17 10:17:00,2,8.25,14156,EIRE
550302,2011-04-17 10:17:00,5,2.95,14156,EIRE
550302,2011-04-17 10:17:00,2,9.95,14156,EIRE
550302,2011-04-17 10:17:00,6,3.75,14156,EIRE
550302,2011-04-17 10:17:00,4,4.95,14156,EIRE
550302,2011-04-17 10:17:00,3,6.75,14156,EIRE
550302,2011-04-17 10:17:00,4,7.95,14156,EIRE
550302,2011-04-17 10:17:00,36,0.39,14156,EIRE
550302,2011-04-17 10:17:00,8,2.25,14156,EIRE
550302,2011-04-17 10:17:00,2,8.25,14156,EIRE
550303,2011-04-17 10:21:00,12,1.69,18213,United Kingdom
550303,2011-04-17 10:21:00,12,2.1,18213,United Kingdom
550303,2011-04-17 10:21:00,12,1.45,18213,United Kingdom
550303,2011-04-17 10:21:00,6,2.95,18213,United Kingdom
550303,2011-04-17 10:21:00,2,5.95,18213,United Kingdom
550303,2011-04-17 10:21:00,12,0.85,18213,United Kingdom
550303,2011-04-17 10:21:00,12,1.45,18213,United Kingdom
550303,2011-04-17 10:21:00,16,0.65,18213,United Kingdom
550303,2011-04-17 10:21:00,25,0.42,18213,United Kingdom
550303,2011-04-17 10:21:00,25,0.42,18213,United Kingdom
550303,2011-04-17 10:21:00,25,0.42,18213,United Kingdom
550303,2011-04-17 10:21:00,20,1.25,18213,United Kingdom
550303,2011-04-17 10:21:00,16,1.25,18213,United Kingdom
550303,2011-04-17 10:21:00,25,0.42,18213,United Kingdom
550303,2011-04-17 10:21:00,12,1.25,18213,United Kingdom
550310,2011-04-17 11:04:00,18,2.1,15985,United Kingdom
550310,2011-04-17 11:04:00,48,1.45,15985,United Kingdom
550310,2011-04-17 11:04:00,48,1.25,15985,United Kingdom
550310,2011-04-17 11:04:00,48,0.55,15985,United Kingdom
550310,2011-04-17 11:04:00,250,0.42,15985,United Kingdom
550310,2011-04-17 11:04:00,24,0.65,15985,United Kingdom
550310,2011-04-17 11:04:00,24,1.25,15985,United Kingdom
550310,2011-04-17 11:04:00,48,0.65,15985,United Kingdom
550310,2011-04-17 11:04:00,12,2.1,15985,United Kingdom
550310,2011-04-17 11:04:00,24,1.65,15985,United Kingdom
550310,2011-04-17 11:04:00,24,1.65,15985,United Kingdom
550310,2011-04-17 11:04:00,48,2.55,15985,United Kingdom
550310,2011-04-17 11:04:00,12,2.95,15985,United Kingdom
550310,2011-04-17 11:04:00,2,8.5,15985,United Kingdom
550310,2011-04-17 11:04:00,24,1.25,15985,United Kingdom
550310,2011-04-17 11:04:00,6,2.95,15985,United Kingdom
550310,2011-04-17 11:04:00,6,2.1,15985,United Kingdom
550310,2011-04-17 11:04:00,12,1.69,15985,United Kingdom
550310,2011-04-17 11:04:00,20,1.25,15985,United Kingdom
550310,2011-04-17 11:04:00,24,0.65,15985,United Kingdom
550310,2011-04-17 11:04:00,24,0.85,15985,United Kingdom
550310,2011-04-17 11:04:00,24,0.65,15985,United Kingdom
550310,2011-04-17 11:04:00,24,0.65,15985,United Kingdom
550310,2011-04-17 11:04:00,24,0.65,15985,United Kingdom
550310,2011-04-17 11:04:00,12,2.1,15985,United Kingdom
550310,2011-04-17 11:04:00,24,0.65,15985,United Kingdom
550310,2011-04-17 11:04:00,24,0.65,15985,United Kingdom
550352,2011-04-18 10:21:00,2,0.95,16719,United Kingdom
550352,2011-04-18 10:21:00,1,2.55,16719,United Kingdom
550352,2011-04-18 10:21:00,2,6.75,16719,United Kingdom
550352,2011-04-18 10:21:00,3,5.95,16719,United Kingdom
550352,2011-04-18 10:21:00,1,12.75,16719,United Kingdom
550352,2011-04-18 10:21:00,1,8.5,16719,United Kingdom
550352,2011-04-18 10:21:00,4,0.38,16719,United Kingdom
550352,2011-04-18 10:21:00,3,1.25,16719,United Kingdom
550352,2011-04-18 10:21:00,2,3.75,16719,United Kingdom
550352,2011-04-18 10:21:00,2,3.75,16719,United Kingdom
550352,2011-04-18 10:21:00,3,3.75,16719,United Kingdom
550352,2011-04-18 10:21:00,1,2.55,16719,United Kingdom
550352,2011-04-18 10:21:00,3,8.5,16719,United Kingdom
550352,2011-04-18 10:21:00,2,4.65,16719,United Kingdom
550352,2011-04-18 10:21:00,2,4.25,16719,United Kingdom
550352,2011-04-18 10:21:00,2,3.75,16719,United Kingdom
550352,2011-04-18 10:21:00,25,0.42,16719,United Kingdom
550352,2011-04-18 10:21:00,25,0.42,16719,United Kingdom
550352,2011-04-18 10:21:00,25,0.42,16719,United Kingdom
550352,2011-04-18 10:21:00,1,9.95,16719,United Kingdom
550352,2011-04-18 10:21:00,2,2.55,16719,United Kingdom
550352,2011-04-18 10:21:00,4,2.95,16719,United Kingdom
550352,2011-04-18 10:21:00,1,6.75,16719,United Kingdom
550352,2011-04-18 10:21:00,2,1.65,16719,United Kingdom
550352,2011-04-18 10:21:00,2,1.65,16719,United Kingdom
550352,2011-04-18 10:21:00,1,4.95,16719,United Kingdom
550352,2011-04-18 10:21:00,1,2.95,16719,United Kingdom
550352,2011-04-18 10:21:00,2,2.1,16719,United Kingdom
550473,2011-04-18 13:54:00,1,3.75,14623,United Kingdom
550473,2011-04-18 13:54:00,2,3.75,14623,United Kingdom
550473,2011-04-18 13:54:00,1,12.75,14623,United Kingdom
550473,2011-04-18 13:54:00,6,0.83,14623,United Kingdom
550473,2011-04-18 13:54:00,12,2.08,14623,United Kingdom
550473,2011-04-18 13:54:00,12,2.08,14623,United Kingdom
550473,2011-04-18 13:54:00,2,2.1,14623,United Kingdom
550473,2011-04-18 13:54:00,1,2.08,14623,United Kingdom
550473,2011-04-18 13:54:00,1,2.08,14623,United Kingdom
550473,2011-04-18 13:54:00,2,2.08,14623,United Kingdom
550473,2011-04-18 13:54:00,1,2.08,14623,United Kingdom
550473,2011-04-18 13:54:00,1,2.08,14623,United Kingdom
550473,2011-04-18 13:54:00,2,4.95,14623,United Kingdom
550473,2011-04-18 13:54:00,1,2.08,14623,United Kingdom
550473,2011-04-18 13:54:00,4,2.08,14623,United Kingdom
550473,2011-04-18 13:54:00,2,3.75,14623,United Kingdom
550473,2011-04-18 13:54:00,6,2.55,14623,United Kingdom
550473,2011-04-18 13:54:00,1,4.95,14623,United Kingdom
550473,2011-04-18 13:54:00,12,0.14,14623,United Kingdom
550473,2011-04-18 13:54:00,2,0.42,14623,United Kingdom
550473,2011-04-18 13:54:00,1,1.25,14623,United Kingdom
550473,2011-04-18 13:54:00,1,2.1,14623,United Kingdom
550473,2011-04-18 13:54:00,1,1.25,14623,United Kingdom
550473,2011-04-18 13:54:00,1,1.25,14623,United Kingdom
550473,2011-04-18 13:54:00,1,1.65,14623,United Kingdom
550473,2011-04-18 13:54:00,1,1.25,14623,United Kingdom
550473,2011-04-18 13:54:00,1,1.25,14623,United Kingdom
550473,2011-04-18 13:54:00,6,0.39,14623,United Kingdom
550473,2011-04-18 13:54:00,6,0.39,14623,United Kingdom
550473,2011-04-18 13:54:00,6,2.55,14623,United Kingdom
550473,2011-04-18 13:54:00,6,2.55,14623,United Kingdom
550473,2011-04-18 13:54:00,1,1.25,14623,United Kingdom
550615,2011-04-19 12:41:00,24,0.55,16730,United Kingdom
550615,2011-04-19 12:41:00,24,0.65,16730,United Kingdom
550615,2011-04-19 12:41:00,25,0.42,16730,United Kingdom
550615,2011-04-19 12:41:00,25,0.42,16730,United Kingdom
550615,2011-04-19 12:41:00,12,2.55,16730,United Kingdom
550615,2011-04-19 12:41:00,12,0.42,16730,United Kingdom
550615,2011-04-19 12:41:00,12,0.42,16730,United Kingdom
550615,2011-04-19 12:41:00,2,6.95,16730,United Kingdom
550615,2011-04-19 12:41:00,12,0.85,16730,United Kingdom
550615,2011-04-19 12:41:00,12,0.42,16730,United Kingdom
550615,2011-04-19 12:41:00,1,4.95,16730,United Kingdom
550615,2011-04-19 12:41:00,25,0.42,16730,United Kingdom
550615,2011-04-19 12:41:00,12,1.65,16730,United Kingdom
550615,2011-04-19 12:41:00,10,1.25,16730,United Kingdom
550615,2011-04-19 12:41:00,5,1.25,16730,United Kingdom
550615,2011-04-19 12:41:00,5,1.25,16730,United Kingdom
550615,2011-04-19 12:41:00,5,1.25,16730,United Kingdom
550615,2011-04-19 12:41:00,4,4.95,16730,United Kingdom
550615,2011-04-19 12:41:00,10,1.45,16730,United Kingdom
550615,2011-04-19 12:41:00,3,5.45,16730,United Kingdom
550615,2011-04-19 12:41:00,3,5.45,16730,United Kingdom
550615,2011-04-19 12:41:00,50,0.42,16730,United Kingdom
550615,2011-04-19 12:41:00,12,1.65,16730,United Kingdom
550618,2011-04-19 13:09:00,4,4.95,14156,EIRE
550618,2011-04-19 13:09:00,6,2.95,14156,EIRE
550618,2011-04-19 13:09:00,12,1.65,14156,EIRE
550618,2011-04-19 13:09:00,6,2.95,14156,EIRE
550618,2011-04-19 13:09:00,4,3.75,14156,EIRE
550618,2011-04-19 13:09:00,12,0.85,14156,EIRE
550618,2011-04-19 13:09:00,24,0.55,14156,EIRE
550618,2011-04-19 13:09:00,24,0.55,14156,EIRE
550618,2011-04-19 13:09:00,1,50.0,14156,EIRE
550618,2011-04-19 13:09:00,12,1.25,14156,EIRE
550618,2011-04-19 13:09:00,10,1.65,14156,EIRE
550618,2011-04-19 13:09:00,10,1.65,14156,EIRE
550618,2011-04-19 13:09:00,12,1.65,14156,EIRE
550618,2011-04-19 13:09:00,4,4.95,14156,EIRE
550618,2011-04-19 13:09:00,12,2.1,14156,EIRE
550618,2011-04-19 13:09:00,10,2.08,14156,EIRE
550618,2011-04-19 13:09:00,3,7.5,14156,EIRE
550618,2011-04-19 13:09:00,10,1.25,14156,EIRE
550618,2011-04-19 13:09:00,24,0.29,14156,EIRE
550618,2011-04-19 13:09:00,24,0.29,14156,EIRE
550618,2011-04-19 13:09:00,10,0.85,14156,EIRE
550649,2011-04-19 16:37:00,6,4.25,13134,United Kingdom
550658,2011-04-20 09:01:00,24,3.39,13576,United Kingdom
550658,2011-04-20 09:01:00,72,3.39,13576,United Kingdom
550658,2011-04-20 09:01:00,48,2.1,13576,United Kingdom
550832,2011-04-21 10:31:00,10,6.75,17588,United Kingdom
550832,2011-04-21 10:31:00,4,6.95,17588,United Kingdom
550832,2011-04-21 10:31:00,4,8.95,17588,United Kingdom
550832,2011-04-21 10:31:00,2,7.95,17588,United Kingdom
550832,2011-04-21 10:31:00,2,7.95,17588,United Kingdom
550832,2011-04-21 10:31:00,10,6.75,17588,United Kingdom
550832,2011-04-21 10:31:00,2,7.95,17588,United Kingdom
550832,2011-04-21 10:31:00,10,6.75,17588,United Kingdom
550832,2011-04-21 10:31:00,2,7.95,17588,United Kingdom
550832,2011-04-21 10:31:00,10,6.75,17588,United Kingdom
551145,2011-04-26 13:37:00,9,5.95,16168,United Kingdom
551145,2011-04-26 13:37:00,9,5.95,16168,United Kingdom
551548,2011-05-03 09:44:00,5,2.95,14149,United Kingdom
551548,2011-05-03 09:44:00,12,0.39,14149,United Kingdom
551548,2011-05-03 09:44:00,6,2.55,14149,United Kingdom
551548,2011-05-03 09:44:00,6,2.55,14149,United Kingdom
551548,2011-05-03 09:44:00,12,0.85,14149,United Kingdom
551548,2011-05-03 09:44:00,6,2.55,14149,United Kingdom
551548,2011-05-03 09:44:00,24,0.79,14149,United Kingdom
551548,2011-05-03 09:44:00,24,0.79,14149,United Kingdom
551548,2011-05-03 09:44:00,4,3.75,14149,United Kingdom
551548,2011-05-03 09:44:00,4,3.75,14149,United Kingdom
551548,2011-05-03 09:44:00,6,3.25,14149,United Kingdom
551548,2011-05-03 09:44:00,3,5.45,14149,United Kingdom
551548,2011-05-03 09:44:00,6,2.55,14149,United Kingdom
551548,2011-05-03 09:44:00,6,2.55,14149,United Kingdom
551548,2011-05-03 09:44:00,12,1.65,14149,United Kingdom
551548,2011-05-03 09:44:00,3,5.45,14149,United Kingdom
551548,2011-05-03 09:44:00,6,2.95,14149,United Kingdom
551548,2011-05-03 09:44:00,6,2.95,14149,United Kingdom
551548,2011-05-03 09:44:00,2,12.75,14149,United Kingdom
551548,2011-05-03 09:44:00,3,4.95,14149,United Kingdom
551548,2011-05-03 09:44:00,8,1.69,14149,United Kingdom
551548,2011-05-03 09:44:00,12,0.85,14149,United Kingdom
551548,2011-05-03 09:44:00,6,2.55,14149,United Kingdom
551548,2011-05-03 09:44:00,6,2.55,14149,United Kingdom
551548,2011-05-03 09:44:00,6,2.95,14149,United Kingdom
551548,2011-05-03 09:44:00,6,2.95,14149,United Kingdom
551548,2011-05-03 09:44:00,12,1.65,14149,United Kingdom
551548,2011-05-03 09:44:00,6,2.55,14149,United Kingdom
551649,2011-05-03 12:02:00,2,20.0,12643,France
551649,2011-05-03 12:02:00,24,2.55,12643,France
551649,2011-05-03 12:02:00,48,1.05,12643,France
551649,2011-05-03 12:02:00,48,1.06,12643,France
551652,2011-05-03 12:03:00,24,0.42,12643,France
551652,2011-05-03 12:03:00,48,0.42,12643,France
551652,2011-05-03 12:03:00,40,2.55,12643,France
551652,2011-05-03 12:03:00,80,2.55,12643,France
551652,2011-05-03 12:03:00,2,1.0,12643,France
551854,2011-05-04 14:55:00,72,3.39,13576,United Kingdom
551854,2011-05-04 14:55:00,2,7.95,13576,United Kingdom
551854,2011-05-04 14:55:00,2,9.95,13576,United Kingdom
551854,2011-05-04 14:55:00,4,5.75,13576,United Kingdom
551881,2011-05-05 09:11:00,12,2.95,13784,United Kingdom
551881,2011-05-05 09:11:00,4,12.75,13784,United Kingdom
551881,2011-05-05 09:11:00,36,1.06,13784,United Kingdom
551881,2011-05-05 09:11:00,24,0.85,13784,United Kingdom
551881,2011-05-05 09:11:00,48,0.95,13784,United Kingdom
551881,2011-05-05 09:11:00,432,0.36,13784,United Kingdom
552010,2011-05-05 17:26:00,4,1.45,14713,United Kingdom
552010,2011-05-05 17:26:00,2,5.95,14713,United Kingdom
552010,2011-05-05 17:26:00,2,4.95,14713,United Kingdom
552010,2011-05-05 17:26:00,3,2.1,14713,United Kingdom
552010,2011-05-05 17:26:00,3,1.65,14713,United Kingdom
552010,2011-05-05 17:26:00,3,1.65,14713,United Kingdom
552010,2011-05-05 17:26:00,3,1.65,14713,United Kingdom
552010,2011-05-05 17:26:00,3,1.65,14713,United Kingdom
552010,2011-05-05 17:26:00,3,1.65,14713,United Kingdom
552010,2011-05-05 17:26:00,2,4.15,14713,United Kingdom
552010,2011-05-05 17:26:00,1,3.75,14713,United Kingdom
552010,2011-05-05 17:26:00,12,0.85,14713,United Kingdom
552010,2011-05-05 17:26:00,8,0.65,14713,United Kingdom
552010,2011-05-05 17:26:00,1,6.75,14713,United Kingdom
552010,2011-05-05 17:26:00,4,1.69,14713,United Kingdom
552010,2011-05-05 17:26:00,6,0.42,14713,United Kingdom
552010,2011-05-05 17:26:00,3,2.49,14713,United Kingdom
552010,2011-05-05 17:26:00,2,4.15,14713,United Kingdom
552010,2011-05-05 17:26:00,6,0.42,14713,United Kingdom
552010,2011-05-05 17:26:00,3,1.65,14713,United Kingdom
552010,2011-05-05 17:26:00,6,0.42,14713,United Kingdom
552010,2011-05-05 17:26:00,2,0.42,14713,United Kingdom
552010,2011-05-05 17:26:00,3,3.75,14713,United Kingdom
552010,2011-05-05 17:26:00,3,4.25,14713,United Kingdom
552010,2011-05-05 17:26:00,25,0.42,14713,United Kingdom
552010,2011-05-05 17:26:00,25,0.42,14713,United Kingdom
552010,2011-05-05 17:26:00,2,14.95,14713,United Kingdom
552010,2011-05-05 17:26:00,3,2.55,14713,United Kingdom
552010,2011-05-05 17:26:00,2,2.1,14713,United Kingdom
552010,2011-05-05 17:26:00,3,2.1,14713,United Kingdom
552010,2011-05-05 17:26:00,3,2.1,14713,United Kingdom
552010,2011-05-05 17:26:00,2,2.1,14713,United Kingdom
552010,2011-05-05 17:26:00,1,2.1,14713,United Kingdom
552010,2011-05-05 17:26:00,3,1.65,14713,United Kingdom
552010,2011-05-05 17:26:00,2,2.1,14713,United Kingdom
552010,2011-05-05 17:26:00,2,0.42,14713,United Kingdom
552010,2011-05-05 17:26:00,3,0.85,14713,United Kingdom
552010,2011-05-05 17:26:00,4,0.85,14713,United Kingdom
552010,2011-05-05 17:26:00,3,2.95,14713,United Kingdom
552010,2011-05-05 17:26:00,6,1.65,14713,United Kingdom
552010,2011-05-05 17:26:00,12,1.25,14713,United Kingdom
552010,2011-05-05 17:26:00,3,1.65,14713,United Kingdom
552010,2011-05-05 17:26:00,4,0.85,14713,United Kingdom
552038,2011-05-06 08:08:00,72,0.72,14156,EIRE
552038,2011-05-06 08:08:00,64,1.25,14156,EIRE
552038,2011-05-06 08:08:00,48,2.95,14156,EIRE
552038,2011-05-06 08:08:00,48,1.25,14156,EIRE
552038,2011-05-06 08:08:00,144,2.55,14156,EIRE
552038,2011-05-06 08:08:00,144,1.85,14156,EIRE
552038,2011-05-06 08:08:00,240,0.42,14156,EIRE
552038,2011-05-06 08:08:00,40,6.75,14156,EIRE
552038,2011-05-06 08:08:00,240,0.42,14156,EIRE
552038,2011-05-06 08:08:00,144,1.45,14156,EIRE
552038,2011-05-06 08:08:00,48,4.95,14156,EIRE
552038,2011-05-06 08:08:00,48,12.75,14156,EIRE
552038,2011-05-06 08:08:00,36,12.75,14156,EIRE
552038,2011-05-06 08:08:00,24,5.95,14156,EIRE
552038,2011-05-06 08:08:00,144,0.36,14156,EIRE
552038,2011-05-06 08:08:00,24,5.95,14156,EIRE
552038,2011-05-06 08:08:00,48,2.55,14156,EIRE
552038,2011-05-06 08:08:00,48,2.1,14156,EIRE
552038,2011-05-06 08:08:00,40,6.75,14156,EIRE
552038,2011-05-06 08:08:00,50,1.65,14156,EIRE
552254,2011-05-08 10:21:00,24,1.25,16168,United Kingdom
552254,2011-05-08 10:21:00,12,2.08,16168,United Kingdom
552254,2011-05-08 10:21:00,12,1.45,16168,United Kingdom
552254,2011-05-08 10:21:00,12,2.95,16168,United Kingdom
552254,2011-05-08 10:21:00,10,2.08,16168,United Kingdom
552254,2011-05-08 10:21:00,6,4.95,16168,United Kingdom
552267,2011-05-08 11:49:00,1,7.95,15038,United Kingdom
552267,2011-05-08 11:49:00,1,2.49,15038,United Kingdom
552267,2011-05-08 11:49:00,1,5.95,15038,United Kingdom
552267,2011-05-08 11:49:00,1,7.95,15038,United Kingdom
552267,2011-05-08 11:49:00,1,5.95,15038,United Kingdom
552267,2011-05-08 11:49:00,2,0.85,15038,United Kingdom
552267,2011-05-08 11:49:00,1,5.95,15038,United Kingdom
552267,2011-05-08 11:49:00,1,2.95,15038,United Kingdom
552267,2011-05-08 11:49:00,1,6.25,15038,United Kingdom
552267,2011-05-08 11:49:00,1,4.15,15038,United Kingdom
552267,2011-05-08 11:49:00,1,6.25,15038,United Kingdom
552267,2011-05-08 11:49:00,1,8.95,15038,United Kingdom
552267,2011-05-08 11:49:00,1,9.95,15038,United Kingdom
552267,2011-05-08 11:49:00,1,12.75,15038,United Kingdom
552267,2011-05-08 11:49:00,1,5.95,15038,United Kingdom
552267,2011-05-08 11:49:00,1,5.95,15038,United Kingdom
552267,2011-05-08 11:49:00,1,6.25,15038,United Kingdom
552267,2011-05-08 11:49:00,1,4.95,15038,United Kingdom
552267,2011-05-08 11:49:00,1,2.49,15038,United Kingdom
552267,2011-05-08 11:49:00,1,2.55,15038,United Kingdom
552279,2011-05-08 12:38:00,10,0.85,15117,United Kingdom
552279,2011-05-08 12:38:00,600,0.32,15117,United Kingdom
552279,2011-05-08 12:38:00,10,1.65,15117,United Kingdom
552279,2011-05-08 12:38:00,10,2.08,15117,United Kingdom
552279,2011-05-08 12:38:00,10,2.08,15117,United Kingdom
552279,2011-05-08 12:38:00,10,1.65,15117,United Kingdom
552279,2011-05-08 12:38:00,10,2.08,15117,United Kingdom
552279,2011-05-08 12:38:00,10,1.65,15117,United Kingdom
552319,2011-05-09 08:23:00,10,0.85,13003,United Kingdom
552319,2011-05-09 08:23:00,3,5.95,13003,United Kingdom
552319,2011-05-09 08:23:00,6,2.95,13003,United Kingdom
552319,2011-05-09 08:23:00,12,1.25,13003,United Kingdom
552358,2011-05-09 12:20:00,12,1.65,15673,United Kingdom
552358,2011-05-09 12:20:00,6,2.55,15673,United Kingdom
552358,2011-05-09 12:20:00,4,6.75,15673,United Kingdom
552358,2011-05-09 12:20:00,6,3.25,15673,United Kingdom
552358,2011-05-09 12:20:00,2,7.95,15673,United Kingdom
552358,2011-05-09 12:20:00,6,2.95,15673,United Kingdom
552358,2011-05-09 12:20:00,24,0.42,15673,United Kingdom
552358,2011-05-09 12:20:00,24,0.42,15673,United Kingdom
552358,2011-05-09 12:20:00,6,5.95,15673,United Kingdom
552358,2011-05-09 12:20:00,3,9.95,15673,United Kingdom
552358,2011-05-09 12:20:00,3,5.95,15673,United Kingdom
552358,2011-05-09 12:20:00,12,1.25,15673,United Kingdom
552358,2011-05-09 12:20:00,6,2.95,15673,United Kingdom
552358,2011-05-09 12:20:00,4,5.95,15673,United Kingdom
552358,2011-05-09 12:20:00,12,1.65,15673,United Kingdom
552358,2011-05-09 12:20:00,12,1.95,15673,United Kingdom
552358,2011-05-09 12:20:00,4,3.75,15673,United Kingdom
552358,2011-05-09 12:20:00,2,14.95,15673,United Kingdom
552358,2011-05-09 12:20:00,10,1.65,15673,United Kingdom
552358,2011-05-09 12:20:00,2,16.95,15673,United Kingdom
552358,2011-05-09 12:20:00,6,5.95,15673,United Kingdom
552358,2011-05-09 12:20:00,12,1.25,15673,United Kingdom
552358,2011-05-09 12:20:00,12,1.25,15673,United Kingdom
552358,2011-05-09 12:20:00,12,1.65,15673,United Kingdom
552358,2011-05-09 12:20:00,10,1.65,15673,United Kingdom
552358,2011-05-09 12:20:00,4,7.95,15673,United Kingdom
552358,2011-05-09 12:20:00,24,0.55,15673,United Kingdom
552358,2011-05-09 12:20:00,12,1.25,15673,United Kingdom
552358,2011-05-09 12:20:00,12,1.65,15673,United Kingdom
552358,2011-05-09 12:20:00,12,0.85,15673,United Kingdom
552358,2011-05-09 12:20:00,16,0.65,15673,United Kingdom
552358,2011-05-09 12:20:00,24,0.29,15673,United Kingdom
552358,2011-05-09 12:20:00,24,0.29,15673,United Kingdom
552358,2011-05-09 12:20:00,10,1.25,15673,United Kingdom
552358,2011-05-09 12:20:00,12,0.85,15673,United Kingdom
552358,2011-05-09 12:20:00,6,1.95,15673,United Kingdom
552358,2011-05-09 12:20:00,2,9.95,15673,United Kingdom
552358,2011-05-09 12:20:00,12,0.65,15673,United Kingdom
552358,2011-05-09 12:20:00,12,0.65,15673,United Kingdom
552358,2011-05-09 12:20:00,12,0.65,15673,United Kingdom
552358,2011-05-09 12:20:00,12,0.65,15673,United Kingdom
552358,2011-05-09 12:20:00,6,2.95,15673,United Kingdom
552358,2011-05-09 12:20:00,12,2.1,15673,United Kingdom
552358,2011-05-09 12:20:00,12,0.85,15673,United Kingdom
552358,2011-05-09 12:20:00,12,2.95,15673,United Kingdom
552358,2011-05-09 12:20:00,6,1.95,15673,United Kingdom
552463,2011-05-09 14:54:00,4,4.95,14699,United Kingdom
552463,2011-05-09 14:54:00,3,5.95,14699,United Kingdom
552463,2011-05-09 14:54:00,12,0.55,14699,United Kingdom
552463,2011-05-09 14:54:00,12,0.55,14699,United Kingdom
552463,2011-05-09 14:54:00,6,2.1,14699,United Kingdom
552463,2011-05-09 14:54:00,12,1.25,14699,United Kingdom
552463,2011-05-09 14:54:00,16,0.65,14699,United Kingdom
552463,2011-05-09 14:54:00,12,1.69,14699,United Kingdom
552523,2011-05-09 16:38:00,200,1.65,15797,United Kingdom
552770,2011-05-11 11:57:00,6,3.75,13404,United Kingdom
552770,2011-05-11 11:57:00,12,1.25,13404,United Kingdom
552770,2011-05-11 11:57:00,4,6.65,13404,United Kingdom
552770,2011-05-11 11:57:00,12,1.25,13404,United Kingdom
552770,2011-05-11 11:57:00,4,6.65,13404,United Kingdom
552770,2011-05-11 11:57:00,12,1.95,13404,United Kingdom
552770,2011-05-11 11:57:00,12,0.83,13404,United Kingdom
552770,2011-05-11 11:57:00,25,2.55,13404,United Kingdom
552770,2011-05-11 11:57:00,12,1.25,13404,United Kingdom
552954,2011-05-12 12:30:00,12,0.85,14064,United Kingdom
552954,2011-05-12 12:30:00,6,1.25,14064,United Kingdom
552954,2011-05-12 12:30:00,24,1.65,14064,United Kingdom
552954,2011-05-12 12:30:00,16,0.65,14064,United Kingdom
552954,2011-05-12 12:30:00,12,0.85,14064,United Kingdom
552954,2011-05-12 12:30:00,24,0.85,14064,United Kingdom
552954,2011-05-12 12:30:00,96,1.06,14064,United Kingdom
552954,2011-05-12 12:30:00,32,2.55,14064,United Kingdom
553055,2011-05-13 10:35:00,6,2.95,16618,United Kingdom
553055,2011-05-13 10:35:00,12,1.65,16618,United Kingdom
553055,2011-05-13 10:35:00,12,1.45,16618,United Kingdom
553055,2011-05-13 10:35:00,48,3.29,16618,United Kingdom
553055,2011-05-13 10:35:00,12,1.65,16618,United Kingdom
553055,2011-05-13 10:35:00,12,1.65,16618,United Kingdom
553055,2011-05-13 10:35:00,12,1.65,16618,United Kingdom
553055,2011-05-13 10:35:00,12,1.65,16618,United Kingdom
553055,2011-05-13 10:35:00,6,8.25,16618,United Kingdom
553056,2011-05-13 10:37:00,1,16.95,16618,United Kingdom
553181,2011-05-15 11:43:00,12,1.65,16168,United Kingdom
553181,2011-05-15 11:43:00,96,1.45,16168,United Kingdom
553206,2011-05-16 08:16:00,6,2.95,14156,EIRE
553206,2011-05-16 08:16:00,6,2.95,14156,EIRE
553206,2011-05-16 08:16:00,12,8.5,14156,EIRE
553206,2011-05-16 08:16:00,10,6.75,14156,EIRE
553206,2011-05-16 08:16:00,10,6.75,14156,EIRE
553206,2011-05-16 08:16:00,10,6.75,14156,EIRE
553206,2011-05-16 08:16:00,10,1.65,14156,EIRE
553206,2011-05-16 08:16:00,10,6.75,14156,EIRE
553206,2011-05-16 08:16:00,12,5.39,14156,EIRE
553206,2011-05-16 08:16:00,10,6.75,14156,EIRE
553206,2011-05-16 08:16:00,10,6.75,14156,EIRE
553206,2011-05-16 08:16:00,8,5.75,14156,EIRE
553206,2011-05-16 08:16:00,6,7.5,14156,EIRE
553206,2011-05-16 08:16:00,16,5.95,14156,EIRE
553206,2011-05-16 08:16:00,10,1.65,14156,EIRE
553206,2011-05-16 08:16:00,4,12.5,14156,EIRE
553206,2011-05-16 08:16:00,16,10.95,14156,EIRE
553206,2011-05-16 08:16:00,96,0.72,14156,EIRE
553206,2011-05-16 08:16:00,10,2.95,14156,EIRE
553206,2011-05-16 08:16:00,10,1.25,14156,EIRE
553206,2011-05-16 08:16:00,10,1.65,14156,EIRE
553206,2011-05-16 08:16:00,144,0.55,14156,EIRE
553206,2011-05-16 08:16:00,6,3.95,14156,EIRE
553206,2011-05-16 08:16:00,12,3.75,14156,EIRE
553206,2011-05-16 08:16:00,12,2.95,14156,EIRE
553206,2011-05-16 08:16:00,2,8.25,14156,EIRE
553206,2011-05-16 08:16:00,12,1.45,14156,EIRE
553206,2011-05-16 08:16:00,12,1.45,14156,EIRE
553206,2011-05-16 08:16:00,10,1.65,14156,EIRE
553206,2011-05-16 08:16:00,6,4.95,14156,EIRE
553206,2011-05-16 08:16:00,6,3.95,14156,EIRE
553206,2011-05-16 08:16:00,12,4.95,14156,EIRE
553402,2011-05-16 17:13:00,1,3.75,17898,United Kingdom
553402,2011-05-16 17:13:00,2,1.25,17898,United Kingdom
553402,2011-05-16 17:13:00,2,1.65,17898,United Kingdom
553402,2011-05-16 17:13:00,6,2.55,17898,United Kingdom
553402,2011-05-16 17:13:00,2,1.65,17898,United Kingdom
553402,2011-05-16 17:13:00,3,2.1,17898,United Kingdom
553402,2011-05-16 17:13:00,6,0.65,17898,United Kingdom
553402,2011-05-16 17:13:00,2,0.42,17898,United Kingdom
553402,2011-05-16 17:13:00,2,3.75,17898,United Kingdom
553402,2011-05-16 17:13:00,4,2.08,17898,United Kingdom
553402,2011-05-16 17:13:00,12,0.42,17898,United Kingdom
553402,2011-05-16 17:13:00,12,0.42,17898,United Kingdom
553402,2011-05-16 17:13:00,12,0.42,17898,United Kingdom
553402,2011-05-16 17:13:00,2,0.42,17898,United Kingdom
553402,2011-05-16 17:13:00,2,1.65,17898,United Kingdom
553402,2011-05-16 17:13:00,1,0.85,17898,United Kingdom
553402,2011-05-16 17:13:00,25,0.42,17898,United Kingdom
553402,2011-05-16 17:13:00,25,0.42,17898,United Kingdom
553402,2011-05-16 17:13:00,2,1.65,17898,United Kingdom
553402,2011-05-16 17:13:00,1,0.42,17898,United Kingdom
553408,2011-05-17 09:13:00,4,3.75,13976,United Kingdom
553408,2011-05-17 09:13:00,6,2.55,13976,United Kingdom
553408,2011-05-17 09:13:00,48,0.39,13976,United Kingdom
553408,2011-05-17 09:13:00,4,3.95,13976,United Kingdom
553408,2011-05-17 09:13:00,12,1.25,13976,United Kingdom
553408,2011-05-17 09:13:00,24,1.25,13976,United Kingdom
553408,2011-05-17 09:13:00,6,7.95,13976,United Kingdom
553408,2011-05-17 09:13:00,8,7.95,13976,United Kingdom
553408,2011-05-17 09:13:00,18,3.75,13976,United Kingdom
553408,2011-05-17 09:13:00,24,2.89,13976,United Kingdom
553739,2011-05-19 09:23:00,12,1.65,14895,United Kingdom
553739,2011-05-19 09:23:00,12,1.65,14895,United Kingdom
553739,2011-05-19 09:23:00,12,1.65,14895,United Kingdom
553739,2011-05-19 09:23:00,6,3.25,14895,United Kingdom
553739,2011-05-19 09:23:00,6,4.15,14895,United Kingdom
553739,2011-05-19 09:23:00,2,9.95,14895,United Kingdom
553739,2011-05-19 09:23:00,12,1.25,14895,United Kingdom
553739,2011-05-19 09:23:00,24,0.65,14895,United Kingdom
553739,2011-05-19 09:23:00,12,2.95,14895,United Kingdom
553739,2011-05-19 09:23:00,8,4.95,14895,United Kingdom
553739,2011-05-19 09:23:00,2,16.95,14895,United Kingdom
553739,2011-05-19 09:23:00,3,4.95,14895,United Kingdom
553739,2011-05-19 09:23:00,4,3.75,14895,United Kingdom
553739,2011-05-19 09:23:00,4,3.75,14895,United Kingdom
553739,2011-05-19 09:23:00,2,7.95,14895,United Kingdom
553739,2011-05-19 09:23:00,4,4.15,14895,United Kingdom
553739,2011-05-19 09:23:00,6,4.15,14895,United Kingdom
553739,2011-05-19 09:23:00,12,1.45,14895,United Kingdom
553739,2011-05-19 09:23:00,12,1.45,14895,United Kingdom
553739,2011-05-19 09:23:00,4,3.75,14895,United Kingdom
553739,2011-05-19 09:23:00,6,2.49,14895,United Kingdom
553739,2011-05-19 09:23:00,24,1.95,14895,United Kingdom
553739,2011-05-19 09:23:00,10,1.65,14895,United Kingdom
553739,2011-05-19 09:23:00,12,1.25,14895,United Kingdom
553739,2011-05-19 09:23:00,2,8.5,14895,United Kingdom
553739,2011-05-19 09:23:00,12,1.25,14895,United Kingdom
553739,2011-05-19 09:23:00,12,1.25,14895,United Kingdom
553739,2011-05-19 09:23:00,10,1.65,14895,United Kingdom
553739,2011-05-19 09:23:00,12,1.65,14895,United Kingdom
553739,2011-05-19 09:23:00,4,3.75,14895,United Kingdom
553739,2011-05-19 09:23:00,4,10.95,14895,United Kingdom
553739,2011-05-19 09:23:00,8,3.95,14895,United Kingdom
553739,2011-05-19 09:23:00,2,16.95,14895,United Kingdom
553739,2011-05-19 09:23:00,4,4.25,14895,United Kingdom
553739,2011-05-19 09:23:00,2,12.75,14895,United Kingdom
553739,2011-05-19 09:23:00,12,2.55,14895,United Kingdom
553739,2011-05-19 09:23:00,6,7.95,14895,United Kingdom
553739,2011-05-19 09:23:00,4,5.95,14895,United Kingdom
553739,2011-05-19 09:23:00,6,2.95,14895,United Kingdom
553739,2011-05-19 09:23:00,6,2.95,14895,United Kingdom
553739,2011-05-19 09:23:00,6,12.75,14895,United Kingdom
553739,2011-05-19 09:23:00,12,1.65,14895,United Kingdom
553739,2011-05-19 09:23:00,2,6.75,14895,United Kingdom
553739,2011-05-19 09:23:00,12,1.65,14895,United Kingdom
553739,2011-05-19 09:23:00,6,4.95,14895,United Kingdom
553739,2011-05-19 09:23:00,6,2.95,14895,United Kingdom
553835,2011-05-19 11:50:00,3,16.95,13529,United Kingdom
553835,2011-05-19 11:50:00,3,16.95,13529,United Kingdom
553835,2011-05-19 11:50:00,3,4.95,13529,United Kingdom
553835,2011-05-19 11:50:00,4,4.15,13529,United Kingdom
553835,2011-05-19 11:50:00,10,1.65,13529,United Kingdom
553835,2011-05-19 11:50:00,4,4.15,13529,United Kingdom
553835,2011-05-19 11:50:00,3,4.95,13529,United Kingdom
553916,2011-05-20 08:18:00,4,3.75,17166,United Kingdom
553916,2011-05-20 08:18:00,8,1.25,17166,United Kingdom
553916,2011-05-20 08:18:00,4,3.75,17166,United Kingdom
553916,2011-05-20 08:18:00,8,1.69,17166,United Kingdom
553916,2011-05-20 08:18:00,4,3.75,17166,United Kingdom
553916,2011-05-20 08:18:00,8,0.85,17166,United Kingdom
553916,2011-05-20 08:18:00,8,1.25,17166,United Kingdom
553916,2011-05-20 08:18:00,3,4.95,17166,United Kingdom
553916,2011-05-20 08:18:00,8,1.69,17166,United Kingdom
553916,2011-05-20 08:18:00,2,6.95,17166,United Kingdom
554095,2011-05-22 12:51:00,32,0.65,14682,United Kingdom
554697,2011-05-25 17:31:00,3,1.65,14584,United Kingdom
554697,2011-05-25 17:31:00,5,0.85,14584,United Kingdom
554697,2011-05-25 17:31:00,3,1.65,14584,United Kingdom
554697,2011-05-25 17:31:00,5,1.25,14584,United Kingdom
554697,2011-05-25 17:31:00,2,4.95,14584,United Kingdom
554697,2011-05-25 17:31:00,5,1.65,14584,United Kingdom
554697,2011-05-25 17:31:00,2,5.95,14584,United Kingdom
554697,2011-05-25 17:31:00,1,5.95,14584,United Kingdom
554697,2011-05-25 17:31:00,5,1.25,14584,United Kingdom
554697,2011-05-25 17:31:00,5,0.85,14584,United Kingdom
554697,2011-05-25 17:31:00,2,9.95,14584,United Kingdom
554697,2011-05-25 17:31:00,5,1.65,14584,United Kingdom
554697,2011-05-25 17:31:00,6,0.85,14584,United Kingdom
554697,2011-05-25 17:31:00,6,0.85,14584,United Kingdom
554697,2011-05-25 17:31:00,2,2.95,14584,United Kingdom
554697,2011-05-25 17:31:00,2,2.1,14584,United Kingdom
554697,2011-05-25 17:31:00,5,1.69,14584,United Kingdom
554697,2011-05-25 17:31:00,2,7.95,14584,United Kingdom
554697,2011-05-25 17:31:00,3,2.95,14584,United Kingdom
554697,2011-05-25 17:31:00,3,2.55,14584,United Kingdom
554697,2011-05-25 17:31:00,5,2.08,14584,United Kingdom
554697,2011-05-25 17:31:00,3,2.95,14584,United Kingdom
554697,2011-05-25 17:31:00,4,1.25,14584,United Kingdom
554697,2011-05-25 17:31:00,1,2.08,14584,United Kingdom
554697,2011-05-25 17:31:00,5,1.69,14584,United Kingdom
554697,2011-05-25 17:31:00,2,2.1,14584,United Kingdom
554697,2011-05-25 17:31:00,1,2.1,14584,United Kingdom
554697,2011-05-25 17:31:00,7,2.1,14584,United Kingdom
554697,2011-05-25 17:31:00,4,2.1,14584,United Kingdom
554837,2011-05-26 16:30:00,2,2.95,14584,United Kingdom
554837,2011-05-26 16:30:00,2,8.5,14584,United Kingdom
554837,2011-05-26 16:30:00,2,6.35,14584,United Kingdom
554837,2011-05-26 16:30:00,2,4.95,14584,United Kingdom
554837,2011-05-26 16:30:00,4,15.95,14584,United Kingdom
554837,2011-05-26 16:30:00,6,1.25,14584,United Kingdom
554837,2011-05-26 16:30:00,1,5.95,14584,United Kingdom
554837,2011-05-26 16:30:00,6,1.25,14584,United Kingdom
554837,2011-05-26 16:30:00,2,4.25,14584,United Kingdom
554837,2011-05-26 16:30:00,2,2.95,14584,United Kingdom
554837,2011-05-26 16:30:00,3,2.95,14584,United Kingdom
554837,2011-05-26 16:30:00,3,2.95,14584,United Kingdom
554837,2011-05-26 16:30:00,8,1.69,14584,United Kingdom
554837,2011-05-26 16:30:00,3,1.65,14584,United Kingdom
554837,2011-05-26 16:30:00,3,2.95,14584,United Kingdom
554837,2011-05-26 16:30:00,3,2.1,14584,United Kingdom
554837,2011-05-26 16:30:00,10,0.42,14584,United Kingdom
554837,2011-05-26 16:30:00,3,1.95,14584,United Kingdom
554837,2011-05-26 16:30:00,2,4.95,14584,United Kingdom
554837,2011-05-26 16:30:00,2,5.95,14584,United Kingdom
554837,2011-05-26 16:30:00,2,6.25,14584,United Kingdom
554837,2011-05-26 16:30:00,6,1.65,14584,United Kingdom
554837,2011-05-26 16:30:00,2,2.1,14584,United Kingdom
554985,2011-05-29 12:26:00,12,1.25,12426,Germany
554985,2011-05-29 12:26:00,12,1.65,12426,Germany
554985,2011-05-29 12:26:00,12,1.95,12426,Germany
554985,2011-05-29 12:26:00,12,1.95,12426,Germany
554985,2011-05-29 12:26:00,12,1.25,12426,Germany
554985,2011-05-29 12:26:00,4,4.95,12426,Germany
554985,2011-05-29 12:26:00,2,4.95,12426,Germany
554985,2011-05-29 12:26:00,6,2.95,12426,Germany
554985,2011-05-29 12:26:00,6,2.95,12426,Germany
554985,2011-05-29 12:26:00,6,2.55,12426,Germany
554985,2011-05-29 12:26:00,2,6.35,12426,Germany
554985,2011-05-29 12:26:00,25,0.1,12426,Germany
554985,2011-05-29 12:26:00,4,18.0,12426,Germany
554985,2011-05-29 12:26:00,1,16.95,12426,Germany
554985,2011-05-29 12:26:00,6,2.95,12426,Germany
554985,2011-05-29 12:26:00,12,1.69,12426,Germany
554985,2011-05-29 12:26:00,12,2.1,12426,Germany
554985,2011-05-29 12:26:00,6,2.95,12426,Germany
554985,2011-05-29 12:26:00,10,1.25,12426,Germany
554985,2011-05-29 12:26:00,12,0.85,12426,Germany
554985,2011-05-29 12:26:00,12,1.65,12426,Germany
554985,2011-05-29 12:26:00,12,1.65,12426,Germany
554985,2011-05-29 12:26:00,12,1.65,12426,Germany
554985,2011-05-29 12:26:00,12,2.95,12426,Germany
554985,2011-05-29 12:26:00,2,7.95,12426,Germany
554985,2011-05-29 12:26:00,2,7.95,12426,Germany
554985,2011-05-29 12:26:00,12,1.25,12426,Germany
554985,2011-05-29 12:26:00,12,1.25,12426,Germany
554985,2011-05-29 12:26:00,6,4.25,12426,Germany
554985,2011-05-29 12:26:00,2,7.95,12426,Germany
555011,2011-05-31 10:43:00,2,5.95,16168,United Kingdom
555011,2011-05-31 10:43:00,2,5.95,16168,United Kingdom
555011,2011-05-31 10:43:00,4,3.95,16168,United Kingdom
555011,2011-05-31 10:43:00,12,2.95,16168,United Kingdom
555520,2011-06-05 11:14:00,1,3.0,15038,United Kingdom
555520,2011-06-05 11:14:00,1,3.95,15038,United Kingdom
555520,2011-06-05 11:14:00,1,2.95,15038,United Kingdom
555520,2011-06-05 11:14:00,3,0.83,15038,United Kingdom
555520,2011-06-05 11:14:00,1,6.25,15038,United Kingdom
555520,2011-06-05 11:14:00,1,5.95,15038,United Kingdom
555520,2011-06-05 11:14:00,1,1.25,15038,United Kingdom
555520,2011-06-05 11:14:00,1,1.25,15038,United Kingdom
555520,2011-06-05 11:14:00,1,1.25,15038,United Kingdom
555520,2011-06-05 11:14:00,2,4.15,15038,United Kingdom
555520,2011-06-05 11:14:00,1,1.25,15038,United Kingdom
555520,2011-06-05 11:14:00,1,1.25,15038,United Kingdom
555520,2011-06-05 11:14:00,1,8.95,15038,United Kingdom
555520,2011-06-05 11:14:00,1,5.95,15038,United Kingdom
555520,2011-06-05 11:14:00,1,6.25,15038,United Kingdom
555520,2011-06-05 11:14:00,1,0.65,15038,United Kingdom
555520,2011-06-05 11:14:00,1,0.65,15038,United Kingdom
555520,2011-06-05 11:14:00,1,0.65,15038,United Kingdom
555520,2011-06-05 11:14:00,1,0.65,15038,United Kingdom
555520,2011-06-05 11:14:00,1,1.65,15038,United Kingdom
555520,2011-06-05 11:14:00,1,5.95,15038,United Kingdom
555520,2011-06-05 11:14:00,1,9.95,15038,United Kingdom
555520,2011-06-05 11:14:00,1,7.95,15038,United Kingdom
555520,2011-06-05 11:14:00,1,7.95,15038,United Kingdom
555520,2011-06-05 11:14:00,1,8.95,15038,United Kingdom
555520,2011-06-05 11:14:00,1,2.1,15038,United Kingdom
555520,2011-06-05 11:14:00,1,2.1,15038,United Kingdom
555520,2011-06-05 11:14:00,1,4.95,15038,United Kingdom
555520,2011-06-05 11:14:00,1,1.65,15038,United Kingdom
555521,2011-06-05 11:21:00,12,0.55,13576,United Kingdom
555521,2011-06-05 11:21:00,12,1.69,13576,United Kingdom
555521,2011-06-05 11:21:00,3,5.95,13576,United Kingdom
555521,2011-06-05 11:21:00,72,3.39,13576,United Kingdom
555521,2011-06-05 11:21:00,48,2.1,13576,United Kingdom
555534,2011-06-05 12:12:00,48,0.65,14682,United Kingdom
555539,2011-06-05 12:44:00,16,0.65,14472,United Kingdom
555539,2011-06-05 12:44:00,3,0.65,14472,United Kingdom
555539,2011-06-05 12:44:00,2,0.65,14472,United Kingdom
555539,2011-06-05 12:44:00,5,1.25,14472,United Kingdom
555539,2011-06-05 12:44:00,4,0.85,14472,United Kingdom
555539,2011-06-05 12:44:00,5,0.85,14472,United Kingdom
555539,2011-06-05 12:44:00,6,1.25,14472,United Kingdom
555539,2011-06-05 12:44:00,4,3.25,14472,United Kingdom
555539,2011-06-05 12:44:00,1,5.95,14472,United Kingdom
555539,2011-06-05 12:44:00,1,5.95,14472,United Kingdom
555539,2011-06-05 12:44:00,12,1.65,14472,United Kingdom
555539,2011-06-05 12:44:00,12,1.25,14472,United Kingdom
555539,2011-06-05 12:44:00,7,1.25,14472,United Kingdom
555539,2011-06-05 12:44:00,8,2.49,14472,United Kingdom
555539,2011-06-05 12:44:00,2,3.25,14472,United Kingdom
555539,2011-06-05 12:44:00,2,1.65,14472,United Kingdom
555539,2011-06-05 12:44:00,8,1.69,14472,United Kingdom
555539,2011-06-05 12:44:00,2,2.1,14472,United Kingdom
555539,2011-06-05 12:44:00,4,2.1,14472,United Kingdom
555539,2011-06-05 12:44:00,3,2.55,14472,United Kingdom
555539,2011-06-05 12:44:00,1,12.75,14472,United Kingdom
555539,2011-06-05 12:44:00,2,2.08,14472,United Kingdom
555539,2011-06-05 12:44:00,1,2.1,14472,United Kingdom
555539,2011-06-05 12:44:00,1,2.1,14472,United Kingdom
555539,2011-06-05 12:44:00,1,4.95,14472,United Kingdom
555539,2011-06-05 12:44:00,4,2.1,14472,United Kingdom
555648,2011-06-06 13:46:00,2,1.25,14623,United Kingdom
555648,2011-06-06 13:46:00,1,3.75,14623,United Kingdom
555648,2011-06-06 13:46:00,2,4.95,14623,United Kingdom
555648,2011-06-06 13:46:00,3,3.75,14623,United Kingdom
555648,2011-06-06 13:46:00,1,4.95,14623,United Kingdom
555648,2011-06-06 13:46:00,1,3.95,14623,United Kingdom
555648,2011-06-06 13:46:00,4,1.65,14623,United Kingdom
555648,2011-06-06 13:46:00,2,3.25,14623,United Kingdom
555648,2011-06-06 13:46:00,1,1.25,14623,United Kingdom
555648,2011-06-06 13:46:00,2,8.5,14623,United Kingdom
555648,2011-06-06 13:46:00,1,4.95,14623,United Kingdom
555648,2011-06-06 13:46:00,1,1.25,14623,United Kingdom
555648,2011-06-06 13:46:00,1,8.5,14623,United Kingdom
555648,2011-06-06 13:46:00,2,8.5,14623,United Kingdom
555648,2011-06-06 13:46:00,1,6.75,14623,United Kingdom
555648,2011-06-06 13:46:00,2,8.5,14623,United Kingdom
555648,2011-06-06 13:46:00,1,1.25,14623,United Kingdom
555648,2011-06-06 13:46:00,1,1.25,14623,United Kingdom
555648,2011-06-06 13:46:00,3,0.55,14623,United Kingdom
555648,2011-06-06 13:46:00,1,3.75,14623,United Kingdom
555648,2011-06-06 13:46:00,1,4.95,14623,United Kingdom
555648,2011-06-06 13:46:00,1,4.25,14623,United Kingdom
555648,2011-06-06 13:46:00,1,2.1,14623,United Kingdom
555648,2011-06-06 13:46:00,12,0.39,14623,United Kingdom
555648,2011-06-06 13:46:00,1,0.65,14623,United Kingdom
555648,2011-06-06 13:46:00,1,0.85,14623,United Kingdom
555648,2011-06-06 13:46:00,1,1.25,14623,United Kingdom
555648,2011-06-06 13:46:00,2,0.39,14623,United Kingdom
555648,2011-06-06 13:46:00,1,0.55,14623,United Kingdom
555648,2011-06-06 13:46:00,2,1.45,14623,United Kingdom
555648,2011-06-06 13:46:00,2,1.25,14623,United Kingdom
555648,2011-06-06 13:46:00,21,0.39,14623,United Kingdom
555648,2011-06-06 13:46:00,2,2.55,14623,United Kingdom
555648,2011-06-06 13:46:00,2,2.55,14623,United Kingdom
555648,2011-06-06 13:46:00,1,3.75,14623,United Kingdom
555648,2011-06-06 13:46:00,1,6.95,14623,United Kingdom
555648,2011-06-06 13:46:00,1,2.08,14623,United Kingdom
555648,2011-06-06 13:46:00,1,4.95,14623,United Kingdom
555648,2011-06-06 13:46:00,1,3.75,14623,United Kingdom
555648,2011-06-06 13:46:00,2,2.55,14623,United Kingdom
555648,2011-06-06 13:46:00,1,3.75,14623,United Kingdom
555650,2011-06-06 13:48:00,8,2.25,14156,EIRE
555650,2011-06-06 13:48:00,12,1.25,14156,EIRE
555650,2011-06-06 13:48:00,12,1.65,14156,EIRE
555650,2011-06-06 13:48:00,3,5.95,14156,EIRE
555650,2011-06-06 13:48:00,3,5.95,14156,EIRE
555650,2011-06-06 13:48:00,12,1.65,14156,EIRE
555650,2011-06-06 13:48:00,3,5.95,14156,EIRE
555650,2011-06-06 13:48:00,24,0.55,14156,EIRE
555650,2011-06-06 13:48:00,24,0.83,14156,EIRE
555650,2011-06-06 13:48:00,6,2.55,14156,EIRE
555650,2011-06-06 13:48:00,12,1.25,14156,EIRE
555650,2011-06-06 13:48:00,3,4.95,14156,EIRE
555650,2011-06-06 13:48:00,12,1.45,14156,EIRE
555650,2011-06-06 13:48:00,24,0.55,14156,EIRE
555650,2011-06-06 13:48:00,12,1.65,14156,EIRE
555650,2011-06-06 13:48:00,3,4.95,14156,EIRE
555650,2011-06-06 13:48:00,6,2.95,14156,EIRE
555650,2011-06-06 13:48:00,10,1.65,14156,EIRE
555650,2011-06-06 13:48:00,10,1.65,14156,EIRE
555650,2011-06-06 13:48:00,8,2.25,14156,EIRE
555650,2011-06-06 13:48:00,12,2.08,14156,EIRE
555650,2011-06-06 13:48:00,2,8.5,14156,EIRE
555650,2011-06-06 13:48:00,2,8.5,14156,EIRE
555650,2011-06-06 13:48:00,2,8.5,14156,EIRE
555650,2011-06-06 13:48:00,2,8.5,14156,EIRE
555650,2011-06-06 13:48:00,3,12.75,14156,EIRE
555650,2011-06-06 13:48:00,72,1.45,14156,EIRE
555650,2011-06-06 13:48:00,6,3.29,14156,EIRE
555650,2011-06-06 13:48:00,12,1.45,14156,EIRE
555650,2011-06-06 13:48:00,8,2.95,14156,EIRE
555650,2011-06-06 13:48:00,4,4.15,14156,EIRE
555650,2011-06-06 13:48:00,2,6.75,14156,EIRE
555650,2011-06-06 13:48:00,2,7.95,14156,EIRE
555650,2011-06-06 13:48:00,4,4.15,14156,EIRE
555650,2011-06-06 13:48:00,6,2.95,14156,EIRE
555650,2011-06-06 13:48:00,2,16.95,14156,EIRE
555650,2011-06-06 13:48:00,2,16.95,14156,EIRE
555650,2011-06-06 13:48:00,2,16.95,14156,EIRE
555650,2011-06-06 13:48:00,2,6.35,14156,EIRE
555650,2011-06-06 13:48:00,12,1.45,14156,EIRE
555650,2011-06-06 13:48:00,6,3.75,14156,EIRE
555650,2011-06-06 13:48:00,6,2.95,14156,EIRE
555650,2011-06-06 13:48:00,12,1.45,14156,EIRE
555650,2011-06-06 13:48:00,12,1.65,14156,EIRE
555650,2011-06-06 13:48:00,2,16.95,14156,EIRE
555695,2011-06-06 14:32:00,2,12.75,16168,United Kingdom
555695,2011-06-06 14:32:00,4,3.25,16168,United Kingdom
555695,2011-06-06 14:32:00,6,2.95,16168,United Kingdom
555695,2011-06-06 14:32:00,48,1.45,16168,United Kingdom
555695,2011-06-06 14:32:00,6,2.95,16168,United Kingdom
555705,2011-06-06 15:24:00,2,1.95,14713,United Kingdom
555705,2011-06-06 15:24:00,24,0.39,14713,United Kingdom
555705,2011-06-06 15:24:00,24,0.19,14713,United Kingdom
555705,2011-06-06 15:24:00,6,1.25,14713,United Kingdom
555705,2011-06-06 15:24:00,2,3.75,14713,United Kingdom
555705,2011-06-06 15:24:00,3,1.65,14713,United Kingdom
555705,2011-06-06 15:24:00,1,8.95,14713,United Kingdom
555705,2011-06-06 15:24:00,2,6.95,14713,United Kingdom
555705,2011-06-06 15:24:00,1,9.95,14713,United Kingdom
555705,2011-06-06 15:24:00,2,14.95,14713,United Kingdom
555705,2011-06-06 15:24:00,2,1.25,14713,United Kingdom
555705,2011-06-06 15:24:00,6,1.65,14713,United Kingdom
555705,2011-06-06 15:24:00,3,1.65,14713,United Kingdom
555705,2011-06-06 15:24:00,3,1.65,14713,United Kingdom
555705,2011-06-06 15:24:00,3,1.65,14713,United Kingdom
555705,2011-06-06 15:24:00,3,1.65,14713,United Kingdom
555705,2011-06-06 15:24:00,4,0.85,14713,United Kingdom
555705,2011-06-06 15:24:00,4,2.95,14713,United Kingdom
555705,2011-06-06 15:24:00,4,1.45,14713,United Kingdom
555705,2011-06-06 15:24:00,12,0.42,14713,United Kingdom
555705,2011-06-06 15:24:00,10,3.95,14713,United Kingdom
555705,2011-06-06 15:24:00,10,3.95,14713,United Kingdom
555705,2011-06-06 15:24:00,6,1.65,14713,United Kingdom
555818,2011-06-07 11:59:00,36,5.45,13784,United Kingdom
555818,2011-06-07 11:59:00,24,2.49,13784,United Kingdom
555848,2011-06-07 13:31:00,2,9.95,16081,United Kingdom
555848,2011-06-07 13:31:00,2,8.5,16081,United Kingdom
555848,2011-06-07 13:31:00,12,1.25,16081,United Kingdom
555848,2011-06-07 13:31:00,6,2.95,16081,United Kingdom
555848,2011-06-07 13:31:00,12,0.85,16081,United Kingdom
555848,2011-06-07 13:31:00,12,2.95,16081,United Kingdom
555848,2011-06-07 13:31:00,4,3.75,16081,United Kingdom
555848,2011-06-07 13:31:00,8,2.1,16081,United Kingdom
555848,2011-06-07 13:31:00,4,4.95,16081,United Kingdom
555848,2011-06-07 13:31:00,6,2.95,16081,United Kingdom
555848,2011-06-07 13:31:00,6,2.95,16081,United Kingdom
555848,2011-06-07 13:31:00,8,2.95,16081,United Kingdom
555848,2011-06-07 13:31:00,12,1.65,16081,United Kingdom
555848,2011-06-07 13:31:00,6,2.95,16081,United Kingdom
555848,2011-06-07 13:31:00,24,1.65,16081,United Kingdom
555848,2011-06-07 13:31:00,12,1.25,16081,United Kingdom
555848,2011-06-07 13:31:00,4,3.95,16081,United Kingdom
555848,2011-06-07 13:31:00,16,1.69,16081,United Kingdom
555848,2011-06-07 13:31:00,12,0.85,16081,United Kingdom
555848,2011-06-07 13:31:00,12,2.95,16081,United Kingdom
555848,2011-06-07 13:31:00,2,8.95,16081,United Kingdom
556183,2011-06-09 11:37:00,12,1.25,13134,United Kingdom
556183,2011-06-09 11:37:00,2,6.75,13134,United Kingdom
556183,2011-06-09 11:37:00,2,8.5,13134,United Kingdom
556183,2011-06-09 11:37:00,8,1.25,13134,United Kingdom
556183,2011-06-09 11:37:00,8,1.25,13134,United Kingdom
556183,2011-06-09 11:37:00,8,0.85,13134,United Kingdom
556183,2011-06-09 11:37:00,8,0.85,13134,United Kingdom
556183,2011-06-09 11:37:00,8,1.69,13134,United Kingdom
556183,2011-06-09 11:37:00,10,1.25,13134,United Kingdom
556183,2011-06-09 11:37:00,12,1.25,13134,United Kingdom
556183,2011-06-09 11:37:00,8,1.69,13134,United Kingdom
556183,2011-06-09 11:37:00,10,2.08,13134,United Kingdom
556183,2011-06-09 11:37:00,10,2.08,13134,United Kingdom
556183,2011-06-09 11:37:00,4,7.95,13134,United Kingdom
556183,2011-06-09 11:37:00,6,4.25,13134,United Kingdom
556183,2011-06-09 11:37:00,12,1.45,13134,United Kingdom
556183,2011-06-09 11:37:00,4,7.95,13134,United Kingdom
556183,2011-06-09 11:37:00,12,2.1,13134,United Kingdom
556183,2011-06-09 11:37:00,6,2.95,13134,United Kingdom
556183,2011-06-09 11:37:00,6,2.95,13134,United Kingdom
556183,2011-06-09 11:37:00,6,2.95,13134,United Kingdom
556280,2011-06-09 20:03:00,2,7.95,14584,United Kingdom
556280,2011-06-09 20:03:00,1,4.95,14584,United Kingdom
556280,2011-06-09 20:03:00,6,1.25,14584,United Kingdom
556280,2011-06-09 20:03:00,8,1.69,14584,United Kingdom
556280,2011-06-09 20:03:00,1,4.95,14584,United Kingdom
556280,2011-06-09 20:03:00,1,4.25,14584,United Kingdom
556280,2011-06-09 20:03:00,2,4.25,14584,United Kingdom
556280,2011-06-09 20:03:00,2,5.95,14584,United Kingdom
556280,2011-06-09 20:03:00,3,6.25,14584,United Kingdom
556280,2011-06-09 20:03:00,2,9.95,14584,United Kingdom
556280,2011-06-09 20:03:00,2,5.95,14584,United Kingdom
556280,2011-06-09 20:03:00,2,5.95,14584,United Kingdom
556280,2011-06-09 20:03:00,2,12.5,14584,United Kingdom
556280,2011-06-09 20:03:00,2,14.95,14584,United Kingdom
556280,2011-06-09 20:03:00,1,4.25,14584,United Kingdom
556280,2011-06-09 20:03:00,1,4.95,14584,United Kingdom
556280,2011-06-09 20:03:00,6,1.25,14584,United Kingdom
556280,2011-06-09 20:03:00,4,2.08,14584,United Kingdom
556280,2011-06-09 20:03:00,4,1.69,14584,United Kingdom
556280,2011-06-09 20:03:00,4,2.95,14584,United Kingdom
556280,2011-06-09 20:03:00,7,0.19,14584,United Kingdom
556280,2011-06-09 20:03:00,4,2.95,14584,United Kingdom
556280,2011-06-09 20:03:00,3,3.29,14584,United Kingdom
556280,2011-06-09 20:03:00,2,2.95,14584,United Kingdom
556280,2011-06-09 20:03:00,4,2.1,14584,United Kingdom
556280,2011-06-09 20:03:00,5,2.08,14584,United Kingdom
556280,2011-06-09 20:03:00,6,1.65,14584,United Kingdom
556280,2011-06-09 20:03:00,4,2.95,14584,United Kingdom
556280,2011-06-09 20:03:00,4,2.1,14584,United Kingdom
556280,2011-06-09 20:03:00,4,2.1,14584,United Kingdom
556280,2011-06-09 20:03:00,4,2.1,14584,United Kingdom
556280,2011-06-09 20:03:00,5,2.55,14584,United Kingdom
556280,2011-06-09 20:03:00,4,1.69,14584,United Kingdom
556280,2011-06-09 20:03:00,6,1.25,14584,United Kingdom
556305,2011-06-10 10:38:00,4,18.0,12643,France
556305,2011-06-10 10:38:00,80,2.55,12643,France
556305,2011-06-10 10:38:00,80,2.55,12643,France
556434,2011-06-10 14:06:00,36,0.42,14895,United Kingdom
556434,2011-06-10 14:06:00,25,0.42,14895,United Kingdom
556434,2011-06-10 14:06:00,3,4.95,14895,United Kingdom
556434,2011-06-10 14:06:00,3,4.95,14895,United Kingdom
556434,2011-06-10 14:06:00,12,1.45,14895,United Kingdom
556434,2011-06-10 14:06:00,12,2.95,14895,United Kingdom
556434,2011-06-10 14:06:00,4,9.95,14895,United Kingdom
556434,2011-06-10 14:06:00,6,12.75,14895,United Kingdom
556434,2011-06-10 14:06:00,12,2.95,14895,United Kingdom
556434,2011-06-10 14:06:00,12,2.95,14895,United Kingdom
556434,2011-06-10 14:06:00,24,1.25,14895,United Kingdom
556434,2011-06-10 14:06:00,12,1.25,14895,United Kingdom
556434,2011-06-10 14:06:00,6,3.95,14895,United Kingdom
556434,2011-06-10 14:06:00,6,2.95,14895,United Kingdom
556434,2011-06-10 14:06:00,6,2.95,14895,United Kingdom
556434,2011-06-10 14:06:00,6,2.95,14895,United Kingdom
556434,2011-06-10 14:06:00,6,4.25,14895,United Kingdom
556434,2011-06-10 14:06:00,12,3.75,14895,United Kingdom
556434,2011-06-10 14:06:00,3,5.95,14895,United Kingdom
556434,2011-06-10 14:06:00,6,2.95,14895,United Kingdom
556434,2011-06-10 14:06:00,24,1.25,14895,United Kingdom
556434,2011-06-10 14:06:00,12,2.08,14895,United Kingdom
556434,2011-06-10 14:06:00,12,2.55,14895,United Kingdom
556434,2011-06-10 14:06:00,2,8.5,14895,United Kingdom
556434,2011-06-10 14:06:00,2,7.65,14895,United Kingdom
556434,2011-06-10 14:06:00,3,5.95,14895,United Kingdom
556435,2011-06-10 14:08:00,2,8.5,14895,United Kingdom
556435,2011-06-10 14:08:00,2,8.5,14895,United Kingdom
556435,2011-06-10 14:08:00,2,8.5,14895,United Kingdom
556435,2011-06-10 14:08:00,24,0.55,14895,United Kingdom
556435,2011-06-10 14:08:00,4,4.95,14895,United Kingdom
556435,2011-06-10 14:08:00,4,4.95,14895,United Kingdom
556435,2011-06-10 14:08:00,24,1.25,14895,United Kingdom
556435,2011-06-10 14:08:00,12,1.45,14895,United Kingdom
556927,2011-06-15 14:47:00,48,2.55,14156,EIRE
556927,2011-06-15 14:47:00,18,14.95,14156,EIRE
556927,2011-06-15 14:47:00,96,1.06,14156,EIRE
556927,2011-06-15 14:47:00,96,1.25,14156,EIRE
556927,2011-06-15 14:47:00,96,0.85,14156,EIRE
556927,2011-06-15 14:47:00,72,2.55,14156,EIRE
556927,2011-06-15 14:47:00,144,1.85,14156,EIRE
556927,2011-06-15 14:47:00,144,1.85,14156,EIRE
556927,2011-06-15 14:47:00,150,0.55,14156,EIRE
556927,2011-06-15 14:47:00,72,0.72,14156,EIRE
556927,2011-06-15 14:47:00,120,0.42,14156,EIRE
556927,2011-06-15 14:47:00,72,1.69,14156,EIRE
556927,2011-06-15 14:47:00,50,6.75,14156,EIRE
556927,2011-06-15 14:47:00,96,1.45,14156,EIRE
556927,2011-06-15 14:47:00,24,3.75,14156,EIRE
556927,2011-06-15 14:47:00,36,2.1,14156,EIRE
556927,2011-06-15 14:47:00,100,0.42,14156,EIRE
556927,2011-06-15 14:47:00,120,0.42,14156,EIRE
556927,2011-06-15 14:47:00,240,1.45,14156,EIRE
556927,2011-06-15 14:47:00,120,0.42,14156,EIRE
556927,2011-06-15 14:47:00,240,1.85,14156,EIRE
556927,2011-06-15 14:47:00,120,0.42,14156,EIRE
556927,2011-06-15 14:47:00,128,1.06,14156,EIRE
556927,2011-06-15 14:47:00,48,2.55,14156,EIRE
556927,2011-06-15 14:47:00,24,3.75,14156,EIRE
556927,2011-06-15 14:47:00,24,3.75,14156,EIRE
556927,2011-06-15 14:47:00,144,0.65,14156,EIRE
556928,2011-06-15 14:48:00,144,1.45,14156,EIRE
556928,2011-06-15 14:48:00,48,1.45,14156,EIRE
556928,2011-06-15 14:48:00,48,2.49,14156,EIRE
556928,2011-06-15 14:48:00,144,1.45,14156,EIRE
557089,2011-06-16 15:36:00,12,0.75,13576,United Kingdom
557089,2011-06-16 15:36:00,12,0.75,13576,United Kingdom
557089,2011-06-16 15:36:00,72,3.39,13576,United Kingdom
557089,2011-06-16 15:36:00,24,3.39,13576,United Kingdom
557230,2011-06-17 13:57:00,24,1.65,15181,United Kingdom
557230,2011-06-17 13:57:00,24,0.29,15181,United Kingdom
557230,2011-06-17 13:57:00,48,0.85,15181,United Kingdom
557230,2011-06-17 13:57:00,24,0.29,15181,United Kingdom
557230,2011-06-17 13:57:00,24,0.29,15181,United Kingdom
557230,2011-06-17 13:57:00,24,0.29,15181,United Kingdom
557230,2011-06-17 13:57:00,12,1.65,15181,United Kingdom
557230,2011-06-17 13:57:00,24,0.29,15181,United Kingdom
557259,2011-06-19 10:38:00,24,2.55,15909,United Kingdom
557259,2011-06-19 10:38:00,12,0.42,15909,United Kingdom
557259,2011-06-19 10:38:00,2,2.55,15909,United Kingdom
557259,2011-06-19 10:38:00,24,2.55,15909,United Kingdom
557259,2011-06-19 10:38:00,12,1.65,15909,United Kingdom
557259,2011-06-19 10:38:00,12,1.65,15909,United Kingdom
557259,2011-06-19 10:38:00,12,1.65,15909,United Kingdom
557426,2011-06-20 12:06:00,1,0.55,15016,United Kingdom
557426,2011-06-20 12:06:00,2,4.25,15016,United Kingdom
557426,2011-06-20 12:06:00,1,4.25,15016,United Kingdom
557426,2011-06-20 12:06:00,4,2.49,15016,United Kingdom
557426,2011-06-20 12:06:00,8,0.65,15016,United Kingdom
557426,2011-06-20 12:06:00,3,1.25,15016,United Kingdom
557426,2011-06-20 12:06:00,5,2.95,15016,United Kingdom
557426,2011-06-20 12:06:00,6,0.65,15016,United Kingdom
557426,2011-06-20 12:06:00,4,2.95,15016,United Kingdom
557426,2011-06-20 12:06:00,6,1.45,15016,United Kingdom
557426,2011-06-20 12:06:00,1,6.75,15016,United Kingdom
557426,2011-06-20 12:06:00,1,12.75,15016,United Kingdom
557426,2011-06-20 12:06:00,2,7.95,15016,United Kingdom
557426,2011-06-20 12:06:00,1,7.95,15016,United Kingdom
557426,2011-06-20 12:06:00,1,8.25,15016,United Kingdom
557426,2011-06-20 12:06:00,1,7.95,15016,United Kingdom
557426,2011-06-20 12:06:00,1,6.95,15016,United Kingdom
557426,2011-06-20 12:06:00,2,8.5,15016,United Kingdom
557426,2011-06-20 12:06:00,24,0.42,15016,United Kingdom
557426,2011-06-20 12:06:00,2,2.55,15016,United Kingdom
557483,2011-06-20 14:17:00,1,18.0,12643,France
557483,2011-06-20 14:17:00,50,4.65,12643,France
557510,2011-06-20 16:19:00,96,2.75,17588,United Kingdom
557510,2011-06-20 16:19:00,108,0.38,17588,United Kingdom
557612,2011-06-21 12:40:00,48,0.29,14460,United Kingdom
557612,2011-06-21 12:40:00,49,0.42,14460,United Kingdom
557612,2011-06-21 12:40:00,24,0.85,14460,United Kingdom
557612,2011-06-21 12:40:00,36,0.75,14460,United Kingdom
557612,2011-06-21 12:40:00,48,0.39,14460,United Kingdom
557612,2011-06-21 12:40:00,24,1.65,14460,United Kingdom
557612,2011-06-21 12:40:00,24,1.25,14460,United Kingdom
557612,2011-06-21 12:40:00,96,0.36,14460,United Kingdom
557612,2011-06-21 12:40:00,144,0.29,14460,United Kingdom
557759,2011-06-22 13:52:00,12,1.65,14156,EIRE
557759,2011-06-22 13:52:00,4,4.95,14156,EIRE
557759,2011-06-22 13:52:00,4,3.75,14156,EIRE
557759,2011-06-22 13:52:00,8,1.25,14156,EIRE
557759,2011-06-22 13:52:00,24,0.55,14156,EIRE
557759,2011-06-22 13:52:00,12,0.19,14156,EIRE
557759,2011-06-22 13:52:00,2,7.5,14156,EIRE
557759,2011-06-22 13:52:00,12,0.39,14156,EIRE
557759,2011-06-22 13:52:00,24,0.29,14156,EIRE
557759,2011-06-22 13:52:00,12,0.65,14156,EIRE
557759,2011-06-22 13:52:00,1,50.0,14156,EIRE
557759,2011-06-22 13:52:00,6,2.95,14156,EIRE
557759,2011-06-22 13:52:00,8,3.95,14156,EIRE
557759,2011-06-22 13:52:00,48,0.29,14156,EIRE
557759,2011-06-22 13:52:00,12,1.65,14156,EIRE
557759,2011-06-22 13:52:00,3,4.95,14156,EIRE
557759,2011-06-22 13:52:00,3,6.25,14156,EIRE
557759,2011-06-22 13:52:00,2,6.25,14156,EIRE
557759,2011-06-22 13:52:00,12,1.25,14156,EIRE
557759,2011-06-22 13:52:00,12,1.65,14156,EIRE
557759,2011-06-22 13:52:00,12,1.65,14156,EIRE
557759,2011-06-22 13:52:00,12,1.65,14156,EIRE
557759,2011-06-22 13:52:00,12,1.65,14156,EIRE
557759,2011-06-22 13:52:00,2,9.95,14156,EIRE
557759,2011-06-22 13:52:00,6,4.15,14156,EIRE
557759,2011-06-22 13:52:00,4,3.25,14156,EIRE
557759,2011-06-22 13:52:00,6,3.75,14156,EIRE
557759,2011-06-22 13:52:00,6,4.15,14156,EIRE
557952,2011-06-23 18:33:00,6,1.65,14584,United Kingdom
557952,2011-06-23 18:33:00,4,5.95,14584,United Kingdom
557952,2011-06-23 18:33:00,12,1.45,14584,United Kingdom
557952,2011-06-23 18:33:00,4,5.95,14584,United Kingdom
557952,2011-06-23 18:33:00,5,5.95,14584,United Kingdom
557952,2011-06-23 18:33:00,3,5.95,14584,United Kingdom
557952,2011-06-23 18:33:00,6,1.65,14584,United Kingdom
557952,2011-06-23 18:33:00,12,1.65,14584,United Kingdom
557952,2011-06-23 18:33:00,6,1.25,14584,United Kingdom
557952,2011-06-23 18:33:00,6,1.25,14584,United Kingdom
557952,2011-06-23 18:33:00,5,2.1,14584,United Kingdom
557952,2011-06-23 18:33:00,5,2.95,14584,United Kingdom
557952,2011-06-23 18:33:00,5,1.65,14584,United Kingdom
557952,2011-06-23 18:33:00,3,4.25,14584,United Kingdom
558062,2011-06-24 15:17:00,48,2.08,13784,United Kingdom
558062,2011-06-24 15:17:00,72,0.85,13784,United Kingdom
558062,2011-06-24 15:17:00,72,0.95,13784,United Kingdom
558062,2011-06-24 15:17:00,36,5.45,13784,United Kingdom
558062,2011-06-24 15:17:00,40,2.55,13784,United Kingdom
558062,2011-06-24 15:17:00,72,1.06,13784,United Kingdom
558067,2011-06-24 15:51:00,10,1.65,14156,EIRE
558067,2011-06-24 15:51:00,4,14.95,14156,EIRE
558067,2011-06-24 15:51:00,4,14.95,14156,EIRE
558067,2011-06-24 15:51:00,10,1.65,14156,EIRE
558067,2011-06-24 15:51:00,4,5.95,14156,EIRE
558067,2011-06-24 15:51:00,10,1.65,14156,EIRE
558067,2011-06-24 15:51:00,10,1.65,14156,EIRE
558067,2011-06-24 15:51:00,20,1.65,14156,EIRE
558067,2011-06-24 15:51:00,10,1.65,14156,EIRE
558067,2011-06-24 15:51:00,5,2.95,14156,EIRE
558067,2011-06-24 15:51:00,20,1.65,14156,EIRE
558067,2011-06-24 15:51:00,24,0.85,14156,EIRE
558067,2011-06-24 15:51:00,4,4.95,14156,EIRE
558067,2011-06-24 15:51:00,24,0.85,14156,EIRE
558067,2011-06-24 15:51:00,12,1.65,14156,EIRE
558067,2011-06-24 15:51:00,48,1.25,14156,EIRE
558067,2011-06-24 15:51:00,48,0.83,14156,EIRE
558067,2011-06-24 15:51:00,6,2.95,14156,EIRE
558067,2011-06-24 15:51:00,20,1.65,14156,EIRE
558067,2011-06-24 15:51:00,24,0.85,14156,EIRE
558067,2011-06-24 15:51:00,10,0.85,14156,EIRE
558067,2011-06-24 15:51:00,10,0.85,14156,EIRE
558067,2011-06-24 15:51:00,6,4.15,14156,EIRE
558067,2011-06-24 15:51:00,6,4.15,14156,EIRE
558067,2011-06-24 15:51:00,12,3.75,14156,EIRE
558067,2011-06-24 15:51:00,6,2.1,14156,EIRE
558067,2011-06-24 15:51:00,32,1.25,14156,EIRE
558067,2011-06-24 15:51:00,20,1.65,14156,EIRE
558067,2011-06-24 15:51:00,10,1.25,14156,EIRE
558067,2011-06-24 15:51:00,10,0.85,14156,EIRE
558067,2011-06-24 15:51:00,10,0.85,14156,EIRE
558067,2011-06-24 15:51:00,12,1.65,14156,EIRE
558069,2011-06-24 15:51:00,12,1.45,14156,EIRE
558069,2011-06-24 15:51:00,12,1.45,14156,EIRE
558069,2011-06-24 15:51:00,12,1.45,14156,EIRE
558069,2011-06-24 15:51:00,12,1.45,14156,EIRE
558067,2011-06-24 15:51:00,72,1.06,14156,EIRE
558067,2011-06-24 15:51:00,10,0.85,14156,EIRE
558067,2011-06-24 15:51:00,12,1.25,14156,EIRE
558067,2011-06-24 15:51:00,6,2.95,14156,EIRE
558067,2011-06-24 15:51:00,10,0.85,14156,EIRE
558355,2011-06-28 14:58:00,1,2.55,13614,United Kingdom
558355,2011-06-28 14:58:00,2,1.65,13614,United Kingdom
558355,2011-06-28 14:58:00,3,2.1,13614,United Kingdom
558355,2011-06-28 14:58:00,1,2.1,13614,United Kingdom
558355,2011-06-28 14:58:00,5,2.55,13614,United Kingdom
558355,2011-06-28 14:58:00,2,2.08,13614,United Kingdom
558355,2011-06-28 14:58:00,1,2.1,13614,United Kingdom
558355,2011-06-28 14:58:00,2,2.1,13614,United Kingdom
558355,2011-06-28 14:58:00,1,6.35,13614,United Kingdom
558355,2011-06-28 14:58:00,1,3.75,13614,United Kingdom
558355,2011-06-28 14:58:00,2,4.95,13614,United Kingdom
558355,2011-06-28 14:58:00,1,1.95,13614,United Kingdom
558355,2011-06-28 14:58:00,1,2.95,13614,United Kingdom
558355,2011-06-28 14:58:00,1,4.95,13614,United Kingdom
558355,2011-06-28 14:58:00,1,16.95,13614,United Kingdom
558355,2011-06-28 14:58:00,1,16.95,13614,United Kingdom
558355,2011-06-28 14:58:00,2,2.1,13614,United Kingdom
558355,2011-06-28 14:58:00,2,2.1,13614,United Kingdom
558355,2011-06-28 14:58:00,2,2.1,13614,United Kingdom
558355,2011-06-28 14:58:00,1,1.65,13614,United Kingdom
558355,2011-06-28 14:58:00,4,0.55,13614,United Kingdom
558355,2011-06-28 14:58:00,1,4.95,13614,United Kingdom
558355,2011-06-28 14:58:00,1,7.95,13614,United Kingdom
558355,2011-06-28 14:58:00,1,7.95,13614,United Kingdom
558355,2011-06-28 14:58:00,2,9.95,13614,United Kingdom
558355,2011-06-28 14:58:00,1,12.75,13614,United Kingdom
558355,2011-06-28 14:58:00,2,6.95,13614,United Kingdom
558355,2011-06-28 14:58:00,1,4.95,13614,United Kingdom
558355,2011-06-28 14:58:00,1,2.95,13614,United Kingdom
558355,2011-06-28 14:58:00,2,6.25,13614,United Kingdom
558355,2011-06-28 14:58:00,2,7.95,13614,United Kingdom
558355,2011-06-28 14:58:00,1,2.55,13614,United Kingdom
558355,2011-06-28 14:58:00,1,0.85,13614,United Kingdom
558355,2011-06-28 14:58:00,1,2.95,13614,United Kingdom
558355,2011-06-28 14:58:00,4,4.95,13614,United Kingdom
558355,2011-06-28 14:58:00,2,1.25,13614,United Kingdom
558355,2011-06-28 14:58:00,4,0.55,13614,United Kingdom
558355,2011-06-28 14:58:00,4,0.55,13614,United Kingdom
558355,2011-06-28 14:58:00,2,2.95,13614,United Kingdom
558355,2011-06-28 14:58:00,3,3.75,13614,United Kingdom
558355,2011-06-28 14:58:00,8,1.25,13614,United Kingdom
558355,2011-06-28 14:58:00,4,3.75,13614,United Kingdom
558355,2011-06-28 14:58:00,2,8.95,13614,United Kingdom
558355,2011-06-28 14:58:00,4,1.25,13614,United Kingdom
558355,2011-06-28 14:58:00,8,1.25,13614,United Kingdom
558355,2011-06-28 14:58:00,6,0.85,13614,United Kingdom
558355,2011-06-28 14:58:00,6,0.42,13614,United Kingdom
558355,2011-06-28 14:58:00,6,0.42,13614,United Kingdom
558355,2011-06-28 14:58:00,6,0.85,13614,United Kingdom
558355,2011-06-28 14:58:00,9,0.42,13614,United Kingdom
558355,2011-06-28 14:58:00,8,1.25,13614,United Kingdom
558355,2011-06-28 14:58:00,2,1.25,13614,United Kingdom
558355,2011-06-28 14:58:00,1,4.95,13614,United Kingdom
558355,2011-06-28 14:58:00,2,3.95,13614,United Kingdom
558355,2011-06-28 14:58:00,2,0.19,13614,United Kingdom
558355,2011-06-28 14:58:00,4,1.25,13614,United Kingdom
558355,2011-06-28 14:58:00,4,0.42,13614,United Kingdom
558355,2011-06-28 14:58:00,3,0.83,13614,United Kingdom
558355,2011-06-28 14:58:00,1,1.25,13614,United Kingdom
558355,2011-06-28 14:58:00,4,0.55,13614,United Kingdom
558355,2011-06-28 14:58:00,4,0.55,13614,United Kingdom
558355,2011-06-28 14:58:00,6,0.85,13614,United Kingdom
558355,2011-06-28 14:58:00,2,4.95,13614,United Kingdom
558355,2011-06-28 14:58:00,2,6.75,13614,United Kingdom
558355,2011-06-28 14:58:00,2,8.5,13614,United Kingdom
558355,2011-06-28 14:58:00,2,8.5,13614,United Kingdom
558355,2011-06-28 14:58:00,2,12.5,13614,United Kingdom
558355,2011-06-28 14:58:00,1,8.5,13614,United Kingdom
558355,2011-06-28 14:58:00,1,8.5,13614,United Kingdom
558355,2011-06-28 14:58:00,2,1.45,13614,United Kingdom
558355,2011-06-28 14:58:00,6,1.25,13614,United Kingdom
558355,2011-06-28 14:58:00,1,1.25,13614,United Kingdom
558355,2011-06-28 14:58:00,1,8.5,13614,United Kingdom
558355,2011-06-28 14:58:00,1,12.5,13614,United Kingdom
558355,2011-06-28 14:58:00,4,1.25,13614,United Kingdom
558355,2011-06-28 14:58:00,4,4.95,13614,United Kingdom
558355,2011-06-28 14:58:00,2,3.75,13614,United Kingdom
558355,2011-06-28 14:58:00,6,1.45,13614,United Kingdom
558355,2011-06-28 14:58:00,6,1.45,13614,United Kingdom
558355,2011-06-28 14:58:00,3,3.75,13614,United Kingdom
558355,2011-06-28 14:58:00,1,2.1,13614,United Kingdom
558417,2011-06-29 10:50:00,18,5.45,14156,EIRE
558417,2011-06-29 10:50:00,64,2.1,14156,EIRE
558417,2011-06-29 10:50:00,50,3.39,14156,EIRE
558417,2011-06-29 10:50:00,50,3.39,14156,EIRE
558417,2011-06-29 10:50:00,96,1.25,14156,EIRE
558417,2011-06-29 10:50:00,144,0.65,14156,EIRE
558417,2011-06-29 10:50:00,144,1.85,14156,EIRE
558417,2011-06-29 10:50:00,96,1.06,14156,EIRE
558417,2011-06-29 10:50:00,100,0.42,14156,EIRE
558417,2011-06-29 10:50:00,144,1.49,14156,EIRE
558417,2011-06-29 10:50:00,144,0.32,14156,EIRE
558417,2011-06-29 10:50:00,72,1.06,14156,EIRE
558417,2011-06-29 10:50:00,100,0.42,14156,EIRE
558417,2011-06-29 10:50:00,72,1.06,14156,EIRE
558417,2011-06-29 10:50:00,72,1.06,14156,EIRE
558417,2011-06-29 10:50:00,108,1.06,14156,EIRE
558417,2011-06-29 10:50:00,30,6.75,14156,EIRE
558417,2011-06-29 10:50:00,20,6.75,14156,EIRE
558417,2011-06-29 10:50:00,30,6.75,14156,EIRE
558417,2011-06-29 10:50:00,120,0.42,14156,EIRE
558417,2011-06-29 10:50:00,72,0.72,14156,EIRE
558417,2011-06-29 10:50:00,72,0.42,14156,EIRE
558417,2011-06-29 10:50:00,100,0.55,14156,EIRE
558417,2011-06-29 10:50:00,96,1.85,14156,EIRE
558417,2011-06-29 10:50:00,72,1.06,14156,EIRE
558644,2011-07-01 10:16:00,18,34.95,14156,EIRE
558644,2011-07-01 10:16:00,1,50.0,14156,EIRE
558719,2011-07-01 13:48:00,48,2.1,13576,United Kingdom
558719,2011-07-01 13:48:00,72,3.39,13576,United Kingdom
558719,2011-07-01 13:48:00,12,0.55,13576,United Kingdom
558771,2011-07-03 15:53:00,6,1.45,17105,United Kingdom
558771,2011-07-03 15:53:00,6,0.85,17105,United Kingdom
558771,2011-07-03 15:53:00,4,0.79,17105,United Kingdom
558771,2011-07-03 15:53:00,5,1.65,17105,United Kingdom
558771,2011-07-03 15:53:00,14,0.85,17105,United Kingdom
558771,2011-07-03 15:53:00,5,1.45,17105,United Kingdom
558771,2011-07-03 15:53:00,16,0.85,17105,United Kingdom
558771,2011-07-03 15:53:00,12,0.85,17105,United Kingdom
558771,2011-07-03 15:53:00,8,0.65,17105,United Kingdom
558771,2011-07-03 15:53:00,24,0.42,17105,United Kingdom
558771,2011-07-03 15:53:00,10,1.25,17105,United Kingdom
558771,2011-07-03 15:53:00,2,2.1,17105,United Kingdom
558771,2011-07-03 15:53:00,12,0.65,17105,United Kingdom
558771,2011-07-03 15:53:00,4,2.08,17105,United Kingdom
558771,2011-07-03 15:53:00,12,0.83,17105,United Kingdom
558771,2011-07-03 15:53:00,1,9.95,17105,United Kingdom
558771,2011-07-03 15:53:00,8,1.25,17105,United Kingdom
558771,2011-07-03 15:53:00,1,12.75,17105,United Kingdom
558771,2011-07-03 15:53:00,8,0.65,17105,United Kingdom
558771,2011-07-03 15:53:00,1,1.0,17105,United Kingdom
558771,2011-07-03 15:53:00,2,2.95,17105,United Kingdom
558771,2011-07-03 15:53:00,2,1.65,17105,United Kingdom
558771,2011-07-03 15:53:00,2,1.65,17105,United Kingdom
558771,2011-07-03 15:53:00,2,2.95,17105,United Kingdom
558771,2011-07-03 15:53:00,6,0.85,17105,United Kingdom
558771,2011-07-03 15:53:00,3,0.39,17105,United Kingdom
558771,2011-07-03 15:53:00,1,2.08,17105,United Kingdom
558771,2011-07-03 15:53:00,6,0.55,17105,United Kingdom
558771,2011-07-03 15:53:00,10,0.85,17105,United Kingdom
558771,2011-07-03 15:53:00,10,0.85,17105,United Kingdom
558771,2011-07-03 15:53:00,4,1.25,17105,United Kingdom
558771,2011-07-03 15:53:00,25,0.42,17105,United Kingdom
558771,2011-07-03 15:53:00,3,1.65,17105,United Kingdom
558771,2011-07-03 15:53:00,3,2.1,17105,United Kingdom
558771,2011-07-03 15:53:00,12,0.42,17105,United Kingdom
558771,2011-07-03 15:53:00,12,0.42,17105,United Kingdom
558771,2011-07-03 15:53:00,6,0.55,17105,United Kingdom
558771,2011-07-03 15:53:00,10,1.25,17105,United Kingdom
558771,2011-07-03 15:53:00,4,0.39,17105,United Kingdom
558771,2011-07-03 15:53:00,12,0.42,17105,United Kingdom
558771,2011-07-03 15:53:00,4,0.39,17105,United Kingdom
558771,2011-07-03 15:53:00,6,0.55,17105,United Kingdom
558771,2011-07-03 15:53:00,4,0.39,17105,United Kingdom
558771,2011-07-03 15:53:00,3,1.45,17105,United Kingdom
558771,2011-07-03 15:53:00,2,1.65,17105,United Kingdom
558771,2011-07-03 15:53:00,2,1.65,17105,United Kingdom
558771,2011-07-03 15:53:00,4,2.95,17105,United Kingdom
558771,2011-07-03 15:53:00,2,4.15,17105,United Kingdom
558771,2011-07-03 15:53:00,4,3.95,17105,United Kingdom
558771,2011-07-03 15:53:00,3,3.95,17105,United Kingdom
558771,2011-07-03 15:53:00,4,0.39,17105,United Kingdom
558771,2011-07-03 15:53:00,2,4.15,17105,United Kingdom
559064,2011-07-06 10:15:00,8,3.75,15673,United Kingdom
559064,2011-07-06 10:15:00,6,2.89,15673,United Kingdom
559064,2011-07-06 10:15:00,12,2.95,15673,United Kingdom
559064,2011-07-06 10:15:00,8,8.5,15673,United Kingdom
559064,2011-07-06 10:15:00,8,2.1,15673,United Kingdom
559064,2011-07-06 10:15:00,4,3.75,15673,United Kingdom
559064,2011-07-06 10:15:00,48,0.42,15673,United Kingdom
559064,2011-07-06 10:15:00,10,2.08,15673,United Kingdom
559064,2011-07-06 10:15:00,6,3.25,15673,United Kingdom
559064,2011-07-06 10:15:00,12,1.45,15673,United Kingdom
559064,2011-07-06 10:15:00,12,0.85,15673,United Kingdom
559064,2011-07-06 10:15:00,48,0.42,15673,United Kingdom
559064,2011-07-06 10:15:00,12,0.85,15673,United Kingdom
559064,2011-07-06 10:15:00,6,2.95,15673,United Kingdom
559308,2011-07-07 13:05:00,8,1.95,13158,United Kingdom
559308,2011-07-07 13:05:00,12,0.85,13158,United Kingdom
559308,2011-07-07 13:05:00,6,2.55,13158,United Kingdom
559308,2011-07-07 13:05:00,4,3.75,13158,United Kingdom
559308,2011-07-07 13:05:00,6,2.95,13158,United Kingdom
559308,2011-07-07 13:05:00,10,1.65,13158,United Kingdom
559308,2011-07-07 13:05:00,10,1.65,13158,United Kingdom
559308,2011-07-07 13:05:00,10,1.65,13158,United Kingdom
559308,2011-07-07 13:05:00,6,2.95,13158,United Kingdom
559308,2011-07-07 13:05:00,10,1.65,13158,United Kingdom
559308,2011-07-07 13:05:00,6,2.95,13158,United Kingdom
559308,2011-07-07 13:05:00,10,1.65,13158,United Kingdom
559308,2011-07-07 13:05:00,10,1.65,13158,United Kingdom
559308,2011-07-07 13:05:00,10,1.65,13158,United Kingdom
559308,2011-07-07 13:05:00,10,1.65,13158,United Kingdom
559308,2011-07-07 13:05:00,10,1.65,13158,United Kingdom
559308,2011-07-07 13:05:00,36,0.21,13158,United Kingdom
559308,2011-07-07 13:05:00,12,0.83,13158,United Kingdom
559308,2011-07-07 13:05:00,2,6.75,13158,United Kingdom
559308,2011-07-07 13:05:00,6,2.95,13158,United Kingdom
559371,2011-07-08 10:20:00,2,7.95,14264,United Kingdom
559371,2011-07-08 10:20:00,3,4.95,14264,United Kingdom
559371,2011-07-08 10:20:00,4,4.95,14264,United Kingdom
559371,2011-07-08 10:20:00,1,12.5,14264,United Kingdom
559371,2011-07-08 10:20:00,2,8.25,14264,United Kingdom
559371,2011-07-08 10:20:00,8,2.49,14264,United Kingdom
559371,2011-07-08 10:20:00,2,7.95,14264,United Kingdom
559371,2011-07-08 10:20:00,2,7.95,14264,United Kingdom
559371,2011-07-08 10:20:00,2,7.95,14264,United Kingdom
559371,2011-07-08 10:20:00,12,1.65,14264,United Kingdom
559371,2011-07-08 10:20:00,12,2.95,14264,United Kingdom
559371,2011-07-08 10:20:00,2,7.95,14264,United Kingdom
559537,2011-07-10 12:23:00,3,4.15,14472,United Kingdom
559537,2011-07-10 12:23:00,3,1.25,14472,United Kingdom
559537,2011-07-10 12:23:00,2,0.79,14472,United Kingdom
559537,2011-07-10 12:23:00,8,1.65,14472,United Kingdom
559537,2011-07-10 12:23:00,4,1.25,14472,United Kingdom
559537,2011-07-10 12:23:00,12,1.25,14472,United Kingdom
559537,2011-07-10 12:23:00,1,5.95,14472,United Kingdom
559537,2011-07-10 12:23:00,48,0.64,14472,United Kingdom
559537,2011-07-10 12:23:00,3,1.65,14472,United Kingdom
559537,2011-07-10 12:23:00,1,2.95,14472,United Kingdom
559537,2011-07-10 12:23:00,2,9.95,14472,United Kingdom
559658,2011-07-11 13:06:00,24,1.25,13003,United Kingdom
559669,2011-07-11 13:47:00,2,7.95,16332,United Kingdom
559669,2011-07-11 13:47:00,24,0.39,16332,United Kingdom
559669,2011-07-11 13:47:00,4,4.95,16332,United Kingdom
559669,2011-07-11 13:47:00,2,7.95,16332,United Kingdom
559669,2011-07-11 13:47:00,2,8.95,16332,United Kingdom
559669,2011-07-11 13:47:00,24,0.39,16332,United Kingdom
559669,2011-07-11 13:47:00,2,7.95,16332,United Kingdom
559669,2011-07-11 13:47:00,4,3.75,16332,United Kingdom
559669,2011-07-11 13:47:00,24,1.25,16332,United Kingdom
559669,2011-07-11 13:47:00,8,1.45,16332,United Kingdom
559669,2011-07-11 13:47:00,4,4.25,16332,United Kingdom
559669,2011-07-11 13:47:00,4,3.75,16332,United Kingdom
559669,2011-07-11 13:47:00,6,2.95,16332,United Kingdom
559669,2011-07-11 13:47:00,6,2.55,16332,United Kingdom
559669,2011-07-11 13:47:00,24,0.83,16332,United Kingdom
559669,2011-07-11 13:47:00,4,3.75,16332,United Kingdom
559669,2011-07-11 13:47:00,3,5.95,16332,United Kingdom
559669,2011-07-11 13:47:00,6,2.08,16332,United Kingdom
559669,2011-07-11 13:47:00,4,4.25,16332,United Kingdom
559810,2011-07-12 15:15:00,12,1.45,16168,United Kingdom
559810,2011-07-12 15:15:00,32,0.65,16168,United Kingdom
559810,2011-07-12 15:15:00,96,0.85,16168,United Kingdom
559810,2011-07-12 15:15:00,10,2.95,16168,United Kingdom
559810,2011-07-12 15:15:00,48,1.45,16168,United Kingdom
559810,2011-07-12 15:15:00,5,4.95,16168,United Kingdom
559933,2011-07-14 09:54:00,4,3.75,16719,United Kingdom
559933,2011-07-14 09:54:00,2,2.55,16719,United Kingdom
559933,2011-07-14 09:54:00,2,5.75,16719,United Kingdom
559933,2011-07-14 09:54:00,6,2.95,16719,United Kingdom
559933,2011-07-14 09:54:00,3,3.75,16719,United Kingdom
559933,2011-07-14 09:54:00,3,3.75,16719,United Kingdom
559933,2011-07-14 09:54:00,2,2.55,16719,United Kingdom
559933,2011-07-14 09:54:00,2,12.5,16719,United Kingdom
559933,2011-07-14 09:54:00,1,9.95,16719,United Kingdom
559933,2011-07-14 09:54:00,5,2.55,16719,United Kingdom
559933,2011-07-14 09:54:00,4,8.95,16719,United Kingdom
559933,2011-07-14 09:54:00,2,5.95,16719,United Kingdom
559933,2011-07-14 09:54:00,2,0.95,16719,United Kingdom
559933,2011-07-14 09:54:00,1,12.75,16719,United Kingdom
559933,2011-07-14 09:54:00,6,1.25,16719,United Kingdom
559933,2011-07-14 09:54:00,2,1.25,16719,United Kingdom
559933,2011-07-14 09:54:00,1,4.65,16719,United Kingdom
559933,2011-07-14 09:54:00,1,2.95,16719,United Kingdom
559933,2011-07-14 09:54:00,2,2.55,16719,United Kingdom
559933,2011-07-14 09:54:00,1,9.95,16719,United Kingdom
559933,2011-07-14 09:54:00,1,9.95,16719,United Kingdom
559933,2011-07-14 09:54:00,25,0.42,16719,United Kingdom
559933,2011-07-14 09:54:00,25,0.42,16719,United Kingdom
559933,2011-07-14 09:54:00,25,0.42,16719,United Kingdom
559933,2011-07-14 09:54:00,1,2.1,16719,United Kingdom
559933,2011-07-14 09:54:00,25,0.42,16719,United Kingdom
559933,2011-07-14 09:54:00,1,4.25,16719,United Kingdom
559933,2011-07-14 09:54:00,1,4.25,16719,United Kingdom
559933,2011-07-14 09:54:00,2,4.25,16719,United Kingdom
559933,2011-07-14 09:54:00,1,3.75,16719,United Kingdom
559933,2011-07-14 09:54:00,2,1.65,16719,United Kingdom
559933,2011-07-14 09:54:00,25,0.42,16719,United Kingdom
560041,2011-07-14 14:46:00,2,8.5,14156,EIRE
560041,2011-07-14 14:46:00,2,8.5,14156,EIRE
560041,2011-07-14 14:46:00,2,8.5,14156,EIRE
560041,2011-07-14 14:46:00,2,8.5,14156,EIRE
560041,2011-07-14 14:46:00,6,2.95,14156,EIRE
560041,2011-07-14 14:46:00,12,1.65,14156,EIRE
560041,2011-07-14 14:46:00,2,8.5,14156,EIRE
560041,2011-07-14 14:46:00,2,8.5,14156,EIRE
560041,2011-07-14 14:46:00,12,1.45,14156,EIRE
560041,2011-07-14 14:46:00,6,2.55,14156,EIRE
560041,2011-07-14 14:46:00,6,3.75,14156,EIRE
560041,2011-07-14 14:46:00,1,50.0,14156,EIRE
560041,2011-07-14 14:46:00,6,3.75,14156,EIRE
560041,2011-07-14 14:46:00,2,8.5,14156,EIRE
560041,2011-07-14 14:46:00,4,12.75,14156,EIRE
560041,2011-07-14 14:46:00,12,1.45,14156,EIRE
560041,2011-07-14 14:46:00,4,3.75,14156,EIRE
560041,2011-07-14 14:46:00,24,0.83,14156,EIRE
560041,2011-07-14 14:46:00,6,3.75,14156,EIRE
560041,2011-07-14 14:46:00,4,4.95,14156,EIRE
560041,2011-07-14 14:46:00,3,4.95,14156,EIRE
560041,2011-07-14 14:46:00,4,3.75,14156,EIRE
560041,2011-07-14 14:46:00,6,2.55,14156,EIRE
560041,2011-07-14 14:46:00,24,3.75,14156,EIRE
560041,2011-07-14 14:46:00,6,4.15,14156,EIRE
560041,2011-07-14 14:46:00,6,4.15,14156,EIRE
560041,2011-07-14 14:46:00,6,4.15,14156,EIRE
560041,2011-07-14 14:46:00,6,2.55,14156,EIRE
560078,2011-07-14 16:12:00,1,10.4,16040,United Kingdom
560078,2011-07-14 16:12:00,10,1.65,16040,United Kingdom
560078,2011-07-14 16:12:00,10,1.65,16040,United Kingdom
560078,2011-07-14 16:12:00,36,0.21,16040,United Kingdom
560078,2011-07-14 16:12:00,12,1.25,16040,United Kingdom
560078,2011-07-14 16:12:00,12,1.25,16040,United Kingdom
560078,2011-07-14 16:12:00,6,4.95,16040,United Kingdom
560078,2011-07-14 16:12:00,12,1.65,16040,United Kingdom
560078,2011-07-14 16:12:00,16,1.69,16040,United Kingdom
560078,2011-07-14 16:12:00,20,0.42,16040,United Kingdom
560078,2011-07-14 16:12:00,2,9.95,16040,United Kingdom
560078,2011-07-14 16:12:00,10,1.65,16040,United Kingdom
560078,2011-07-14 16:12:00,6,4.95,16040,United Kingdom
560078,2011-07-14 16:12:00,3,4.95,16040,United Kingdom
560078,2011-07-14 16:12:00,8,4.95,16040,United Kingdom
560078,2011-07-14 16:12:00,2,12.75,16040,United Kingdom
560078,2011-07-14 16:12:00,3,4.95,16040,United Kingdom
560078,2011-07-14 16:12:00,6,2.95,16040,United Kingdom
560078,2011-07-14 16:12:00,12,1.25,16040,United Kingdom
560078,2011-07-14 16:12:00,4,3.75,16040,United Kingdom
560078,2011-07-14 16:12:00,4,3.75,16040,United Kingdom
560078,2011-07-14 16:12:00,24,1.25,16040,United Kingdom
560078,2011-07-14 16:12:00,3,5.45,16040,United Kingdom
560078,2011-07-14 16:12:00,2,8.95,16040,United Kingdom
560106,2011-07-14 20:01:00,6,3.25,17554,United Kingdom
560106,2011-07-14 20:01:00,12,2.1,17554,United Kingdom
560106,2011-07-14 20:01:00,36,0.12,17554,United Kingdom
560106,2011-07-14 20:01:00,6,2.55,17554,United Kingdom
560106,2011-07-14 20:01:00,6,2.55,17554,United Kingdom
560106,2011-07-14 20:01:00,150,0.42,17554,United Kingdom
560106,2011-07-14 20:01:00,50,0.42,17554,United Kingdom
560106,2011-07-14 20:01:00,24,1.25,17554,United Kingdom
560106,2011-07-14 20:01:00,12,1.65,17554,United Kingdom
560106,2011-07-14 20:01:00,3,8.5,17554,United Kingdom
560106,2011-07-14 20:01:00,20,0.42,17554,United Kingdom
560106,2011-07-14 20:01:00,3,3.75,17554,United Kingdom
560106,2011-07-14 20:01:00,2,0.39,17554,United Kingdom
560106,2011-07-14 20:01:00,6,3.25,17554,United Kingdom
560106,2011-07-14 20:01:00,10,1.65,17554,United Kingdom
560106,2011-07-14 20:01:00,2,14.95,17554,United Kingdom
560106,2011-07-14 20:01:00,6,1.25,17554,United Kingdom
560106,2011-07-14 20:01:00,4,9.95,17554,United Kingdom
560106,2011-07-14 20:01:00,3,4.25,17554,United Kingdom
560106,2011-07-14 20:01:00,3,4.25,17554,United Kingdom
560106,2011-07-14 20:01:00,3,4.25,17554,United Kingdom
560106,2011-07-14 20:01:00,10,1.25,17554,United Kingdom
560106,2011-07-14 20:01:00,1,0.39,17554,United Kingdom
560106,2011-07-14 20:01:00,3,2.55,17554,United Kingdom
560106,2011-07-14 20:01:00,8,4.95,17554,United Kingdom
560106,2011-07-14 20:01:00,48,0.29,17554,United Kingdom
560106,2011-07-14 20:01:00,3,2.55,17554,United Kingdom
560106,2011-07-14 20:01:00,25,0.42,17554,United Kingdom
560106,2011-07-14 20:01:00,25,0.42,17554,United Kingdom
560106,2011-07-14 20:01:00,48,0.42,17554,United Kingdom
560106,2011-07-14 20:01:00,10,1.25,17554,United Kingdom
560106,2011-07-14 20:01:00,10,1.25,17554,United Kingdom
560106,2011-07-14 20:01:00,100,0.04,17554,United Kingdom
560106,2011-07-14 20:01:00,1,8.5,17554,United Kingdom
560106,2011-07-14 20:01:00,1,8.5,17554,United Kingdom
560106,2011-07-14 20:01:00,1,3.75,17554,United Kingdom
560106,2011-07-14 20:01:00,2,3.75,17554,United Kingdom
560106,2011-07-14 20:01:00,24,0.39,17554,United Kingdom
560106,2011-07-14 20:01:00,4,3.75,17554,United Kingdom
560106,2011-07-14 20:01:00,12,1.25,17554,United Kingdom
560106,2011-07-14 20:01:00,2,9.95,17554,United Kingdom
560106,2011-07-14 20:01:00,2,8.5,17554,United Kingdom
560106,2011-07-14 20:01:00,6,1.45,17554,United Kingdom
560106,2011-07-14 20:01:00,6,4.15,17554,United Kingdom
560106,2011-07-14 20:01:00,6,4.15,17554,United Kingdom
560106,2011-07-14 20:01:00,3,3.75,17554,United Kingdom
560106,2011-07-14 20:01:00,1,8.5,17554,United Kingdom
560106,2011-07-14 20:01:00,10,0.85,17554,United Kingdom
560106,2011-07-14 20:01:00,5,1.45,17554,United Kingdom
560106,2011-07-14 20:01:00,3,3.75,17554,United Kingdom
560269,2011-07-17 14:32:00,4,4.25,16168,United Kingdom
560269,2011-07-17 14:32:00,48,1.85,16168,United Kingdom
560269,2011-07-17 14:32:00,12,1.45,16168,United Kingdom
560269,2011-07-17 14:32:00,12,2.08,16168,United Kingdom
560273,2011-07-17 14:59:00,10,1.65,14895,United Kingdom
560273,2011-07-17 14:59:00,6,2.55,14895,United Kingdom
560273,2011-07-17 14:59:00,2,9.95,14895,United Kingdom
560273,2011-07-17 14:59:00,8,1.95,14895,United Kingdom
560273,2011-07-17 14:59:00,10,1.65,14895,United Kingdom
560273,2011-07-17 14:59:00,4,4.25,14895,United Kingdom
560273,2011-07-17 14:59:00,3,4.95,14895,United Kingdom
560273,2011-07-17 14:59:00,4,4.95,14895,United Kingdom
560273,2011-07-17 14:59:00,6,2.55,14895,United Kingdom
560273,2011-07-17 14:59:00,10,1.65,14895,United Kingdom
560273,2011-07-17 14:59:00,6,3.25,14895,United Kingdom
560273,2011-07-17 14:59:00,12,0.42,14895,United Kingdom
560273,2011-07-17 14:59:00,12,0.42,14895,United Kingdom
560273,2011-07-17 14:59:00,12,0.42,14895,United Kingdom
560273,2011-07-17 14:59:00,12,0.42,14895,United Kingdom
560273,2011-07-17 14:59:00,12,0.42,14895,United Kingdom
560273,2011-07-17 14:59:00,12,0.42,14895,United Kingdom
560273,2011-07-17 14:59:00,12,0.42,14895,United Kingdom
560273,2011-07-17 14:59:00,9,4.95,14895,United Kingdom
560273,2011-07-17 14:59:00,36,0.42,14895,United Kingdom
560273,2011-07-17 14:59:00,8,4.95,14895,United Kingdom
560273,2011-07-17 14:59:00,4,12.75,14895,United Kingdom
560274,2011-07-17 15:00:00,12,0.83,14895,United Kingdom
560274,2011-07-17 15:00:00,12,0.83,14895,United Kingdom
560274,2011-07-17 15:00:00,12,0.83,14895,United Kingdom
560274,2011-07-17 15:00:00,3,4.15,14895,United Kingdom
560274,2011-07-17 15:00:00,2,8.5,14895,United Kingdom
560274,2011-07-17 15:00:00,12,1.45,14895,United Kingdom
560274,2011-07-17 15:00:00,12,1.25,14895,United Kingdom
560275,2011-07-17 15:08:00,4,3.75,14895,United Kingdom
560279,2011-07-17 15:47:00,2,9.95,14198,United Kingdom
560279,2011-07-17 15:47:00,6,3.75,14198,United Kingdom
560279,2011-07-17 15:47:00,3,5.95,14198,United Kingdom
560279,2011-07-17 15:47:00,6,2.95,14198,United Kingdom
560279,2011-07-17 15:47:00,16,1.25,14198,United Kingdom
560279,2011-07-17 15:47:00,4,6.95,14198,United Kingdom
560279,2011-07-17 15:47:00,12,1.25,14198,United Kingdom
560279,2011-07-17 15:47:00,12,1.25,14198,United Kingdom
560279,2011-07-17 15:47:00,2,8.95,14198,United Kingdom
560445,2011-07-19 09:08:00,192,1.45,14156,EIRE
560445,2011-07-19 09:08:00,192,1.45,14156,EIRE
560445,2011-07-19 09:08:00,192,1.45,14156,EIRE
560445,2011-07-19 09:08:00,12,12.75,14156,EIRE
560445,2011-07-19 09:08:00,12,12.75,14156,EIRE
560445,2011-07-19 09:08:00,24,5.95,14156,EIRE
560445,2011-07-19 09:08:00,48,4.15,14156,EIRE
560445,2011-07-19 09:08:00,48,3.29,14156,EIRE
560445,2011-07-19 09:08:00,48,2.08,14156,EIRE
560445,2011-07-19 09:08:00,48,4.15,14156,EIRE
560445,2011-07-19 09:08:00,72,1.06,14156,EIRE
560445,2011-07-19 09:08:00,192,1.06,14156,EIRE
560445,2011-07-19 09:08:00,24,5.95,14156,EIRE
560445,2011-07-19 09:08:00,192,1.06,14156,EIRE
560445,2011-07-19 09:08:00,96,1.25,14156,EIRE
560445,2011-07-19 09:08:00,48,5.95,14156,EIRE
560445,2011-07-19 09:08:00,144,2.55,14156,EIRE
560445,2011-07-19 09:08:00,80,1.25,14156,EIRE
560445,2011-07-19 09:08:00,48,11.15,14156,EIRE
560445,2011-07-19 09:08:00,48,7.45,14156,EIRE
560445,2011-07-19 09:08:00,72,4.15,14156,EIRE
560445,2011-07-19 09:08:00,100,1.45,14156,EIRE
560445,2011-07-19 09:08:00,64,1.65,14156,EIRE
560445,2011-07-19 09:08:00,48,5.39,14156,EIRE
560445,2011-07-19 09:08:00,64,1.65,14156,EIRE
560445,2011-07-19 09:08:00,48,0.29,14156,EIRE
560445,2011-07-19 09:08:00,96,1.25,14156,EIRE
560445,2011-07-19 09:08:00,24,3.39,14156,EIRE
560445,2011-07-19 09:08:00,144,0.72,14156,EIRE
560445,2011-07-19 09:08:00,100,2.75,14156,EIRE
560445,2011-07-19 09:08:00,72,4.25,14156,EIRE
560445,2011-07-19 09:08:00,100,3.39,14156,EIRE
560445,2011-07-19 09:08:00,72,1.06,14156,EIRE
560445,2011-07-19 09:08:00,216,0.65,14156,EIRE
560445,2011-07-19 09:08:00,48,1.45,14156,EIRE
560445,2011-07-19 09:08:00,96,0.85,14156,EIRE
560445,2011-07-19 09:08:00,200,0.34,14156,EIRE
560445,2011-07-19 09:08:00,200,0.34,14156,EIRE
560445,2011-07-19 09:08:00,200,0.34,14156,EIRE
560445,2011-07-19 09:08:00,200,4.15,14156,EIRE
560445,2011-07-19 09:08:00,72,4.25,14156,EIRE
560445,2011-07-19 09:08:00,72,4.25,14156,EIRE
560445,2011-07-19 09:08:00,96,0.29,14156,EIRE
560445,2011-07-19 09:08:00,96,0.29,14156,EIRE
560445,2011-07-19 09:08:00,96,0.29,14156,EIRE
560445,2011-07-19 09:08:00,96,0.29,14156,EIRE
560445,2011-07-19 09:08:00,100,0.72,14156,EIRE
560445,2011-07-19 09:08:00,100,1.45,14156,EIRE
560445,2011-07-19 09:08:00,48,2.49,14156,EIRE
560445,2011-07-19 09:08:00,100,1.65,14156,EIRE
560445,2011-07-19 09:08:00,100,1.45,14156,EIRE
560445,2011-07-19 09:08:00,72,2.1,14156,EIRE
560445,2011-07-19 09:08:00,144,1.45,14156,EIRE
560445,2011-07-19 09:08:00,200,2.75,14156,EIRE
560445,2011-07-19 09:08:00,200,1.06,14156,EIRE
560445,2011-07-19 09:08:00,48,2.55,14156,EIRE
560445,2011-07-19 09:08:00,54,4.25,14156,EIRE
560445,2011-07-19 09:08:00,24,4.25,14156,EIRE
560445,2011-07-19 09:08:00,48,3.75,14156,EIRE
560445,2011-07-19 09:08:00,36,3.39,14156,EIRE
560446,2011-07-19 09:10:00,240,1.45,14156,EIRE
560446,2011-07-19 09:10:00,128,0.72,14156,EIRE
560446,2011-07-19 09:10:00,128,0.72,14156,EIRE
561023,2011-07-24 10:30:00,72,3.39,13576,United Kingdom
561023,2011-07-24 10:30:00,48,2.1,13576,United Kingdom
561023,2011-07-24 10:30:00,24,0.39,13576,United Kingdom
561876,2011-07-31 12:08:00,6,1.65,14472,United Kingdom
561876,2011-07-31 12:08:00,2,1.65,14472,United Kingdom
561876,2011-07-31 12:08:00,2,1.65,14472,United Kingdom
561876,2011-07-31 12:08:00,4,2.55,14472,United Kingdom
561876,2011-07-31 12:08:00,3,5.95,14472,United Kingdom
561876,2011-07-31 12:08:00,16,1.69,14472,United Kingdom
561876,2011-07-31 12:08:00,2,2.95,14472,United Kingdom
561876,2011-07-31 12:08:00,2,0.79,14472,United Kingdom
561876,2011-07-31 12:08:00,1,3.95,14472,United Kingdom
561876,2011-07-31 12:08:00,2,2.55,14472,United Kingdom
561876,2011-07-31 12:08:00,3,2.1,14472,United Kingdom
561876,2011-07-31 12:08:00,2,2.1,14472,United Kingdom
561876,2011-07-31 12:08:00,7,1.25,14472,United Kingdom
561876,2011-07-31 12:08:00,3,1.65,14472,United Kingdom
561876,2011-07-31 12:08:00,3,6.25,14472,United Kingdom
561876,2011-07-31 12:08:00,4,3.75,14472,United Kingdom
561876,2011-07-31 12:08:00,1,2.95,14472,United Kingdom
561901,2011-07-31 15:42:00,240,4.15,14156,EIRE
561901,2011-07-31 15:42:00,288,1.45,14156,EIRE
561901,2011-07-31 15:42:00,288,2.55,14156,EIRE
561901,2011-07-31 15:42:00,432,0.42,14156,EIRE
561901,2011-07-31 15:42:00,288,2.55,14156,EIRE
561901,2011-07-31 15:42:00,216,1.65,14156,EIRE
561901,2011-07-31 15:42:00,240,2.95,14156,EIRE
561901,2011-07-31 15:42:00,30,16.95,14156,EIRE
561901,2011-07-31 15:42:00,288,1.45,14156,EIRE
561901,2011-07-31 15:42:00,288,1.25,14156,EIRE
561901,2011-07-31 15:42:00,408,2.95,14156,EIRE
561901,2011-07-31 15:42:00,288,1.04,14156,EIRE
561901,2011-07-31 15:42:00,216,10.95,14156,EIRE
561901,2011-07-31 15:42:00,156,4.95,14156,EIRE
561901,2011-07-31 15:42:00,360,0.55,14156,EIRE
561901,2011-07-31 15:42:00,320,2.95,14156,EIRE
561901,2011-07-31 15:42:00,408,2.55,14156,EIRE
561901,2011-07-31 15:42:00,288,1.25,14156,EIRE
561901,2011-07-31 15:42:00,204,4.25,14156,EIRE
561914,2011-08-01 11:13:00,10,0.85,17676,United Kingdom
561914,2011-08-01 11:13:00,10,1.65,17676,United Kingdom
561914,2011-08-01 11:13:00,10,0.85,17676,United Kingdom
561914,2011-08-01 11:13:00,10,0.85,17676,United Kingdom
561914,2011-08-01 11:13:00,10,0.85,17676,United Kingdom
561914,2011-08-01 11:13:00,10,0.85,17676,United Kingdom
561914,2011-08-01 11:13:00,10,0.85,17676,United Kingdom
561914,2011-08-01 11:13:00,12,1.25,17676,United Kingdom
561914,2011-08-01 11:13:00,12,0.83,17676,United Kingdom
561914,2011-08-01 11:13:00,10,1.65,17676,United Kingdom
561914,2011-08-01 11:13:00,10,1.65,17676,United Kingdom
561914,2011-08-01 11:13:00,6,2.95,17676,United Kingdom
561914,2011-08-01 11:13:00,4,5.75,17676,United Kingdom
561914,2011-08-01 11:13:00,10,1.65,17676,United Kingdom
561968,2011-08-01 13:29:00,2,2.08,16332,United Kingdom
561968,2011-08-01 13:29:00,2,3.75,16332,United Kingdom
561968,2011-08-01 13:29:00,1,8.25,16332,United Kingdom
561968,2011-08-01 13:29:00,1,0.85,16332,United Kingdom
561968,2011-08-01 13:29:00,2,9.95,16332,United Kingdom
561968,2011-08-01 13:29:00,1,2.1,16332,United Kingdom
561968,2011-08-01 13:29:00,1,1.25,16332,United Kingdom
561968,2011-08-01 13:29:00,1,2.1,16332,United Kingdom
561968,2011-08-01 13:29:00,3,1.65,16332,United Kingdom
561968,2011-08-01 13:29:00,2,2.08,16332,United Kingdom
561968,2011-08-01 13:29:00,2,3.75,16332,United Kingdom
561968,2011-08-01 13:29:00,3,3.29,16332,United Kingdom
561968,2011-08-01 13:29:00,2,2.95,16332,United Kingdom
561968,2011-08-01 13:29:00,4,0.83,16332,United Kingdom
561968,2011-08-01 13:29:00,2,8.95,16332,United Kingdom
561968,2011-08-01 13:29:00,2,7.95,16332,United Kingdom
561968,2011-08-01 13:29:00,6,2.55,16332,United Kingdom
561968,2011-08-01 13:29:00,2,7.95,16332,United Kingdom
561968,2011-08-01 13:29:00,1,7.95,16332,United Kingdom
561968,2011-08-01 13:29:00,20,1.25,16332,United Kingdom
561968,2011-08-01 13:29:00,6,2.95,16332,United Kingdom
561968,2011-08-01 13:29:00,4,6.95,16332,United Kingdom
561968,2011-08-01 13:29:00,3,0.83,16332,United Kingdom
561968,2011-08-01 13:29:00,1,1.25,16332,United Kingdom
562152,2011-08-03 10:56:00,24,2.55,16168,United Kingdom
562152,2011-08-03 10:56:00,6,2.95,16168,United Kingdom
562152,2011-08-03 10:56:00,32,0.65,16168,United Kingdom
562152,2011-08-03 10:56:00,32,2.55,16168,United Kingdom
562152,2011-08-03 10:56:00,2,5.95,16168,United Kingdom
562152,2011-08-03 10:56:00,2,5.95,16168,United Kingdom
562207,2011-08-03 12:56:00,168,2.55,12643,France
562207,2011-08-03 12:56:00,50,4.65,12643,France
562207,2011-08-03 12:56:00,40,2.55,12643,France
562207,2011-08-03 12:56:00,9,15.0,12643,France
562207,2011-08-03 12:56:00,120,0.42,12643,France
562207,2011-08-03 12:56:00,144,1.06,12643,France
562207,2011-08-03 12:56:00,48,1.06,12643,France
562207,2011-08-03 12:56:00,120,0.42,12643,France
562216,2011-08-03 13:50:00,2,7.95,16835,United Kingdom
562216,2011-08-03 13:50:00,10,2.08,16835,United Kingdom
562216,2011-08-03 13:50:00,10,2.08,16835,United Kingdom
562216,2011-08-03 13:50:00,10,2.08,16835,United Kingdom
562216,2011-08-03 13:50:00,10,2.08,16835,United Kingdom
562444,2011-08-04 18:44:00,8,0.65,14713,United Kingdom
562444,2011-08-04 18:44:00,3,0.85,14713,United Kingdom
562444,2011-08-04 18:44:00,3,0.85,14713,United Kingdom
562444,2011-08-04 18:44:00,3,0.85,14713,United Kingdom
562444,2011-08-04 18:44:00,3,0.85,14713,United Kingdom
562444,2011-08-04 18:44:00,2,4.25,14713,United Kingdom
562444,2011-08-04 18:44:00,4,2.95,14713,United Kingdom
562444,2011-08-04 18:44:00,2,4.25,14713,United Kingdom
562444,2011-08-04 18:44:00,2,7.95,14713,United Kingdom
562444,2011-08-04 18:44:00,2,4.25,14713,United Kingdom
562444,2011-08-04 18:44:00,3,0.85,14713,United Kingdom
562444,2011-08-04 18:44:00,2,0.83,14713,United Kingdom
562444,2011-08-04 18:44:00,4,3.75,14713,United Kingdom
562444,2011-08-04 18:44:00,4,1.25,14713,United Kingdom
562444,2011-08-04 18:44:00,4,1.25,14713,United Kingdom
562444,2011-08-04 18:44:00,1,2.95,14713,United Kingdom
562444,2011-08-04 18:44:00,2,1.95,14713,United Kingdom
562444,2011-08-04 18:44:00,1,8.95,14713,United Kingdom
562444,2011-08-04 18:44:00,2,2.55,14713,United Kingdom
562444,2011-08-04 18:44:00,2,6.95,14713,United Kingdom
562444,2011-08-04 18:44:00,2,4.95,14713,United Kingdom
562444,2011-08-04 18:44:00,24,0.39,14713,United Kingdom
562444,2011-08-04 18:44:00,25,0.42,14713,United Kingdom
562444,2011-08-04 18:44:00,25,0.42,14713,United Kingdom
562444,2011-08-04 18:44:00,1,1.25,14713,United Kingdom
562444,2011-08-04 18:44:00,2,2.95,14713,United Kingdom
562444,2011-08-04 18:44:00,3,1.65,14713,United Kingdom
562444,2011-08-04 18:44:00,6,0.85,14713,United Kingdom
562444,2011-08-04 18:44:00,8,1.69,14713,United Kingdom
562444,2011-08-04 18:44:00,24,0.42,14713,United Kingdom
562444,2011-08-04 18:44:00,4,2.55,14713,United Kingdom
562444,2011-08-04 18:44:00,4,1.45,14713,United Kingdom
562444,2011-08-04 18:44:00,2,2.08,14713,United Kingdom
562444,2011-08-04 18:44:00,2,2.08,14713,United Kingdom
562444,2011-08-04 18:44:00,2,2.08,14713,United Kingdom
562444,2011-08-04 18:44:00,3,2.08,14713,United Kingdom
562444,2011-08-04 18:44:00,2,2.08,14713,United Kingdom
562444,2011-08-04 18:44:00,2,2.08,14713,United Kingdom
562444,2011-08-04 18:44:00,2,2.08,14713,United Kingdom
562444,2011-08-04 18:44:00,3,1.65,14713,United Kingdom
562444,2011-08-04 18:44:00,1,9.95,14713,United Kingdom
562444,2011-08-04 18:44:00,2,2.08,14713,United Kingdom
562444,2011-08-04 18:44:00,3,1.65,14713,United Kingdom
562444,2011-08-04 18:44:00,12,0.42,14713,United Kingdom
562444,2011-08-04 18:44:00,6,0.42,14713,United Kingdom
562444,2011-08-04 18:44:00,10,1.65,14713,United Kingdom
562444,2011-08-04 18:44:00,2,4.95,14713,United Kingdom
562444,2011-08-04 18:44:00,1,4.65,14713,United Kingdom
562444,2011-08-04 18:44:00,10,1.65,14713,United Kingdom
562444,2011-08-04 18:44:00,2,3.75,14713,United Kingdom
562444,2011-08-04 18:44:00,3,1.65,14713,United Kingdom
562444,2011-08-04 18:44:00,3,1.65,14713,United Kingdom
562444,2011-08-04 18:44:00,6,1.65,14713,United Kingdom
562444,2011-08-04 18:44:00,3,1.65,14713,United Kingdom
562533,2011-08-05 14:36:00,10,1.65,17676,United Kingdom
562560,2011-08-05 17:12:00,12,1.65,14156,EIRE
562560,2011-08-05 17:12:00,2,2.08,14156,EIRE
562560,2011-08-05 17:12:00,4,2.08,14156,EIRE
562560,2011-08-05 17:12:00,24,0.55,14156,EIRE
562560,2011-08-05 17:12:00,20,1.25,14156,EIRE
562560,2011-08-05 17:12:00,3,2.08,14156,EIRE
562560,2011-08-05 17:12:00,6,1.25,14156,EIRE
562560,2011-08-05 17:12:00,1,4.95,14156,EIRE
562560,2011-08-05 17:12:00,4,1.95,14156,EIRE
562560,2011-08-05 17:12:00,1,3.75,14156,EIRE
562560,2011-08-05 17:12:00,2,3.75,14156,EIRE
562560,2011-08-05 17:12:00,12,1.25,14156,EIRE
562560,2011-08-05 17:12:00,3,1.25,14156,EIRE
562560,2011-08-05 17:12:00,3,2.08,14156,EIRE
562560,2011-08-05 17:12:00,1,4.25,14156,EIRE
562560,2011-08-05 17:12:00,3,2.08,14156,EIRE
562560,2011-08-05 17:12:00,6,3.75,14156,EIRE
562560,2011-08-05 17:12:00,1,8.25,14156,EIRE
562560,2011-08-05 17:12:00,12,1.25,14156,EIRE
562560,2011-08-05 17:12:00,4,1.25,14156,EIRE
562560,2011-08-05 17:12:00,2,4.15,14156,EIRE
562560,2011-08-05 17:12:00,4,1.45,14156,EIRE
562560,2011-08-05 17:12:00,1,1.25,14156,EIRE
562560,2011-08-05 17:12:00,6,1.65,14156,EIRE
562560,2011-08-05 17:12:00,24,0.55,14156,EIRE
562560,2011-08-05 17:12:00,6,2.08,14156,EIRE
562560,2011-08-05 17:12:00,6,3.75,14156,EIRE
562560,2011-08-05 17:12:00,3,12.75,14156,EIRE
562560,2011-08-05 17:12:00,2,3.75,14156,EIRE
562560,2011-08-05 17:12:00,6,2.08,14156,EIRE
562560,2011-08-05 17:12:00,6,1.95,14156,EIRE
562560,2011-08-05 17:12:00,1,8.25,14156,EIRE
562560,2011-08-05 17:12:00,1,8.25,14156,EIRE
562560,2011-08-05 17:12:00,3,2.08,14156,EIRE
562560,2011-08-05 17:12:00,6,2.89,14156,EIRE
562560,2011-08-05 17:12:00,4,2.1,14156,EIRE
562560,2011-08-05 17:12:00,2,1.65,14156,EIRE
562560,2011-08-05 17:12:00,4,0.42,14156,EIRE
562560,2011-08-05 17:12:00,4,0.42,14156,EIRE
562560,2011-08-05 17:12:00,4,0.42,14156,EIRE
562560,2011-08-05 17:12:00,4,0.42,14156,EIRE
562560,2011-08-05 17:12:00,4,1.25,14156,EIRE
562560,2011-08-05 17:12:00,4,0.85,14156,EIRE
562560,2011-08-05 17:12:00,2,3.75,14156,EIRE
562560,2011-08-05 17:12:00,4,2.1,14156,EIRE
562560,2011-08-05 17:12:00,4,2.1,14156,EIRE
562560,2011-08-05 17:12:00,8,0.83,14156,EIRE
562560,2011-08-05 17:12:00,4,5.95,14156,EIRE
562560,2011-08-05 17:12:00,6,2.95,14156,EIRE
562560,2011-08-05 17:12:00,6,2.95,14156,EIRE
562560,2011-08-05 17:12:00,4,4.25,14156,EIRE
562560,2011-08-05 17:12:00,4,2.95,14156,EIRE
562560,2011-08-05 17:12:00,4,0.42,14156,EIRE
562560,2011-08-05 17:12:00,3,1.65,14156,EIRE
562560,2011-08-05 17:12:00,2,3.75,14156,EIRE
562560,2011-08-05 17:12:00,2,3.75,14156,EIRE
562560,2011-08-05 17:12:00,2,1.65,14156,EIRE
562560,2011-08-05 17:12:00,2,1.65,14156,EIRE
562560,2011-08-05 17:12:00,2,1.65,14156,EIRE
562560,2011-08-05 17:12:00,2,1.65,14156,EIRE
562560,2011-08-05 17:12:00,3,5.95,14156,EIRE
562560,2011-08-05 17:12:00,4,1.45,14156,EIRE
562560,2011-08-05 17:12:00,6,1.25,14156,EIRE
562560,2011-08-05 17:12:00,5,1.45,14156,EIRE
562560,2011-08-05 17:12:00,2,2.95,14156,EIRE
562560,2011-08-05 17:12:00,1,2.95,14156,EIRE
562560,2011-08-05 17:12:00,1,2.95,14156,EIRE
562560,2011-08-05 17:12:00,4,6.25,14156,EIRE
562560,2011-08-05 17:12:00,2,1.25,14156,EIRE
562560,2011-08-05 17:12:00,2,4.95,14156,EIRE
562560,2011-08-05 17:12:00,2,4.95,14156,EIRE
562560,2011-08-05 17:12:00,2,3.75,14156,EIRE
562560,2011-08-05 17:12:00,8,0.83,14156,EIRE
562560,2011-08-05 17:12:00,4,2.49,14156,EIRE
562560,2011-08-05 17:12:00,2,3.75,14156,EIRE
562560,2011-08-05 17:12:00,12,1.45,14156,EIRE
562560,2011-08-05 17:12:00,12,1.45,14156,EIRE
562560,2011-08-05 17:12:00,24,0.83,14156,EIRE
562560,2011-08-05 17:12:00,6,4.95,14156,EIRE
562560,2011-08-05 17:12:00,1,5.95,14156,EIRE
562560,2011-08-05 17:12:00,1,9.95,14156,EIRE
562560,2011-08-05 17:12:00,3,4.95,14156,EIRE
562560,2011-08-05 17:12:00,4,2.55,14156,EIRE
562560,2011-08-05 17:12:00,2,5.95,14156,EIRE
562560,2011-08-05 17:12:00,2,5.75,14156,EIRE
562560,2011-08-05 17:12:00,2,7.5,14156,EIRE
562560,2011-08-05 17:12:00,2,9.95,14156,EIRE
562560,2011-08-05 17:12:00,12,0.29,14156,EIRE
562560,2011-08-05 17:12:00,12,0.29,14156,EIRE
562560,2011-08-05 17:12:00,3,4.95,14156,EIRE
562560,2011-08-05 17:12:00,1,7.95,14156,EIRE
562560,2011-08-05 17:12:00,4,2.55,14156,EIRE
562560,2011-08-05 17:12:00,2,8.5,14156,EIRE
562560,2011-08-05 17:12:00,4,1.25,14156,EIRE
562560,2011-08-05 17:12:00,3,2.08,14156,EIRE
562560,2011-08-05 17:12:00,2,4.95,14156,EIRE
562560,2011-08-05 17:12:00,3,1.65,14156,EIRE
562560,2011-08-05 17:12:00,4,1.25,14156,EIRE
562560,2011-08-05 17:12:00,2,2.95,14156,EIRE
562560,2011-08-05 17:12:00,24,0.83,14156,EIRE
562560,2011-08-05 17:12:00,24,0.85,14156,EIRE
562560,2011-08-05 17:12:00,2,5.95,14156,EIRE
562560,2011-08-05 17:12:00,2,2.95,14156,EIRE
562560,2011-08-05 17:12:00,2,2.95,14156,EIRE
562560,2011-08-05 17:12:00,2,4.95,14156,EIRE
562560,2011-08-05 17:12:00,4,1.25,14156,EIRE
562560,2011-08-05 17:12:00,4,3.75,14156,EIRE
562560,2011-08-05 17:12:00,2,2.95,14156,EIRE
562560,2011-08-05 17:12:00,2,2.95,14156,EIRE
562560,2011-08-05 17:12:00,4,2.95,14156,EIRE
562560,2011-08-05 17:12:00,2,14.95,14156,EIRE
562560,2011-08-05 17:12:00,2,8.5,14156,EIRE
562560,2011-08-05 17:12:00,4,3.25,14156,EIRE
562560,2011-08-05 17:12:00,12,1.65,14156,EIRE
562560,2011-08-05 17:12:00,2,8.5,14156,EIRE
562560,2011-08-05 17:12:00,24,0.12,14156,EIRE
562560,2011-08-05 17:12:00,24,0.12,14156,EIRE
562560,2011-08-05 17:12:00,2,4.15,14156,EIRE
562560,2011-08-05 17:12:00,2,10.95,14156,EIRE
562560,2011-08-05 17:12:00,2,16.95,14156,EIRE
562560,2011-08-05 17:12:00,1,1.25,14156,EIRE
562560,2011-08-05 17:12:00,4,6.25,14156,EIRE
562560,2011-08-05 17:12:00,4,4.95,14156,EIRE
562560,2011-08-05 17:12:00,6,1.65,14156,EIRE
562560,2011-08-05 17:12:00,6,1.95,14156,EIRE
562560,2011-08-05 17:12:00,2,3.75,14156,EIRE
562560,2011-08-05 17:12:00,2,3.75,14156,EIRE
562560,2011-08-05 17:12:00,2,6.35,14156,EIRE
562560,2011-08-05 17:12:00,2,8.5,14156,EIRE
562560,2011-08-05 17:12:00,12,1.65,14156,EIRE
562560,2011-08-05 17:12:00,4,3.75,14156,EIRE
562560,2011-08-05 17:12:00,2,8.5,14156,EIRE
562560,2011-08-05 17:12:00,6,2.55,14156,EIRE
562560,2011-08-05 17:12:00,2,4.95,14156,EIRE
562560,2011-08-05 17:12:00,12,1.25,14156,EIRE
562560,2011-08-05 17:12:00,12,1.25,14156,EIRE
562560,2011-08-05 17:12:00,3,1.25,14156,EIRE
562560,2011-08-05 17:12:00,3,1.25,14156,EIRE
562560,2011-08-05 17:12:00,1,4.95,14156,EIRE
562560,2011-08-05 17:12:00,2,2.1,14156,EIRE
562560,2011-08-05 17:12:00,2,2.1,14156,EIRE
562560,2011-08-05 17:12:00,6,2.55,14156,EIRE
562560,2011-08-05 17:12:00,2,12.75,14156,EIRE
562560,2011-08-05 17:12:00,6,1.25,14156,EIRE
562560,2011-08-05 17:12:00,24,0.55,14156,EIRE
562560,2011-08-05 17:12:00,4,2.95,14156,EIRE
562560,2011-08-05 17:12:00,1,9.95,14156,EIRE
562579,2011-08-07 13:30:00,8,7.05,16950,United Kingdom
562579,2011-08-07 13:30:00,10,2.1,16950,United Kingdom
562579,2011-08-07 13:30:00,8,2.1,16950,United Kingdom
562579,2011-08-07 13:30:00,24,1.45,16950,United Kingdom
562579,2011-08-07 13:30:00,2,0.42,16950,United Kingdom
562579,2011-08-07 13:30:00,2,2.1,16950,United Kingdom
562579,2011-08-07 13:30:00,1,0.83,16950,United Kingdom
562579,2011-08-07 13:30:00,24,1.25,16950,United Kingdom
562579,2011-08-07 13:30:00,24,1.25,16950,United Kingdom
562579,2011-08-07 13:30:00,12,1.25,16950,United Kingdom
562579,2011-08-07 13:30:00,24,2.95,16950,United Kingdom
562579,2011-08-07 13:30:00,2,2.08,16950,United Kingdom
562579,2011-08-07 13:30:00,4,7.95,16950,United Kingdom
562579,2011-08-07 13:30:00,36,0.19,16950,United Kingdom
562579,2011-08-07 13:30:00,36,0.19,16950,United Kingdom
562579,2011-08-07 13:30:00,10,4.95,16950,United Kingdom
562579,2011-08-07 13:30:00,1,4.95,16950,United Kingdom
562579,2011-08-07 13:30:00,24,1.95,16950,United Kingdom
562579,2011-08-07 13:30:00,6,1.65,16950,United Kingdom
562579,2011-08-07 13:30:00,6,3.75,16950,United Kingdom
562579,2011-08-07 13:30:00,4,9.95,16950,United Kingdom
562579,2011-08-07 13:30:00,4,4.95,16950,United Kingdom
562579,2011-08-07 13:30:00,32,2.55,16950,United Kingdom
562579,2011-08-07 13:30:00,1,1.25,16950,United Kingdom
562721,2011-08-08 16:31:00,36,0.65,15985,United Kingdom
562721,2011-08-08 16:31:00,36,0.65,15985,United Kingdom
562721,2011-08-08 16:31:00,24,0.65,15985,United Kingdom
562721,2011-08-08 16:31:00,24,0.65,15985,United Kingdom
562721,2011-08-08 16:31:00,24,0.65,15985,United Kingdom
562721,2011-08-08 16:31:00,4,8.5,15985,United Kingdom
562721,2011-08-08 16:31:00,12,2.1,15985,United Kingdom
562721,2011-08-08 16:31:00,2,6.35,15985,United Kingdom
562721,2011-08-08 16:31:00,10,1.65,15985,United Kingdom
562721,2011-08-08 16:31:00,36,1.69,15985,United Kingdom
562730,2011-08-09 10:16:00,4,3.75,17554,United Kingdom
562730,2011-08-09 10:16:00,200,0.34,17554,United Kingdom
562730,2011-08-09 10:16:00,2,12.75,17554,United Kingdom
562730,2011-08-09 10:16:00,4,3.75,17554,United Kingdom
562730,2011-08-09 10:16:00,8,3.75,17554,United Kingdom
562730,2011-08-09 10:16:00,48,1.25,17554,United Kingdom
562730,2011-08-09 10:16:00,6,4.15,17554,United Kingdom
562730,2011-08-09 10:16:00,18,2.55,17554,United Kingdom
562730,2011-08-09 10:16:00,200,0.34,17554,United Kingdom
562730,2011-08-09 10:16:00,50,0.42,17554,United Kingdom
562730,2011-08-09 10:16:00,50,0.42,17554,United Kingdom
562730,2011-08-09 10:16:00,36,0.21,17554,United Kingdom
562730,2011-08-09 10:16:00,36,2.1,17554,United Kingdom
562807,2011-08-09 14:57:00,8,0.85,16053,United Kingdom
562807,2011-08-09 14:57:00,8,0.85,16053,United Kingdom
562807,2011-08-09 14:57:00,12,1.65,16053,United Kingdom
562807,2011-08-09 14:57:00,12,1.25,16053,United Kingdom
562807,2011-08-09 14:57:00,3,4.95,16053,United Kingdom
562807,2011-08-09 14:57:00,10,0.85,16053,United Kingdom
562807,2011-08-09 14:57:00,8,1.69,16053,United Kingdom
562807,2011-08-09 14:57:00,10,2.08,16053,United Kingdom
562807,2011-08-09 14:57:00,8,1.69,16053,United Kingdom
562807,2011-08-09 14:57:00,8,1.69,16053,United Kingdom
562807,2011-08-09 14:57:00,8,1.69,16053,United Kingdom
562807,2011-08-09 14:57:00,8,1.25,16053,United Kingdom
562807,2011-08-09 14:57:00,10,1.65,16053,United Kingdom
562807,2011-08-09 14:57:00,8,0.85,16053,United Kingdom
562807,2011-08-09 14:57:00,6,4.95,16053,United Kingdom
562807,2011-08-09 14:57:00,6,3.75,16053,United Kingdom
562807,2011-08-09 14:57:00,12,1.45,16053,United Kingdom
562807,2011-08-09 14:57:00,6,4.25,16053,United Kingdom
562807,2011-08-09 14:57:00,6,2.95,16053,United Kingdom
562807,2011-08-09 14:57:00,6,2.95,16053,United Kingdom
562807,2011-08-09 14:57:00,12,1.25,16053,United Kingdom
562807,2011-08-09 14:57:00,10,1.65,16053,United Kingdom
562807,2011-08-09 14:57:00,10,0.85,16053,United Kingdom
562807,2011-08-09 14:57:00,10,2.08,16053,United Kingdom
562807,2011-08-09 14:57:00,10,1.65,16053,United Kingdom
562807,2011-08-09 14:57:00,10,1.65,16053,United Kingdom
562807,2011-08-09 14:57:00,6,2.89,16053,United Kingdom
562807,2011-08-09 14:57:00,6,4.15,16053,United Kingdom
562807,2011-08-09 14:57:00,8,1.25,16053,United Kingdom
562807,2011-08-09 14:57:00,8,0.85,16053,United Kingdom
562807,2011-08-09 14:57:00,8,1.25,16053,United Kingdom
562807,2011-08-09 14:57:00,120,0.42,16053,United Kingdom
562807,2011-08-09 14:57:00,8,0.85,16053,United Kingdom
562807,2011-08-09 14:57:00,10,2.08,16053,United Kingdom
562807,2011-08-09 14:57:00,12,1.65,16053,United Kingdom
562807,2011-08-09 14:57:00,12,1.65,16053,United Kingdom
562807,2011-08-09 14:57:00,12,1.45,16053,United Kingdom
562807,2011-08-09 14:57:00,12,1.25,16053,United Kingdom
562807,2011-08-09 14:57:00,12,1.65,16053,United Kingdom
562807,2011-08-09 14:57:00,2,9.95,16053,United Kingdom
562807,2011-08-09 14:57:00,4,4.95,16053,United Kingdom
562807,2011-08-09 14:57:00,2,12.75,16053,United Kingdom
562807,2011-08-09 14:57:00,12,1.25,16053,United Kingdom
562807,2011-08-09 14:57:00,12,0.83,16053,United Kingdom
562807,2011-08-09 14:57:00,12,1.45,16053,United Kingdom
562807,2011-08-09 14:57:00,12,1.45,16053,United Kingdom
562807,2011-08-09 14:57:00,12,1.45,16053,United Kingdom
562807,2011-08-09 14:57:00,12,0.83,16053,United Kingdom
562807,2011-08-09 14:57:00,2,6.25,16053,United Kingdom
562807,2011-08-09 14:57:00,8,0.85,16053,United Kingdom
562807,2011-08-09 14:57:00,8,0.85,16053,United Kingdom
562807,2011-08-09 14:57:00,12,1.45,16053,United Kingdom
562807,2011-08-09 14:57:00,1,14.95,16053,United Kingdom
562807,2011-08-09 14:57:00,1,14.95,16053,United Kingdom
562807,2011-08-09 14:57:00,120,0.42,16053,United Kingdom
562807,2011-08-09 14:57:00,10,1.65,16053,United Kingdom
562807,2011-08-09 14:57:00,8,1.25,16053,United Kingdom
562807,2011-08-09 14:57:00,120,0.42,16053,United Kingdom
562807,2011-08-09 14:57:00,6,2.95,16053,United Kingdom
562807,2011-08-09 14:57:00,24,1.25,16053,United Kingdom
562807,2011-08-09 14:57:00,24,1.25,16053,United Kingdom
562807,2011-08-09 14:57:00,120,0.42,16053,United Kingdom
562935,2011-08-10 17:11:00,12,8.15,14156,EIRE
562935,2011-08-10 17:11:00,50,2.08,14156,EIRE
562935,2011-08-10 17:11:00,10,2.08,14156,EIRE
562935,2011-08-10 17:11:00,10,2.08,14156,EIRE
562935,2011-08-10 17:11:00,20,2.08,14156,EIRE
562935,2011-08-10 17:11:00,10,2.08,14156,EIRE
562935,2011-08-10 17:11:00,10,2.08,14156,EIRE
562935,2011-08-10 17:11:00,10,2.08,14156,EIRE
562935,2011-08-10 17:11:00,40,2.55,14156,EIRE
562935,2011-08-10 17:11:00,16,5.95,14156,EIRE
562935,2011-08-10 17:11:00,30,2.08,14156,EIRE
562935,2011-08-10 17:11:00,64,2.55,14156,EIRE
562935,2011-08-10 17:11:00,8,12.5,14156,EIRE
562935,2011-08-10 17:11:00,5,8.25,14156,EIRE
562935,2011-08-10 17:11:00,30,2.08,14156,EIRE
562935,2011-08-10 17:11:00,10,2.08,14156,EIRE
562935,2011-08-10 17:11:00,10,2.08,14156,EIRE
562935,2011-08-10 17:11:00,10,2.08,14156,EIRE
562935,2011-08-10 17:11:00,10,2.08,14156,EIRE
562935,2011-08-10 17:11:00,10,2.08,14156,EIRE
562935,2011-08-10 17:11:00,16,10.95,14156,EIRE
562999,2011-08-11 11:51:00,24,0.29,15117,United Kingdom
562999,2011-08-11 11:51:00,24,0.29,15117,United Kingdom
562999,2011-08-11 11:51:00,24,0.55,15117,United Kingdom
562999,2011-08-11 11:51:00,24,0.55,15117,United Kingdom
562999,2011-08-11 11:51:00,24,0.55,15117,United Kingdom
562999,2011-08-11 11:51:00,25,0.42,15117,United Kingdom
562999,2011-08-11 11:51:00,25,0.42,15117,United Kingdom
562999,2011-08-11 11:51:00,25,0.42,15117,United Kingdom
562999,2011-08-11 11:51:00,25,0.42,15117,United Kingdom
562999,2011-08-11 11:51:00,16,0.65,15117,United Kingdom
562999,2011-08-11 11:51:00,24,0.29,15117,United Kingdom
562999,2011-08-11 11:51:00,24,0.55,15117,United Kingdom
562999,2011-08-11 11:51:00,6,2.1,15117,United Kingdom
562999,2011-08-11 11:51:00,10,0.85,15117,United Kingdom
562999,2011-08-11 11:51:00,6,2.95,15117,United Kingdom
562999,2011-08-11 11:51:00,10,2.08,15117,United Kingdom
562999,2011-08-11 11:51:00,10,2.08,15117,United Kingdom
562999,2011-08-11 11:51:00,12,1.45,15117,United Kingdom
562999,2011-08-11 11:51:00,10,0.85,15117,United Kingdom
562999,2011-08-11 11:51:00,10,1.65,15117,United Kingdom
562999,2011-08-11 11:51:00,10,2.08,15117,United Kingdom
562999,2011-08-11 11:51:00,10,1.65,15117,United Kingdom
562999,2011-08-11 11:51:00,10,1.65,15117,United Kingdom
562999,2011-08-11 11:51:00,10,1.65,15117,United Kingdom
562999,2011-08-11 11:51:00,1,9.95,15117,United Kingdom
562999,2011-08-11 11:51:00,6,2.95,15117,United Kingdom
562999,2011-08-11 11:51:00,10,1.65,15117,United Kingdom
563095,2011-08-12 09:04:00,6,2.95,13158,United Kingdom
563095,2011-08-12 09:04:00,6,2.95,13158,United Kingdom
563095,2011-08-12 09:04:00,8,1.65,13158,United Kingdom
563095,2011-08-12 09:04:00,8,1.65,13158,United Kingdom
563095,2011-08-12 09:04:00,12,0.75,13158,United Kingdom
563095,2011-08-12 09:04:00,12,0.75,13158,United Kingdom
563095,2011-08-12 09:04:00,12,1.25,13158,United Kingdom
563095,2011-08-12 09:04:00,12,0.42,13158,United Kingdom
563095,2011-08-12 09:04:00,12,0.85,13158,United Kingdom
563095,2011-08-12 09:04:00,4,3.75,13158,United Kingdom
563095,2011-08-12 09:04:00,4,3.75,13158,United Kingdom
563095,2011-08-12 09:04:00,6,2.95,13158,United Kingdom
563095,2011-08-12 09:04:00,20,1.65,13158,United Kingdom
563095,2011-08-12 09:04:00,20,1.65,13158,United Kingdom
563095,2011-08-12 09:04:00,20,1.65,13158,United Kingdom
563095,2011-08-12 09:04:00,20,1.65,13158,United Kingdom
563095,2011-08-12 09:04:00,8,1.95,13158,United Kingdom
563349,2011-08-15 13:51:00,3,2.08,14623,United Kingdom
563349,2011-08-15 13:51:00,5,2.08,14623,United Kingdom
563349,2011-08-15 13:51:00,3,1.25,14623,United Kingdom
563349,2011-08-15 13:51:00,1,0.3,14623,United Kingdom
563349,2011-08-15 13:51:00,1,2.55,14623,United Kingdom
563349,2011-08-15 13:51:00,1,2.55,14623,United Kingdom
563349,2011-08-15 13:51:00,2,0.42,14623,United Kingdom
563349,2011-08-15 13:51:00,2,3.75,14623,United Kingdom
563349,2011-08-15 13:51:00,3,0.83,14623,United Kingdom
563349,2011-08-15 13:51:00,2,4.25,14623,United Kingdom
563349,2011-08-15 13:51:00,1,6.95,14623,United Kingdom
563349,2011-08-15 13:51:00,1,12.75,14623,United Kingdom
563349,2011-08-15 13:51:00,1,4.25,14623,United Kingdom
563349,2011-08-15 13:51:00,5,2.08,14623,United Kingdom
563349,2011-08-15 13:51:00,1,0.42,14623,United Kingdom
563349,2011-08-15 13:51:00,3,2.08,14623,United Kingdom
563349,2011-08-15 13:51:00,3,1.65,14623,United Kingdom
563349,2011-08-15 13:51:00,2,2.08,14623,United Kingdom
563349,2011-08-15 13:51:00,2,3.25,14623,United Kingdom
563349,2011-08-15 13:51:00,1,5.95,14623,United Kingdom
563349,2011-08-15 13:51:00,1,5.95,14623,United Kingdom
563349,2011-08-15 13:51:00,1,5.95,14623,United Kingdom
563349,2011-08-15 13:51:00,1,2.08,14623,United Kingdom
563349,2011-08-15 13:51:00,1,3.75,14623,United Kingdom
563349,2011-08-15 13:51:00,3,5.95,14623,United Kingdom
563349,2011-08-15 13:51:00,2,3.25,14623,United Kingdom
563349,2011-08-15 13:51:00,3,5.95,14623,United Kingdom
563349,2011-08-15 13:51:00,2,1.25,14623,United Kingdom
563349,2011-08-15 13:51:00,3,2.08,14623,United Kingdom
563349,2011-08-15 13:51:00,3,2.08,14623,United Kingdom
563349,2011-08-15 13:51:00,3,2.08,14623,United Kingdom
563349,2011-08-15 13:51:00,2,2.08,14623,United Kingdom
563349,2011-08-15 13:51:00,3,5.95,14623,United Kingdom
563355,2011-08-15 14:39:00,20,0.42,14156,EIRE
563355,2011-08-15 14:39:00,24,0.29,14156,EIRE
563355,2011-08-15 14:39:00,24,0.39,14156,EIRE
563355,2011-08-15 14:39:00,36,0.39,14156,EIRE
563355,2011-08-15 14:39:00,36,0.19,14156,EIRE
563355,2011-08-15 14:39:00,12,0.39,14156,EIRE
563355,2011-08-15 14:39:00,12,1.25,14156,EIRE
563355,2011-08-15 14:39:00,12,1.25,14156,EIRE
563355,2011-08-15 14:39:00,12,1.25,14156,EIRE
563355,2011-08-15 14:39:00,6,3.75,14156,EIRE
563355,2011-08-15 14:39:00,12,1.45,14156,EIRE
563355,2011-08-15 14:39:00,1,50.0,14156,EIRE
563355,2011-08-15 14:39:00,100,0.04,14156,EIRE
563355,2011-08-15 14:39:00,12,0.85,14156,EIRE
563355,2011-08-15 14:39:00,6,3.25,14156,EIRE
563355,2011-08-15 14:39:00,36,0.19,14156,EIRE
563355,2011-08-15 14:39:00,24,0.55,14156,EIRE
563355,2011-08-15 14:39:00,4,4.95,14156,EIRE
563355,2011-08-15 14:39:00,12,1.65,14156,EIRE
563355,2011-08-15 14:39:00,6,2.95,14156,EIRE
563355,2011-08-15 14:39:00,25,0.42,14156,EIRE
563355,2011-08-15 14:39:00,10,2.08,14156,EIRE
563355,2011-08-15 14:39:00,10,2.08,14156,EIRE
563355,2011-08-15 14:39:00,10,1.65,14156,EIRE
563355,2011-08-15 14:39:00,24,0.55,14156,EIRE
563355,2011-08-15 14:39:00,10,1.65,14156,EIRE
563355,2011-08-15 14:39:00,25,0.42,14156,EIRE
563355,2011-08-15 14:39:00,25,0.42,14156,EIRE
563355,2011-08-15 14:39:00,12,0.85,14156,EIRE
563355,2011-08-15 14:39:00,12,2.1,14156,EIRE
563355,2011-08-15 14:39:00,10,1.65,14156,EIRE
563468,2011-08-16 14:55:00,10,2.95,16168,United Kingdom
563468,2011-08-16 14:55:00,6,5.95,16168,United Kingdom
563465,2011-08-16 14:55:00,12,2.95,16168,United Kingdom
563465,2011-08-16 14:55:00,12,1.65,16168,United Kingdom
563465,2011-08-16 14:55:00,12,1.65,16168,United Kingdom
563465,2011-08-16 14:55:00,12,4.95,16168,United Kingdom
563558,2011-08-17 13:40:00,10,6.75,14156,EIRE
563558,2011-08-17 13:40:00,10,2.08,14156,EIRE
563558,2011-08-17 13:40:00,10,2.08,14156,EIRE
563558,2011-08-17 13:40:00,12,2.95,14156,EIRE
563558,2011-08-17 13:40:00,6,2.55,14156,EIRE
563558,2011-08-17 13:40:00,9,4.95,14156,EIRE
563558,2011-08-17 13:40:00,6,2.95,14156,EIRE
563558,2011-08-17 13:40:00,6,2.95,14156,EIRE
563558,2011-08-17 13:40:00,10,6.75,14156,EIRE
563558,2011-08-17 13:40:00,12,1.25,14156,EIRE
563558,2011-08-17 13:40:00,10,6.75,14156,EIRE
563558,2011-08-17 13:40:00,8,4.95,14156,EIRE
563558,2011-08-17 13:40:00,12,2.95,14156,EIRE
563558,2011-08-17 13:40:00,4,4.15,14156,EIRE
563558,2011-08-17 13:40:00,24,1.25,14156,EIRE
563558,2011-08-17 13:40:00,10,6.75,14156,EIRE
563558,2011-08-17 13:40:00,10,6.75,14156,EIRE
563558,2011-08-17 13:40:00,96,0.72,14156,EIRE
563558,2011-08-17 13:40:00,4,3.75,14156,EIRE
563558,2011-08-17 13:40:00,4,3.75,14156,EIRE
563558,2011-08-17 13:40:00,16,10.95,14156,EIRE
563558,2011-08-17 13:40:00,10,2.08,14156,EIRE
563558,2011-08-17 13:40:00,10,6.75,14156,EIRE
563558,2011-08-17 13:40:00,10,2.08,14156,EIRE
563558,2011-08-17 13:40:00,10,1.65,14156,EIRE
563558,2011-08-17 13:40:00,10,2.08,14156,EIRE
563558,2011-08-17 13:40:00,10,2.08,14156,EIRE
563558,2011-08-17 13:40:00,16,0.83,14156,EIRE
563558,2011-08-17 13:40:00,16,0.83,14156,EIRE
563558,2011-08-17 13:40:00,16,1.65,14156,EIRE
563558,2011-08-17 13:40:00,3,4.95,14156,EIRE
563558,2011-08-17 13:40:00,4,4.95,14156,EIRE
563558,2011-08-17 13:40:00,4,3.95,14156,EIRE
563558,2011-08-17 13:40:00,4,4.95,14156,EIRE
563558,2011-08-17 13:40:00,6,2.55,14156,EIRE
563558,2011-08-17 13:40:00,6,2.55,14156,EIRE
563558,2011-08-17 13:40:00,16,0.83,14156,EIRE
563558,2011-08-17 13:40:00,20,1.65,14156,EIRE
563558,2011-08-17 13:40:00,10,1.65,14156,EIRE
563558,2011-08-17 13:40:00,4,14.95,14156,EIRE
563558,2011-08-17 13:40:00,5,2.95,14156,EIRE
563558,2011-08-17 13:40:00,20,1.65,14156,EIRE
563558,2011-08-17 13:40:00,10,1.65,14156,EIRE
563558,2011-08-17 13:40:00,10,1.65,14156,EIRE
563558,2011-08-17 13:40:00,20,1.65,14156,EIRE
563558,2011-08-17 13:40:00,20,1.65,14156,EIRE
563558,2011-08-17 13:40:00,10,1.65,14156,EIRE
563558,2011-08-17 13:40:00,10,1.65,14156,EIRE
563559,2011-08-17 13:45:00,12,2.89,14156,EIRE
563585,2011-08-17 17:01:00,1,2.08,17070,United Kingdom
563585,2011-08-17 17:01:00,1,2.95,17070,United Kingdom
563585,2011-08-17 17:01:00,1,2.08,17070,United Kingdom
563585,2011-08-17 17:01:00,1,4.25,17070,United Kingdom
563585,2011-08-17 17:01:00,2,4.95,17070,United Kingdom
563585,2011-08-17 17:01:00,1,4.95,17070,United Kingdom
563585,2011-08-17 17:01:00,1,1.95,17070,United Kingdom
563585,2011-08-17 17:01:00,1,1.45,17070,United Kingdom
563585,2011-08-17 17:01:00,1,4.95,17070,United Kingdom
563585,2011-08-17 17:01:00,2,6.95,17070,United Kingdom
563585,2011-08-17 17:01:00,1,1.45,17070,United Kingdom
563585,2011-08-17 17:01:00,2,3.75,17070,United Kingdom
563585,2011-08-17 17:01:00,4,2.1,17070,United Kingdom
563585,2011-08-17 17:01:00,12,1.95,17070,United Kingdom
563585,2011-08-17 17:01:00,1,1.25,17070,United Kingdom
563585,2011-08-17 17:01:00,1,1.95,17070,United Kingdom
563585,2011-08-17 17:01:00,2,1.25,17070,United Kingdom
563585,2011-08-17 17:01:00,2,1.25,17070,United Kingdom
563585,2011-08-17 17:01:00,3,1.25,17070,United Kingdom
563585,2011-08-17 17:01:00,4,1.65,17070,United Kingdom
563585,2011-08-17 17:01:00,2,1.65,17070,United Kingdom
563585,2011-08-17 17:01:00,2,1.25,17070,United Kingdom
563585,2011-08-17 17:01:00,2,2.1,17070,United Kingdom
563585,2011-08-17 17:01:00,4,2.1,17070,United Kingdom
563585,2011-08-17 17:01:00,1,1.65,17070,United Kingdom
563585,2011-08-17 17:01:00,3,1.65,17070,United Kingdom
563585,2011-08-17 17:01:00,1,1.25,17070,United Kingdom
563585,2011-08-17 17:01:00,1,3.75,17070,United Kingdom
563585,2011-08-17 17:01:00,1,5.95,17070,United Kingdom
563585,2011-08-17 17:01:00,1,0.85,17070,United Kingdom
563585,2011-08-17 17:01:00,1,1.45,17070,United Kingdom
563585,2011-08-17 17:01:00,4,0.83,17070,United Kingdom
563585,2011-08-17 17:01:00,2,1.95,17070,United Kingdom
563585,2011-08-17 17:01:00,1,3.95,17070,United Kingdom
563585,2011-08-17 17:01:00,1,4.95,17070,United Kingdom
563585,2011-08-17 17:01:00,2,9.95,17070,United Kingdom
563585,2011-08-17 17:01:00,2,5.95,17070,United Kingdom
563585,2011-08-17 17:01:00,4,5.95,17070,United Kingdom
563585,2011-08-17 17:01:00,1,1.25,17070,United Kingdom
563585,2011-08-17 17:01:00,4,1.65,17070,United Kingdom
563585,2011-08-17 17:01:00,4,1.25,17070,United Kingdom
563585,2011-08-17 17:01:00,1,4.95,17070,United Kingdom
563585,2011-08-17 17:01:00,1,1.65,17070,United Kingdom
563585,2011-08-17 17:01:00,1,4.95,17070,United Kingdom
563585,2011-08-17 17:01:00,1,1.65,17070,United Kingdom
563585,2011-08-17 17:01:00,9,1.45,17070,United Kingdom
563585,2011-08-17 17:01:00,1,2.08,17070,United Kingdom
563585,2011-08-17 17:01:00,2,1.65,17070,United Kingdom
563585,2011-08-17 17:01:00,1,1.45,17070,United Kingdom
563585,2011-08-17 17:01:00,1,1.65,17070,United Kingdom
563585,2011-08-17 17:01:00,1,2.95,17070,United Kingdom
563585,2011-08-17 17:01:00,2,1.65,17070,United Kingdom
563585,2011-08-17 17:01:00,1,1.25,17070,United Kingdom
563585,2011-08-17 17:01:00,1,1.25,17070,United Kingdom
563585,2011-08-17 17:01:00,1,1.65,17070,United Kingdom
563585,2011-08-17 17:01:00,6,1.65,17070,United Kingdom
563585,2011-08-17 17:01:00,1,2.95,17070,United Kingdom
563585,2011-08-17 17:01:00,3,0.85,17070,United Kingdom
563585,2011-08-17 17:01:00,2,1.69,17070,United Kingdom
563585,2011-08-17 17:01:00,3,0.85,17070,United Kingdom
563585,2011-08-17 17:01:00,1,2.95,17070,United Kingdom
563585,2011-08-17 17:01:00,1,4.95,17070,United Kingdom
563585,2011-08-17 17:01:00,2,1.95,17070,United Kingdom
563585,2011-08-17 17:01:00,2,1.65,17070,United Kingdom
563719,2011-08-18 16:19:00,12,0.55,13576,United Kingdom
563719,2011-08-18 16:19:00,24,3.39,13576,United Kingdom
563719,2011-08-18 16:19:00,72,3.39,13576,United Kingdom
563727,2011-08-18 17:04:00,144,2.55,15797,United Kingdom
563734,2011-08-18 18:11:00,1,3.75,14064,United Kingdom
563734,2011-08-18 18:11:00,2,4.95,14064,United Kingdom
563734,2011-08-18 18:11:00,4,2.89,14064,United Kingdom
563734,2011-08-18 18:11:00,1,7.95,14064,United Kingdom
563734,2011-08-18 18:11:00,12,1.65,14064,United Kingdom
563734,2011-08-18 18:11:00,24,1.45,14064,United Kingdom
563734,2011-08-18 18:11:00,1,0.65,14064,United Kingdom
563734,2011-08-18 18:11:00,12,1.25,14064,United Kingdom
563734,2011-08-18 18:11:00,4,1.65,14064,United Kingdom
563734,2011-08-18 18:11:00,4,1.25,14064,United Kingdom
563734,2011-08-18 18:11:00,1,2.95,14064,United Kingdom
563734,2011-08-18 18:11:00,12,0.83,14064,United Kingdom
563734,2011-08-18 18:11:00,7,1.25,14064,United Kingdom
563734,2011-08-18 18:11:00,4,1.65,14064,United Kingdom
563734,2011-08-18 18:11:00,24,0.55,14064,United Kingdom
563734,2011-08-18 18:11:00,24,0.55,14064,United Kingdom
563734,2011-08-18 18:11:00,1,0.65,14064,United Kingdom
563734,2011-08-18 18:11:00,12,0.55,14064,United Kingdom
563734,2011-08-18 18:11:00,2,1.65,14064,United Kingdom
563734,2011-08-18 18:11:00,12,0.55,14064,United Kingdom
563734,2011-08-18 18:11:00,12,0.55,14064,United Kingdom
563734,2011-08-18 18:11:00,6,2.55,14064,United Kingdom
563734,2011-08-18 18:11:00,6,2.95,14064,United Kingdom
563734,2011-08-18 18:11:00,12,1.25,14064,United Kingdom
563734,2011-08-18 18:11:00,6,1.25,14064,United Kingdom
563734,2011-08-18 18:11:00,12,0.55,14064,United Kingdom
563736,2011-08-18 18:21:00,24,2.55,13784,United Kingdom
563736,2011-08-18 18:21:00,48,2.08,13784,United Kingdom
563736,2011-08-18 18:21:00,16,10.95,13784,United Kingdom
563923,2011-08-21 14:19:00,40,0.42,14460,United Kingdom
563923,2011-08-21 14:19:00,48,0.39,14460,United Kingdom
563923,2011-08-21 14:19:00,60,0.29,14460,United Kingdom
563923,2011-08-21 14:19:00,96,0.39,14460,United Kingdom
563923,2011-08-21 14:19:00,96,0.39,14460,United Kingdom
563923,2011-08-21 14:19:00,24,1.25,14460,United Kingdom
563931,2011-08-21 15:49:00,12,4.95,14895,United Kingdom
563931,2011-08-21 15:49:00,6,3.25,14895,United Kingdom
563931,2011-08-21 15:49:00,12,1.45,14895,United Kingdom
563931,2011-08-21 15:49:00,12,1.25,14895,United Kingdom
563931,2011-08-21 15:49:00,12,1.45,14895,United Kingdom
563931,2011-08-21 15:49:00,1,16.95,14895,United Kingdom
563931,2011-08-21 15:49:00,4,4.25,14895,United Kingdom
563931,2011-08-21 15:49:00,3,5.95,14895,United Kingdom
563931,2011-08-21 15:49:00,2,8.5,14895,United Kingdom
563931,2011-08-21 15:49:00,8,4.95,14895,United Kingdom
563931,2011-08-21 15:49:00,2,8.5,14895,United Kingdom
563931,2011-08-21 15:49:00,2,8.5,14895,United Kingdom
563931,2011-08-21 15:49:00,4,3.75,14895,United Kingdom
563931,2011-08-21 15:49:00,8,3.75,14895,United Kingdom
563931,2011-08-21 15:49:00,6,2.95,14895,United Kingdom
563931,2011-08-21 15:49:00,4,7.95,14895,United Kingdom
563931,2011-08-21 15:49:00,4,3.75,14895,United Kingdom
563931,2011-08-21 15:49:00,2,12.75,14895,United Kingdom
563931,2011-08-21 15:49:00,3,4.95,14895,United Kingdom
563931,2011-08-21 15:49:00,2,8.5,14895,United Kingdom
563931,2011-08-21 15:49:00,6,2.55,14895,United Kingdom
563931,2011-08-21 15:49:00,12,1.25,14895,United Kingdom
563931,2011-08-21 15:49:00,12,1.65,14895,United Kingdom
563931,2011-08-21 15:49:00,12,1.65,14895,United Kingdom
563931,2011-08-21 15:49:00,12,1.65,14895,United Kingdom
563931,2011-08-21 15:49:00,8,4.95,14895,United Kingdom
563931,2011-08-21 15:49:00,6,2.95,14895,United Kingdom
563931,2011-08-21 15:49:00,12,0.83,14895,United Kingdom
563931,2011-08-21 15:49:00,12,1.25,14895,United Kingdom
563931,2011-08-21 15:49:00,6,2.95,14895,United Kingdom
563931,2011-08-21 15:49:00,12,0.83,14895,United Kingdom
563931,2011-08-21 15:49:00,6,2.95,14895,United Kingdom
563931,2011-08-21 15:49:00,6,3.75,14895,United Kingdom
563931,2011-08-21 15:49:00,8,4.95,14895,United Kingdom
563931,2011-08-21 15:49:00,10,1.65,14895,United Kingdom
563931,2011-08-21 15:49:00,10,1.65,14895,United Kingdom
563931,2011-08-21 15:49:00,12,1.65,14895,United Kingdom
563931,2011-08-21 15:49:00,3,4.95,14895,United Kingdom
563931,2011-08-21 15:49:00,12,2.55,14895,United Kingdom
563931,2011-08-21 15:49:00,6,2.95,14895,United Kingdom
563932,2011-08-21 15:50:00,8,4.95,14895,United Kingdom
564058,2011-08-22 14:23:00,36,0.83,17676,United Kingdom
564058,2011-08-22 14:23:00,10,0.85,17676,United Kingdom
564058,2011-08-22 14:23:00,12,1.25,17676,United Kingdom
564058,2011-08-22 14:23:00,10,1.65,17676,United Kingdom
564058,2011-08-22 14:23:00,24,0.85,17676,United Kingdom
564058,2011-08-22 14:23:00,20,1.65,17676,United Kingdom
564058,2011-08-22 14:23:00,12,2.1,17676,United Kingdom
564058,2011-08-22 14:23:00,12,2.1,17676,United Kingdom
564058,2011-08-22 14:23:00,8,1.95,17676,United Kingdom
564058,2011-08-22 14:23:00,10,1.65,17676,United Kingdom
564058,2011-08-22 14:23:00,12,2.1,17676,United Kingdom
564419,2011-08-25 11:09:00,20,0.85,16093,United Kingdom
564564,2011-08-26 10:50:00,48,1.25,13003,United Kingdom
564715,2011-08-28 11:01:00,1,2.1,14472,United Kingdom
564715,2011-08-28 11:01:00,1,0.79,14472,United Kingdom
564715,2011-08-28 11:01:00,1,1.25,14472,United Kingdom
564715,2011-08-28 11:01:00,1,1.65,14472,United Kingdom
564715,2011-08-28 11:01:00,1,1.65,14472,United Kingdom
564715,2011-08-28 11:01:00,1,1.25,14472,United Kingdom
564715,2011-08-28 11:01:00,3,2.95,14472,United Kingdom
564715,2011-08-28 11:01:00,3,1.25,14472,United Kingdom
564715,2011-08-28 11:01:00,2,2.95,14472,United Kingdom
564715,2011-08-28 11:01:00,16,0.65,14472,United Kingdom
564715,2011-08-28 11:01:00,1,5.95,14472,United Kingdom
564715,2011-08-28 11:01:00,1,1.65,14472,United Kingdom
564715,2011-08-28 11:01:00,7,0.85,14472,United Kingdom
564715,2011-08-28 11:01:00,2,1.25,14472,United Kingdom
564715,2011-08-28 11:01:00,1,16.95,14472,United Kingdom
564715,2011-08-28 11:01:00,1,0.65,14472,United Kingdom
564715,2011-08-28 11:01:00,12,0.42,14472,United Kingdom
564715,2011-08-28 11:01:00,2,1.25,14472,United Kingdom
564715,2011-08-28 11:01:00,5,0.19,14472,United Kingdom
564715,2011-08-28 11:01:00,8,1.69,14472,United Kingdom
564715,2011-08-28 11:01:00,1,5.95,14472,United Kingdom
564715,2011-08-28 11:01:00,1,5.95,14472,United Kingdom
564715,2011-08-28 11:01:00,12,0.42,14472,United Kingdom
564715,2011-08-28 11:01:00,2,4.15,14472,United Kingdom
564715,2011-08-28 11:01:00,1,1.25,14472,United Kingdom
564715,2011-08-28 11:01:00,2,0.85,14472,United Kingdom
564715,2011-08-28 11:01:00,4,0.65,14472,United Kingdom
564715,2011-08-28 11:01:00,1,0.85,14472,United Kingdom
564715,2011-08-28 11:01:00,3,5.95,14472,United Kingdom
564723,2011-08-28 12:11:00,6,2.08,16168,United Kingdom
564723,2011-08-28 12:11:00,6,2.95,16168,United Kingdom
564723,2011-08-28 12:11:00,48,1.45,16168,United Kingdom
564723,2011-08-28 12:11:00,48,1.45,16168,United Kingdom
564953,2011-08-31 13:37:00,72,2.75,17588,United Kingdom
564953,2011-08-31 13:37:00,2,7.95,17588,United Kingdom
564953,2011-08-31 13:37:00,10,6.75,17588,United Kingdom
564953,2011-08-31 13:37:00,4,6.95,17588,United Kingdom
564953,2011-08-31 13:37:00,4,8.95,17588,United Kingdom
564953,2011-08-31 13:37:00,180,0.29,17588,United Kingdom
564953,2011-08-31 13:37:00,6,2.95,17588,United Kingdom
564953,2011-08-31 13:37:00,36,0.42,17588,United Kingdom
564953,2011-08-31 13:37:00,48,1.69,17588,United Kingdom
564953,2011-08-31 13:37:00,48,0.19,17588,United Kingdom
564953,2011-08-31 13:37:00,6,2.95,17588,United Kingdom
564962,2011-08-31 14:35:00,1,2.55,17777,United Kingdom
564962,2011-08-31 14:35:00,2,1.25,17777,United Kingdom
564962,2011-08-31 14:35:00,12,0.83,17777,United Kingdom
564962,2011-08-31 14:35:00,2,0.83,17777,United Kingdom
564962,2011-08-31 14:35:00,6,1.65,17777,United Kingdom
564962,2011-08-31 14:35:00,1,2.55,17777,United Kingdom
564962,2011-08-31 14:35:00,6,0.83,17777,United Kingdom
564962,2011-08-31 14:35:00,1,1.25,17777,United Kingdom
564962,2011-08-31 14:35:00,6,0.83,17777,United Kingdom
564962,2011-08-31 14:35:00,2,0.42,17777,United Kingdom
564962,2011-08-31 14:35:00,3,0.42,17777,United Kingdom
564962,2011-08-31 14:35:00,1,0.19,17777,United Kingdom
564962,2011-08-31 14:35:00,1,0.85,17777,United Kingdom
564962,2011-08-31 14:35:00,2,0.85,17777,United Kingdom
564962,2011-08-31 14:35:00,1,1.65,17777,United Kingdom
564962,2011-08-31 14:35:00,6,0.39,17777,United Kingdom
564962,2011-08-31 14:35:00,2,1.65,17777,United Kingdom
564962,2011-08-31 14:35:00,5,1.25,17777,United Kingdom
564962,2011-08-31 14:35:00,1,4.95,17777,United Kingdom
564962,2011-08-31 14:35:00,1,2.95,17777,United Kingdom
564962,2011-08-31 14:35:00,1,2.95,17777,United Kingdom
564962,2011-08-31 14:35:00,1,3.75,17777,United Kingdom
564962,2011-08-31 14:35:00,6,0.19,17777,United Kingdom
564962,2011-08-31 14:35:00,6,0.85,17777,United Kingdom
564962,2011-08-31 14:35:00,1,0.65,17777,United Kingdom
564962,2011-08-31 14:35:00,1,2.1,17777,United Kingdom
564962,2011-08-31 14:35:00,1,2.1,17777,United Kingdom
564962,2011-08-31 14:35:00,2,1.65,17777,United Kingdom
564962,2011-08-31 14:35:00,2,0.79,17777,United Kingdom
564962,2011-08-31 14:35:00,3,0.83,17777,United Kingdom
564962,2011-08-31 14:35:00,1,4.25,17777,United Kingdom
564962,2011-08-31 14:35:00,1,2.1,17777,United Kingdom
564962,2011-08-31 14:35:00,1,1.95,17777,United Kingdom
564962,2011-08-31 14:35:00,2,1.65,17777,United Kingdom
564962,2011-08-31 14:35:00,1,2.89,17777,United Kingdom
564962,2011-08-31 14:35:00,4,2.95,17777,United Kingdom
564962,2011-08-31 14:35:00,1,3.75,17777,United Kingdom
564962,2011-08-31 14:35:00,1,1.95,17777,United Kingdom
564962,2011-08-31 14:35:00,3,0.42,17777,United Kingdom
564962,2011-08-31 14:35:00,1,1.25,17777,United Kingdom
564962,2011-08-31 14:35:00,1,1.25,17777,United Kingdom
564962,2011-08-31 14:35:00,1,1.25,17777,United Kingdom
564962,2011-08-31 14:35:00,2,1.25,17777,United Kingdom
564962,2011-08-31 14:35:00,5,0.85,17777,United Kingdom
564962,2011-08-31 14:35:00,4,0.42,17777,United Kingdom
564962,2011-08-31 14:35:00,4,0.42,17777,United Kingdom
564962,2011-08-31 14:35:00,4,0.42,17777,United Kingdom
564962,2011-08-31 14:35:00,2,0.42,17777,United Kingdom
564962,2011-08-31 14:35:00,1,0.39,17777,United Kingdom
564962,2011-08-31 14:35:00,1,3.75,17777,United Kingdom
564962,2011-08-31 14:35:00,2,1.25,17777,United Kingdom
564962,2011-08-31 14:35:00,1,3.75,17777,United Kingdom
564962,2011-08-31 14:35:00,1,2.49,17777,United Kingdom
564962,2011-08-31 14:35:00,4,1.25,17777,United Kingdom
564962,2011-08-31 14:35:00,2,1.25,17777,United Kingdom
564962,2011-08-31 14:35:00,2,1.25,17777,United Kingdom
564962,2011-08-31 14:35:00,2,1.65,17777,United Kingdom
564962,2011-08-31 14:35:00,2,0.65,17777,United Kingdom
564962,2011-08-31 14:35:00,2,0.79,17777,United Kingdom
564962,2011-08-31 14:35:00,8,1.25,17777,United Kingdom
564962,2011-08-31 14:35:00,2,0.19,17777,United Kingdom
564962,2011-08-31 14:35:00,1,0.39,17777,United Kingdom
564962,2011-08-31 14:35:00,1,0.83,17777,United Kingdom
564962,2011-08-31 14:35:00,2,1.95,17777,United Kingdom
564962,2011-08-31 14:35:00,1,4.95,17777,United Kingdom
564962,2011-08-31 14:35:00,1,2.95,17777,United Kingdom
564962,2011-08-31 14:35:00,2,0.42,17777,United Kingdom
565157,2011-09-01 15:08:00,48,1.79,16168,United Kingdom
565224,2011-09-01 19:11:00,1,9.95,14713,United Kingdom
565224,2011-09-01 19:11:00,2,2.08,14713,United Kingdom
565224,2011-09-01 19:11:00,2,2.08,14713,United Kingdom
565224,2011-09-01 19:11:00,2,2.08,14713,United Kingdom
565224,2011-09-01 19:11:00,2,2.08,14713,United Kingdom
565224,2011-09-01 19:11:00,2,7.95,14713,United Kingdom
565224,2011-09-01 19:11:00,2,8.95,14713,United Kingdom
565224,2011-09-01 19:11:00,2,2.55,14713,United Kingdom
565224,2011-09-01 19:11:00,2,2.55,14713,United Kingdom
565224,2011-09-01 19:11:00,3,2.95,14713,United Kingdom
565224,2011-09-01 19:11:00,1,2.95,14713,United Kingdom
565224,2011-09-01 19:11:00,3,2.55,14713,United Kingdom
565224,2011-09-01 19:11:00,2,2.55,14713,United Kingdom
565224,2011-09-01 19:11:00,2,2.08,14713,United Kingdom
565224,2011-09-01 19:11:00,2,2.08,14713,United Kingdom
565224,2011-09-01 19:11:00,3,1.65,14713,United Kingdom
565224,2011-09-01 19:11:00,3,1.65,14713,United Kingdom
565224,2011-09-01 19:11:00,12,0.42,14713,United Kingdom
565224,2011-09-01 19:11:00,24,0.42,14713,United Kingdom
565224,2011-09-01 19:11:00,4,2.1,14713,United Kingdom
565224,2011-09-01 19:11:00,6,2.1,14713,United Kingdom
565224,2011-09-01 19:11:00,3,4.25,14713,United Kingdom
565224,2011-09-01 19:11:00,6,1.65,14713,United Kingdom
565224,2011-09-01 19:11:00,3,0.85,14713,United Kingdom
565224,2011-09-01 19:11:00,4,1.65,14713,United Kingdom
565224,2011-09-01 19:11:00,2,1.65,14713,United Kingdom
565224,2011-09-01 19:11:00,3,1.65,14713,United Kingdom
565224,2011-09-01 19:11:00,3,1.65,14713,United Kingdom
565224,2011-09-01 19:11:00,3,1.65,14713,United Kingdom
565224,2011-09-01 19:11:00,2,4.15,14713,United Kingdom
565412,2011-09-04 11:36:00,120,0.64,14156,EIRE
565412,2011-09-04 11:36:00,80,1.06,14156,EIRE
565412,2011-09-04 11:36:00,960,0.42,14156,EIRE
565412,2011-09-04 11:36:00,96,0.39,14156,EIRE
565412,2011-09-04 11:36:00,12,0.85,14156,EIRE
565412,2011-09-04 11:36:00,4,4.15,14156,EIRE
565418,2011-09-04 12:07:00,72,3.39,13576,United Kingdom
565418,2011-09-04 12:07:00,2,9.95,13576,United Kingdom
565418,2011-09-04 12:07:00,12,2.1,13576,United Kingdom
565418,2011-09-04 12:07:00,4,3.95,13576,United Kingdom
565418,2011-09-04 12:07:00,3,6.25,13576,United Kingdom
565474,2011-09-05 10:34:00,1,50.0,14156,EIRE
565475,2011-09-05 10:47:00,128,0.72,14156,EIRE
565475,2011-09-05 10:47:00,100,1.65,14156,EIRE
565475,2011-09-05 10:47:00,100,1.45,14156,EIRE
565475,2011-09-05 10:47:00,96,1.25,14156,EIRE
565475,2011-09-05 10:47:00,100,1.45,14156,EIRE
565475,2011-09-05 10:47:00,108,1.06,14156,EIRE
565475,2011-09-05 10:47:00,96,1.45,14156,EIRE
565475,2011-09-05 10:47:00,100,0.72,14156,EIRE
565475,2011-09-05 10:47:00,96,0.72,14156,EIRE
565475,2011-09-05 10:47:00,128,1.06,14156,EIRE
565475,2011-09-05 10:47:00,96,1.45,14156,EIRE
565475,2011-09-05 10:47:00,144,0.32,14156,EIRE
565475,2011-09-05 10:47:00,72,1.85,14156,EIRE
565475,2011-09-05 10:47:00,192,1.45,14156,EIRE
565475,2011-09-05 10:47:00,144,0.72,14156,EIRE
565475,2011-09-05 10:47:00,120,0.42,14156,EIRE
565475,2011-09-05 10:47:00,96,1.06,14156,EIRE
565475,2011-09-05 10:47:00,200,0.55,14156,EIRE
565475,2011-09-05 10:47:00,240,0.42,14156,EIRE
565475,2011-09-05 10:47:00,192,1.85,14156,EIRE
565475,2011-09-05 10:47:00,144,0.65,14156,EIRE
565475,2011-09-05 10:47:00,192,1.45,14156,EIRE
565475,2011-09-05 10:47:00,128,0.72,14156,EIRE
565475,2011-09-05 10:47:00,144,1.45,14156,EIRE
565475,2011-09-05 10:47:00,96,2.49,14156,EIRE
565475,2011-09-05 10:47:00,120,0.42,14156,EIRE
565475,2011-09-05 10:47:00,72,1.69,14156,EIRE
565475,2011-09-05 10:47:00,48,1.45,14156,EIRE
565475,2011-09-05 10:47:00,72,4.15,14156,EIRE
565475,2011-09-05 10:47:00,48,5.39,14156,EIRE
565475,2011-09-05 10:47:00,72,1.06,14156,EIRE
565475,2011-09-05 10:47:00,48,3.75,14156,EIRE
565475,2011-09-05 10:47:00,100,1.45,14156,EIRE
565475,2011-09-05 10:47:00,48,2.55,14156,EIRE
565475,2011-09-05 10:47:00,72,4.25,14156,EIRE
565475,2011-09-05 10:47:00,96,0.29,14156,EIRE
565475,2011-09-05 10:47:00,96,1.25,14156,EIRE
565475,2011-09-05 10:47:00,96,0.29,14156,EIRE
565475,2011-09-05 10:47:00,48,0.29,14156,EIRE
565475,2011-09-05 10:47:00,64,1.65,14156,EIRE
565475,2011-09-05 10:47:00,96,0.29,14156,EIRE
565475,2011-09-05 10:47:00,72,1.06,14156,EIRE
565475,2011-09-05 10:47:00,72,1.06,14156,EIRE
565475,2011-09-05 10:47:00,60,6.75,14156,EIRE
565475,2011-09-05 10:47:00,30,6.75,14156,EIRE
565475,2011-09-05 10:47:00,72,1.06,14156,EIRE
565475,2011-09-05 10:47:00,72,4.25,14156,EIRE
565475,2011-09-05 10:47:00,72,1.69,14156,EIRE
565475,2011-09-05 10:47:00,48,5.95,14156,EIRE
565475,2011-09-05 10:47:00,48,3.75,14156,EIRE
565475,2011-09-05 10:47:00,40,6.75,14156,EIRE
565476,2011-09-05 10:48:00,96,1.85,14156,EIRE
565476,2011-09-05 10:48:00,96,1.85,14156,EIRE
565476,2011-09-05 10:48:00,72,3.45,14156,EIRE
565476,2011-09-05 10:48:00,192,1.85,14156,EIRE
565724,2011-09-06 11:53:00,2,6.65,16168,United Kingdom
565724,2011-09-06 11:53:00,96,0.85,16168,United Kingdom
565724,2011-09-06 11:53:00,2,5.75,16168,United Kingdom
565724,2011-09-06 11:53:00,2,12.75,16168,United Kingdom
565724,2011-09-06 11:53:00,6,2.95,16168,United Kingdom
565724,2011-09-06 11:53:00,6,2.95,16168,United Kingdom
565724,2011-09-06 11:53:00,6,2.95,16168,United Kingdom
565727,2011-09-06 11:58:00,12,0.85,13158,United Kingdom
565727,2011-09-06 11:58:00,24,0.39,13158,United Kingdom
565727,2011-09-06 11:58:00,24,0.85,13158,United Kingdom
565727,2011-09-06 11:58:00,12,0.42,13158,United Kingdom
565727,2011-09-06 11:58:00,6,2.08,13158,United Kingdom
565727,2011-09-06 11:58:00,4,3.75,13158,United Kingdom
565727,2011-09-06 11:58:00,24,0.42,13158,United Kingdom
565727,2011-09-06 11:58:00,10,1.25,13158,United Kingdom
565727,2011-09-06 11:58:00,10,1.25,13158,United Kingdom
565727,2011-09-06 11:58:00,10,1.65,13158,United Kingdom
565727,2011-09-06 11:58:00,12,0.85,13158,United Kingdom
565727,2011-09-06 11:58:00,6,2.95,13158,United Kingdom
565727,2011-09-06 11:58:00,5,4.95,13158,United Kingdom
565727,2011-09-06 11:58:00,12,0.83,13158,United Kingdom
565727,2011-09-06 11:58:00,10,1.65,13158,United Kingdom
565727,2011-09-06 11:58:00,10,1.65,13158,United Kingdom
565727,2011-09-06 11:58:00,4,3.75,13158,United Kingdom
565727,2011-09-06 11:58:00,6,2.55,13158,United Kingdom
565727,2011-09-06 11:58:00,10,1.65,13158,United Kingdom
565727,2011-09-06 11:58:00,24,0.14,13158,United Kingdom
565727,2011-09-06 11:58:00,6,2.95,13158,United Kingdom
565727,2011-09-06 11:58:00,12,2.95,13158,United Kingdom
565727,2011-09-06 11:58:00,12,0.83,13158,United Kingdom
565736,2011-09-06 12:27:00,432,0.36,13784,United Kingdom
565748,2011-09-06 12:38:00,12,2.1,14156,EIRE
565748,2011-09-06 12:38:00,24,2.95,14156,EIRE
565748,2011-09-06 12:38:00,4,12.75,14156,EIRE
565748,2011-09-06 12:38:00,16,4.25,14156,EIRE
565748,2011-09-06 12:38:00,12,5.45,14156,EIRE
565748,2011-09-06 12:38:00,48,2.08,14156,EIRE
565748,2011-09-06 12:38:00,12,6.65,14156,EIRE
565748,2011-09-06 12:38:00,8,10.4,14156,EIRE
565748,2011-09-06 12:38:00,6,4.95,14156,EIRE
565748,2011-09-06 12:38:00,16,14.95,14156,EIRE
565748,2011-09-06 12:38:00,18,5.45,14156,EIRE
565748,2011-09-06 12:38:00,12,4.25,14156,EIRE
565748,2011-09-06 12:38:00,12,7.65,14156,EIRE
565748,2011-09-06 12:38:00,24,2.08,14156,EIRE
565748,2011-09-06 12:38:00,8,12.75,14156,EIRE
565748,2011-09-06 12:38:00,8,12.75,14156,EIRE
565748,2011-09-06 12:38:00,18,3.75,14156,EIRE
565748,2011-09-06 12:38:00,48,1.45,14156,EIRE
565748,2011-09-06 12:38:00,12,2.89,14156,EIRE
565748,2011-09-06 12:38:00,24,1.65,14156,EIRE
565748,2011-09-06 12:38:00,9,5.95,14156,EIRE
565748,2011-09-06 12:38:00,12,1.65,14156,EIRE
565748,2011-09-06 12:38:00,12,4.25,14156,EIRE
565748,2011-09-06 12:38:00,12,4.95,14156,EIRE
565748,2011-09-06 12:38:00,8,3.75,14156,EIRE
565748,2011-09-06 12:38:00,8,3.75,14156,EIRE
565748,2011-09-06 12:38:00,8,7.65,14156,EIRE
565748,2011-09-06 12:38:00,12,7.65,14156,EIRE
565748,2011-09-06 12:38:00,18,5.45,14156,EIRE
565748,2011-09-06 12:38:00,24,1.25,14156,EIRE
565748,2011-09-06 12:38:00,48,1.69,14156,EIRE
565748,2011-09-06 12:38:00,4,8.5,14156,EIRE
565748,2011-09-06 12:38:00,4,8.5,14156,EIRE
565748,2011-09-06 12:38:00,12,1.65,14156,EIRE
565748,2011-09-06 12:38:00,10,1.65,14156,EIRE
565748,2011-09-06 12:38:00,12,7.65,14156,EIRE
565748,2011-09-06 12:38:00,24,6.95,14156,EIRE
565748,2011-09-06 12:38:00,48,1.69,14156,EIRE
565748,2011-09-06 12:38:00,24,1.25,14156,EIRE
565748,2011-09-06 12:38:00,12,2.95,14156,EIRE
565748,2011-09-06 12:38:00,24,8.15,14156,EIRE
565748,2011-09-06 12:38:00,24,3.75,14156,EIRE
565748,2011-09-06 12:38:00,16,10.95,14156,EIRE
565748,2011-09-06 12:38:00,16,4.15,14156,EIRE
565748,2011-09-06 12:38:00,10,1.65,14156,EIRE
565748,2011-09-06 12:38:00,48,1.45,14156,EIRE
565748,2011-09-06 12:38:00,48,1.45,14156,EIRE
565748,2011-09-06 12:38:00,48,1.45,14156,EIRE
565748,2011-09-06 12:38:00,24,2.55,14156,EIRE
565748,2011-09-06 12:38:00,24,2.55,14156,EIRE
565748,2011-09-06 12:38:00,24,2.55,14156,EIRE
565748,2011-09-06 12:38:00,72,1.65,14156,EIRE
565748,2011-09-06 12:38:00,24,0.85,14156,EIRE
565748,2011-09-06 12:38:00,16,0.83,14156,EIRE
565748,2011-09-06 12:38:00,24,0.83,14156,EIRE
565748,2011-09-06 12:38:00,16,7.05,14156,EIRE
565748,2011-09-06 12:38:00,16,8.15,14156,EIRE
565748,2011-09-06 12:38:00,8,2.49,14156,EIRE
565749,2011-09-06 12:44:00,24,0.83,14156,EIRE
565749,2011-09-06 12:44:00,48,1.25,14156,EIRE
565749,2011-09-06 12:44:00,48,1.04,14156,EIRE
565749,2011-09-06 12:44:00,12,4.95,14156,EIRE
565749,2011-09-06 12:44:00,8,4.95,14156,EIRE
565916,2011-09-07 16:00:00,4,3.75,14156,EIRE
565916,2011-09-07 16:00:00,12,1.25,14156,EIRE
565916,2011-09-07 16:00:00,6,2.95,14156,EIRE
565916,2011-09-07 16:00:00,6,2.95,14156,EIRE
565916,2011-09-07 16:00:00,2,9.95,14156,EIRE
565916,2011-09-07 16:00:00,6,2.08,14156,EIRE
565916,2011-09-07 16:00:00,4,4.95,14156,EIRE
565916,2011-09-07 16:00:00,12,2.95,14156,EIRE
565916,2011-09-07 16:00:00,6,2.1,14156,EIRE
565916,2011-09-07 16:00:00,2,9.95,14156,EIRE
565916,2011-09-07 16:00:00,1,50.0,14156,EIRE
565916,2011-09-07 16:00:00,4,3.25,14156,EIRE
565916,2011-09-07 16:00:00,12,1.65,14156,EIRE
565916,2011-09-07 16:00:00,12,0.85,14156,EIRE
565916,2011-09-07 16:00:00,12,1.65,14156,EIRE
565916,2011-09-07 16:00:00,8,0.83,14156,EIRE
565916,2011-09-07 16:00:00,8,0.83,14156,EIRE
565916,2011-09-07 16:00:00,2,9.95,14156,EIRE
565916,2011-09-07 16:00:00,4,3.75,14156,EIRE
565916,2011-09-07 16:00:00,8,1.45,14156,EIRE
565916,2011-09-07 16:00:00,4,3.75,14156,EIRE
565916,2011-09-07 16:00:00,2,6.35,14156,EIRE
565916,2011-09-07 16:00:00,3,4.95,14156,EIRE
565916,2011-09-07 16:00:00,6,3.75,14156,EIRE
565916,2011-09-07 16:00:00,1,9.95,14156,EIRE
565916,2011-09-07 16:00:00,4,4.95,14156,EIRE
565916,2011-09-07 16:00:00,8,1.25,14156,EIRE
565916,2011-09-07 16:00:00,8,1.25,14156,EIRE
565916,2011-09-07 16:00:00,8,1.25,14156,EIRE
565916,2011-09-07 16:00:00,8,0.83,14156,EIRE
565916,2011-09-07 16:00:00,3,4.95,14156,EIRE
566213,2011-09-09 15:09:00,24,0.42,14895,United Kingdom
566213,2011-09-09 15:09:00,4,3.95,14895,United Kingdom
566213,2011-09-09 15:09:00,4,3.95,14895,United Kingdom
566213,2011-09-09 15:09:00,18,3.75,14895,United Kingdom
566213,2011-09-09 15:09:00,1,12.75,14895,United Kingdom
566213,2011-09-09 15:09:00,2,9.95,14895,United Kingdom
566213,2011-09-09 15:09:00,6,2.49,14895,United Kingdom
566213,2011-09-09 15:09:00,4,5.75,14895,United Kingdom
566213,2011-09-09 15:09:00,2,12.5,14895,United Kingdom
566213,2011-09-09 15:09:00,4,7.5,14895,United Kingdom
566213,2011-09-09 15:09:00,12,0.85,14895,United Kingdom
566213,2011-09-09 15:09:00,12,1.95,14895,United Kingdom
566213,2011-09-09 15:09:00,4,3.95,14895,United Kingdom
566213,2011-09-09 15:09:00,6,2.89,14895,United Kingdom
566213,2011-09-09 15:09:00,6,4.95,14895,United Kingdom
566213,2011-09-09 15:09:00,8,2.1,14895,United Kingdom
566213,2011-09-09 15:09:00,16,1.65,14895,United Kingdom
566213,2011-09-09 15:09:00,12,3.75,14895,United Kingdom
566213,2011-09-09 15:09:00,2,12.75,14895,United Kingdom
566213,2011-09-09 15:09:00,8,0.85,14895,United Kingdom
566213,2011-09-09 15:09:00,8,0.85,14895,United Kingdom
566213,2011-09-09 15:09:00,8,0.85,14895,United Kingdom
566213,2011-09-09 15:09:00,4,4.95,14895,United Kingdom
566213,2011-09-09 15:09:00,12,2.1,14895,United Kingdom
566213,2011-09-09 15:09:00,12,1.45,14895,United Kingdom
566213,2011-09-09 15:09:00,12,3.75,14895,United Kingdom
566213,2011-09-09 15:09:00,24,1.45,14895,United Kingdom
566213,2011-09-09 15:09:00,12,1.65,14895,United Kingdom
566213,2011-09-09 15:09:00,4,4.15,14895,United Kingdom
566213,2011-09-09 15:09:00,18,2.95,14895,United Kingdom
566213,2011-09-09 15:09:00,6,2.89,14895,United Kingdom
566213,2011-09-09 15:09:00,12,1.95,14895,United Kingdom
566213,2011-09-09 15:09:00,2,9.95,14895,United Kingdom
566213,2011-09-09 15:09:00,4,3.75,14895,United Kingdom
566213,2011-09-09 15:09:00,12,1.45,14895,United Kingdom
566213,2011-09-09 15:09:00,12,8.25,14895,United Kingdom
566213,2011-09-09 15:09:00,12,1.95,14895,United Kingdom
566213,2011-09-09 15:09:00,6,2.89,14895,United Kingdom
566213,2011-09-09 15:09:00,4,4.25,14895,United Kingdom
566213,2011-09-09 15:09:00,6,2.95,14895,United Kingdom
566213,2011-09-09 15:09:00,6,2.95,14895,United Kingdom
566213,2011-09-09 15:09:00,6,2.95,14895,United Kingdom
566213,2011-09-09 15:09:00,18,2.55,14895,United Kingdom
566213,2011-09-09 15:09:00,12,1.25,14895,United Kingdom
566213,2011-09-09 15:09:00,48,0.29,14895,United Kingdom
566213,2011-09-09 15:09:00,24,1.65,14895,United Kingdom
566213,2011-09-09 15:09:00,24,0.39,14895,United Kingdom
566213,2011-09-09 15:09:00,24,0.39,14895,United Kingdom
566213,2011-09-09 15:09:00,12,1.25,14895,United Kingdom
566213,2011-09-09 15:09:00,12,1.45,14895,United Kingdom
566213,2011-09-09 15:09:00,12,1.45,14895,United Kingdom
566213,2011-09-09 15:09:00,12,1.25,14895,United Kingdom
566213,2011-09-09 15:09:00,12,1.25,14895,United Kingdom
566213,2011-09-09 15:09:00,8,1.25,14895,United Kingdom
566213,2011-09-09 15:09:00,12,1.25,14895,United Kingdom
566213,2011-09-09 15:09:00,8,1.25,14895,United Kingdom
566213,2011-09-09 15:09:00,25,0.42,14895,United Kingdom
566213,2011-09-09 15:09:00,6,2.49,14895,United Kingdom
566213,2011-09-09 15:09:00,6,4.95,14895,United Kingdom
566213,2011-09-09 15:09:00,18,2.95,14895,United Kingdom
566213,2011-09-09 15:09:00,4,8.25,14895,United Kingdom
566213,2011-09-09 15:09:00,12,2.08,14895,United Kingdom
566213,2011-09-09 15:09:00,12,2.1,14895,United Kingdom
566213,2011-09-09 15:09:00,12,1.95,14895,United Kingdom
566213,2011-09-09 15:09:00,25,0.42,14895,United Kingdom
566213,2011-09-09 15:09:00,12,6.95,14895,United Kingdom
566213,2011-09-09 15:09:00,6,4.95,14895,United Kingdom
566213,2011-09-09 15:09:00,180,0.36,14895,United Kingdom
566213,2011-09-09 15:09:00,6,2.1,14895,United Kingdom
566213,2011-09-09 15:09:00,6,2.1,14895,United Kingdom
566213,2011-09-09 15:09:00,6,2.1,14895,United Kingdom
566213,2011-09-09 15:09:00,6,2.1,14895,United Kingdom
566213,2011-09-09 15:09:00,10,1.65,14895,United Kingdom
566213,2011-09-09 15:09:00,12,1.25,14895,United Kingdom
566214,2011-09-09 15:10:00,4,12.75,14895,United Kingdom
566215,2011-09-09 15:11:00,12,2.95,14895,United Kingdom
566215,2011-09-09 15:11:00,6,3.25,14895,United Kingdom
566215,2011-09-09 15:11:00,3,4.95,14895,United Kingdom
566215,2011-09-09 15:11:00,2,9.95,14895,United Kingdom
566215,2011-09-09 15:11:00,6,3.25,14895,United Kingdom
566278,2011-09-11 14:05:00,12,0.85,13614,United Kingdom
566278,2011-09-11 14:05:00,6,2.95,13614,United Kingdom
566278,2011-09-11 14:05:00,2,8.25,13614,United Kingdom
566278,2011-09-11 14:05:00,2,8.25,13614,United Kingdom
566278,2011-09-11 14:05:00,3,4.95,13614,United Kingdom
566278,2011-09-11 14:05:00,4,3.75,13614,United Kingdom
566278,2011-09-11 14:05:00,4,4.25,13614,United Kingdom
566278,2011-09-11 14:05:00,4,3.75,13614,United Kingdom
566278,2011-09-11 14:05:00,4,4.95,13614,United Kingdom
566278,2011-09-11 14:05:00,1,12.75,13614,United Kingdom
566278,2011-09-11 14:05:00,2,8.5,13614,United Kingdom
566278,2011-09-11 14:05:00,1,16.95,13614,United Kingdom
566278,2011-09-11 14:05:00,2,16.95,13614,United Kingdom
566278,2011-09-11 14:05:00,2,8.5,13614,United Kingdom
566278,2011-09-11 14:05:00,2,8.5,13614,United Kingdom
566278,2011-09-11 14:05:00,12,2.1,13614,United Kingdom
566278,2011-09-11 14:05:00,4,4.95,13614,United Kingdom
566450,2011-09-12 16:12:00,12,1.25,15673,United Kingdom
566450,2011-09-12 16:12:00,24,0.55,15673,United Kingdom
566450,2011-09-12 16:12:00,24,0.55,15673,United Kingdom
566450,2011-09-12 16:12:00,16,1.65,15673,United Kingdom
566450,2011-09-12 16:12:00,12,1.25,15673,United Kingdom
566450,2011-09-12 16:12:00,12,1.25,15673,United Kingdom
566450,2011-09-12 16:12:00,6,1.65,15673,United Kingdom
566450,2011-09-12 16:12:00,12,1.25,15673,United Kingdom
566450,2011-09-12 16:12:00,6,2.08,15673,United Kingdom
566450,2011-09-12 16:12:00,1,9.95,15673,United Kingdom
566450,2011-09-12 16:12:00,24,0.55,15673,United Kingdom
566450,2011-09-12 16:12:00,13,0.85,15673,United Kingdom
566450,2011-09-12 16:12:00,6,3.75,15673,United Kingdom
566450,2011-09-12 16:12:00,8,3.75,15673,United Kingdom
566450,2011-09-12 16:12:00,8,3.75,15673,United Kingdom
566450,2011-09-12 16:12:00,6,1.65,15673,United Kingdom
566450,2011-09-12 16:12:00,3,0.95,15673,United Kingdom
566450,2011-09-12 16:12:00,12,1.65,15673,United Kingdom
566450,2011-09-12 16:12:00,24,0.55,15673,United Kingdom
566450,2011-09-12 16:12:00,6,4.15,15673,United Kingdom
566450,2011-09-12 16:12:00,12,2.1,15673,United Kingdom
566450,2011-09-12 16:12:00,24,2.89,15673,United Kingdom
566450,2011-09-12 16:12:00,6,2.1,15673,United Kingdom
566450,2011-09-12 16:12:00,6,2.55,15673,United Kingdom
566450,2011-09-12 16:12:00,8,2.1,15673,United Kingdom
566450,2011-09-12 16:12:00,6,4.95,15673,United Kingdom
566450,2011-09-12 16:12:00,12,1.25,15673,United Kingdom
566450,2011-09-12 16:12:00,6,4.15,15673,United Kingdom
566450,2011-09-12 16:12:00,6,1.65,15673,United Kingdom
566450,2011-09-12 16:12:00,2,2.08,15673,United Kingdom
566450,2011-09-12 16:12:00,10,2.08,15673,United Kingdom
566450,2011-09-12 16:12:00,10,2.08,15673,United Kingdom
566450,2011-09-12 16:12:00,24,1.25,15673,United Kingdom
566450,2011-09-12 16:12:00,10,1.65,15673,United Kingdom
566450,2011-09-12 16:12:00,10,2.08,15673,United Kingdom
566450,2011-09-12 16:12:00,10,2.08,15673,United Kingdom
566450,2011-09-12 16:12:00,11,2.08,15673,United Kingdom
566450,2011-09-12 16:12:00,12,0.85,15673,United Kingdom
566450,2011-09-12 16:12:00,6,2.55,15673,United Kingdom
566450,2011-09-12 16:12:00,6,2.1,15673,United Kingdom
566450,2011-09-12 16:12:00,12,2.55,15673,United Kingdom
566450,2011-09-12 16:12:00,6,1.65,15673,United Kingdom
566581,2011-09-13 13:47:00,2,12.75,16081,United Kingdom
566581,2011-09-13 13:47:00,8,1.69,16081,United Kingdom
566581,2011-09-13 13:47:00,4,2.95,16081,United Kingdom
566581,2011-09-13 13:47:00,12,0.95,16081,United Kingdom
566581,2011-09-13 13:47:00,12,0.79,16081,United Kingdom
566581,2011-09-13 13:47:00,4,8.5,16081,United Kingdom
566581,2011-09-13 13:47:00,12,2.95,16081,United Kingdom
566581,2011-09-13 13:47:00,12,0.42,16081,United Kingdom
566581,2011-09-13 13:47:00,4,6.95,16081,United Kingdom
566581,2011-09-13 13:47:00,12,0.83,16081,United Kingdom
566581,2011-09-13 13:47:00,12,0.85,16081,United Kingdom
566581,2011-09-13 13:47:00,4,3.75,16081,United Kingdom
566581,2011-09-13 13:47:00,6,1.65,16081,United Kingdom
566581,2011-09-13 13:47:00,4,1.95,16081,United Kingdom
566581,2011-09-13 13:47:00,4,5.45,16081,United Kingdom
566581,2011-09-13 13:47:00,2,8.95,16081,United Kingdom
566581,2011-09-13 13:47:00,40,1.69,16081,United Kingdom
566581,2011-09-13 13:47:00,1,12.75,16081,United Kingdom
566581,2011-09-13 13:47:00,4,2.95,16081,United Kingdom
566581,2011-09-13 13:47:00,4,3.95,16081,United Kingdom
566581,2011-09-13 13:47:00,4,3.95,16081,United Kingdom
566581,2011-09-13 13:47:00,12,2.95,16081,United Kingdom
566581,2011-09-13 13:47:00,2,4.95,16081,United Kingdom
566581,2011-09-13 13:47:00,12,1.25,16081,United Kingdom
566581,2011-09-13 13:47:00,12,2.95,16081,United Kingdom
566581,2011-09-13 13:47:00,5,0.85,16081,United Kingdom
566581,2011-09-13 13:47:00,4,9.95,16081,United Kingdom
566581,2011-09-13 13:47:00,24,1.25,16081,United Kingdom
566581,2011-09-13 13:47:00,24,0.85,16081,United Kingdom
566581,2011-09-13 13:47:00,24,1.25,16081,United Kingdom
566581,2011-09-13 13:47:00,12,0.85,16081,United Kingdom
566581,2011-09-13 13:47:00,24,0.85,16081,United Kingdom
566581,2011-09-13 13:47:00,36,0.85,16081,United Kingdom
566581,2011-09-13 13:47:00,24,1.45,16081,United Kingdom
566581,2011-09-13 13:47:00,12,1.65,16081,United Kingdom
566581,2011-09-13 13:47:00,4,3.75,16081,United Kingdom
566581,2011-09-13 13:47:00,10,0.85,16081,United Kingdom
566581,2011-09-13 13:47:00,10,0.85,16081,United Kingdom
566581,2011-09-13 13:47:00,2,9.95,16081,United Kingdom
566581,2011-09-13 13:47:00,10,0.85,16081,United Kingdom
566581,2011-09-13 13:47:00,5,1.25,16081,United Kingdom
566581,2011-09-13 13:47:00,20,0.42,16081,United Kingdom
566581,2011-09-13 13:47:00,5,1.65,16081,United Kingdom
566581,2011-09-13 13:47:00,5,0.85,16081,United Kingdom
566581,2011-09-13 13:47:00,5,0.85,16081,United Kingdom
566581,2011-09-13 13:47:00,10,0.85,16081,United Kingdom
566581,2011-09-13 13:47:00,20,0.85,16081,United Kingdom
566581,2011-09-13 13:47:00,20,0.85,16081,United Kingdom
566581,2011-09-13 13:47:00,32,2.55,16081,United Kingdom
566581,2011-09-13 13:47:00,12,1.25,16081,United Kingdom
566581,2011-09-13 13:47:00,4,2.95,16081,United Kingdom
566581,2011-09-13 13:47:00,5,1.25,16081,United Kingdom
566581,2011-09-13 13:47:00,4,1.45,16081,United Kingdom
566581,2011-09-13 13:47:00,12,1.95,16081,United Kingdom
566581,2011-09-13 13:47:00,5,2.55,16081,United Kingdom
566581,2011-09-13 13:47:00,3,1.95,16081,United Kingdom
566581,2011-09-13 13:47:00,3,1.45,16081,United Kingdom
566581,2011-09-13 13:47:00,10,2.95,16081,United Kingdom
566581,2011-09-13 13:47:00,5,1.65,16081,United Kingdom
566581,2011-09-13 13:47:00,5,1.65,16081,United Kingdom
566581,2011-09-13 13:47:00,2,2.95,16081,United Kingdom
566581,2011-09-13 13:47:00,2,2.95,16081,United Kingdom
566581,2011-09-13 13:47:00,10,2.08,16081,United Kingdom
566581,2011-09-13 13:47:00,6,1.25,16081,United Kingdom
566581,2011-09-13 13:47:00,6,1.25,16081,United Kingdom
566581,2011-09-13 13:47:00,6,1.25,16081,United Kingdom
566581,2011-09-13 13:47:00,10,2.95,16081,United Kingdom
566581,2011-09-13 13:47:00,12,1.65,16081,United Kingdom
566581,2011-09-13 13:47:00,6,1.95,16081,United Kingdom
566581,2011-09-13 13:47:00,24,1.25,16081,United Kingdom
566581,2011-09-13 13:47:00,6,1.69,16081,United Kingdom
566581,2011-09-13 13:47:00,5,1.45,16081,United Kingdom
566581,2011-09-13 13:47:00,8,2.95,16081,United Kingdom
566581,2011-09-13 13:47:00,4,2.1,16081,United Kingdom
566581,2011-09-13 13:47:00,4,3.25,16081,United Kingdom
566581,2011-09-13 13:47:00,4,2.95,16081,United Kingdom
566581,2011-09-13 13:47:00,4,4.95,16081,United Kingdom
566581,2011-09-13 13:47:00,2,3.75,16081,United Kingdom
566581,2011-09-13 13:47:00,12,1.25,16081,United Kingdom
566581,2011-09-13 13:47:00,2,4.15,16081,United Kingdom
566581,2011-09-13 13:47:00,3,4.25,16081,United Kingdom
566581,2011-09-13 13:47:00,6,1.45,16081,United Kingdom
566581,2011-09-13 13:47:00,3,4.25,16081,United Kingdom
566581,2011-09-13 13:47:00,5,2.1,16081,United Kingdom
566581,2011-09-13 13:47:00,5,1.65,16081,United Kingdom
566581,2011-09-13 13:47:00,1,4.95,16081,United Kingdom
566581,2011-09-13 13:47:00,5,2.08,16081,United Kingdom
566581,2011-09-13 13:47:00,5,2.1,16081,United Kingdom
566581,2011-09-13 13:47:00,5,2.1,16081,United Kingdom
566581,2011-09-13 13:47:00,5,1.69,16081,United Kingdom
566581,2011-09-13 13:47:00,3,4.25,16081,United Kingdom
566581,2011-09-13 13:47:00,24,1.69,16081,United Kingdom
566581,2011-09-13 13:47:00,5,0.55,16081,United Kingdom
566581,2011-09-13 13:47:00,5,0.55,16081,United Kingdom
566581,2011-09-13 13:47:00,5,2.55,16081,United Kingdom
566581,2011-09-13 13:47:00,5,0.65,16081,United Kingdom
566581,2011-09-13 13:47:00,3,4.25,16081,United Kingdom
566581,2011-09-13 13:47:00,12,0.85,16081,United Kingdom
566581,2011-09-13 13:47:00,10,0.65,16081,United Kingdom
566581,2011-09-13 13:47:00,1,2.95,16081,United Kingdom
566581,2011-09-13 13:47:00,3,2.55,16081,United Kingdom
566581,2011-09-13 13:47:00,2,1.45,16081,United Kingdom
566581,2011-09-13 13:47:00,3,2.55,16081,United Kingdom
566581,2011-09-13 13:47:00,1,3.75,16081,United Kingdom
566581,2011-09-13 13:47:00,3,4.25,16081,United Kingdom
566581,2011-09-13 13:47:00,3,4.25,16081,United Kingdom
566581,2011-09-13 13:47:00,1,2.95,16081,United Kingdom
566623,2011-09-14 09:31:00,72,0.85,12756,Japan
566623,2011-09-14 09:31:00,24,0.42,12756,Japan
566623,2011-09-14 09:31:00,24,0.85,12756,Japan
566623,2011-09-14 09:31:00,24,0.85,12756,Japan
566648,2011-09-14 11:25:00,6,2.95,14198,United Kingdom
566648,2011-09-14 11:25:00,6,2.95,14198,United Kingdom
566648,2011-09-14 11:25:00,48,0.85,14198,United Kingdom
566648,2011-09-14 11:25:00,6,2.95,14198,United Kingdom
566648,2011-09-14 11:25:00,6,4.95,14198,United Kingdom
566648,2011-09-14 11:25:00,2,6.25,14198,United Kingdom
566648,2011-09-14 11:25:00,3,5.95,14198,United Kingdom
566648,2011-09-14 11:25:00,2,8.95,14198,United Kingdom
566789,2011-09-15 10:35:00,36,0.42,13134,United Kingdom
566789,2011-09-15 10:35:00,36,0.42,13134,United Kingdom
566789,2011-09-15 10:35:00,12,1.45,13134,United Kingdom
566789,2011-09-15 10:35:00,36,0.42,13134,United Kingdom
566789,2011-09-15 10:35:00,12,1.45,13134,United Kingdom
566789,2011-09-15 10:35:00,10,2.08,13134,United Kingdom
566789,2011-09-15 10:35:00,25,0.42,13134,United Kingdom
566789,2011-09-15 10:35:00,25,0.42,13134,United Kingdom
566789,2011-09-15 10:35:00,25,0.42,13134,United Kingdom
566789,2011-09-15 10:35:00,25,0.42,13134,United Kingdom
566789,2011-09-15 10:35:00,25,0.42,13134,United Kingdom
566789,2011-09-15 10:35:00,25,0.42,13134,United Kingdom
566789,2011-09-15 10:35:00,4,4.25,13134,United Kingdom
566789,2011-09-15 10:35:00,6,4.25,13134,United Kingdom
566789,2011-09-15 10:35:00,4,4.25,13134,United Kingdom
566789,2011-09-15 10:35:00,4,4.25,13134,United Kingdom
566789,2011-09-15 10:35:00,4,4.25,13134,United Kingdom
566789,2011-09-15 10:35:00,4,4.25,13134,United Kingdom
566789,2011-09-15 10:35:00,6,4.25,13134,United Kingdom
566789,2011-09-15 10:35:00,24,0.65,13134,United Kingdom
566789,2011-09-15 10:35:00,4,3.75,13134,United Kingdom
566789,2011-09-15 10:35:00,4,3.75,13134,United Kingdom
566789,2011-09-15 10:35:00,12,1.25,13134,United Kingdom
566789,2011-09-15 10:35:00,24,2.55,13134,United Kingdom
566789,2011-09-15 10:35:00,4,4.25,13134,United Kingdom
566789,2011-09-15 10:35:00,24,1.25,13134,United Kingdom
566789,2011-09-15 10:35:00,24,0.83,13134,United Kingdom
566789,2011-09-15 10:35:00,12,1.45,13134,United Kingdom
566789,2011-09-15 10:35:00,12,1.45,13134,United Kingdom
566789,2011-09-15 10:35:00,36,0.39,13134,United Kingdom
566789,2011-09-15 10:35:00,1,12.5,13134,United Kingdom
566789,2011-09-15 10:35:00,2,8.25,13134,United Kingdom
566789,2011-09-15 10:35:00,2,8.25,13134,United Kingdom
566789,2011-09-15 10:35:00,12,1.25,13134,United Kingdom
566789,2011-09-15 10:35:00,12,1.25,13134,United Kingdom
566789,2011-09-15 10:35:00,4,4.25,13134,United Kingdom
566789,2011-09-15 10:35:00,36,0.39,13134,United Kingdom
566789,2011-09-15 10:35:00,4,4.95,13134,United Kingdom
566789,2011-09-15 10:35:00,10,2.08,13134,United Kingdom
566789,2011-09-15 10:35:00,2,8.25,13134,United Kingdom
566789,2011-09-15 10:35:00,2,8.25,13134,United Kingdom
566789,2011-09-15 10:35:00,4,5.95,13134,United Kingdom
566789,2011-09-15 10:35:00,24,1.25,13134,United Kingdom
566789,2011-09-15 10:35:00,12,1.25,13134,United Kingdom
566789,2011-09-15 10:35:00,12,1.25,13134,United Kingdom
566789,2011-09-15 10:35:00,12,1.25,13134,United Kingdom
566789,2011-09-15 10:35:00,12,0.83,13134,United Kingdom
566789,2011-09-15 10:35:00,12,1.25,13134,United Kingdom
566789,2011-09-15 10:35:00,12,0.83,13134,United Kingdom
566789,2011-09-15 10:35:00,12,0.83,13134,United Kingdom
566789,2011-09-15 10:35:00,24,1.25,13134,United Kingdom
566789,2011-09-15 10:35:00,2,8.25,13134,United Kingdom
566921,2011-09-15 14:56:00,2,3.75,17898,United Kingdom
566921,2011-09-15 14:56:00,3,0.85,17898,United Kingdom
566921,2011-09-15 14:56:00,48,0.29,17898,United Kingdom
566921,2011-09-15 14:56:00,6,2.55,17898,United Kingdom
566921,2011-09-15 14:56:00,1,1.25,17898,United Kingdom
566921,2011-09-15 14:56:00,2,0.85,17898,United Kingdom
566921,2011-09-15 14:56:00,2,3.75,17898,United Kingdom
566921,2011-09-15 14:56:00,2,1.25,17898,United Kingdom
567325,2011-09-19 14:28:00,100,1.79,13228,United Kingdom
567325,2011-09-19 14:28:00,100,1.79,13228,United Kingdom
567698,2011-09-22 09:15:00,12,0.83,13529,United Kingdom
567698,2011-09-22 09:15:00,8,1.95,13529,United Kingdom
567698,2011-09-22 09:15:00,4,4.15,13529,United Kingdom
567698,2011-09-22 09:15:00,6,2.1,13529,United Kingdom
567698,2011-09-22 09:15:00,3,5.95,13529,United Kingdom
567698,2011-09-22 09:15:00,4,4.15,13529,United Kingdom
567698,2011-09-22 09:15:00,4,4.15,13529,United Kingdom
567698,2011-09-22 09:15:00,3,6.95,13529,United Kingdom
567742,2011-09-22 10:47:00,4,4.95,14261,United Kingdom
567742,2011-09-22 10:47:00,32,1.69,14261,United Kingdom
567742,2011-09-22 10:47:00,24,2.95,14261,United Kingdom
567742,2011-09-22 10:47:00,12,1.25,14261,United Kingdom
567742,2011-09-22 10:47:00,32,1.69,14261,United Kingdom
567742,2011-09-22 10:47:00,4,1.55,14261,United Kingdom
567742,2011-09-22 10:47:00,12,1.25,14261,United Kingdom
567742,2011-09-22 10:47:00,12,0.83,14261,United Kingdom
567742,2011-09-22 10:47:00,12,0.85,14261,United Kingdom
567742,2011-09-22 10:47:00,2,12.75,14261,United Kingdom
567742,2011-09-22 10:47:00,2,8.5,14261,United Kingdom
567742,2011-09-22 10:47:00,2,8.5,14261,United Kingdom
567742,2011-09-22 10:47:00,2,8.5,14261,United Kingdom
567742,2011-09-22 10:47:00,12,1.65,14261,United Kingdom
567742,2011-09-22 10:47:00,2,8.5,14261,United Kingdom
567742,2011-09-22 10:47:00,2,8.5,14261,United Kingdom
567742,2011-09-22 10:47:00,2,8.5,14261,United Kingdom
567742,2011-09-22 10:47:00,12,2.08,14261,United Kingdom
567742,2011-09-22 10:47:00,2,4.95,14261,United Kingdom
567742,2011-09-22 10:47:00,2,12.75,14261,United Kingdom
567742,2011-09-22 10:47:00,2,8.5,14261,United Kingdom
567742,2011-09-22 10:47:00,4,3.75,14261,United Kingdom
567742,2011-09-22 10:47:00,12,1.25,14261,United Kingdom
567742,2011-09-22 10:47:00,12,1.45,14261,United Kingdom
567742,2011-09-22 10:47:00,12,1.65,14261,United Kingdom
567742,2011-09-22 10:47:00,10,1.65,14261,United Kingdom
567742,2011-09-22 10:47:00,10,1.65,14261,United Kingdom
567742,2011-09-22 10:47:00,10,1.65,14261,United Kingdom
567742,2011-09-22 10:47:00,10,1.65,14261,United Kingdom
567742,2011-09-22 10:47:00,4,4.95,14261,United Kingdom
567742,2011-09-22 10:47:00,6,3.75,14261,United Kingdom
567742,2011-09-22 10:47:00,6,2.55,14261,United Kingdom
567742,2011-09-22 10:47:00,6,4.95,14261,United Kingdom
567742,2011-09-22 10:47:00,12,1.65,14261,United Kingdom
567742,2011-09-22 10:47:00,12,3.75,14261,United Kingdom
567742,2011-09-22 10:47:00,6,3.25,14261,United Kingdom
567742,2011-09-22 10:47:00,12,1.45,14261,United Kingdom
567742,2011-09-22 10:47:00,12,1.45,14261,United Kingdom
567742,2011-09-22 10:47:00,12,1.45,14261,United Kingdom
567742,2011-09-22 10:47:00,8,2.89,14261,United Kingdom
567742,2011-09-22 10:47:00,2,7.95,14261,United Kingdom
567742,2011-09-22 10:47:00,2,7.95,14261,United Kingdom
567742,2011-09-22 10:47:00,3,4.95,14261,United Kingdom
567742,2011-09-22 10:47:00,12,1.45,14261,United Kingdom
567742,2011-09-22 10:47:00,4,4.95,14261,United Kingdom
567805,2011-09-22 12:15:00,2,0.63,12854,United Kingdom
567805,2011-09-22 12:15:00,2,0.63,12854,United Kingdom
567805,2011-09-22 12:15:00,2,1.25,12854,United Kingdom
567805,2011-09-22 12:15:00,2,1.25,12854,United Kingdom
567805,2011-09-22 12:15:00,2,1.65,12854,United Kingdom
567805,2011-09-22 12:15:00,2,1.65,12854,United Kingdom
567805,2011-09-22 12:15:00,3,1.95,12854,United Kingdom
567805,2011-09-22 12:15:00,2,1.45,12854,United Kingdom
567805,2011-09-22 12:15:00,2,2.95,12854,United Kingdom
567805,2011-09-22 12:15:00,2,2.1,12854,United Kingdom
567805,2011-09-22 12:15:00,6,4.95,12854,United Kingdom
567805,2011-09-22 12:15:00,6,5.45,12854,United Kingdom
567805,2011-09-22 12:15:00,5,4.95,12854,United Kingdom
567805,2011-09-22 12:15:00,7,4.95,12854,United Kingdom
567805,2011-09-22 12:15:00,6,2.1,12854,United Kingdom
567805,2011-09-22 12:15:00,2,2.1,12854,United Kingdom
567805,2011-09-22 12:15:00,1,5.45,12854,United Kingdom
567805,2011-09-22 12:15:00,6,1.45,12854,United Kingdom
567805,2011-09-22 12:15:00,15,2.95,12854,United Kingdom
567805,2011-09-22 12:15:00,6,5.45,12854,United Kingdom
567805,2011-09-22 12:15:00,2,8.25,12854,United Kingdom
567805,2011-09-22 12:15:00,2,8.25,12854,United Kingdom
567805,2011-09-22 12:15:00,1,8.25,12854,United Kingdom
567805,2011-09-22 12:15:00,1,8.25,12854,United Kingdom
567805,2011-09-22 12:15:00,24,1.69,12854,United Kingdom
567805,2011-09-22 12:15:00,12,2.95,12854,United Kingdom
567805,2011-09-22 12:15:00,1,8.25,12854,United Kingdom
567805,2011-09-22 12:15:00,6,2.95,12854,United Kingdom
567805,2011-09-22 12:15:00,12,0.85,12854,United Kingdom
567805,2011-09-22 12:15:00,12,0.85,12854,United Kingdom
567805,2011-09-22 12:15:00,12,0.85,12854,United Kingdom
567805,2011-09-22 12:15:00,12,0.85,12854,United Kingdom
567805,2011-09-22 12:15:00,12,1.25,12854,United Kingdom
567805,2011-09-22 12:15:00,15,2.95,12854,United Kingdom
567968,2011-09-23 09:44:00,6,4.95,12546,Spain
567968,2011-09-23 09:44:00,12,1.65,12546,Spain
567968,2011-09-23 09:44:00,3,28.0,12546,Spain
567968,2011-09-23 09:44:00,12,1.65,12546,Spain
567968,2011-09-23 09:44:00,16,1.25,12546,Spain
567968,2011-09-23 09:44:00,16,1.25,12546,Spain
567968,2011-09-23 09:44:00,12,0.83,12546,Spain
567968,2011-09-23 09:44:00,12,0.85,12546,Spain
567968,2011-09-23 09:44:00,4,4.95,12546,Spain
567968,2011-09-23 09:44:00,6,2.1,12546,Spain
567968,2011-09-23 09:44:00,4,4.25,12546,Spain
567968,2011-09-23 09:44:00,4,3.75,12546,Spain
567968,2011-09-23 09:44:00,2,11.95,12546,Spain
567968,2011-09-23 09:44:00,4,4.15,12546,Spain
567968,2011-09-23 09:44:00,12,0.83,12546,Spain
567968,2011-09-23 09:44:00,12,0.83,12546,Spain
567968,2011-09-23 09:44:00,6,2.55,12546,Spain
567968,2011-09-23 09:44:00,12,2.1,12546,Spain
567968,2011-09-23 09:44:00,6,2.1,12546,Spain
567968,2011-09-23 09:44:00,6,2.95,12546,Spain
567968,2011-09-23 09:44:00,6,2.1,12546,Spain
567968,2011-09-23 09:44:00,6,2.95,12546,Spain
567968,2011-09-23 09:44:00,6,1.95,12546,Spain
567968,2011-09-23 09:44:00,12,0.85,12546,Spain
567968,2011-09-23 09:44:00,12,1.45,12546,Spain
567968,2011-09-23 09:44:00,12,0.85,12546,Spain
567968,2011-09-23 09:44:00,12,0.85,12546,Spain
567968,2011-09-23 09:44:00,12,0.85,12546,Spain
567968,2011-09-23 09:44:00,12,0.85,12546,Spain
567968,2011-09-23 09:44:00,12,0.85,12546,Spain
567968,2011-09-23 09:44:00,12,1.25,12546,Spain
567968,2011-09-23 09:44:00,12,1.25,12546,Spain
567968,2011-09-23 09:44:00,12,0.85,12546,Spain
567968,2011-09-23 09:44:00,6,2.95,12546,Spain
567968,2011-09-23 09:44:00,6,2.95,12546,Spain
567968,2011-09-23 09:44:00,6,2.95,12546,Spain
567968,2011-09-23 09:44:00,12,1.25,12546,Spain
567968,2011-09-23 09:44:00,12,1.25,12546,Spain
567968,2011-09-23 09:44:00,6,2.95,12546,Spain
567968,2011-09-23 09:44:00,4,3.75,12546,Spain
567968,2011-09-23 09:44:00,96,0.12,12546,Spain
567968,2011-09-23 09:44:00,6,2.1,12546,Spain
567968,2011-09-23 09:44:00,4,3.75,12546,Spain
567968,2011-09-23 09:44:00,6,2.95,12546,Spain
567968,2011-09-23 09:44:00,6,2.95,12546,Spain
568094,2011-09-23 14:43:00,8,1.25,15807,United Kingdom
568094,2011-09-23 14:43:00,12,2.95,15807,United Kingdom
568094,2011-09-23 14:43:00,4,3.75,15807,United Kingdom
568094,2011-09-23 14:43:00,4,3.75,15807,United Kingdom
568094,2011-09-23 14:43:00,4,3.75,15807,United Kingdom
568094,2011-09-23 14:43:00,8,1.25,15807,United Kingdom
568094,2011-09-23 14:43:00,8,1.25,15807,United Kingdom
568094,2011-09-23 14:43:00,8,0.85,15807,United Kingdom
568094,2011-09-23 14:43:00,10,1.65,15807,United Kingdom
568094,2011-09-23 14:43:00,8,0.85,15807,United Kingdom
568094,2011-09-23 14:43:00,12,1.45,15807,United Kingdom
568094,2011-09-23 14:43:00,10,1.65,15807,United Kingdom
568094,2011-09-23 14:43:00,4,9.95,15807,United Kingdom
568094,2011-09-23 14:43:00,10,1.65,15807,United Kingdom
568094,2011-09-23 14:43:00,10,1.65,15807,United Kingdom
568094,2011-09-23 14:43:00,10,1.65,15807,United Kingdom
568094,2011-09-23 14:43:00,10,1.65,15807,United Kingdom
568094,2011-09-23 14:43:00,8,0.85,15807,United Kingdom
568094,2011-09-23 14:43:00,12,0.85,15807,United Kingdom
568094,2011-09-23 14:43:00,4,3.75,15807,United Kingdom
568094,2011-09-23 14:43:00,12,1.25,15807,United Kingdom
568094,2011-09-23 14:43:00,12,1.25,15807,United Kingdom
568094,2011-09-23 14:43:00,12,0.95,15807,United Kingdom
568094,2011-09-23 14:43:00,12,0.85,15807,United Kingdom
568094,2011-09-23 14:43:00,12,1.65,15807,United Kingdom
568094,2011-09-23 14:43:00,6,2.95,15807,United Kingdom
568094,2011-09-23 14:43:00,6,2.1,15807,United Kingdom
568094,2011-09-23 14:43:00,6,2.1,15807,United Kingdom
568094,2011-09-23 14:43:00,12,1.65,15807,United Kingdom
568094,2011-09-23 14:43:00,6,2.95,15807,United Kingdom
568094,2011-09-23 14:43:00,12,0.95,15807,United Kingdom
568094,2011-09-23 14:43:00,12,1.65,15807,United Kingdom
568094,2011-09-23 14:43:00,12,1.65,15807,United Kingdom
568094,2011-09-23 14:43:00,12,2.08,15807,United Kingdom
568094,2011-09-23 14:43:00,12,2.08,15807,United Kingdom
568094,2011-09-23 14:43:00,12,0.85,15807,United Kingdom
568094,2011-09-23 14:43:00,12,0.85,15807,United Kingdom
568094,2011-09-23 14:43:00,12,1.25,15807,United Kingdom
568094,2011-09-23 14:43:00,12,1.25,15807,United Kingdom
568094,2011-09-23 14:43:00,12,1.69,15807,United Kingdom
568216,2011-09-26 09:28:00,10,2.95,16168,United Kingdom
568216,2011-09-26 09:28:00,12,2.08,16168,United Kingdom
568216,2011-09-26 09:28:00,12,1.69,16168,United Kingdom
568216,2011-09-26 09:28:00,12,1.45,16168,United Kingdom
568216,2011-09-26 09:28:00,24,0.42,16168,United Kingdom
568216,2011-09-26 09:28:00,4,4.95,16168,United Kingdom
568216,2011-09-26 09:28:00,10,2.95,16168,United Kingdom
568216,2011-09-26 09:28:00,2,5.75,16168,United Kingdom
568226,2011-09-26 10:39:00,2,2.95,16719,United Kingdom
568226,2011-09-26 10:39:00,2,9.95,16719,United Kingdom
568226,2011-09-26 10:39:00,2,4.25,16719,United Kingdom
568226,2011-09-26 10:39:00,6,0.39,16719,United Kingdom
568226,2011-09-26 10:39:00,2,2.1,16719,United Kingdom
568226,2011-09-26 10:39:00,2,2.55,16719,United Kingdom
568226,2011-09-26 10:39:00,1,0.95,16719,United Kingdom
568226,2011-09-26 10:39:00,2,5.75,16719,United Kingdom
568226,2011-09-26 10:39:00,2,1.65,16719,United Kingdom
568226,2011-09-26 10:39:00,2,1.65,16719,United Kingdom
568226,2011-09-26 10:39:00,2,6.75,16719,United Kingdom
568226,2011-09-26 10:39:00,25,0.42,16719,United Kingdom
568226,2011-09-26 10:39:00,2,3.75,16719,United Kingdom
568226,2011-09-26 10:39:00,72,0.39,16719,United Kingdom
568226,2011-09-26 10:39:00,1,8.95,16719,United Kingdom
568226,2011-09-26 10:39:00,1,0.95,16719,United Kingdom
568226,2011-09-26 10:39:00,3,5.95,16719,United Kingdom
568226,2011-09-26 10:39:00,2,8.5,16719,United Kingdom
568226,2011-09-26 10:39:00,25,0.42,16719,United Kingdom
568226,2011-09-26 10:39:00,25,0.42,16719,United Kingdom
568226,2011-09-26 10:39:00,25,0.42,16719,United Kingdom
568226,2011-09-26 10:39:00,25,0.42,16719,United Kingdom
568330,2011-09-26 14:13:00,30,2.08,16468,United Kingdom
568330,2011-09-26 14:13:00,1,12.5,16468,United Kingdom
568690,2011-09-28 14:43:00,5,1.65,16332,United Kingdom
568690,2011-09-28 14:43:00,2,1.45,16332,United Kingdom
568690,2011-09-28 14:43:00,2,1.45,16332,United Kingdom
568690,2011-09-28 14:43:00,4,1.45,16332,United Kingdom
568690,2011-09-28 14:43:00,2,1.45,16332,United Kingdom
568690,2011-09-28 14:43:00,5,2.95,16332,United Kingdom
568690,2011-09-28 14:43:00,2,1.45,16332,United Kingdom
568690,2011-09-28 14:43:00,2,7.5,16332,United Kingdom
568690,2011-09-28 14:43:00,12,0.39,16332,United Kingdom
568690,2011-09-28 14:43:00,12,0.39,16332,United Kingdom
568690,2011-09-28 14:43:00,12,0.39,16332,United Kingdom
568690,2011-09-28 14:43:00,12,0.39,16332,United Kingdom
568690,2011-09-28 14:43:00,3,4.95,16332,United Kingdom
568690,2011-09-28 14:43:00,2,1.45,16332,United Kingdom
568690,2011-09-28 14:43:00,12,0.39,16332,United Kingdom
568690,2011-09-28 14:43:00,4,8.25,16332,United Kingdom
568690,2011-09-28 14:43:00,12,1.25,16332,United Kingdom
568690,2011-09-28 14:43:00,8,6.95,16332,United Kingdom
568690,2011-09-28 14:43:00,40,1.25,16332,United Kingdom
568690,2011-09-28 14:43:00,2,1.45,16332,United Kingdom
568690,2011-09-28 14:43:00,12,2.95,16332,United Kingdom
568690,2011-09-28 14:43:00,6,0.83,16332,United Kingdom
568690,2011-09-28 14:43:00,4,0.85,16332,United Kingdom
568690,2011-09-28 14:43:00,12,1.25,16332,United Kingdom
568690,2011-09-28 14:43:00,12,1.25,16332,United Kingdom
568690,2011-09-28 14:43:00,12,1.25,16332,United Kingdom
568690,2011-09-28 14:43:00,5,1.65,16332,United Kingdom
568690,2011-09-28 14:43:00,3,1.65,16332,United Kingdom
568690,2011-09-28 14:43:00,3,1.65,16332,United Kingdom
568690,2011-09-28 14:43:00,4,1.25,16332,United Kingdom
568690,2011-09-28 14:43:00,2,1.65,16332,United Kingdom
568690,2011-09-28 14:43:00,5,1.65,16332,United Kingdom
568690,2011-09-28 14:43:00,3,0.83,16332,United Kingdom
568690,2011-09-28 14:43:00,4,2.1,16332,United Kingdom
568690,2011-09-28 14:43:00,4,2.1,16332,United Kingdom
568690,2011-09-28 14:43:00,4,2.1,16332,United Kingdom
568690,2011-09-28 14:43:00,4,2.1,16332,United Kingdom
568690,2011-09-28 14:43:00,12,2.95,16332,United Kingdom
568690,2011-09-28 14:43:00,5,1.95,16332,United Kingdom
568690,2011-09-28 14:43:00,6,1.25,16332,United Kingdom
568690,2011-09-28 14:43:00,3,1.25,16332,United Kingdom
568954,2011-09-29 15:32:00,12,0.55,13576,United Kingdom
568954,2011-09-29 15:32:00,3,6.25,13576,United Kingdom
568954,2011-09-29 15:32:00,72,3.39,13576,United Kingdom
568954,2011-09-29 15:32:00,3,6.25,13576,United Kingdom
568954,2011-09-29 15:32:00,24,3.39,13576,United Kingdom
568954,2011-09-29 15:32:00,6,2.55,13576,United Kingdom
568954,2011-09-29 15:32:00,48,2.1,13576,United Kingdom
568954,2011-09-29 15:32:00,8,2.1,13576,United Kingdom
568984,2011-09-29 15:57:00,4,1.65,17813,United Kingdom
568984,2011-09-29 15:57:00,1,4.95,17813,United Kingdom
568984,2011-09-29 15:57:00,1,4.15,17813,United Kingdom
568984,2011-09-29 15:57:00,1,2.95,17813,United Kingdom
568984,2011-09-29 15:57:00,1,29.95,17813,United Kingdom
568984,2011-09-29 15:57:00,1,2.08,17813,United Kingdom
568984,2011-09-29 15:57:00,1,5.75,17813,United Kingdom
568984,2011-09-29 15:57:00,2,1.65,17813,United Kingdom
568984,2011-09-29 15:57:00,1,2.08,17813,United Kingdom
568984,2011-09-29 15:57:00,1,7.95,17813,United Kingdom
568984,2011-09-29 15:57:00,1,12.0,17813,United Kingdom
568984,2011-09-29 15:57:00,1,2.08,17813,United Kingdom
568984,2011-09-29 15:57:00,1,7.5,17813,United Kingdom
568984,2011-09-29 15:57:00,1,7.5,17813,United Kingdom
568984,2011-09-29 15:57:00,1,7.95,17813,United Kingdom
568984,2011-09-29 15:57:00,1,8.5,17813,United Kingdom
568984,2011-09-29 15:57:00,1,4.95,17813,United Kingdom
568984,2011-09-29 15:57:00,1,2.95,17813,United Kingdom
568984,2011-09-29 15:57:00,1,7.95,17813,United Kingdom
568984,2011-09-29 15:57:00,1,0.75,17813,United Kingdom
568984,2011-09-29 15:57:00,3,2.89,17813,United Kingdom
568984,2011-09-29 15:57:00,1,0.85,17813,United Kingdom
568984,2011-09-29 15:57:00,1,0.85,17813,United Kingdom
568984,2011-09-29 15:57:00,1,3.75,17813,United Kingdom
568984,2011-09-29 15:57:00,1,3.75,17813,United Kingdom
568984,2011-09-29 15:57:00,1,0.85,17813,United Kingdom
568984,2011-09-29 15:57:00,1,12.5,17813,United Kingdom
568984,2011-09-29 15:57:00,1,1.95,17813,United Kingdom
568984,2011-09-29 15:57:00,1,8.15,17813,United Kingdom
568984,2011-09-29 15:57:00,1,4.95,17813,United Kingdom
568984,2011-09-29 15:57:00,1,4.25,17813,United Kingdom
568984,2011-09-29 15:57:00,1,3.75,17813,United Kingdom
568984,2011-09-29 15:57:00,1,2.95,17813,United Kingdom
568984,2011-09-29 15:57:00,1,3.75,17813,United Kingdom
568984,2011-09-29 15:57:00,1,7.95,17813,United Kingdom
568984,2011-09-29 15:57:00,1,5.95,17813,United Kingdom
568984,2011-09-29 15:57:00,1,6.95,17813,United Kingdom
568984,2011-09-29 15:57:00,1,12.75,17813,United Kingdom
568984,2011-09-29 15:57:00,1,12.75,17813,United Kingdom
568984,2011-09-29 15:57:00,1,5.95,17813,United Kingdom
568984,2011-09-29 15:57:00,1,2.1,17813,United Kingdom
568984,2011-09-29 15:57:00,1,2.1,17813,United Kingdom
568984,2011-09-29 15:57:00,1,2.1,17813,United Kingdom
568984,2011-09-29 15:57:00,1,5.75,17813,United Kingdom
568984,2011-09-29 15:57:00,1,4.95,17813,United Kingdom
568984,2011-09-29 15:57:00,1,2.1,17813,United Kingdom
568984,2011-09-29 15:57:00,3,1.95,17813,United Kingdom
568984,2011-09-29 15:57:00,2,1.25,17813,United Kingdom
568984,2011-09-29 15:57:00,1,3.25,17813,United Kingdom
568984,2011-09-29 15:57:00,2,1.25,17813,United Kingdom
568984,2011-09-29 15:57:00,1,2.95,17813,United Kingdom
568984,2011-09-29 15:57:00,1,4.95,17813,United Kingdom
568984,2011-09-29 15:57:00,1,2.95,17813,United Kingdom
568984,2011-09-29 15:57:00,1,2.55,17813,United Kingdom
568984,2011-09-29 15:57:00,1,2.95,17813,United Kingdom
568984,2011-09-29 15:57:00,1,5.95,17813,United Kingdom
568984,2011-09-29 15:57:00,1,5.95,17813,United Kingdom
569010,2011-09-30 07:36:00,96,0.85,14156,EIRE
569010,2011-09-30 07:36:00,144,0.29,14156,EIRE
569010,2011-09-30 07:36:00,96,4.25,14156,EIRE
569010,2011-09-30 07:36:00,40,7.08,14156,EIRE
569010,2011-09-30 07:36:00,96,1.25,14156,EIRE
569010,2011-09-30 07:36:00,96,1.25,14156,EIRE
569010,2011-09-30 07:36:00,192,1.45,14156,EIRE
569010,2011-09-30 07:36:00,100,0.72,14156,EIRE
569010,2011-09-30 07:36:00,192,1.85,14156,EIRE
569010,2011-09-30 07:36:00,72,0.85,14156,EIRE
569010,2011-09-30 07:36:00,192,1.45,14156,EIRE
569010,2011-09-30 07:36:00,96,1.45,14156,EIRE
569010,2011-09-30 07:36:00,72,4.25,14156,EIRE
569010,2011-09-30 07:36:00,216,0.65,14156,EIRE
569010,2011-09-30 07:36:00,72,4.25,14156,EIRE
569010,2011-09-30 07:36:00,48,4.15,14156,EIRE
569010,2011-09-30 07:36:00,200,4.15,14156,EIRE
569010,2011-09-30 07:36:00,48,3.29,14156,EIRE
569010,2011-09-30 07:36:00,100,2.75,14156,EIRE
569010,2011-09-30 07:36:00,48,3.39,14156,EIRE
569010,2011-09-30 07:36:00,48,2.08,14156,EIRE
569010,2011-09-30 07:36:00,96,2.1,14156,EIRE
569010,2011-09-30 07:36:00,96,0.39,14156,EIRE
569010,2011-09-30 07:36:00,72,1.06,14156,EIRE
569010,2011-09-30 07:36:00,72,4.25,14156,EIRE
569010,2011-09-30 07:36:00,72,3.39,14156,EIRE
569010,2011-09-30 07:36:00,48,5.95,14156,EIRE
569206,2011-10-02 10:58:00,1,4.95,15038,United Kingdom
569206,2011-10-02 10:58:00,1,12.75,15038,United Kingdom
569206,2011-10-02 10:58:00,12,0.39,15038,United Kingdom
569206,2011-10-02 10:58:00,1,3.75,15038,United Kingdom
569206,2011-10-02 10:58:00,2,2.95,15038,United Kingdom
569206,2011-10-02 10:58:00,2,3.75,15038,United Kingdom
569206,2011-10-02 10:58:00,4,2.55,15038,United Kingdom
569206,2011-10-02 10:58:00,10,0.85,15038,United Kingdom
569206,2011-10-02 10:58:00,1,2.1,15038,United Kingdom
569206,2011-10-02 10:58:00,1,2.1,15038,United Kingdom
569206,2011-10-02 10:58:00,2,0.85,15038,United Kingdom
569206,2011-10-02 10:58:00,6,1.65,15038,United Kingdom
569206,2011-10-02 10:58:00,2,10.4,15038,United Kingdom
569206,2011-10-02 10:58:00,6,1.25,15038,United Kingdom
569206,2011-10-02 10:58:00,12,0.83,15038,United Kingdom
569206,2011-10-02 10:58:00,1,1.65,15038,United Kingdom
569206,2011-10-02 10:58:00,6,8.25,15038,United Kingdom
569206,2011-10-02 10:58:00,1,2.1,15038,United Kingdom
569206,2011-10-02 10:58:00,6,1.25,15038,United Kingdom
569240,2011-10-03 09:30:00,24,0.55,18059,United Kingdom
569240,2011-10-03 09:30:00,2,7.95,18059,United Kingdom
569240,2011-10-03 09:30:00,24,0.39,18059,United Kingdom
569240,2011-10-03 09:30:00,24,0.38,18059,United Kingdom
569240,2011-10-03 09:30:00,18,2.95,18059,United Kingdom
569240,2011-10-03 09:30:00,12,1.95,18059,United Kingdom
569487,2011-10-04 12:55:00,12,1.45,13351,United Kingdom
569487,2011-10-04 12:55:00,8,2.25,13351,United Kingdom
569487,2011-10-04 12:55:00,10,2.08,13351,United Kingdom
569487,2011-10-04 12:55:00,3,4.95,13351,United Kingdom
569487,2011-10-04 12:55:00,6,3.75,13351,United Kingdom
569487,2011-10-04 12:55:00,6,3.75,13351,United Kingdom
569487,2011-10-04 12:55:00,4,5.95,13351,United Kingdom
569487,2011-10-04 12:55:00,6,3.75,13351,United Kingdom
569487,2011-10-04 12:55:00,3,5.95,13351,United Kingdom
569487,2011-10-04 12:55:00,1,50.0,13351,United Kingdom
569487,2011-10-04 12:55:00,6,2.95,13351,United Kingdom
569487,2011-10-04 12:55:00,6,2.89,13351,United Kingdom
569487,2011-10-04 12:55:00,4,5.95,13351,United Kingdom
569487,2011-10-04 12:55:00,12,2.1,13351,United Kingdom
569487,2011-10-04 12:55:00,24,1.25,13351,United Kingdom
569487,2011-10-04 12:55:00,6,4.95,13351,United Kingdom
569515,2011-10-04 13:58:00,36,0.39,15181,United Kingdom
569515,2011-10-04 13:58:00,48,0.39,15181,United Kingdom
569515,2011-10-04 13:58:00,100,1.04,15181,United Kingdom
569515,2011-10-04 13:58:00,24,1.65,15181,United Kingdom
569515,2011-10-04 13:58:00,36,1.65,15181,United Kingdom
569515,2011-10-04 13:58:00,48,0.39,15181,United Kingdom
569668,2011-10-05 13:47:00,16,2.95,16040,United Kingdom
569668,2011-10-05 13:47:00,2,5.75,16040,United Kingdom
569668,2011-10-05 13:47:00,48,0.42,16040,United Kingdom
569668,2011-10-05 13:47:00,12,2.08,16040,United Kingdom
569668,2011-10-05 13:47:00,2,7.95,16040,United Kingdom
569668,2011-10-05 13:47:00,12,0.85,16040,United Kingdom
569668,2011-10-05 13:47:00,6,2.95,16040,United Kingdom
569668,2011-10-05 13:47:00,6,2.95,16040,United Kingdom
569668,2011-10-05 13:47:00,2,9.95,16040,United Kingdom
569668,2011-10-05 13:47:00,6,8.15,16040,United Kingdom
569668,2011-10-05 13:47:00,12,2.1,16040,United Kingdom
569668,2011-10-05 13:47:00,12,2.1,16040,United Kingdom
569668,2011-10-05 13:47:00,4,3.75,16040,United Kingdom
569668,2011-10-05 13:47:00,12,1.45,16040,United Kingdom
569668,2011-10-05 13:47:00,6,4.95,16040,United Kingdom
569668,2011-10-05 13:47:00,2,12.75,16040,United Kingdom
569668,2011-10-05 13:47:00,3,5.95,16040,United Kingdom
569668,2011-10-05 13:47:00,6,4.15,16040,United Kingdom
569668,2011-10-05 13:47:00,6,3.75,16040,United Kingdom
569897,2011-10-06 16:01:00,1,3.75,17813,United Kingdom
569897,2011-10-06 16:01:00,2,1.25,17813,United Kingdom
569897,2011-10-06 16:01:00,1,2.95,17813,United Kingdom
569897,2011-10-06 16:01:00,1,3.75,17813,United Kingdom
569897,2011-10-06 16:01:00,3,1.95,17813,United Kingdom
569897,2011-10-06 16:01:00,1,1.25,17813,United Kingdom
569897,2011-10-06 16:01:00,12,1.45,17813,United Kingdom
569897,2011-10-06 16:01:00,1,0.39,17813,United Kingdom
569897,2011-10-06 16:01:00,3,0.85,17813,United Kingdom
569897,2011-10-06 16:01:00,1,1.25,17813,United Kingdom
569897,2011-10-06 16:01:00,12,0.65,17813,United Kingdom
569897,2011-10-06 16:01:00,2,0.39,17813,United Kingdom
569897,2011-10-06 16:01:00,1,2.95,17813,United Kingdom
569897,2011-10-06 16:01:00,1,4.15,17813,United Kingdom
569897,2011-10-06 16:01:00,1,2.95,17813,United Kingdom
569897,2011-10-06 16:01:00,1,2.25,17813,United Kingdom
569897,2011-10-06 16:01:00,2,1.25,17813,United Kingdom
569897,2011-10-06 16:01:00,1,8.95,17813,United Kingdom
569897,2011-10-06 16:01:00,1,7.95,17813,United Kingdom
569897,2011-10-06 16:01:00,1,7.95,17813,United Kingdom
569897,2011-10-06 16:01:00,1,12.75,17813,United Kingdom
569897,2011-10-06 16:01:00,12,0.85,17813,United Kingdom
569897,2011-10-06 16:01:00,1,0.65,17813,United Kingdom
569897,2011-10-06 16:01:00,1,0.65,17813,United Kingdom
569897,2011-10-06 16:01:00,1,0.65,17813,United Kingdom
569897,2011-10-06 16:01:00,1,0.42,17813,United Kingdom
569897,2011-10-06 16:01:00,1,2.95,17813,United Kingdom
569897,2011-10-06 16:01:00,1,1.25,17813,United Kingdom
569897,2011-10-06 16:01:00,2,0.65,17813,United Kingdom
569897,2011-10-06 16:01:00,1,3.75,17813,United Kingdom
569897,2011-10-06 16:01:00,1,2.95,17813,United Kingdom
569897,2011-10-06 16:01:00,12,0.85,17813,United Kingdom
569897,2011-10-06 16:01:00,2,2.95,17813,United Kingdom
569897,2011-10-06 16:01:00,1,5.75,17813,United Kingdom
569897,2011-10-06 16:01:00,1,7.5,17813,United Kingdom
569897,2011-10-06 16:01:00,2,1.45,17813,United Kingdom
569897,2011-10-06 16:01:00,1,0.65,17813,United Kingdom
569897,2011-10-06 16:01:00,1,1.25,17813,United Kingdom
569897,2011-10-06 16:01:00,1,1.25,17813,United Kingdom
569897,2011-10-06 16:01:00,3,0.42,17813,United Kingdom
569897,2011-10-06 16:01:00,3,0.42,17813,United Kingdom
569897,2011-10-06 16:01:00,3,0.42,17813,United Kingdom
569897,2011-10-06 16:01:00,1,1.25,17813,United Kingdom
569897,2011-10-06 16:01:00,4,0.42,17813,United Kingdom
569897,2011-10-06 16:01:00,2,0.85,17813,United Kingdom
569897,2011-10-06 16:01:00,3,1.95,17813,United Kingdom
569897,2011-10-06 16:01:00,5,1.65,17813,United Kingdom
569897,2011-10-06 16:01:00,2,2.55,17813,United Kingdom
569897,2011-10-06 16:01:00,1,0.55,17813,United Kingdom
569897,2011-10-06 16:01:00,1,1.25,17813,United Kingdom
569897,2011-10-06 16:01:00,1,1.25,17813,United Kingdom
569897,2011-10-06 16:01:00,2,1.95,17813,United Kingdom
569897,2011-10-06 16:01:00,1,1.65,17813,United Kingdom
569897,2011-10-06 16:01:00,1,2.08,17813,United Kingdom
569897,2011-10-06 16:01:00,1,24.95,17813,United Kingdom
569897,2011-10-06 16:01:00,2,0.65,17813,United Kingdom
569897,2011-10-06 16:01:00,1,5.95,17813,United Kingdom
569897,2011-10-06 16:01:00,10,1.69,17813,United Kingdom
569897,2011-10-06 16:01:00,2,0.85,17813,United Kingdom
569897,2011-10-06 16:01:00,2,4.95,17813,United Kingdom
569897,2011-10-06 16:01:00,2,0.59,17813,United Kingdom
569897,2011-10-06 16:01:00,3,0.59,17813,United Kingdom
569897,2011-10-06 16:01:00,3,2.95,17813,United Kingdom
569897,2011-10-06 16:01:00,3,1.65,17813,United Kingdom
569897,2011-10-06 16:01:00,3,1.65,17813,United Kingdom
569897,2011-10-06 16:01:00,6,0.42,17813,United Kingdom
569897,2011-10-06 16:01:00,4,0.85,17813,United Kingdom
569897,2011-10-06 16:01:00,6,0.29,17813,United Kingdom
569897,2011-10-06 16:01:00,2,1.25,17813,United Kingdom
569897,2011-10-06 16:01:00,1,3.95,17813,United Kingdom
569897,2011-10-06 16:01:00,1,3.75,17813,United Kingdom
569897,2011-10-06 16:01:00,2,3.75,17813,United Kingdom
569897,2011-10-06 16:01:00,5,0.85,17813,United Kingdom
569897,2011-10-06 16:01:00,1,1.25,17813,United Kingdom
569897,2011-10-06 16:01:00,1,2.08,17813,United Kingdom
569897,2011-10-06 16:01:00,2,2.08,17813,United Kingdom
569897,2011-10-06 16:01:00,2,2.08,17813,United Kingdom
569897,2011-10-06 16:01:00,2,2.89,17813,United Kingdom
569897,2011-10-06 16:01:00,1,6.25,17813,United Kingdom
569897,2011-10-06 16:01:00,1,16.95,17813,United Kingdom
569897,2011-10-06 16:01:00,1,16.95,17813,United Kingdom
569897,2011-10-06 16:01:00,1,3.75,17813,United Kingdom
569897,2011-10-06 16:01:00,1,3.75,17813,United Kingdom
569897,2011-10-06 16:01:00,1,9.95,17813,United Kingdom
569897,2011-10-06 16:01:00,1,8.15,17813,United Kingdom
569897,2011-10-06 16:01:00,1,6.25,17813,United Kingdom
569897,2011-10-06 16:01:00,2,2.08,17813,United Kingdom
569897,2011-10-06 16:01:00,12,0.42,17813,United Kingdom
569897,2011-10-06 16:01:00,6,0.42,17813,United Kingdom
569897,2011-10-06 16:01:00,2,4.25,17813,United Kingdom
569897,2011-10-06 16:01:00,2,0.85,17813,United Kingdom
569897,2011-10-06 16:01:00,1,3.75,17813,United Kingdom
569897,2011-10-06 16:01:00,2,0.65,17813,United Kingdom
569897,2011-10-06 16:01:00,1,0.42,17813,United Kingdom
569897,2011-10-06 16:01:00,1,2.95,17813,United Kingdom
569897,2011-10-06 16:01:00,1,2.95,17813,United Kingdom
569897,2011-10-06 16:01:00,2,9.95,17813,United Kingdom
569897,2011-10-06 16:01:00,1,9.95,17813,United Kingdom
569897,2011-10-06 16:01:00,2,3.75,17813,United Kingdom
569897,2011-10-06 16:01:00,4,1.65,17813,United Kingdom
569897,2011-10-06 16:01:00,3,1.65,17813,United Kingdom
569897,2011-10-06 16:01:00,5,1.65,17813,United Kingdom
569897,2011-10-06 16:01:00,1,1.95,17813,United Kingdom
569897,2011-10-06 16:01:00,1,1.25,17813,United Kingdom
569897,2011-10-06 16:01:00,1,1.25,17813,United Kingdom
569897,2011-10-06 16:01:00,1,1.25,17813,United Kingdom
569897,2011-10-06 16:01:00,2,2.95,17813,United Kingdom
569897,2011-10-06 16:01:00,12,0.85,17813,United Kingdom
569897,2011-10-06 16:01:00,1,3.95,17813,United Kingdom
569897,2011-10-06 16:01:00,2,2.1,17813,United Kingdom
569897,2011-10-06 16:01:00,1,3.95,17813,United Kingdom
569897,2011-10-06 16:01:00,1,3.75,17813,United Kingdom
569897,2011-10-06 16:01:00,1,3.75,17813,United Kingdom
569897,2011-10-06 16:01:00,1,6.25,17813,United Kingdom
569897,2011-10-06 16:01:00,1,2.1,17813,United Kingdom
569897,2011-10-06 16:01:00,1,2.1,17813,United Kingdom
569897,2011-10-06 16:01:00,8,1.69,17813,United Kingdom
569897,2011-10-06 16:01:00,7,1.69,17813,United Kingdom
569897,2011-10-06 16:01:00,1,4.25,17813,United Kingdom
569897,2011-10-06 16:01:00,3,0.42,17813,United Kingdom
569897,2011-10-06 16:01:00,1,0.29,17813,United Kingdom
569897,2011-10-06 16:01:00,1,2.1,17813,United Kingdom
569897,2011-10-06 16:01:00,1,1.69,17813,United Kingdom
569897,2011-10-06 16:01:00,2,2.1,17813,United Kingdom
569897,2011-10-06 16:01:00,1,1.45,17813,United Kingdom
569897,2011-10-06 16:01:00,1,1.45,17813,United Kingdom
569897,2011-10-06 16:01:00,1,6.95,17813,United Kingdom
569897,2011-10-06 16:01:00,1,2.1,17813,United Kingdom
569897,2011-10-06 16:01:00,1,3.75,17813,United Kingdom
569897,2011-10-06 16:01:00,1,2.08,17813,United Kingdom
569897,2011-10-06 16:01:00,1,4.25,17813,United Kingdom
569897,2011-10-06 16:01:00,2,0.42,17813,United Kingdom
569897,2011-10-06 16:01:00,1,9.95,17813,United Kingdom
569897,2011-10-06 16:01:00,2,2.1,17813,United Kingdom
569897,2011-10-06 16:01:00,1,2.08,17813,United Kingdom
569897,2011-10-06 16:01:00,1,4.95,17813,United Kingdom
569897,2011-10-06 16:01:00,1,2.1,17813,United Kingdom
569897,2011-10-06 16:01:00,1,1.95,17813,United Kingdom
569897,2011-10-06 16:01:00,6,1.25,17813,United Kingdom
569897,2011-10-06 16:01:00,1,1.65,17813,United Kingdom
569897,2011-10-06 16:01:00,1,3.75,17813,United Kingdom
569897,2011-10-06 16:01:00,1,2.1,17813,United Kingdom
569897,2011-10-06 16:01:00,1,4.95,17813,United Kingdom
569897,2011-10-06 16:01:00,1,7.5,17813,United Kingdom
569897,2011-10-06 16:01:00,1,1.25,17813,United Kingdom
569897,2011-10-06 16:01:00,1,0.85,17813,United Kingdom
569897,2011-10-06 16:01:00,1,0.85,17813,United Kingdom
569897,2011-10-06 16:01:00,1,3.25,17813,United Kingdom
569897,2011-10-06 16:01:00,1,0.85,17813,United Kingdom
569897,2011-10-06 16:01:00,1,2.1,17813,United Kingdom
569897,2011-10-06 16:01:00,1,9.95,17813,United Kingdom
569897,2011-10-06 16:01:00,1,35.95,17813,United Kingdom
569897,2011-10-06 16:01:00,1,1.65,17813,United Kingdom
569897,2011-10-06 16:01:00,1,1.45,17813,United Kingdom
569897,2011-10-06 16:01:00,1,1.25,17813,United Kingdom
569897,2011-10-06 16:01:00,1,1.65,17813,United Kingdom
569897,2011-10-06 16:01:00,1,3.75,17813,United Kingdom
569897,2011-10-06 16:01:00,1,1.45,17813,United Kingdom
569897,2011-10-06 16:01:00,1,3.25,17813,United Kingdom
569897,2011-10-06 16:01:00,1,12.75,17813,United Kingdom
569897,2011-10-06 16:01:00,25,0.42,17813,United Kingdom
569897,2011-10-06 16:01:00,25,0.42,17813,United Kingdom
569897,2011-10-06 16:01:00,25,0.42,17813,United Kingdom
569897,2011-10-06 16:01:00,1,3.75,17813,United Kingdom
569897,2011-10-06 16:01:00,1,2.1,17813,United Kingdom
569897,2011-10-06 16:01:00,1,4.25,17813,United Kingdom
569897,2011-10-06 16:01:00,1,1.65,17813,United Kingdom
569897,2011-10-06 16:01:00,1,2.08,17813,United Kingdom
569897,2011-10-06 16:01:00,2,1.25,17813,United Kingdom
569897,2011-10-06 16:01:00,1,1.25,17813,United Kingdom
569897,2011-10-06 16:01:00,2,1.65,17813,United Kingdom
569897,2011-10-06 16:01:00,2,1.65,17813,United Kingdom
569897,2011-10-06 16:01:00,1,1.65,17813,United Kingdom
569897,2011-10-06 16:01:00,2,1.45,17813,United Kingdom
569897,2011-10-06 16:01:00,1,4.95,17813,United Kingdom
569897,2011-10-06 16:01:00,1,4.95,17813,United Kingdom
569897,2011-10-06 16:01:00,1,3.75,17813,United Kingdom
569897,2011-10-06 16:01:00,1,2.1,17813,United Kingdom
569897,2011-10-06 16:01:00,1,6.25,17813,United Kingdom
569897,2011-10-06 16:01:00,1,2.1,17813,United Kingdom
569897,2011-10-06 16:01:00,1,4.25,17813,United Kingdom
569897,2011-10-06 16:01:00,1,0.79,17813,United Kingdom
569897,2011-10-06 16:01:00,2,2.1,17813,United Kingdom
569897,2011-10-06 16:01:00,12,0.42,17813,United Kingdom
569897,2011-10-06 16:01:00,1,0.39,17813,United Kingdom
569897,2011-10-06 16:01:00,1,7.95,17813,United Kingdom
569897,2011-10-06 16:01:00,1,2.49,17813,United Kingdom
569897,2011-10-06 16:01:00,1,1.65,17813,United Kingdom
569897,2011-10-06 16:01:00,1,0.59,17813,United Kingdom
569897,2011-10-06 16:01:00,1,0.39,17813,United Kingdom
569897,2011-10-06 16:01:00,4,0.42,17813,United Kingdom
569897,2011-10-06 16:01:00,1,3.75,17813,United Kingdom
569897,2011-10-06 16:01:00,1,2.95,17813,United Kingdom
569897,2011-10-06 16:01:00,1,4.25,17813,United Kingdom
569897,2011-10-06 16:01:00,12,0.42,17813,United Kingdom
569897,2011-10-06 16:01:00,1,1.25,17813,United Kingdom
569897,2011-10-06 16:01:00,1,0.39,17813,United Kingdom
569897,2011-10-06 16:01:00,1,1.25,17813,United Kingdom
569897,2011-10-06 16:01:00,1,1.65,17813,United Kingdom
569897,2011-10-06 16:01:00,2,1.69,17813,United Kingdom
569897,2011-10-06 16:01:00,1,1.65,17813,United Kingdom
569897,2011-10-06 16:01:00,1,1.45,17813,United Kingdom
569897,2011-10-06 16:01:00,36,0.65,17813,United Kingdom
569897,2011-10-06 16:01:00,1,3.75,17813,United Kingdom
569897,2011-10-06 16:01:00,2,3.75,17813,United Kingdom
569897,2011-10-06 16:01:00,1,3.75,17813,United Kingdom
569897,2011-10-06 16:01:00,1,0.59,17813,United Kingdom
569897,2011-10-06 16:01:00,1,2.1,17813,United Kingdom
569897,2011-10-06 16:01:00,2,0.65,17813,United Kingdom
569897,2011-10-06 16:01:00,1,0.65,17813,United Kingdom
569897,2011-10-06 16:01:00,2,0.39,17813,United Kingdom
569897,2011-10-06 16:01:00,1,1.65,17813,United Kingdom
569897,2011-10-06 16:01:00,1,7.95,17813,United Kingdom
569897,2011-10-06 16:01:00,9,1.45,17813,United Kingdom
569897,2011-10-06 16:01:00,5,2.1,17813,United Kingdom
569897,2011-10-06 16:01:00,1,2.95,17813,United Kingdom
569897,2011-10-06 16:01:00,1,2.95,17813,United Kingdom
569897,2011-10-06 16:01:00,1,4.95,17813,United Kingdom
569897,2011-10-06 16:01:00,2,0.55,17813,United Kingdom
569897,2011-10-06 16:01:00,1,2.95,17813,United Kingdom
569897,2011-10-06 16:01:00,1,2.1,17813,United Kingdom
569897,2011-10-06 16:01:00,1,2.1,17813,United Kingdom
569897,2011-10-06 16:01:00,1,0.42,17813,United Kingdom
569897,2011-10-06 16:01:00,5,0.42,17813,United Kingdom
569897,2011-10-06 16:01:00,1,2.95,17813,United Kingdom
569897,2011-10-06 16:01:00,1,3.75,17813,United Kingdom
569897,2011-10-06 16:01:00,1,0.79,17813,United Kingdom
569897,2011-10-06 16:01:00,1,1.25,17813,United Kingdom
569897,2011-10-06 16:01:00,1,5.95,17813,United Kingdom
569897,2011-10-06 16:01:00,2,1.25,17813,United Kingdom
569897,2011-10-06 16:01:00,1,4.95,17813,United Kingdom
569897,2011-10-06 16:01:00,1,2.25,17813,United Kingdom
569897,2011-10-06 16:01:00,1,1.25,17813,United Kingdom
569897,2011-10-06 16:01:00,2,4.25,17813,United Kingdom
569897,2011-10-06 16:01:00,2,2.25,17813,United Kingdom
569897,2011-10-06 16:01:00,3,0.85,17813,United Kingdom
569897,2011-10-06 16:01:00,12,1.45,17813,United Kingdom
569897,2011-10-06 16:01:00,1,2.95,17813,United Kingdom
569897,2011-10-06 16:01:00,1,1.45,17813,United Kingdom
570238,2011-10-09 15:01:00,1,0.85,16332,United Kingdom
570238,2011-10-09 15:01:00,3,8.25,16332,United Kingdom
570238,2011-10-09 15:01:00,3,8.25,16332,United Kingdom
570238,2011-10-09 15:01:00,2,5.95,16332,United Kingdom
570238,2011-10-09 15:01:00,2,4.25,16332,United Kingdom
570238,2011-10-09 15:01:00,2,4.95,16332,United Kingdom
570238,2011-10-09 15:01:00,1,2.95,16332,United Kingdom
570238,2011-10-09 15:01:00,6,1.95,16332,United Kingdom
570238,2011-10-09 15:01:00,1,0.85,16332,United Kingdom
570238,2011-10-09 15:01:00,3,2.55,16332,United Kingdom
570238,2011-10-09 15:01:00,1,0.65,16332,United Kingdom
570238,2011-10-09 15:01:00,12,1.25,16332,United Kingdom
570238,2011-10-09 15:01:00,4,0.65,16332,United Kingdom
570238,2011-10-09 15:01:00,2,0.42,16332,United Kingdom
570238,2011-10-09 15:01:00,1,1.65,16332,United Kingdom
570238,2011-10-09 15:01:00,1,1.65,16332,United Kingdom
570238,2011-10-09 15:01:00,1,0.42,16332,United Kingdom
570238,2011-10-09 15:01:00,1,1.25,16332,United Kingdom
570238,2011-10-09 15:01:00,1,0.12,16332,United Kingdom
570238,2011-10-09 15:01:00,1,1.95,16332,United Kingdom
570253,2011-10-10 09:18:00,120,4.95,14156,EIRE
570253,2011-10-10 09:18:00,240,5.75,14156,EIRE
570418,2011-10-10 13:31:00,4,3.95,15211,United Kingdom
570418,2011-10-10 13:31:00,12,1.25,15211,United Kingdom
570418,2011-10-10 13:31:00,6,4.95,15211,United Kingdom
570418,2011-10-10 13:31:00,4,3.95,15211,United Kingdom
570418,2011-10-10 13:31:00,2,6.65,15211,United Kingdom
570418,2011-10-10 13:31:00,4,3.95,15211,United Kingdom
570418,2011-10-10 13:31:00,3,5.95,15211,United Kingdom
570418,2011-10-10 13:31:00,1,12.75,15211,United Kingdom
570418,2011-10-10 13:31:00,2,6.25,15211,United Kingdom
570418,2011-10-10 13:31:00,4,3.75,15211,United Kingdom
570418,2011-10-10 13:31:00,2,6.25,15211,United Kingdom
570418,2011-10-10 13:31:00,2,9.95,15211,United Kingdom
570418,2011-10-10 13:31:00,2,12.5,15211,United Kingdom
570418,2011-10-10 13:31:00,2,12.5,15211,United Kingdom
570418,2011-10-10 13:31:00,12,0.85,15211,United Kingdom
570418,2011-10-10 13:31:00,4,3.75,15211,United Kingdom
570418,2011-10-10 13:31:00,4,3.75,15211,United Kingdom
570418,2011-10-10 13:31:00,6,2.55,15211,United Kingdom
570418,2011-10-10 13:31:00,5,4.95,15211,United Kingdom
570418,2011-10-10 13:31:00,4,4.15,15211,United Kingdom
570418,2011-10-10 13:31:00,6,2.55,15211,United Kingdom
570418,2011-10-10 13:31:00,6,2.89,15211,United Kingdom
570418,2011-10-10 13:31:00,6,2.95,15211,United Kingdom
570418,2011-10-10 13:31:00,1,12.5,15211,United Kingdom
570418,2011-10-10 13:31:00,2,7.5,15211,United Kingdom
570418,2011-10-10 13:31:00,6,3.75,15211,United Kingdom
570418,2011-10-10 13:31:00,4,3.75,15211,United Kingdom
570418,2011-10-10 13:31:00,4,3.75,15211,United Kingdom
570418,2011-10-10 13:31:00,3,12.75,15211,United Kingdom
570482,2011-10-10 17:00:00,36,0.42,17459,United Kingdom
570482,2011-10-10 17:00:00,1,0.39,17459,United Kingdom
570482,2011-10-10 17:00:00,1,0.39,17459,United Kingdom
570482,2011-10-10 17:00:00,1,0.39,17459,United Kingdom
570482,2011-10-10 17:00:00,1,9.95,17459,United Kingdom
570482,2011-10-10 17:00:00,12,0.85,17459,United Kingdom
570482,2011-10-10 17:00:00,20,1.25,17459,United Kingdom
570482,2011-10-10 17:00:00,1,2.08,17459,United Kingdom
570482,2011-10-10 17:00:00,1,2.08,17459,United Kingdom
570482,2011-10-10 17:00:00,1,2.08,17459,United Kingdom
570482,2011-10-10 17:00:00,1,2.08,17459,United Kingdom
570482,2011-10-10 17:00:00,1,2.08,17459,United Kingdom
570482,2011-10-10 17:00:00,1,2.08,17459,United Kingdom
570482,2011-10-10 17:00:00,1,0.39,17459,United Kingdom
570482,2011-10-10 17:00:00,1,2.08,17459,United Kingdom
570482,2011-10-10 17:00:00,1,2.08,17459,United Kingdom
570482,2011-10-10 17:00:00,1,0.39,17459,United Kingdom
570482,2011-10-10 17:00:00,1,0.39,17459,United Kingdom
570482,2011-10-10 17:00:00,1,0.39,17459,United Kingdom
570482,2011-10-10 17:00:00,2,9.95,17459,United Kingdom
570482,2011-10-10 17:00:00,1,1.65,17459,United Kingdom
570482,2011-10-10 17:00:00,1,1.65,17459,United Kingdom
570482,2011-10-10 17:00:00,2,1.65,17459,United Kingdom
570482,2011-10-10 17:00:00,2,1.65,17459,United Kingdom
570482,2011-10-10 17:00:00,2,1.65,17459,United Kingdom
570482,2011-10-10 17:00:00,2,1.65,17459,United Kingdom
570482,2011-10-10 17:00:00,1,0.39,17459,United Kingdom
570482,2011-10-10 17:00:00,2,1.65,17459,United Kingdom
570482,2011-10-10 17:00:00,2,1.65,17459,United Kingdom
570482,2011-10-10 17:00:00,2,1.65,17459,United Kingdom
570482,2011-10-10 17:00:00,1,2.08,17459,United Kingdom
570482,2011-10-10 17:00:00,1,0.39,17459,United Kingdom
570482,2011-10-10 17:00:00,1,0.39,17459,United Kingdom
570482,2011-10-10 17:00:00,1,0.39,17459,United Kingdom
570482,2011-10-10 17:00:00,1,0.39,17459,United Kingdom
570482,2011-10-10 17:00:00,2,1.65,17459,United Kingdom
570482,2011-10-10 17:00:00,1,2.08,17459,United Kingdom
570482,2011-10-10 17:00:00,1,0.39,17459,United Kingdom
570482,2011-10-10 17:00:00,1,2.08,17459,United Kingdom
570482,2011-10-10 17:00:00,1,0.65,17459,United Kingdom
570482,2011-10-10 17:00:00,1,0.65,17459,United Kingdom
570482,2011-10-10 17:00:00,1,0.65,17459,United Kingdom
570482,2011-10-10 17:00:00,1,0.65,17459,United Kingdom
570482,2011-10-10 17:00:00,25,0.19,17459,United Kingdom
570482,2011-10-10 17:00:00,5,1.25,17459,United Kingdom
570482,2011-10-10 17:00:00,5,1.25,17459,United Kingdom
570482,2011-10-10 17:00:00,5,1.25,17459,United Kingdom
570482,2011-10-10 17:00:00,5,1.25,17459,United Kingdom
570482,2011-10-10 17:00:00,5,1.65,17459,United Kingdom
570482,2011-10-10 17:00:00,1,9.95,17459,United Kingdom
570482,2011-10-10 17:00:00,12,0.79,17459,United Kingdom
570482,2011-10-10 17:00:00,3,1.25,17459,United Kingdom
570482,2011-10-10 17:00:00,3,1.25,17459,United Kingdom
570482,2011-10-10 17:00:00,3,1.25,17459,United Kingdom
570482,2011-10-10 17:00:00,1,0.65,17459,United Kingdom
570482,2011-10-10 17:00:00,3,1.25,17459,United Kingdom
570482,2011-10-10 17:00:00,1,0.65,17459,United Kingdom
570482,2011-10-10 17:00:00,1,2.95,17459,United Kingdom
570482,2011-10-10 17:00:00,2,2.49,17459,United Kingdom
570482,2011-10-10 17:00:00,2,2.49,17459,United Kingdom
570482,2011-10-10 17:00:00,1,2.1,17459,United Kingdom
570482,2011-10-10 17:00:00,1,2.1,17459,United Kingdom
570482,2011-10-10 17:00:00,1,2.1,17459,United Kingdom
570482,2011-10-10 17:00:00,1,2.1,17459,United Kingdom
570482,2011-10-10 17:00:00,1,2.1,17459,United Kingdom
570482,2011-10-10 17:00:00,1,2.1,17459,United Kingdom
570482,2011-10-10 17:00:00,1,2.1,17459,United Kingdom
570482,2011-10-10 17:00:00,1,7.65,17459,United Kingdom
570482,2011-10-10 17:00:00,1,4.95,17459,United Kingdom
570482,2011-10-10 17:00:00,1,3.75,17459,United Kingdom
570482,2011-10-10 17:00:00,5,1.65,17459,United Kingdom
570482,2011-10-10 17:00:00,5,1.65,17459,United Kingdom
570482,2011-10-10 17:00:00,5,1.65,17459,United Kingdom
570482,2011-10-10 17:00:00,1,2.95,17459,United Kingdom
570482,2011-10-10 17:00:00,1,12.5,17459,United Kingdom
570482,2011-10-10 17:00:00,1,2.08,17459,United Kingdom
570661,2011-10-11 14:19:00,12,2.55,17554,United Kingdom
570661,2011-10-11 14:19:00,36,0.21,17554,United Kingdom
570661,2011-10-11 14:19:00,24,1.25,17554,United Kingdom
570661,2011-10-11 14:19:00,2,8.5,17554,United Kingdom
570661,2011-10-11 14:19:00,6,2.55,17554,United Kingdom
570661,2011-10-11 14:19:00,8,3.75,17554,United Kingdom
570661,2011-10-11 14:19:00,8,3.75,17554,United Kingdom
570661,2011-10-11 14:19:00,8,3.75,17554,United Kingdom
570661,2011-10-11 14:19:00,12,0.39,17554,United Kingdom
570661,2011-10-11 14:19:00,4,3.75,17554,United Kingdom
570700,2011-10-12 09:29:00,1,50.0,14156,EIRE
570700,2011-10-12 09:29:00,4,4.95,14156,EIRE
570700,2011-10-12 09:29:00,6,2.95,14156,EIRE
570700,2011-10-12 09:29:00,6,2.95,14156,EIRE
570700,2011-10-12 09:29:00,4,9.95,14156,EIRE
570700,2011-10-12 09:29:00,6,2.95,14156,EIRE
570700,2011-10-12 09:29:00,4,3.25,14156,EIRE
570700,2011-10-12 09:29:00,12,1.65,14156,EIRE
570700,2011-10-12 09:29:00,12,1.65,14156,EIRE
570700,2011-10-12 09:29:00,1,12.75,14156,EIRE
570700,2011-10-12 09:29:00,16,10.95,14156,EIRE
570700,2011-10-12 09:29:00,4,4.15,14156,EIRE
570731,2011-10-12 11:33:00,12,1.25,15038,United Kingdom
570842,2011-10-12 14:21:00,24,0.39,17676,United Kingdom
570842,2011-10-12 14:21:00,10,1.65,17676,United Kingdom
570842,2011-10-12 14:21:00,24,0.39,17676,United Kingdom
570842,2011-10-12 14:21:00,24,0.39,17676,United Kingdom
570842,2011-10-12 14:21:00,4,4.25,17676,United Kingdom
570842,2011-10-12 14:21:00,12,1.25,17676,United Kingdom
570842,2011-10-12 14:21:00,12,2.1,17676,United Kingdom
570842,2011-10-12 14:21:00,4,4.25,17676,United Kingdom
570842,2011-10-12 14:21:00,24,0.39,17676,United Kingdom
570842,2011-10-12 14:21:00,4,4.25,17676,United Kingdom
570842,2011-10-12 14:21:00,10,0.85,17676,United Kingdom
570842,2011-10-12 14:21:00,4,3.75,17676,United Kingdom
570842,2011-10-12 14:21:00,8,1.95,17676,United Kingdom
570842,2011-10-12 14:21:00,10,0.85,17676,United Kingdom
570842,2011-10-12 14:21:00,10,0.85,17676,United Kingdom
570842,2011-10-12 14:21:00,10,0.85,17676,United Kingdom
570842,2011-10-12 14:21:00,10,1.65,17676,United Kingdom
570842,2011-10-12 14:21:00,20,1.65,17676,United Kingdom
570842,2011-10-12 14:21:00,10,1.65,17676,United Kingdom
570842,2011-10-12 14:21:00,10,1.65,17676,United Kingdom
570842,2011-10-12 14:21:00,4,4.25,17676,United Kingdom
570961,2011-10-13 11:37:00,48,1.25,13784,United Kingdom
570961,2011-10-13 11:37:00,96,2.08,13784,United Kingdom
570961,2011-10-13 11:37:00,48,0.85,13784,United Kingdom
571060,2011-10-13 14:28:00,1,2.49,17813,United Kingdom
571120,2011-10-14 09:06:00,12,1.25,16950,United Kingdom
571120,2011-10-14 09:06:00,24,0.39,16950,United Kingdom
571120,2011-10-14 09:06:00,64,0.19,16950,United Kingdom
571120,2011-10-14 09:06:00,48,0.39,16950,United Kingdom
571120,2011-10-14 09:06:00,3,4.95,16950,United Kingdom
571120,2011-10-14 09:06:00,4,3.75,16950,United Kingdom
571120,2011-10-14 09:06:00,12,1.95,16950,United Kingdom
571120,2011-10-14 09:06:00,12,0.95,16950,United Kingdom
571120,2011-10-14 09:06:00,2,8.25,16950,United Kingdom
571120,2011-10-14 09:06:00,12,1.25,16950,United Kingdom
571120,2011-10-14 09:06:00,64,2.55,16950,United Kingdom
571120,2011-10-14 09:06:00,12,0.85,16950,United Kingdom
571120,2011-10-14 09:06:00,2,7.5,16950,United Kingdom
571120,2011-10-14 09:06:00,12,0.83,16950,United Kingdom
571120,2011-10-14 09:06:00,24,2.1,16950,United Kingdom
571129,2011-10-14 10:03:00,1,50.0,14156,EIRE
571129,2011-10-14 10:03:00,20,2.08,14156,EIRE
571129,2011-10-14 10:03:00,20,2.08,14156,EIRE
571129,2011-10-14 10:03:00,20,1.65,14156,EIRE
571129,2011-10-14 10:03:00,20,0.85,14156,EIRE
571129,2011-10-14 10:03:00,20,0.85,14156,EIRE
571129,2011-10-14 10:03:00,20,0.85,14156,EIRE
571129,2011-10-14 10:03:00,20,0.85,14156,EIRE
571129,2011-10-14 10:03:00,20,0.85,14156,EIRE
571129,2011-10-14 10:03:00,20,0.42,14156,EIRE
571129,2011-10-14 10:03:00,20,0.85,14156,EIRE
571129,2011-10-14 10:03:00,4,9.95,14156,EIRE
571129,2011-10-14 10:03:00,20,0.42,14156,EIRE
571129,2011-10-14 10:03:00,20,0.42,14156,EIRE
571129,2011-10-14 10:03:00,20,0.42,14156,EIRE
571129,2011-10-14 10:03:00,20,0.42,14156,EIRE
571129,2011-10-14 10:03:00,24,0.83,14156,EIRE
571129,2011-10-14 10:03:00,24,0.83,14156,EIRE
571129,2011-10-14 10:03:00,20,0.85,14156,EIRE
571169,2011-10-14 10:28:00,2,5.95,16168,United Kingdom
571169,2011-10-14 10:28:00,2,5.95,16168,United Kingdom
571169,2011-10-14 10:28:00,2,5.95,16168,United Kingdom
571169,2011-10-14 10:28:00,2,6.25,16168,United Kingdom
571169,2011-10-14 10:28:00,6,4.15,16168,United Kingdom
571169,2011-10-14 10:28:00,24,1.95,16168,United Kingdom
571216,2011-10-14 13:06:00,4,4.95,16081,United Kingdom
571216,2011-10-14 13:06:00,2,5.75,16081,United Kingdom
571216,2011-10-14 13:06:00,6,0.42,16081,United Kingdom
571216,2011-10-14 13:06:00,3,1.25,16081,United Kingdom
571216,2011-10-14 13:06:00,1,5.95,16081,United Kingdom
571216,2011-10-14 13:06:00,1,0.65,16081,United Kingdom
571216,2011-10-14 13:06:00,1,2.08,16081,United Kingdom
571216,2011-10-14 13:06:00,6,0.85,16081,United Kingdom
571216,2011-10-14 13:06:00,1,0.85,16081,United Kingdom
571216,2011-10-14 13:06:00,2,2.1,16081,United Kingdom
571216,2011-10-14 13:06:00,2,2.1,16081,United Kingdom
571216,2011-10-14 13:06:00,2,1.25,16081,United Kingdom
571216,2011-10-14 13:06:00,3,0.42,16081,United Kingdom
571216,2011-10-14 13:06:00,12,0.39,16081,United Kingdom
571216,2011-10-14 13:06:00,1,1.25,16081,United Kingdom
571216,2011-10-14 13:06:00,1,1.25,16081,United Kingdom
571216,2011-10-14 13:06:00,1,2.55,16081,United Kingdom
571216,2011-10-14 13:06:00,1,2.55,16081,United Kingdom
571216,2011-10-14 13:06:00,1,1.25,16081,United Kingdom
571216,2011-10-14 13:06:00,1,2.55,16081,United Kingdom
571216,2011-10-14 13:06:00,1,3.75,16081,United Kingdom
571216,2011-10-14 13:06:00,1,1.25,16081,United Kingdom
571216,2011-10-14 13:06:00,1,0.39,16081,United Kingdom
571216,2011-10-14 13:06:00,1,4.95,16081,United Kingdom
571216,2011-10-14 13:06:00,1,4.95,16081,United Kingdom
571216,2011-10-14 13:06:00,1,3.25,16081,United Kingdom
571216,2011-10-14 13:06:00,3,0.42,16081,United Kingdom
571216,2011-10-14 13:06:00,1,1.45,16081,United Kingdom
571216,2011-10-14 13:06:00,1,1.25,16081,United Kingdom
571216,2011-10-14 13:06:00,1,1.45,16081,United Kingdom
571216,2011-10-14 13:06:00,1,2.95,16081,United Kingdom
571216,2011-10-14 13:06:00,4,0.85,16081,United Kingdom
571216,2011-10-14 13:06:00,1,3.75,16081,United Kingdom
571216,2011-10-14 13:06:00,2,2.1,16081,United Kingdom
571216,2011-10-14 13:06:00,1,2.95,16081,United Kingdom
571216,2011-10-14 13:06:00,2,1.45,16081,United Kingdom
571216,2011-10-14 13:06:00,1,3.75,16081,United Kingdom
571216,2011-10-14 13:06:00,3,2.95,16081,United Kingdom
571216,2011-10-14 13:06:00,1,4.95,16081,United Kingdom
571216,2011-10-14 13:06:00,2,1.65,16081,United Kingdom
571216,2011-10-14 13:06:00,2,1.45,16081,United Kingdom
571216,2011-10-14 13:06:00,2,1.65,16081,United Kingdom
571216,2011-10-14 13:06:00,1,0.39,16081,United Kingdom
571216,2011-10-14 13:06:00,1,2.95,16081,United Kingdom
571216,2011-10-14 13:06:00,1,12.75,16081,United Kingdom
571216,2011-10-14 13:06:00,1,2.95,16081,United Kingdom
571216,2011-10-14 13:06:00,2,1.95,16081,United Kingdom
571216,2011-10-14 13:06:00,1,0.39,16081,United Kingdom
571216,2011-10-14 13:06:00,2,4.95,16081,United Kingdom
571216,2011-10-14 13:06:00,3,0.42,16081,United Kingdom
571216,2011-10-14 13:06:00,2,1.25,16081,United Kingdom
571216,2011-10-14 13:06:00,2,1.65,16081,United Kingdom
571216,2011-10-14 13:06:00,2,1.65,16081,United Kingdom
571216,2011-10-14 13:06:00,1,9.95,16081,United Kingdom
571216,2011-10-14 13:06:00,4,1.25,16081,United Kingdom
571216,2011-10-14 13:06:00,3,0.65,16081,United Kingdom
571216,2011-10-14 13:06:00,2,1.45,16081,United Kingdom
571313,2011-10-17 10:42:00,72,1.06,14156,EIRE
571313,2011-10-17 10:42:00,72,1.06,14156,EIRE
571313,2011-10-17 10:42:00,8,9.95,14156,EIRE
571313,2011-10-17 10:42:00,16,8.5,14156,EIRE
571313,2011-10-17 10:42:00,500,0.72,14156,EIRE
571314,2011-10-17 10:43:00,96,0.64,14156,EIRE
571314,2011-10-17 10:43:00,48,1.25,14156,EIRE
571314,2011-10-17 10:43:00,48,1.25,14156,EIRE
571314,2011-10-17 10:43:00,48,1.25,14156,EIRE
571314,2011-10-17 10:43:00,64,2.55,14156,EIRE
571314,2011-10-17 10:43:00,32,2.55,14156,EIRE
571314,2011-10-17 10:43:00,48,3.75,14156,EIRE
571314,2011-10-17 10:43:00,64,2.55,14156,EIRE
571314,2011-10-17 10:43:00,8,8.15,14156,EIRE
571360,2011-10-17 11:51:00,12,1.25,16563,United Kingdom
571360,2011-10-17 11:51:00,24,4.95,16563,United Kingdom
571360,2011-10-17 11:51:00,2,8.95,16563,United Kingdom
571360,2011-10-17 11:51:00,48,3.39,16563,United Kingdom
571360,2011-10-17 11:51:00,48,3.39,16563,United Kingdom
571360,2011-10-17 11:51:00,4,3.75,16563,United Kingdom
571360,2011-10-17 11:51:00,2,9.95,16563,United Kingdom
571360,2011-10-17 11:51:00,12,1.65,16563,United Kingdom
571360,2011-10-17 11:51:00,8,8.5,16563,United Kingdom
571360,2011-10-17 11:51:00,12,2.55,16563,United Kingdom
571360,2011-10-17 11:51:00,72,1.25,16563,United Kingdom
571360,2011-10-17 11:51:00,12,0.42,16563,United Kingdom
571360,2011-10-17 11:51:00,4,3.29,16563,United Kingdom
571360,2011-10-17 11:51:00,12,1.45,16563,United Kingdom
571360,2011-10-17 11:51:00,12,1.25,16563,United Kingdom
571360,2011-10-17 11:51:00,160,1.45,16563,United Kingdom
571360,2011-10-17 11:51:00,24,1.25,16563,United Kingdom
571360,2011-10-17 11:51:00,12,1.25,16563,United Kingdom
571360,2011-10-17 11:51:00,6,4.95,16563,United Kingdom
571444,2011-10-17 13:44:00,12,1.45,18179,United Kingdom
571444,2011-10-17 13:44:00,10,2.08,18179,United Kingdom
571444,2011-10-17 13:44:00,24,0.55,18179,United Kingdom
571444,2011-10-17 13:44:00,6,2.95,18179,United Kingdom
571444,2011-10-17 13:44:00,18,1.25,18179,United Kingdom
571444,2011-10-17 13:44:00,2,8.5,18179,United Kingdom
571444,2011-10-17 13:44:00,10,2.08,18179,United Kingdom
571444,2011-10-17 13:44:00,10,1.65,18179,United Kingdom
571444,2011-10-17 13:44:00,10,1.65,18179,United Kingdom
571444,2011-10-17 13:44:00,2,8.5,18179,United Kingdom
571444,2011-10-17 13:44:00,12,2.95,18179,United Kingdom
571444,2011-10-17 13:44:00,6,2.89,18179,United Kingdom
571444,2011-10-17 13:44:00,4,8.5,18179,United Kingdom
571444,2011-10-17 13:44:00,10,0.82,18179,United Kingdom
571444,2011-10-17 13:44:00,12,2.1,18179,United Kingdom
571444,2011-10-17 13:44:00,2,8.5,18179,United Kingdom
571444,2011-10-17 13:44:00,1,14.95,18179,United Kingdom
571444,2011-10-17 13:44:00,12,1.25,18179,United Kingdom
571444,2011-10-17 13:44:00,6,2.89,18179,United Kingdom
571444,2011-10-17 13:44:00,10,2.08,18179,United Kingdom
571444,2011-10-17 13:44:00,2,7.95,18179,United Kingdom
571444,2011-10-17 13:44:00,10,0.82,18179,United Kingdom
571444,2011-10-17 13:44:00,12,1.25,18179,United Kingdom
571444,2011-10-17 13:44:00,12,1.25,18179,United Kingdom
571444,2011-10-17 13:44:00,2,4.95,18179,United Kingdom
571444,2011-10-17 13:44:00,10,2.08,18179,United Kingdom
571561,2011-10-18 10:02:00,12,5.95,14015,United Kingdom
571561,2011-10-18 10:02:00,12,5.95,14015,United Kingdom
571561,2011-10-18 10:02:00,72,0.72,14015,United Kingdom
571561,2011-10-18 10:02:00,8,3.75,14015,United Kingdom
571561,2011-10-18 10:02:00,12,3.75,14015,United Kingdom
571561,2011-10-18 10:02:00,8,2.25,14015,United Kingdom
571561,2011-10-18 10:02:00,8,2.25,14015,United Kingdom
571561,2011-10-18 10:02:00,8,2.25,14015,United Kingdom
571561,2011-10-18 10:02:00,8,2.25,14015,United Kingdom
571561,2011-10-18 10:02:00,12,5.95,14015,United Kingdom
571561,2011-10-18 10:02:00,24,4.25,14015,United Kingdom
571561,2011-10-18 10:02:00,10,1.95,14015,United Kingdom
571561,2011-10-18 10:02:00,36,1.45,14015,United Kingdom
571561,2011-10-18 10:02:00,36,1.45,14015,United Kingdom
571561,2011-10-18 10:02:00,24,2.08,14015,United Kingdom
571561,2011-10-18 10:02:00,12,3.75,14015,United Kingdom
571561,2011-10-18 10:02:00,36,1.25,14015,United Kingdom
571561,2011-10-18 10:02:00,4,3.75,14015,United Kingdom
571561,2011-10-18 10:02:00,4,3.75,14015,United Kingdom
571561,2011-10-18 10:02:00,32,3.39,14015,United Kingdom
571562,2011-10-18 10:04:00,10,1.65,14156,EIRE
571562,2011-10-18 10:04:00,20,1.65,14156,EIRE
571562,2011-10-18 10:04:00,20,1.65,14156,EIRE
571562,2011-10-18 10:04:00,20,1.65,14156,EIRE
571562,2011-10-18 10:04:00,48,0.63,14156,EIRE
571562,2011-10-18 10:04:00,8,3.75,14156,EIRE
571562,2011-10-18 10:04:00,6,5.95,14156,EIRE
571562,2011-10-18 10:04:00,4,3.75,14156,EIRE
571562,2011-10-18 10:04:00,20,1.65,14156,EIRE
571562,2011-10-18 10:04:00,12,2.08,14156,EIRE
571562,2011-10-18 10:04:00,20,1.65,14156,EIRE
571562,2011-10-18 10:04:00,6,2.95,14156,EIRE
571562,2011-10-18 10:04:00,20,1.65,14156,EIRE
571562,2011-10-18 10:04:00,20,1.65,14156,EIRE
571562,2011-10-18 10:04:00,24,2.08,14156,EIRE
571562,2011-10-18 10:04:00,6,2.95,14156,EIRE
571562,2011-10-18 10:04:00,4,3.95,14156,EIRE
571562,2011-10-18 10:04:00,8,4.95,14156,EIRE
571562,2011-10-18 10:04:00,20,0.85,14156,EIRE
571562,2011-10-18 10:04:00,6,2.95,14156,EIRE
571562,2011-10-18 10:04:00,16,5.95,14156,EIRE
571562,2011-10-18 10:04:00,20,1.65,14156,EIRE
571562,2011-10-18 10:04:00,4,4.25,14156,EIRE
571660,2011-10-18 12:49:00,12,1.25,16191,United Kingdom
571660,2011-10-18 12:49:00,12,0.42,16191,United Kingdom
571660,2011-10-18 12:49:00,6,2.89,16191,United Kingdom
571660,2011-10-18 12:49:00,12,0.42,16191,United Kingdom
571660,2011-10-18 12:49:00,8,2.95,16191,United Kingdom
571660,2011-10-18 12:49:00,12,1.25,16191,United Kingdom
571660,2011-10-18 12:49:00,12,1.25,16191,United Kingdom
571660,2011-10-18 12:49:00,12,0.42,16191,United Kingdom
571660,2011-10-18 12:49:00,4,8.5,16191,United Kingdom
571660,2011-10-18 12:49:00,6,2.55,16191,United Kingdom
571660,2011-10-18 12:49:00,6,2.1,16191,United Kingdom
571660,2011-10-18 12:49:00,12,1.25,16191,United Kingdom
571660,2011-10-18 12:49:00,2,7.65,16191,United Kingdom
571660,2011-10-18 12:49:00,4,8.5,16191,United Kingdom
571660,2011-10-18 12:49:00,4,3.75,16191,United Kingdom
571660,2011-10-18 12:49:00,4,3.75,16191,United Kingdom
571660,2011-10-18 12:49:00,24,0.55,16191,United Kingdom
571660,2011-10-18 12:49:00,6,2.55,16191,United Kingdom
571660,2011-10-18 12:49:00,20,1.25,16191,United Kingdom
571660,2011-10-18 12:49:00,25,0.42,16191,United Kingdom
571660,2011-10-18 12:49:00,6,2.95,16191,United Kingdom
571660,2011-10-18 12:49:00,12,0.83,16191,United Kingdom
571660,2011-10-18 12:49:00,25,0.42,16191,United Kingdom
571660,2011-10-18 12:49:00,25,0.42,16191,United Kingdom
571660,2011-10-18 12:49:00,25,0.42,16191,United Kingdom
571660,2011-10-18 12:49:00,25,0.42,16191,United Kingdom
571660,2011-10-18 12:49:00,24,0.42,16191,United Kingdom
571660,2011-10-18 12:49:00,12,1.25,16191,United Kingdom
571660,2011-10-18 12:49:00,12,1.25,16191,United Kingdom
571660,2011-10-18 12:49:00,25,0.42,16191,United Kingdom
571660,2011-10-18 12:49:00,12,1.25,16191,United Kingdom
571660,2011-10-18 12:49:00,12,1.45,16191,United Kingdom
571660,2011-10-18 12:49:00,12,1.25,16191,United Kingdom
571660,2011-10-18 12:49:00,12,0.83,16191,United Kingdom
571660,2011-10-18 12:49:00,12,0.83,16191,United Kingdom
571660,2011-10-18 12:49:00,12,0.83,16191,United Kingdom
571660,2011-10-18 12:49:00,12,0.85,16191,United Kingdom
571660,2011-10-18 12:49:00,12,0.85,16191,United Kingdom
571684,2011-10-18 14:11:00,5,4.95,16730,United Kingdom
571684,2011-10-18 14:11:00,6,1.65,16730,United Kingdom
571684,2011-10-18 14:11:00,6,1.25,16730,United Kingdom
571684,2011-10-18 14:11:00,6,1.65,16730,United Kingdom
571684,2011-10-18 14:11:00,12,2.55,16730,United Kingdom
571684,2011-10-18 14:11:00,25,0.42,16730,United Kingdom
571684,2011-10-18 14:11:00,32,0.83,16730,United Kingdom
571684,2011-10-18 14:11:00,4,3.75,16730,United Kingdom
571684,2011-10-18 14:11:00,25,0.42,16730,United Kingdom
571684,2011-10-18 14:11:00,1,3.75,16730,United Kingdom
571684,2011-10-18 14:11:00,2,2.95,16730,United Kingdom
571684,2011-10-18 14:11:00,4,2.55,16730,United Kingdom
571684,2011-10-18 14:11:00,5,1.45,16730,United Kingdom
571684,2011-10-18 14:11:00,2,2.95,16730,United Kingdom
571684,2011-10-18 14:11:00,2,5.95,16730,United Kingdom
571684,2011-10-18 14:11:00,1,4.95,16730,United Kingdom
571684,2011-10-18 14:11:00,12,0.42,16730,United Kingdom
571684,2011-10-18 14:11:00,2,2.95,16730,United Kingdom
571684,2011-10-18 14:11:00,12,1.69,16730,United Kingdom
571684,2011-10-18 14:11:00,2,1.25,16730,United Kingdom
571684,2011-10-18 14:11:00,1,3.75,16730,United Kingdom
571684,2011-10-18 14:11:00,3,0.29,16730,United Kingdom
571684,2011-10-18 14:11:00,1,0.95,16730,United Kingdom
571684,2011-10-18 14:11:00,12,0.12,16730,United Kingdom
571684,2011-10-18 14:11:00,2,0.39,16730,United Kingdom
571684,2011-10-18 14:11:00,3,0.29,16730,United Kingdom
571684,2011-10-18 14:11:00,3,0.29,16730,United Kingdom
571684,2011-10-18 14:11:00,1,1.25,16730,United Kingdom
571684,2011-10-18 14:11:00,3,0.42,16730,United Kingdom
571684,2011-10-18 14:11:00,3,0.42,16730,United Kingdom
571684,2011-10-18 14:11:00,1,0.39,16730,United Kingdom
571684,2011-10-18 14:11:00,2,0.39,16730,United Kingdom
571684,2011-10-18 14:11:00,3,0.39,16730,United Kingdom
571684,2011-10-18 14:11:00,3,0.39,16730,United Kingdom
571684,2011-10-18 14:11:00,3,0.42,16730,United Kingdom
571684,2011-10-18 14:11:00,6,0.83,16730,United Kingdom
571684,2011-10-18 14:11:00,4,0.39,16730,United Kingdom
571684,2011-10-18 14:11:00,4,0.39,16730,United Kingdom
571684,2011-10-18 14:11:00,1,0.29,16730,United Kingdom
571684,2011-10-18 14:11:00,2,0.29,16730,United Kingdom
571684,2011-10-18 14:11:00,5,0.29,16730,United Kingdom
571684,2011-10-18 14:11:00,5,0.29,16730,United Kingdom
571684,2011-10-18 14:11:00,3,0.39,16730,United Kingdom
571684,2011-10-18 14:11:00,1,0.39,16730,United Kingdom
571684,2011-10-18 14:11:00,3,0.63,16730,United Kingdom
571726,2011-10-19 09:00:00,12,0.83,16191,United Kingdom
571726,2011-10-19 09:00:00,12,0.83,16191,United Kingdom
571726,2011-10-19 09:00:00,12,0.85,16191,United Kingdom
571726,2011-10-19 09:00:00,6,2.95,16191,United Kingdom
571726,2011-10-19 09:00:00,24,1.25,16191,United Kingdom
571726,2011-10-19 09:00:00,96,1.85,16191,United Kingdom
571726,2011-10-19 09:00:00,12,1.25,16191,United Kingdom
571726,2011-10-19 09:00:00,12,0.42,16191,United Kingdom
571726,2011-10-19 09:00:00,96,1.85,16191,United Kingdom
571726,2011-10-19 09:00:00,6,2.55,16191,United Kingdom
571726,2011-10-19 09:00:00,12,1.25,16191,United Kingdom
571726,2011-10-19 09:00:00,12,1.25,16191,United Kingdom
571726,2011-10-19 09:00:00,12,1.45,16191,United Kingdom
571726,2011-10-19 09:00:00,12,0.83,16191,United Kingdom
571726,2011-10-19 09:00:00,12,1.25,16191,United Kingdom
571726,2011-10-19 09:00:00,12,1.25,16191,United Kingdom
571726,2011-10-19 09:00:00,96,1.65,16191,United Kingdom
571726,2011-10-19 09:00:00,6,2.1,16191,United Kingdom
571726,2011-10-19 09:00:00,6,2.55,16191,United Kingdom
571726,2011-10-19 09:00:00,4,3.75,16191,United Kingdom
571726,2011-10-19 09:00:00,4,3.75,16191,United Kingdom
571726,2011-10-19 09:00:00,24,3.29,16191,United Kingdom
571726,2011-10-19 09:00:00,4,8.5,16191,United Kingdom
571726,2011-10-19 09:00:00,12,0.42,16191,United Kingdom
571726,2011-10-19 09:00:00,12,0.42,16191,United Kingdom
571726,2011-10-19 09:00:00,6,2.89,16191,United Kingdom
571726,2011-10-19 09:00:00,12,1.25,16191,United Kingdom
571730,2011-10-19 09:48:00,12,1.25,16851,United Kingdom
571730,2011-10-19 09:48:00,12,1.45,16851,United Kingdom
571730,2011-10-19 09:48:00,5,4.95,16851,United Kingdom
571730,2011-10-19 09:48:00,12,1.69,16851,United Kingdom
571730,2011-10-19 09:48:00,12,1.25,16851,United Kingdom
571730,2011-10-19 09:48:00,24,0.29,16851,United Kingdom
571730,2011-10-19 09:48:00,6,1.95,16851,United Kingdom
571848,2011-10-19 12:50:00,12,0.42,13576,United Kingdom
571848,2011-10-19 12:50:00,12,1.25,13576,United Kingdom
571848,2011-10-19 12:50:00,6,4.95,13576,United Kingdom
571848,2011-10-19 12:50:00,4,4.25,13576,United Kingdom
571848,2011-10-19 12:50:00,12,0.95,13576,United Kingdom
571848,2011-10-19 12:50:00,6,2.95,13576,United Kingdom
571848,2011-10-19 12:50:00,4,1.95,13576,United Kingdom
571848,2011-10-19 12:50:00,12,0.42,13576,United Kingdom
571848,2011-10-19 12:50:00,24,0.19,13576,United Kingdom
571848,2011-10-19 12:50:00,3,4.95,13576,United Kingdom
571848,2011-10-19 12:50:00,1,12.5,13576,United Kingdom
571848,2011-10-19 12:50:00,2,9.95,13576,United Kingdom
571848,2011-10-19 12:50:00,8,2.95,13576,United Kingdom
571848,2011-10-19 12:50:00,2,8.5,13576,United Kingdom
571848,2011-10-19 12:50:00,2,7.95,13576,United Kingdom
571848,2011-10-19 12:50:00,6,2.95,13576,United Kingdom
571848,2011-10-19 12:50:00,12,1.65,13576,United Kingdom
571848,2011-10-19 12:50:00,2,7.95,13576,United Kingdom
571848,2011-10-19 12:50:00,2,6.75,13576,United Kingdom
571941,2011-10-20 10:04:00,3,12.5,14261,United Kingdom
571941,2011-10-20 10:04:00,3,12.5,14261,United Kingdom
571941,2011-10-20 10:04:00,3,12.5,14261,United Kingdom
571941,2011-10-20 10:04:00,3,12.5,14261,United Kingdom
571941,2011-10-20 10:04:00,2,7.85,14261,United Kingdom
571941,2011-10-20 10:04:00,3,12.5,14261,United Kingdom
571941,2011-10-20 10:04:00,2,8.25,14261,United Kingdom
572077,2011-10-20 14:09:00,6,8.25,15807,United Kingdom
572077,2011-10-20 14:09:00,8,4.95,15807,United Kingdom
572077,2011-10-20 14:09:00,8,4.95,15807,United Kingdom
572077,2011-10-20 14:09:00,6,4.95,15807,United Kingdom
572077,2011-10-20 14:09:00,6,4.95,15807,United Kingdom
572077,2011-10-20 14:09:00,8,4.25,15807,United Kingdom
572077,2011-10-20 14:09:00,6,4.95,15807,United Kingdom
572078,2011-10-20 14:10:00,2,8.25,15807,United Kingdom
572098,2011-10-20 15:38:00,6,2.95,15117,United Kingdom
572098,2011-10-20 15:38:00,1,9.95,15117,United Kingdom
572098,2011-10-20 15:38:00,1,16.65,15117,United Kingdom
572098,2011-10-20 15:38:00,6,2.1,15117,United Kingdom
572098,2011-10-20 15:38:00,12,1.45,15117,United Kingdom
572098,2011-10-20 15:38:00,24,0.39,15117,United Kingdom
572098,2011-10-20 15:38:00,24,0.39,15117,United Kingdom
572098,2011-10-20 15:38:00,4,4.25,15117,United Kingdom
572098,2011-10-20 15:38:00,6,1.95,15117,United Kingdom
572098,2011-10-20 15:38:00,12,2.1,15117,United Kingdom
572098,2011-10-20 15:38:00,12,2.1,15117,United Kingdom
572098,2011-10-20 15:38:00,10,2.08,15117,United Kingdom
572098,2011-10-20 15:38:00,8,0.83,15117,United Kingdom
572098,2011-10-20 15:38:00,6,2.89,15117,United Kingdom
572098,2011-10-20 15:38:00,4,3.75,15117,United Kingdom
572098,2011-10-20 15:38:00,10,2.08,15117,United Kingdom
572098,2011-10-20 15:38:00,4,4.25,15117,United Kingdom
572098,2011-10-20 15:38:00,10,2.08,15117,United Kingdom
572098,2011-10-20 15:38:00,10,2.08,15117,United Kingdom
572098,2011-10-20 15:38:00,4,3.75,15117,United Kingdom
572098,2011-10-20 15:38:00,5,2.1,15117,United Kingdom
572098,2011-10-20 15:38:00,10,1.65,15117,United Kingdom
572098,2011-10-20 15:38:00,10,2.08,15117,United Kingdom
572098,2011-10-20 15:38:00,5,2.1,15117,United Kingdom
572098,2011-10-20 15:38:00,10,0.85,15117,United Kingdom
572098,2011-10-20 15:38:00,10,1.65,15117,United Kingdom
572098,2011-10-20 15:38:00,10,1.65,15117,United Kingdom
572098,2011-10-20 15:38:00,10,0.85,15117,United Kingdom
572098,2011-10-20 15:38:00,10,0.85,15117,United Kingdom
572098,2011-10-20 15:38:00,10,2.08,15117,United Kingdom
572098,2011-10-20 15:38:00,10,2.08,15117,United Kingdom
572098,2011-10-20 15:38:00,10,2.08,15117,United Kingdom
572098,2011-10-20 15:38:00,10,2.08,15117,United Kingdom
572124,2011-10-21 08:47:00,48,0.29,14156,EIRE
572124,2011-10-21 08:47:00,12,6.95,14156,EIRE
572124,2011-10-21 08:47:00,72,0.29,14156,EIRE
572124,2011-10-21 08:47:00,60,0.65,14156,EIRE
572124,2011-10-21 08:47:00,24,5.95,14156,EIRE
572124,2011-10-21 08:47:00,60,0.85,14156,EIRE
572124,2011-10-21 08:47:00,36,5.95,14156,EIRE
572124,2011-10-21 08:47:00,30,5.95,14156,EIRE
572124,2011-10-21 08:47:00,72,0.42,14156,EIRE
572218,2011-10-21 13:13:00,8,4.15,16311,United Kingdom
572218,2011-10-21 13:13:00,12,0.83,16311,United Kingdom
572218,2011-10-21 13:13:00,12,1.25,16311,United Kingdom
572218,2011-10-21 13:13:00,10,0.82,16311,United Kingdom
572218,2011-10-21 13:13:00,8,3.75,16311,United Kingdom
572218,2011-10-21 13:13:00,12,1.25,16311,United Kingdom
572218,2011-10-21 13:13:00,12,1.25,16311,United Kingdom
572218,2011-10-21 13:13:00,10,2.08,16311,United Kingdom
572218,2011-10-21 13:13:00,6,1.95,16311,United Kingdom
572218,2011-10-21 13:13:00,6,3.75,16311,United Kingdom
572218,2011-10-21 13:13:00,12,1.45,16311,United Kingdom
572218,2011-10-21 13:13:00,4,3.45,16311,United Kingdom
572218,2011-10-21 13:13:00,12,1.25,16311,United Kingdom
572218,2011-10-21 13:13:00,6,4.95,16311,United Kingdom
572218,2011-10-21 13:13:00,3,4.95,16311,United Kingdom
572218,2011-10-21 13:13:00,10,1.65,16311,United Kingdom
572218,2011-10-21 13:13:00,12,1.65,16311,United Kingdom
572218,2011-10-21 13:13:00,12,1.25,16311,United Kingdom
572218,2011-10-21 13:13:00,6,2.08,16311,United Kingdom
572218,2011-10-21 13:13:00,2,7.95,16311,United Kingdom
572218,2011-10-21 13:13:00,12,0.83,16311,United Kingdom
572218,2011-10-21 13:13:00,16,1.25,16311,United Kingdom
572218,2011-10-21 13:13:00,12,1.65,16311,United Kingdom
572315,2011-10-23 16:00:00,4,2.95,14504,United Kingdom
572315,2011-10-23 16:00:00,4,6.75,14504,United Kingdom
572315,2011-10-23 16:00:00,4,3.25,14504,United Kingdom
572315,2011-10-23 16:00:00,7,3.75,14504,United Kingdom
572315,2011-10-23 16:00:00,2,3.95,14504,United Kingdom
572315,2011-10-23 16:00:00,3,2.95,14504,United Kingdom
572315,2011-10-23 16:00:00,2,2.89,14504,United Kingdom
572315,2011-10-23 16:00:00,4,1.25,14504,United Kingdom
572315,2011-10-23 16:00:00,8,1.69,14504,United Kingdom
572315,2011-10-23 16:00:00,6,1.25,14504,United Kingdom
572315,2011-10-23 16:00:00,1,3.95,14504,United Kingdom
572442,2011-10-24 12:09:00,2,8.25,12546,Spain
572442,2011-10-24 12:09:00,4,3.75,12546,Spain
572442,2011-10-24 12:09:00,10,0.79,12546,Spain
572442,2011-10-24 12:09:00,6,2.25,12546,Spain
572442,2011-10-24 12:09:00,6,2.25,12546,Spain
572442,2011-10-24 12:09:00,10,1.65,12546,Spain
572442,2011-10-24 12:09:00,10,0.85,12546,Spain
572442,2011-10-24 12:09:00,4,4.95,12546,Spain
572442,2011-10-24 12:09:00,10,1.65,12546,Spain
572442,2011-10-24 12:09:00,2,28.0,12546,Spain
572442,2011-10-24 12:09:00,4,4.15,12546,Spain
572442,2011-10-24 12:09:00,6,2.95,12546,Spain
572442,2011-10-24 12:09:00,6,2.1,12546,Spain
572442,2011-10-24 12:09:00,6,2.1,12546,Spain
572442,2011-10-24 12:09:00,6,2.1,12546,Spain
572442,2011-10-24 12:09:00,6,2.1,12546,Spain
572442,2011-10-24 12:09:00,6,2.95,12546,Spain
572442,2011-10-24 12:09:00,4,3.75,12546,Spain
572442,2011-10-24 12:09:00,12,1.25,12546,Spain
572442,2011-10-24 12:09:00,4,3.75,12546,Spain
572442,2011-10-24 12:09:00,4,3.75,12546,Spain
572442,2011-10-24 12:09:00,6,2.1,12546,Spain
572442,2011-10-24 12:09:00,12,1.45,12546,Spain
572442,2011-10-24 12:09:00,12,2.1,12546,Spain
572511,2011-10-24 14:29:00,2,16.65,14895,United Kingdom
572511,2011-10-24 14:29:00,2,9.95,14895,United Kingdom
572511,2011-10-24 14:29:00,4,4.15,14895,United Kingdom
572511,2011-10-24 14:29:00,12,1.95,14895,United Kingdom
572511,2011-10-24 14:29:00,16,1.25,14895,United Kingdom
572511,2011-10-24 14:29:00,24,3.45,14895,United Kingdom
572511,2011-10-24 14:29:00,8,0.85,14895,United Kingdom
572511,2011-10-24 14:29:00,2,9.95,14895,United Kingdom
572511,2011-10-24 14:29:00,3,4.95,14895,United Kingdom
572511,2011-10-24 14:29:00,1,25.0,14895,United Kingdom
572511,2011-10-24 14:29:00,12,1.25,14895,United Kingdom
572511,2011-10-24 14:29:00,12,0.85,14895,United Kingdom
572511,2011-10-24 14:29:00,2,8.25,14895,United Kingdom
572511,2011-10-24 14:29:00,4,5.95,14895,United Kingdom
572511,2011-10-24 14:29:00,4,5.95,14895,United Kingdom
572511,2011-10-24 14:29:00,4,5.95,14895,United Kingdom
572511,2011-10-24 14:29:00,4,5.95,14895,United Kingdom
572511,2011-10-24 14:29:00,12,1.25,14895,United Kingdom
572511,2011-10-24 14:29:00,12,1.65,14895,United Kingdom
572511,2011-10-24 14:29:00,1,19.95,14895,United Kingdom
572893,2011-10-26 14:36:00,20,0.85,18059,United Kingdom
572893,2011-10-26 14:36:00,12,1.25,18059,United Kingdom
572893,2011-10-26 14:36:00,4,3.75,18059,United Kingdom
572893,2011-10-26 14:36:00,24,0.39,18059,United Kingdom
572893,2011-10-26 14:36:00,24,0.38,18059,United Kingdom
572893,2011-10-26 14:36:00,12,1.25,18059,United Kingdom
572893,2011-10-26 14:36:00,6,2.55,18059,United Kingdom
572901,2011-10-26 14:54:00,2,0.85,16332,United Kingdom
572901,2011-10-26 14:54:00,2,0.85,16332,United Kingdom
572901,2011-10-26 14:54:00,3,2.89,16332,United Kingdom
572901,2011-10-26 14:54:00,2,2.89,16332,United Kingdom
572901,2011-10-26 14:54:00,3,1.25,16332,United Kingdom
572901,2011-10-26 14:54:00,6,2.89,16332,United Kingdom
572901,2011-10-26 14:54:00,1,0.42,16332,United Kingdom
572901,2011-10-26 14:54:00,2,2.89,16332,United Kingdom
572901,2011-10-26 14:54:00,6,1.25,16332,United Kingdom
572901,2011-10-26 14:54:00,6,1.25,16332,United Kingdom
572901,2011-10-26 14:54:00,6,0.83,16332,United Kingdom
572901,2011-10-26 14:54:00,6,1.25,16332,United Kingdom
572901,2011-10-26 14:54:00,1,2.95,16332,United Kingdom
572901,2011-10-26 14:54:00,2,8.25,16332,United Kingdom
572901,2011-10-26 14:54:00,6,0.42,16332,United Kingdom
572901,2011-10-26 14:54:00,4,2.55,16332,United Kingdom
572901,2011-10-26 14:54:00,6,0.83,16332,United Kingdom
572901,2011-10-26 14:54:00,2,8.95,16332,United Kingdom
572901,2011-10-26 14:54:00,4,1.25,16332,United Kingdom
572928,2011-10-27 09:27:00,6,4.95,14623,United Kingdom
572928,2011-10-27 09:27:00,6,2.55,14623,United Kingdom
572928,2011-10-27 09:27:00,2,9.95,14623,United Kingdom
572928,2011-10-27 09:27:00,4,4.95,14623,United Kingdom
572928,2011-10-27 09:27:00,2,8.5,14623,United Kingdom
572928,2011-10-27 09:27:00,2,8.25,14623,United Kingdom
573026,2011-10-27 13:25:00,12,1.25,17459,United Kingdom
573026,2011-10-27 13:25:00,12,1.25,17459,United Kingdom
573026,2011-10-27 13:25:00,2,3.95,17459,United Kingdom
573026,2011-10-27 13:25:00,2,2.1,17459,United Kingdom
573026,2011-10-27 13:25:00,12,1.25,17459,United Kingdom
573026,2011-10-27 13:25:00,12,1.25,17459,United Kingdom
573026,2011-10-27 13:25:00,12,0.85,17459,United Kingdom
573026,2011-10-27 13:25:00,12,0.85,17459,United Kingdom
573026,2011-10-27 13:25:00,12,1.25,17459,United Kingdom
573026,2011-10-27 13:25:00,5,1.65,17459,United Kingdom
573026,2011-10-27 13:25:00,5,1.65,17459,United Kingdom
573026,2011-10-27 13:25:00,5,1.65,17459,United Kingdom
573026,2011-10-27 13:25:00,10,1.65,17459,United Kingdom
573026,2011-10-27 13:25:00,12,1.25,17459,United Kingdom
573026,2011-10-27 13:25:00,12,1.25,17459,United Kingdom
573026,2011-10-27 13:25:00,12,1.25,17459,United Kingdom
573026,2011-10-27 13:25:00,24,1.25,17459,United Kingdom
573026,2011-10-27 13:25:00,2,2.1,17459,United Kingdom
573026,2011-10-27 13:25:00,2,2.1,17459,United Kingdom
573026,2011-10-27 13:25:00,2,2.1,17459,United Kingdom
573026,2011-10-27 13:25:00,2,2.49,17459,United Kingdom
573026,2011-10-27 13:25:00,2,2.49,17459,United Kingdom
573026,2011-10-27 13:25:00,2,2.1,17459,United Kingdom
573026,2011-10-27 13:25:00,5,1.25,17459,United Kingdom
573026,2011-10-27 13:25:00,5,1.65,17459,United Kingdom
573026,2011-10-27 13:25:00,2,1.25,17459,United Kingdom
573026,2011-10-27 13:25:00,2,1.25,17459,United Kingdom
573026,2011-10-27 13:25:00,72,0.42,17459,United Kingdom
573026,2011-10-27 13:25:00,5,0.42,17459,United Kingdom
573026,2011-10-27 13:25:00,5,0.85,17459,United Kingdom
573026,2011-10-27 13:25:00,3,3.95,17459,United Kingdom
573026,2011-10-27 13:25:00,20,1.25,17459,United Kingdom
573026,2011-10-27 13:25:00,2,2.95,17459,United Kingdom
573026,2011-10-27 13:25:00,2,2.95,17459,United Kingdom
573026,2011-10-27 13:25:00,2,0.83,17459,United Kingdom
573262,2011-10-28 12:33:00,24,0.29,16851,United Kingdom
573262,2011-10-28 12:33:00,24,0.29,16851,United Kingdom
573262,2011-10-28 12:33:00,6,2.55,16851,United Kingdom
573262,2011-10-28 12:33:00,12,1.25,16851,United Kingdom
573262,2011-10-28 12:33:00,12,1.65,16851,United Kingdom
573262,2011-10-28 12:33:00,24,1.65,16851,United Kingdom
573262,2011-10-28 12:33:00,5,4.95,16851,United Kingdom
573388,2011-10-30 14:44:00,12,2.1,14895,United Kingdom
573388,2011-10-30 14:44:00,12,2.1,14895,United Kingdom
573388,2011-10-30 14:44:00,12,2.55,14895,United Kingdom
573388,2011-10-30 14:44:00,12,2.1,14895,United Kingdom
573388,2011-10-30 14:44:00,12,2.1,14895,United Kingdom
573388,2011-10-30 14:44:00,24,0.85,14895,United Kingdom
573388,2011-10-30 14:44:00,16,1.25,14895,United Kingdom
573388,2011-10-30 14:44:00,24,0.85,14895,United Kingdom
573388,2011-10-30 14:44:00,24,0.85,14895,United Kingdom
573388,2011-10-30 14:44:00,8,0.85,14895,United Kingdom
573388,2011-10-30 14:44:00,12,0.85,14895,United Kingdom
573388,2011-10-30 14:44:00,1,25.0,14895,United Kingdom
573388,2011-10-30 14:44:00,20,1.65,14895,United Kingdom
573388,2011-10-30 14:44:00,24,0.85,14895,United Kingdom
573388,2011-10-30 14:44:00,12,2.55,14895,United Kingdom
573388,2011-10-30 14:44:00,12,2.55,14895,United Kingdom
573388,2011-10-30 14:44:00,12,0.42,14895,United Kingdom
573388,2011-10-30 14:44:00,96,1.65,14895,United Kingdom
573388,2011-10-30 14:44:00,4,8.5,14895,United Kingdom
573388,2011-10-30 14:44:00,15,2.1,14895,United Kingdom
573388,2011-10-30 14:44:00,12,1.25,14895,United Kingdom
573388,2011-10-30 14:44:00,12,1.65,14895,United Kingdom
573388,2011-10-30 14:44:00,12,8.15,14895,United Kingdom
573388,2011-10-30 14:44:00,16,0.83,14895,United Kingdom
573388,2011-10-30 14:44:00,16,0.83,14895,United Kingdom
573388,2011-10-30 14:44:00,16,0.83,14895,United Kingdom
573388,2011-10-30 14:44:00,4,9.95,14895,United Kingdom
573388,2011-10-30 14:44:00,20,1.65,14895,United Kingdom
573388,2011-10-30 14:44:00,24,2.55,14895,United Kingdom
573388,2011-10-30 14:44:00,24,2.55,14895,United Kingdom
573389,2011-10-30 14:45:00,12,3.95,14895,United Kingdom
573543,2011-10-31 13:05:00,2,3.75,17777,United Kingdom
573543,2011-10-31 13:05:00,2,0.85,17777,United Kingdom
573543,2011-10-31 13:05:00,2,2.95,17777,United Kingdom
573543,2011-10-31 13:05:00,2,3.75,17777,United Kingdom
573543,2011-10-31 13:05:00,1,3.75,17777,United Kingdom
573543,2011-10-31 13:05:00,2,1.95,17777,United Kingdom
573543,2011-10-31 13:05:00,24,0.42,17777,United Kingdom
573543,2011-10-31 13:05:00,1,2.95,17777,United Kingdom
573543,2011-10-31 13:05:00,2,1.95,17777,United Kingdom
573543,2011-10-31 13:05:00,2,2.08,17777,United Kingdom
573543,2011-10-31 13:05:00,2,0.65,17777,United Kingdom
573543,2011-10-31 13:05:00,2,4.95,17777,United Kingdom
573543,2011-10-31 13:05:00,2,1.69,17777,United Kingdom
573543,2011-10-31 13:05:00,1,1.65,17777,United Kingdom
573543,2011-10-31 13:05:00,1,4.95,17777,United Kingdom
573543,2011-10-31 13:05:00,1,1.25,17777,United Kingdom
573543,2011-10-31 13:05:00,1,9.95,17777,United Kingdom
573543,2011-10-31 13:05:00,1,8.5,17777,United Kingdom
573543,2011-10-31 13:05:00,1,6.35,17777,United Kingdom
573543,2011-10-31 13:05:00,3,2.95,17777,United Kingdom
573543,2011-10-31 13:05:00,1,2.1,17777,United Kingdom
573543,2011-10-31 13:05:00,3,2.08,17777,United Kingdom
573543,2011-10-31 13:05:00,2,1.65,17777,United Kingdom
573543,2011-10-31 13:05:00,3,2.08,17777,United Kingdom
573543,2011-10-31 13:05:00,2,3.95,17777,United Kingdom
573543,2011-10-31 13:05:00,2,1.25,17777,United Kingdom
573543,2011-10-31 13:05:00,2,1.65,17777,United Kingdom
573543,2011-10-31 13:05:00,2,3.75,17777,United Kingdom
573543,2011-10-31 13:05:00,2,2.95,17777,United Kingdom
573543,2011-10-31 13:05:00,6,0.85,17777,United Kingdom
573543,2011-10-31 13:05:00,3,1.95,17777,United Kingdom
573543,2011-10-31 13:05:00,2,2.95,17777,United Kingdom
573543,2011-10-31 13:05:00,6,0.42,17777,United Kingdom
573543,2011-10-31 13:05:00,2,1.95,17777,United Kingdom
573543,2011-10-31 13:05:00,1,0.85,17777,United Kingdom
573543,2011-10-31 13:05:00,2,1.25,17777,United Kingdom
573543,2011-10-31 13:05:00,2,1.45,17777,United Kingdom
573543,2011-10-31 13:05:00,1,0.39,17777,United Kingdom
573543,2011-10-31 13:05:00,1,2.1,17777,United Kingdom
573543,2011-10-31 13:05:00,3,0.85,17777,United Kingdom
573543,2011-10-31 13:05:00,6,0.29,17777,United Kingdom
573543,2011-10-31 13:05:00,2,0.85,17777,United Kingdom
573543,2011-10-31 13:05:00,2,1.95,17777,United Kingdom
573543,2011-10-31 13:05:00,4,0.29,17777,United Kingdom
573543,2011-10-31 13:05:00,2,0.65,17777,United Kingdom
573543,2011-10-31 13:05:00,2,0.65,17777,United Kingdom
573543,2011-10-31 13:05:00,1,0.39,17777,United Kingdom
573543,2011-10-31 13:05:00,2,1.25,17777,United Kingdom
573543,2011-10-31 13:05:00,2,1.65,17777,United Kingdom
573543,2011-10-31 13:05:00,4,0.85,17777,United Kingdom
573543,2011-10-31 13:05:00,3,0.79,17777,United Kingdom
573543,2011-10-31 13:05:00,1,2.95,17777,United Kingdom
573543,2011-10-31 13:05:00,1,2.08,17777,United Kingdom
573543,2011-10-31 13:05:00,2,1.65,17777,United Kingdom
573543,2011-10-31 13:05:00,4,2.08,17777,United Kingdom
573543,2011-10-31 13:05:00,4,1.25,17777,United Kingdom
573543,2011-10-31 13:05:00,2,1.25,17777,United Kingdom
573543,2011-10-31 13:05:00,4,0.79,17777,United Kingdom
573543,2011-10-31 13:05:00,1,1.95,17777,United Kingdom
573543,2011-10-31 13:05:00,2,0.42,17777,United Kingdom
573543,2011-10-31 13:05:00,4,0.83,17777,United Kingdom
573543,2011-10-31 13:05:00,1,1.65,17777,United Kingdom
573543,2011-10-31 13:05:00,2,3.75,17777,United Kingdom
573543,2011-10-31 13:05:00,2,0.79,17777,United Kingdom
573543,2011-10-31 13:05:00,1,2.08,17777,United Kingdom
573744,2011-11-01 08:16:00,12,0.95,17733,United Kingdom
573744,2011-11-01 08:16:00,12,8.49,17733,United Kingdom
573744,2011-11-01 08:16:00,12,2.1,17733,United Kingdom
573744,2011-11-01 08:16:00,12,1.25,17733,United Kingdom
573744,2011-11-01 08:16:00,6,2.95,17733,United Kingdom
573744,2011-11-01 08:16:00,12,1.69,17733,United Kingdom
573744,2011-11-01 08:16:00,24,1.25,17733,United Kingdom
573744,2011-11-01 08:16:00,36,1.06,17733,United Kingdom
573744,2011-11-01 08:16:00,12,0.83,17733,United Kingdom
573744,2011-11-01 08:16:00,12,1.65,17733,United Kingdom
573744,2011-11-01 08:16:00,12,2.1,17733,United Kingdom
573744,2011-11-01 08:16:00,8,2.1,17733,United Kingdom
573744,2011-11-01 08:16:00,12,1.65,17733,United Kingdom
573744,2011-11-01 08:16:00,24,0.29,17733,United Kingdom
573744,2011-11-01 08:16:00,24,0.29,17733,United Kingdom
573744,2011-11-01 08:16:00,24,0.29,17733,United Kingdom
573744,2011-11-01 08:16:00,24,0.39,17733,United Kingdom
573744,2011-11-01 08:16:00,48,0.39,17733,United Kingdom
573744,2011-11-01 08:16:00,12,1.25,17733,United Kingdom
573744,2011-11-01 08:16:00,12,1.25,17733,United Kingdom
573744,2011-11-01 08:16:00,12,1.25,17733,United Kingdom
573744,2011-11-01 08:16:00,12,0.85,17733,United Kingdom
573744,2011-11-01 08:16:00,2,9.95,17733,United Kingdom
573757,2011-11-01 09:46:00,6,3.75,17166,United Kingdom
573757,2011-11-01 09:46:00,15,3.75,17166,United Kingdom
573909,2011-11-01 15:26:00,1,2.08,17813,United Kingdom
573909,2011-11-01 15:26:00,3,2.08,17813,United Kingdom
573909,2011-11-01 15:26:00,1,1.65,17813,United Kingdom
573909,2011-11-01 15:26:00,2,2.08,17813,United Kingdom
573909,2011-11-01 15:26:00,1,4.95,17813,United Kingdom
573909,2011-11-01 15:26:00,1,1.45,17813,United Kingdom
573909,2011-11-01 15:26:00,1,1.65,17813,United Kingdom
573909,2011-11-01 15:26:00,2,2.08,17813,United Kingdom
573909,2011-11-01 15:26:00,3,2.08,17813,United Kingdom
573909,2011-11-01 15:26:00,6,0.29,17813,United Kingdom
573909,2011-11-01 15:26:00,3,9.95,17813,United Kingdom
573909,2011-11-01 15:26:00,2,2.95,17813,United Kingdom
573909,2011-11-01 15:26:00,4,4.95,17813,United Kingdom
573909,2011-11-01 15:26:00,1,9.95,17813,United Kingdom
573909,2011-11-01 15:26:00,1,8.5,17813,United Kingdom
573909,2011-11-01 15:26:00,1,8.5,17813,United Kingdom
573909,2011-11-01 15:26:00,2,4.95,17813,United Kingdom
573909,2011-11-01 15:26:00,4,1.65,17813,United Kingdom
573909,2011-11-01 15:26:00,3,2.08,17813,United Kingdom
573909,2011-11-01 15:26:00,1,1.65,17813,United Kingdom
573909,2011-11-01 15:26:00,3,4.95,17813,United Kingdom
573909,2011-11-01 15:26:00,1,1.65,17813,United Kingdom
573909,2011-11-01 15:26:00,2,0.39,17813,United Kingdom
573909,2011-11-01 15:26:00,1,2.95,17813,United Kingdom
573909,2011-11-01 15:26:00,1,1.25,17813,United Kingdom
573909,2011-11-01 15:26:00,1,1.65,17813,United Kingdom
573909,2011-11-01 15:26:00,1,0.83,17813,United Kingdom
573909,2011-11-01 15:26:00,1,1.65,17813,United Kingdom
573909,2011-11-01 15:26:00,1,6.95,17813,United Kingdom
573909,2011-11-01 15:26:00,3,0.83,17813,United Kingdom
573909,2011-11-01 15:26:00,1,1.25,17813,United Kingdom
573909,2011-11-01 15:26:00,2,0.39,17813,United Kingdom
573909,2011-11-01 15:26:00,1,1.25,17813,United Kingdom
573909,2011-11-01 15:26:00,1,4.25,17813,United Kingdom
573909,2011-11-01 15:26:00,1,2.95,17813,United Kingdom
573909,2011-11-01 15:26:00,1,12.75,17813,United Kingdom
573909,2011-11-01 15:26:00,1,4.95,17813,United Kingdom
573909,2011-11-01 15:26:00,1,5.95,17813,United Kingdom
573909,2011-11-01 15:26:00,1,2.55,17813,United Kingdom
573909,2011-11-01 15:26:00,1,0.83,17813,United Kingdom
573909,2011-11-01 15:26:00,1,1.45,17813,United Kingdom
574054,2011-11-02 14:07:00,12,0.85,18104,United Kingdom
574054,2011-11-02 14:07:00,12,0.85,18104,United Kingdom
574054,2011-11-02 14:07:00,4,8.25,18104,United Kingdom
574054,2011-11-02 14:07:00,4,8.25,18104,United Kingdom
574054,2011-11-02 14:07:00,4,8.25,18104,United Kingdom
574054,2011-11-02 14:07:00,12,1.69,18104,United Kingdom
574054,2011-11-02 14:07:00,4,8.25,18104,United Kingdom
574054,2011-11-02 14:07:00,3,5.95,18104,United Kingdom
574054,2011-11-02 14:07:00,12,0.83,18104,United Kingdom
574054,2011-11-02 14:07:00,3,4.25,18104,United Kingdom
574054,2011-11-02 14:07:00,12,1.25,18104,United Kingdom
574054,2011-11-02 14:07:00,12,0.83,18104,United Kingdom
574054,2011-11-02 14:07:00,12,0.83,18104,United Kingdom
574054,2011-11-02 14:07:00,12,0.83,18104,United Kingdom
574054,2011-11-02 14:07:00,4,8.25,18104,United Kingdom
574054,2011-11-02 14:07:00,4,8.25,18104,United Kingdom
574054,2011-11-02 14:07:00,4,8.25,18104,United Kingdom
574054,2011-11-02 14:07:00,4,3.75,18104,United Kingdom
574054,2011-11-02 14:07:00,4,8.25,18104,United Kingdom
574054,2011-11-02 14:07:00,4,8.25,18104,United Kingdom
574054,2011-11-02 14:07:00,4,8.25,18104,United Kingdom
574054,2011-11-02 14:07:00,6,5.95,18104,United Kingdom
574054,2011-11-02 14:07:00,4,4.95,18104,United Kingdom
574054,2011-11-02 14:07:00,6,4.95,18104,United Kingdom
574054,2011-11-02 14:07:00,4,6.75,18104,United Kingdom
574054,2011-11-02 14:07:00,4,5.75,18104,United Kingdom
574054,2011-11-02 14:07:00,24,0.85,18104,United Kingdom
574054,2011-11-02 14:07:00,24,0.85,18104,United Kingdom
574054,2011-11-02 14:07:00,24,0.29,18104,United Kingdom
574054,2011-11-02 14:07:00,12,0.85,18104,United Kingdom
574054,2011-11-02 14:07:00,24,0.29,18104,United Kingdom
574054,2011-11-02 14:07:00,12,0.85,18104,United Kingdom
574054,2011-11-02 14:07:00,12,1.25,18104,United Kingdom
574054,2011-11-02 14:07:00,12,1.25,18104,United Kingdom
574054,2011-11-02 14:07:00,12,0.65,18104,United Kingdom
574054,2011-11-02 14:07:00,12,0.85,18104,United Kingdom
574054,2011-11-02 14:07:00,12,0.85,18104,United Kingdom
574054,2011-11-02 14:07:00,12,1.25,18104,United Kingdom
574631,2011-11-06 11:22:00,8,7.05,12882,United Kingdom
574631,2011-11-06 11:22:00,36,3.39,12882,United Kingdom
574631,2011-11-06 11:22:00,20,7.08,12882,United Kingdom
574631,2011-11-06 11:22:00,12,7.45,12882,United Kingdom
574631,2011-11-06 11:22:00,30,2.08,12882,United Kingdom
574665,2011-11-06 12:09:00,6,2.89,16168,United Kingdom
574665,2011-11-06 12:09:00,48,1.45,16168,United Kingdom
574665,2011-11-06 12:09:00,48,1.45,16168,United Kingdom
574666,2011-11-06 12:10:00,144,1.79,16168,United Kingdom
574830,2011-11-07 11:21:00,24,0.85,16053,United Kingdom
574830,2011-11-07 11:21:00,4,4.15,16053,United Kingdom
574830,2011-11-07 11:21:00,24,0.42,16053,United Kingdom
574830,2011-11-07 11:21:00,1,14.95,16053,United Kingdom
574830,2011-11-07 11:21:00,2,14.95,16053,United Kingdom
574830,2011-11-07 11:21:00,2,7.95,16053,United Kingdom
574830,2011-11-07 11:21:00,12,0.83,16053,United Kingdom
574830,2011-11-07 11:21:00,12,1.25,16053,United Kingdom
574830,2011-11-07 11:21:00,10,1.65,16053,United Kingdom
574830,2011-11-07 11:21:00,2,6.75,16053,United Kingdom
574830,2011-11-07 11:21:00,20,0.42,16053,United Kingdom
574830,2011-11-07 11:21:00,12,1.25,16053,United Kingdom
574830,2011-11-07 11:21:00,4,5.95,16053,United Kingdom
574830,2011-11-07 11:21:00,3,8.25,16053,United Kingdom
574830,2011-11-07 11:21:00,24,0.42,16053,United Kingdom
574830,2011-11-07 11:21:00,576,0.1,16053,United Kingdom
574830,2011-11-07 11:21:00,10,2.08,16053,United Kingdom
574830,2011-11-07 11:21:00,12,1.25,16053,United Kingdom
574830,2011-11-07 11:21:00,10,0.82,16053,United Kingdom
574830,2011-11-07 11:21:00,12,1.25,16053,United Kingdom
574830,2011-11-07 11:21:00,12,0.82,16053,United Kingdom
574830,2011-11-07 11:21:00,2,8.25,16053,United Kingdom
574841,2011-11-07 11:42:00,1,50.0,14156,EIRE
574841,2011-11-07 11:42:00,6,2.55,14156,EIRE
574841,2011-11-07 11:42:00,12,2.89,14156,EIRE
574841,2011-11-07 11:42:00,8,34.95,14156,EIRE
574841,2011-11-07 11:42:00,3,5.95,14156,EIRE
574883,2011-11-07 13:56:00,12,0.42,14623,United Kingdom
574883,2011-11-07 13:56:00,48,1.25,14623,United Kingdom
574883,2011-11-07 13:56:00,1,4.95,14623,United Kingdom
574883,2011-11-07 13:56:00,1,1.65,14623,United Kingdom
574883,2011-11-07 13:56:00,1,2.1,14623,United Kingdom
574883,2011-11-07 13:56:00,2,1.25,14623,United Kingdom
574883,2011-11-07 13:56:00,3,1.25,14623,United Kingdom
574883,2011-11-07 13:56:00,1,4.95,14623,United Kingdom
574883,2011-11-07 13:56:00,2,4.95,14623,United Kingdom
574883,2011-11-07 13:56:00,5,2.08,14623,United Kingdom
574883,2011-11-07 13:56:00,3,2.08,14623,United Kingdom
574883,2011-11-07 13:56:00,2,1.45,14623,United Kingdom
574883,2011-11-07 13:56:00,12,0.42,14623,United Kingdom
574883,2011-11-07 13:56:00,1,4.25,14623,United Kingdom
574883,2011-11-07 13:56:00,1,1.25,14623,United Kingdom
574883,2011-11-07 13:56:00,2,0.65,14623,United Kingdom
574883,2011-11-07 13:56:00,1,2.95,14623,United Kingdom
574883,2011-11-07 13:56:00,2,4.95,14623,United Kingdom
574883,2011-11-07 13:56:00,6,1.25,14623,United Kingdom
574883,2011-11-07 13:56:00,2,1.25,14623,United Kingdom
574883,2011-11-07 13:56:00,5,1.25,14623,United Kingdom
574883,2011-11-07 13:56:00,18,0.39,14623,United Kingdom
575007,2011-11-08 11:20:00,16,0.65,14140,United Kingdom
575007,2011-11-08 11:20:00,24,0.39,14140,United Kingdom
575007,2011-11-08 11:20:00,12,1.65,14140,United Kingdom
575007,2011-11-08 11:20:00,16,0.65,14140,United Kingdom
575007,2011-11-08 11:20:00,20,0.42,14140,United Kingdom
575007,2011-11-08 11:20:00,8,1.95,14140,United Kingdom
575007,2011-11-08 11:20:00,12,1.65,14140,United Kingdom
575007,2011-11-08 11:20:00,24,0.39,14140,United Kingdom
575007,2011-11-08 11:20:00,12,0.83,14140,United Kingdom
575007,2011-11-08 11:20:00,20,0.42,14140,United Kingdom
575007,2011-11-08 11:20:00,24,0.29,14140,United Kingdom
575007,2011-11-08 11:20:00,12,1.25,14140,United Kingdom
575007,2011-11-08 11:20:00,6,2.95,14140,United Kingdom
575007,2011-11-08 11:20:00,12,0.83,14140,United Kingdom
575007,2011-11-08 11:20:00,4,3.75,14140,United Kingdom
575007,2011-11-08 11:20:00,12,1.25,14140,United Kingdom
575007,2011-11-08 11:20:00,6,2.1,14140,United Kingdom
575007,2011-11-08 11:20:00,2,7.5,14140,United Kingdom
575007,2011-11-08 11:20:00,1,12.75,14140,United Kingdom
575007,2011-11-08 11:20:00,12,1.65,14140,United Kingdom
575007,2011-11-08 11:20:00,24,0.42,14140,United Kingdom
575007,2011-11-08 11:20:00,24,0.42,14140,United Kingdom
575007,2011-11-08 11:20:00,10,1.95,14140,United Kingdom
575007,2011-11-08 11:20:00,12,0.83,14140,United Kingdom
575007,2011-11-08 11:20:00,10,1.25,14140,United Kingdom
575007,2011-11-08 11:20:00,12,2.55,14140,United Kingdom
575007,2011-11-08 11:20:00,12,0.85,14140,United Kingdom
575007,2011-11-08 11:20:00,24,0.65,14140,United Kingdom
575007,2011-11-08 11:20:00,12,0.85,14140,United Kingdom
575007,2011-11-08 11:20:00,24,0.39,14140,United Kingdom
575007,2011-11-08 11:20:00,24,0.39,14140,United Kingdom
575007,2011-11-08 11:20:00,6,2.95,14140,United Kingdom
575007,2011-11-08 11:20:00,12,0.85,14140,United Kingdom
575007,2011-11-08 11:20:00,12,0.85,14140,United Kingdom
575007,2011-11-08 11:20:00,6,1.95,14140,United Kingdom
575007,2011-11-08 11:20:00,12,1.25,14140,United Kingdom
575007,2011-11-08 11:20:00,12,1.65,14140,United Kingdom
575007,2011-11-08 11:20:00,4,3.75,14140,United Kingdom
575007,2011-11-08 11:20:00,6,2.95,14140,United Kingdom
575007,2011-11-08 11:20:00,4,3.75,14140,United Kingdom
575086,2011-11-08 13:52:00,24,1.45,16618,United Kingdom
575086,2011-11-08 13:52:00,24,1.45,16618,United Kingdom
575086,2011-11-08 13:52:00,24,1.45,16618,United Kingdom
575086,2011-11-08 13:52:00,24,1.45,16618,United Kingdom
575086,2011-11-08 13:52:00,24,1.45,16618,United Kingdom
575086,2011-11-08 13:52:00,24,1.45,16618,United Kingdom
575086,2011-11-08 13:52:00,24,1.45,16618,United Kingdom
575086,2011-11-08 13:52:00,24,1.45,16618,United Kingdom
575086,2011-11-08 13:52:00,24,1.25,16618,United Kingdom
575086,2011-11-08 13:52:00,18,1.25,16618,United Kingdom
575086,2011-11-08 13:52:00,12,1.25,16618,United Kingdom
575086,2011-11-08 13:52:00,24,1.25,16618,United Kingdom
575086,2011-11-08 13:52:00,24,1.25,16618,United Kingdom
575086,2011-11-08 13:52:00,12,2.95,16618,United Kingdom
575086,2011-11-08 13:52:00,2,9.95,16618,United Kingdom
575086,2011-11-08 13:52:00,24,1.95,16618,United Kingdom
575086,2011-11-08 13:52:00,48,2.49,16618,United Kingdom
575086,2011-11-08 13:52:00,18,1.25,16618,United Kingdom
575086,2011-11-08 13:52:00,8,5.75,16618,United Kingdom
575086,2011-11-08 13:52:00,12,1.25,16618,United Kingdom
575086,2011-11-08 13:52:00,2,8.5,16618,United Kingdom
575086,2011-11-08 13:52:00,6,2.08,16618,United Kingdom
575086,2011-11-08 13:52:00,2,16.95,16618,United Kingdom
575086,2011-11-08 13:52:00,24,0.55,16618,United Kingdom
575086,2011-11-08 13:52:00,10,1.65,16618,United Kingdom
575086,2011-11-08 13:52:00,10,1.65,16618,United Kingdom
575086,2011-11-08 13:52:00,10,1.65,16618,United Kingdom
575086,2011-11-08 13:52:00,10,1.65,16618,United Kingdom
575086,2011-11-08 13:52:00,2,8.5,16618,United Kingdom
575086,2011-11-08 13:52:00,16,7.5,16618,United Kingdom
575086,2011-11-08 13:52:00,4,3.75,16618,United Kingdom
575086,2011-11-08 13:52:00,12,1.65,16618,United Kingdom
575086,2011-11-08 13:52:00,10,1.65,16618,United Kingdom
575086,2011-11-08 13:52:00,6,2.89,16618,United Kingdom
575086,2011-11-08 13:52:00,6,2.89,16618,United Kingdom
575086,2011-11-08 13:52:00,6,3.75,16618,United Kingdom
575086,2011-11-08 13:52:00,6,2.08,16618,United Kingdom
575086,2011-11-08 13:52:00,6,2.08,16618,United Kingdom
575086,2011-11-08 13:52:00,6,2.08,16618,United Kingdom
575086,2011-11-08 13:52:00,6,2.08,16618,United Kingdom
575086,2011-11-08 13:52:00,2,16.95,16618,United Kingdom
575086,2011-11-08 13:52:00,12,1.95,16618,United Kingdom
575319,2011-11-09 13:26:00,3,5.95,14836,United Kingdom
575319,2011-11-09 13:26:00,12,1.65,14836,United Kingdom
575319,2011-11-09 13:26:00,4,3.75,14836,United Kingdom
575319,2011-11-09 13:26:00,12,1.95,14836,United Kingdom
575383,2011-11-09 15:17:00,36,0.39,15986,United Kingdom
575383,2011-11-09 15:17:00,24,0.29,15986,United Kingdom
575383,2011-11-09 15:17:00,24,0.29,15986,United Kingdom
575383,2011-11-09 15:17:00,48,0.29,15986,United Kingdom
575383,2011-11-09 15:17:00,12,0.85,15986,United Kingdom
575383,2011-11-09 15:17:00,36,0.39,15986,United Kingdom
575383,2011-11-09 15:17:00,16,0.39,15986,United Kingdom
575383,2011-11-09 15:17:00,12,0.85,15986,United Kingdom
575383,2011-11-09 15:17:00,12,0.85,15986,United Kingdom
575383,2011-11-09 15:17:00,12,1.65,15986,United Kingdom
575383,2011-11-09 15:17:00,8,1.69,15986,United Kingdom
575383,2011-11-09 15:17:00,8,1.69,15986,United Kingdom
575383,2011-11-09 15:17:00,8,1.69,15986,United Kingdom
575383,2011-11-09 15:17:00,12,1.25,15986,United Kingdom
575415,2011-11-09 15:51:00,50,4.15,16168,United Kingdom
575504,2011-11-10 10:29:00,12,0.85,14895,United Kingdom
575504,2011-11-10 10:29:00,24,1.65,14895,United Kingdom
575504,2011-11-10 10:29:00,4,3.25,14895,United Kingdom
575504,2011-11-10 10:29:00,6,2.95,14895,United Kingdom
575504,2011-11-10 10:29:00,6,4.95,14895,United Kingdom
575504,2011-11-10 10:29:00,12,1.95,14895,United Kingdom
575504,2011-11-10 10:29:00,8,4.95,14895,United Kingdom
575504,2011-11-10 10:29:00,12,1.25,14895,United Kingdom
575504,2011-11-10 10:29:00,4,4.95,14895,United Kingdom
575504,2011-11-10 10:29:00,8,3.75,14895,United Kingdom
575504,2011-11-10 10:29:00,24,0.55,14895,United Kingdom
575504,2011-11-10 10:29:00,12,2.55,14895,United Kingdom
575504,2011-11-10 10:29:00,6,2.89,14895,United Kingdom
575504,2011-11-10 10:29:00,12,1.25,14895,United Kingdom
575504,2011-11-10 10:29:00,3,4.95,14895,United Kingdom
575504,2011-11-10 10:29:00,12,1.45,14895,United Kingdom
575504,2011-11-10 10:29:00,12,1.45,14895,United Kingdom
575504,2011-11-10 10:29:00,12,1.25,14895,United Kingdom
575504,2011-11-10 10:29:00,6,2.89,14895,United Kingdom
575504,2011-11-10 10:29:00,6,4.25,14895,United Kingdom
575504,2011-11-10 10:29:00,24,0.39,14895,United Kingdom
575504,2011-11-10 10:29:00,2,9.95,14895,United Kingdom
575504,2011-11-10 10:29:00,18,2.95,14895,United Kingdom
575504,2011-11-10 10:29:00,12,1.45,14895,United Kingdom
575504,2011-11-10 10:29:00,6,12.75,14895,United Kingdom
575504,2011-11-10 10:29:00,12,1.25,14895,United Kingdom
575504,2011-11-10 10:29:00,12,1.69,14895,United Kingdom
575504,2011-11-10 10:29:00,1,16.95,14895,United Kingdom
575504,2011-11-10 10:29:00,1,16.95,14895,United Kingdom
575504,2011-11-10 10:29:00,2,8.5,14895,United Kingdom
575504,2011-11-10 10:29:00,2,9.95,14895,United Kingdom
575504,2011-11-10 10:29:00,1,12.5,14895,United Kingdom
575504,2011-11-10 10:29:00,3,4.95,14895,United Kingdom
575504,2011-11-10 10:29:00,8,4.95,14895,United Kingdom
575623,2011-11-10 13:14:00,6,1.65,14064,United Kingdom
575623,2011-11-10 13:14:00,3,1.25,14064,United Kingdom
575623,2011-11-10 13:14:00,3,1.25,14064,United Kingdom
575623,2011-11-10 13:14:00,12,1.25,14064,United Kingdom
575623,2011-11-10 13:14:00,3,1.65,14064,United Kingdom
575623,2011-11-10 13:14:00,21,0.29,14064,United Kingdom
575623,2011-11-10 13:14:00,21,0.29,14064,United Kingdom
575623,2011-11-10 13:14:00,3,1.65,14064,United Kingdom
575623,2011-11-10 13:14:00,1,2.08,14064,United Kingdom
575623,2011-11-10 13:14:00,72,0.39,14064,United Kingdom
575623,2011-11-10 13:14:00,24,1.25,14064,United Kingdom
575623,2011-11-10 13:14:00,24,1.25,14064,United Kingdom
575623,2011-11-10 13:14:00,24,1.25,14064,United Kingdom
575623,2011-11-10 13:14:00,12,1.25,14064,United Kingdom
575623,2011-11-10 13:14:00,2,1.65,14064,United Kingdom
575623,2011-11-10 13:14:00,6,1.65,14064,United Kingdom
575623,2011-11-10 13:14:00,3,1.25,14064,United Kingdom
575623,2011-11-10 13:14:00,5,1.25,14064,United Kingdom
575623,2011-11-10 13:14:00,1,4.95,14064,United Kingdom
575623,2011-11-10 13:14:00,3,0.79,14064,United Kingdom
575623,2011-11-10 13:14:00,2,2.95,14064,United Kingdom
575623,2011-11-10 13:14:00,24,1.25,14064,United Kingdom
575659,2011-11-10 14:35:00,6,1.95,13576,United Kingdom
575659,2011-11-10 14:35:00,6,1.95,13576,United Kingdom
575659,2011-11-10 14:35:00,3,6.95,13576,United Kingdom
575659,2011-11-10 14:35:00,3,4.95,13576,United Kingdom
575659,2011-11-10 14:35:00,72,3.39,13576,United Kingdom
575659,2011-11-10 14:35:00,24,3.39,13576,United Kingdom
575659,2011-11-10 14:35:00,48,0.39,13576,United Kingdom
575659,2011-11-10 14:35:00,48,2.1,13576,United Kingdom
575659,2011-11-10 14:35:00,8,2.1,13576,United Kingdom
575659,2011-11-10 14:35:00,18,1.25,13576,United Kingdom
575701,2011-11-10 16:59:00,24,4.95,13396,United Kingdom
575701,2011-11-10 16:59:00,12,1.45,13396,United Kingdom
575701,2011-11-10 16:59:00,12,1.45,13396,United Kingdom
575701,2011-11-10 16:59:00,6,2.08,13396,United Kingdom
575701,2011-11-10 16:59:00,2,9.95,13396,United Kingdom
575701,2011-11-10 16:59:00,12,1.65,13396,United Kingdom
575701,2011-11-10 16:59:00,4,8.25,13396,United Kingdom
575701,2011-11-10 16:59:00,12,1.65,13396,United Kingdom
575701,2011-11-10 16:59:00,12,1.65,13396,United Kingdom
575701,2011-11-10 16:59:00,12,2.1,13396,United Kingdom
575701,2011-11-10 16:59:00,4,8.25,13396,United Kingdom
575701,2011-11-10 16:59:00,4,12.75,13396,United Kingdom
575701,2011-11-10 16:59:00,12,1.65,13396,United Kingdom
575701,2011-11-10 16:59:00,6,2.08,13396,United Kingdom
575701,2011-11-10 16:59:00,1,25.0,13396,United Kingdom
575701,2011-11-10 16:59:00,32,1.69,13396,United Kingdom
575701,2011-11-10 16:59:00,24,2.95,13396,United Kingdom
575701,2011-11-10 16:59:00,12,4.15,13396,United Kingdom
575701,2011-11-10 16:59:00,24,1.25,13396,United Kingdom
575701,2011-11-10 16:59:00,24,2.49,13396,United Kingdom
575701,2011-11-10 16:59:00,30,2.95,13396,United Kingdom
575701,2011-11-10 16:59:00,24,1.69,13396,United Kingdom
575701,2011-11-10 16:59:00,24,0.85,13396,United Kingdom
575701,2011-11-10 16:59:00,48,0.42,13396,United Kingdom
575701,2011-11-10 16:59:00,48,0.42,13396,United Kingdom
575701,2011-11-10 16:59:00,12,2.89,13396,United Kingdom
575701,2011-11-10 16:59:00,12,2.08,13396,United Kingdom
575701,2011-11-10 16:59:00,12,1.25,13396,United Kingdom
575706,2011-11-10 17:13:00,3,1.65,14713,United Kingdom
575706,2011-11-10 17:13:00,3,1.65,14713,United Kingdom
575706,2011-11-10 17:13:00,3,1.65,14713,United Kingdom
575706,2011-11-10 17:13:00,3,1.65,14713,United Kingdom
575706,2011-11-10 17:13:00,3,1.65,14713,United Kingdom
575706,2011-11-10 17:13:00,3,1.65,14713,United Kingdom
575706,2011-11-10 17:13:00,3,1.65,14713,United Kingdom
575706,2011-11-10 17:13:00,6,4.25,14713,United Kingdom
575706,2011-11-10 17:13:00,2,1.95,14713,United Kingdom
575706,2011-11-10 17:13:00,3,1.65,14713,United Kingdom
575706,2011-11-10 17:13:00,2,1.95,14713,United Kingdom
575706,2011-11-10 17:13:00,24,0.39,14713,United Kingdom
575706,2011-11-10 17:13:00,2,6.95,14713,United Kingdom
575706,2011-11-10 17:13:00,3,2.1,14713,United Kingdom
575706,2011-11-10 17:13:00,5,2.1,14713,United Kingdom
575706,2011-11-10 17:13:00,6,2.1,14713,United Kingdom
575706,2011-11-10 17:13:00,12,2.1,14713,United Kingdom
575706,2011-11-10 17:13:00,2,3.75,14713,United Kingdom
575706,2011-11-10 17:13:00,8,1.69,14713,United Kingdom
575706,2011-11-10 17:13:00,6,1.65,14713,United Kingdom
575706,2011-11-10 17:13:00,6,1.65,14713,United Kingdom
575706,2011-11-10 17:13:00,25,0.42,14713,United Kingdom
575706,2011-11-10 17:13:00,25,0.42,14713,United Kingdom
575706,2011-11-10 17:13:00,2,1.95,14713,United Kingdom
575706,2011-11-10 17:13:00,1,4.25,14713,United Kingdom
575706,2011-11-10 17:13:00,3,0.85,14713,United Kingdom
575706,2011-11-10 17:13:00,3,1.65,14713,United Kingdom
575706,2011-11-10 17:13:00,2,2.08,14713,United Kingdom
575706,2011-11-10 17:13:00,2,2.08,14713,United Kingdom
575706,2011-11-10 17:13:00,2,2.08,14713,United Kingdom
575706,2011-11-10 17:13:00,2,2.08,14713,United Kingdom
575706,2011-11-10 17:13:00,2,2.08,14713,United Kingdom
575706,2011-11-10 17:13:00,2,2.08,14713,United Kingdom
575706,2011-11-10 17:13:00,2,2.08,14713,United Kingdom
575706,2011-11-10 17:13:00,2,2.08,14713,United Kingdom
575706,2011-11-10 17:13:00,2,4.95,14713,United Kingdom
575706,2011-11-10 17:13:00,2,2.08,14713,United Kingdom
575706,2011-11-10 17:13:00,2,2.08,14713,United Kingdom
575706,2011-11-10 17:13:00,2,2.08,14713,United Kingdom
575706,2011-11-10 17:13:00,12,0.42,14713,United Kingdom
575706,2011-11-10 17:13:00,12,0.42,14713,United Kingdom
575706,2011-11-10 17:13:00,9,1.65,14713,United Kingdom
575706,2011-11-10 17:13:00,4,2.55,14713,United Kingdom
575706,2011-11-10 17:13:00,2,1.45,14713,United Kingdom
575706,2011-11-10 17:13:00,2,1.45,14713,United Kingdom
575706,2011-11-10 17:13:00,8,1.69,14713,United Kingdom
575706,2011-11-10 17:13:00,3,4.15,14713,United Kingdom
575706,2011-11-10 17:13:00,2,3.75,14713,United Kingdom
575706,2011-11-10 17:13:00,2,2.08,14713,United Kingdom
575706,2011-11-10 17:13:00,3,0.85,14713,United Kingdom
575735,2011-11-11 08:46:00,2,8.25,14156,EIRE
575735,2011-11-11 08:46:00,4,3.75,14156,EIRE
575735,2011-11-11 08:46:00,12,1.45,14156,EIRE
575735,2011-11-11 08:46:00,4,4.15,14156,EIRE
575735,2011-11-11 08:46:00,12,1.65,14156,EIRE
575735,2011-11-11 08:46:00,1,50.0,14156,EIRE
575735,2011-11-11 08:46:00,6,7.95,14156,EIRE
575735,2011-11-11 08:46:00,6,2.95,14156,EIRE
575735,2011-11-11 08:46:00,16,0.65,14156,EIRE
575735,2011-11-11 08:46:00,12,1.65,14156,EIRE
575735,2011-11-11 08:46:00,12,0.65,14156,EIRE
575735,2011-11-11 08:46:00,12,3.95,14156,EIRE
575735,2011-11-11 08:46:00,20,0.42,14156,EIRE
575735,2011-11-11 08:46:00,6,5.95,14156,EIRE
575735,2011-11-11 08:46:00,6,2.95,14156,EIRE
575735,2011-11-11 08:46:00,12,1.25,14156,EIRE
575735,2011-11-11 08:46:00,10,0.79,14156,EIRE
575892,2011-11-11 14:22:00,6,1.25,16332,United Kingdom
575892,2011-11-11 14:22:00,6,1.25,16332,United Kingdom
575892,2011-11-11 14:22:00,4,1.25,16332,United Kingdom
575892,2011-11-11 14:22:00,12,1.65,16332,United Kingdom
575892,2011-11-11 14:22:00,12,1.65,16332,United Kingdom
575892,2011-11-11 14:22:00,24,1.25,16332,United Kingdom
575892,2011-11-11 14:22:00,4,2.89,16332,United Kingdom
575892,2011-11-11 14:22:00,6,2.08,16332,United Kingdom
575892,2011-11-11 14:22:00,4,1.25,16332,United Kingdom
575892,2011-11-11 14:22:00,4,1.65,16332,United Kingdom
575892,2011-11-11 14:22:00,3,1.65,16332,United Kingdom
575892,2011-11-11 14:22:00,3,1.65,16332,United Kingdom
575892,2011-11-11 14:22:00,6,1.65,16332,United Kingdom
575892,2011-11-11 14:22:00,3,1.65,16332,United Kingdom
575892,2011-11-11 14:22:00,12,0.39,16332,United Kingdom
575892,2011-11-11 14:22:00,6,2.08,16332,United Kingdom
575892,2011-11-11 14:22:00,6,2.08,16332,United Kingdom
575892,2011-11-11 14:22:00,6,2.08,16332,United Kingdom
575892,2011-11-11 14:22:00,4,2.55,16332,United Kingdom
575910,2011-11-11 16:05:00,2,1.5,14836,United Kingdom
576395,2011-11-15 10:38:00,6,4.25,16168,United Kingdom
576395,2011-11-15 10:38:00,6,5.95,16168,United Kingdom
576508,2011-11-15 12:02:00,6,1.25,17777,United Kingdom
576508,2011-11-15 12:02:00,6,1.25,17777,United Kingdom
576508,2011-11-15 12:02:00,1,1.25,17777,United Kingdom
576508,2011-11-15 12:02:00,1,1.25,17777,United Kingdom
576508,2011-11-15 12:02:00,1,1.25,17777,United Kingdom
576508,2011-11-15 12:02:00,1,0.29,17777,United Kingdom
576508,2011-11-15 12:02:00,1,0.29,17777,United Kingdom
576508,2011-11-15 12:02:00,1,0.29,17777,United Kingdom
576508,2011-11-15 12:02:00,5,0.85,17777,United Kingdom
576508,2011-11-15 12:02:00,2,0.85,17777,United Kingdom
576508,2011-11-15 12:02:00,2,0.85,17777,United Kingdom
576508,2011-11-15 12:02:00,3,1.25,17777,United Kingdom
576508,2011-11-15 12:02:00,3,1.25,17777,United Kingdom
576508,2011-11-15 12:02:00,3,1.25,17777,United Kingdom
576508,2011-11-15 12:02:00,6,0.29,17777,United Kingdom
576508,2011-11-15 12:02:00,2,0.42,17777,United Kingdom
576508,2011-11-15 12:02:00,4,1.25,17777,United Kingdom
576508,2011-11-15 12:02:00,1,0.83,17777,United Kingdom
576508,2011-11-15 12:02:00,3,1.65,17777,United Kingdom
576508,2011-11-15 12:02:00,6,2.08,17777,United Kingdom
576508,2011-11-15 12:02:00,4,2.95,17777,United Kingdom
576508,2011-11-15 12:02:00,1,1.65,17777,United Kingdom
576508,2011-11-15 12:02:00,2,1.95,17777,United Kingdom
576508,2011-11-15 12:02:00,3,1.95,17777,United Kingdom
576508,2011-11-15 12:02:00,2,1.95,17777,United Kingdom
576508,2011-11-15 12:02:00,2,1.95,17777,United Kingdom
576508,2011-11-15 12:02:00,2,2.08,17777,United Kingdom
576508,2011-11-15 12:02:00,2,2.08,17777,United Kingdom
576508,2011-11-15 12:02:00,2,0.85,17777,United Kingdom
576508,2011-11-15 12:02:00,6,0.39,17777,United Kingdom
576508,2011-11-15 12:02:00,6,0.85,17777,United Kingdom
576508,2011-11-15 12:02:00,3,0.39,17777,United Kingdom
576508,2011-11-15 12:02:00,6,1.25,17777,United Kingdom
576508,2011-11-15 12:02:00,2,0.39,17777,United Kingdom
576508,2011-11-15 12:02:00,1,1.65,17777,United Kingdom
576508,2011-11-15 12:02:00,2,4.95,17777,United Kingdom
576508,2011-11-15 12:02:00,1,3.75,17777,United Kingdom
576508,2011-11-15 12:02:00,6,1.25,17777,United Kingdom
576508,2011-11-15 12:02:00,2,0.19,17777,United Kingdom
576508,2011-11-15 12:02:00,3,1.25,17777,United Kingdom
576508,2011-11-15 12:02:00,7,0.42,17777,United Kingdom
576508,2011-11-15 12:02:00,3,3.75,17777,United Kingdom
576508,2011-11-15 12:02:00,2,2.08,17777,United Kingdom
576508,2011-11-15 12:02:00,2,1.65,17777,United Kingdom
576508,2011-11-15 12:02:00,4,1.25,17777,United Kingdom
576508,2011-11-15 12:02:00,6,0.39,17777,United Kingdom
576508,2011-11-15 12:02:00,4,0.39,17777,United Kingdom
576508,2011-11-15 12:02:00,6,1.25,17777,United Kingdom
576508,2011-11-15 12:02:00,2,2.1,17777,United Kingdom
576508,2011-11-15 12:02:00,3,1.25,17777,United Kingdom
576508,2011-11-15 12:02:00,2,0.83,17777,United Kingdom
576508,2011-11-15 12:02:00,3,0.83,17777,United Kingdom
576508,2011-11-15 12:02:00,4,0.65,17777,United Kingdom
576508,2011-11-15 12:02:00,1,0.39,17777,United Kingdom
576508,2011-11-15 12:02:00,2,1.95,17777,United Kingdom
576508,2011-11-15 12:02:00,1,0.39,17777,United Kingdom
576508,2011-11-15 12:02:00,4,0.39,17777,United Kingdom
576508,2011-11-15 12:02:00,1,0.83,17777,United Kingdom
576508,2011-11-15 12:02:00,1,0.83,17777,United Kingdom
576508,2011-11-15 12:02:00,1,0.83,17777,United Kingdom
576508,2011-11-15 12:02:00,1,0.83,17777,United Kingdom
576508,2011-11-15 12:02:00,4,0.85,17777,United Kingdom
576592,2011-11-15 14:47:00,2,0.12,13614,United Kingdom
576592,2011-11-15 14:47:00,6,0.55,13614,United Kingdom
576592,2011-11-15 14:47:00,2,0.65,13614,United Kingdom
576592,2011-11-15 14:47:00,2,0.12,13614,United Kingdom
576592,2011-11-15 14:47:00,6,0.19,13614,United Kingdom
576592,2011-11-15 14:47:00,7,0.39,13614,United Kingdom
576592,2011-11-15 14:47:00,1,0.42,13614,United Kingdom
576592,2011-11-15 14:47:00,5,0.42,13614,United Kingdom
576592,2011-11-15 14:47:00,1,2.08,13614,United Kingdom
576592,2011-11-15 14:47:00,2,0.65,13614,United Kingdom
576592,2011-11-15 14:47:00,7,2.95,13614,United Kingdom
576592,2011-11-15 14:47:00,2,0.83,13614,United Kingdom
576592,2011-11-15 14:47:00,1,0.83,13614,United Kingdom
576592,2011-11-15 14:47:00,1,4.95,13614,United Kingdom
576592,2011-11-15 14:47:00,2,1.65,13614,United Kingdom
576592,2011-11-15 14:47:00,3,2.55,13614,United Kingdom
576592,2011-11-15 14:47:00,3,2.55,13614,United Kingdom
576592,2011-11-15 14:47:00,1,3.75,13614,United Kingdom
576592,2011-11-15 14:47:00,6,0.55,13614,United Kingdom
576592,2011-11-15 14:47:00,3,0.79,13614,United Kingdom
576592,2011-11-15 14:47:00,2,0.65,13614,United Kingdom
576592,2011-11-15 14:47:00,3,0.55,13614,United Kingdom
576592,2011-11-15 14:47:00,1,12.75,13614,United Kingdom
576592,2011-11-15 14:47:00,3,0.55,13614,United Kingdom
576592,2011-11-15 14:47:00,12,1.65,13614,United Kingdom
576592,2011-11-15 14:47:00,2,8.25,13614,United Kingdom
576592,2011-11-15 14:47:00,3,2.95,13614,United Kingdom
576592,2011-11-15 14:47:00,1,4.95,13614,United Kingdom
576592,2011-11-15 14:47:00,1,2.1,13614,United Kingdom
576592,2011-11-15 14:47:00,1,2.1,13614,United Kingdom
576592,2011-11-15 14:47:00,1,2.1,13614,United Kingdom
576592,2011-11-15 14:47:00,1,2.55,13614,United Kingdom
576592,2011-11-15 14:47:00,1,3.75,13614,United Kingdom
576592,2011-11-15 14:47:00,2,5.95,13614,United Kingdom
576592,2011-11-15 14:47:00,1,8.5,13614,United Kingdom
576592,2011-11-15 14:47:00,2,2.89,13614,United Kingdom
576592,2011-11-15 14:47:00,2,2.95,13614,United Kingdom
576592,2011-11-15 14:47:00,2,2.95,13614,United Kingdom
576592,2011-11-15 14:47:00,1,3.95,13614,United Kingdom
576592,2011-11-15 14:47:00,1,1.25,13614,United Kingdom
576592,2011-11-15 14:47:00,2,6.75,13614,United Kingdom
576592,2011-11-15 14:47:00,1,1.25,13614,United Kingdom
576592,2011-11-15 14:47:00,4,0.55,13614,United Kingdom
576592,2011-11-15 14:47:00,1,0.75,13614,United Kingdom
576592,2011-11-15 14:47:00,1,0.55,13614,United Kingdom
576592,2011-11-15 14:47:00,1,0.85,13614,United Kingdom
576592,2011-11-15 14:47:00,1,4.95,13614,United Kingdom
576592,2011-11-15 14:47:00,3,0.65,13614,United Kingdom
576592,2011-11-15 14:47:00,2,0.83,13614,United Kingdom
576592,2011-11-15 14:47:00,9,1.95,13614,United Kingdom
576592,2011-11-15 14:47:00,1,2.1,13614,United Kingdom
576592,2011-11-15 14:47:00,1,7.85,13614,United Kingdom
576592,2011-11-15 14:47:00,6,0.55,13614,United Kingdom
576592,2011-11-15 14:47:00,1,1.25,13614,United Kingdom
576592,2011-11-15 14:47:00,4,1.95,13614,United Kingdom
576592,2011-11-15 14:47:00,7,2.95,13614,United Kingdom
576592,2011-11-15 14:47:00,2,2.95,13614,United Kingdom
576592,2011-11-15 14:47:00,3,1.25,13614,United Kingdom
576592,2011-11-15 14:47:00,2,1.25,13614,United Kingdom
576592,2011-11-15 14:47:00,6,1.65,13614,United Kingdom
576592,2011-11-15 14:47:00,3,0.65,13614,United Kingdom
576592,2011-11-15 14:47:00,12,1.45,13614,United Kingdom
576592,2011-11-15 14:47:00,2,0.39,13614,United Kingdom
576592,2011-11-15 14:47:00,2,1.95,13614,United Kingdom
576592,2011-11-15 14:47:00,2,1.95,13614,United Kingdom
576592,2011-11-15 14:47:00,1,4.95,13614,United Kingdom
576592,2011-11-15 14:47:00,2,1.25,13614,United Kingdom
576592,2011-11-15 14:47:00,4,2.89,13614,United Kingdom
576592,2011-11-15 14:47:00,2,3.75,13614,United Kingdom
576592,2011-11-15 14:47:00,10,0.79,13614,United Kingdom
576592,2011-11-15 14:47:00,3,1.45,13614,United Kingdom
576592,2011-11-15 14:47:00,2,1.95,13614,United Kingdom
576592,2011-11-15 14:47:00,2,7.5,13614,United Kingdom
576592,2011-11-15 14:47:00,1,8.5,13614,United Kingdom
576592,2011-11-15 14:47:00,1,3.95,13614,United Kingdom
576592,2011-11-15 14:47:00,2,2.1,13614,United Kingdom
576592,2011-11-15 14:47:00,2,3.75,13614,United Kingdom
576592,2011-11-15 14:47:00,2,6.75,13614,United Kingdom
576592,2011-11-15 14:47:00,3,3.95,13614,United Kingdom
576592,2011-11-15 14:47:00,6,0.42,13614,United Kingdom
576592,2011-11-15 14:47:00,2,0.39,13614,United Kingdom
576592,2011-11-15 14:47:00,4,1.69,13614,United Kingdom
576592,2011-11-15 14:47:00,2,0.79,13614,United Kingdom
576592,2011-11-15 14:47:00,3,1.65,13614,United Kingdom
576592,2011-11-15 14:47:00,2,2.1,13614,United Kingdom
576592,2011-11-15 14:47:00,2,5.95,13614,United Kingdom
576592,2011-11-15 14:47:00,2,1.65,13614,United Kingdom
576592,2011-11-15 14:47:00,1,1.25,13614,United Kingdom
576592,2011-11-15 14:47:00,2,2.55,13614,United Kingdom
576592,2011-11-15 14:47:00,1,4.95,13614,United Kingdom
576592,2011-11-15 14:47:00,1,3.75,13614,United Kingdom
576592,2011-11-15 14:47:00,1,3.75,13614,United Kingdom
576592,2011-11-15 14:47:00,3,4.95,13614,United Kingdom
576592,2011-11-15 14:47:00,2,2.1,13614,United Kingdom
576602,2011-11-15 15:20:00,36,2.49,14156,EIRE
576602,2011-11-15 15:20:00,12,1.45,14156,EIRE
576602,2011-11-15 15:20:00,12,1.65,14156,EIRE
576602,2011-11-15 15:20:00,8,4.95,14156,EIRE
576602,2011-11-15 15:20:00,36,3.29,14156,EIRE
576602,2011-11-15 15:20:00,18,3.75,14156,EIRE
576602,2011-11-15 15:20:00,4,5.95,14156,EIRE
576602,2011-11-15 15:20:00,24,3.75,14156,EIRE
576602,2011-11-15 15:20:00,4,20.8,14156,EIRE
576602,2011-11-15 15:20:00,12,5.35,14156,EIRE
576602,2011-11-15 15:20:00,24,2.75,14156,EIRE
576602,2011-11-15 15:20:00,12,3.75,14156,EIRE
576602,2011-11-15 15:20:00,24,4.5,14156,EIRE
576635,2011-11-16 09:32:00,24,4.95,15269,United Kingdom
576635,2011-11-16 09:32:00,2,145.0,15269,United Kingdom
576653,2011-11-16 10:45:00,48,1.45,14156,EIRE
576653,2011-11-16 10:45:00,60,4.15,14156,EIRE
576653,2011-11-16 10:45:00,48,5.39,14156,EIRE
576653,2011-11-16 10:45:00,72,1.06,14156,EIRE
576653,2011-11-16 10:45:00,72,4.25,14156,EIRE
576653,2011-11-16 10:45:00,96,1.45,14156,EIRE
576653,2011-11-16 10:45:00,200,0.36,14156,EIRE
576653,2011-11-16 10:45:00,72,4.25,14156,EIRE
576653,2011-11-16 10:45:00,48,2.55,14156,EIRE
576653,2011-11-16 10:45:00,288,0.36,14156,EIRE
576653,2011-11-16 10:45:00,200,0.36,14156,EIRE
576653,2011-11-16 10:45:00,96,4.25,14156,EIRE
576653,2011-11-16 10:45:00,48,2.49,14156,EIRE
576653,2011-11-16 10:45:00,24,1.25,14156,EIRE
576653,2011-11-16 10:45:00,128,0.72,14156,EIRE
576653,2011-11-16 10:45:00,72,1.45,14156,EIRE
576653,2011-11-16 10:45:00,72,0.72,14156,EIRE
576653,2011-11-16 10:45:00,144,0.72,14156,EIRE
576653,2011-11-16 10:45:00,48,12.75,14156,EIRE
576653,2011-11-16 10:45:00,48,3.75,14156,EIRE
576653,2011-11-16 10:45:00,240,0.42,14156,EIRE
576653,2011-11-16 10:45:00,240,0.42,14156,EIRE
576653,2011-11-16 10:45:00,240,0.42,14156,EIRE
576653,2011-11-16 10:45:00,72,1.69,14156,EIRE
576653,2011-11-16 10:45:00,128,0.72,14156,EIRE
576653,2011-11-16 10:45:00,96,4.15,14156,EIRE
576836,2011-11-16 15:14:00,24,0.42,16191,United Kingdom
576836,2011-11-16 15:14:00,60,1.25,16191,United Kingdom
576836,2011-11-16 15:14:00,60,1.25,16191,United Kingdom
576836,2011-11-16 15:14:00,72,0.55,16191,United Kingdom
576836,2011-11-16 15:14:00,36,1.25,16191,United Kingdom
576836,2011-11-16 15:14:00,8,2.95,16191,United Kingdom
576836,2011-11-16 15:14:00,6,3.75,16191,United Kingdom
576836,2011-11-16 15:14:00,16,0.85,16191,United Kingdom
576836,2011-11-16 15:14:00,6,8.5,16191,United Kingdom
576836,2011-11-16 15:14:00,2,8.5,16191,United Kingdom
576836,2011-11-16 15:14:00,2,8.5,16191,United Kingdom
576836,2011-11-16 15:14:00,12,1.25,16191,United Kingdom
576836,2011-11-16 15:14:00,12,2.95,16191,United Kingdom
576836,2011-11-16 15:14:00,6,3.75,16191,United Kingdom
576878,2011-11-16 16:49:00,12,1.95,18059,United Kingdom
576878,2011-11-16 16:49:00,4,3.95,18059,United Kingdom
576878,2011-11-16 16:49:00,12,1.25,18059,United Kingdom
576878,2011-11-16 16:49:00,12,1.45,18059,United Kingdom
576878,2011-11-16 16:49:00,12,1.25,18059,United Kingdom
577530,2011-11-20 13:48:00,8,2.95,14950,United Kingdom
577530,2011-11-20 13:48:00,2,9.95,14950,United Kingdom
577530,2011-11-20 13:48:00,12,2.55,14950,United Kingdom
577530,2011-11-20 13:48:00,2,9.95,14950,United Kingdom
577530,2011-11-20 13:48:00,2,8.5,14950,United Kingdom
577530,2011-11-20 13:48:00,24,0.29,14950,United Kingdom
577530,2011-11-20 13:48:00,2,9.95,14950,United Kingdom
577530,2011-11-20 13:48:00,2,4.95,14950,United Kingdom
577530,2011-11-20 13:48:00,12,1.69,14950,United Kingdom
577530,2011-11-20 13:48:00,4,3.75,14950,United Kingdom
577530,2011-11-20 13:48:00,12,2.95,14950,United Kingdom
577530,2011-11-20 13:48:00,12,4.15,14950,United Kingdom
577530,2011-11-20 13:48:00,4,3.75,14950,United Kingdom
577530,2011-11-20 13:48:00,4,3.75,14950,United Kingdom
577530,2011-11-20 13:48:00,24,0.29,14950,United Kingdom
577530,2011-11-20 13:48:00,4,3.75,14950,United Kingdom
577530,2011-11-20 13:48:00,2,8.5,14950,United Kingdom
577530,2011-11-20 13:48:00,2,8.5,14950,United Kingdom
577530,2011-11-20 13:48:00,2,8.5,14950,United Kingdom
577556,2011-11-20 15:36:00,4,3.75,13832,United Kingdom
577556,2011-11-20 15:36:00,12,1.45,13832,United Kingdom
577556,2011-11-20 15:36:00,12,1.65,13832,United Kingdom
577771,2011-11-21 15:42:00,10,2.08,16168,United Kingdom
577771,2011-11-21 15:42:00,10,2.08,16168,United Kingdom
577790,2011-11-21 16:35:00,6,1.65,14198,United Kingdom
577790,2011-11-21 16:35:00,1,12.75,14198,United Kingdom
577790,2011-11-21 16:35:00,6,4.15,14198,United Kingdom
577790,2011-11-21 16:35:00,1,19.95,14198,United Kingdom
577790,2011-11-21 16:35:00,6,1.45,14198,United Kingdom
577790,2011-11-21 16:35:00,4,6.95,14198,United Kingdom
577790,2011-11-21 16:35:00,6,1.65,14198,United Kingdom
577790,2011-11-21 16:35:00,4,3.25,14198,United Kingdom
577790,2011-11-21 16:35:00,4,8.95,14198,United Kingdom
577790,2011-11-21 16:35:00,6,1.65,14198,United Kingdom
577811,2011-11-22 08:54:00,12,0.42,16311,United Kingdom
577811,2011-11-22 08:54:00,6,2.08,16311,United Kingdom
577811,2011-11-22 08:54:00,6,3.75,16311,United Kingdom
577811,2011-11-22 08:54:00,6,3.75,16311,United Kingdom
577811,2011-11-22 08:54:00,4,4.95,16311,United Kingdom
577811,2011-11-22 08:54:00,24,0.42,16311,United Kingdom
577811,2011-11-22 08:54:00,12,2.08,16311,United Kingdom
577811,2011-11-22 08:54:00,1,12.75,16311,United Kingdom
577811,2011-11-22 08:54:00,48,0.39,16311,United Kingdom
577811,2011-11-22 08:54:00,12,0.39,16311,United Kingdom
577811,2011-11-22 08:54:00,12,0.65,16311,United Kingdom
577811,2011-11-22 08:54:00,12,1.65,16311,United Kingdom
577811,2011-11-22 08:54:00,12,1.95,16311,United Kingdom
577811,2011-11-22 08:54:00,12,0.85,16311,United Kingdom
578103,2011-11-23 08:42:00,24,1.25,17554,United Kingdom
578103,2011-11-23 08:42:00,12,1.45,17554,United Kingdom
578103,2011-11-23 08:42:00,6,2.95,17554,United Kingdom
578103,2011-11-23 08:42:00,4,3.75,17554,United Kingdom
578103,2011-11-23 08:42:00,6,2.95,17554,United Kingdom
578103,2011-11-23 08:42:00,12,3.75,17554,United Kingdom
578103,2011-11-23 08:42:00,16,1.25,17554,United Kingdom
578103,2011-11-23 08:42:00,72,1.06,17554,United Kingdom
578103,2011-11-23 08:42:00,4,3.75,17554,United Kingdom
578154,2011-11-23 11:30:00,1,1.65,15117,United Kingdom
578174,2011-11-23 11:37:00,12,0.85,13576,United Kingdom
578174,2011-11-23 11:37:00,2,8.25,13576,United Kingdom
578174,2011-11-23 11:37:00,3,5.95,13576,United Kingdom
578174,2011-11-23 11:37:00,10,1.06,13576,United Kingdom
578174,2011-11-23 11:37:00,6,2.95,13576,United Kingdom
578174,2011-11-23 11:37:00,2,16.95,13576,United Kingdom
578174,2011-11-23 11:37:00,12,0.38,13576,United Kingdom
578174,2011-11-23 11:37:00,48,0.39,13576,United Kingdom
578174,2011-11-23 11:37:00,4,5.95,13576,United Kingdom
578174,2011-11-23 11:37:00,6,2.95,13576,United Kingdom
578174,2011-11-23 11:37:00,6,7.95,13576,United Kingdom
578196,2011-11-23 11:43:00,12,6.95,16168,United Kingdom
578533,2011-11-24 14:42:00,4,5.95,17767,United Kingdom
578533,2011-11-24 14:42:00,4,2.95,17767,United Kingdom
578533,2011-11-24 14:42:00,12,2.1,17767,United Kingdom
578533,2011-11-24 14:42:00,10,1.65,17767,United Kingdom
578533,2011-11-24 14:42:00,4,4.25,17767,United Kingdom
578533,2011-11-24 14:42:00,6,2.55,17767,United Kingdom
578533,2011-11-24 14:42:00,12,1.25,17767,United Kingdom
578533,2011-11-24 14:42:00,12,1.25,17767,United Kingdom
578533,2011-11-24 14:42:00,6,2.1,17767,United Kingdom
578533,2011-11-24 14:42:00,8,1.65,17767,United Kingdom
578533,2011-11-24 14:42:00,2,2.95,17767,United Kingdom
578533,2011-11-24 14:42:00,1,8.25,17767,United Kingdom
578533,2011-11-24 14:42:00,10,0.42,17767,United Kingdom
578533,2011-11-24 14:42:00,6,1.25,17767,United Kingdom
578533,2011-11-24 14:42:00,6,3.75,17767,United Kingdom
578533,2011-11-24 14:42:00,6,3.75,17767,United Kingdom
578533,2011-11-24 14:42:00,6,1.06,17767,United Kingdom
578533,2011-11-24 14:42:00,1,3.75,17767,United Kingdom
578533,2011-11-24 14:42:00,6,0.83,17767,United Kingdom
578533,2011-11-24 14:42:00,2,4.15,17767,United Kingdom
578533,2011-11-24 14:42:00,4,2.89,17767,United Kingdom
578679,2011-11-25 08:12:00,12,2.95,15117,United Kingdom
578679,2011-11-25 08:12:00,6,3.75,15117,United Kingdom
578679,2011-11-25 08:12:00,6,3.75,15117,United Kingdom
578679,2011-11-25 08:12:00,6,1.95,15117,United Kingdom
578679,2011-11-25 08:12:00,4,4.25,15117,United Kingdom
578679,2011-11-25 08:12:00,12,2.1,15117,United Kingdom
578679,2011-11-25 08:12:00,10,2.08,15117,United Kingdom
578679,2011-11-25 08:12:00,10,1.65,15117,United Kingdom
578679,2011-11-25 08:12:00,500,0.32,15117,United Kingdom
578679,2011-11-25 08:12:00,2,8.25,15117,United Kingdom
578688,2011-11-25 09:27:00,1,8.5,16719,United Kingdom
578688,2011-11-25 09:27:00,4,1.25,16719,United Kingdom
578688,2011-11-25 09:27:00,5,1.65,16719,United Kingdom
578688,2011-11-25 09:27:00,2,2.55,16719,United Kingdom
578688,2011-11-25 09:27:00,1,3.75,16719,United Kingdom
578688,2011-11-25 09:27:00,2,3.75,16719,United Kingdom
578688,2011-11-25 09:27:00,1,3.75,16719,United Kingdom
578688,2011-11-25 09:27:00,3,2.55,16719,United Kingdom
578688,2011-11-25 09:27:00,3,2.1,16719,United Kingdom
578688,2011-11-25 09:27:00,1,8.95,16719,United Kingdom
578688,2011-11-25 09:27:00,2,4.25,16719,United Kingdom
578688,2011-11-25 09:27:00,1,4.95,16719,United Kingdom
578688,2011-11-25 09:27:00,1,5.95,16719,United Kingdom
578688,2011-11-25 09:27:00,1,9.95,16719,United Kingdom
578688,2011-11-25 09:27:00,1,14.95,16719,United Kingdom
578688,2011-11-25 09:27:00,12,0.39,16719,United Kingdom
578688,2011-11-25 09:27:00,2,6.95,16719,United Kingdom
578688,2011-11-25 09:27:00,25,0.42,16719,United Kingdom
578688,2011-11-25 09:27:00,2,5.75,16719,United Kingdom
578688,2011-11-25 09:27:00,25,0.42,16719,United Kingdom
578688,2011-11-25 09:27:00,36,0.39,16719,United Kingdom
578688,2011-11-25 09:27:00,1,2.95,16719,United Kingdom
578688,2011-11-25 09:27:00,1,2.95,16719,United Kingdom
578688,2011-11-25 09:27:00,25,0.42,16719,United Kingdom
578688,2011-11-25 09:27:00,25,0.42,16719,United Kingdom
578688,2011-11-25 09:27:00,2,4.25,16719,United Kingdom
578688,2011-11-25 09:27:00,1,2.1,16719,United Kingdom
578688,2011-11-25 09:27:00,1,4.25,16719,United Kingdom
578688,2011-11-25 09:27:00,1,4.95,16719,United Kingdom
578688,2011-11-25 09:27:00,1,1.25,16719,United Kingdom
578688,2011-11-25 09:27:00,25,0.42,16719,United Kingdom
578688,2011-11-25 09:27:00,1,1.25,16719,United Kingdom
578688,2011-11-25 09:27:00,1,1.25,16719,United Kingdom
578688,2011-11-25 09:27:00,3,2.1,16719,United Kingdom
578688,2011-11-25 09:27:00,4,2.1,16719,United Kingdom
578688,2011-11-25 09:27:00,1,4.95,16719,United Kingdom
578688,2011-11-25 09:27:00,2,2.95,16719,United Kingdom
578688,2011-11-25 09:27:00,3,6.75,16719,United Kingdom
578688,2011-11-25 09:27:00,5,2.1,16719,United Kingdom
578688,2011-11-25 09:27:00,1,1.25,16719,United Kingdom
578843,2011-11-25 16:13:00,2,1.25,17813,United Kingdom
578843,2011-11-25 16:13:00,2,1.25,17813,United Kingdom
578843,2011-11-25 16:13:00,1,1.65,17813,United Kingdom
578843,2011-11-25 16:13:00,2,1.65,17813,United Kingdom
578843,2011-11-25 16:13:00,2,2.49,17813,United Kingdom
578843,2011-11-25 16:13:00,2,1.65,17813,United Kingdom
578843,2011-11-25 16:13:00,1,4.95,17813,United Kingdom
578843,2011-11-25 16:13:00,1,3.75,17813,United Kingdom
578843,2011-11-25 16:13:00,1,0.39,17813,United Kingdom
578843,2011-11-25 16:13:00,1,0.42,17813,United Kingdom
578843,2011-11-25 16:13:00,1,16.65,17813,United Kingdom
578843,2011-11-25 16:13:00,1,6.25,17813,United Kingdom
578843,2011-11-25 16:13:00,2,4.95,17813,United Kingdom
578843,2011-11-25 16:13:00,2,1.25,17813,United Kingdom
578843,2011-11-25 16:13:00,1,4.95,17813,United Kingdom
578843,2011-11-25 16:13:00,1,1.25,17813,United Kingdom
578843,2011-11-25 16:13:00,2,2.55,17813,United Kingdom
578843,2011-11-25 16:13:00,4,9.95,17813,United Kingdom
578843,2011-11-25 16:13:00,3,1.65,17813,United Kingdom
578843,2011-11-25 16:13:00,2,1.65,17813,United Kingdom
578843,2011-11-25 16:13:00,3,2.08,17813,United Kingdom
578843,2011-11-25 16:13:00,3,0.42,17813,United Kingdom
578843,2011-11-25 16:13:00,1,12.5,17813,United Kingdom
578843,2011-11-25 16:13:00,4,0.85,17813,United Kingdom
578843,2011-11-25 16:13:00,2,3.75,17813,United Kingdom
578843,2011-11-25 16:13:00,2,1.95,17813,United Kingdom
578843,2011-11-25 16:13:00,1,2.89,17813,United Kingdom
578843,2011-11-25 16:13:00,1,3.29,17813,United Kingdom
578843,2011-11-25 16:13:00,1,4.25,17813,United Kingdom
578843,2011-11-25 16:13:00,1,2.1,17813,United Kingdom
578843,2011-11-25 16:13:00,1,2.1,17813,United Kingdom
578843,2011-11-25 16:13:00,1,10.75,17813,United Kingdom
578843,2011-11-25 16:13:00,2,9.95,17813,United Kingdom
579005,2011-11-28 09:08:00,48,3.29,16191,United Kingdom
579005,2011-11-28 09:08:00,96,1.65,16191,United Kingdom
579005,2011-11-28 09:08:00,60,1.25,16191,United Kingdom
579410,2011-11-29 12:45:00,12,2.08,16168,United Kingdom
579410,2011-11-29 12:45:00,12,1.65,16168,United Kingdom
579410,2011-11-29 12:45:00,12,1.65,16168,United Kingdom
579472,2011-11-29 15:09:00,1,2.1,13521,United Kingdom
579472,2011-11-29 15:09:00,1,6.95,13521,United Kingdom
579472,2011-11-29 15:09:00,1,4.95,13521,United Kingdom
579472,2011-11-29 15:09:00,1,1.45,13521,United Kingdom
579472,2011-11-29 15:09:00,1,0.65,13521,United Kingdom
579472,2011-11-29 15:09:00,1,0.65,13521,United Kingdom
579472,2011-11-29 15:09:00,1,2.08,13521,United Kingdom
579472,2011-11-29 15:09:00,1,0.83,13521,United Kingdom
579472,2011-11-29 15:09:00,3,1.65,13521,United Kingdom
579472,2011-11-29 15:09:00,1,1.45,13521,United Kingdom
579472,2011-11-29 15:09:00,1,0.85,13521,United Kingdom
579472,2011-11-29 15:09:00,1,1.65,13521,United Kingdom
579472,2011-11-29 15:09:00,1,0.65,13521,United Kingdom
579472,2011-11-29 15:09:00,1,0.83,13521,United Kingdom
579472,2011-11-29 15:09:00,2,0.39,13521,United Kingdom
579472,2011-11-29 15:09:00,1,1.25,13521,United Kingdom
579472,2011-11-29 15:09:00,2,1.25,13521,United Kingdom
579472,2011-11-29 15:09:00,1,0.85,13521,United Kingdom
579472,2011-11-29 15:09:00,1,2.95,13521,United Kingdom
579472,2011-11-29 15:09:00,1,0.83,13521,United Kingdom
579472,2011-11-29 15:09:00,2,0.65,13521,United Kingdom
579472,2011-11-29 15:09:00,1,0.65,13521,United Kingdom
579472,2011-11-29 15:09:00,1,0.65,13521,United Kingdom
579472,2011-11-29 15:09:00,1,1.65,13521,United Kingdom
579472,2011-11-29 15:09:00,1,1.45,13521,United Kingdom
579472,2011-11-29 15:09:00,1,1.65,13521,United Kingdom
579472,2011-11-29 15:09:00,1,2.89,13521,United Kingdom
579472,2011-11-29 15:09:00,1,3.75,13521,United Kingdom
579472,2011-11-29 15:09:00,1,0.83,13521,United Kingdom
579472,2011-11-29 15:09:00,2,2.08,13521,United Kingdom
579472,2011-11-29 15:09:00,1,3.75,13521,United Kingdom
579472,2011-11-29 15:09:00,1,6.75,13521,United Kingdom
579472,2011-11-29 15:09:00,2,1.65,13521,United Kingdom
579472,2011-11-29 15:09:00,1,3.75,13521,United Kingdom
579472,2011-11-29 15:09:00,1,2.89,13521,United Kingdom
579472,2011-11-29 15:09:00,2,2.1,13521,United Kingdom
579472,2011-11-29 15:09:00,1,1.25,13521,United Kingdom
579472,2011-11-29 15:09:00,1,1.25,13521,United Kingdom
579472,2011-11-29 15:09:00,1,1.25,13521,United Kingdom
579472,2011-11-29 15:09:00,1,1.25,13521,United Kingdom
579472,2011-11-29 15:09:00,2,1.25,13521,United Kingdom
579472,2011-11-29 15:09:00,1,1.65,13521,United Kingdom
579472,2011-11-29 15:09:00,3,0.85,13521,United Kingdom
579472,2011-11-29 15:09:00,1,2.55,13521,United Kingdom
579472,2011-11-29 15:09:00,2,1.25,13521,United Kingdom
579472,2011-11-29 15:09:00,1,3.75,13521,United Kingdom
579472,2011-11-29 15:09:00,1,1.95,13521,United Kingdom
579472,2011-11-29 15:09:00,1,3.75,13521,United Kingdom
579472,2011-11-29 15:09:00,1,2.49,13521,United Kingdom
579472,2011-11-29 15:09:00,4,0.39,13521,United Kingdom
579472,2011-11-29 15:09:00,4,0.38,13521,United Kingdom
579472,2011-11-29 15:09:00,1,4.25,13521,United Kingdom
579472,2011-11-29 15:09:00,1,6.95,13521,United Kingdom
579472,2011-11-29 15:09:00,1,4.95,13521,United Kingdom
579472,2011-11-29 15:09:00,1,0.83,13521,United Kingdom
579472,2011-11-29 15:09:00,1,0.83,13521,United Kingdom
579472,2011-11-29 15:09:00,1,0.83,13521,United Kingdom
579472,2011-11-29 15:09:00,1,0.83,13521,United Kingdom
579472,2011-11-29 15:09:00,1,4.25,13521,United Kingdom
579472,2011-11-29 15:09:00,1,7.95,13521,United Kingdom
579472,2011-11-29 15:09:00,1,1.95,13521,United Kingdom
579472,2011-11-29 15:09:00,1,2.95,13521,United Kingdom
579472,2011-11-29 15:09:00,2,3.75,13521,United Kingdom
579472,2011-11-29 15:09:00,1,3.95,13521,United Kingdom
579472,2011-11-29 15:09:00,2,0.39,13521,United Kingdom
579472,2011-11-29 15:09:00,1,1.25,13521,United Kingdom
579472,2011-11-29 15:09:00,4,0.35,13521,United Kingdom
579472,2011-11-29 15:09:00,2,0.39,13521,United Kingdom
579472,2011-11-29 15:09:00,5,0.39,13521,United Kingdom
579472,2011-11-29 15:09:00,4,0.39,13521,United Kingdom
579472,2011-11-29 15:09:00,1,1.25,13521,United Kingdom
579472,2011-11-29 15:09:00,1,1.25,13521,United Kingdom
579472,2011-11-29 15:09:00,1,1.25,13521,United Kingdom
579472,2011-11-29 15:09:00,1,1.45,13521,United Kingdom
579472,2011-11-29 15:09:00,1,0.85,13521,United Kingdom
579472,2011-11-29 15:09:00,1,1.25,13521,United Kingdom
579472,2011-11-29 15:09:00,2,0.85,13521,United Kingdom
579472,2011-11-29 15:09:00,2,0.63,13521,United Kingdom
579472,2011-11-29 15:09:00,2,1.65,13521,United Kingdom
579472,2011-11-29 15:09:00,1,1.25,13521,United Kingdom
579472,2011-11-29 15:09:00,1,2.08,13521,United Kingdom
579472,2011-11-29 15:09:00,1,0.85,13521,United Kingdom
579472,2011-11-29 15:09:00,1,0.85,13521,United Kingdom
579472,2011-11-29 15:09:00,2,0.85,13521,United Kingdom
579472,2011-11-29 15:09:00,1,4.25,13521,United Kingdom
579472,2011-11-29 15:09:00,1,4.95,13521,United Kingdom
579472,2011-11-29 15:09:00,1,4.95,13521,United Kingdom
579472,2011-11-29 15:09:00,1,2.89,13521,United Kingdom
579472,2011-11-29 15:09:00,2,1.65,13521,United Kingdom
579472,2011-11-29 15:09:00,2,1.65,13521,United Kingdom
579472,2011-11-29 15:09:00,1,5.95,13521,United Kingdom
579472,2011-11-29 15:09:00,2,1.25,13521,United Kingdom
579472,2011-11-29 15:09:00,1,1.65,13521,United Kingdom
579472,2011-11-29 15:09:00,1,1.69,13521,United Kingdom
579472,2011-11-29 15:09:00,4,0.63,13521,United Kingdom
579472,2011-11-29 15:09:00,2,1.25,13521,United Kingdom
579472,2011-11-29 15:09:00,1,3.95,13521,United Kingdom
579472,2011-11-29 15:09:00,1,0.85,13521,United Kingdom
579472,2011-11-29 15:09:00,1,3.75,13521,United Kingdom
579472,2011-11-29 15:09:00,7,0.39,13521,United Kingdom
579472,2011-11-29 15:09:00,1,2.08,13521,United Kingdom
579472,2011-11-29 15:09:00,1,2.08,13521,United Kingdom
579472,2011-11-29 15:09:00,1,1.45,13521,United Kingdom
579472,2011-11-29 15:09:00,2,1.25,13521,United Kingdom
579472,2011-11-29 15:09:00,1,0.83,13521,United Kingdom
579472,2011-11-29 15:09:00,1,2.08,13521,United Kingdom
579472,2011-11-29 15:09:00,1,0.79,13521,United Kingdom
579472,2011-11-29 15:09:00,1,1.45,13521,United Kingdom
579472,2011-11-29 15:09:00,1,0.79,13521,United Kingdom
579472,2011-11-29 15:09:00,1,2.08,13521,United Kingdom
579472,2011-11-29 15:09:00,1,0.39,13521,United Kingdom
579472,2011-11-29 15:09:00,3,0.39,13521,United Kingdom
579472,2011-11-29 15:09:00,1,1.25,13521,United Kingdom
579472,2011-11-29 15:09:00,2,0.65,13521,United Kingdom
579472,2011-11-29 15:09:00,2,0.85,13521,United Kingdom
579472,2011-11-29 15:09:00,1,2.1,13521,United Kingdom
579472,2011-11-29 15:09:00,1,1.95,13521,United Kingdom
579472,2011-11-29 15:09:00,1,3.75,13521,United Kingdom
579472,2011-11-29 15:09:00,1,0.85,13521,United Kingdom
579472,2011-11-29 15:09:00,1,1.25,13521,United Kingdom
579472,2011-11-29 15:09:00,1,1.95,13521,United Kingdom
579472,2011-11-29 15:09:00,1,1.25,13521,United Kingdom
579472,2011-11-29 15:09:00,2,2.55,13521,United Kingdom
579472,2011-11-29 15:09:00,1,1.25,13521,United Kingdom
579472,2011-11-29 15:09:00,1,1.25,13521,United Kingdom
579472,2011-11-29 15:09:00,1,2.89,13521,United Kingdom
579495,2011-11-29 15:34:00,12,0.55,13576,United Kingdom
579495,2011-11-29 15:34:00,12,1.69,13576,United Kingdom
579495,2011-11-29 15:34:00,72,3.39,13576,United Kingdom
579495,2011-11-29 15:34:00,6,2.55,13576,United Kingdom
579495,2011-11-29 15:34:00,6,1.95,13576,United Kingdom
579495,2011-11-29 15:34:00,24,0.29,13576,United Kingdom
579495,2011-11-29 15:34:00,24,0.65,13576,United Kingdom
579495,2011-11-29 15:34:00,24,0.29,13576,United Kingdom
579511,2011-11-29 16:45:00,12,1.95,14836,United Kingdom
579534,2011-11-30 09:33:00,36,1.06,13784,United Kingdom
579553,2011-11-30 10:54:00,6,5.95,14156,EIRE
579553,2011-11-30 10:54:00,2,8.25,14156,EIRE
579553,2011-11-30 10:54:00,2,8.25,14156,EIRE
579553,2011-11-30 10:54:00,2,8.25,14156,EIRE
579553,2011-11-30 10:54:00,12,1.25,14156,EIRE
579553,2011-11-30 10:54:00,64,2.55,14156,EIRE
579553,2011-11-30 10:54:00,12,2.95,14156,EIRE
579553,2011-11-30 10:54:00,2,7.95,14156,EIRE
579553,2011-11-30 10:54:00,4,4.95,14156,EIRE
579553,2011-11-30 10:54:00,3,4.95,14156,EIRE
579553,2011-11-30 10:54:00,12,0.85,14156,EIRE
579553,2011-11-30 10:54:00,36,2.55,14156,EIRE
579553,2011-11-30 10:54:00,6,2.95,14156,EIRE
579553,2011-11-30 10:54:00,24,0.85,14156,EIRE
579553,2011-11-30 10:54:00,2,14.95,14156,EIRE
579553,2011-11-30 10:54:00,12,1.25,14156,EIRE
579553,2011-11-30 10:54:00,25,0.42,14156,EIRE
579553,2011-11-30 10:54:00,6,2.95,14156,EIRE
579553,2011-11-30 10:54:00,12,1.25,14156,EIRE
579553,2011-11-30 10:54:00,2,8.25,14156,EIRE
579553,2011-11-30 10:54:00,12,1.65,14156,EIRE
579553,2011-11-30 10:54:00,12,1.95,14156,EIRE
579553,2011-11-30 10:54:00,1,25.0,14156,EIRE
579553,2011-11-30 10:54:00,12,1.65,14156,EIRE
579553,2011-11-30 10:54:00,6,2.55,14156,EIRE
579553,2011-11-30 10:54:00,6,2.08,14156,EIRE
579553,2011-11-30 10:54:00,25,0.42,14156,EIRE
579553,2011-11-30 10:54:00,12,0.42,14156,EIRE
579553,2011-11-30 10:54:00,12,0.42,14156,EIRE
579553,2011-11-30 10:54:00,4,3.75,14156,EIRE
579553,2011-11-30 10:54:00,6,2.55,14156,EIRE
579837,2011-11-30 16:18:00,20,7.08,12882,United Kingdom
579837,2011-11-30 16:18:00,10,7.08,12882,United Kingdom
579837,2011-11-30 16:18:00,20,7.08,12882,United Kingdom
579837,2011-11-30 16:18:00,10,7.08,12882,United Kingdom
579837,2011-11-30 16:18:00,10,7.08,12882,United Kingdom
579837,2011-11-30 16:18:00,10,7.08,12882,United Kingdom
579837,2011-11-30 16:18:00,20,7.08,12882,United Kingdom
579837,2011-11-30 16:18:00,40,7.08,12882,United Kingdom
579848,2011-11-30 16:23:00,12,1.45,18179,United Kingdom
579848,2011-11-30 16:23:00,12,1.45,18179,United Kingdom
579848,2011-11-30 16:23:00,288,0.21,18179,United Kingdom
579848,2011-11-30 16:23:00,6,2.1,18179,United Kingdom
579848,2011-11-30 16:23:00,36,0.65,18179,United Kingdom
579848,2011-11-30 16:23:00,10,2.08,18179,United Kingdom
579848,2011-11-30 16:23:00,12,1.65,18179,United Kingdom
579848,2011-11-30 16:23:00,6,2.95,18179,United Kingdom
579848,2011-11-30 16:23:00,10,2.08,18179,United Kingdom
579848,2011-11-30 16:23:00,12,0.85,18179,United Kingdom
579854,2011-11-30 16:26:00,6,4.95,14713,United Kingdom
579854,2011-11-30 16:26:00,40,2.55,14713,United Kingdom
579854,2011-11-30 16:26:00,2,7.95,14713,United Kingdom
579854,2011-11-30 16:26:00,12,1.65,14713,United Kingdom
579854,2011-11-30 16:26:00,12,1.65,14713,United Kingdom
579854,2011-11-30 16:26:00,2,2.08,14713,United Kingdom
579854,2011-11-30 16:26:00,2,2.08,14713,United Kingdom
579854,2011-11-30 16:26:00,4,4.25,14713,United Kingdom
579854,2011-11-30 16:26:00,12,0.42,14713,United Kingdom
579854,2011-11-30 16:26:00,4,2.1,14713,United Kingdom
579854,2011-11-30 16:26:00,4,2.1,14713,United Kingdom
579854,2011-11-30 16:26:00,4,1.25,14713,United Kingdom
579854,2011-11-30 16:26:00,4,1.25,14713,United Kingdom
579854,2011-11-30 16:26:00,6,1.25,14713,United Kingdom
579854,2011-11-30 16:26:00,3,4.95,14713,United Kingdom
579854,2011-11-30 16:26:00,12,0.42,14713,United Kingdom
580140,2011-12-02 09:19:00,12,2.08,14895,United Kingdom
580140,2011-12-02 09:19:00,4,5.95,14895,United Kingdom
580140,2011-12-02 09:19:00,4,5.95,14895,United Kingdom
580140,2011-12-02 09:19:00,3,5.95,14895,United Kingdom
580140,2011-12-02 09:19:00,12,2.1,14895,United Kingdom
580140,2011-12-02 09:19:00,6,2.95,14895,United Kingdom
580140,2011-12-02 09:19:00,1,25.0,14895,United Kingdom
580140,2011-12-02 09:19:00,6,2.89,14895,United Kingdom
580140,2011-12-02 09:19:00,1,12.75,14895,United Kingdom
580140,2011-12-02 09:19:00,12,2.95,14895,United Kingdom
580140,2011-12-02 09:19:00,12,1.45,14895,United Kingdom
580140,2011-12-02 09:19:00,8,1.25,14895,United Kingdom
580140,2011-12-02 09:19:00,12,2.95,14895,United Kingdom
580140,2011-12-02 09:19:00,6,2.1,14895,United Kingdom
580140,2011-12-02 09:19:00,6,2.1,14895,United Kingdom
580140,2011-12-02 09:19:00,12,1.25,14895,United Kingdom
580140,2011-12-02 09:19:00,12,1.25,14895,United Kingdom
580140,2011-12-02 09:19:00,12,1.45,14895,United Kingdom
580140,2011-12-02 09:19:00,10,1.65,14895,United Kingdom
580140,2011-12-02 09:19:00,12,1.45,14895,United Kingdom
580140,2011-12-02 09:19:00,48,0.85,14895,United Kingdom
580140,2011-12-02 09:19:00,4,9.95,14895,United Kingdom
580140,2011-12-02 09:19:00,2,9.95,14895,United Kingdom
580140,2011-12-02 09:19:00,6,2.95,14895,United Kingdom
580140,2011-12-02 09:19:00,4,4.15,14895,United Kingdom
580140,2011-12-02 09:19:00,4,4.25,14895,United Kingdom
580140,2011-12-02 09:19:00,2,5.75,14895,United Kingdom
580140,2011-12-02 09:19:00,2,12.5,14895,United Kingdom
580140,2011-12-02 09:19:00,24,1.95,14895,United Kingdom
580140,2011-12-02 09:19:00,6,2.95,14895,United Kingdom
580140,2011-12-02 09:19:00,2,8.5,14895,United Kingdom
580140,2011-12-02 09:19:00,12,0.75,14895,United Kingdom
580140,2011-12-02 09:19:00,24,0.55,14895,United Kingdom
580140,2011-12-02 09:19:00,24,0.55,14895,United Kingdom
580140,2011-12-02 09:19:00,8,1.25,14895,United Kingdom
580140,2011-12-02 09:19:00,24,0.83,14895,United Kingdom
580140,2011-12-02 09:19:00,24,0.83,14895,United Kingdom
580140,2011-12-02 09:19:00,12,1.45,14895,United Kingdom
580140,2011-12-02 09:19:00,3,10.95,14895,United Kingdom
580140,2011-12-02 09:19:00,12,1.45,14895,United Kingdom
580140,2011-12-02 09:19:00,1,16.95,14895,United Kingdom
580140,2011-12-02 09:19:00,10,1.65,14895,United Kingdom
580141,2011-12-02 09:22:00,12,2.1,14895,United Kingdom
580142,2011-12-02 09:23:00,6,2.89,14895,United Kingdom
580142,2011-12-02 09:23:00,6,2.89,14895,United Kingdom
580142,2011-12-02 09:23:00,10,1.65,14895,United Kingdom
580520,2011-12-04 14:55:00,1,0.39,13521,United Kingdom
580520,2011-12-04 14:55:00,2,0.39,13521,United Kingdom
580520,2011-12-04 14:55:00,2,1.95,13521,United Kingdom
580520,2011-12-04 14:55:00,2,0.39,13521,United Kingdom
580520,2011-12-04 14:55:00,4,0.42,13521,United Kingdom
580520,2011-12-04 14:55:00,3,0.79,13521,United Kingdom
580520,2011-12-04 14:55:00,2,0.83,13521,United Kingdom
580520,2011-12-04 14:55:00,2,2.08,13521,United Kingdom
580520,2011-12-04 14:55:00,2,0.85,13521,United Kingdom
580520,2011-12-04 14:55:00,1,4.25,13521,United Kingdom
580520,2011-12-04 14:55:00,1,2.1,13521,United Kingdom
580520,2011-12-04 14:55:00,2,2.55,13521,United Kingdom
580520,2011-12-04 14:55:00,1,0.39,13521,United Kingdom
580520,2011-12-04 14:55:00,2,0.39,13521,United Kingdom
580520,2011-12-04 14:55:00,2,2.1,13521,United Kingdom
580520,2011-12-04 14:55:00,1,1.25,13521,United Kingdom
580520,2011-12-04 14:55:00,1,2.95,13521,United Kingdom
580520,2011-12-04 14:55:00,2,1.25,13521,United Kingdom
580520,2011-12-04 14:55:00,1,2.55,13521,United Kingdom
580520,2011-12-04 14:55:00,4,2.95,13521,United Kingdom
580520,2011-12-04 14:55:00,1,0.79,13521,United Kingdom
580520,2011-12-04 14:55:00,2,0.42,13521,United Kingdom
580520,2011-12-04 14:55:00,1,0.85,13521,United Kingdom
580520,2011-12-04 14:55:00,2,0.85,13521,United Kingdom
580520,2011-12-04 14:55:00,3,0.85,13521,United Kingdom
580520,2011-12-04 14:55:00,1,0.79,13521,United Kingdom
580520,2011-12-04 14:55:00,1,0.83,13521,United Kingdom
580520,2011-12-04 14:55:00,1,1.95,13521,United Kingdom
580520,2011-12-04 14:55:00,3,0.39,13521,United Kingdom
580520,2011-12-04 14:55:00,1,4.15,13521,United Kingdom
580520,2011-12-04 14:55:00,2,1.45,13521,United Kingdom
580520,2011-12-04 14:55:00,1,4.15,13521,United Kingdom
580520,2011-12-04 14:55:00,2,1.25,13521,United Kingdom
580520,2011-12-04 14:55:00,2,0.83,13521,United Kingdom
580520,2011-12-04 14:55:00,1,0.83,13521,United Kingdom
580520,2011-12-04 14:55:00,3,0.83,13521,United Kingdom
580520,2011-12-04 14:55:00,1,1.25,13521,United Kingdom
580520,2011-12-04 14:55:00,2,1.45,13521,United Kingdom
580520,2011-12-04 14:55:00,1,2.08,13521,United Kingdom
580520,2011-12-04 14:55:00,3,1.25,13521,United Kingdom
580520,2011-12-04 14:55:00,1,0.79,13521,United Kingdom
580520,2011-12-04 14:55:00,10,0.39,13521,United Kingdom
580520,2011-12-04 14:55:00,10,0.39,13521,United Kingdom
580520,2011-12-04 14:55:00,5,0.39,13521,United Kingdom
580520,2011-12-04 14:55:00,2,2.08,13521,United Kingdom
580520,2011-12-04 14:55:00,4,0.79,13521,United Kingdom
580520,2011-12-04 14:55:00,4,0.79,13521,United Kingdom
580520,2011-12-04 14:55:00,7,0.79,13521,United Kingdom
580520,2011-12-04 14:55:00,2,0.79,13521,United Kingdom
580520,2011-12-04 14:55:00,2,2.89,13521,United Kingdom
580520,2011-12-04 14:55:00,1,0.79,13521,United Kingdom
580520,2011-12-04 14:55:00,1,0.83,13521,United Kingdom
580520,2011-12-04 14:55:00,2,1.25,13521,United Kingdom
580520,2011-12-04 14:55:00,2,1.69,13521,United Kingdom
580520,2011-12-04 14:55:00,1,2.08,13521,United Kingdom
580520,2011-12-04 14:55:00,2,1.25,13521,United Kingdom
580520,2011-12-04 14:55:00,1,0.83,13521,United Kingdom
580520,2011-12-04 14:55:00,2,1.95,13521,United Kingdom
580520,2011-12-04 14:55:00,2,1.25,13521,United Kingdom
580520,2011-12-04 14:55:00,3,3.75,13521,United Kingdom
580520,2011-12-04 14:55:00,4,0.39,13521,United Kingdom
580520,2011-12-04 14:55:00,2,1.95,13521,United Kingdom
580520,2011-12-04 14:55:00,2,2.08,13521,United Kingdom
580520,2011-12-04 14:55:00,1,2.1,13521,United Kingdom
580520,2011-12-04 14:55:00,2,1.25,13521,United Kingdom
580520,2011-12-04 14:55:00,1,3.75,13521,United Kingdom
580520,2011-12-04 14:55:00,1,0.79,13521,United Kingdom
580520,2011-12-04 14:55:00,5,0.39,13521,United Kingdom
580520,2011-12-04 14:55:00,1,12.75,13521,United Kingdom
580520,2011-12-04 14:55:00,1,0.83,13521,United Kingdom
580520,2011-12-04 14:55:00,1,0.55,13521,United Kingdom
580520,2011-12-04 14:55:00,1,0.85,13521,United Kingdom
580520,2011-12-04 14:55:00,2,0.59,13521,United Kingdom
580520,2011-12-04 14:55:00,1,4.95,13521,United Kingdom
580520,2011-12-04 14:55:00,1,4.95,13521,United Kingdom
580520,2011-12-04 14:55:00,1,5.95,13521,United Kingdom
580520,2011-12-04 14:55:00,2,4.25,13521,United Kingdom
580520,2011-12-04 14:55:00,1,0.55,13521,United Kingdom
580520,2011-12-04 14:55:00,2,3.75,13521,United Kingdom
580520,2011-12-04 14:55:00,1,5.95,13521,United Kingdom
580520,2011-12-04 14:55:00,1,2.1,13521,United Kingdom
580520,2011-12-04 14:55:00,4,1.25,13521,United Kingdom
580520,2011-12-04 14:55:00,1,5.95,13521,United Kingdom
580520,2011-12-04 14:55:00,1,1.45,13521,United Kingdom
580520,2011-12-04 14:55:00,1,3.75,13521,United Kingdom
580520,2011-12-04 14:55:00,4,1.65,13521,United Kingdom
580520,2011-12-04 14:55:00,5,1.65,13521,United Kingdom
580520,2011-12-04 14:55:00,1,9.95,13521,United Kingdom
580520,2011-12-04 14:55:00,1,14.95,13521,United Kingdom
580520,2011-12-04 14:55:00,1,14.95,13521,United Kingdom
580520,2011-12-04 14:55:00,1,8.25,13521,United Kingdom
580520,2011-12-04 14:55:00,1,3.95,13521,United Kingdom
580520,2011-12-04 14:55:00,4,1.25,13521,United Kingdom
580520,2011-12-04 14:55:00,1,1.25,13521,United Kingdom
580520,2011-12-04 14:55:00,2,3.75,13521,United Kingdom
580520,2011-12-04 14:55:00,1,5.95,13521,United Kingdom
580520,2011-12-04 14:55:00,2,1.25,13521,United Kingdom
580520,2011-12-04 14:55:00,1,8.25,13521,United Kingdom
580520,2011-12-04 14:55:00,1,8.25,13521,United Kingdom
580520,2011-12-04 14:55:00,1,1.95,13521,United Kingdom
580520,2011-12-04 14:55:00,1,1.25,13521,United Kingdom
580520,2011-12-04 14:55:00,1,2.1,13521,United Kingdom
580520,2011-12-04 14:55:00,1,2.08,13521,United Kingdom
580520,2011-12-04 14:55:00,2,0.85,13521,United Kingdom
580520,2011-12-04 14:55:00,1,1.65,13521,United Kingdom
580520,2011-12-04 14:55:00,1,1.25,13521,United Kingdom
580520,2011-12-04 14:55:00,2,1.25,13521,United Kingdom
580520,2011-12-04 14:55:00,2,0.85,13521,United Kingdom
580520,2011-12-04 14:55:00,1,1.65,13521,United Kingdom
580520,2011-12-04 14:55:00,2,3.75,13521,United Kingdom
580520,2011-12-04 14:55:00,2,0.85,13521,United Kingdom
580520,2011-12-04 14:55:00,1,1.25,13521,United Kingdom
580520,2011-12-04 14:55:00,1,1.25,13521,United Kingdom
580520,2011-12-04 14:55:00,2,0.19,13521,United Kingdom
580520,2011-12-04 14:55:00,1,1.25,13521,United Kingdom
580520,2011-12-04 14:55:00,1,5.95,13521,United Kingdom
580520,2011-12-04 14:55:00,3,0.39,13521,United Kingdom
580520,2011-12-04 14:55:00,2,1.45,13521,United Kingdom
580520,2011-12-04 14:55:00,1,2.08,13521,United Kingdom
580520,2011-12-04 14:55:00,5,0.12,13521,United Kingdom
580520,2011-12-04 14:55:00,5,0.12,13521,United Kingdom
580520,2011-12-04 14:55:00,2,1.95,13521,United Kingdom
580520,2011-12-04 14:55:00,1,5.95,13521,United Kingdom
580520,2011-12-04 14:55:00,2,5.95,13521,United Kingdom
580520,2011-12-04 14:55:00,1,3.75,13521,United Kingdom
580520,2011-12-04 14:55:00,2,0.83,13521,United Kingdom
580520,2011-12-04 14:55:00,3,2.08,13521,United Kingdom
580651,2011-12-05 13:32:00,6,1.65,16851,United Kingdom
580651,2011-12-05 13:32:00,48,0.42,16851,United Kingdom
580651,2011-12-05 13:32:00,3,4.95,16851,United Kingdom
580651,2011-12-05 13:32:00,12,2.89,16851,United Kingdom
580651,2011-12-05 13:32:00,6,1.95,16851,United Kingdom
580651,2011-12-05 13:32:00,6,1.95,16851,United Kingdom
580685,2011-12-05 15:16:00,2,8.25,17676,United Kingdom
580685,2011-12-05 15:16:00,4,4.25,17676,United Kingdom
580685,2011-12-05 15:16:00,10,1.65,17676,United Kingdom
580685,2011-12-05 15:16:00,10,0.85,17676,United Kingdom
580685,2011-12-05 15:16:00,24,2.1,17676,United Kingdom
580685,2011-12-05 15:16:00,12,2.1,17676,United Kingdom
580685,2011-12-05 15:16:00,24,2.1,17676,United Kingdom
580685,2011-12-05 15:16:00,40,0.83,17676,United Kingdom
580685,2011-12-05 15:16:00,12,1.65,17676,United Kingdom
580685,2011-12-05 15:16:00,12,1.25,17676,United Kingdom
580685,2011-12-05 15:16:00,10,1.65,17676,United Kingdom
580685,2011-12-05 15:16:00,12,0.85,17676,United Kingdom
580685,2011-12-05 15:16:00,12,0.85,17676,United Kingdom
580685,2011-12-05 15:16:00,10,1.65,17676,United Kingdom
580685,2011-12-05 15:16:00,10,1.65,17676,United Kingdom
580685,2011-12-05 15:16:00,12,2.1,17676,United Kingdom
580737,2011-12-06 09:05:00,12,1.45,14140,United Kingdom
580737,2011-12-06 09:05:00,6,2.95,14140,United Kingdom
580737,2011-12-06 09:05:00,12,0.85,14140,United Kingdom
580737,2011-12-06 09:05:00,6,1.95,14140,United Kingdom
580737,2011-12-06 09:05:00,12,1.25,14140,United Kingdom
580737,2011-12-06 09:05:00,6,2.55,14140,United Kingdom
580737,2011-12-06 09:05:00,6,2.55,14140,United Kingdom
580737,2011-12-06 09:05:00,6,2.55,14140,United Kingdom
580737,2011-12-06 09:05:00,6,2.55,14140,United Kingdom
580737,2011-12-06 09:05:00,6,3.75,14140,United Kingdom
580737,2011-12-06 09:05:00,6,2.95,14140,United Kingdom
580737,2011-12-06 09:05:00,4,3.75,14140,United Kingdom
580737,2011-12-06 09:05:00,12,1.25,14140,United Kingdom
580737,2011-12-06 09:05:00,8,2.1,14140,United Kingdom
580737,2011-12-06 09:05:00,12,1.45,14140,United Kingdom
580737,2011-12-06 09:05:00,12,1.25,14140,United Kingdom
580737,2011-12-06 09:05:00,12,1.45,14140,United Kingdom
580737,2011-12-06 09:05:00,12,1.45,14140,United Kingdom
580737,2011-12-06 09:05:00,12,1.65,14140,United Kingdom
580737,2011-12-06 09:05:00,12,1.25,14140,United Kingdom
580737,2011-12-06 09:05:00,12,0.42,14140,United Kingdom
580737,2011-12-06 09:05:00,12,1.25,14140,United Kingdom
580737,2011-12-06 09:05:00,8,1.25,14140,United Kingdom
580737,2011-12-06 09:05:00,24,0.55,14140,United Kingdom
580737,2011-12-06 09:05:00,48,0.19,14140,United Kingdom
580737,2011-12-06 09:05:00,10,1.95,14140,United Kingdom
581068,2011-12-07 11:26:00,80,1.25,16191,United Kingdom
581068,2011-12-07 11:26:00,36,0.55,16191,United Kingdom
581068,2011-12-07 11:26:00,25,0.42,16191,United Kingdom
581068,2011-12-07 11:26:00,12,2.95,16191,United Kingdom
581068,2011-12-07 11:26:00,24,3.29,16191,United Kingdom
581405,2011-12-08 13:50:00,1,0.39,13521,United Kingdom
581405,2011-12-08 13:50:00,1,0.83,13521,United Kingdom
581405,2011-12-08 13:50:00,1,2.1,13521,United Kingdom
581405,2011-12-08 13:50:00,1,0.85,13521,United Kingdom
581405,2011-12-08 13:50:00,1,0.65,13521,United Kingdom
581405,2011-12-08 13:50:00,1,1.45,13521,United Kingdom
581405,2011-12-08 13:50:00,2,1.25,13521,United Kingdom
581405,2011-12-08 13:50:00,2,0.39,13521,United Kingdom
581405,2011-12-08 13:50:00,4,0.39,13521,United Kingdom
581405,2011-12-08 13:50:00,1,1.25,13521,United Kingdom
581405,2011-12-08 13:50:00,1,1.25,13521,United Kingdom
581405,2011-12-08 13:50:00,1,1.25,13521,United Kingdom
581405,2011-12-08 13:50:00,2,1.25,13521,United Kingdom
581405,2011-12-08 13:50:00,1,2.55,13521,United Kingdom
581405,2011-12-08 13:50:00,2,1.25,13521,United Kingdom
581405,2011-12-08 13:50:00,1,3.75,13521,United Kingdom
581405,2011-12-08 13:50:00,1,0.19,13521,United Kingdom
581405,2011-12-08 13:50:00,1,0.79,13521,United Kingdom
581405,2011-12-08 13:50:00,6,0.39,13521,United Kingdom
581405,2011-12-08 13:50:00,2,1.25,13521,United Kingdom
581405,2011-12-08 13:50:00,2,0.39,13521,United Kingdom
581405,2011-12-08 13:50:00,1,0.83,13521,United Kingdom
581405,2011-12-08 13:50:00,1,1.65,13521,United Kingdom
581405,2011-12-08 13:50:00,1,1.25,13521,United Kingdom
581405,2011-12-08 13:50:00,1,1.65,13521,United Kingdom
581405,2011-12-08 13:50:00,4,0.39,13521,United Kingdom
581405,2011-12-08 13:50:00,1,1.95,13521,United Kingdom
581405,2011-12-08 13:50:00,2,1.95,13521,United Kingdom
581405,2011-12-08 13:50:00,1,1.95,13521,United Kingdom
581405,2011-12-08 13:50:00,1,1.95,13521,United Kingdom
581405,2011-12-08 13:50:00,1,0.83,13521,United Kingdom
581405,2011-12-08 13:50:00,1,0.83,13521,United Kingdom
581405,2011-12-08 13:50:00,5,0.12,13521,United Kingdom
581405,2011-12-08 13:50:00,2,0.65,13521,United Kingdom
581405,2011-12-08 13:50:00,2,0.39,13521,United Kingdom
581405,2011-12-08 13:50:00,3,0.42,13521,United Kingdom
581405,2011-12-08 13:50:00,1,5.95,13521,United Kingdom
581405,2011-12-08 13:50:00,1,4.95,13521,United Kingdom
581405,2011-12-08 13:50:00,2,4.95,13521,United Kingdom
581405,2011-12-08 13:50:00,4,4.25,13521,United Kingdom
581405,2011-12-08 13:50:00,2,2.55,13521,United Kingdom
581405,2011-12-08 13:50:00,1,0.83,13521,United Kingdom
581405,2011-12-08 13:50:00,1,0.85,13521,United Kingdom
581405,2011-12-08 13:50:00,1,3.75,13521,United Kingdom
581405,2011-12-08 13:50:00,1,0.65,13521,United Kingdom
581405,2011-12-08 13:50:00,1,1.95,13521,United Kingdom
581405,2011-12-08 13:50:00,2,0.79,13521,United Kingdom
581405,2011-12-08 13:50:00,2,0.79,13521,United Kingdom
581405,2011-12-08 13:50:00,1,1.25,13521,United Kingdom
581405,2011-12-08 13:50:00,1,0.39,13521,United Kingdom
581405,2011-12-08 13:50:00,2,0.83,13521,United Kingdom
581405,2011-12-08 13:50:00,1,3.75,13521,United Kingdom
581405,2011-12-08 13:50:00,2,1.25,13521,United Kingdom
581405,2011-12-08 13:50:00,4,0.39,13521,United Kingdom
581405,2011-12-08 13:50:00,1,0.39,13521,United Kingdom
581405,2011-12-08 13:50:00,1,1.25,13521,United Kingdom
581405,2011-12-08 13:50:00,2,2.08,13521,United Kingdom
581405,2011-12-08 13:50:00,3,0.39,13521,United Kingdom
581405,2011-12-08 13:50:00,2,1.25,13521,United Kingdom
581405,2011-12-08 13:50:00,4,0.42,13521,United Kingdom
581405,2011-12-08 13:50:00,4,0.79,13521,United Kingdom
581405,2011-12-08 13:50:00,2,0.79,13521,United Kingdom
581405,2011-12-08 13:50:00,2,1.25,13521,United Kingdom
581405,2011-12-08 13:50:00,4,0.39,13521,United Kingdom
581405,2011-12-08 13:50:00,2,1.45,13521,United Kingdom
581405,2011-12-08 13:50:00,2,2.55,13521,United Kingdom
581405,2011-12-08 13:50:00,1,0.39,13521,United Kingdom
581405,2011-12-08 13:50:00,1,0.83,13521,United Kingdom
581405,2011-12-08 13:50:00,2,0.55,13521,United Kingdom
581405,2011-12-08 13:50:00,1,1.65,13521,United Kingdom
581405,2011-12-08 13:50:00,1,1.25,13521,United Kingdom
581405,2011-12-08 13:50:00,1,1.95,13521,United Kingdom
581405,2011-12-08 13:50:00,1,0.79,13521,United Kingdom
581405,2011-12-08 13:50:00,1,0.65,13521,United Kingdom
581405,2011-12-08 13:50:00,1,0.65,13521,United Kingdom
581405,2011-12-08 13:50:00,1,1.65,13521,United Kingdom
581405,2011-12-08 13:50:00,1,0.79,13521,United Kingdom
581405,2011-12-08 13:50:00,1,1.95,13521,United Kingdom
581405,2011-12-08 13:50:00,1,2.95,13521,United Kingdom
581405,2011-12-08 13:50:00,2,0.79,13521,United Kingdom
581405,2011-12-08 13:50:00,4,0.39,13521,United Kingdom
581405,2011-12-08 13:50:00,1,0.42,13521,United Kingdom
581405,2011-12-08 13:50:00,1,1.69,13521,United Kingdom
581405,2011-12-08 13:50:00,2,0.79,13521,United Kingdom
581405,2011-12-08 13:50:00,1,0.19,13521,United Kingdom
581405,2011-12-08 13:50:00,3,0.85,13521,United Kingdom
581405,2011-12-08 13:50:00,2,0.79,13521,United Kingdom
581405,2011-12-08 13:50:00,2,1.65,13521,United Kingdom
581405,2011-12-08 13:50:00,1,0.79,13521,United Kingdom
581405,2011-12-08 13:50:00,2,1.25,13521,United Kingdom
581405,2011-12-08 13:50:00,1,1.65,13521,United Kingdom
581405,2011-12-08 13:50:00,2,1.65,13521,United Kingdom
581405,2011-12-08 13:50:00,1,4.95,13521,United Kingdom
581405,2011-12-08 13:50:00,1,1.65,13521,United Kingdom
581405,2011-12-08 13:50:00,1,0.29,13521,United Kingdom
581405,2011-12-08 13:50:00,2,0.42,13521,United Kingdom
581405,2011-12-08 13:50:00,2,0.19,13521,United Kingdom
581405,2011-12-08 13:50:00,2,0.19,13521,United Kingdom
581405,2011-12-08 13:50:00,1,0.19,13521,United Kingdom
581405,2011-12-08 13:50:00,1,0.42,13521,United Kingdom
581405,2011-12-08 13:50:00,3,0.42,13521,United Kingdom
581405,2011-12-08 13:50:00,1,2.1,13521,United Kingdom
581405,2011-12-08 13:50:00,1,0.79,13521,United Kingdom
581405,2011-12-08 13:50:00,1,1.25,13521,United Kingdom
581405,2011-12-08 13:50:00,2,1.95,13521,United Kingdom
581405,2011-12-08 13:50:00,1,0.29,13521,United Kingdom
581405,2011-12-08 13:50:00,1,0.29,13521,United Kingdom
581405,2011-12-08 13:50:00,2,0.85,13521,United Kingdom
581405,2011-12-08 13:50:00,1,0.85,13521,United Kingdom
581405,2011-12-08 13:50:00,1,2.95,13521,United Kingdom
581405,2011-12-08 13:50:00,1,1.25,13521,United Kingdom
581405,2011-12-08 13:50:00,1,0.85,13521,United Kingdom
581405,2011-12-08 13:50:00,2,1.65,13521,United Kingdom
581405,2011-12-08 13:50:00,1,0.39,13521,United Kingdom
581405,2011-12-08 13:50:00,2,0.65,13521,United Kingdom
581405,2011-12-08 13:50:00,1,3.75,13521,United Kingdom
581405,2011-12-08 13:50:00,3,0.42,13521,United Kingdom
581405,2011-12-08 13:50:00,1,3.95,13521,United Kingdom
581405,2011-12-08 13:50:00,1,5.95,13521,United Kingdom
581405,2011-12-08 13:50:00,1,5.95,13521,United Kingdom
581405,2011-12-08 13:50:00,1,3.25,13521,United Kingdom
581405,2011-12-08 13:50:00,1,6.75,13521,United Kingdom
581405,2011-12-08 13:50:00,8,2.08,13521,United Kingdom
581405,2011-12-08 13:50:00,1,0.39,13521,United Kingdom
581405,2011-12-08 13:50:00,3,0.39,13521,United Kingdom
581405,2011-12-08 13:50:00,2,0.85,13521,United Kingdom
581405,2011-12-08 13:50:00,1,1.25,13521,United Kingdom
581405,2011-12-08 13:50:00,3,0.39,13521,United Kingdom
581405,2011-12-08 13:50:00,2,0.39,13521,United Kingdom
581405,2011-12-08 13:50:00,2,0.42,13521,United Kingdom
581405,2011-12-08 13:50:00,2,0.42,13521,United Kingdom
581405,2011-12-08 13:50:00,1,1.25,13521,United Kingdom
581405,2011-12-08 13:50:00,1,1.25,13521,United Kingdom
581405,2011-12-08 13:50:00,2,0.55,13521,United Kingdom
581405,2011-12-08 13:50:00,1,0.85,13521,United Kingdom
581405,2011-12-08 13:50:00,4,0.39,13521,United Kingdom
581405,2011-12-08 13:50:00,4,0.39,13521,United Kingdom
581405,2011-12-08 13:50:00,1,0.79,13521,United Kingdom
581405,2011-12-08 13:50:00,1,1.25,13521,United Kingdom
581405,2011-12-08 13:50:00,1,0.85,13521,United Kingdom
581405,2011-12-08 13:50:00,1,2.89,13521,United Kingdom
581405,2011-12-08 13:50:00,1,1.25,13521,United Kingdom
581405,2011-12-08 13:50:00,1,1.25,13521,United Kingdom
581405,2011-12-08 13:50:00,2,0.85,13521,United Kingdom
581405,2011-12-08 13:50:00,1,0.79,13521,United Kingdom
581405,2011-12-08 13:50:00,2,1.25,13521,United Kingdom
581405,2011-12-08 13:50:00,1,2.08,13521,United Kingdom
581405,2011-12-08 13:50:00,2,1.65,13521,United Kingdom
581405,2011-12-08 13:50:00,2,0.85,13521,United Kingdom
581405,2011-12-08 13:50:00,1,0.39,13521,United Kingdom
581405,2011-12-08 13:50:00,1,0.85,13521,United Kingdom
581405,2011-12-08 13:50:00,1,1.25,13521,United Kingdom
581405,2011-12-08 13:50:00,1,0.39,13521,United Kingdom
581405,2011-12-08 13:50:00,2,1.25,13521,United Kingdom
581405,2011-12-08 13:50:00,5,0.85,13521,United Kingdom
581405,2011-12-08 13:50:00,1,0.55,13521,United Kingdom
581405,2011-12-08 13:50:00,1,0.55,13521,United Kingdom
581405,2011-12-08 13:50:00,2,1.25,13521,United Kingdom
581405,2011-12-08 13:50:00,1,1.25,13521,United Kingdom
581405,2011-12-08 13:50:00,1,1.69,13521,United Kingdom
581405,2011-12-08 13:50:00,1,0.55,13521,United Kingdom
581405,2011-12-08 13:50:00,1,0.42,13521,United Kingdom
581405,2011-12-08 13:50:00,3,1.69,13521,United Kingdom
581405,2011-12-08 13:50:00,2,1.25,13521,United Kingdom
581405,2011-12-08 13:50:00,1,8.25,13521,United Kingdom
581405,2011-12-08 13:50:00,1,4.25,13521,United Kingdom
581405,2011-12-08 13:50:00,1,1.25,13521,United Kingdom
581405,2011-12-08 13:50:00,1,1.95,13521,United Kingdom
581405,2011-12-08 13:50:00,1,0.65,13521,United Kingdom
581405,2011-12-08 13:50:00,1,0.85,13521,United Kingdom
581405,2011-12-08 13:50:00,2,1.65,13521,United Kingdom
581405,2011-12-08 13:50:00,1,1.95,13521,United Kingdom
581405,2011-12-08 13:50:00,1,1.25,13521,United Kingdom
581405,2011-12-08 13:50:00,1,3.25,13521,United Kingdom
581405,2011-12-08 13:50:00,2,0.39,13521,United Kingdom
581405,2011-12-08 13:50:00,1,0.21,13521,United Kingdom
581405,2011-12-08 13:50:00,1,0.19,13521,United Kingdom
581405,2011-12-08 13:50:00,2,1.25,13521,United Kingdom
581405,2011-12-08 13:50:00,3,0.83,13521,United Kingdom
581405,2011-12-08 13:50:00,1,3.25,13521,United Kingdom
581405,2011-12-08 13:50:00,2,0.85,13521,United Kingdom
581405,2011-12-08 13:50:00,1,0.65,13521,United Kingdom
581405,2011-12-08 13:50:00,2,1.45,13521,United Kingdom
581411,2011-12-08 14:15:00,10,0.85,17554,United Kingdom
581411,2011-12-08 14:15:00,12,1.65,17554,United Kingdom
581411,2011-12-08 14:15:00,4,3.75,17554,United Kingdom
581411,2011-12-08 14:15:00,16,3.75,17554,United Kingdom
581411,2011-12-08 14:15:00,20,3.75,17554,United Kingdom
581411,2011-12-08 14:15:00,16,3.75,17554,United Kingdom
581413,2011-12-08 14:39:00,6,8.5,16833,United Kingdom
581413,2011-12-08 14:39:00,12,2.1,16833,United Kingdom
581413,2011-12-08 14:39:00,4,5.75,16833,United Kingdom
581413,2011-12-08 14:39:00,10,1.65,16833,United Kingdom
581413,2011-12-08 14:39:00,4,4.95,16833,United Kingdom
581413,2011-12-08 14:39:00,10,2.08,16833,United Kingdom
581413,2011-12-08 14:39:00,10,1.65,16833,United Kingdom
581413,2011-12-08 14:39:00,12,5.39,16833,United Kingdom
581413,2011-12-08 14:39:00,4,5.95,16833,United Kingdom
581413,2011-12-08 14:39:00,4,5.95,16833,United Kingdom
581413,2011-12-08 14:39:00,24,3.39,16833,United Kingdom
581413,2011-12-08 14:39:00,4,3.75,16833,United Kingdom
581413,2011-12-08 14:39:00,10,2.08,16833,United Kingdom
581413,2011-12-08 14:39:00,10,1.65,16833,United Kingdom
581413,2011-12-08 14:39:00,10,1.65,16833,United Kingdom
581428,2011-12-08 15:37:00,6,2.89,13404,United Kingdom
581428,2011-12-08 15:37:00,6,2.89,13404,United Kingdom
